agent_id,day,home_id,phase,susceptibility,immunity_strength,state,state_code,is_mobile,viral_load,infection_day,days_since_infection,immunity_is_strong,immunity_is_medium,immunity_is_low,immunity_is_compromised,route_centroid_x,route_centroid_y,route_radius_mean,route_radius_max,route_step_distance_mean,route_step_distance_max,case_index,seed,susceptibility_min,susceptibility_max,sim_days,baseline_final_attack_rate,baseline_peak_infected,baseline_peak_day,intervention_final_attack_rate,intervention_final_susceptible,intervention_peak_infected,intervention_peak_day,attack_rate_reduction,baseline_is_outbreak,intervention_is_outbreak,prevented_outbreak
0,0,46,9,1.3028761583314608,medium,susceptible,0,1,0.0,-1,-1,0,1,0,0,29.3,27.2,17.38828792659215,27.97016267382083,25.062889596954314,55.60575509783138,7,18,1.302,1.303,60,0.612,167,57,0.612,194,167,57,0.0,1,1,0
0,1,46,9,1.3028761583314608,medium,susceptible,0,1,0.0,-1,-1,0,1,0,0,29.3,27.2,17.38828792659215,27.97016267382083,25.062889596954314,55.60575509783138,7,18,1.302,1.303,60,0.612,167,57,0.612,194,167,57,0.0,1,1,0
0,2,46,9,1.3028761583314608,medium,susceptible,0,1,0.0,-1,-1,0,1,0,0,29.3,27.2,17.38828792659215,27.97016267382083,25.062889596954314,55.60575509783138,7,18,1.302,1.303,60,0.612,167,57,0.612,194,167,57,0.0,1,1,0
0,3,46,9,1.3028761583314608,medium,susceptible,0,1,0.0,-1,-1,0,1,0,0,29.3,27.2,17.38828792659215,27.97016267382083,25.062889596954314,55.60575509783138,7,18,1.302,1.303,60,0.612,167,57,0.612,194,167,57,0.0,1,1,0
0,4,46,9,1.3028761583314608,medium,susceptible,0,1,0.0,-1,-1,0,1,0,0,29.3,27.2,17.38828792659215,27.97016267382083,25.062889596954314,55.60575509783138,7,18,1.302,1.303,60,0.612,167,57,0.612,194,167,57,0.0,1,1,0
0,5,46,9,1.3028761583314608,medium,susceptible,0,1,0.0,-1,-1,0,1,0,0,29.3,27.2,17.38828792659215,27.97016267382083,25.062889596954314,55.60575509783138,7,18,1.302,1.303,60,0.612,167,57,0.612,194,167,57,0.0,1,1,0
0,6,46,9,1.3028761583314608,medium,susceptible,0,1,0.0,-1,-1,0,1,0,0,29.3,27.2,17.38828792659215,27.97016267382083,25.062889596954314,55.60575509783138,7,18,1.302,1.303,60,0.612,167,57,0.612,194,167,57,0.0,1,1,0
0,7,46,9,1.3028761583314608,medium,susceptible,0,1,0.0,-1,-1,0,1,0,0,29.3,27.2,17.38828792659215,27.97016267382083,25.062889596954314,55.60575509783138,7,18,1.302,1.303,60,0.612,167,57,0.612,194,167,57,0.0,1,1,0
0,8,46,9,1.3028761583314608,medium,susceptible,0,1,0.0,-1,-1,0,1,0,0,29.3,27.2,17.38828792659215,27.97016267382083,25.062889596954314,55.60575509783138,7,18,1.302,1.303,60,0.612,167,57,0.612,194,167,57,0.0,1,1,0
0,9,46,9,1.3028761583314608,medium,susceptible,0,1,0.0,-1,-1,0,1,0,0,29.3,27.2,17.38828792659215,27.97016267382083,25.062889596954314,55.60575509783138,7,18,1.302,1.303,60,0.612,167,57,0.612,194,167,57,0.0,1,1,0
0,10,46,9,1.3028761583314608,medium,susceptible,0,1,0.0,-1,-1,0,1,0,0,29.3,27.2,17.38828792659215,27.97016267382083,25.062889596954314,55.60575509783138,7,18,1.302,1.303,60,0.612,167,57,0.612,194,167,57,0.0,1,1,0
0,11,46,9,1.3028761583314608,medium,susceptible,0,1,0.0,-1,-1,0,1,0,0,29.3,27.2,17.38828792659215,27.97016267382083,25.062889596954314,55.60575509783138,7,18,1.302,1.303,60,0.612,167,57,0.612,194,167,57,0.0,1,1,0
0,12,46,9,1.3028761583314608,medium,susceptible,0,1,0.0,-1,-1,0,1,0,0,29.3,27.2,17.38828792659215,27.97016267382083,25.062889596954314,55.60575509783138,7,18,1.302,1.303,60,0.612,167,57,0.612,194,167,57,0.0,1,1,0
0,13,46,9,1.3028761583314608,medium,susceptible,0,1,0.0,-1,-1,0,1,0,0,29.3,27.2,17.38828792659215,27.97016267382083,25.062889596954314,55.60575509783138,7,18,1.302,1.303,60,0.612,167,57,0.612,194,167,57,0.0,1,1,0
0,14,46,9,1.3028761583314608,medium,susceptible,0,1,0.0,-1,-1,0,1,0,0,29.3,27.2,17.38828792659215,27.97016267382083,25.062889596954314,55.60575509783138,7,18,1.302,1.303,60,0.612,167,57,0.612,194,167,57,0.0,1,1,0
0,15,46,9,1.3028761583314608,medium,susceptible,0,1,0.0,-1,-1,0,1,0,0,29.3,27.2,17.38828792659215,27.97016267382083,25.062889596954314,55.60575509783138,7,18,1.302,1.303,60,0.612,167,57,0.612,194,167,57,0.0,1,1,0
0,16,46,9,1.3028761583314608,medium,susceptible,0,1,0.0,-1,-1,0,1,0,0,29.3,27.2,17.38828792659215,27.97016267382083,25.062889596954314,55.60575509783138,7,18,1.302,1.303,60,0.612,167,57,0.612,194,167,57,0.0,1,1,0
0,17,46,9,1.3028761583314608,medium,susceptible,0,1,0.0,-1,-1,0,1,0,0,29.3,27.2,17.38828792659215,27.97016267382083,25.062889596954314,55.60575509783138,7,18,1.302,1.303,60,0.612,167,57,0.612,194,167,57,0.0,1,1,0
0,18,46,9,1.3028761583314608,medium,susceptible,0,1,0.0,-1,-1,0,1,0,0,29.3,27.2,17.38828792659215,27.97016267382083,25.062889596954314,55.60575509783138,7,18,1.302,1.303,60,0.612,167,57,0.612,194,167,57,0.0,1,1,0
0,19,46,9,1.3028761583314608,medium,susceptible,0,1,0.0,-1,-1,0,1,0,0,29.3,27.2,17.38828792659215,27.97016267382083,25.062889596954314,55.60575509783138,7,18,1.302,1.303,60,0.612,167,57,0.612,194,167,57,0.0,1,1,0
0,20,46,9,1.3028761583314608,medium,susceptible,0,1,0.0,-1,-1,0,1,0,0,29.3,27.2,17.38828792659215,27.97016267382083,25.062889596954314,55.60575509783138,7,18,1.302,1.303,60,0.612,167,57,0.612,194,167,57,0.0,1,1,0
0,21,46,9,1.3028761583314608,medium,susceptible,0,1,0.0,-1,-1,0,1,0,0,29.3,27.2,17.38828792659215,27.97016267382083,25.062889596954314,55.60575509783138,7,18,1.302,1.303,60,0.612,167,57,0.612,194,167,57,0.0,1,1,0
0,22,46,9,1.3028761583314608,medium,susceptible,0,1,0.0,-1,-1,0,1,0,0,29.3,27.2,17.38828792659215,27.97016267382083,25.062889596954314,55.60575509783138,7,18,1.302,1.303,60,0.612,167,57,0.612,194,167,57,0.0,1,1,0
0,23,46,9,1.3028761583314608,medium,susceptible,0,1,0.0,-1,-1,0,1,0,0,29.3,27.2,17.38828792659215,27.97016267382083,25.062889596954314,55.60575509783138,7,18,1.302,1.303,60,0.612,167,57,0.612,194,167,57,0.0,1,1,0
0,24,46,9,1.3028761583314608,medium,susceptible,0,1,0.0,-1,-1,0,1,0,0,29.3,27.2,17.38828792659215,27.97016267382083,25.062889596954314,55.60575509783138,7,18,1.302,1.303,60,0.612,167,57,0.612,194,167,57,0.0,1,1,0
0,25,46,9,1.3028761583314608,medium,susceptible,0,1,0.0,-1,-1,0,1,0,0,29.3,27.2,17.38828792659215,27.97016267382083,25.062889596954314,55.60575509783138,7,18,1.302,1.303,60,0.612,167,57,0.612,194,167,57,0.0,1,1,0
0,26,46,9,1.3028761583314608,medium,susceptible,0,1,0.0,-1,-1,0,1,0,0,29.3,27.2,17.38828792659215,27.97016267382083,25.062889596954314,55.60575509783138,7,18,1.302,1.303,60,0.612,167,57,0.612,194,167,57,0.0,1,1,0
0,27,46,9,1.3028761583314608,medium,susceptible,0,1,0.0,-1,-1,0,1,0,0,29.3,27.2,17.38828792659215,27.97016267382083,25.062889596954314,55.60575509783138,7,18,1.302,1.303,60,0.612,167,57,0.612,194,167,57,0.0,1,1,0
0,28,46,9,1.3028761583314608,medium,susceptible,0,1,0.0,-1,-1,0,1,0,0,29.3,27.2,17.38828792659215,27.97016267382083,25.062889596954314,55.60575509783138,7,18,1.302,1.303,60,0.612,167,57,0.612,194,167,57,0.0,1,1,0
0,29,46,9,1.3028761583314608,medium,susceptible,0,1,0.0,-1,-1,0,1,0,0,29.3,27.2,17.38828792659215,27.97016267382083,25.062889596954314,55.60575509783138,7,18,1.302,1.303,60,0.612,167,57,0.612,194,167,57,0.0,1,1,0
0,30,46,9,1.3028761583314608,medium,susceptible,0,1,0.0,-1,-1,0,1,0,0,29.3,27.2,17.38828792659215,27.97016267382083,25.062889596954314,55.60575509783138,7,18,1.302,1.303,60,0.612,167,57,0.612,194,167,57,0.0,1,1,0
0,31,46,9,1.3028761583314608,medium,susceptible,0,1,0.0,-1,-1,0,1,0,0,29.3,27.2,17.38828792659215,27.97016267382083,25.062889596954314,55.60575509783138,7,18,1.302,1.303,60,0.612,167,57,0.612,194,167,57,0.0,1,1,0
0,32,46,9,1.3028761583314608,medium,susceptible,0,1,0.0,-1,-1,0,1,0,0,29.3,27.2,17.38828792659215,27.97016267382083,25.062889596954314,55.60575509783138,7,18,1.302,1.303,60,0.612,167,57,0.612,194,167,57,0.0,1,1,0
0,33,46,9,1.3028761583314608,medium,susceptible,0,1,0.0,-1,-1,0,1,0,0,29.3,27.2,17.38828792659215,27.97016267382083,25.062889596954314,55.60575509783138,7,18,1.302,1.303,60,0.612,167,57,0.612,194,167,57,0.0,1,1,0
0,34,46,9,1.3028761583314608,medium,susceptible,0,1,0.0,-1,-1,0,1,0,0,29.3,27.2,17.38828792659215,27.97016267382083,25.062889596954314,55.60575509783138,7,18,1.302,1.303,60,0.612,167,57,0.612,194,167,57,0.0,1,1,0
0,35,46,9,1.3028761583314608,medium,susceptible,0,1,0.0,-1,-1,0,1,0,0,29.3,27.2,17.38828792659215,27.97016267382083,25.062889596954314,55.60575509783138,7,18,1.302,1.303,60,0.612,167,57,0.612,194,167,57,0.0,1,1,0
0,36,46,9,1.3028761583314608,medium,susceptible,0,1,0.0,-1,-1,0,1,0,0,29.3,27.2,17.38828792659215,27.97016267382083,25.062889596954314,55.60575509783138,7,18,1.302,1.303,60,0.612,167,57,0.612,194,167,57,0.0,1,1,0
0,37,46,9,1.3028761583314608,medium,susceptible,0,1,0.0,-1,-1,0,1,0,0,29.3,27.2,17.38828792659215,27.97016267382083,25.062889596954314,55.60575509783138,7,18,1.302,1.303,60,0.612,167,57,0.612,194,167,57,0.0,1,1,0
0,38,46,9,1.3028761583314608,medium,susceptible,0,1,0.0,-1,-1,0,1,0,0,29.3,27.2,17.38828792659215,27.97016267382083,25.062889596954314,55.60575509783138,7,18,1.302,1.303,60,0.612,167,57,0.612,194,167,57,0.0,1,1,0
0,39,46,9,1.3028761583314608,medium,susceptible,0,1,0.0,-1,-1,0,1,0,0,29.3,27.2,17.38828792659215,27.97016267382083,25.062889596954314,55.60575509783138,7,18,1.302,1.303,60,0.612,167,57,0.612,194,167,57,0.0,1,1,0
1,0,31,4,1.3024286067660187,low,susceptible,0,1,0.0,-1,-1,0,0,1,0,26.0,23.5,16.697556678496376,32.973474187595095,17.772961368550312,26.1725046566048,7,18,1.302,1.303,60,0.612,167,57,0.612,194,167,57,0.0,1,1,0
1,1,31,4,1.3024286067660187,low,susceptible,0,1,0.0,-1,-1,0,0,1,0,26.0,23.5,16.697556678496376,32.973474187595095,17.772961368550312,26.1725046566048,7,18,1.302,1.303,60,0.612,167,57,0.612,194,167,57,0.0,1,1,0
1,2,31,4,1.3024286067660187,low,susceptible,0,1,0.0,-1,-1,0,0,1,0,26.0,23.5,16.697556678496376,32.973474187595095,17.772961368550312,26.1725046566048,7,18,1.302,1.303,60,0.612,167,57,0.612,194,167,57,0.0,1,1,0
1,3,31,4,1.3024286067660187,low,susceptible,0,1,0.0,-1,-1,0,0,1,0,26.0,23.5,16.697556678496376,32.973474187595095,17.772961368550312,26.1725046566048,7,18,1.302,1.303,60,0.612,167,57,0.612,194,167,57,0.0,1,1,0
1,4,31,4,1.3024286067660187,low,susceptible,0,1,0.0,-1,-1,0,0,1,0,26.0,23.5,16.697556678496376,32.973474187595095,17.772961368550312,26.1725046566048,7,18,1.302,1.303,60,0.612,167,57,0.612,194,167,57,0.0,1,1,0
1,5,31,4,1.3024286067660187,low,susceptible,0,1,0.0,-1,-1,0,0,1,0,26.0,23.5,16.697556678496376,32.973474187595095,17.772961368550312,26.1725046566048,7,18,1.302,1.303,60,0.612,167,57,0.612,194,167,57,0.0,1,1,0
1,6,31,4,1.3024286067660187,low,susceptible,0,1,0.0,-1,-1,0,0,1,0,26.0,23.5,16.697556678496376,32.973474187595095,17.772961368550312,26.1725046566048,7,18,1.302,1.303,60,0.612,167,57,0.612,194,167,57,0.0,1,1,0
1,7,31,4,1.3024286067660187,low,susceptible,0,1,0.0,-1,-1,0,0,1,0,26.0,23.5,16.697556678496376,32.973474187595095,17.772961368550312,26.1725046566048,7,18,1.302,1.303,60,0.612,167,57,0.612,194,167,57,0.0,1,1,0
1,8,31,4,1.3024286067660187,low,susceptible,0,1,0.0,-1,-1,0,0,1,0,26.0,23.5,16.697556678496376,32.973474187595095,17.772961368550312,26.1725046566048,7,18,1.302,1.303,60,0.612,167,57,0.612,194,167,57,0.0,1,1,0
1,9,31,4,1.3024286067660187,low,susceptible,0,1,0.0,-1,-1,0,0,1,0,26.0,23.5,16.697556678496376,32.973474187595095,17.772961368550312,26.1725046566048,7,18,1.302,1.303,60,0.612,167,57,0.612,194,167,57,0.0,1,1,0
1,10,31,4,1.3024286067660187,low,susceptible,0,1,0.0,-1,-1,0,0,1,0,26.0,23.5,16.697556678496376,32.973474187595095,17.772961368550312,26.1725046566048,7,18,1.302,1.303,60,0.612,167,57,0.612,194,167,57,0.0,1,1,0
1,11,31,4,1.3024286067660187,low,susceptible,0,1,0.0,-1,-1,0,0,1,0,26.0,23.5,16.697556678496376,32.973474187595095,17.772961368550312,26.1725046566048,7,18,1.302,1.303,60,0.612,167,57,0.612,194,167,57,0.0,1,1,0
1,12,31,4,1.3024286067660187,low,susceptible,0,1,0.0,-1,-1,0,0,1,0,26.0,23.5,16.697556678496376,32.973474187595095,17.772961368550312,26.1725046566048,7,18,1.302,1.303,60,0.612,167,57,0.612,194,167,57,0.0,1,1,0
1,13,31,4,1.3024286067660187,low,susceptible,0,1,0.0,-1,-1,0,0,1,0,26.0,23.5,16.697556678496376,32.973474187595095,17.772961368550312,26.1725046566048,7,18,1.302,1.303,60,0.612,167,57,0.612,194,167,57,0.0,1,1,0
1,14,31,4,1.3024286067660187,low,susceptible,0,1,0.0,-1,-1,0,0,1,0,26.0,23.5,16.697556678496376,32.973474187595095,17.772961368550312,26.1725046566048,7,18,1.302,1.303,60,0.612,167,57,0.612,194,167,57,0.0,1,1,0
1,15,31,4,1.3024286067660187,low,susceptible,0,1,0.0,-1,-1,0,0,1,0,26.0,23.5,16.697556678496376,32.973474187595095,17.772961368550312,26.1725046566048,7,18,1.302,1.303,60,0.612,167,57,0.612,194,167,57,0.0,1,1,0
1,16,31,4,1.3024286067660187,low,susceptible,0,1,0.0,-1,-1,0,0,1,0,26.0,23.5,16.697556678496376,32.973474187595095,17.772961368550312,26.1725046566048,7,18,1.302,1.303,60,0.612,167,57,0.612,194,167,57,0.0,1,1,0
1,17,31,4,1.3024286067660187,low,susceptible,0,1,0.0,-1,-1,0,0,1,0,26.0,23.5,16.697556678496376,32.973474187595095,17.772961368550312,26.1725046566048,7,18,1.302,1.303,60,0.612,167,57,0.612,194,167,57,0.0,1,1,0
1,18,31,4,1.3024286067660187,low,susceptible,0,1,0.0,-1,-1,0,0,1,0,26.0,23.5,16.697556678496376,32.973474187595095,17.772961368550312,26.1725046566048,7,18,1.302,1.303,60,0.612,167,57,0.612,194,167,57,0.0,1,1,0
1,19,31,4,1.3024286067660187,low,susceptible,0,1,0.0,-1,-1,0,0,1,0,26.0,23.5,16.697556678496376,32.973474187595095,17.772961368550312,26.1725046566048,7,18,1.302,1.303,60,0.612,167,57,0.612,194,167,57,0.0,1,1,0
1,20,31,4,1.3024286067660187,low,susceptible,0,1,0.0,-1,-1,0,0,1,0,26.0,23.5,16.697556678496376,32.973474187595095,17.772961368550312,26.1725046566048,7,18,1.302,1.303,60,0.612,167,57,0.612,194,167,57,0.0,1,1,0
1,21,31,4,1.3024286067660187,low,susceptible,0,1,0.0,-1,-1,0,0,1,0,26.0,23.5,16.697556678496376,32.973474187595095,17.772961368550312,26.1725046566048,7,18,1.302,1.303,60,0.612,167,57,0.612,194,167,57,0.0,1,1,0
1,22,31,4,1.3024286067660187,low,susceptible,0,1,0.0,-1,-1,0,0,1,0,26.0,23.5,16.697556678496376,32.973474187595095,17.772961368550312,26.1725046566048,7,18,1.302,1.303,60,0.612,167,57,0.612,194,167,57,0.0,1,1,0
1,23,31,4,1.3024286067660187,low,susceptible,0,1,0.0,-1,-1,0,0,1,0,26.0,23.5,16.697556678496376,32.973474187595095,17.772961368550312,26.1725046566048,7,18,1.302,1.303,60,0.612,167,57,0.612,194,167,57,0.0,1,1,0
1,24,31,4,1.3024286067660187,low,susceptible,0,1,0.0,-1,-1,0,0,1,0,26.0,23.5,16.697556678496376,32.973474187595095,17.772961368550312,26.1725046566048,7,18,1.302,1.303,60,0.612,167,57,0.612,194,167,57,0.0,1,1,0
1,25,31,4,1.3024286067660187,low,susceptible,0,1,0.0,-1,-1,0,0,1,0,26.0,23.5,16.697556678496376,32.973474187595095,17.772961368550312,26.1725046566048,7,18,1.302,1.303,60,0.612,167,57,0.612,194,167,57,0.0,1,1,0
1,26,31,4,1.3024286067660187,low,susceptible,0,1,0.0,-1,-1,0,0,1,0,26.0,23.5,16.697556678496376,32.973474187595095,17.772961368550312,26.1725046566048,7,18,1.302,1.303,60,0.612,167,57,0.612,194,167,57,0.0,1,1,0
1,27,31,4,1.3024286067660187,low,susceptible,0,1,0.0,-1,-1,0,0,1,0,26.0,23.5,16.697556678496376,32.973474187595095,17.772961368550312,26.1725046566048,7,18,1.302,1.303,60,0.612,167,57,0.612,194,167,57,0.0,1,1,0
1,28,31,4,1.3024286067660187,low,susceptible,0,1,0.0,-1,-1,0,0,1,0,26.0,23.5,16.697556678496376,32.973474187595095,17.772961368550312,26.1725046566048,7,18,1.302,1.303,60,0.612,167,57,0.612,194,167,57,0.0,1,1,0
1,29,31,4,1.3024286067660187,low,susceptible,0,1,0.0,-1,-1,0,0,1,0,26.0,23.5,16.697556678496376,32.973474187595095,17.772961368550312,26.1725046566048,7,18,1.302,1.303,60,0.612,167,57,0.612,194,167,57,0.0,1,1,0
1,30,31,4,1.3024286067660187,low,susceptible,0,1,0.0,-1,-1,0,0,1,0,26.0,23.5,16.697556678496376,32.973474187595095,17.772961368550312,26.1725046566048,7,18,1.302,1.303,60,0.612,167,57,0.612,194,167,57,0.0,1,1,0
1,31,31,4,1.3024286067660187,low,susceptible,0,1,0.0,-1,-1,0,0,1,0,26.0,23.5,16.697556678496376,32.973474187595095,17.772961368550312,26.1725046566048,7,18,1.302,1.303,60,0.612,167,57,0.612,194,167,57,0.0,1,1,0
1,32,31,4,1.3024286067660187,low,susceptible,0,1,0.0,-1,-1,0,0,1,0,26.0,23.5,16.697556678496376,32.973474187595095,17.772961368550312,26.1725046566048,7,18,1.302,1.303,60,0.612,167,57,0.612,194,167,57,0.0,1,1,0
1,33,31,4,1.3024286067660187,low,susceptible,0,1,0.0,-1,-1,0,0,1,0,26.0,23.5,16.697556678496376,32.973474187595095,17.772961368550312,26.1725046566048,7,18,1.302,1.303,60,0.612,167,57,0.644,178,183,57,-0.03200000000000003,1,1,0
1,34,31,4,1.3024286067660187,low,infected,1,1,3.72,33,1,0,0,1,0,26.0,23.5,16.697556678496376,32.973474187595095,17.772961368550312,26.1725046566048,7,18,1.302,1.303,60,0.612,167,57,0.612,194,167,57,0.0,1,1,0
1,35,31,4,1.3024286067660187,low,infected,1,1,21.223,33,2,0,0,1,0,26.0,23.5,16.697556678496376,32.973474187595095,17.772961368550312,26.1725046566048,7,18,1.302,1.303,60,0.612,167,57,0.612,194,167,57,0.0,1,1,0
1,36,31,4,1.3024286067660187,low,infected,1,1,45.77,33,3,0,0,1,0,26.0,23.5,16.697556678496376,32.973474187595095,17.772961368550312,26.1725046566048,7,18,1.302,1.303,60,0.612,167,57,0.644,178,181,57,-0.03200000000000003,1,1,0
1,37,31,4,1.3024286067660187,low,infected,1,0,67.518,33,4,0,0,1,0,26.0,23.5,16.697556678496376,32.973474187595095,17.772961368550312,26.1725046566048,7,18,1.302,1.303,60,0.612,167,57,0.612,194,167,57,0.0,1,1,0
1,38,31,4,1.3024286067660187,low,infected,1,0,81.22,33,5,0,0,1,0,26.0,23.5,16.697556678496376,32.973474187595095,17.772961368550312,26.1725046566048,7,18,1.302,1.303,60,0.612,167,57,0.612,194,167,57,0.0,1,1,0
1,39,31,4,1.3024286067660187,low,infected,1,0,85.996,33,6,0,0,1,0,26.0,23.5,16.697556678496376,32.973474187595095,17.772961368550312,26.1725046566048,7,18,1.302,1.303,60,0.612,167,57,0.612,194,167,57,0.0,1,1,0
2,0,169,6,1.3023276326251194,low,susceptible,0,1,0.0,-1,-1,0,0,1,0,13.3,24.6,11.7411071661077,20.602184350209082,19.787215445606904,27.0,7,18,1.302,1.303,60,0.612,167,57,0.612,194,167,57,0.0,1,1,0
2,1,169,6,1.3023276326251194,low,susceptible,0,1,0.0,-1,-1,0,0,1,0,13.3,24.6,11.7411071661077,20.602184350209082,19.787215445606904,27.0,7,18,1.302,1.303,60,0.612,167,57,0.612,194,167,57,0.0,1,1,0
2,2,169,6,1.3023276326251194,low,susceptible,0,1,0.0,-1,-1,0,0,1,0,13.3,24.6,11.7411071661077,20.602184350209082,19.787215445606904,27.0,7,18,1.302,1.303,60,0.612,167,57,0.612,194,167,57,0.0,1,1,0
2,3,169,6,1.3023276326251194,low,susceptible,0,1,0.0,-1,-1,0,0,1,0,13.3,24.6,11.7411071661077,20.602184350209082,19.787215445606904,27.0,7,18,1.302,1.303,60,0.612,167,57,0.612,194,167,57,0.0,1,1,0
2,4,169,6,1.3023276326251194,low,susceptible,0,1,0.0,-1,-1,0,0,1,0,13.3,24.6,11.7411071661077,20.602184350209082,19.787215445606904,27.0,7,18,1.302,1.303,60,0.612,167,57,0.612,194,167,57,0.0,1,1,0
2,5,169,6,1.3023276326251194,low,susceptible,0,1,0.0,-1,-1,0,0,1,0,13.3,24.6,11.7411071661077,20.602184350209082,19.787215445606904,27.0,7,18,1.302,1.303,60,0.612,167,57,0.612,194,167,57,0.0,1,1,0
2,6,169,6,1.3023276326251194,low,susceptible,0,1,0.0,-1,-1,0,0,1,0,13.3,24.6,11.7411071661077,20.602184350209082,19.787215445606904,27.0,7,18,1.302,1.303,60,0.612,167,57,0.612,194,167,57,0.0,1,1,0
2,7,169,6,1.3023276326251194,low,susceptible,0,1,0.0,-1,-1,0,0,1,0,13.3,24.6,11.7411071661077,20.602184350209082,19.787215445606904,27.0,7,18,1.302,1.303,60,0.612,167,57,0.612,194,167,57,0.0,1,1,0
2,8,169,6,1.3023276326251194,low,susceptible,0,1,0.0,-1,-1,0,0,1,0,13.3,24.6,11.7411071661077,20.602184350209082,19.787215445606904,27.0,7,18,1.302,1.303,60,0.612,167,57,0.612,194,167,57,0.0,1,1,0
2,9,169,6,1.3023276326251194,low,susceptible,0,1,0.0,-1,-1,0,0,1,0,13.3,24.6,11.7411071661077,20.602184350209082,19.787215445606904,27.0,7,18,1.302,1.303,60,0.612,167,57,0.612,194,167,57,0.0,1,1,0
2,10,169,6,1.3023276326251194,low,susceptible,0,1,0.0,-1,-1,0,0,1,0,13.3,24.6,11.7411071661077,20.602184350209082,19.787215445606904,27.0,7,18,1.302,1.303,60,0.612,167,57,0.612,194,167,57,0.0,1,1,0
2,11,169,6,1.3023276326251194,low,susceptible,0,1,0.0,-1,-1,0,0,1,0,13.3,24.6,11.7411071661077,20.602184350209082,19.787215445606904,27.0,7,18,1.302,1.303,60,0.612,167,57,0.612,194,167,57,0.0,1,1,0
2,12,169,6,1.3023276326251194,low,susceptible,0,1,0.0,-1,-1,0,0,1,0,13.3,24.6,11.7411071661077,20.602184350209082,19.787215445606904,27.0,7,18,1.302,1.303,60,0.612,167,57,0.612,194,167,57,0.0,1,1,0
2,13,169,6,1.3023276326251194,low,susceptible,0,1,0.0,-1,-1,0,0,1,0,13.3,24.6,11.7411071661077,20.602184350209082,19.787215445606904,27.0,7,18,1.302,1.303,60,0.612,167,57,0.612,194,167,57,0.0,1,1,0
2,14,169,6,1.3023276326251194,low,susceptible,0,1,0.0,-1,-1,0,0,1,0,13.3,24.6,11.7411071661077,20.602184350209082,19.787215445606904,27.0,7,18,1.302,1.303,60,0.612,167,57,0.612,194,167,57,0.0,1,1,0
2,15,169,6,1.3023276326251194,low,susceptible,0,1,0.0,-1,-1,0,0,1,0,13.3,24.6,11.7411071661077,20.602184350209082,19.787215445606904,27.0,7,18,1.302,1.303,60,0.612,167,57,0.612,194,167,57,0.0,1,1,0
2,16,169,6,1.3023276326251194,low,susceptible,0,1,0.0,-1,-1,0,0,1,0,13.3,24.6,11.7411071661077,20.602184350209082,19.787215445606904,27.0,7,18,1.302,1.303,60,0.612,167,57,0.612,194,167,57,0.0,1,1,0
2,17,169,6,1.3023276326251194,low,susceptible,0,1,0.0,-1,-1,0,0,1,0,13.3,24.6,11.7411071661077,20.602184350209082,19.787215445606904,27.0,7,18,1.302,1.303,60,0.612,167,57,0.612,194,167,57,0.0,1,1,0
2,18,169,6,1.3023276326251194,low,susceptible,0,1,0.0,-1,-1,0,0,1,0,13.3,24.6,11.7411071661077,20.602184350209082,19.787215445606904,27.0,7,18,1.302,1.303,60,0.612,167,57,0.612,194,167,57,0.0,1,1,0
2,19,169,6,1.3023276326251194,low,susceptible,0,1,0.0,-1,-1,0,0,1,0,13.3,24.6,11.7411071661077,20.602184350209082,19.787215445606904,27.0,7,18,1.302,1.303,60,0.612,167,57,0.612,194,167,57,0.0,1,1,0
2,20,169,6,1.3023276326251194,low,susceptible,0,1,0.0,-1,-1,0,0,1,0,13.3,24.6,11.7411071661077,20.602184350209082,19.787215445606904,27.0,7,18,1.302,1.303,60,0.612,167,57,0.612,194,167,57,0.0,1,1,0
2,21,169,6,1.3023276326251194,low,susceptible,0,1,0.0,-1,-1,0,0,1,0,13.3,24.6,11.7411071661077,20.602184350209082,19.787215445606904,27.0,7,18,1.302,1.303,60,0.612,167,57,0.612,194,167,57,0.0,1,1,0
2,22,169,6,1.3023276326251194,low,susceptible,0,1,0.0,-1,-1,0,0,1,0,13.3,24.6,11.7411071661077,20.602184350209082,19.787215445606904,27.0,7,18,1.302,1.303,60,0.612,167,57,0.612,194,167,57,0.0,1,1,0
2,23,169,6,1.3023276326251194,low,susceptible,0,1,0.0,-1,-1,0,0,1,0,13.3,24.6,11.7411071661077,20.602184350209082,19.787215445606904,27.0,7,18,1.302,1.303,60,0.612,167,57,0.612,194,167,57,0.0,1,1,0
2,24,169,6,1.3023276326251194,low,susceptible,0,1,0.0,-1,-1,0,0,1,0,13.3,24.6,11.7411071661077,20.602184350209082,19.787215445606904,27.0,7,18,1.302,1.303,60,0.612,167,57,0.612,194,167,57,0.0,1,1,0
2,25,169,6,1.3023276326251194,low,susceptible,0,1,0.0,-1,-1,0,0,1,0,13.3,24.6,11.7411071661077,20.602184350209082,19.787215445606904,27.0,7,18,1.302,1.303,60,0.612,167,57,0.612,194,167,57,0.0,1,1,0
2,26,169,6,1.3023276326251194,low,susceptible,0,1,0.0,-1,-1,0,0,1,0,13.3,24.6,11.7411071661077,20.602184350209082,19.787215445606904,27.0,7,18,1.302,1.303,60,0.612,167,57,0.612,194,167,57,0.0,1,1,0
2,27,169,6,1.3023276326251194,low,susceptible,0,1,0.0,-1,-1,0,0,1,0,13.3,24.6,11.7411071661077,20.602184350209082,19.787215445606904,27.0,7,18,1.302,1.303,60,0.612,167,57,0.612,194,167,57,0.0,1,1,0
2,28,169,6,1.3023276326251194,low,susceptible,0,1,0.0,-1,-1,0,0,1,0,13.3,24.6,11.7411071661077,20.602184350209082,19.787215445606904,27.0,7,18,1.302,1.303,60,0.612,167,57,0.612,194,167,57,0.0,1,1,0
2,29,169,6,1.3023276326251194,low,susceptible,0,1,0.0,-1,-1,0,0,1,0,13.3,24.6,11.7411071661077,20.602184350209082,19.787215445606904,27.0,7,18,1.302,1.303,60,0.612,167,57,0.612,194,167,57,0.0,1,1,0
2,30,169,6,1.3023276326251194,low,susceptible,0,1,0.0,-1,-1,0,0,1,0,13.3,24.6,11.7411071661077,20.602184350209082,19.787215445606904,27.0,7,18,1.302,1.303,60,0.612,167,57,0.612,194,167,57,0.0,1,1,0
2,31,169,6,1.3023276326251194,low,susceptible,0,1,0.0,-1,-1,0,0,1,0,13.3,24.6,11.7411071661077,20.602184350209082,19.787215445606904,27.0,7,18,1.302,1.303,60,0.612,167,57,0.612,194,167,57,0.0,1,1,0
2,32,169,6,1.3023276326251194,low,susceptible,0,1,0.0,-1,-1,0,0,1,0,13.3,24.6,11.7411071661077,20.602184350209082,19.787215445606904,27.0,7,18,1.302,1.303,60,0.612,167,57,0.612,194,167,57,0.0,1,1,0
2,33,169,6,1.3023276326251194,low,susceptible,0,1,0.0,-1,-1,0,0,1,0,13.3,24.6,11.7411071661077,20.602184350209082,19.787215445606904,27.0,7,18,1.302,1.303,60,0.612,167,57,0.612,194,167,57,0.0,1,1,0
2,34,169,6,1.3023276326251194,low,susceptible,0,1,0.0,-1,-1,0,0,1,0,13.3,24.6,11.7411071661077,20.602184350209082,19.787215445606904,27.0,7,18,1.302,1.303,60,0.612,167,57,0.612,194,167,57,0.0,1,1,0
2,35,169,6,1.3023276326251194,low,susceptible,0,1,0.0,-1,-1,0,0,1,0,13.3,24.6,11.7411071661077,20.602184350209082,19.787215445606904,27.0,7,18,1.302,1.303,60,0.612,167,57,0.612,194,167,57,0.0,1,1,0
2,36,169,6,1.3023276326251194,low,susceptible,0,1,0.0,-1,-1,0,0,1,0,13.3,24.6,11.7411071661077,20.602184350209082,19.787215445606904,27.0,7,18,1.302,1.303,60,0.612,167,57,0.612,194,167,57,0.0,1,1,0
2,37,169,6,1.3023276326251194,low,susceptible,0,1,0.0,-1,-1,0,0,1,0,13.3,24.6,11.7411071661077,20.602184350209082,19.787215445606904,27.0,7,18,1.302,1.303,60,0.612,167,57,0.612,194,167,57,0.0,1,1,0
2,38,169,6,1.3023276326251194,low,susceptible,0,1,0.0,-1,-1,0,0,1,0,13.3,24.6,11.7411071661077,20.602184350209082,19.787215445606904,27.0,7,18,1.302,1.303,60,0.612,167,57,0.612,194,167,57,0.0,1,1,0
2,39,169,6,1.3023276326251194,low,susceptible,0,1,0.0,-1,-1,0,0,1,0,13.3,24.6,11.7411071661077,20.602184350209082,19.787215445606904,27.0,7,18,1.302,1.303,60,0.612,167,57,0.612,194,167,57,0.0,1,1,0
3,0,114,4,1.3027884565116654,strong,susceptible,0,1,0.0,-1,-1,1,0,0,0,19.5,24.9,21.14607464198753,31.62688729546428,28.706766925999226,53.74011537017761,7,18,1.302,1.303,60,0.612,167,57,0.612,194,167,57,0.0,1,1,0
3,1,114,4,1.3027884565116654,strong,susceptible,0,1,0.0,-1,-1,1,0,0,0,19.5,24.9,21.14607464198753,31.62688729546428,28.706766925999226,53.74011537017761,7,18,1.302,1.303,60,0.612,167,57,0.612,194,167,57,0.0,1,1,0
3,2,114,4,1.3027884565116654,strong,susceptible,0,1,0.0,-1,-1,1,0,0,0,19.5,24.9,21.14607464198753,31.62688729546428,28.706766925999226,53.74011537017761,7,18,1.302,1.303,60,0.612,167,57,0.612,194,167,57,0.0,1,1,0
3,3,114,4,1.3027884565116654,strong,susceptible,0,1,0.0,-1,-1,1,0,0,0,19.5,24.9,21.14607464198753,31.62688729546428,28.706766925999226,53.74011537017761,7,18,1.302,1.303,60,0.612,167,57,0.612,194,167,57,0.0,1,1,0
3,4,114,4,1.3027884565116654,strong,susceptible,0,1,0.0,-1,-1,1,0,0,0,19.5,24.9,21.14607464198753,31.62688729546428,28.706766925999226,53.74011537017761,7,18,1.302,1.303,60,0.612,167,57,0.612,194,167,57,0.0,1,1,0
3,5,114,4,1.3027884565116654,strong,susceptible,0,1,0.0,-1,-1,1,0,0,0,19.5,24.9,21.14607464198753,31.62688729546428,28.706766925999226,53.74011537017761,7,18,1.302,1.303,60,0.612,167,57,0.612,194,167,57,0.0,1,1,0
3,6,114,4,1.3027884565116654,strong,susceptible,0,1,0.0,-1,-1,1,0,0,0,19.5,24.9,21.14607464198753,31.62688729546428,28.706766925999226,53.74011537017761,7,18,1.302,1.303,60,0.612,167,57,0.612,194,167,57,0.0,1,1,0
3,7,114,4,1.3027884565116654,strong,susceptible,0,1,0.0,-1,-1,1,0,0,0,19.5,24.9,21.14607464198753,31.62688729546428,28.706766925999226,53.74011537017761,7,18,1.302,1.303,60,0.612,167,57,0.612,194,167,57,0.0,1,1,0
3,8,114,4,1.3027884565116654,strong,susceptible,0,1,0.0,-1,-1,1,0,0,0,19.5,24.9,21.14607464198753,31.62688729546428,28.706766925999226,53.74011537017761,7,18,1.302,1.303,60,0.612,167,57,0.612,194,167,57,0.0,1,1,0
3,9,114,4,1.3027884565116654,strong,susceptible,0,1,0.0,-1,-1,1,0,0,0,19.5,24.9,21.14607464198753,31.62688729546428,28.706766925999226,53.74011537017761,7,18,1.302,1.303,60,0.612,167,57,0.612,194,167,57,0.0,1,1,0
3,10,114,4,1.3027884565116654,strong,susceptible,0,1,0.0,-1,-1,1,0,0,0,19.5,24.9,21.14607464198753,31.62688729546428,28.706766925999226,53.74011537017761,7,18,1.302,1.303,60,0.612,167,57,0.612,194,167,57,0.0,1,1,0
3,11,114,4,1.3027884565116654,strong,susceptible,0,1,0.0,-1,-1,1,0,0,0,19.5,24.9,21.14607464198753,31.62688729546428,28.706766925999226,53.74011537017761,7,18,1.302,1.303,60,0.612,167,57,0.612,194,167,57,0.0,1,1,0
3,12,114,4,1.3027884565116654,strong,susceptible,0,1,0.0,-1,-1,1,0,0,0,19.5,24.9,21.14607464198753,31.62688729546428,28.706766925999226,53.74011537017761,7,18,1.302,1.303,60,0.612,167,57,0.612,194,167,57,0.0,1,1,0
3,13,114,4,1.3027884565116654,strong,susceptible,0,1,0.0,-1,-1,1,0,0,0,19.5,24.9,21.14607464198753,31.62688729546428,28.706766925999226,53.74011537017761,7,18,1.302,1.303,60,0.612,167,57,0.612,194,167,57,0.0,1,1,0
3,14,114,4,1.3027884565116654,strong,susceptible,0,1,0.0,-1,-1,1,0,0,0,19.5,24.9,21.14607464198753,31.62688729546428,28.706766925999226,53.74011537017761,7,18,1.302,1.303,60,0.612,167,57,0.612,194,167,57,0.0,1,1,0
3,15,114,4,1.3027884565116654,strong,susceptible,0,1,0.0,-1,-1,1,0,0,0,19.5,24.9,21.14607464198753,31.62688729546428,28.706766925999226,53.74011537017761,7,18,1.302,1.303,60,0.612,167,57,0.612,194,167,57,0.0,1,1,0
3,16,114,4,1.3027884565116654,strong,susceptible,0,1,0.0,-1,-1,1,0,0,0,19.5,24.9,21.14607464198753,31.62688729546428,28.706766925999226,53.74011537017761,7,18,1.302,1.303,60,0.612,167,57,0.612,194,167,57,0.0,1,1,0
3,17,114,4,1.3027884565116654,strong,susceptible,0,1,0.0,-1,-1,1,0,0,0,19.5,24.9,21.14607464198753,31.62688729546428,28.706766925999226,53.74011537017761,7,18,1.302,1.303,60,0.612,167,57,0.612,194,167,57,0.0,1,1,0
3,18,114,4,1.3027884565116654,strong,susceptible,0,1,0.0,-1,-1,1,0,0,0,19.5,24.9,21.14607464198753,31.62688729546428,28.706766925999226,53.74011537017761,7,18,1.302,1.303,60,0.612,167,57,0.612,194,167,57,0.0,1,1,0
3,19,114,4,1.3027884565116654,strong,susceptible,0,1,0.0,-1,-1,1,0,0,0,19.5,24.9,21.14607464198753,31.62688729546428,28.706766925999226,53.74011537017761,7,18,1.302,1.303,60,0.612,167,57,0.612,194,167,57,0.0,1,1,0
3,20,114,4,1.3027884565116654,strong,susceptible,0,1,0.0,-1,-1,1,0,0,0,19.5,24.9,21.14607464198753,31.62688729546428,28.706766925999226,53.74011537017761,7,18,1.302,1.303,60,0.612,167,57,0.612,194,167,57,0.0,1,1,0
3,21,114,4,1.3027884565116654,strong,susceptible,0,1,0.0,-1,-1,1,0,0,0,19.5,24.9,21.14607464198753,31.62688729546428,28.706766925999226,53.74011537017761,7,18,1.302,1.303,60,0.612,167,57,0.612,194,167,57,0.0,1,1,0
3,22,114,4,1.3027884565116654,strong,susceptible,0,1,0.0,-1,-1,1,0,0,0,19.5,24.9,21.14607464198753,31.62688729546428,28.706766925999226,53.74011537017761,7,18,1.302,1.303,60,0.612,167,57,0.612,194,167,57,0.0,1,1,0
3,23,114,4,1.3027884565116654,strong,susceptible,0,1,0.0,-1,-1,1,0,0,0,19.5,24.9,21.14607464198753,31.62688729546428,28.706766925999226,53.74011537017761,7,18,1.302,1.303,60,0.612,167,57,0.612,194,167,57,0.0,1,1,0
3,24,114,4,1.3027884565116654,strong,susceptible,0,1,0.0,-1,-1,1,0,0,0,19.5,24.9,21.14607464198753,31.62688729546428,28.706766925999226,53.74011537017761,7,18,1.302,1.303,60,0.612,167,57,0.612,194,167,57,0.0,1,1,0
3,25,114,4,1.3027884565116654,strong,susceptible,0,1,0.0,-1,-1,1,0,0,0,19.5,24.9,21.14607464198753,31.62688729546428,28.706766925999226,53.74011537017761,7,18,1.302,1.303,60,0.612,167,57,0.612,194,167,57,0.0,1,1,0
3,26,114,4,1.3027884565116654,strong,susceptible,0,1,0.0,-1,-1,1,0,0,0,19.5,24.9,21.14607464198753,31.62688729546428,28.706766925999226,53.74011537017761,7,18,1.302,1.303,60,0.612,167,57,0.612,194,167,57,0.0,1,1,0
3,27,114,4,1.3027884565116654,strong,susceptible,0,1,0.0,-1,-1,1,0,0,0,19.5,24.9,21.14607464198753,31.62688729546428,28.706766925999226,53.74011537017761,7,18,1.302,1.303,60,0.612,167,57,0.612,194,167,57,0.0,1,1,0
3,28,114,4,1.3027884565116654,strong,susceptible,0,1,0.0,-1,-1,1,0,0,0,19.5,24.9,21.14607464198753,31.62688729546428,28.706766925999226,53.74011537017761,7,18,1.302,1.303,60,0.612,167,57,0.612,194,167,57,0.0,1,1,0
3,29,114,4,1.3027884565116654,strong,susceptible,0,1,0.0,-1,-1,1,0,0,0,19.5,24.9,21.14607464198753,31.62688729546428,28.706766925999226,53.74011537017761,7,18,1.302,1.303,60,0.612,167,57,0.612,194,167,57,0.0,1,1,0
3,30,114,4,1.3027884565116654,strong,susceptible,0,1,0.0,-1,-1,1,0,0,0,19.5,24.9,21.14607464198753,31.62688729546428,28.706766925999226,53.74011537017761,7,18,1.302,1.303,60,0.612,167,57,0.612,194,167,57,0.0,1,1,0
3,31,114,4,1.3027884565116654,strong,susceptible,0,1,0.0,-1,-1,1,0,0,0,19.5,24.9,21.14607464198753,31.62688729546428,28.706766925999226,53.74011537017761,7,18,1.302,1.303,60,0.612,167,57,0.612,194,167,57,0.0,1,1,0
3,32,114,4,1.3027884565116654,strong,susceptible,0,1,0.0,-1,-1,1,0,0,0,19.5,24.9,21.14607464198753,31.62688729546428,28.706766925999226,53.74011537017761,7,18,1.302,1.303,60,0.612,167,57,0.612,194,167,57,0.0,1,1,0
3,33,114,4,1.3027884565116654,strong,susceptible,0,1,0.0,-1,-1,1,0,0,0,19.5,24.9,21.14607464198753,31.62688729546428,28.706766925999226,53.74011537017761,7,18,1.302,1.303,60,0.612,167,57,0.612,194,167,57,0.0,1,1,0
3,34,114,4,1.3027884565116654,strong,susceptible,0,1,0.0,-1,-1,1,0,0,0,19.5,24.9,21.14607464198753,31.62688729546428,28.706766925999226,53.74011537017761,7,18,1.302,1.303,60,0.612,167,57,0.612,194,167,57,0.0,1,1,0
3,35,114,4,1.3027884565116654,strong,susceptible,0,1,0.0,-1,-1,1,0,0,0,19.5,24.9,21.14607464198753,31.62688729546428,28.706766925999226,53.74011537017761,7,18,1.302,1.303,60,0.612,167,57,0.612,194,167,57,0.0,1,1,0
3,36,114,4,1.3027884565116654,strong,susceptible,0,1,0.0,-1,-1,1,0,0,0,19.5,24.9,21.14607464198753,31.62688729546428,28.706766925999226,53.74011537017761,7,18,1.302,1.303,60,0.612,167,57,0.612,194,167,57,0.0,1,1,0
3,37,114,4,1.3027884565116654,strong,susceptible,0,1,0.0,-1,-1,1,0,0,0,19.5,24.9,21.14607464198753,31.62688729546428,28.706766925999226,53.74011537017761,7,18,1.302,1.303,60,0.612,167,57,0.612,194,167,57,0.0,1,1,0
3,38,114,4,1.3027884565116654,strong,susceptible,0,1,0.0,-1,-1,1,0,0,0,19.5,24.9,21.14607464198753,31.62688729546428,28.706766925999226,53.74011537017761,7,18,1.302,1.303,60,0.612,167,57,0.612,194,167,57,0.0,1,1,0
3,39,114,4,1.3027884565116654,strong,susceptible,0,1,0.0,-1,-1,1,0,0,0,19.5,24.9,21.14607464198753,31.62688729546428,28.706766925999226,53.74011537017761,7,18,1.302,1.303,60,0.612,167,57,0.612,194,167,57,0.0,1,1,0
4,0,85,1,1.3029588874906968,medium,susceptible,0,1,0.0,-1,-1,0,1,0,0,26.3,23.9,16.88407608117237,25.394881374009213,23.17550801047378,38.62641583165593,7,18,1.302,1.303,60,0.612,167,57,0.612,194,167,57,0.0,1,1,0
4,1,85,1,1.3029588874906968,medium,susceptible,0,1,0.0,-1,-1,0,1,0,0,26.3,23.9,16.88407608117237,25.394881374009213,23.17550801047378,38.62641583165593,7,18,1.302,1.303,60,0.612,167,57,0.612,194,167,57,0.0,1,1,0
4,2,85,1,1.3029588874906968,medium,susceptible,0,1,0.0,-1,-1,0,1,0,0,26.3,23.9,16.88407608117237,25.394881374009213,23.17550801047378,38.62641583165593,7,18,1.302,1.303,60,0.612,167,57,0.612,194,167,57,0.0,1,1,0
4,3,85,1,1.3029588874906968,medium,susceptible,0,1,0.0,-1,-1,0,1,0,0,26.3,23.9,16.88407608117237,25.394881374009213,23.17550801047378,38.62641583165593,7,18,1.302,1.303,60,0.612,167,57,0.612,194,167,57,0.0,1,1,0
4,4,85,1,1.3029588874906968,medium,susceptible,0,1,0.0,-1,-1,0,1,0,0,26.3,23.9,16.88407608117237,25.394881374009213,23.17550801047378,38.62641583165593,7,18,1.302,1.303,60,0.612,167,57,0.612,194,167,57,0.0,1,1,0
4,5,85,1,1.3029588874906968,medium,susceptible,0,1,0.0,-1,-1,0,1,0,0,26.3,23.9,16.88407608117237,25.394881374009213,23.17550801047378,38.62641583165593,7,18,1.302,1.303,60,0.612,167,57,0.612,194,167,57,0.0,1,1,0
4,6,85,1,1.3029588874906968,medium,susceptible,0,1,0.0,-1,-1,0,1,0,0,26.3,23.9,16.88407608117237,25.394881374009213,23.17550801047378,38.62641583165593,7,18,1.302,1.303,60,0.612,167,57,0.612,194,167,57,0.0,1,1,0
4,7,85,1,1.3029588874906968,medium,susceptible,0,1,0.0,-1,-1,0,1,0,0,26.3,23.9,16.88407608117237,25.394881374009213,23.17550801047378,38.62641583165593,7,18,1.302,1.303,60,0.612,167,57,0.612,194,167,57,0.0,1,1,0
4,8,85,1,1.3029588874906968,medium,susceptible,0,1,0.0,-1,-1,0,1,0,0,26.3,23.9,16.88407608117237,25.394881374009213,23.17550801047378,38.62641583165593,7,18,1.302,1.303,60,0.612,167,57,0.612,194,167,57,0.0,1,1,0
4,9,85,1,1.3029588874906968,medium,susceptible,0,1,0.0,-1,-1,0,1,0,0,26.3,23.9,16.88407608117237,25.394881374009213,23.17550801047378,38.62641583165593,7,18,1.302,1.303,60,0.612,167,57,0.612,194,167,57,0.0,1,1,0
4,10,85,1,1.3029588874906968,medium,susceptible,0,1,0.0,-1,-1,0,1,0,0,26.3,23.9,16.88407608117237,25.394881374009213,23.17550801047378,38.62641583165593,7,18,1.302,1.303,60,0.612,167,57,0.612,194,167,57,0.0,1,1,0
4,11,85,1,1.3029588874906968,medium,susceptible,0,1,0.0,-1,-1,0,1,0,0,26.3,23.9,16.88407608117237,25.394881374009213,23.17550801047378,38.62641583165593,7,18,1.302,1.303,60,0.612,167,57,0.612,194,167,57,0.0,1,1,0
4,12,85,1,1.3029588874906968,medium,susceptible,0,1,0.0,-1,-1,0,1,0,0,26.3,23.9,16.88407608117237,25.394881374009213,23.17550801047378,38.62641583165593,7,18,1.302,1.303,60,0.612,167,57,0.612,194,167,57,0.0,1,1,0
4,13,85,1,1.3029588874906968,medium,susceptible,0,1,0.0,-1,-1,0,1,0,0,26.3,23.9,16.88407608117237,25.394881374009213,23.17550801047378,38.62641583165593,7,18,1.302,1.303,60,0.612,167,57,0.612,194,167,57,0.0,1,1,0
4,14,85,1,1.3029588874906968,medium,susceptible,0,1,0.0,-1,-1,0,1,0,0,26.3,23.9,16.88407608117237,25.394881374009213,23.17550801047378,38.62641583165593,7,18,1.302,1.303,60,0.612,167,57,0.612,194,167,57,0.0,1,1,0
4,15,85,1,1.3029588874906968,medium,susceptible,0,1,0.0,-1,-1,0,1,0,0,26.3,23.9,16.88407608117237,25.394881374009213,23.17550801047378,38.62641583165593,7,18,1.302,1.303,60,0.612,167,57,0.612,194,167,57,0.0,1,1,0
4,16,85,1,1.3029588874906968,medium,susceptible,0,1,0.0,-1,-1,0,1,0,0,26.3,23.9,16.88407608117237,25.394881374009213,23.17550801047378,38.62641583165593,7,18,1.302,1.303,60,0.612,167,57,0.612,194,167,57,0.0,1,1,0
4,17,85,1,1.3029588874906968,medium,susceptible,0,1,0.0,-1,-1,0,1,0,0,26.3,23.9,16.88407608117237,25.394881374009213,23.17550801047378,38.62641583165593,7,18,1.302,1.303,60,0.612,167,57,0.612,194,167,57,0.0,1,1,0
4,18,85,1,1.3029588874906968,medium,susceptible,0,1,0.0,-1,-1,0,1,0,0,26.3,23.9,16.88407608117237,25.394881374009213,23.17550801047378,38.62641583165593,7,18,1.302,1.303,60,0.612,167,57,0.612,194,167,57,0.0,1,1,0
4,19,85,1,1.3029588874906968,medium,susceptible,0,1,0.0,-1,-1,0,1,0,0,26.3,23.9,16.88407608117237,25.394881374009213,23.17550801047378,38.62641583165593,7,18,1.302,1.303,60,0.612,167,57,0.612,194,167,57,0.0,1,1,0
4,20,85,1,1.3029588874906968,medium,susceptible,0,1,0.0,-1,-1,0,1,0,0,26.3,23.9,16.88407608117237,25.394881374009213,23.17550801047378,38.62641583165593,7,18,1.302,1.303,60,0.612,167,57,0.612,194,167,57,0.0,1,1,0
4,21,85,1,1.3029588874906968,medium,susceptible,0,1,0.0,-1,-1,0,1,0,0,26.3,23.9,16.88407608117237,25.394881374009213,23.17550801047378,38.62641583165593,7,18,1.302,1.303,60,0.612,167,57,0.612,194,167,57,0.0,1,1,0
4,22,85,1,1.3029588874906968,medium,susceptible,0,1,0.0,-1,-1,0,1,0,0,26.3,23.9,16.88407608117237,25.394881374009213,23.17550801047378,38.62641583165593,7,18,1.302,1.303,60,0.612,167,57,0.612,194,167,57,0.0,1,1,0
4,23,85,1,1.3029588874906968,medium,susceptible,0,1,0.0,-1,-1,0,1,0,0,26.3,23.9,16.88407608117237,25.394881374009213,23.17550801047378,38.62641583165593,7,18,1.302,1.303,60,0.612,167,57,0.612,194,167,57,0.0,1,1,0
4,24,85,1,1.3029588874906968,medium,susceptible,0,1,0.0,-1,-1,0,1,0,0,26.3,23.9,16.88407608117237,25.394881374009213,23.17550801047378,38.62641583165593,7,18,1.302,1.303,60,0.612,167,57,0.612,194,167,57,0.0,1,1,0
4,25,85,1,1.3029588874906968,medium,susceptible,0,1,0.0,-1,-1,0,1,0,0,26.3,23.9,16.88407608117237,25.394881374009213,23.17550801047378,38.62641583165593,7,18,1.302,1.303,60,0.612,167,57,0.612,194,167,57,0.0,1,1,0
4,26,85,1,1.3029588874906968,medium,susceptible,0,1,0.0,-1,-1,0,1,0,0,26.3,23.9,16.88407608117237,25.394881374009213,23.17550801047378,38.62641583165593,7,18,1.302,1.303,60,0.612,167,57,0.612,194,167,57,0.0,1,1,0
4,27,85,1,1.3029588874906968,medium,susceptible,0,1,0.0,-1,-1,0,1,0,0,26.3,23.9,16.88407608117237,25.394881374009213,23.17550801047378,38.62641583165593,7,18,1.302,1.303,60,0.612,167,57,0.612,194,167,57,0.0,1,1,0
4,28,85,1,1.3029588874906968,medium,susceptible,0,1,0.0,-1,-1,0,1,0,0,26.3,23.9,16.88407608117237,25.394881374009213,23.17550801047378,38.62641583165593,7,18,1.302,1.303,60,0.612,167,57,0.612,194,167,57,0.0,1,1,0
4,29,85,1,1.3029588874906968,medium,susceptible,0,1,0.0,-1,-1,0,1,0,0,26.3,23.9,16.88407608117237,25.394881374009213,23.17550801047378,38.62641583165593,7,18,1.302,1.303,60,0.612,167,57,0.612,194,167,57,0.0,1,1,0
4,30,85,1,1.3029588874906968,medium,susceptible,0,1,0.0,-1,-1,0,1,0,0,26.3,23.9,16.88407608117237,25.394881374009213,23.17550801047378,38.62641583165593,7,18,1.302,1.303,60,0.612,167,57,0.612,194,167,57,0.0,1,1,0
4,31,85,1,1.3029588874906968,medium,susceptible,0,1,0.0,-1,-1,0,1,0,0,26.3,23.9,16.88407608117237,25.394881374009213,23.17550801047378,38.62641583165593,7,18,1.302,1.303,60,0.612,167,57,0.612,194,167,57,0.0,1,1,0
4,32,85,1,1.3029588874906968,medium,susceptible,0,1,0.0,-1,-1,0,1,0,0,26.3,23.9,16.88407608117237,25.394881374009213,23.17550801047378,38.62641583165593,7,18,1.302,1.303,60,0.612,167,57,0.612,194,167,57,0.0,1,1,0
4,33,85,1,1.3029588874906968,medium,susceptible,0,1,0.0,-1,-1,0,1,0,0,26.3,23.9,16.88407608117237,25.394881374009213,23.17550801047378,38.62641583165593,7,18,1.302,1.303,60,0.612,167,57,0.612,194,167,57,0.0,1,1,0
4,34,85,1,1.3029588874906968,medium,susceptible,0,1,0.0,-1,-1,0,1,0,0,26.3,23.9,16.88407608117237,25.394881374009213,23.17550801047378,38.62641583165593,7,18,1.302,1.303,60,0.612,167,57,0.612,194,167,57,0.0,1,1,0
4,35,85,1,1.3029588874906968,medium,susceptible,0,1,0.0,-1,-1,0,1,0,0,26.3,23.9,16.88407608117237,25.394881374009213,23.17550801047378,38.62641583165593,7,18,1.302,1.303,60,0.612,167,57,0.612,194,167,57,0.0,1,1,0
4,36,85,1,1.3029588874906968,medium,susceptible,0,1,0.0,-1,-1,0,1,0,0,26.3,23.9,16.88407608117237,25.394881374009213,23.17550801047378,38.62641583165593,7,18,1.302,1.303,60,0.612,167,57,0.612,194,167,57,0.0,1,1,0
4,37,85,1,1.3029588874906968,medium,susceptible,0,1,0.0,-1,-1,0,1,0,0,26.3,23.9,16.88407608117237,25.394881374009213,23.17550801047378,38.62641583165593,7,18,1.302,1.303,60,0.612,167,57,0.612,194,167,57,0.0,1,1,0
4,38,85,1,1.3029588874906968,medium,susceptible,0,1,0.0,-1,-1,0,1,0,0,26.3,23.9,16.88407608117237,25.394881374009213,23.17550801047378,38.62641583165593,7,18,1.302,1.303,60,0.612,167,57,0.612,194,167,57,0.0,1,1,0
4,39,85,1,1.3029588874906968,medium,susceptible,0,1,0.0,-1,-1,0,1,0,0,26.3,23.9,16.88407608117237,25.394881374009213,23.17550801047378,38.62641583165593,7,18,1.302,1.303,60,0.612,167,57,0.612,194,167,57,0.0,1,1,0
5,0,61,8,1.3025181407749236,strong,susceptible,0,1,0.0,-1,-1,1,0,0,0,18.3,26.1,20.302009281763187,35.503520952153465,27.058682401889502,44.181444068749045,7,18,1.302,1.303,60,0.612,167,57,0.612,194,167,57,0.0,1,1,0
5,1,61,8,1.3025181407749236,strong,susceptible,0,1,0.0,-1,-1,1,0,0,0,18.3,26.1,20.302009281763187,35.503520952153465,27.058682401889502,44.181444068749045,7,18,1.302,1.303,60,0.612,167,57,0.612,194,167,57,0.0,1,1,0
5,2,61,8,1.3025181407749236,strong,susceptible,0,1,0.0,-1,-1,1,0,0,0,18.3,26.1,20.302009281763187,35.503520952153465,27.058682401889502,44.181444068749045,7,18,1.302,1.303,60,0.612,167,57,0.612,194,167,57,0.0,1,1,0
5,3,61,8,1.3025181407749236,strong,susceptible,0,1,0.0,-1,-1,1,0,0,0,18.3,26.1,20.302009281763187,35.503520952153465,27.058682401889502,44.181444068749045,7,18,1.302,1.303,60,0.612,167,57,0.612,194,167,57,0.0,1,1,0
5,4,61,8,1.3025181407749236,strong,susceptible,0,1,0.0,-1,-1,1,0,0,0,18.3,26.1,20.302009281763187,35.503520952153465,27.058682401889502,44.181444068749045,7,18,1.302,1.303,60,0.612,167,57,0.612,194,167,57,0.0,1,1,0
5,5,61,8,1.3025181407749236,strong,susceptible,0,1,0.0,-1,-1,1,0,0,0,18.3,26.1,20.302009281763187,35.503520952153465,27.058682401889502,44.181444068749045,7,18,1.302,1.303,60,0.612,167,57,0.612,194,167,57,0.0,1,1,0
5,6,61,8,1.3025181407749236,strong,susceptible,0,1,0.0,-1,-1,1,0,0,0,18.3,26.1,20.302009281763187,35.503520952153465,27.058682401889502,44.181444068749045,7,18,1.302,1.303,60,0.612,167,57,0.612,194,167,57,0.0,1,1,0
5,7,61,8,1.3025181407749236,strong,susceptible,0,1,0.0,-1,-1,1,0,0,0,18.3,26.1,20.302009281763187,35.503520952153465,27.058682401889502,44.181444068749045,7,18,1.302,1.303,60,0.612,167,57,0.612,194,167,57,0.0,1,1,0
5,8,61,8,1.3025181407749236,strong,susceptible,0,1,0.0,-1,-1,1,0,0,0,18.3,26.1,20.302009281763187,35.503520952153465,27.058682401889502,44.181444068749045,7,18,1.302,1.303,60,0.612,167,57,0.612,194,167,57,0.0,1,1,0
5,9,61,8,1.3025181407749236,strong,susceptible,0,1,0.0,-1,-1,1,0,0,0,18.3,26.1,20.302009281763187,35.503520952153465,27.058682401889502,44.181444068749045,7,18,1.302,1.303,60,0.612,167,57,0.612,194,167,57,0.0,1,1,0
5,10,61,8,1.3025181407749236,strong,susceptible,0,1,0.0,-1,-1,1,0,0,0,18.3,26.1,20.302009281763187,35.503520952153465,27.058682401889502,44.181444068749045,7,18,1.302,1.303,60,0.612,167,57,0.612,194,167,57,0.0,1,1,0
5,11,61,8,1.3025181407749236,strong,susceptible,0,1,0.0,-1,-1,1,0,0,0,18.3,26.1,20.302009281763187,35.503520952153465,27.058682401889502,44.181444068749045,7,18,1.302,1.303,60,0.612,167,57,0.612,194,167,57,0.0,1,1,0
5,12,61,8,1.3025181407749236,strong,susceptible,0,1,0.0,-1,-1,1,0,0,0,18.3,26.1,20.302009281763187,35.503520952153465,27.058682401889502,44.181444068749045,7,18,1.302,1.303,60,0.612,167,57,0.612,194,167,57,0.0,1,1,0
5,13,61,8,1.3025181407749236,strong,susceptible,0,1,0.0,-1,-1,1,0,0,0,18.3,26.1,20.302009281763187,35.503520952153465,27.058682401889502,44.181444068749045,7,18,1.302,1.303,60,0.612,167,57,0.612,194,167,57,0.0,1,1,0
5,14,61,8,1.3025181407749236,strong,susceptible,0,1,0.0,-1,-1,1,0,0,0,18.3,26.1,20.302009281763187,35.503520952153465,27.058682401889502,44.181444068749045,7,18,1.302,1.303,60,0.612,167,57,0.612,194,167,57,0.0,1,1,0
5,15,61,8,1.3025181407749236,strong,susceptible,0,1,0.0,-1,-1,1,0,0,0,18.3,26.1,20.302009281763187,35.503520952153465,27.058682401889502,44.181444068749045,7,18,1.302,1.303,60,0.612,167,57,0.612,194,167,57,0.0,1,1,0
5,16,61,8,1.3025181407749236,strong,susceptible,0,1,0.0,-1,-1,1,0,0,0,18.3,26.1,20.302009281763187,35.503520952153465,27.058682401889502,44.181444068749045,7,18,1.302,1.303,60,0.612,167,57,0.612,194,167,57,0.0,1,1,0
5,17,61,8,1.3025181407749236,strong,susceptible,0,1,0.0,-1,-1,1,0,0,0,18.3,26.1,20.302009281763187,35.503520952153465,27.058682401889502,44.181444068749045,7,18,1.302,1.303,60,0.612,167,57,0.612,194,167,57,0.0,1,1,0
5,18,61,8,1.3025181407749236,strong,susceptible,0,1,0.0,-1,-1,1,0,0,0,18.3,26.1,20.302009281763187,35.503520952153465,27.058682401889502,44.181444068749045,7,18,1.302,1.303,60,0.612,167,57,0.612,194,167,57,0.0,1,1,0
5,19,61,8,1.3025181407749236,strong,susceptible,0,1,0.0,-1,-1,1,0,0,0,18.3,26.1,20.302009281763187,35.503520952153465,27.058682401889502,44.181444068749045,7,18,1.302,1.303,60,0.612,167,57,0.612,194,167,57,0.0,1,1,0
5,20,61,8,1.3025181407749236,strong,susceptible,0,1,0.0,-1,-1,1,0,0,0,18.3,26.1,20.302009281763187,35.503520952153465,27.058682401889502,44.181444068749045,7,18,1.302,1.303,60,0.612,167,57,0.612,194,167,57,0.0,1,1,0
5,21,61,8,1.3025181407749236,strong,susceptible,0,1,0.0,-1,-1,1,0,0,0,18.3,26.1,20.302009281763187,35.503520952153465,27.058682401889502,44.181444068749045,7,18,1.302,1.303,60,0.612,167,57,0.612,194,167,57,0.0,1,1,0
5,22,61,8,1.3025181407749236,strong,susceptible,0,1,0.0,-1,-1,1,0,0,0,18.3,26.1,20.302009281763187,35.503520952153465,27.058682401889502,44.181444068749045,7,18,1.302,1.303,60,0.612,167,57,0.612,194,167,57,0.0,1,1,0
5,23,61,8,1.3025181407749236,strong,susceptible,0,1,0.0,-1,-1,1,0,0,0,18.3,26.1,20.302009281763187,35.503520952153465,27.058682401889502,44.181444068749045,7,18,1.302,1.303,60,0.612,167,57,0.612,194,167,57,0.0,1,1,0
5,24,61,8,1.3025181407749236,strong,susceptible,0,1,0.0,-1,-1,1,0,0,0,18.3,26.1,20.302009281763187,35.503520952153465,27.058682401889502,44.181444068749045,7,18,1.302,1.303,60,0.612,167,57,0.612,194,167,57,0.0,1,1,0
5,25,61,8,1.3025181407749236,strong,susceptible,0,1,0.0,-1,-1,1,0,0,0,18.3,26.1,20.302009281763187,35.503520952153465,27.058682401889502,44.181444068749045,7,18,1.302,1.303,60,0.612,167,57,0.612,194,167,57,0.0,1,1,0
5,26,61,8,1.3025181407749236,strong,susceptible,0,1,0.0,-1,-1,1,0,0,0,18.3,26.1,20.302009281763187,35.503520952153465,27.058682401889502,44.181444068749045,7,18,1.302,1.303,60,0.612,167,57,0.612,194,167,57,0.0,1,1,0
5,27,61,8,1.3025181407749236,strong,susceptible,0,1,0.0,-1,-1,1,0,0,0,18.3,26.1,20.302009281763187,35.503520952153465,27.058682401889502,44.181444068749045,7,18,1.302,1.303,60,0.612,167,57,0.612,194,167,57,0.0,1,1,0
5,28,61,8,1.3025181407749236,strong,susceptible,0,1,0.0,-1,-1,1,0,0,0,18.3,26.1,20.302009281763187,35.503520952153465,27.058682401889502,44.181444068749045,7,18,1.302,1.303,60,0.612,167,57,0.612,194,167,57,0.0,1,1,0
5,29,61,8,1.3025181407749236,strong,susceptible,0,1,0.0,-1,-1,1,0,0,0,18.3,26.1,20.302009281763187,35.503520952153465,27.058682401889502,44.181444068749045,7,18,1.302,1.303,60,0.612,167,57,0.612,194,167,57,0.0,1,1,0
5,30,61,8,1.3025181407749236,strong,susceptible,0,1,0.0,-1,-1,1,0,0,0,18.3,26.1,20.302009281763187,35.503520952153465,27.058682401889502,44.181444068749045,7,18,1.302,1.303,60,0.612,167,57,0.612,194,167,57,0.0,1,1,0
5,31,61,8,1.3025181407749236,strong,susceptible,0,1,0.0,-1,-1,1,0,0,0,18.3,26.1,20.302009281763187,35.503520952153465,27.058682401889502,44.181444068749045,7,18,1.302,1.303,60,0.612,167,57,0.612,194,167,57,0.0,1,1,0
5,32,61,8,1.3025181407749236,strong,susceptible,0,1,0.0,-1,-1,1,0,0,0,18.3,26.1,20.302009281763187,35.503520952153465,27.058682401889502,44.181444068749045,7,18,1.302,1.303,60,0.612,167,57,0.612,194,167,57,0.0,1,1,0
5,33,61,8,1.3025181407749236,strong,susceptible,0,1,0.0,-1,-1,1,0,0,0,18.3,26.1,20.302009281763187,35.503520952153465,27.058682401889502,44.181444068749045,7,18,1.302,1.303,60,0.612,167,57,0.612,194,167,57,0.0,1,1,0
5,34,61,8,1.3025181407749236,strong,susceptible,0,1,0.0,-1,-1,1,0,0,0,18.3,26.1,20.302009281763187,35.503520952153465,27.058682401889502,44.181444068749045,7,18,1.302,1.303,60,0.612,167,57,0.612,194,167,57,0.0,1,1,0
5,35,61,8,1.3025181407749236,strong,susceptible,0,1,0.0,-1,-1,1,0,0,0,18.3,26.1,20.302009281763187,35.503520952153465,27.058682401889502,44.181444068749045,7,18,1.302,1.303,60,0.612,167,57,0.612,194,167,57,0.0,1,1,0
5,36,61,8,1.3025181407749236,strong,susceptible,0,1,0.0,-1,-1,1,0,0,0,18.3,26.1,20.302009281763187,35.503520952153465,27.058682401889502,44.181444068749045,7,18,1.302,1.303,60,0.612,167,57,0.612,194,167,57,0.0,1,1,0
5,37,61,8,1.3025181407749236,strong,susceptible,0,1,0.0,-1,-1,1,0,0,0,18.3,26.1,20.302009281763187,35.503520952153465,27.058682401889502,44.181444068749045,7,18,1.302,1.303,60,0.612,167,57,0.612,194,167,57,0.0,1,1,0
5,38,61,8,1.3025181407749236,strong,susceptible,0,1,0.0,-1,-1,1,0,0,0,18.3,26.1,20.302009281763187,35.503520952153465,27.058682401889502,44.181444068749045,7,18,1.302,1.303,60,0.612,167,57,0.612,194,167,57,0.0,1,1,0
5,39,61,8,1.3025181407749236,strong,susceptible,0,1,0.0,-1,-1,1,0,0,0,18.3,26.1,20.302009281763187,35.503520952153465,27.058682401889502,44.181444068749045,7,18,1.302,1.303,60,0.612,167,57,0.612,194,167,57,0.0,1,1,0
6,0,50,9,1.3029660417105267,strong,susceptible,0,1,0.0,-1,-1,1,0,0,0,16.7,24.1,17.590857358793627,27.380650101851124,31.710920289049408,44.9221548904324,7,18,1.302,1.303,60,0.612,167,57,0.612,194,167,57,0.0,1,1,0
6,1,50,9,1.3029660417105267,strong,susceptible,0,1,0.0,-1,-1,1,0,0,0,16.7,24.1,17.590857358793627,27.380650101851124,31.710920289049408,44.9221548904324,7,18,1.302,1.303,60,0.612,167,57,0.612,194,167,57,0.0,1,1,0
6,2,50,9,1.3029660417105267,strong,susceptible,0,1,0.0,-1,-1,1,0,0,0,16.7,24.1,17.590857358793627,27.380650101851124,31.710920289049408,44.9221548904324,7,18,1.302,1.303,60,0.612,167,57,0.612,194,167,57,0.0,1,1,0
6,3,50,9,1.3029660417105267,strong,susceptible,0,1,0.0,-1,-1,1,0,0,0,16.7,24.1,17.590857358793627,27.380650101851124,31.710920289049408,44.9221548904324,7,18,1.302,1.303,60,0.612,167,57,0.612,194,167,57,0.0,1,1,0
6,4,50,9,1.3029660417105267,strong,susceptible,0,1,0.0,-1,-1,1,0,0,0,16.7,24.1,17.590857358793627,27.380650101851124,31.710920289049408,44.9221548904324,7,18,1.302,1.303,60,0.612,167,57,0.612,194,167,57,0.0,1,1,0
6,5,50,9,1.3029660417105267,strong,susceptible,0,1,0.0,-1,-1,1,0,0,0,16.7,24.1,17.590857358793627,27.380650101851124,31.710920289049408,44.9221548904324,7,18,1.302,1.303,60,0.612,167,57,0.612,194,167,57,0.0,1,1,0
6,6,50,9,1.3029660417105267,strong,susceptible,0,1,0.0,-1,-1,1,0,0,0,16.7,24.1,17.590857358793627,27.380650101851124,31.710920289049408,44.9221548904324,7,18,1.302,1.303,60,0.612,167,57,0.612,194,167,57,0.0,1,1,0
6,7,50,9,1.3029660417105267,strong,susceptible,0,1,0.0,-1,-1,1,0,0,0,16.7,24.1,17.590857358793627,27.380650101851124,31.710920289049408,44.9221548904324,7,18,1.302,1.303,60,0.612,167,57,0.612,194,167,57,0.0,1,1,0
6,8,50,9,1.3029660417105267,strong,susceptible,0,1,0.0,-1,-1,1,0,0,0,16.7,24.1,17.590857358793627,27.380650101851124,31.710920289049408,44.9221548904324,7,18,1.302,1.303,60,0.612,167,57,0.612,194,167,57,0.0,1,1,0
6,9,50,9,1.3029660417105267,strong,susceptible,0,1,0.0,-1,-1,1,0,0,0,16.7,24.1,17.590857358793627,27.380650101851124,31.710920289049408,44.9221548904324,7,18,1.302,1.303,60,0.612,167,57,0.612,194,167,57,0.0,1,1,0
6,10,50,9,1.3029660417105267,strong,susceptible,0,1,0.0,-1,-1,1,0,0,0,16.7,24.1,17.590857358793627,27.380650101851124,31.710920289049408,44.9221548904324,7,18,1.302,1.303,60,0.612,167,57,0.612,194,167,57,0.0,1,1,0
6,11,50,9,1.3029660417105267,strong,susceptible,0,1,0.0,-1,-1,1,0,0,0,16.7,24.1,17.590857358793627,27.380650101851124,31.710920289049408,44.9221548904324,7,18,1.302,1.303,60,0.612,167,57,0.612,194,167,57,0.0,1,1,0
6,12,50,9,1.3029660417105267,strong,susceptible,0,1,0.0,-1,-1,1,0,0,0,16.7,24.1,17.590857358793627,27.380650101851124,31.710920289049408,44.9221548904324,7,18,1.302,1.303,60,0.612,167,57,0.612,194,167,57,0.0,1,1,0
6,13,50,9,1.3029660417105267,strong,susceptible,0,1,0.0,-1,-1,1,0,0,0,16.7,24.1,17.590857358793627,27.380650101851124,31.710920289049408,44.9221548904324,7,18,1.302,1.303,60,0.612,167,57,0.612,194,167,57,0.0,1,1,0
6,14,50,9,1.3029660417105267,strong,susceptible,0,1,0.0,-1,-1,1,0,0,0,16.7,24.1,17.590857358793627,27.380650101851124,31.710920289049408,44.9221548904324,7,18,1.302,1.303,60,0.612,167,57,0.612,194,167,57,0.0,1,1,0
6,15,50,9,1.3029660417105267,strong,susceptible,0,1,0.0,-1,-1,1,0,0,0,16.7,24.1,17.590857358793627,27.380650101851124,31.710920289049408,44.9221548904324,7,18,1.302,1.303,60,0.612,167,57,0.612,194,167,57,0.0,1,1,0
6,16,50,9,1.3029660417105267,strong,susceptible,0,1,0.0,-1,-1,1,0,0,0,16.7,24.1,17.590857358793627,27.380650101851124,31.710920289049408,44.9221548904324,7,18,1.302,1.303,60,0.612,167,57,0.612,194,167,57,0.0,1,1,0
6,17,50,9,1.3029660417105267,strong,susceptible,0,1,0.0,-1,-1,1,0,0,0,16.7,24.1,17.590857358793627,27.380650101851124,31.710920289049408,44.9221548904324,7,18,1.302,1.303,60,0.612,167,57,0.612,194,167,57,0.0,1,1,0
6,18,50,9,1.3029660417105267,strong,susceptible,0,1,0.0,-1,-1,1,0,0,0,16.7,24.1,17.590857358793627,27.380650101851124,31.710920289049408,44.9221548904324,7,18,1.302,1.303,60,0.612,167,57,0.612,194,167,57,0.0,1,1,0
6,19,50,9,1.3029660417105267,strong,susceptible,0,1,0.0,-1,-1,1,0,0,0,16.7,24.1,17.590857358793627,27.380650101851124,31.710920289049408,44.9221548904324,7,18,1.302,1.303,60,0.612,167,57,0.612,194,167,57,0.0,1,1,0
6,20,50,9,1.3029660417105267,strong,susceptible,0,1,0.0,-1,-1,1,0,0,0,16.7,24.1,17.590857358793627,27.380650101851124,31.710920289049408,44.9221548904324,7,18,1.302,1.303,60,0.612,167,57,0.612,194,167,57,0.0,1,1,0
6,21,50,9,1.3029660417105267,strong,susceptible,0,1,0.0,-1,-1,1,0,0,0,16.7,24.1,17.590857358793627,27.380650101851124,31.710920289049408,44.9221548904324,7,18,1.302,1.303,60,0.612,167,57,0.612,194,167,57,0.0,1,1,0
6,22,50,9,1.3029660417105267,strong,susceptible,0,1,0.0,-1,-1,1,0,0,0,16.7,24.1,17.590857358793627,27.380650101851124,31.710920289049408,44.9221548904324,7,18,1.302,1.303,60,0.612,167,57,0.612,194,167,57,0.0,1,1,0
6,23,50,9,1.3029660417105267,strong,susceptible,0,1,0.0,-1,-1,1,0,0,0,16.7,24.1,17.590857358793627,27.380650101851124,31.710920289049408,44.9221548904324,7,18,1.302,1.303,60,0.612,167,57,0.612,194,167,57,0.0,1,1,0
6,24,50,9,1.3029660417105267,strong,susceptible,0,1,0.0,-1,-1,1,0,0,0,16.7,24.1,17.590857358793627,27.380650101851124,31.710920289049408,44.9221548904324,7,18,1.302,1.303,60,0.612,167,57,0.612,194,167,57,0.0,1,1,0
6,25,50,9,1.3029660417105267,strong,susceptible,0,1,0.0,-1,-1,1,0,0,0,16.7,24.1,17.590857358793627,27.380650101851124,31.710920289049408,44.9221548904324,7,18,1.302,1.303,60,0.612,167,57,0.612,194,167,57,0.0,1,1,0
6,26,50,9,1.3029660417105267,strong,susceptible,0,1,0.0,-1,-1,1,0,0,0,16.7,24.1,17.590857358793627,27.380650101851124,31.710920289049408,44.9221548904324,7,18,1.302,1.303,60,0.612,167,57,0.612,194,167,57,0.0,1,1,0
6,27,50,9,1.3029660417105267,strong,susceptible,0,1,0.0,-1,-1,1,0,0,0,16.7,24.1,17.590857358793627,27.380650101851124,31.710920289049408,44.9221548904324,7,18,1.302,1.303,60,0.612,167,57,0.612,194,167,57,0.0,1,1,0
6,28,50,9,1.3029660417105267,strong,susceptible,0,1,0.0,-1,-1,1,0,0,0,16.7,24.1,17.590857358793627,27.380650101851124,31.710920289049408,44.9221548904324,7,18,1.302,1.303,60,0.612,167,57,0.612,194,167,57,0.0,1,1,0
6,29,50,9,1.3029660417105267,strong,susceptible,0,1,0.0,-1,-1,1,0,0,0,16.7,24.1,17.590857358793627,27.380650101851124,31.710920289049408,44.9221548904324,7,18,1.302,1.303,60,0.612,167,57,0.612,194,167,57,0.0,1,1,0
6,30,50,9,1.3029660417105267,strong,susceptible,0,1,0.0,-1,-1,1,0,0,0,16.7,24.1,17.590857358793627,27.380650101851124,31.710920289049408,44.9221548904324,7,18,1.302,1.303,60,0.612,167,57,0.612,194,167,57,0.0,1,1,0
6,31,50,9,1.3029660417105267,strong,susceptible,0,1,0.0,-1,-1,1,0,0,0,16.7,24.1,17.590857358793627,27.380650101851124,31.710920289049408,44.9221548904324,7,18,1.302,1.303,60,0.612,167,57,0.612,194,167,57,0.0,1,1,0
6,32,50,9,1.3029660417105267,strong,susceptible,0,1,0.0,-1,-1,1,0,0,0,16.7,24.1,17.590857358793627,27.380650101851124,31.710920289049408,44.9221548904324,7,18,1.302,1.303,60,0.612,167,57,0.612,194,167,57,0.0,1,1,0
6,33,50,9,1.3029660417105267,strong,susceptible,0,1,0.0,-1,-1,1,0,0,0,16.7,24.1,17.590857358793627,27.380650101851124,31.710920289049408,44.9221548904324,7,18,1.302,1.303,60,0.612,167,57,0.612,194,167,57,0.0,1,1,0
6,34,50,9,1.3029660417105267,strong,susceptible,0,1,0.0,-1,-1,1,0,0,0,16.7,24.1,17.590857358793627,27.380650101851124,31.710920289049408,44.9221548904324,7,18,1.302,1.303,60,0.612,167,57,0.612,194,167,57,0.0,1,1,0
6,35,50,9,1.3029660417105267,strong,susceptible,0,1,0.0,-1,-1,1,0,0,0,16.7,24.1,17.590857358793627,27.380650101851124,31.710920289049408,44.9221548904324,7,18,1.302,1.303,60,0.612,167,57,0.612,194,167,57,0.0,1,1,0
6,36,50,9,1.3029660417105267,strong,susceptible,0,1,0.0,-1,-1,1,0,0,0,16.7,24.1,17.590857358793627,27.380650101851124,31.710920289049408,44.9221548904324,7,18,1.302,1.303,60,0.612,167,57,0.612,194,167,57,0.0,1,1,0
6,37,50,9,1.3029660417105267,strong,susceptible,0,1,0.0,-1,-1,1,0,0,0,16.7,24.1,17.590857358793627,27.380650101851124,31.710920289049408,44.9221548904324,7,18,1.302,1.303,60,0.612,167,57,0.612,194,167,57,0.0,1,1,0
6,38,50,9,1.3029660417105267,strong,susceptible,0,1,0.0,-1,-1,1,0,0,0,16.7,24.1,17.590857358793627,27.380650101851124,31.710920289049408,44.9221548904324,7,18,1.302,1.303,60,0.612,167,57,0.612,194,167,57,0.0,1,1,0
6,39,50,9,1.3029660417105267,strong,susceptible,0,1,0.0,-1,-1,1,0,0,0,16.7,24.1,17.590857358793627,27.380650101851124,31.710920289049408,44.9221548904324,7,18,1.302,1.303,60,0.612,167,57,0.612,194,167,57,0.0,1,1,0
7,0,125,5,1.3029297083307325,medium,susceptible,0,1,0.0,-1,-1,0,1,0,0,23.8,25.7,20.405535713193423,27.223702907576698,29.892175921699618,47.16990566028302,7,18,1.302,1.303,60,0.612,167,57,0.612,194,167,57,0.0,1,1,0
7,1,125,5,1.3029297083307325,medium,susceptible,0,1,0.0,-1,-1,0,1,0,0,23.8,25.7,20.405535713193423,27.223702907576698,29.892175921699618,47.16990566028302,7,18,1.302,1.303,60,0.612,167,57,0.612,194,167,57,0.0,1,1,0
7,2,125,5,1.3029297083307325,medium,susceptible,0,1,0.0,-1,-1,0,1,0,0,23.8,25.7,20.405535713193423,27.223702907576698,29.892175921699618,47.16990566028302,7,18,1.302,1.303,60,0.612,167,57,0.612,194,167,57,0.0,1,1,0
7,3,125,5,1.3029297083307325,medium,susceptible,0,1,0.0,-1,-1,0,1,0,0,23.8,25.7,20.405535713193423,27.223702907576698,29.892175921699618,47.16990566028302,7,18,1.302,1.303,60,0.612,167,57,0.612,194,167,57,0.0,1,1,0
7,4,125,5,1.3029297083307325,medium,susceptible,0,1,0.0,-1,-1,0,1,0,0,23.8,25.7,20.405535713193423,27.223702907576698,29.892175921699618,47.16990566028302,7,18,1.302,1.303,60,0.612,167,57,0.612,194,167,57,0.0,1,1,0
7,5,125,5,1.3029297083307325,medium,susceptible,0,1,0.0,-1,-1,0,1,0,0,23.8,25.7,20.405535713193423,27.223702907576698,29.892175921699618,47.16990566028302,7,18,1.302,1.303,60,0.612,167,57,0.612,194,167,57,0.0,1,1,0
7,6,125,5,1.3029297083307325,medium,susceptible,0,1,0.0,-1,-1,0,1,0,0,23.8,25.7,20.405535713193423,27.223702907576698,29.892175921699618,47.16990566028302,7,18,1.302,1.303,60,0.612,167,57,0.612,194,167,57,0.0,1,1,0
7,7,125,5,1.3029297083307325,medium,susceptible,0,1,0.0,-1,-1,0,1,0,0,23.8,25.7,20.405535713193423,27.223702907576698,29.892175921699618,47.16990566028302,7,18,1.302,1.303,60,0.612,167,57,0.612,194,167,57,0.0,1,1,0
7,8,125,5,1.3029297083307325,medium,susceptible,0,1,0.0,-1,-1,0,1,0,0,23.8,25.7,20.405535713193423,27.223702907576698,29.892175921699618,47.16990566028302,7,18,1.302,1.303,60,0.612,167,57,0.612,194,167,57,0.0,1,1,0
7,9,125,5,1.3029297083307325,medium,susceptible,0,1,0.0,-1,-1,0,1,0,0,23.8,25.7,20.405535713193423,27.223702907576698,29.892175921699618,47.16990566028302,7,18,1.302,1.303,60,0.612,167,57,0.612,194,167,57,0.0,1,1,0
7,10,125,5,1.3029297083307325,medium,susceptible,0,1,0.0,-1,-1,0,1,0,0,23.8,25.7,20.405535713193423,27.223702907576698,29.892175921699618,47.16990566028302,7,18,1.302,1.303,60,0.612,167,57,0.612,194,167,57,0.0,1,1,0
7,11,125,5,1.3029297083307325,medium,susceptible,0,1,0.0,-1,-1,0,1,0,0,23.8,25.7,20.405535713193423,27.223702907576698,29.892175921699618,47.16990566028302,7,18,1.302,1.303,60,0.612,167,57,0.612,194,167,57,0.0,1,1,0
7,12,125,5,1.3029297083307325,medium,susceptible,0,1,0.0,-1,-1,0,1,0,0,23.8,25.7,20.405535713193423,27.223702907576698,29.892175921699618,47.16990566028302,7,18,1.302,1.303,60,0.612,167,57,0.612,194,167,57,0.0,1,1,0
7,13,125,5,1.3029297083307325,medium,susceptible,0,1,0.0,-1,-1,0,1,0,0,23.8,25.7,20.405535713193423,27.223702907576698,29.892175921699618,47.16990566028302,7,18,1.302,1.303,60,0.612,167,57,0.612,194,167,57,0.0,1,1,0
7,14,125,5,1.3029297083307325,medium,susceptible,0,1,0.0,-1,-1,0,1,0,0,23.8,25.7,20.405535713193423,27.223702907576698,29.892175921699618,47.16990566028302,7,18,1.302,1.303,60,0.612,167,57,0.612,194,167,57,0.0,1,1,0
7,15,125,5,1.3029297083307325,medium,susceptible,0,1,0.0,-1,-1,0,1,0,0,23.8,25.7,20.405535713193423,27.223702907576698,29.892175921699618,47.16990566028302,7,18,1.302,1.303,60,0.612,167,57,0.612,194,167,57,0.0,1,1,0
7,16,125,5,1.3029297083307325,medium,susceptible,0,1,0.0,-1,-1,0,1,0,0,23.8,25.7,20.405535713193423,27.223702907576698,29.892175921699618,47.16990566028302,7,18,1.302,1.303,60,0.612,167,57,0.612,194,167,57,0.0,1,1,0
7,17,125,5,1.3029297083307325,medium,susceptible,0,1,0.0,-1,-1,0,1,0,0,23.8,25.7,20.405535713193423,27.223702907576698,29.892175921699618,47.16990566028302,7,18,1.302,1.303,60,0.612,167,57,0.612,194,167,57,0.0,1,1,0
7,18,125,5,1.3029297083307325,medium,susceptible,0,1,0.0,-1,-1,0,1,0,0,23.8,25.7,20.405535713193423,27.223702907576698,29.892175921699618,47.16990566028302,7,18,1.302,1.303,60,0.612,167,57,0.612,194,167,57,0.0,1,1,0
7,19,125,5,1.3029297083307325,medium,susceptible,0,1,0.0,-1,-1,0,1,0,0,23.8,25.7,20.405535713193423,27.223702907576698,29.892175921699618,47.16990566028302,7,18,1.302,1.303,60,0.612,167,57,0.612,194,167,57,0.0,1,1,0
7,20,125,5,1.3029297083307325,medium,susceptible,0,1,0.0,-1,-1,0,1,0,0,23.8,25.7,20.405535713193423,27.223702907576698,29.892175921699618,47.16990566028302,7,18,1.302,1.303,60,0.612,167,57,0.612,194,167,57,0.0,1,1,0
7,21,125,5,1.3029297083307325,medium,susceptible,0,1,0.0,-1,-1,0,1,0,0,23.8,25.7,20.405535713193423,27.223702907576698,29.892175921699618,47.16990566028302,7,18,1.302,1.303,60,0.612,167,57,0.612,194,167,57,0.0,1,1,0
7,22,125,5,1.3029297083307325,medium,susceptible,0,1,0.0,-1,-1,0,1,0,0,23.8,25.7,20.405535713193423,27.223702907576698,29.892175921699618,47.16990566028302,7,18,1.302,1.303,60,0.612,167,57,0.612,194,167,57,0.0,1,1,0
7,23,125,5,1.3029297083307325,medium,susceptible,0,1,0.0,-1,-1,0,1,0,0,23.8,25.7,20.405535713193423,27.223702907576698,29.892175921699618,47.16990566028302,7,18,1.302,1.303,60,0.612,167,57,0.612,194,167,57,0.0,1,1,0
7,24,125,5,1.3029297083307325,medium,susceptible,0,1,0.0,-1,-1,0,1,0,0,23.8,25.7,20.405535713193423,27.223702907576698,29.892175921699618,47.16990566028302,7,18,1.302,1.303,60,0.612,167,57,0.612,194,167,57,0.0,1,1,0
7,25,125,5,1.3029297083307325,medium,susceptible,0,1,0.0,-1,-1,0,1,0,0,23.8,25.7,20.405535713193423,27.223702907576698,29.892175921699618,47.16990566028302,7,18,1.302,1.303,60,0.612,167,57,0.612,194,167,57,0.0,1,1,0
7,26,125,5,1.3029297083307325,medium,susceptible,0,1,0.0,-1,-1,0,1,0,0,23.8,25.7,20.405535713193423,27.223702907576698,29.892175921699618,47.16990566028302,7,18,1.302,1.303,60,0.612,167,57,0.612,194,167,57,0.0,1,1,0
7,27,125,5,1.3029297083307325,medium,susceptible,0,1,0.0,-1,-1,0,1,0,0,23.8,25.7,20.405535713193423,27.223702907576698,29.892175921699618,47.16990566028302,7,18,1.302,1.303,60,0.612,167,57,0.612,194,167,57,0.0,1,1,0
7,28,125,5,1.3029297083307325,medium,susceptible,0,1,0.0,-1,-1,0,1,0,0,23.8,25.7,20.405535713193423,27.223702907576698,29.892175921699618,47.16990566028302,7,18,1.302,1.303,60,0.612,167,57,0.612,194,167,57,0.0,1,1,0
7,29,125,5,1.3029297083307325,medium,susceptible,0,1,0.0,-1,-1,0,1,0,0,23.8,25.7,20.405535713193423,27.223702907576698,29.892175921699618,47.16990566028302,7,18,1.302,1.303,60,0.612,167,57,0.612,194,167,57,0.0,1,1,0
7,30,125,5,1.3029297083307325,medium,susceptible,0,1,0.0,-1,-1,0,1,0,0,23.8,25.7,20.405535713193423,27.223702907576698,29.892175921699618,47.16990566028302,7,18,1.302,1.303,60,0.612,167,57,0.612,194,167,57,0.0,1,1,0
7,31,125,5,1.3029297083307325,medium,susceptible,0,1,0.0,-1,-1,0,1,0,0,23.8,25.7,20.405535713193423,27.223702907576698,29.892175921699618,47.16990566028302,7,18,1.302,1.303,60,0.612,167,57,0.612,194,167,57,0.0,1,1,0
7,32,125,5,1.3029297083307325,medium,susceptible,0,1,0.0,-1,-1,0,1,0,0,23.8,25.7,20.405535713193423,27.223702907576698,29.892175921699618,47.16990566028302,7,18,1.302,1.303,60,0.612,167,57,0.612,194,167,57,0.0,1,1,0
7,33,125,5,1.3029297083307325,medium,susceptible,0,1,0.0,-1,-1,0,1,0,0,23.8,25.7,20.405535713193423,27.223702907576698,29.892175921699618,47.16990566028302,7,18,1.302,1.303,60,0.612,167,57,0.584,208,159,57,0.028000000000000025,1,1,0
7,34,125,5,1.3029297083307325,medium,infected,1,1,1.508,33,1,0,1,0,0,23.8,25.7,20.405535713193423,27.223702907576698,29.892175921699618,47.16990566028302,7,18,1.302,1.303,60,0.612,167,57,0.612,194,167,57,0.0,1,1,0
7,35,125,5,1.3029297083307325,medium,infected,1,1,12.172,33,2,0,1,0,0,23.8,25.7,20.405535713193423,27.223702907576698,29.892175921699618,47.16990566028302,7,18,1.302,1.303,60,0.612,167,57,0.612,194,167,57,0.0,1,1,0
7,36,125,5,1.3029297083307325,medium,infected,1,1,26.99,33,3,0,1,0,0,23.8,25.7,20.405535713193423,27.223702907576698,29.892175921699618,47.16990566028302,7,18,1.302,1.303,60,0.612,167,57,0.612,194,167,57,0.0,1,1,0
7,37,125,5,1.3029297083307325,medium,infected,1,1,37.124,33,4,0,1,0,0,23.8,25.7,20.405535713193423,27.223702907576698,29.892175921699618,47.16990566028302,7,18,1.302,1.303,60,0.612,167,57,0.59,205,159,57,0.02200000000000002,1,1,0
7,38,125,5,1.3029297083307325,medium,infected,1,1,39.722,33,5,0,1,0,0,23.8,25.7,20.405535713193423,27.223702907576698,29.892175921699618,47.16990566028302,7,18,1.302,1.303,60,0.612,167,57,0.608,196,167,57,0.0040000000000000036,1,1,0
7,39,125,5,1.3029297083307325,medium,infected,1,1,36.388,33,6,0,1,0,0,23.8,25.7,20.405535713193423,27.223702907576698,29.892175921699618,47.16990566028302,7,18,1.302,1.303,60,0.612,167,57,0.612,194,167,57,0.0,1,1,0
8,0,160,9,1.302210887114864,strong,susceptible,0,1,0.0,-1,-1,1,0,0,0,23.0,29.8,15.436059864298553,28.855502074994295,24.57235521977293,37.94733192202055,7,18,1.302,1.303,60,0.612,167,57,0.612,194,167,57,0.0,1,1,0
8,1,160,9,1.302210887114864,strong,susceptible,0,1,0.0,-1,-1,1,0,0,0,23.0,29.8,15.436059864298553,28.855502074994295,24.57235521977293,37.94733192202055,7,18,1.302,1.303,60,0.612,167,57,0.612,194,167,57,0.0,1,1,0
8,2,160,9,1.302210887114864,strong,susceptible,0,1,0.0,-1,-1,1,0,0,0,23.0,29.8,15.436059864298553,28.855502074994295,24.57235521977293,37.94733192202055,7,18,1.302,1.303,60,0.612,167,57,0.612,194,167,57,0.0,1,1,0
8,3,160,9,1.302210887114864,strong,susceptible,0,1,0.0,-1,-1,1,0,0,0,23.0,29.8,15.436059864298553,28.855502074994295,24.57235521977293,37.94733192202055,7,18,1.302,1.303,60,0.612,167,57,0.612,194,167,57,0.0,1,1,0
8,4,160,9,1.302210887114864,strong,susceptible,0,1,0.0,-1,-1,1,0,0,0,23.0,29.8,15.436059864298553,28.855502074994295,24.57235521977293,37.94733192202055,7,18,1.302,1.303,60,0.612,167,57,0.612,194,167,57,0.0,1,1,0
8,5,160,9,1.302210887114864,strong,susceptible,0,1,0.0,-1,-1,1,0,0,0,23.0,29.8,15.436059864298553,28.855502074994295,24.57235521977293,37.94733192202055,7,18,1.302,1.303,60,0.612,167,57,0.612,194,167,57,0.0,1,1,0
8,6,160,9,1.302210887114864,strong,susceptible,0,1,0.0,-1,-1,1,0,0,0,23.0,29.8,15.436059864298553,28.855502074994295,24.57235521977293,37.94733192202055,7,18,1.302,1.303,60,0.612,167,57,0.612,194,167,57,0.0,1,1,0
8,7,160,9,1.302210887114864,strong,susceptible,0,1,0.0,-1,-1,1,0,0,0,23.0,29.8,15.436059864298553,28.855502074994295,24.57235521977293,37.94733192202055,7,18,1.302,1.303,60,0.612,167,57,0.612,194,167,57,0.0,1,1,0
8,8,160,9,1.302210887114864,strong,susceptible,0,1,0.0,-1,-1,1,0,0,0,23.0,29.8,15.436059864298553,28.855502074994295,24.57235521977293,37.94733192202055,7,18,1.302,1.303,60,0.612,167,57,0.612,194,167,57,0.0,1,1,0
8,9,160,9,1.302210887114864,strong,susceptible,0,1,0.0,-1,-1,1,0,0,0,23.0,29.8,15.436059864298553,28.855502074994295,24.57235521977293,37.94733192202055,7,18,1.302,1.303,60,0.612,167,57,0.612,194,167,57,0.0,1,1,0
8,10,160,9,1.302210887114864,strong,susceptible,0,1,0.0,-1,-1,1,0,0,0,23.0,29.8,15.436059864298553,28.855502074994295,24.57235521977293,37.94733192202055,7,18,1.302,1.303,60,0.612,167,57,0.612,194,167,57,0.0,1,1,0
8,11,160,9,1.302210887114864,strong,susceptible,0,1,0.0,-1,-1,1,0,0,0,23.0,29.8,15.436059864298553,28.855502074994295,24.57235521977293,37.94733192202055,7,18,1.302,1.303,60,0.612,167,57,0.612,194,167,57,0.0,1,1,0
8,12,160,9,1.302210887114864,strong,susceptible,0,1,0.0,-1,-1,1,0,0,0,23.0,29.8,15.436059864298553,28.855502074994295,24.57235521977293,37.94733192202055,7,18,1.302,1.303,60,0.612,167,57,0.612,194,167,57,0.0,1,1,0
8,13,160,9,1.302210887114864,strong,susceptible,0,1,0.0,-1,-1,1,0,0,0,23.0,29.8,15.436059864298553,28.855502074994295,24.57235521977293,37.94733192202055,7,18,1.302,1.303,60,0.612,167,57,0.612,194,167,57,0.0,1,1,0
8,14,160,9,1.302210887114864,strong,susceptible,0,1,0.0,-1,-1,1,0,0,0,23.0,29.8,15.436059864298553,28.855502074994295,24.57235521977293,37.94733192202055,7,18,1.302,1.303,60,0.612,167,57,0.612,194,167,57,0.0,1,1,0
8,15,160,9,1.302210887114864,strong,susceptible,0,1,0.0,-1,-1,1,0,0,0,23.0,29.8,15.436059864298553,28.855502074994295,24.57235521977293,37.94733192202055,7,18,1.302,1.303,60,0.612,167,57,0.612,194,167,57,0.0,1,1,0
8,16,160,9,1.302210887114864,strong,susceptible,0,1,0.0,-1,-1,1,0,0,0,23.0,29.8,15.436059864298553,28.855502074994295,24.57235521977293,37.94733192202055,7,18,1.302,1.303,60,0.612,167,57,0.612,194,167,57,0.0,1,1,0
8,17,160,9,1.302210887114864,strong,susceptible,0,1,0.0,-1,-1,1,0,0,0,23.0,29.8,15.436059864298553,28.855502074994295,24.57235521977293,37.94733192202055,7,18,1.302,1.303,60,0.612,167,57,0.612,194,167,57,0.0,1,1,0
8,18,160,9,1.302210887114864,strong,susceptible,0,1,0.0,-1,-1,1,0,0,0,23.0,29.8,15.436059864298553,28.855502074994295,24.57235521977293,37.94733192202055,7,18,1.302,1.303,60,0.612,167,57,0.612,194,167,57,0.0,1,1,0
8,19,160,9,1.302210887114864,strong,susceptible,0,1,0.0,-1,-1,1,0,0,0,23.0,29.8,15.436059864298553,28.855502074994295,24.57235521977293,37.94733192202055,7,18,1.302,1.303,60,0.612,167,57,0.612,194,167,57,0.0,1,1,0
8,20,160,9,1.302210887114864,strong,susceptible,0,1,0.0,-1,-1,1,0,0,0,23.0,29.8,15.436059864298553,28.855502074994295,24.57235521977293,37.94733192202055,7,18,1.302,1.303,60,0.612,167,57,0.612,194,167,57,0.0,1,1,0
8,21,160,9,1.302210887114864,strong,susceptible,0,1,0.0,-1,-1,1,0,0,0,23.0,29.8,15.436059864298553,28.855502074994295,24.57235521977293,37.94733192202055,7,18,1.302,1.303,60,0.612,167,57,0.612,194,167,57,0.0,1,1,0
8,22,160,9,1.302210887114864,strong,susceptible,0,1,0.0,-1,-1,1,0,0,0,23.0,29.8,15.436059864298553,28.855502074994295,24.57235521977293,37.94733192202055,7,18,1.302,1.303,60,0.612,167,57,0.612,194,167,57,0.0,1,1,0
8,23,160,9,1.302210887114864,strong,susceptible,0,1,0.0,-1,-1,1,0,0,0,23.0,29.8,15.436059864298553,28.855502074994295,24.57235521977293,37.94733192202055,7,18,1.302,1.303,60,0.612,167,57,0.612,194,167,57,0.0,1,1,0
8,24,160,9,1.302210887114864,strong,susceptible,0,1,0.0,-1,-1,1,0,0,0,23.0,29.8,15.436059864298553,28.855502074994295,24.57235521977293,37.94733192202055,7,18,1.302,1.303,60,0.612,167,57,0.612,194,167,57,0.0,1,1,0
8,25,160,9,1.302210887114864,strong,susceptible,0,1,0.0,-1,-1,1,0,0,0,23.0,29.8,15.436059864298553,28.855502074994295,24.57235521977293,37.94733192202055,7,18,1.302,1.303,60,0.612,167,57,0.612,194,167,57,0.0,1,1,0
8,26,160,9,1.302210887114864,strong,susceptible,0,1,0.0,-1,-1,1,0,0,0,23.0,29.8,15.436059864298553,28.855502074994295,24.57235521977293,37.94733192202055,7,18,1.302,1.303,60,0.612,167,57,0.612,194,167,57,0.0,1,1,0
8,27,160,9,1.302210887114864,strong,susceptible,0,1,0.0,-1,-1,1,0,0,0,23.0,29.8,15.436059864298553,28.855502074994295,24.57235521977293,37.94733192202055,7,18,1.302,1.303,60,0.612,167,57,0.612,194,167,57,0.0,1,1,0
8,28,160,9,1.302210887114864,strong,susceptible,0,1,0.0,-1,-1,1,0,0,0,23.0,29.8,15.436059864298553,28.855502074994295,24.57235521977293,37.94733192202055,7,18,1.302,1.303,60,0.612,167,57,0.612,194,167,57,0.0,1,1,0
8,29,160,9,1.302210887114864,strong,susceptible,0,1,0.0,-1,-1,1,0,0,0,23.0,29.8,15.436059864298553,28.855502074994295,24.57235521977293,37.94733192202055,7,18,1.302,1.303,60,0.612,167,57,0.612,194,167,57,0.0,1,1,0
8,30,160,9,1.302210887114864,strong,susceptible,0,1,0.0,-1,-1,1,0,0,0,23.0,29.8,15.436059864298553,28.855502074994295,24.57235521977293,37.94733192202055,7,18,1.302,1.303,60,0.612,167,57,0.612,194,167,57,0.0,1,1,0
8,31,160,9,1.302210887114864,strong,susceptible,0,1,0.0,-1,-1,1,0,0,0,23.0,29.8,15.436059864298553,28.855502074994295,24.57235521977293,37.94733192202055,7,18,1.302,1.303,60,0.612,167,57,0.612,194,167,57,0.0,1,1,0
8,32,160,9,1.302210887114864,strong,susceptible,0,1,0.0,-1,-1,1,0,0,0,23.0,29.8,15.436059864298553,28.855502074994295,24.57235521977293,37.94733192202055,7,18,1.302,1.303,60,0.612,167,57,0.612,194,167,57,0.0,1,1,0
8,33,160,9,1.302210887114864,strong,susceptible,0,1,0.0,-1,-1,1,0,0,0,23.0,29.8,15.436059864298553,28.855502074994295,24.57235521977293,37.94733192202055,7,18,1.302,1.303,60,0.612,167,57,0.612,194,167,57,0.0,1,1,0
8,34,160,9,1.302210887114864,strong,susceptible,0,1,0.0,-1,-1,1,0,0,0,23.0,29.8,15.436059864298553,28.855502074994295,24.57235521977293,37.94733192202055,7,18,1.302,1.303,60,0.612,167,57,0.612,194,167,57,0.0,1,1,0
8,35,160,9,1.302210887114864,strong,susceptible,0,1,0.0,-1,-1,1,0,0,0,23.0,29.8,15.436059864298553,28.855502074994295,24.57235521977293,37.94733192202055,7,18,1.302,1.303,60,0.612,167,57,0.612,194,167,57,0.0,1,1,0
8,36,160,9,1.302210887114864,strong,susceptible,0,1,0.0,-1,-1,1,0,0,0,23.0,29.8,15.436059864298553,28.855502074994295,24.57235521977293,37.94733192202055,7,18,1.302,1.303,60,0.612,167,57,0.612,194,167,57,0.0,1,1,0
8,37,160,9,1.302210887114864,strong,susceptible,0,1,0.0,-1,-1,1,0,0,0,23.0,29.8,15.436059864298553,28.855502074994295,24.57235521977293,37.94733192202055,7,18,1.302,1.303,60,0.612,167,57,0.612,194,167,57,0.0,1,1,0
8,38,160,9,1.302210887114864,strong,susceptible,0,1,0.0,-1,-1,1,0,0,0,23.0,29.8,15.436059864298553,28.855502074994295,24.57235521977293,37.94733192202055,7,18,1.302,1.303,60,0.612,167,57,0.612,194,167,57,0.0,1,1,0
8,39,160,9,1.302210887114864,strong,susceptible,0,1,0.0,-1,-1,1,0,0,0,23.0,29.8,15.436059864298553,28.855502074994295,24.57235521977293,37.94733192202055,7,18,1.302,1.303,60,0.612,167,57,0.612,194,167,57,0.0,1,1,0
9,0,126,8,1.3022173037332399,strong,susceptible,0,1,0.0,-1,-1,1,0,0,0,21.7,30.5,14.957334917424163,25.320742485164217,19.98336397470826,37.20215047547655,7,18,1.302,1.303,60,0.612,167,57,0.612,194,167,57,0.0,1,1,0
9,1,126,8,1.3022173037332399,strong,susceptible,0,1,0.0,-1,-1,1,0,0,0,21.7,30.5,14.957334917424163,25.320742485164217,19.98336397470826,37.20215047547655,7,18,1.302,1.303,60,0.612,167,57,0.612,194,167,57,0.0,1,1,0
9,2,126,8,1.3022173037332399,strong,susceptible,0,1,0.0,-1,-1,1,0,0,0,21.7,30.5,14.957334917424163,25.320742485164217,19.98336397470826,37.20215047547655,7,18,1.302,1.303,60,0.612,167,57,0.612,194,167,57,0.0,1,1,0
9,3,126,8,1.3022173037332399,strong,susceptible,0,1,0.0,-1,-1,1,0,0,0,21.7,30.5,14.957334917424163,25.320742485164217,19.98336397470826,37.20215047547655,7,18,1.302,1.303,60,0.612,167,57,0.612,194,167,57,0.0,1,1,0
9,4,126,8,1.3022173037332399,strong,susceptible,0,1,0.0,-1,-1,1,0,0,0,21.7,30.5,14.957334917424163,25.320742485164217,19.98336397470826,37.20215047547655,7,18,1.302,1.303,60,0.612,167,57,0.612,194,167,57,0.0,1,1,0
9,5,126,8,1.3022173037332399,strong,susceptible,0,1,0.0,-1,-1,1,0,0,0,21.7,30.5,14.957334917424163,25.320742485164217,19.98336397470826,37.20215047547655,7,18,1.302,1.303,60,0.612,167,57,0.612,194,167,57,0.0,1,1,0
9,6,126,8,1.3022173037332399,strong,susceptible,0,1,0.0,-1,-1,1,0,0,0,21.7,30.5,14.957334917424163,25.320742485164217,19.98336397470826,37.20215047547655,7,18,1.302,1.303,60,0.612,167,57,0.612,194,167,57,0.0,1,1,0
9,7,126,8,1.3022173037332399,strong,susceptible,0,1,0.0,-1,-1,1,0,0,0,21.7,30.5,14.957334917424163,25.320742485164217,19.98336397470826,37.20215047547655,7,18,1.302,1.303,60,0.612,167,57,0.612,194,167,57,0.0,1,1,0
9,8,126,8,1.3022173037332399,strong,susceptible,0,1,0.0,-1,-1,1,0,0,0,21.7,30.5,14.957334917424163,25.320742485164217,19.98336397470826,37.20215047547655,7,18,1.302,1.303,60,0.612,167,57,0.612,194,167,57,0.0,1,1,0
9,9,126,8,1.3022173037332399,strong,susceptible,0,1,0.0,-1,-1,1,0,0,0,21.7,30.5,14.957334917424163,25.320742485164217,19.98336397470826,37.20215047547655,7,18,1.302,1.303,60,0.612,167,57,0.612,194,167,57,0.0,1,1,0
9,10,126,8,1.3022173037332399,strong,susceptible,0,1,0.0,-1,-1,1,0,0,0,21.7,30.5,14.957334917424163,25.320742485164217,19.98336397470826,37.20215047547655,7,18,1.302,1.303,60,0.612,167,57,0.612,194,167,57,0.0,1,1,0
9,11,126,8,1.3022173037332399,strong,susceptible,0,1,0.0,-1,-1,1,0,0,0,21.7,30.5,14.957334917424163,25.320742485164217,19.98336397470826,37.20215047547655,7,18,1.302,1.303,60,0.612,167,57,0.612,194,167,57,0.0,1,1,0
9,12,126,8,1.3022173037332399,strong,susceptible,0,1,0.0,-1,-1,1,0,0,0,21.7,30.5,14.957334917424163,25.320742485164217,19.98336397470826,37.20215047547655,7,18,1.302,1.303,60,0.612,167,57,0.612,194,167,57,0.0,1,1,0
9,13,126,8,1.3022173037332399,strong,susceptible,0,1,0.0,-1,-1,1,0,0,0,21.7,30.5,14.957334917424163,25.320742485164217,19.98336397470826,37.20215047547655,7,18,1.302,1.303,60,0.612,167,57,0.612,194,167,57,0.0,1,1,0
9,14,126,8,1.3022173037332399,strong,susceptible,0,1,0.0,-1,-1,1,0,0,0,21.7,30.5,14.957334917424163,25.320742485164217,19.98336397470826,37.20215047547655,7,18,1.302,1.303,60,0.612,167,57,0.612,194,167,57,0.0,1,1,0
9,15,126,8,1.3022173037332399,strong,susceptible,0,1,0.0,-1,-1,1,0,0,0,21.7,30.5,14.957334917424163,25.320742485164217,19.98336397470826,37.20215047547655,7,18,1.302,1.303,60,0.612,167,57,0.612,194,167,57,0.0,1,1,0
9,16,126,8,1.3022173037332399,strong,susceptible,0,1,0.0,-1,-1,1,0,0,0,21.7,30.5,14.957334917424163,25.320742485164217,19.98336397470826,37.20215047547655,7,18,1.302,1.303,60,0.612,167,57,0.612,194,167,57,0.0,1,1,0
9,17,126,8,1.3022173037332399,strong,susceptible,0,1,0.0,-1,-1,1,0,0,0,21.7,30.5,14.957334917424163,25.320742485164217,19.98336397470826,37.20215047547655,7,18,1.302,1.303,60,0.612,167,57,0.612,194,167,57,0.0,1,1,0
9,18,126,8,1.3022173037332399,strong,susceptible,0,1,0.0,-1,-1,1,0,0,0,21.7,30.5,14.957334917424163,25.320742485164217,19.98336397470826,37.20215047547655,7,18,1.302,1.303,60,0.612,167,57,0.612,194,167,57,0.0,1,1,0
9,19,126,8,1.3022173037332399,strong,susceptible,0,1,0.0,-1,-1,1,0,0,0,21.7,30.5,14.957334917424163,25.320742485164217,19.98336397470826,37.20215047547655,7,18,1.302,1.303,60,0.612,167,57,0.612,194,167,57,0.0,1,1,0
9,20,126,8,1.3022173037332399,strong,susceptible,0,1,0.0,-1,-1,1,0,0,0,21.7,30.5,14.957334917424163,25.320742485164217,19.98336397470826,37.20215047547655,7,18,1.302,1.303,60,0.612,167,57,0.612,194,167,57,0.0,1,1,0
9,21,126,8,1.3022173037332399,strong,susceptible,0,1,0.0,-1,-1,1,0,0,0,21.7,30.5,14.957334917424163,25.320742485164217,19.98336397470826,37.20215047547655,7,18,1.302,1.303,60,0.612,167,57,0.612,194,167,57,0.0,1,1,0
9,22,126,8,1.3022173037332399,strong,susceptible,0,1,0.0,-1,-1,1,0,0,0,21.7,30.5,14.957334917424163,25.320742485164217,19.98336397470826,37.20215047547655,7,18,1.302,1.303,60,0.612,167,57,0.612,194,167,57,0.0,1,1,0
9,23,126,8,1.3022173037332399,strong,susceptible,0,1,0.0,-1,-1,1,0,0,0,21.7,30.5,14.957334917424163,25.320742485164217,19.98336397470826,37.20215047547655,7,18,1.302,1.303,60,0.612,167,57,0.612,194,167,57,0.0,1,1,0
9,24,126,8,1.3022173037332399,strong,susceptible,0,1,0.0,-1,-1,1,0,0,0,21.7,30.5,14.957334917424163,25.320742485164217,19.98336397470826,37.20215047547655,7,18,1.302,1.303,60,0.612,167,57,0.612,194,167,57,0.0,1,1,0
9,25,126,8,1.3022173037332399,strong,susceptible,0,1,0.0,-1,-1,1,0,0,0,21.7,30.5,14.957334917424163,25.320742485164217,19.98336397470826,37.20215047547655,7,18,1.302,1.303,60,0.612,167,57,0.612,194,167,57,0.0,1,1,0
9,26,126,8,1.3022173037332399,strong,susceptible,0,1,0.0,-1,-1,1,0,0,0,21.7,30.5,14.957334917424163,25.320742485164217,19.98336397470826,37.20215047547655,7,18,1.302,1.303,60,0.612,167,57,0.612,194,167,57,0.0,1,1,0
9,27,126,8,1.3022173037332399,strong,susceptible,0,1,0.0,-1,-1,1,0,0,0,21.7,30.5,14.957334917424163,25.320742485164217,19.98336397470826,37.20215047547655,7,18,1.302,1.303,60,0.612,167,57,0.612,194,167,57,0.0,1,1,0
9,28,126,8,1.3022173037332399,strong,susceptible,0,1,0.0,-1,-1,1,0,0,0,21.7,30.5,14.957334917424163,25.320742485164217,19.98336397470826,37.20215047547655,7,18,1.302,1.303,60,0.612,167,57,0.612,194,167,57,0.0,1,1,0
9,29,126,8,1.3022173037332399,strong,susceptible,0,1,0.0,-1,-1,1,0,0,0,21.7,30.5,14.957334917424163,25.320742485164217,19.98336397470826,37.20215047547655,7,18,1.302,1.303,60,0.612,167,57,0.612,194,167,57,0.0,1,1,0
9,30,126,8,1.3022173037332399,strong,susceptible,0,1,0.0,-1,-1,1,0,0,0,21.7,30.5,14.957334917424163,25.320742485164217,19.98336397470826,37.20215047547655,7,18,1.302,1.303,60,0.612,167,57,0.612,194,167,57,0.0,1,1,0
9,31,126,8,1.3022173037332399,strong,susceptible,0,1,0.0,-1,-1,1,0,0,0,21.7,30.5,14.957334917424163,25.320742485164217,19.98336397470826,37.20215047547655,7,18,1.302,1.303,60,0.612,167,57,0.612,194,167,57,0.0,1,1,0
9,32,126,8,1.3022173037332399,strong,susceptible,0,1,0.0,-1,-1,1,0,0,0,21.7,30.5,14.957334917424163,25.320742485164217,19.98336397470826,37.20215047547655,7,18,1.302,1.303,60,0.612,167,57,0.612,194,167,57,0.0,1,1,0
9,33,126,8,1.3022173037332399,strong,susceptible,0,1,0.0,-1,-1,1,0,0,0,21.7,30.5,14.957334917424163,25.320742485164217,19.98336397470826,37.20215047547655,7,18,1.302,1.303,60,0.612,167,57,0.612,194,167,57,0.0,1,1,0
9,34,126,8,1.3022173037332399,strong,susceptible,0,1,0.0,-1,-1,1,0,0,0,21.7,30.5,14.957334917424163,25.320742485164217,19.98336397470826,37.20215047547655,7,18,1.302,1.303,60,0.612,167,57,0.612,194,167,57,0.0,1,1,0
9,35,126,8,1.3022173037332399,strong,susceptible,0,1,0.0,-1,-1,1,0,0,0,21.7,30.5,14.957334917424163,25.320742485164217,19.98336397470826,37.20215047547655,7,18,1.302,1.303,60,0.612,167,57,0.612,194,167,57,0.0,1,1,0
9,36,126,8,1.3022173037332399,strong,susceptible,0,1,0.0,-1,-1,1,0,0,0,21.7,30.5,14.957334917424163,25.320742485164217,19.98336397470826,37.20215047547655,7,18,1.302,1.303,60,0.612,167,57,0.612,194,167,57,0.0,1,1,0
9,37,126,8,1.3022173037332399,strong,susceptible,0,1,0.0,-1,-1,1,0,0,0,21.7,30.5,14.957334917424163,25.320742485164217,19.98336397470826,37.20215047547655,7,18,1.302,1.303,60,0.612,167,57,0.612,194,167,57,0.0,1,1,0
9,38,126,8,1.3022173037332399,strong,susceptible,0,1,0.0,-1,-1,1,0,0,0,21.7,30.5,14.957334917424163,25.320742485164217,19.98336397470826,37.20215047547655,7,18,1.302,1.303,60,0.612,167,57,0.612,194,167,57,0.0,1,1,0
9,39,126,8,1.3022173037332399,strong,susceptible,0,1,0.0,-1,-1,1,0,0,0,21.7,30.5,14.957334917424163,25.320742485164217,19.98336397470826,37.20215047547655,7,18,1.302,1.303,60,0.612,167,57,0.612,194,167,57,0.0,1,1,0
10,0,46,5,1.3024657338955223,medium,susceptible,0,1,0.0,-1,-1,0,1,0,0,23.4,22.3,20.779986616174206,30.978218154051405,33.86599866938299,47.01063709417264,7,18,1.302,1.303,60,0.612,167,57,0.612,194,167,57,0.0,1,1,0
10,1,46,5,1.3024657338955223,medium,susceptible,0,1,0.0,-1,-1,0,1,0,0,23.4,22.3,20.779986616174206,30.978218154051405,33.86599866938299,47.01063709417264,7,18,1.302,1.303,60,0.612,167,57,0.612,194,167,57,0.0,1,1,0
10,2,46,5,1.3024657338955223,medium,susceptible,0,1,0.0,-1,-1,0,1,0,0,23.4,22.3,20.779986616174206,30.978218154051405,33.86599866938299,47.01063709417264,7,18,1.302,1.303,60,0.612,167,57,0.612,194,167,57,0.0,1,1,0
10,3,46,5,1.3024657338955223,medium,susceptible,0,1,0.0,-1,-1,0,1,0,0,23.4,22.3,20.779986616174206,30.978218154051405,33.86599866938299,47.01063709417264,7,18,1.302,1.303,60,0.612,167,57,0.612,194,167,57,0.0,1,1,0
10,4,46,5,1.3024657338955223,medium,susceptible,0,1,0.0,-1,-1,0,1,0,0,23.4,22.3,20.779986616174206,30.978218154051405,33.86599866938299,47.01063709417264,7,18,1.302,1.303,60,0.612,167,57,0.612,194,167,57,0.0,1,1,0
10,5,46,5,1.3024657338955223,medium,susceptible,0,1,0.0,-1,-1,0,1,0,0,23.4,22.3,20.779986616174206,30.978218154051405,33.86599866938299,47.01063709417264,7,18,1.302,1.303,60,0.612,167,57,0.612,194,167,57,0.0,1,1,0
10,6,46,5,1.3024657338955223,medium,susceptible,0,1,0.0,-1,-1,0,1,0,0,23.4,22.3,20.779986616174206,30.978218154051405,33.86599866938299,47.01063709417264,7,18,1.302,1.303,60,0.612,167,57,0.612,194,167,57,0.0,1,1,0
10,7,46,5,1.3024657338955223,medium,susceptible,0,1,0.0,-1,-1,0,1,0,0,23.4,22.3,20.779986616174206,30.978218154051405,33.86599866938299,47.01063709417264,7,18,1.302,1.303,60,0.612,167,57,0.612,194,167,57,0.0,1,1,0
10,8,46,5,1.3024657338955223,medium,susceptible,0,1,0.0,-1,-1,0,1,0,0,23.4,22.3,20.779986616174206,30.978218154051405,33.86599866938299,47.01063709417264,7,18,1.302,1.303,60,0.612,167,57,0.612,194,167,57,0.0,1,1,0
10,9,46,5,1.3024657338955223,medium,susceptible,0,1,0.0,-1,-1,0,1,0,0,23.4,22.3,20.779986616174206,30.978218154051405,33.86599866938299,47.01063709417264,7,18,1.302,1.303,60,0.612,167,57,0.612,194,167,57,0.0,1,1,0
10,10,46,5,1.3024657338955223,medium,susceptible,0,1,0.0,-1,-1,0,1,0,0,23.4,22.3,20.779986616174206,30.978218154051405,33.86599866938299,47.01063709417264,7,18,1.302,1.303,60,0.612,167,57,0.612,194,167,57,0.0,1,1,0
10,11,46,5,1.3024657338955223,medium,susceptible,0,1,0.0,-1,-1,0,1,0,0,23.4,22.3,20.779986616174206,30.978218154051405,33.86599866938299,47.01063709417264,7,18,1.302,1.303,60,0.612,167,57,0.612,194,167,57,0.0,1,1,0
10,12,46,5,1.3024657338955223,medium,susceptible,0,1,0.0,-1,-1,0,1,0,0,23.4,22.3,20.779986616174206,30.978218154051405,33.86599866938299,47.01063709417264,7,18,1.302,1.303,60,0.612,167,57,0.612,194,167,57,0.0,1,1,0
10,13,46,5,1.3024657338955223,medium,susceptible,0,1,0.0,-1,-1,0,1,0,0,23.4,22.3,20.779986616174206,30.978218154051405,33.86599866938299,47.01063709417264,7,18,1.302,1.303,60,0.612,167,57,0.612,194,167,57,0.0,1,1,0
10,14,46,5,1.3024657338955223,medium,susceptible,0,1,0.0,-1,-1,0,1,0,0,23.4,22.3,20.779986616174206,30.978218154051405,33.86599866938299,47.01063709417264,7,18,1.302,1.303,60,0.612,167,57,0.612,194,167,57,0.0,1,1,0
10,15,46,5,1.3024657338955223,medium,susceptible,0,1,0.0,-1,-1,0,1,0,0,23.4,22.3,20.779986616174206,30.978218154051405,33.86599866938299,47.01063709417264,7,18,1.302,1.303,60,0.612,167,57,0.612,194,167,57,0.0,1,1,0
10,16,46,5,1.3024657338955223,medium,susceptible,0,1,0.0,-1,-1,0,1,0,0,23.4,22.3,20.779986616174206,30.978218154051405,33.86599866938299,47.01063709417264,7,18,1.302,1.303,60,0.612,167,57,0.612,194,167,57,0.0,1,1,0
10,17,46,5,1.3024657338955223,medium,susceptible,0,1,0.0,-1,-1,0,1,0,0,23.4,22.3,20.779986616174206,30.978218154051405,33.86599866938299,47.01063709417264,7,18,1.302,1.303,60,0.612,167,57,0.612,194,167,57,0.0,1,1,0
10,18,46,5,1.3024657338955223,medium,susceptible,0,1,0.0,-1,-1,0,1,0,0,23.4,22.3,20.779986616174206,30.978218154051405,33.86599866938299,47.01063709417264,7,18,1.302,1.303,60,0.612,167,57,0.612,194,167,57,0.0,1,1,0
10,19,46,5,1.3024657338955223,medium,susceptible,0,1,0.0,-1,-1,0,1,0,0,23.4,22.3,20.779986616174206,30.978218154051405,33.86599866938299,47.01063709417264,7,18,1.302,1.303,60,0.612,167,57,0.612,194,167,57,0.0,1,1,0
10,20,46,5,1.3024657338955223,medium,susceptible,0,1,0.0,-1,-1,0,1,0,0,23.4,22.3,20.779986616174206,30.978218154051405,33.86599866938299,47.01063709417264,7,18,1.302,1.303,60,0.612,167,57,0.612,194,167,57,0.0,1,1,0
10,21,46,5,1.3024657338955223,medium,susceptible,0,1,0.0,-1,-1,0,1,0,0,23.4,22.3,20.779986616174206,30.978218154051405,33.86599866938299,47.01063709417264,7,18,1.302,1.303,60,0.612,167,57,0.612,194,167,57,0.0,1,1,0
10,22,46,5,1.3024657338955223,medium,susceptible,0,1,0.0,-1,-1,0,1,0,0,23.4,22.3,20.779986616174206,30.978218154051405,33.86599866938299,47.01063709417264,7,18,1.302,1.303,60,0.612,167,57,0.612,194,167,57,0.0,1,1,0
10,23,46,5,1.3024657338955223,medium,susceptible,0,1,0.0,-1,-1,0,1,0,0,23.4,22.3,20.779986616174206,30.978218154051405,33.86599866938299,47.01063709417264,7,18,1.302,1.303,60,0.612,167,57,0.612,194,167,57,0.0,1,1,0
10,24,46,5,1.3024657338955223,medium,susceptible,0,1,0.0,-1,-1,0,1,0,0,23.4,22.3,20.779986616174206,30.978218154051405,33.86599866938299,47.01063709417264,7,18,1.302,1.303,60,0.612,167,57,0.612,194,167,57,0.0,1,1,0
10,25,46,5,1.3024657338955223,medium,susceptible,0,1,0.0,-1,-1,0,1,0,0,23.4,22.3,20.779986616174206,30.978218154051405,33.86599866938299,47.01063709417264,7,18,1.302,1.303,60,0.612,167,57,0.612,194,167,57,0.0,1,1,0
10,26,46,5,1.3024657338955223,medium,susceptible,0,1,0.0,-1,-1,0,1,0,0,23.4,22.3,20.779986616174206,30.978218154051405,33.86599866938299,47.01063709417264,7,18,1.302,1.303,60,0.612,167,57,0.612,194,167,57,0.0,1,1,0
10,27,46,5,1.3024657338955223,medium,susceptible,0,1,0.0,-1,-1,0,1,0,0,23.4,22.3,20.779986616174206,30.978218154051405,33.86599866938299,47.01063709417264,7,18,1.302,1.303,60,0.612,167,57,0.612,194,167,57,0.0,1,1,0
10,28,46,5,1.3024657338955223,medium,susceptible,0,1,0.0,-1,-1,0,1,0,0,23.4,22.3,20.779986616174206,30.978218154051405,33.86599866938299,47.01063709417264,7,18,1.302,1.303,60,0.612,167,57,0.612,194,167,57,0.0,1,1,0
10,29,46,5,1.3024657338955223,medium,susceptible,0,1,0.0,-1,-1,0,1,0,0,23.4,22.3,20.779986616174206,30.978218154051405,33.86599866938299,47.01063709417264,7,18,1.302,1.303,60,0.612,167,57,0.612,194,167,57,0.0,1,1,0
10,30,46,5,1.3024657338955223,medium,susceptible,0,1,0.0,-1,-1,0,1,0,0,23.4,22.3,20.779986616174206,30.978218154051405,33.86599866938299,47.01063709417264,7,18,1.302,1.303,60,0.612,167,57,0.612,194,167,57,0.0,1,1,0
10,31,46,5,1.3024657338955223,medium,susceptible,0,1,0.0,-1,-1,0,1,0,0,23.4,22.3,20.779986616174206,30.978218154051405,33.86599866938299,47.01063709417264,7,18,1.302,1.303,60,0.612,167,57,0.612,194,167,57,0.0,1,1,0
10,32,46,5,1.3024657338955223,medium,susceptible,0,1,0.0,-1,-1,0,1,0,0,23.4,22.3,20.779986616174206,30.978218154051405,33.86599866938299,47.01063709417264,7,18,1.302,1.303,60,0.612,167,57,0.612,194,167,57,0.0,1,1,0
10,33,46,5,1.3024657338955223,medium,susceptible,0,1,0.0,-1,-1,0,1,0,0,23.4,22.3,20.779986616174206,30.978218154051405,33.86599866938299,47.01063709417264,7,18,1.302,1.303,60,0.612,167,57,0.612,194,167,57,0.0,1,1,0
10,34,46,5,1.3024657338955223,medium,susceptible,0,1,0.0,-1,-1,0,1,0,0,23.4,22.3,20.779986616174206,30.978218154051405,33.86599866938299,47.01063709417264,7,18,1.302,1.303,60,0.612,167,57,0.612,194,167,57,0.0,1,1,0
10,35,46,5,1.3024657338955223,medium,susceptible,0,1,0.0,-1,-1,0,1,0,0,23.4,22.3,20.779986616174206,30.978218154051405,33.86599866938299,47.01063709417264,7,18,1.302,1.303,60,0.612,167,57,0.612,194,167,57,0.0,1,1,0
10,36,46,5,1.3024657338955223,medium,susceptible,0,1,0.0,-1,-1,0,1,0,0,23.4,22.3,20.779986616174206,30.978218154051405,33.86599866938299,47.01063709417264,7,18,1.302,1.303,60,0.612,167,57,0.612,194,167,57,0.0,1,1,0
10,37,46,5,1.3024657338955223,medium,susceptible,0,1,0.0,-1,-1,0,1,0,0,23.4,22.3,20.779986616174206,30.978218154051405,33.86599866938299,47.01063709417264,7,18,1.302,1.303,60,0.612,167,57,0.612,194,167,57,0.0,1,1,0
10,38,46,5,1.3024657338955223,medium,susceptible,0,1,0.0,-1,-1,0,1,0,0,23.4,22.3,20.779986616174206,30.978218154051405,33.86599866938299,47.01063709417264,7,18,1.302,1.303,60,0.612,167,57,0.612,194,167,57,0.0,1,1,0
10,39,46,5,1.3024657338955223,medium,susceptible,0,1,0.0,-1,-1,0,1,0,0,23.4,22.3,20.779986616174206,30.978218154051405,33.86599866938299,47.01063709417264,7,18,1.302,1.303,60,0.612,167,57,0.612,194,167,57,0.0,1,1,0
11,0,122,3,1.3028475148904766,strong,susceptible,0,1,0.0,-1,-1,1,0,0,0,30.7,18.8,17.003276303267512,22.278464938141497,19.314020927696696,34.52535300326414,7,18,1.302,1.303,60,0.612,167,57,0.612,194,167,57,0.0,1,1,0
11,1,122,3,1.3028475148904766,strong,susceptible,0,1,0.0,-1,-1,1,0,0,0,30.7,18.8,17.003276303267512,22.278464938141497,19.314020927696696,34.52535300326414,7,18,1.302,1.303,60,0.612,167,57,0.612,194,167,57,0.0,1,1,0
11,2,122,3,1.3028475148904766,strong,susceptible,0,1,0.0,-1,-1,1,0,0,0,30.7,18.8,17.003276303267512,22.278464938141497,19.314020927696696,34.52535300326414,7,18,1.302,1.303,60,0.612,167,57,0.612,194,167,57,0.0,1,1,0
11,3,122,3,1.3028475148904766,strong,susceptible,0,1,0.0,-1,-1,1,0,0,0,30.7,18.8,17.003276303267512,22.278464938141497,19.314020927696696,34.52535300326414,7,18,1.302,1.303,60,0.612,167,57,0.612,194,167,57,0.0,1,1,0
11,4,122,3,1.3028475148904766,strong,susceptible,0,1,0.0,-1,-1,1,0,0,0,30.7,18.8,17.003276303267512,22.278464938141497,19.314020927696696,34.52535300326414,7,18,1.302,1.303,60,0.612,167,57,0.612,194,167,57,0.0,1,1,0
11,5,122,3,1.3028475148904766,strong,susceptible,0,1,0.0,-1,-1,1,0,0,0,30.7,18.8,17.003276303267512,22.278464938141497,19.314020927696696,34.52535300326414,7,18,1.302,1.303,60,0.612,167,57,0.612,194,167,57,0.0,1,1,0
11,6,122,3,1.3028475148904766,strong,susceptible,0,1,0.0,-1,-1,1,0,0,0,30.7,18.8,17.003276303267512,22.278464938141497,19.314020927696696,34.52535300326414,7,18,1.302,1.303,60,0.612,167,57,0.612,194,167,57,0.0,1,1,0
11,7,122,3,1.3028475148904766,strong,susceptible,0,1,0.0,-1,-1,1,0,0,0,30.7,18.8,17.003276303267512,22.278464938141497,19.314020927696696,34.52535300326414,7,18,1.302,1.303,60,0.612,167,57,0.612,194,167,57,0.0,1,1,0
11,8,122,3,1.3028475148904766,strong,susceptible,0,1,0.0,-1,-1,1,0,0,0,30.7,18.8,17.003276303267512,22.278464938141497,19.314020927696696,34.52535300326414,7,18,1.302,1.303,60,0.612,167,57,0.612,194,167,57,0.0,1,1,0
11,9,122,3,1.3028475148904766,strong,susceptible,0,1,0.0,-1,-1,1,0,0,0,30.7,18.8,17.003276303267512,22.278464938141497,19.314020927696696,34.52535300326414,7,18,1.302,1.303,60,0.612,167,57,0.612,194,167,57,0.0,1,1,0
11,10,122,3,1.3028475148904766,strong,susceptible,0,1,0.0,-1,-1,1,0,0,0,30.7,18.8,17.003276303267512,22.278464938141497,19.314020927696696,34.52535300326414,7,18,1.302,1.303,60,0.612,167,57,0.612,194,167,57,0.0,1,1,0
11,11,122,3,1.3028475148904766,strong,susceptible,0,1,0.0,-1,-1,1,0,0,0,30.7,18.8,17.003276303267512,22.278464938141497,19.314020927696696,34.52535300326414,7,18,1.302,1.303,60,0.612,167,57,0.612,194,167,57,0.0,1,1,0
11,12,122,3,1.3028475148904766,strong,susceptible,0,1,0.0,-1,-1,1,0,0,0,30.7,18.8,17.003276303267512,22.278464938141497,19.314020927696696,34.52535300326414,7,18,1.302,1.303,60,0.612,167,57,0.612,194,167,57,0.0,1,1,0
11,13,122,3,1.3028475148904766,strong,susceptible,0,1,0.0,-1,-1,1,0,0,0,30.7,18.8,17.003276303267512,22.278464938141497,19.314020927696696,34.52535300326414,7,18,1.302,1.303,60,0.612,167,57,0.612,194,167,57,0.0,1,1,0
11,14,122,3,1.3028475148904766,strong,susceptible,0,1,0.0,-1,-1,1,0,0,0,30.7,18.8,17.003276303267512,22.278464938141497,19.314020927696696,34.52535300326414,7,18,1.302,1.303,60,0.612,167,57,0.612,194,167,57,0.0,1,1,0
11,15,122,3,1.3028475148904766,strong,susceptible,0,1,0.0,-1,-1,1,0,0,0,30.7,18.8,17.003276303267512,22.278464938141497,19.314020927696696,34.52535300326414,7,18,1.302,1.303,60,0.612,167,57,0.612,194,167,57,0.0,1,1,0
11,16,122,3,1.3028475148904766,strong,susceptible,0,1,0.0,-1,-1,1,0,0,0,30.7,18.8,17.003276303267512,22.278464938141497,19.314020927696696,34.52535300326414,7,18,1.302,1.303,60,0.612,167,57,0.612,194,167,57,0.0,1,1,0
11,17,122,3,1.3028475148904766,strong,susceptible,0,1,0.0,-1,-1,1,0,0,0,30.7,18.8,17.003276303267512,22.278464938141497,19.314020927696696,34.52535300326414,7,18,1.302,1.303,60,0.612,167,57,0.612,194,167,57,0.0,1,1,0
11,18,122,3,1.3028475148904766,strong,susceptible,0,1,0.0,-1,-1,1,0,0,0,30.7,18.8,17.003276303267512,22.278464938141497,19.314020927696696,34.52535300326414,7,18,1.302,1.303,60,0.612,167,57,0.612,194,167,57,0.0,1,1,0
11,19,122,3,1.3028475148904766,strong,susceptible,0,1,0.0,-1,-1,1,0,0,0,30.7,18.8,17.003276303267512,22.278464938141497,19.314020927696696,34.52535300326414,7,18,1.302,1.303,60,0.612,167,57,0.612,194,167,57,0.0,1,1,0
11,20,122,3,1.3028475148904766,strong,susceptible,0,1,0.0,-1,-1,1,0,0,0,30.7,18.8,17.003276303267512,22.278464938141497,19.314020927696696,34.52535300326414,7,18,1.302,1.303,60,0.612,167,57,0.612,194,167,57,0.0,1,1,0
11,21,122,3,1.3028475148904766,strong,susceptible,0,1,0.0,-1,-1,1,0,0,0,30.7,18.8,17.003276303267512,22.278464938141497,19.314020927696696,34.52535300326414,7,18,1.302,1.303,60,0.612,167,57,0.612,194,167,57,0.0,1,1,0
11,22,122,3,1.3028475148904766,strong,susceptible,0,1,0.0,-1,-1,1,0,0,0,30.7,18.8,17.003276303267512,22.278464938141497,19.314020927696696,34.52535300326414,7,18,1.302,1.303,60,0.612,167,57,0.612,194,167,57,0.0,1,1,0
11,23,122,3,1.3028475148904766,strong,susceptible,0,1,0.0,-1,-1,1,0,0,0,30.7,18.8,17.003276303267512,22.278464938141497,19.314020927696696,34.52535300326414,7,18,1.302,1.303,60,0.612,167,57,0.612,194,167,57,0.0,1,1,0
11,24,122,3,1.3028475148904766,strong,susceptible,0,1,0.0,-1,-1,1,0,0,0,30.7,18.8,17.003276303267512,22.278464938141497,19.314020927696696,34.52535300326414,7,18,1.302,1.303,60,0.612,167,57,0.612,194,167,57,0.0,1,1,0
11,25,122,3,1.3028475148904766,strong,susceptible,0,1,0.0,-1,-1,1,0,0,0,30.7,18.8,17.003276303267512,22.278464938141497,19.314020927696696,34.52535300326414,7,18,1.302,1.303,60,0.612,167,57,0.612,194,167,57,0.0,1,1,0
11,26,122,3,1.3028475148904766,strong,susceptible,0,1,0.0,-1,-1,1,0,0,0,30.7,18.8,17.003276303267512,22.278464938141497,19.314020927696696,34.52535300326414,7,18,1.302,1.303,60,0.612,167,57,0.612,194,167,57,0.0,1,1,0
11,27,122,3,1.3028475148904766,strong,susceptible,0,1,0.0,-1,-1,1,0,0,0,30.7,18.8,17.003276303267512,22.278464938141497,19.314020927696696,34.52535300326414,7,18,1.302,1.303,60,0.612,167,57,0.612,194,167,57,0.0,1,1,0
11,28,122,3,1.3028475148904766,strong,susceptible,0,1,0.0,-1,-1,1,0,0,0,30.7,18.8,17.003276303267512,22.278464938141497,19.314020927696696,34.52535300326414,7,18,1.302,1.303,60,0.612,167,57,0.612,194,167,57,0.0,1,1,0
11,29,122,3,1.3028475148904766,strong,susceptible,0,1,0.0,-1,-1,1,0,0,0,30.7,18.8,17.003276303267512,22.278464938141497,19.314020927696696,34.52535300326414,7,18,1.302,1.303,60,0.612,167,57,0.612,194,167,57,0.0,1,1,0
11,30,122,3,1.3028475148904766,strong,susceptible,0,1,0.0,-1,-1,1,0,0,0,30.7,18.8,17.003276303267512,22.278464938141497,19.314020927696696,34.52535300326414,7,18,1.302,1.303,60,0.612,167,57,0.612,194,167,57,0.0,1,1,0
11,31,122,3,1.3028475148904766,strong,susceptible,0,1,0.0,-1,-1,1,0,0,0,30.7,18.8,17.003276303267512,22.278464938141497,19.314020927696696,34.52535300326414,7,18,1.302,1.303,60,0.612,167,57,0.612,194,167,57,0.0,1,1,0
11,32,122,3,1.3028475148904766,strong,susceptible,0,1,0.0,-1,-1,1,0,0,0,30.7,18.8,17.003276303267512,22.278464938141497,19.314020927696696,34.52535300326414,7,18,1.302,1.303,60,0.612,167,57,0.612,194,167,57,0.0,1,1,0
11,33,122,3,1.3028475148904766,strong,susceptible,0,1,0.0,-1,-1,1,0,0,0,30.7,18.8,17.003276303267512,22.278464938141497,19.314020927696696,34.52535300326414,7,18,1.302,1.303,60,0.612,167,57,0.612,194,167,57,0.0,1,1,0
11,34,122,3,1.3028475148904766,strong,susceptible,0,1,0.0,-1,-1,1,0,0,0,30.7,18.8,17.003276303267512,22.278464938141497,19.314020927696696,34.52535300326414,7,18,1.302,1.303,60,0.612,167,57,0.612,194,167,57,0.0,1,1,0
11,35,122,3,1.3028475148904766,strong,susceptible,0,1,0.0,-1,-1,1,0,0,0,30.7,18.8,17.003276303267512,22.278464938141497,19.314020927696696,34.52535300326414,7,18,1.302,1.303,60,0.612,167,57,0.612,194,167,57,0.0,1,1,0
11,36,122,3,1.3028475148904766,strong,infected,1,1,0.477,35,1,1,0,0,0,30.7,18.8,17.003276303267512,22.278464938141497,19.314020927696696,34.52535300326414,7,18,1.302,1.303,60,0.612,167,57,0.612,194,167,57,0.0,1,1,0
11,37,122,3,1.3028475148904766,strong,infected,1,1,6.104,35,2,1,0,0,0,30.7,18.8,17.003276303267512,22.278464938141497,19.314020927696696,34.52535300326414,7,18,1.302,1.303,60,0.612,167,57,0.612,194,167,57,0.0,1,1,0
11,38,122,3,1.3028475148904766,strong,infected,1,1,14.287,35,3,1,0,0,0,30.7,18.8,17.003276303267512,22.278464938141497,19.314020927696696,34.52535300326414,7,18,1.302,1.303,60,0.612,167,57,0.612,194,167,57,0.0,1,1,0
11,39,122,3,1.3028475148904766,strong,infected,1,1,18.534,35,4,1,0,0,0,30.7,18.8,17.003276303267512,22.278464938141497,19.314020927696696,34.52535300326414,7,18,1.302,1.303,60,0.612,167,57,0.612,194,167,57,0.0,1,1,0
12,0,75,8,1.3029151882863617,compromised,susceptible,0,1,0.0,-1,-1,0,0,0,1,20.1,22.8,17.64549387638709,23.879907872519105,23.051845342781785,44.10215414239989,7,18,1.302,1.303,60,0.612,167,57,0.612,194,167,57,0.0,1,1,0
12,1,75,8,1.3029151882863617,compromised,susceptible,0,1,0.0,-1,-1,0,0,0,1,20.1,22.8,17.64549387638709,23.879907872519105,23.051845342781785,44.10215414239989,7,18,1.302,1.303,60,0.612,167,57,0.612,194,167,57,0.0,1,1,0
12,2,75,8,1.3029151882863617,compromised,susceptible,0,1,0.0,-1,-1,0,0,0,1,20.1,22.8,17.64549387638709,23.879907872519105,23.051845342781785,44.10215414239989,7,18,1.302,1.303,60,0.612,167,57,0.612,194,167,57,0.0,1,1,0
12,3,75,8,1.3029151882863617,compromised,susceptible,0,1,0.0,-1,-1,0,0,0,1,20.1,22.8,17.64549387638709,23.879907872519105,23.051845342781785,44.10215414239989,7,18,1.302,1.303,60,0.612,167,57,0.612,194,167,57,0.0,1,1,0
12,4,75,8,1.3029151882863617,compromised,susceptible,0,1,0.0,-1,-1,0,0,0,1,20.1,22.8,17.64549387638709,23.879907872519105,23.051845342781785,44.10215414239989,7,18,1.302,1.303,60,0.612,167,57,0.612,194,167,57,0.0,1,1,0
12,5,75,8,1.3029151882863617,compromised,susceptible,0,1,0.0,-1,-1,0,0,0,1,20.1,22.8,17.64549387638709,23.879907872519105,23.051845342781785,44.10215414239989,7,18,1.302,1.303,60,0.612,167,57,0.612,194,167,57,0.0,1,1,0
12,6,75,8,1.3029151882863617,compromised,susceptible,0,1,0.0,-1,-1,0,0,0,1,20.1,22.8,17.64549387638709,23.879907872519105,23.051845342781785,44.10215414239989,7,18,1.302,1.303,60,0.612,167,57,0.612,194,167,57,0.0,1,1,0
12,7,75,8,1.3029151882863617,compromised,susceptible,0,1,0.0,-1,-1,0,0,0,1,20.1,22.8,17.64549387638709,23.879907872519105,23.051845342781785,44.10215414239989,7,18,1.302,1.303,60,0.612,167,57,0.612,194,167,57,0.0,1,1,0
12,8,75,8,1.3029151882863617,compromised,susceptible,0,1,0.0,-1,-1,0,0,0,1,20.1,22.8,17.64549387638709,23.879907872519105,23.051845342781785,44.10215414239989,7,18,1.302,1.303,60,0.612,167,57,0.612,194,167,57,0.0,1,1,0
12,9,75,8,1.3029151882863617,compromised,susceptible,0,1,0.0,-1,-1,0,0,0,1,20.1,22.8,17.64549387638709,23.879907872519105,23.051845342781785,44.10215414239989,7,18,1.302,1.303,60,0.612,167,57,0.612,194,167,57,0.0,1,1,0
12,10,75,8,1.3029151882863617,compromised,susceptible,0,1,0.0,-1,-1,0,0,0,1,20.1,22.8,17.64549387638709,23.879907872519105,23.051845342781785,44.10215414239989,7,18,1.302,1.303,60,0.612,167,57,0.612,194,167,57,0.0,1,1,0
12,11,75,8,1.3029151882863617,compromised,susceptible,0,1,0.0,-1,-1,0,0,0,1,20.1,22.8,17.64549387638709,23.879907872519105,23.051845342781785,44.10215414239989,7,18,1.302,1.303,60,0.612,167,57,0.612,194,167,57,0.0,1,1,0
12,12,75,8,1.3029151882863617,compromised,susceptible,0,1,0.0,-1,-1,0,0,0,1,20.1,22.8,17.64549387638709,23.879907872519105,23.051845342781785,44.10215414239989,7,18,1.302,1.303,60,0.612,167,57,0.612,194,167,57,0.0,1,1,0
12,13,75,8,1.3029151882863617,compromised,susceptible,0,1,0.0,-1,-1,0,0,0,1,20.1,22.8,17.64549387638709,23.879907872519105,23.051845342781785,44.10215414239989,7,18,1.302,1.303,60,0.612,167,57,0.612,194,167,57,0.0,1,1,0
12,14,75,8,1.3029151882863617,compromised,susceptible,0,1,0.0,-1,-1,0,0,0,1,20.1,22.8,17.64549387638709,23.879907872519105,23.051845342781785,44.10215414239989,7,18,1.302,1.303,60,0.612,167,57,0.612,194,167,57,0.0,1,1,0
12,15,75,8,1.3029151882863617,compromised,susceptible,0,1,0.0,-1,-1,0,0,0,1,20.1,22.8,17.64549387638709,23.879907872519105,23.051845342781785,44.10215414239989,7,18,1.302,1.303,60,0.612,167,57,0.612,194,167,57,0.0,1,1,0
12,16,75,8,1.3029151882863617,compromised,susceptible,0,1,0.0,-1,-1,0,0,0,1,20.1,22.8,17.64549387638709,23.879907872519105,23.051845342781785,44.10215414239989,7,18,1.302,1.303,60,0.612,167,57,0.612,194,167,57,0.0,1,1,0
12,17,75,8,1.3029151882863617,compromised,susceptible,0,1,0.0,-1,-1,0,0,0,1,20.1,22.8,17.64549387638709,23.879907872519105,23.051845342781785,44.10215414239989,7,18,1.302,1.303,60,0.612,167,57,0.612,194,167,57,0.0,1,1,0
12,18,75,8,1.3029151882863617,compromised,susceptible,0,1,0.0,-1,-1,0,0,0,1,20.1,22.8,17.64549387638709,23.879907872519105,23.051845342781785,44.10215414239989,7,18,1.302,1.303,60,0.612,167,57,0.612,194,167,57,0.0,1,1,0
12,19,75,8,1.3029151882863617,compromised,susceptible,0,1,0.0,-1,-1,0,0,0,1,20.1,22.8,17.64549387638709,23.879907872519105,23.051845342781785,44.10215414239989,7,18,1.302,1.303,60,0.612,167,57,0.612,194,167,57,0.0,1,1,0
12,20,75,8,1.3029151882863617,compromised,susceptible,0,1,0.0,-1,-1,0,0,0,1,20.1,22.8,17.64549387638709,23.879907872519105,23.051845342781785,44.10215414239989,7,18,1.302,1.303,60,0.612,167,57,0.612,194,167,57,0.0,1,1,0
12,21,75,8,1.3029151882863617,compromised,susceptible,0,1,0.0,-1,-1,0,0,0,1,20.1,22.8,17.64549387638709,23.879907872519105,23.051845342781785,44.10215414239989,7,18,1.302,1.303,60,0.612,167,57,0.612,194,167,57,0.0,1,1,0
12,22,75,8,1.3029151882863617,compromised,susceptible,0,1,0.0,-1,-1,0,0,0,1,20.1,22.8,17.64549387638709,23.879907872519105,23.051845342781785,44.10215414239989,7,18,1.302,1.303,60,0.612,167,57,0.612,194,167,57,0.0,1,1,0
12,23,75,8,1.3029151882863617,compromised,susceptible,0,1,0.0,-1,-1,0,0,0,1,20.1,22.8,17.64549387638709,23.879907872519105,23.051845342781785,44.10215414239989,7,18,1.302,1.303,60,0.612,167,57,0.612,194,167,57,0.0,1,1,0
12,24,75,8,1.3029151882863617,compromised,susceptible,0,1,0.0,-1,-1,0,0,0,1,20.1,22.8,17.64549387638709,23.879907872519105,23.051845342781785,44.10215414239989,7,18,1.302,1.303,60,0.612,167,57,0.612,194,167,57,0.0,1,1,0
12,25,75,8,1.3029151882863617,compromised,susceptible,0,1,0.0,-1,-1,0,0,0,1,20.1,22.8,17.64549387638709,23.879907872519105,23.051845342781785,44.10215414239989,7,18,1.302,1.303,60,0.612,167,57,0.612,194,167,57,0.0,1,1,0
12,26,75,8,1.3029151882863617,compromised,susceptible,0,1,0.0,-1,-1,0,0,0,1,20.1,22.8,17.64549387638709,23.879907872519105,23.051845342781785,44.10215414239989,7,18,1.302,1.303,60,0.612,167,57,0.612,194,167,57,0.0,1,1,0
12,27,75,8,1.3029151882863617,compromised,susceptible,0,1,0.0,-1,-1,0,0,0,1,20.1,22.8,17.64549387638709,23.879907872519105,23.051845342781785,44.10215414239989,7,18,1.302,1.303,60,0.612,167,57,0.612,194,167,57,0.0,1,1,0
12,28,75,8,1.3029151882863617,compromised,susceptible,0,1,0.0,-1,-1,0,0,0,1,20.1,22.8,17.64549387638709,23.879907872519105,23.051845342781785,44.10215414239989,7,18,1.302,1.303,60,0.612,167,57,0.612,194,167,57,0.0,1,1,0
12,29,75,8,1.3029151882863617,compromised,susceptible,0,1,0.0,-1,-1,0,0,0,1,20.1,22.8,17.64549387638709,23.879907872519105,23.051845342781785,44.10215414239989,7,18,1.302,1.303,60,0.612,167,57,0.612,194,167,57,0.0,1,1,0
12,30,75,8,1.3029151882863617,compromised,susceptible,0,1,0.0,-1,-1,0,0,0,1,20.1,22.8,17.64549387638709,23.879907872519105,23.051845342781785,44.10215414239989,7,18,1.302,1.303,60,0.612,167,57,0.612,194,167,57,0.0,1,1,0
12,31,75,8,1.3029151882863617,compromised,susceptible,0,1,0.0,-1,-1,0,0,0,1,20.1,22.8,17.64549387638709,23.879907872519105,23.051845342781785,44.10215414239989,7,18,1.302,1.303,60,0.612,167,57,0.612,194,167,57,0.0,1,1,0
12,32,75,8,1.3029151882863617,compromised,susceptible,0,1,0.0,-1,-1,0,0,0,1,20.1,22.8,17.64549387638709,23.879907872519105,23.051845342781785,44.10215414239989,7,18,1.302,1.303,60,0.612,167,57,0.612,194,167,57,0.0,1,1,0
12,33,75,8,1.3029151882863617,compromised,susceptible,0,1,0.0,-1,-1,0,0,0,1,20.1,22.8,17.64549387638709,23.879907872519105,23.051845342781785,44.10215414239989,7,18,1.302,1.303,60,0.612,167,57,0.612,194,167,57,0.0,1,1,0
12,34,75,8,1.3029151882863617,compromised,susceptible,0,1,0.0,-1,-1,0,0,0,1,20.1,22.8,17.64549387638709,23.879907872519105,23.051845342781785,44.10215414239989,7,18,1.302,1.303,60,0.612,167,57,0.612,194,167,57,0.0,1,1,0
12,35,75,8,1.3029151882863617,compromised,susceptible,0,1,0.0,-1,-1,0,0,0,1,20.1,22.8,17.64549387638709,23.879907872519105,23.051845342781785,44.10215414239989,7,18,1.302,1.303,60,0.612,167,57,0.612,194,167,57,0.0,1,1,0
12,36,75,8,1.3029151882863617,compromised,susceptible,0,1,0.0,-1,-1,0,0,0,1,20.1,22.8,17.64549387638709,23.879907872519105,23.051845342781785,44.10215414239989,7,18,1.302,1.303,60,0.612,167,57,0.612,194,167,57,0.0,1,1,0
12,37,75,8,1.3029151882863617,compromised,susceptible,0,1,0.0,-1,-1,0,0,0,1,20.1,22.8,17.64549387638709,23.879907872519105,23.051845342781785,44.10215414239989,7,18,1.302,1.303,60,0.612,167,57,0.612,194,167,57,0.0,1,1,0
12,38,75,8,1.3029151882863617,compromised,susceptible,0,1,0.0,-1,-1,0,0,0,1,20.1,22.8,17.64549387638709,23.879907872519105,23.051845342781785,44.10215414239989,7,18,1.302,1.303,60,0.612,167,57,0.612,194,167,57,0.0,1,1,0
12,39,75,8,1.3029151882863617,compromised,susceptible,0,1,0.0,-1,-1,0,0,0,1,20.1,22.8,17.64549387638709,23.879907872519105,23.051845342781785,44.10215414239989,7,18,1.302,1.303,60,0.612,167,57,0.612,194,167,57,0.0,1,1,0
13,0,117,9,1.3025422492140655,strong,susceptible,0,1,0.0,-1,-1,1,0,0,0,31.7,29.6,15.377317236926682,27.69566753122228,23.490133797658753,51.42956348249516,7,18,1.302,1.303,60,0.612,167,57,0.612,194,167,57,0.0,1,1,0
13,1,117,9,1.3025422492140655,strong,susceptible,0,1,0.0,-1,-1,1,0,0,0,31.7,29.6,15.377317236926682,27.69566753122228,23.490133797658753,51.42956348249516,7,18,1.302,1.303,60,0.612,167,57,0.612,194,167,57,0.0,1,1,0
13,2,117,9,1.3025422492140655,strong,susceptible,0,1,0.0,-1,-1,1,0,0,0,31.7,29.6,15.377317236926682,27.69566753122228,23.490133797658753,51.42956348249516,7,18,1.302,1.303,60,0.612,167,57,0.612,194,167,57,0.0,1,1,0
13,3,117,9,1.3025422492140655,strong,susceptible,0,1,0.0,-1,-1,1,0,0,0,31.7,29.6,15.377317236926682,27.69566753122228,23.490133797658753,51.42956348249516,7,18,1.302,1.303,60,0.612,167,57,0.612,194,167,57,0.0,1,1,0
13,4,117,9,1.3025422492140655,strong,susceptible,0,1,0.0,-1,-1,1,0,0,0,31.7,29.6,15.377317236926682,27.69566753122228,23.490133797658753,51.42956348249516,7,18,1.302,1.303,60,0.612,167,57,0.612,194,167,57,0.0,1,1,0
13,5,117,9,1.3025422492140655,strong,susceptible,0,1,0.0,-1,-1,1,0,0,0,31.7,29.6,15.377317236926682,27.69566753122228,23.490133797658753,51.42956348249516,7,18,1.302,1.303,60,0.612,167,57,0.612,194,167,57,0.0,1,1,0
13,6,117,9,1.3025422492140655,strong,susceptible,0,1,0.0,-1,-1,1,0,0,0,31.7,29.6,15.377317236926682,27.69566753122228,23.490133797658753,51.42956348249516,7,18,1.302,1.303,60,0.612,167,57,0.612,194,167,57,0.0,1,1,0
13,7,117,9,1.3025422492140655,strong,susceptible,0,1,0.0,-1,-1,1,0,0,0,31.7,29.6,15.377317236926682,27.69566753122228,23.490133797658753,51.42956348249516,7,18,1.302,1.303,60,0.612,167,57,0.612,194,167,57,0.0,1,1,0
13,8,117,9,1.3025422492140655,strong,susceptible,0,1,0.0,-1,-1,1,0,0,0,31.7,29.6,15.377317236926682,27.69566753122228,23.490133797658753,51.42956348249516,7,18,1.302,1.303,60,0.612,167,57,0.612,194,167,57,0.0,1,1,0
13,9,117,9,1.3025422492140655,strong,susceptible,0,1,0.0,-1,-1,1,0,0,0,31.7,29.6,15.377317236926682,27.69566753122228,23.490133797658753,51.42956348249516,7,18,1.302,1.303,60,0.612,167,57,0.612,194,167,57,0.0,1,1,0
13,10,117,9,1.3025422492140655,strong,susceptible,0,1,0.0,-1,-1,1,0,0,0,31.7,29.6,15.377317236926682,27.69566753122228,23.490133797658753,51.42956348249516,7,18,1.302,1.303,60,0.612,167,57,0.612,194,167,57,0.0,1,1,0
13,11,117,9,1.3025422492140655,strong,susceptible,0,1,0.0,-1,-1,1,0,0,0,31.7,29.6,15.377317236926682,27.69566753122228,23.490133797658753,51.42956348249516,7,18,1.302,1.303,60,0.612,167,57,0.612,194,167,57,0.0,1,1,0
13,12,117,9,1.3025422492140655,strong,susceptible,0,1,0.0,-1,-1,1,0,0,0,31.7,29.6,15.377317236926682,27.69566753122228,23.490133797658753,51.42956348249516,7,18,1.302,1.303,60,0.612,167,57,0.612,194,167,57,0.0,1,1,0
13,13,117,9,1.3025422492140655,strong,susceptible,0,1,0.0,-1,-1,1,0,0,0,31.7,29.6,15.377317236926682,27.69566753122228,23.490133797658753,51.42956348249516,7,18,1.302,1.303,60,0.612,167,57,0.612,194,167,57,0.0,1,1,0
13,14,117,9,1.3025422492140655,strong,susceptible,0,1,0.0,-1,-1,1,0,0,0,31.7,29.6,15.377317236926682,27.69566753122228,23.490133797658753,51.42956348249516,7,18,1.302,1.303,60,0.612,167,57,0.612,194,167,57,0.0,1,1,0
13,15,117,9,1.3025422492140655,strong,susceptible,0,1,0.0,-1,-1,1,0,0,0,31.7,29.6,15.377317236926682,27.69566753122228,23.490133797658753,51.42956348249516,7,18,1.302,1.303,60,0.612,167,57,0.612,194,167,57,0.0,1,1,0
13,16,117,9,1.3025422492140655,strong,susceptible,0,1,0.0,-1,-1,1,0,0,0,31.7,29.6,15.377317236926682,27.69566753122228,23.490133797658753,51.42956348249516,7,18,1.302,1.303,60,0.612,167,57,0.612,194,167,57,0.0,1,1,0
13,17,117,9,1.3025422492140655,strong,susceptible,0,1,0.0,-1,-1,1,0,0,0,31.7,29.6,15.377317236926682,27.69566753122228,23.490133797658753,51.42956348249516,7,18,1.302,1.303,60,0.612,167,57,0.612,194,167,57,0.0,1,1,0
13,18,117,9,1.3025422492140655,strong,susceptible,0,1,0.0,-1,-1,1,0,0,0,31.7,29.6,15.377317236926682,27.69566753122228,23.490133797658753,51.42956348249516,7,18,1.302,1.303,60,0.612,167,57,0.612,194,167,57,0.0,1,1,0
13,19,117,9,1.3025422492140655,strong,susceptible,0,1,0.0,-1,-1,1,0,0,0,31.7,29.6,15.377317236926682,27.69566753122228,23.490133797658753,51.42956348249516,7,18,1.302,1.303,60,0.612,167,57,0.612,194,167,57,0.0,1,1,0
13,20,117,9,1.3025422492140655,strong,susceptible,0,1,0.0,-1,-1,1,0,0,0,31.7,29.6,15.377317236926682,27.69566753122228,23.490133797658753,51.42956348249516,7,18,1.302,1.303,60,0.612,167,57,0.612,194,167,57,0.0,1,1,0
13,21,117,9,1.3025422492140655,strong,susceptible,0,1,0.0,-1,-1,1,0,0,0,31.7,29.6,15.377317236926682,27.69566753122228,23.490133797658753,51.42956348249516,7,18,1.302,1.303,60,0.612,167,57,0.612,194,167,57,0.0,1,1,0
13,22,117,9,1.3025422492140655,strong,susceptible,0,1,0.0,-1,-1,1,0,0,0,31.7,29.6,15.377317236926682,27.69566753122228,23.490133797658753,51.42956348249516,7,18,1.302,1.303,60,0.612,167,57,0.612,194,167,57,0.0,1,1,0
13,23,117,9,1.3025422492140655,strong,susceptible,0,1,0.0,-1,-1,1,0,0,0,31.7,29.6,15.377317236926682,27.69566753122228,23.490133797658753,51.42956348249516,7,18,1.302,1.303,60,0.612,167,57,0.612,194,167,57,0.0,1,1,0
13,24,117,9,1.3025422492140655,strong,susceptible,0,1,0.0,-1,-1,1,0,0,0,31.7,29.6,15.377317236926682,27.69566753122228,23.490133797658753,51.42956348249516,7,18,1.302,1.303,60,0.612,167,57,0.612,194,167,57,0.0,1,1,0
13,25,117,9,1.3025422492140655,strong,susceptible,0,1,0.0,-1,-1,1,0,0,0,31.7,29.6,15.377317236926682,27.69566753122228,23.490133797658753,51.42956348249516,7,18,1.302,1.303,60,0.612,167,57,0.612,194,167,57,0.0,1,1,0
13,26,117,9,1.3025422492140655,strong,susceptible,0,1,0.0,-1,-1,1,0,0,0,31.7,29.6,15.377317236926682,27.69566753122228,23.490133797658753,51.42956348249516,7,18,1.302,1.303,60,0.612,167,57,0.612,194,167,57,0.0,1,1,0
13,27,117,9,1.3025422492140655,strong,susceptible,0,1,0.0,-1,-1,1,0,0,0,31.7,29.6,15.377317236926682,27.69566753122228,23.490133797658753,51.42956348249516,7,18,1.302,1.303,60,0.612,167,57,0.612,194,167,57,0.0,1,1,0
13,28,117,9,1.3025422492140655,strong,susceptible,0,1,0.0,-1,-1,1,0,0,0,31.7,29.6,15.377317236926682,27.69566753122228,23.490133797658753,51.42956348249516,7,18,1.302,1.303,60,0.612,167,57,0.612,194,167,57,0.0,1,1,0
13,29,117,9,1.3025422492140655,strong,susceptible,0,1,0.0,-1,-1,1,0,0,0,31.7,29.6,15.377317236926682,27.69566753122228,23.490133797658753,51.42956348249516,7,18,1.302,1.303,60,0.612,167,57,0.612,194,167,57,0.0,1,1,0
13,30,117,9,1.3025422492140655,strong,susceptible,0,1,0.0,-1,-1,1,0,0,0,31.7,29.6,15.377317236926682,27.69566753122228,23.490133797658753,51.42956348249516,7,18,1.302,1.303,60,0.612,167,57,0.612,194,167,57,0.0,1,1,0
13,31,117,9,1.3025422492140655,strong,susceptible,0,1,0.0,-1,-1,1,0,0,0,31.7,29.6,15.377317236926682,27.69566753122228,23.490133797658753,51.42956348249516,7,18,1.302,1.303,60,0.612,167,57,0.612,194,167,57,0.0,1,1,0
13,32,117,9,1.3025422492140655,strong,susceptible,0,1,0.0,-1,-1,1,0,0,0,31.7,29.6,15.377317236926682,27.69566753122228,23.490133797658753,51.42956348249516,7,18,1.302,1.303,60,0.612,167,57,0.612,194,167,57,0.0,1,1,0
13,33,117,9,1.3025422492140655,strong,susceptible,0,1,0.0,-1,-1,1,0,0,0,31.7,29.6,15.377317236926682,27.69566753122228,23.490133797658753,51.42956348249516,7,18,1.302,1.303,60,0.612,167,57,0.612,194,167,57,0.0,1,1,0
13,34,117,9,1.3025422492140655,strong,susceptible,0,1,0.0,-1,-1,1,0,0,0,31.7,29.6,15.377317236926682,27.69566753122228,23.490133797658753,51.42956348249516,7,18,1.302,1.303,60,0.612,167,57,0.612,194,167,57,0.0,1,1,0
13,35,117,9,1.3025422492140655,strong,susceptible,0,1,0.0,-1,-1,1,0,0,0,31.7,29.6,15.377317236926682,27.69566753122228,23.490133797658753,51.42956348249516,7,18,1.302,1.303,60,0.612,167,57,0.612,194,167,57,0.0,1,1,0
13,36,117,9,1.3025422492140655,strong,susceptible,0,1,0.0,-1,-1,1,0,0,0,31.7,29.6,15.377317236926682,27.69566753122228,23.490133797658753,51.42956348249516,7,18,1.302,1.303,60,0.612,167,57,0.612,194,167,57,0.0,1,1,0
13,37,117,9,1.3025422492140655,strong,susceptible,0,1,0.0,-1,-1,1,0,0,0,31.7,29.6,15.377317236926682,27.69566753122228,23.490133797658753,51.42956348249516,7,18,1.302,1.303,60,0.612,167,57,0.612,194,167,57,0.0,1,1,0
13,38,117,9,1.3025422492140655,strong,susceptible,0,1,0.0,-1,-1,1,0,0,0,31.7,29.6,15.377317236926682,27.69566753122228,23.490133797658753,51.42956348249516,7,18,1.302,1.303,60,0.612,167,57,0.612,194,167,57,0.0,1,1,0
13,39,117,9,1.3025422492140655,strong,susceptible,0,1,0.0,-1,-1,1,0,0,0,31.7,29.6,15.377317236926682,27.69566753122228,23.490133797658753,51.42956348249516,7,18,1.302,1.303,60,0.612,167,57,0.612,194,167,57,0.0,1,1,0
14,0,67,8,1.3026118320464084,medium,susceptible,0,1,0.0,-1,-1,0,1,0,0,15.7,23.1,20.715799081348145,28.59545418418809,29.518549206765506,46.09772228646444,7,18,1.302,1.303,60,0.612,167,57,0.612,194,167,57,0.0,1,1,0
14,1,67,8,1.3026118320464084,medium,susceptible,0,1,0.0,-1,-1,0,1,0,0,15.7,23.1,20.715799081348145,28.59545418418809,29.518549206765506,46.09772228646444,7,18,1.302,1.303,60,0.612,167,57,0.612,194,167,57,0.0,1,1,0
14,2,67,8,1.3026118320464084,medium,susceptible,0,1,0.0,-1,-1,0,1,0,0,15.7,23.1,20.715799081348145,28.59545418418809,29.518549206765506,46.09772228646444,7,18,1.302,1.303,60,0.612,167,57,0.612,194,167,57,0.0,1,1,0
14,3,67,8,1.3026118320464084,medium,susceptible,0,1,0.0,-1,-1,0,1,0,0,15.7,23.1,20.715799081348145,28.59545418418809,29.518549206765506,46.09772228646444,7,18,1.302,1.303,60,0.612,167,57,0.612,194,167,57,0.0,1,1,0
14,4,67,8,1.3026118320464084,medium,susceptible,0,1,0.0,-1,-1,0,1,0,0,15.7,23.1,20.715799081348145,28.59545418418809,29.518549206765506,46.09772228646444,7,18,1.302,1.303,60,0.612,167,57,0.612,194,167,57,0.0,1,1,0
14,5,67,8,1.3026118320464084,medium,susceptible,0,1,0.0,-1,-1,0,1,0,0,15.7,23.1,20.715799081348145,28.59545418418809,29.518549206765506,46.09772228646444,7,18,1.302,1.303,60,0.612,167,57,0.612,194,167,57,0.0,1,1,0
14,6,67,8,1.3026118320464084,medium,susceptible,0,1,0.0,-1,-1,0,1,0,0,15.7,23.1,20.715799081348145,28.59545418418809,29.518549206765506,46.09772228646444,7,18,1.302,1.303,60,0.612,167,57,0.612,194,167,57,0.0,1,1,0
14,7,67,8,1.3026118320464084,medium,susceptible,0,1,0.0,-1,-1,0,1,0,0,15.7,23.1,20.715799081348145,28.59545418418809,29.518549206765506,46.09772228646444,7,18,1.302,1.303,60,0.612,167,57,0.612,194,167,57,0.0,1,1,0
14,8,67,8,1.3026118320464084,medium,susceptible,0,1,0.0,-1,-1,0,1,0,0,15.7,23.1,20.715799081348145,28.59545418418809,29.518549206765506,46.09772228646444,7,18,1.302,1.303,60,0.612,167,57,0.612,194,167,57,0.0,1,1,0
14,9,67,8,1.3026118320464084,medium,susceptible,0,1,0.0,-1,-1,0,1,0,0,15.7,23.1,20.715799081348145,28.59545418418809,29.518549206765506,46.09772228646444,7,18,1.302,1.303,60,0.612,167,57,0.612,194,167,57,0.0,1,1,0
14,10,67,8,1.3026118320464084,medium,susceptible,0,1,0.0,-1,-1,0,1,0,0,15.7,23.1,20.715799081348145,28.59545418418809,29.518549206765506,46.09772228646444,7,18,1.302,1.303,60,0.612,167,57,0.612,194,167,57,0.0,1,1,0
14,11,67,8,1.3026118320464084,medium,susceptible,0,1,0.0,-1,-1,0,1,0,0,15.7,23.1,20.715799081348145,28.59545418418809,29.518549206765506,46.09772228646444,7,18,1.302,1.303,60,0.612,167,57,0.612,194,167,57,0.0,1,1,0
14,12,67,8,1.3026118320464084,medium,susceptible,0,1,0.0,-1,-1,0,1,0,0,15.7,23.1,20.715799081348145,28.59545418418809,29.518549206765506,46.09772228646444,7,18,1.302,1.303,60,0.612,167,57,0.612,194,167,57,0.0,1,1,0
14,13,67,8,1.3026118320464084,medium,susceptible,0,1,0.0,-1,-1,0,1,0,0,15.7,23.1,20.715799081348145,28.59545418418809,29.518549206765506,46.09772228646444,7,18,1.302,1.303,60,0.612,167,57,0.612,194,167,57,0.0,1,1,0
14,14,67,8,1.3026118320464084,medium,susceptible,0,1,0.0,-1,-1,0,1,0,0,15.7,23.1,20.715799081348145,28.59545418418809,29.518549206765506,46.09772228646444,7,18,1.302,1.303,60,0.612,167,57,0.612,194,167,57,0.0,1,1,0
14,15,67,8,1.3026118320464084,medium,susceptible,0,1,0.0,-1,-1,0,1,0,0,15.7,23.1,20.715799081348145,28.59545418418809,29.518549206765506,46.09772228646444,7,18,1.302,1.303,60,0.612,167,57,0.612,194,167,57,0.0,1,1,0
14,16,67,8,1.3026118320464084,medium,susceptible,0,1,0.0,-1,-1,0,1,0,0,15.7,23.1,20.715799081348145,28.59545418418809,29.518549206765506,46.09772228646444,7,18,1.302,1.303,60,0.612,167,57,0.612,194,167,57,0.0,1,1,0
14,17,67,8,1.3026118320464084,medium,susceptible,0,1,0.0,-1,-1,0,1,0,0,15.7,23.1,20.715799081348145,28.59545418418809,29.518549206765506,46.09772228646444,7,18,1.302,1.303,60,0.612,167,57,0.612,194,167,57,0.0,1,1,0
14,18,67,8,1.3026118320464084,medium,susceptible,0,1,0.0,-1,-1,0,1,0,0,15.7,23.1,20.715799081348145,28.59545418418809,29.518549206765506,46.09772228646444,7,18,1.302,1.303,60,0.612,167,57,0.612,194,167,57,0.0,1,1,0
14,19,67,8,1.3026118320464084,medium,susceptible,0,1,0.0,-1,-1,0,1,0,0,15.7,23.1,20.715799081348145,28.59545418418809,29.518549206765506,46.09772228646444,7,18,1.302,1.303,60,0.612,167,57,0.612,194,167,57,0.0,1,1,0
14,20,67,8,1.3026118320464084,medium,susceptible,0,1,0.0,-1,-1,0,1,0,0,15.7,23.1,20.715799081348145,28.59545418418809,29.518549206765506,46.09772228646444,7,18,1.302,1.303,60,0.612,167,57,0.612,194,167,57,0.0,1,1,0
14,21,67,8,1.3026118320464084,medium,susceptible,0,1,0.0,-1,-1,0,1,0,0,15.7,23.1,20.715799081348145,28.59545418418809,29.518549206765506,46.09772228646444,7,18,1.302,1.303,60,0.612,167,57,0.612,194,167,57,0.0,1,1,0
14,22,67,8,1.3026118320464084,medium,susceptible,0,1,0.0,-1,-1,0,1,0,0,15.7,23.1,20.715799081348145,28.59545418418809,29.518549206765506,46.09772228646444,7,18,1.302,1.303,60,0.612,167,57,0.612,194,167,57,0.0,1,1,0
14,23,67,8,1.3026118320464084,medium,susceptible,0,1,0.0,-1,-1,0,1,0,0,15.7,23.1,20.715799081348145,28.59545418418809,29.518549206765506,46.09772228646444,7,18,1.302,1.303,60,0.612,167,57,0.612,194,167,57,0.0,1,1,0
14,24,67,8,1.3026118320464084,medium,susceptible,0,1,0.0,-1,-1,0,1,0,0,15.7,23.1,20.715799081348145,28.59545418418809,29.518549206765506,46.09772228646444,7,18,1.302,1.303,60,0.612,167,57,0.612,194,167,57,0.0,1,1,0
14,25,67,8,1.3026118320464084,medium,susceptible,0,1,0.0,-1,-1,0,1,0,0,15.7,23.1,20.715799081348145,28.59545418418809,29.518549206765506,46.09772228646444,7,18,1.302,1.303,60,0.612,167,57,0.612,194,167,57,0.0,1,1,0
14,26,67,8,1.3026118320464084,medium,susceptible,0,1,0.0,-1,-1,0,1,0,0,15.7,23.1,20.715799081348145,28.59545418418809,29.518549206765506,46.09772228646444,7,18,1.302,1.303,60,0.612,167,57,0.612,194,167,57,0.0,1,1,0
14,27,67,8,1.3026118320464084,medium,susceptible,0,1,0.0,-1,-1,0,1,0,0,15.7,23.1,20.715799081348145,28.59545418418809,29.518549206765506,46.09772228646444,7,18,1.302,1.303,60,0.612,167,57,0.612,194,167,57,0.0,1,1,0
14,28,67,8,1.3026118320464084,medium,susceptible,0,1,0.0,-1,-1,0,1,0,0,15.7,23.1,20.715799081348145,28.59545418418809,29.518549206765506,46.09772228646444,7,18,1.302,1.303,60,0.612,167,57,0.612,194,167,57,0.0,1,1,0
14,29,67,8,1.3026118320464084,medium,susceptible,0,1,0.0,-1,-1,0,1,0,0,15.7,23.1,20.715799081348145,28.59545418418809,29.518549206765506,46.09772228646444,7,18,1.302,1.303,60,0.612,167,57,0.612,194,167,57,0.0,1,1,0
14,30,67,8,1.3026118320464084,medium,susceptible,0,1,0.0,-1,-1,0,1,0,0,15.7,23.1,20.715799081348145,28.59545418418809,29.518549206765506,46.09772228646444,7,18,1.302,1.303,60,0.612,167,57,0.612,194,167,57,0.0,1,1,0
14,31,67,8,1.3026118320464084,medium,susceptible,0,1,0.0,-1,-1,0,1,0,0,15.7,23.1,20.715799081348145,28.59545418418809,29.518549206765506,46.09772228646444,7,18,1.302,1.303,60,0.612,167,57,0.612,194,167,57,0.0,1,1,0
14,32,67,8,1.3026118320464084,medium,susceptible,0,1,0.0,-1,-1,0,1,0,0,15.7,23.1,20.715799081348145,28.59545418418809,29.518549206765506,46.09772228646444,7,18,1.302,1.303,60,0.612,167,57,0.612,194,167,57,0.0,1,1,0
14,33,67,8,1.3026118320464084,medium,susceptible,0,1,0.0,-1,-1,0,1,0,0,15.7,23.1,20.715799081348145,28.59545418418809,29.518549206765506,46.09772228646444,7,18,1.302,1.303,60,0.612,167,57,0.612,194,167,57,0.0,1,1,0
14,34,67,8,1.3026118320464084,medium,susceptible,0,1,0.0,-1,-1,0,1,0,0,15.7,23.1,20.715799081348145,28.59545418418809,29.518549206765506,46.09772228646444,7,18,1.302,1.303,60,0.612,167,57,0.612,194,167,57,0.0,1,1,0
14,35,67,8,1.3026118320464084,medium,susceptible,0,1,0.0,-1,-1,0,1,0,0,15.7,23.1,20.715799081348145,28.59545418418809,29.518549206765506,46.09772228646444,7,18,1.302,1.303,60,0.612,167,57,0.612,194,167,57,0.0,1,1,0
14,36,67,8,1.3026118320464084,medium,susceptible,0,1,0.0,-1,-1,0,1,0,0,15.7,23.1,20.715799081348145,28.59545418418809,29.518549206765506,46.09772228646444,7,18,1.302,1.303,60,0.612,167,57,0.612,194,167,57,0.0,1,1,0
14,37,67,8,1.3026118320464084,medium,susceptible,0,1,0.0,-1,-1,0,1,0,0,15.7,23.1,20.715799081348145,28.59545418418809,29.518549206765506,46.09772228646444,7,18,1.302,1.303,60,0.612,167,57,0.612,194,167,57,0.0,1,1,0
14,38,67,8,1.3026118320464084,medium,susceptible,0,1,0.0,-1,-1,0,1,0,0,15.7,23.1,20.715799081348145,28.59545418418809,29.518549206765506,46.09772228646444,7,18,1.302,1.303,60,0.612,167,57,0.612,194,167,57,0.0,1,1,0
14,39,67,8,1.3026118320464084,medium,susceptible,0,1,0.0,-1,-1,0,1,0,0,15.7,23.1,20.715799081348145,28.59545418418809,29.518549206765506,46.09772228646444,7,18,1.302,1.303,60,0.612,167,57,0.612,194,167,57,0.0,1,1,0
15,0,50,7,1.3029383844304665,medium,susceptible,0,1,0.0,-1,-1,0,1,0,0,21.7,22.0,19.3797681588916,28.935963782117227,29.05447299192271,44.10215414239989,7,18,1.302,1.303,60,0.612,167,57,0.612,194,167,57,0.0,1,1,0
15,1,50,7,1.3029383844304665,medium,susceptible,0,1,0.0,-1,-1,0,1,0,0,21.7,22.0,19.3797681588916,28.935963782117227,29.05447299192271,44.10215414239989,7,18,1.302,1.303,60,0.612,167,57,0.612,194,167,57,0.0,1,1,0
15,2,50,7,1.3029383844304665,medium,susceptible,0,1,0.0,-1,-1,0,1,0,0,21.7,22.0,19.3797681588916,28.935963782117227,29.05447299192271,44.10215414239989,7,18,1.302,1.303,60,0.612,167,57,0.612,194,167,57,0.0,1,1,0
15,3,50,7,1.3029383844304665,medium,susceptible,0,1,0.0,-1,-1,0,1,0,0,21.7,22.0,19.3797681588916,28.935963782117227,29.05447299192271,44.10215414239989,7,18,1.302,1.303,60,0.612,167,57,0.612,194,167,57,0.0,1,1,0
15,4,50,7,1.3029383844304665,medium,susceptible,0,1,0.0,-1,-1,0,1,0,0,21.7,22.0,19.3797681588916,28.935963782117227,29.05447299192271,44.10215414239989,7,18,1.302,1.303,60,0.612,167,57,0.612,194,167,57,0.0,1,1,0
15,5,50,7,1.3029383844304665,medium,susceptible,0,1,0.0,-1,-1,0,1,0,0,21.7,22.0,19.3797681588916,28.935963782117227,29.05447299192271,44.10215414239989,7,18,1.302,1.303,60,0.612,167,57,0.612,194,167,57,0.0,1,1,0
15,6,50,7,1.3029383844304665,medium,susceptible,0,1,0.0,-1,-1,0,1,0,0,21.7,22.0,19.3797681588916,28.935963782117227,29.05447299192271,44.10215414239989,7,18,1.302,1.303,60,0.612,167,57,0.612,194,167,57,0.0,1,1,0
15,7,50,7,1.3029383844304665,medium,susceptible,0,1,0.0,-1,-1,0,1,0,0,21.7,22.0,19.3797681588916,28.935963782117227,29.05447299192271,44.10215414239989,7,18,1.302,1.303,60,0.612,167,57,0.612,194,167,57,0.0,1,1,0
15,8,50,7,1.3029383844304665,medium,susceptible,0,1,0.0,-1,-1,0,1,0,0,21.7,22.0,19.3797681588916,28.935963782117227,29.05447299192271,44.10215414239989,7,18,1.302,1.303,60,0.612,167,57,0.612,194,167,57,0.0,1,1,0
15,9,50,7,1.3029383844304665,medium,susceptible,0,1,0.0,-1,-1,0,1,0,0,21.7,22.0,19.3797681588916,28.935963782117227,29.05447299192271,44.10215414239989,7,18,1.302,1.303,60,0.612,167,57,0.612,194,167,57,0.0,1,1,0
15,10,50,7,1.3029383844304665,medium,susceptible,0,1,0.0,-1,-1,0,1,0,0,21.7,22.0,19.3797681588916,28.935963782117227,29.05447299192271,44.10215414239989,7,18,1.302,1.303,60,0.612,167,57,0.612,194,167,57,0.0,1,1,0
15,11,50,7,1.3029383844304665,medium,susceptible,0,1,0.0,-1,-1,0,1,0,0,21.7,22.0,19.3797681588916,28.935963782117227,29.05447299192271,44.10215414239989,7,18,1.302,1.303,60,0.612,167,57,0.612,194,167,57,0.0,1,1,0
15,12,50,7,1.3029383844304665,medium,susceptible,0,1,0.0,-1,-1,0,1,0,0,21.7,22.0,19.3797681588916,28.935963782117227,29.05447299192271,44.10215414239989,7,18,1.302,1.303,60,0.612,167,57,0.612,194,167,57,0.0,1,1,0
15,13,50,7,1.3029383844304665,medium,susceptible,0,1,0.0,-1,-1,0,1,0,0,21.7,22.0,19.3797681588916,28.935963782117227,29.05447299192271,44.10215414239989,7,18,1.302,1.303,60,0.612,167,57,0.612,194,167,57,0.0,1,1,0
15,14,50,7,1.3029383844304665,medium,susceptible,0,1,0.0,-1,-1,0,1,0,0,21.7,22.0,19.3797681588916,28.935963782117227,29.05447299192271,44.10215414239989,7,18,1.302,1.303,60,0.612,167,57,0.612,194,167,57,0.0,1,1,0
15,15,50,7,1.3029383844304665,medium,susceptible,0,1,0.0,-1,-1,0,1,0,0,21.7,22.0,19.3797681588916,28.935963782117227,29.05447299192271,44.10215414239989,7,18,1.302,1.303,60,0.612,167,57,0.612,194,167,57,0.0,1,1,0
15,16,50,7,1.3029383844304665,medium,susceptible,0,1,0.0,-1,-1,0,1,0,0,21.7,22.0,19.3797681588916,28.935963782117227,29.05447299192271,44.10215414239989,7,18,1.302,1.303,60,0.612,167,57,0.612,194,167,57,0.0,1,1,0
15,17,50,7,1.3029383844304665,medium,susceptible,0,1,0.0,-1,-1,0,1,0,0,21.7,22.0,19.3797681588916,28.935963782117227,29.05447299192271,44.10215414239989,7,18,1.302,1.303,60,0.612,167,57,0.612,194,167,57,0.0,1,1,0
15,18,50,7,1.3029383844304665,medium,susceptible,0,1,0.0,-1,-1,0,1,0,0,21.7,22.0,19.3797681588916,28.935963782117227,29.05447299192271,44.10215414239989,7,18,1.302,1.303,60,0.612,167,57,0.612,194,167,57,0.0,1,1,0
15,19,50,7,1.3029383844304665,medium,susceptible,0,1,0.0,-1,-1,0,1,0,0,21.7,22.0,19.3797681588916,28.935963782117227,29.05447299192271,44.10215414239989,7,18,1.302,1.303,60,0.612,167,57,0.612,194,167,57,0.0,1,1,0
15,20,50,7,1.3029383844304665,medium,susceptible,0,1,0.0,-1,-1,0,1,0,0,21.7,22.0,19.3797681588916,28.935963782117227,29.05447299192271,44.10215414239989,7,18,1.302,1.303,60,0.612,167,57,0.612,194,167,57,0.0,1,1,0
15,21,50,7,1.3029383844304665,medium,susceptible,0,1,0.0,-1,-1,0,1,0,0,21.7,22.0,19.3797681588916,28.935963782117227,29.05447299192271,44.10215414239989,7,18,1.302,1.303,60,0.612,167,57,0.612,194,167,57,0.0,1,1,0
15,22,50,7,1.3029383844304665,medium,susceptible,0,1,0.0,-1,-1,0,1,0,0,21.7,22.0,19.3797681588916,28.935963782117227,29.05447299192271,44.10215414239989,7,18,1.302,1.303,60,0.612,167,57,0.612,194,167,57,0.0,1,1,0
15,23,50,7,1.3029383844304665,medium,susceptible,0,1,0.0,-1,-1,0,1,0,0,21.7,22.0,19.3797681588916,28.935963782117227,29.05447299192271,44.10215414239989,7,18,1.302,1.303,60,0.612,167,57,0.612,194,167,57,0.0,1,1,0
15,24,50,7,1.3029383844304665,medium,susceptible,0,1,0.0,-1,-1,0,1,0,0,21.7,22.0,19.3797681588916,28.935963782117227,29.05447299192271,44.10215414239989,7,18,1.302,1.303,60,0.612,167,57,0.612,194,167,57,0.0,1,1,0
15,25,50,7,1.3029383844304665,medium,susceptible,0,1,0.0,-1,-1,0,1,0,0,21.7,22.0,19.3797681588916,28.935963782117227,29.05447299192271,44.10215414239989,7,18,1.302,1.303,60,0.612,167,57,0.612,194,167,57,0.0,1,1,0
15,26,50,7,1.3029383844304665,medium,susceptible,0,1,0.0,-1,-1,0,1,0,0,21.7,22.0,19.3797681588916,28.935963782117227,29.05447299192271,44.10215414239989,7,18,1.302,1.303,60,0.612,167,57,0.612,194,167,57,0.0,1,1,0
15,27,50,7,1.3029383844304665,medium,susceptible,0,1,0.0,-1,-1,0,1,0,0,21.7,22.0,19.3797681588916,28.935963782117227,29.05447299192271,44.10215414239989,7,18,1.302,1.303,60,0.612,167,57,0.612,194,167,57,0.0,1,1,0
15,28,50,7,1.3029383844304665,medium,susceptible,0,1,0.0,-1,-1,0,1,0,0,21.7,22.0,19.3797681588916,28.935963782117227,29.05447299192271,44.10215414239989,7,18,1.302,1.303,60,0.612,167,57,0.612,194,167,57,0.0,1,1,0
15,29,50,7,1.3029383844304665,medium,susceptible,0,1,0.0,-1,-1,0,1,0,0,21.7,22.0,19.3797681588916,28.935963782117227,29.05447299192271,44.10215414239989,7,18,1.302,1.303,60,0.612,167,57,0.612,194,167,57,0.0,1,1,0
15,30,50,7,1.3029383844304665,medium,susceptible,0,1,0.0,-1,-1,0,1,0,0,21.7,22.0,19.3797681588916,28.935963782117227,29.05447299192271,44.10215414239989,7,18,1.302,1.303,60,0.612,167,57,0.612,194,167,57,0.0,1,1,0
15,31,50,7,1.3029383844304665,medium,susceptible,0,1,0.0,-1,-1,0,1,0,0,21.7,22.0,19.3797681588916,28.935963782117227,29.05447299192271,44.10215414239989,7,18,1.302,1.303,60,0.612,167,57,0.612,194,167,57,0.0,1,1,0
15,32,50,7,1.3029383844304665,medium,susceptible,0,1,0.0,-1,-1,0,1,0,0,21.7,22.0,19.3797681588916,28.935963782117227,29.05447299192271,44.10215414239989,7,18,1.302,1.303,60,0.612,167,57,0.612,194,167,57,0.0,1,1,0
15,33,50,7,1.3029383844304665,medium,susceptible,0,1,0.0,-1,-1,0,1,0,0,21.7,22.0,19.3797681588916,28.935963782117227,29.05447299192271,44.10215414239989,7,18,1.302,1.303,60,0.612,167,57,0.612,194,167,57,0.0,1,1,0
15,34,50,7,1.3029383844304665,medium,susceptible,0,1,0.0,-1,-1,0,1,0,0,21.7,22.0,19.3797681588916,28.935963782117227,29.05447299192271,44.10215414239989,7,18,1.302,1.303,60,0.612,167,57,0.612,194,167,57,0.0,1,1,0
15,35,50,7,1.3029383844304665,medium,susceptible,0,1,0.0,-1,-1,0,1,0,0,21.7,22.0,19.3797681588916,28.935963782117227,29.05447299192271,44.10215414239989,7,18,1.302,1.303,60,0.612,167,57,0.612,194,167,57,0.0,1,1,0
15,36,50,7,1.3029383844304665,medium,susceptible,0,1,0.0,-1,-1,0,1,0,0,21.7,22.0,19.3797681588916,28.935963782117227,29.05447299192271,44.10215414239989,7,18,1.302,1.303,60,0.612,167,57,0.612,194,167,57,0.0,1,1,0
15,37,50,7,1.3029383844304665,medium,susceptible,0,1,0.0,-1,-1,0,1,0,0,21.7,22.0,19.3797681588916,28.935963782117227,29.05447299192271,44.10215414239989,7,18,1.302,1.303,60,0.612,167,57,0.612,194,167,57,0.0,1,1,0
15,38,50,7,1.3029383844304665,medium,susceptible,0,1,0.0,-1,-1,0,1,0,0,21.7,22.0,19.3797681588916,28.935963782117227,29.05447299192271,44.10215414239989,7,18,1.302,1.303,60,0.612,167,57,0.612,194,167,57,0.0,1,1,0
15,39,50,7,1.3029383844304665,medium,susceptible,0,1,0.0,-1,-1,0,1,0,0,21.7,22.0,19.3797681588916,28.935963782117227,29.05447299192271,44.10215414239989,7,18,1.302,1.303,60,0.612,167,57,0.612,194,167,57,0.0,1,1,0
16,0,64,9,1.302111155608431,low,susceptible,0,1,0.0,-1,-1,0,0,1,0,17.2,29.6,17.419372615999077,27.236005580848307,29.999639990924283,41.48493702538308,7,18,1.302,1.303,60,0.612,167,57,0.612,194,167,57,0.0,1,1,0
16,1,64,9,1.302111155608431,low,susceptible,0,1,0.0,-1,-1,0,0,1,0,17.2,29.6,17.419372615999077,27.236005580848307,29.999639990924283,41.48493702538308,7,18,1.302,1.303,60,0.612,167,57,0.612,194,167,57,0.0,1,1,0
16,2,64,9,1.302111155608431,low,susceptible,0,1,0.0,-1,-1,0,0,1,0,17.2,29.6,17.419372615999077,27.236005580848307,29.999639990924283,41.48493702538308,7,18,1.302,1.303,60,0.612,167,57,0.612,194,167,57,0.0,1,1,0
16,3,64,9,1.302111155608431,low,susceptible,0,1,0.0,-1,-1,0,0,1,0,17.2,29.6,17.419372615999077,27.236005580848307,29.999639990924283,41.48493702538308,7,18,1.302,1.303,60,0.612,167,57,0.612,194,167,57,0.0,1,1,0
16,4,64,9,1.302111155608431,low,susceptible,0,1,0.0,-1,-1,0,0,1,0,17.2,29.6,17.419372615999077,27.236005580848307,29.999639990924283,41.48493702538308,7,18,1.302,1.303,60,0.612,167,57,0.612,194,167,57,0.0,1,1,0
16,5,64,9,1.302111155608431,low,susceptible,0,1,0.0,-1,-1,0,0,1,0,17.2,29.6,17.419372615999077,27.236005580848307,29.999639990924283,41.48493702538308,7,18,1.302,1.303,60,0.612,167,57,0.612,194,167,57,0.0,1,1,0
16,6,64,9,1.302111155608431,low,susceptible,0,1,0.0,-1,-1,0,0,1,0,17.2,29.6,17.419372615999077,27.236005580848307,29.999639990924283,41.48493702538308,7,18,1.302,1.303,60,0.612,167,57,0.612,194,167,57,0.0,1,1,0
16,7,64,9,1.302111155608431,low,susceptible,0,1,0.0,-1,-1,0,0,1,0,17.2,29.6,17.419372615999077,27.236005580848307,29.999639990924283,41.48493702538308,7,18,1.302,1.303,60,0.612,167,57,0.612,194,167,57,0.0,1,1,0
16,8,64,9,1.302111155608431,low,susceptible,0,1,0.0,-1,-1,0,0,1,0,17.2,29.6,17.419372615999077,27.236005580848307,29.999639990924283,41.48493702538308,7,18,1.302,1.303,60,0.612,167,57,0.612,194,167,57,0.0,1,1,0
16,9,64,9,1.302111155608431,low,susceptible,0,1,0.0,-1,-1,0,0,1,0,17.2,29.6,17.419372615999077,27.236005580848307,29.999639990924283,41.48493702538308,7,18,1.302,1.303,60,0.612,167,57,0.612,194,167,57,0.0,1,1,0
16,10,64,9,1.302111155608431,low,susceptible,0,1,0.0,-1,-1,0,0,1,0,17.2,29.6,17.419372615999077,27.236005580848307,29.999639990924283,41.48493702538308,7,18,1.302,1.303,60,0.612,167,57,0.612,194,167,57,0.0,1,1,0
16,11,64,9,1.302111155608431,low,susceptible,0,1,0.0,-1,-1,0,0,1,0,17.2,29.6,17.419372615999077,27.236005580848307,29.999639990924283,41.48493702538308,7,18,1.302,1.303,60,0.612,167,57,0.612,194,167,57,0.0,1,1,0
16,12,64,9,1.302111155608431,low,susceptible,0,1,0.0,-1,-1,0,0,1,0,17.2,29.6,17.419372615999077,27.236005580848307,29.999639990924283,41.48493702538308,7,18,1.302,1.303,60,0.612,167,57,0.612,194,167,57,0.0,1,1,0
16,13,64,9,1.302111155608431,low,susceptible,0,1,0.0,-1,-1,0,0,1,0,17.2,29.6,17.419372615999077,27.236005580848307,29.999639990924283,41.48493702538308,7,18,1.302,1.303,60,0.612,167,57,0.612,194,167,57,0.0,1,1,0
16,14,64,9,1.302111155608431,low,susceptible,0,1,0.0,-1,-1,0,0,1,0,17.2,29.6,17.419372615999077,27.236005580848307,29.999639990924283,41.48493702538308,7,18,1.302,1.303,60,0.612,167,57,0.612,194,167,57,0.0,1,1,0
16,15,64,9,1.302111155608431,low,susceptible,0,1,0.0,-1,-1,0,0,1,0,17.2,29.6,17.419372615999077,27.236005580848307,29.999639990924283,41.48493702538308,7,18,1.302,1.303,60,0.612,167,57,0.612,194,167,57,0.0,1,1,0
16,16,64,9,1.302111155608431,low,susceptible,0,1,0.0,-1,-1,0,0,1,0,17.2,29.6,17.419372615999077,27.236005580848307,29.999639990924283,41.48493702538308,7,18,1.302,1.303,60,0.612,167,57,0.612,194,167,57,0.0,1,1,0
16,17,64,9,1.302111155608431,low,susceptible,0,1,0.0,-1,-1,0,0,1,0,17.2,29.6,17.419372615999077,27.236005580848307,29.999639990924283,41.48493702538308,7,18,1.302,1.303,60,0.612,167,57,0.612,194,167,57,0.0,1,1,0
16,18,64,9,1.302111155608431,low,susceptible,0,1,0.0,-1,-1,0,0,1,0,17.2,29.6,17.419372615999077,27.236005580848307,29.999639990924283,41.48493702538308,7,18,1.302,1.303,60,0.612,167,57,0.612,194,167,57,0.0,1,1,0
16,19,64,9,1.302111155608431,low,susceptible,0,1,0.0,-1,-1,0,0,1,0,17.2,29.6,17.419372615999077,27.236005580848307,29.999639990924283,41.48493702538308,7,18,1.302,1.303,60,0.612,167,57,0.612,194,167,57,0.0,1,1,0
16,20,64,9,1.302111155608431,low,susceptible,0,1,0.0,-1,-1,0,0,1,0,17.2,29.6,17.419372615999077,27.236005580848307,29.999639990924283,41.48493702538308,7,18,1.302,1.303,60,0.612,167,57,0.612,194,167,57,0.0,1,1,0
16,21,64,9,1.302111155608431,low,susceptible,0,1,0.0,-1,-1,0,0,1,0,17.2,29.6,17.419372615999077,27.236005580848307,29.999639990924283,41.48493702538308,7,18,1.302,1.303,60,0.612,167,57,0.612,194,167,57,0.0,1,1,0
16,22,64,9,1.302111155608431,low,susceptible,0,1,0.0,-1,-1,0,0,1,0,17.2,29.6,17.419372615999077,27.236005580848307,29.999639990924283,41.48493702538308,7,18,1.302,1.303,60,0.612,167,57,0.612,194,167,57,0.0,1,1,0
16,23,64,9,1.302111155608431,low,susceptible,0,1,0.0,-1,-1,0,0,1,0,17.2,29.6,17.419372615999077,27.236005580848307,29.999639990924283,41.48493702538308,7,18,1.302,1.303,60,0.612,167,57,0.612,194,167,57,0.0,1,1,0
16,24,64,9,1.302111155608431,low,susceptible,0,1,0.0,-1,-1,0,0,1,0,17.2,29.6,17.419372615999077,27.236005580848307,29.999639990924283,41.48493702538308,7,18,1.302,1.303,60,0.612,167,57,0.612,194,167,57,0.0,1,1,0
16,25,64,9,1.302111155608431,low,susceptible,0,1,0.0,-1,-1,0,0,1,0,17.2,29.6,17.419372615999077,27.236005580848307,29.999639990924283,41.48493702538308,7,18,1.302,1.303,60,0.612,167,57,0.612,194,167,57,0.0,1,1,0
16,26,64,9,1.302111155608431,low,susceptible,0,1,0.0,-1,-1,0,0,1,0,17.2,29.6,17.419372615999077,27.236005580848307,29.999639990924283,41.48493702538308,7,18,1.302,1.303,60,0.612,167,57,0.612,194,167,57,0.0,1,1,0
16,27,64,9,1.302111155608431,low,susceptible,0,1,0.0,-1,-1,0,0,1,0,17.2,29.6,17.419372615999077,27.236005580848307,29.999639990924283,41.48493702538308,7,18,1.302,1.303,60,0.612,167,57,0.612,194,167,57,0.0,1,1,0
16,28,64,9,1.302111155608431,low,susceptible,0,1,0.0,-1,-1,0,0,1,0,17.2,29.6,17.419372615999077,27.236005580848307,29.999639990924283,41.48493702538308,7,18,1.302,1.303,60,0.612,167,57,0.612,194,167,57,0.0,1,1,0
16,29,64,9,1.302111155608431,low,susceptible,0,1,0.0,-1,-1,0,0,1,0,17.2,29.6,17.419372615999077,27.236005580848307,29.999639990924283,41.48493702538308,7,18,1.302,1.303,60,0.612,167,57,0.612,194,167,57,0.0,1,1,0
16,30,64,9,1.302111155608431,low,susceptible,0,1,0.0,-1,-1,0,0,1,0,17.2,29.6,17.419372615999077,27.236005580848307,29.999639990924283,41.48493702538308,7,18,1.302,1.303,60,0.612,167,57,0.612,194,167,57,0.0,1,1,0
16,31,64,9,1.302111155608431,low,susceptible,0,1,0.0,-1,-1,0,0,1,0,17.2,29.6,17.419372615999077,27.236005580848307,29.999639990924283,41.48493702538308,7,18,1.302,1.303,60,0.612,167,57,0.612,194,167,57,0.0,1,1,0
16,32,64,9,1.302111155608431,low,susceptible,0,1,0.0,-1,-1,0,0,1,0,17.2,29.6,17.419372615999077,27.236005580848307,29.999639990924283,41.48493702538308,7,18,1.302,1.303,60,0.612,167,57,0.612,194,167,57,0.0,1,1,0
16,33,64,9,1.302111155608431,low,susceptible,0,1,0.0,-1,-1,0,0,1,0,17.2,29.6,17.419372615999077,27.236005580848307,29.999639990924283,41.48493702538308,7,18,1.302,1.303,60,0.612,167,57,0.612,194,167,57,0.0,1,1,0
16,34,64,9,1.302111155608431,low,susceptible,0,1,0.0,-1,-1,0,0,1,0,17.2,29.6,17.419372615999077,27.236005580848307,29.999639990924283,41.48493702538308,7,18,1.302,1.303,60,0.612,167,57,0.612,194,167,57,0.0,1,1,0
16,35,64,9,1.302111155608431,low,susceptible,0,1,0.0,-1,-1,0,0,1,0,17.2,29.6,17.419372615999077,27.236005580848307,29.999639990924283,41.48493702538308,7,18,1.302,1.303,60,0.612,167,57,0.612,194,167,57,0.0,1,1,0
16,36,64,9,1.302111155608431,low,susceptible,0,1,0.0,-1,-1,0,0,1,0,17.2,29.6,17.419372615999077,27.236005580848307,29.999639990924283,41.48493702538308,7,18,1.302,1.303,60,0.612,167,57,0.612,194,167,57,0.0,1,1,0
16,37,64,9,1.302111155608431,low,susceptible,0,1,0.0,-1,-1,0,0,1,0,17.2,29.6,17.419372615999077,27.236005580848307,29.999639990924283,41.48493702538308,7,18,1.302,1.303,60,0.612,167,57,0.612,194,167,57,0.0,1,1,0
16,38,64,9,1.302111155608431,low,susceptible,0,1,0.0,-1,-1,0,0,1,0,17.2,29.6,17.419372615999077,27.236005580848307,29.999639990924283,41.48493702538308,7,18,1.302,1.303,60,0.612,167,57,0.612,194,167,57,0.0,1,1,0
16,39,64,9,1.302111155608431,low,susceptible,0,1,0.0,-1,-1,0,0,1,0,17.2,29.6,17.419372615999077,27.236005580848307,29.999639990924283,41.48493702538308,7,18,1.302,1.303,60,0.612,167,57,0.612,194,167,57,0.0,1,1,0
17,0,177,6,1.3026819607997742,strong,susceptible,0,1,0.0,-1,-1,1,0,0,0,26.7,16.4,21.966579023055555,31.749803148996058,37.20042391838424,62.625873247404705,7,18,1.302,1.303,60,0.612,167,57,0.612,194,167,57,0.0,1,1,0
17,1,177,6,1.3026819607997742,strong,susceptible,0,1,0.0,-1,-1,1,0,0,0,26.7,16.4,21.966579023055555,31.749803148996058,37.20042391838424,62.625873247404705,7,18,1.302,1.303,60,0.612,167,57,0.612,194,167,57,0.0,1,1,0
17,2,177,6,1.3026819607997742,strong,susceptible,0,1,0.0,-1,-1,1,0,0,0,26.7,16.4,21.966579023055555,31.749803148996058,37.20042391838424,62.625873247404705,7,18,1.302,1.303,60,0.612,167,57,0.612,194,167,57,0.0,1,1,0
17,3,177,6,1.3026819607997742,strong,susceptible,0,1,0.0,-1,-1,1,0,0,0,26.7,16.4,21.966579023055555,31.749803148996058,37.20042391838424,62.625873247404705,7,18,1.302,1.303,60,0.612,167,57,0.612,194,167,57,0.0,1,1,0
17,4,177,6,1.3026819607997742,strong,susceptible,0,1,0.0,-1,-1,1,0,0,0,26.7,16.4,21.966579023055555,31.749803148996058,37.20042391838424,62.625873247404705,7,18,1.302,1.303,60,0.612,167,57,0.612,194,167,57,0.0,1,1,0
17,5,177,6,1.3026819607997742,strong,susceptible,0,1,0.0,-1,-1,1,0,0,0,26.7,16.4,21.966579023055555,31.749803148996058,37.20042391838424,62.625873247404705,7,18,1.302,1.303,60,0.612,167,57,0.612,194,167,57,0.0,1,1,0
17,6,177,6,1.3026819607997742,strong,susceptible,0,1,0.0,-1,-1,1,0,0,0,26.7,16.4,21.966579023055555,31.749803148996058,37.20042391838424,62.625873247404705,7,18,1.302,1.303,60,0.612,167,57,0.612,194,167,57,0.0,1,1,0
17,7,177,6,1.3026819607997742,strong,susceptible,0,1,0.0,-1,-1,1,0,0,0,26.7,16.4,21.966579023055555,31.749803148996058,37.20042391838424,62.625873247404705,7,18,1.302,1.303,60,0.612,167,57,0.612,194,167,57,0.0,1,1,0
17,8,177,6,1.3026819607997742,strong,susceptible,0,1,0.0,-1,-1,1,0,0,0,26.7,16.4,21.966579023055555,31.749803148996058,37.20042391838424,62.625873247404705,7,18,1.302,1.303,60,0.612,167,57,0.612,194,167,57,0.0,1,1,0
17,9,177,6,1.3026819607997742,strong,susceptible,0,1,0.0,-1,-1,1,0,0,0,26.7,16.4,21.966579023055555,31.749803148996058,37.20042391838424,62.625873247404705,7,18,1.302,1.303,60,0.612,167,57,0.612,194,167,57,0.0,1,1,0
17,10,177,6,1.3026819607997742,strong,susceptible,0,1,0.0,-1,-1,1,0,0,0,26.7,16.4,21.966579023055555,31.749803148996058,37.20042391838424,62.625873247404705,7,18,1.302,1.303,60,0.612,167,57,0.612,194,167,57,0.0,1,1,0
17,11,177,6,1.3026819607997742,strong,susceptible,0,1,0.0,-1,-1,1,0,0,0,26.7,16.4,21.966579023055555,31.749803148996058,37.20042391838424,62.625873247404705,7,18,1.302,1.303,60,0.612,167,57,0.612,194,167,57,0.0,1,1,0
17,12,177,6,1.3026819607997742,strong,susceptible,0,1,0.0,-1,-1,1,0,0,0,26.7,16.4,21.966579023055555,31.749803148996058,37.20042391838424,62.625873247404705,7,18,1.302,1.303,60,0.612,167,57,0.612,194,167,57,0.0,1,1,0
17,13,177,6,1.3026819607997742,strong,susceptible,0,1,0.0,-1,-1,1,0,0,0,26.7,16.4,21.966579023055555,31.749803148996058,37.20042391838424,62.625873247404705,7,18,1.302,1.303,60,0.612,167,57,0.612,194,167,57,0.0,1,1,0
17,14,177,6,1.3026819607997742,strong,susceptible,0,1,0.0,-1,-1,1,0,0,0,26.7,16.4,21.966579023055555,31.749803148996058,37.20042391838424,62.625873247404705,7,18,1.302,1.303,60,0.612,167,57,0.612,194,167,57,0.0,1,1,0
17,15,177,6,1.3026819607997742,strong,susceptible,0,1,0.0,-1,-1,1,0,0,0,26.7,16.4,21.966579023055555,31.749803148996058,37.20042391838424,62.625873247404705,7,18,1.302,1.303,60,0.612,167,57,0.612,194,167,57,0.0,1,1,0
17,16,177,6,1.3026819607997742,strong,susceptible,0,1,0.0,-1,-1,1,0,0,0,26.7,16.4,21.966579023055555,31.749803148996058,37.20042391838424,62.625873247404705,7,18,1.302,1.303,60,0.612,167,57,0.612,194,167,57,0.0,1,1,0
17,17,177,6,1.3026819607997742,strong,susceptible,0,1,0.0,-1,-1,1,0,0,0,26.7,16.4,21.966579023055555,31.749803148996058,37.20042391838424,62.625873247404705,7,18,1.302,1.303,60,0.612,167,57,0.612,194,167,57,0.0,1,1,0
17,18,177,6,1.3026819607997742,strong,susceptible,0,1,0.0,-1,-1,1,0,0,0,26.7,16.4,21.966579023055555,31.749803148996058,37.20042391838424,62.625873247404705,7,18,1.302,1.303,60,0.612,167,57,0.612,194,167,57,0.0,1,1,0
17,19,177,6,1.3026819607997742,strong,susceptible,0,1,0.0,-1,-1,1,0,0,0,26.7,16.4,21.966579023055555,31.749803148996058,37.20042391838424,62.625873247404705,7,18,1.302,1.303,60,0.612,167,57,0.612,194,167,57,0.0,1,1,0
17,20,177,6,1.3026819607997742,strong,susceptible,0,1,0.0,-1,-1,1,0,0,0,26.7,16.4,21.966579023055555,31.749803148996058,37.20042391838424,62.625873247404705,7,18,1.302,1.303,60,0.612,167,57,0.612,194,167,57,0.0,1,1,0
17,21,177,6,1.3026819607997742,strong,susceptible,0,1,0.0,-1,-1,1,0,0,0,26.7,16.4,21.966579023055555,31.749803148996058,37.20042391838424,62.625873247404705,7,18,1.302,1.303,60,0.612,167,57,0.612,194,167,57,0.0,1,1,0
17,22,177,6,1.3026819607997742,strong,susceptible,0,1,0.0,-1,-1,1,0,0,0,26.7,16.4,21.966579023055555,31.749803148996058,37.20042391838424,62.625873247404705,7,18,1.302,1.303,60,0.612,167,57,0.612,194,167,57,0.0,1,1,0
17,23,177,6,1.3026819607997742,strong,susceptible,0,1,0.0,-1,-1,1,0,0,0,26.7,16.4,21.966579023055555,31.749803148996058,37.20042391838424,62.625873247404705,7,18,1.302,1.303,60,0.612,167,57,0.612,194,167,57,0.0,1,1,0
17,24,177,6,1.3026819607997742,strong,susceptible,0,1,0.0,-1,-1,1,0,0,0,26.7,16.4,21.966579023055555,31.749803148996058,37.20042391838424,62.625873247404705,7,18,1.302,1.303,60,0.612,167,57,0.612,194,167,57,0.0,1,1,0
17,25,177,6,1.3026819607997742,strong,susceptible,0,1,0.0,-1,-1,1,0,0,0,26.7,16.4,21.966579023055555,31.749803148996058,37.20042391838424,62.625873247404705,7,18,1.302,1.303,60,0.612,167,57,0.612,194,167,57,0.0,1,1,0
17,26,177,6,1.3026819607997742,strong,susceptible,0,1,0.0,-1,-1,1,0,0,0,26.7,16.4,21.966579023055555,31.749803148996058,37.20042391838424,62.625873247404705,7,18,1.302,1.303,60,0.612,167,57,0.612,194,167,57,0.0,1,1,0
17,27,177,6,1.3026819607997742,strong,susceptible,0,1,0.0,-1,-1,1,0,0,0,26.7,16.4,21.966579023055555,31.749803148996058,37.20042391838424,62.625873247404705,7,18,1.302,1.303,60,0.612,167,57,0.612,194,167,57,0.0,1,1,0
17,28,177,6,1.3026819607997742,strong,susceptible,0,1,0.0,-1,-1,1,0,0,0,26.7,16.4,21.966579023055555,31.749803148996058,37.20042391838424,62.625873247404705,7,18,1.302,1.303,60,0.612,167,57,0.612,194,167,57,0.0,1,1,0
17,29,177,6,1.3026819607997742,strong,susceptible,0,1,0.0,-1,-1,1,0,0,0,26.7,16.4,21.966579023055555,31.749803148996058,37.20042391838424,62.625873247404705,7,18,1.302,1.303,60,0.612,167,57,0.612,194,167,57,0.0,1,1,0
17,30,177,6,1.3026819607997742,strong,susceptible,0,1,0.0,-1,-1,1,0,0,0,26.7,16.4,21.966579023055555,31.749803148996058,37.20042391838424,62.625873247404705,7,18,1.302,1.303,60,0.612,167,57,0.612,194,167,57,0.0,1,1,0
17,31,177,6,1.3026819607997742,strong,susceptible,0,1,0.0,-1,-1,1,0,0,0,26.7,16.4,21.966579023055555,31.749803148996058,37.20042391838424,62.625873247404705,7,18,1.302,1.303,60,0.612,167,57,0.612,194,167,57,0.0,1,1,0
17,32,177,6,1.3026819607997742,strong,susceptible,0,1,0.0,-1,-1,1,0,0,0,26.7,16.4,21.966579023055555,31.749803148996058,37.20042391838424,62.625873247404705,7,18,1.302,1.303,60,0.612,167,57,0.612,194,167,57,0.0,1,1,0
17,33,177,6,1.3026819607997742,strong,susceptible,0,1,0.0,-1,-1,1,0,0,0,26.7,16.4,21.966579023055555,31.749803148996058,37.20042391838424,62.625873247404705,7,18,1.302,1.303,60,0.612,167,57,0.612,194,167,57,0.0,1,1,0
17,34,177,6,1.3026819607997742,strong,susceptible,0,1,0.0,-1,-1,1,0,0,0,26.7,16.4,21.966579023055555,31.749803148996058,37.20042391838424,62.625873247404705,7,18,1.302,1.303,60,0.612,167,57,0.612,194,167,57,0.0,1,1,0
17,35,177,6,1.3026819607997742,strong,susceptible,0,1,0.0,-1,-1,1,0,0,0,26.7,16.4,21.966579023055555,31.749803148996058,37.20042391838424,62.625873247404705,7,18,1.302,1.303,60,0.612,167,57,0.612,194,167,57,0.0,1,1,0
17,36,177,6,1.3026819607997742,strong,susceptible,0,1,0.0,-1,-1,1,0,0,0,26.7,16.4,21.966579023055555,31.749803148996058,37.20042391838424,62.625873247404705,7,18,1.302,1.303,60,0.612,167,57,0.612,194,167,57,0.0,1,1,0
17,37,177,6,1.3026819607997742,strong,susceptible,0,1,0.0,-1,-1,1,0,0,0,26.7,16.4,21.966579023055555,31.749803148996058,37.20042391838424,62.625873247404705,7,18,1.302,1.303,60,0.612,167,57,0.612,194,167,57,0.0,1,1,0
17,38,177,6,1.3026819607997742,strong,susceptible,0,1,0.0,-1,-1,1,0,0,0,26.7,16.4,21.966579023055555,31.749803148996058,37.20042391838424,62.625873247404705,7,18,1.302,1.303,60,0.612,167,57,0.612,194,167,57,0.0,1,1,0
17,39,177,6,1.3026819607997742,strong,susceptible,0,1,0.0,-1,-1,1,0,0,0,26.7,16.4,21.966579023055555,31.749803148996058,37.20042391838424,62.625873247404705,7,18,1.302,1.303,60,0.612,167,57,0.612,194,167,57,0.0,1,1,0
18,0,30,7,1.3024368406177373,medium,susceptible,0,1,0.0,-1,-1,0,1,0,0,23.6,30.9,15.466001849500973,30.25177680732158,23.88435079713641,36.22154055254967,7,18,1.302,1.303,60,0.612,167,57,0.612,194,167,57,0.0,1,1,0
18,1,30,7,1.3024368406177373,medium,susceptible,0,1,0.0,-1,-1,0,1,0,0,23.6,30.9,15.466001849500973,30.25177680732158,23.88435079713641,36.22154055254967,7,18,1.302,1.303,60,0.612,167,57,0.612,194,167,57,0.0,1,1,0
18,2,30,7,1.3024368406177373,medium,susceptible,0,1,0.0,-1,-1,0,1,0,0,23.6,30.9,15.466001849500973,30.25177680732158,23.88435079713641,36.22154055254967,7,18,1.302,1.303,60,0.612,167,57,0.612,194,167,57,0.0,1,1,0
18,3,30,7,1.3024368406177373,medium,susceptible,0,1,0.0,-1,-1,0,1,0,0,23.6,30.9,15.466001849500973,30.25177680732158,23.88435079713641,36.22154055254967,7,18,1.302,1.303,60,0.612,167,57,0.612,194,167,57,0.0,1,1,0
18,4,30,7,1.3024368406177373,medium,susceptible,0,1,0.0,-1,-1,0,1,0,0,23.6,30.9,15.466001849500973,30.25177680732158,23.88435079713641,36.22154055254967,7,18,1.302,1.303,60,0.612,167,57,0.612,194,167,57,0.0,1,1,0
18,5,30,7,1.3024368406177373,medium,susceptible,0,1,0.0,-1,-1,0,1,0,0,23.6,30.9,15.466001849500973,30.25177680732158,23.88435079713641,36.22154055254967,7,18,1.302,1.303,60,0.612,167,57,0.612,194,167,57,0.0,1,1,0
18,6,30,7,1.3024368406177373,medium,susceptible,0,1,0.0,-1,-1,0,1,0,0,23.6,30.9,15.466001849500973,30.25177680732158,23.88435079713641,36.22154055254967,7,18,1.302,1.303,60,0.612,167,57,0.612,194,167,57,0.0,1,1,0
18,7,30,7,1.3024368406177373,medium,susceptible,0,1,0.0,-1,-1,0,1,0,0,23.6,30.9,15.466001849500973,30.25177680732158,23.88435079713641,36.22154055254967,7,18,1.302,1.303,60,0.612,167,57,0.612,194,167,57,0.0,1,1,0
18,8,30,7,1.3024368406177373,medium,susceptible,0,1,0.0,-1,-1,0,1,0,0,23.6,30.9,15.466001849500973,30.25177680732158,23.88435079713641,36.22154055254967,7,18,1.302,1.303,60,0.612,167,57,0.612,194,167,57,0.0,1,1,0
18,9,30,7,1.3024368406177373,medium,susceptible,0,1,0.0,-1,-1,0,1,0,0,23.6,30.9,15.466001849500973,30.25177680732158,23.88435079713641,36.22154055254967,7,18,1.302,1.303,60,0.612,167,57,0.612,194,167,57,0.0,1,1,0
18,10,30,7,1.3024368406177373,medium,susceptible,0,1,0.0,-1,-1,0,1,0,0,23.6,30.9,15.466001849500973,30.25177680732158,23.88435079713641,36.22154055254967,7,18,1.302,1.303,60,0.612,167,57,0.612,194,167,57,0.0,1,1,0
18,11,30,7,1.3024368406177373,medium,susceptible,0,1,0.0,-1,-1,0,1,0,0,23.6,30.9,15.466001849500973,30.25177680732158,23.88435079713641,36.22154055254967,7,18,1.302,1.303,60,0.612,167,57,0.612,194,167,57,0.0,1,1,0
18,12,30,7,1.3024368406177373,medium,susceptible,0,1,0.0,-1,-1,0,1,0,0,23.6,30.9,15.466001849500973,30.25177680732158,23.88435079713641,36.22154055254967,7,18,1.302,1.303,60,0.612,167,57,0.612,194,167,57,0.0,1,1,0
18,13,30,7,1.3024368406177373,medium,susceptible,0,1,0.0,-1,-1,0,1,0,0,23.6,30.9,15.466001849500973,30.25177680732158,23.88435079713641,36.22154055254967,7,18,1.302,1.303,60,0.612,167,57,0.612,194,167,57,0.0,1,1,0
18,14,30,7,1.3024368406177373,medium,susceptible,0,1,0.0,-1,-1,0,1,0,0,23.6,30.9,15.466001849500973,30.25177680732158,23.88435079713641,36.22154055254967,7,18,1.302,1.303,60,0.612,167,57,0.612,194,167,57,0.0,1,1,0
18,15,30,7,1.3024368406177373,medium,susceptible,0,1,0.0,-1,-1,0,1,0,0,23.6,30.9,15.466001849500973,30.25177680732158,23.88435079713641,36.22154055254967,7,18,1.302,1.303,60,0.612,167,57,0.612,194,167,57,0.0,1,1,0
18,16,30,7,1.3024368406177373,medium,susceptible,0,1,0.0,-1,-1,0,1,0,0,23.6,30.9,15.466001849500973,30.25177680732158,23.88435079713641,36.22154055254967,7,18,1.302,1.303,60,0.612,167,57,0.612,194,167,57,0.0,1,1,0
18,17,30,7,1.3024368406177373,medium,susceptible,0,1,0.0,-1,-1,0,1,0,0,23.6,30.9,15.466001849500973,30.25177680732158,23.88435079713641,36.22154055254967,7,18,1.302,1.303,60,0.612,167,57,0.612,194,167,57,0.0,1,1,0
18,18,30,7,1.3024368406177373,medium,susceptible,0,1,0.0,-1,-1,0,1,0,0,23.6,30.9,15.466001849500973,30.25177680732158,23.88435079713641,36.22154055254967,7,18,1.302,1.303,60,0.612,167,57,0.612,194,167,57,0.0,1,1,0
18,19,30,7,1.3024368406177373,medium,susceptible,0,1,0.0,-1,-1,0,1,0,0,23.6,30.9,15.466001849500973,30.25177680732158,23.88435079713641,36.22154055254967,7,18,1.302,1.303,60,0.612,167,57,0.612,194,167,57,0.0,1,1,0
18,20,30,7,1.3024368406177373,medium,susceptible,0,1,0.0,-1,-1,0,1,0,0,23.6,30.9,15.466001849500973,30.25177680732158,23.88435079713641,36.22154055254967,7,18,1.302,1.303,60,0.612,167,57,0.612,194,167,57,0.0,1,1,0
18,21,30,7,1.3024368406177373,medium,susceptible,0,1,0.0,-1,-1,0,1,0,0,23.6,30.9,15.466001849500973,30.25177680732158,23.88435079713641,36.22154055254967,7,18,1.302,1.303,60,0.612,167,57,0.612,194,167,57,0.0,1,1,0
18,22,30,7,1.3024368406177373,medium,susceptible,0,1,0.0,-1,-1,0,1,0,0,23.6,30.9,15.466001849500973,30.25177680732158,23.88435079713641,36.22154055254967,7,18,1.302,1.303,60,0.612,167,57,0.612,194,167,57,0.0,1,1,0
18,23,30,7,1.3024368406177373,medium,susceptible,0,1,0.0,-1,-1,0,1,0,0,23.6,30.9,15.466001849500973,30.25177680732158,23.88435079713641,36.22154055254967,7,18,1.302,1.303,60,0.612,167,57,0.612,194,167,57,0.0,1,1,0
18,24,30,7,1.3024368406177373,medium,susceptible,0,1,0.0,-1,-1,0,1,0,0,23.6,30.9,15.466001849500973,30.25177680732158,23.88435079713641,36.22154055254967,7,18,1.302,1.303,60,0.612,167,57,0.612,194,167,57,0.0,1,1,0
18,25,30,7,1.3024368406177373,medium,susceptible,0,1,0.0,-1,-1,0,1,0,0,23.6,30.9,15.466001849500973,30.25177680732158,23.88435079713641,36.22154055254967,7,18,1.302,1.303,60,0.612,167,57,0.612,194,167,57,0.0,1,1,0
18,26,30,7,1.3024368406177373,medium,susceptible,0,1,0.0,-1,-1,0,1,0,0,23.6,30.9,15.466001849500973,30.25177680732158,23.88435079713641,36.22154055254967,7,18,1.302,1.303,60,0.612,167,57,0.612,194,167,57,0.0,1,1,0
18,27,30,7,1.3024368406177373,medium,susceptible,0,1,0.0,-1,-1,0,1,0,0,23.6,30.9,15.466001849500973,30.25177680732158,23.88435079713641,36.22154055254967,7,18,1.302,1.303,60,0.612,167,57,0.612,194,167,57,0.0,1,1,0
18,28,30,7,1.3024368406177373,medium,susceptible,0,1,0.0,-1,-1,0,1,0,0,23.6,30.9,15.466001849500973,30.25177680732158,23.88435079713641,36.22154055254967,7,18,1.302,1.303,60,0.612,167,57,0.612,194,167,57,0.0,1,1,0
18,29,30,7,1.3024368406177373,medium,susceptible,0,1,0.0,-1,-1,0,1,0,0,23.6,30.9,15.466001849500973,30.25177680732158,23.88435079713641,36.22154055254967,7,18,1.302,1.303,60,0.612,167,57,0.612,194,167,57,0.0,1,1,0
18,30,30,7,1.3024368406177373,medium,susceptible,0,1,0.0,-1,-1,0,1,0,0,23.6,30.9,15.466001849500973,30.25177680732158,23.88435079713641,36.22154055254967,7,18,1.302,1.303,60,0.612,167,57,0.612,194,167,57,0.0,1,1,0
18,31,30,7,1.3024368406177373,medium,susceptible,0,1,0.0,-1,-1,0,1,0,0,23.6,30.9,15.466001849500973,30.25177680732158,23.88435079713641,36.22154055254967,7,18,1.302,1.303,60,0.612,167,57,0.612,194,167,57,0.0,1,1,0
18,32,30,7,1.3024368406177373,medium,susceptible,0,1,0.0,-1,-1,0,1,0,0,23.6,30.9,15.466001849500973,30.25177680732158,23.88435079713641,36.22154055254967,7,18,1.302,1.303,60,0.612,167,57,0.612,194,167,57,0.0,1,1,0
18,33,30,7,1.3024368406177373,medium,susceptible,0,1,0.0,-1,-1,0,1,0,0,23.6,30.9,15.466001849500973,30.25177680732158,23.88435079713641,36.22154055254967,7,18,1.302,1.303,60,0.612,167,57,0.612,194,167,57,0.0,1,1,0
18,34,30,7,1.3024368406177373,medium,susceptible,0,1,0.0,-1,-1,0,1,0,0,23.6,30.9,15.466001849500973,30.25177680732158,23.88435079713641,36.22154055254967,7,18,1.302,1.303,60,0.612,167,57,0.612,194,167,57,0.0,1,1,0
18,35,30,7,1.3024368406177373,medium,susceptible,0,1,0.0,-1,-1,0,1,0,0,23.6,30.9,15.466001849500973,30.25177680732158,23.88435079713641,36.22154055254967,7,18,1.302,1.303,60,0.612,167,57,0.612,194,167,57,0.0,1,1,0
18,36,30,7,1.3024368406177373,medium,susceptible,0,1,0.0,-1,-1,0,1,0,0,23.6,30.9,15.466001849500973,30.25177680732158,23.88435079713641,36.22154055254967,7,18,1.302,1.303,60,0.612,167,57,0.612,194,167,57,0.0,1,1,0
18,37,30,7,1.3024368406177373,medium,susceptible,0,1,0.0,-1,-1,0,1,0,0,23.6,30.9,15.466001849500973,30.25177680732158,23.88435079713641,36.22154055254967,7,18,1.302,1.303,60,0.612,167,57,0.608,196,167,57,0.0040000000000000036,1,1,0
18,38,30,7,1.3024368406177373,medium,infected,1,1,0.49,37,1,0,1,0,0,23.6,30.9,15.466001849500973,30.25177680732158,23.88435079713641,36.22154055254967,7,18,1.302,1.303,60,0.612,167,57,0.612,194,167,57,0.0,1,1,0
18,39,30,7,1.3024368406177373,medium,infected,1,1,8.7,37,2,0,1,0,0,23.6,30.9,15.466001849500973,30.25177680732158,23.88435079713641,36.22154055254967,7,18,1.302,1.303,60,0.612,167,57,0.612,194,167,57,0.0,1,1,0
19,0,83,2,1.3025879210287459,medium,susceptible,0,1,0.0,-1,-1,0,1,0,0,25.3,21.1,20.052640411723836,32.182293268193305,32.0411281229288,54.08326913195984,7,18,1.302,1.303,60,0.612,167,57,0.612,194,167,57,0.0,1,1,0
19,1,83,2,1.3025879210287459,medium,susceptible,0,1,0.0,-1,-1,0,1,0,0,25.3,21.1,20.052640411723836,32.182293268193305,32.0411281229288,54.08326913195984,7,18,1.302,1.303,60,0.612,167,57,0.612,194,167,57,0.0,1,1,0
19,2,83,2,1.3025879210287459,medium,susceptible,0,1,0.0,-1,-1,0,1,0,0,25.3,21.1,20.052640411723836,32.182293268193305,32.0411281229288,54.08326913195984,7,18,1.302,1.303,60,0.612,167,57,0.612,194,167,57,0.0,1,1,0
19,3,83,2,1.3025879210287459,medium,susceptible,0,1,0.0,-1,-1,0,1,0,0,25.3,21.1,20.052640411723836,32.182293268193305,32.0411281229288,54.08326913195984,7,18,1.302,1.303,60,0.612,167,57,0.612,194,167,57,0.0,1,1,0
19,4,83,2,1.3025879210287459,medium,susceptible,0,1,0.0,-1,-1,0,1,0,0,25.3,21.1,20.052640411723836,32.182293268193305,32.0411281229288,54.08326913195984,7,18,1.302,1.303,60,0.612,167,57,0.612,194,167,57,0.0,1,1,0
19,5,83,2,1.3025879210287459,medium,susceptible,0,1,0.0,-1,-1,0,1,0,0,25.3,21.1,20.052640411723836,32.182293268193305,32.0411281229288,54.08326913195984,7,18,1.302,1.303,60,0.612,167,57,0.612,194,167,57,0.0,1,1,0
19,6,83,2,1.3025879210287459,medium,susceptible,0,1,0.0,-1,-1,0,1,0,0,25.3,21.1,20.052640411723836,32.182293268193305,32.0411281229288,54.08326913195984,7,18,1.302,1.303,60,0.612,167,57,0.612,194,167,57,0.0,1,1,0
19,7,83,2,1.3025879210287459,medium,susceptible,0,1,0.0,-1,-1,0,1,0,0,25.3,21.1,20.052640411723836,32.182293268193305,32.0411281229288,54.08326913195984,7,18,1.302,1.303,60,0.612,167,57,0.612,194,167,57,0.0,1,1,0
19,8,83,2,1.3025879210287459,medium,susceptible,0,1,0.0,-1,-1,0,1,0,0,25.3,21.1,20.052640411723836,32.182293268193305,32.0411281229288,54.08326913195984,7,18,1.302,1.303,60,0.612,167,57,0.612,194,167,57,0.0,1,1,0
19,9,83,2,1.3025879210287459,medium,susceptible,0,1,0.0,-1,-1,0,1,0,0,25.3,21.1,20.052640411723836,32.182293268193305,32.0411281229288,54.08326913195984,7,18,1.302,1.303,60,0.612,167,57,0.612,194,167,57,0.0,1,1,0
19,10,83,2,1.3025879210287459,medium,susceptible,0,1,0.0,-1,-1,0,1,0,0,25.3,21.1,20.052640411723836,32.182293268193305,32.0411281229288,54.08326913195984,7,18,1.302,1.303,60,0.612,167,57,0.612,194,167,57,0.0,1,1,0
19,11,83,2,1.3025879210287459,medium,susceptible,0,1,0.0,-1,-1,0,1,0,0,25.3,21.1,20.052640411723836,32.182293268193305,32.0411281229288,54.08326913195984,7,18,1.302,1.303,60,0.612,167,57,0.612,194,167,57,0.0,1,1,0
19,12,83,2,1.3025879210287459,medium,susceptible,0,1,0.0,-1,-1,0,1,0,0,25.3,21.1,20.052640411723836,32.182293268193305,32.0411281229288,54.08326913195984,7,18,1.302,1.303,60,0.612,167,57,0.612,194,167,57,0.0,1,1,0
19,13,83,2,1.3025879210287459,medium,susceptible,0,1,0.0,-1,-1,0,1,0,0,25.3,21.1,20.052640411723836,32.182293268193305,32.0411281229288,54.08326913195984,7,18,1.302,1.303,60,0.612,167,57,0.612,194,167,57,0.0,1,1,0
19,14,83,2,1.3025879210287459,medium,susceptible,0,1,0.0,-1,-1,0,1,0,0,25.3,21.1,20.052640411723836,32.182293268193305,32.0411281229288,54.08326913195984,7,18,1.302,1.303,60,0.612,167,57,0.612,194,167,57,0.0,1,1,0
19,15,83,2,1.3025879210287459,medium,susceptible,0,1,0.0,-1,-1,0,1,0,0,25.3,21.1,20.052640411723836,32.182293268193305,32.0411281229288,54.08326913195984,7,18,1.302,1.303,60,0.612,167,57,0.612,194,167,57,0.0,1,1,0
19,16,83,2,1.3025879210287459,medium,susceptible,0,1,0.0,-1,-1,0,1,0,0,25.3,21.1,20.052640411723836,32.182293268193305,32.0411281229288,54.08326913195984,7,18,1.302,1.303,60,0.612,167,57,0.612,194,167,57,0.0,1,1,0
19,17,83,2,1.3025879210287459,medium,susceptible,0,1,0.0,-1,-1,0,1,0,0,25.3,21.1,20.052640411723836,32.182293268193305,32.0411281229288,54.08326913195984,7,18,1.302,1.303,60,0.612,167,57,0.612,194,167,57,0.0,1,1,0
19,18,83,2,1.3025879210287459,medium,susceptible,0,1,0.0,-1,-1,0,1,0,0,25.3,21.1,20.052640411723836,32.182293268193305,32.0411281229288,54.08326913195984,7,18,1.302,1.303,60,0.612,167,57,0.612,194,167,57,0.0,1,1,0
19,19,83,2,1.3025879210287459,medium,susceptible,0,1,0.0,-1,-1,0,1,0,0,25.3,21.1,20.052640411723836,32.182293268193305,32.0411281229288,54.08326913195984,7,18,1.302,1.303,60,0.612,167,57,0.612,194,167,57,0.0,1,1,0
19,20,83,2,1.3025879210287459,medium,susceptible,0,1,0.0,-1,-1,0,1,0,0,25.3,21.1,20.052640411723836,32.182293268193305,32.0411281229288,54.08326913195984,7,18,1.302,1.303,60,0.612,167,57,0.612,194,167,57,0.0,1,1,0
19,21,83,2,1.3025879210287459,medium,susceptible,0,1,0.0,-1,-1,0,1,0,0,25.3,21.1,20.052640411723836,32.182293268193305,32.0411281229288,54.08326913195984,7,18,1.302,1.303,60,0.612,167,57,0.612,194,167,57,0.0,1,1,0
19,22,83,2,1.3025879210287459,medium,susceptible,0,1,0.0,-1,-1,0,1,0,0,25.3,21.1,20.052640411723836,32.182293268193305,32.0411281229288,54.08326913195984,7,18,1.302,1.303,60,0.612,167,57,0.612,194,167,57,0.0,1,1,0
19,23,83,2,1.3025879210287459,medium,susceptible,0,1,0.0,-1,-1,0,1,0,0,25.3,21.1,20.052640411723836,32.182293268193305,32.0411281229288,54.08326913195984,7,18,1.302,1.303,60,0.612,167,57,0.612,194,167,57,0.0,1,1,0
19,24,83,2,1.3025879210287459,medium,susceptible,0,1,0.0,-1,-1,0,1,0,0,25.3,21.1,20.052640411723836,32.182293268193305,32.0411281229288,54.08326913195984,7,18,1.302,1.303,60,0.612,167,57,0.612,194,167,57,0.0,1,1,0
19,25,83,2,1.3025879210287459,medium,susceptible,0,1,0.0,-1,-1,0,1,0,0,25.3,21.1,20.052640411723836,32.182293268193305,32.0411281229288,54.08326913195984,7,18,1.302,1.303,60,0.612,167,57,0.612,194,167,57,0.0,1,1,0
19,26,83,2,1.3025879210287459,medium,susceptible,0,1,0.0,-1,-1,0,1,0,0,25.3,21.1,20.052640411723836,32.182293268193305,32.0411281229288,54.08326913195984,7,18,1.302,1.303,60,0.612,167,57,0.612,194,167,57,0.0,1,1,0
19,27,83,2,1.3025879210287459,medium,susceptible,0,1,0.0,-1,-1,0,1,0,0,25.3,21.1,20.052640411723836,32.182293268193305,32.0411281229288,54.08326913195984,7,18,1.302,1.303,60,0.612,167,57,0.612,194,167,57,0.0,1,1,0
19,28,83,2,1.3025879210287459,medium,susceptible,0,1,0.0,-1,-1,0,1,0,0,25.3,21.1,20.052640411723836,32.182293268193305,32.0411281229288,54.08326913195984,7,18,1.302,1.303,60,0.612,167,57,0.612,194,167,57,0.0,1,1,0
19,29,83,2,1.3025879210287459,medium,susceptible,0,1,0.0,-1,-1,0,1,0,0,25.3,21.1,20.052640411723836,32.182293268193305,32.0411281229288,54.08326913195984,7,18,1.302,1.303,60,0.612,167,57,0.612,194,167,57,0.0,1,1,0
19,30,83,2,1.3025879210287459,medium,susceptible,0,1,0.0,-1,-1,0,1,0,0,25.3,21.1,20.052640411723836,32.182293268193305,32.0411281229288,54.08326913195984,7,18,1.302,1.303,60,0.612,167,57,0.612,194,167,57,0.0,1,1,0
19,31,83,2,1.3025879210287459,medium,susceptible,0,1,0.0,-1,-1,0,1,0,0,25.3,21.1,20.052640411723836,32.182293268193305,32.0411281229288,54.08326913195984,7,18,1.302,1.303,60,0.612,167,57,0.612,194,167,57,0.0,1,1,0
19,32,83,2,1.3025879210287459,medium,susceptible,0,1,0.0,-1,-1,0,1,0,0,25.3,21.1,20.052640411723836,32.182293268193305,32.0411281229288,54.08326913195984,7,18,1.302,1.303,60,0.612,167,57,0.612,194,167,57,0.0,1,1,0
19,33,83,2,1.3025879210287459,medium,susceptible,0,1,0.0,-1,-1,0,1,0,0,25.3,21.1,20.052640411723836,32.182293268193305,32.0411281229288,54.08326913195984,7,18,1.302,1.303,60,0.612,167,57,0.612,194,167,57,0.0,1,1,0
19,34,83,2,1.3025879210287459,medium,susceptible,0,1,0.0,-1,-1,0,1,0,0,25.3,21.1,20.052640411723836,32.182293268193305,32.0411281229288,54.08326913195984,7,18,1.302,1.303,60,0.612,167,57,0.612,194,167,57,0.0,1,1,0
19,35,83,2,1.3025879210287459,medium,susceptible,0,1,0.0,-1,-1,0,1,0,0,25.3,21.1,20.052640411723836,32.182293268193305,32.0411281229288,54.08326913195984,7,18,1.302,1.303,60,0.612,167,57,0.612,194,167,57,0.0,1,1,0
19,36,83,2,1.3025879210287459,medium,susceptible,0,1,0.0,-1,-1,0,1,0,0,25.3,21.1,20.052640411723836,32.182293268193305,32.0411281229288,54.08326913195984,7,18,1.302,1.303,60,0.612,167,57,0.612,194,167,57,0.0,1,1,0
19,37,83,2,1.3025879210287459,medium,susceptible,0,1,0.0,-1,-1,0,1,0,0,25.3,21.1,20.052640411723836,32.182293268193305,32.0411281229288,54.08326913195984,7,18,1.302,1.303,60,0.612,167,57,0.612,194,167,57,0.0,1,1,0
19,38,83,2,1.3025879210287459,medium,susceptible,0,1,0.0,-1,-1,0,1,0,0,25.3,21.1,20.052640411723836,32.182293268193305,32.0411281229288,54.08326913195984,7,18,1.302,1.303,60,0.612,167,57,0.612,194,167,57,0.0,1,1,0
19,39,83,2,1.3025879210287459,medium,susceptible,0,1,0.0,-1,-1,0,1,0,0,25.3,21.1,20.052640411723836,32.182293268193305,32.0411281229288,54.08326913195984,7,18,1.302,1.303,60,0.612,167,57,0.612,194,167,57,0.0,1,1,0
20,0,133,3,1.302313032837932,strong,susceptible,0,1,0.0,-1,-1,1,0,0,0,23.1,25.4,23.26473148349063,28.757086083259548,29.661642012083878,45.70557952810576,7,18,1.302,1.303,60,0.612,167,57,0.612,194,167,57,0.0,1,1,0
20,1,133,3,1.302313032837932,strong,susceptible,0,1,0.0,-1,-1,1,0,0,0,23.1,25.4,23.26473148349063,28.757086083259548,29.661642012083878,45.70557952810576,7,18,1.302,1.303,60,0.612,167,57,0.612,194,167,57,0.0,1,1,0
20,2,133,3,1.302313032837932,strong,susceptible,0,1,0.0,-1,-1,1,0,0,0,23.1,25.4,23.26473148349063,28.757086083259548,29.661642012083878,45.70557952810576,7,18,1.302,1.303,60,0.612,167,57,0.612,194,167,57,0.0,1,1,0
20,3,133,3,1.302313032837932,strong,susceptible,0,1,0.0,-1,-1,1,0,0,0,23.1,25.4,23.26473148349063,28.757086083259548,29.661642012083878,45.70557952810576,7,18,1.302,1.303,60,0.612,167,57,0.612,194,167,57,0.0,1,1,0
20,4,133,3,1.302313032837932,strong,susceptible,0,1,0.0,-1,-1,1,0,0,0,23.1,25.4,23.26473148349063,28.757086083259548,29.661642012083878,45.70557952810576,7,18,1.302,1.303,60,0.612,167,57,0.612,194,167,57,0.0,1,1,0
20,5,133,3,1.302313032837932,strong,susceptible,0,1,0.0,-1,-1,1,0,0,0,23.1,25.4,23.26473148349063,28.757086083259548,29.661642012083878,45.70557952810576,7,18,1.302,1.303,60,0.612,167,57,0.612,194,167,57,0.0,1,1,0
20,6,133,3,1.302313032837932,strong,susceptible,0,1,0.0,-1,-1,1,0,0,0,23.1,25.4,23.26473148349063,28.757086083259548,29.661642012083878,45.70557952810576,7,18,1.302,1.303,60,0.612,167,57,0.612,194,167,57,0.0,1,1,0
20,7,133,3,1.302313032837932,strong,susceptible,0,1,0.0,-1,-1,1,0,0,0,23.1,25.4,23.26473148349063,28.757086083259548,29.661642012083878,45.70557952810576,7,18,1.302,1.303,60,0.612,167,57,0.612,194,167,57,0.0,1,1,0
20,8,133,3,1.302313032837932,strong,susceptible,0,1,0.0,-1,-1,1,0,0,0,23.1,25.4,23.26473148349063,28.757086083259548,29.661642012083878,45.70557952810576,7,18,1.302,1.303,60,0.612,167,57,0.612,194,167,57,0.0,1,1,0
20,9,133,3,1.302313032837932,strong,susceptible,0,1,0.0,-1,-1,1,0,0,0,23.1,25.4,23.26473148349063,28.757086083259548,29.661642012083878,45.70557952810576,7,18,1.302,1.303,60,0.612,167,57,0.612,194,167,57,0.0,1,1,0
20,10,133,3,1.302313032837932,strong,susceptible,0,1,0.0,-1,-1,1,0,0,0,23.1,25.4,23.26473148349063,28.757086083259548,29.661642012083878,45.70557952810576,7,18,1.302,1.303,60,0.612,167,57,0.612,194,167,57,0.0,1,1,0
20,11,133,3,1.302313032837932,strong,susceptible,0,1,0.0,-1,-1,1,0,0,0,23.1,25.4,23.26473148349063,28.757086083259548,29.661642012083878,45.70557952810576,7,18,1.302,1.303,60,0.612,167,57,0.612,194,167,57,0.0,1,1,0
20,12,133,3,1.302313032837932,strong,susceptible,0,1,0.0,-1,-1,1,0,0,0,23.1,25.4,23.26473148349063,28.757086083259548,29.661642012083878,45.70557952810576,7,18,1.302,1.303,60,0.612,167,57,0.612,194,167,57,0.0,1,1,0
20,13,133,3,1.302313032837932,strong,susceptible,0,1,0.0,-1,-1,1,0,0,0,23.1,25.4,23.26473148349063,28.757086083259548,29.661642012083878,45.70557952810576,7,18,1.302,1.303,60,0.612,167,57,0.612,194,167,57,0.0,1,1,0
20,14,133,3,1.302313032837932,strong,susceptible,0,1,0.0,-1,-1,1,0,0,0,23.1,25.4,23.26473148349063,28.757086083259548,29.661642012083878,45.70557952810576,7,18,1.302,1.303,60,0.612,167,57,0.612,194,167,57,0.0,1,1,0
20,15,133,3,1.302313032837932,strong,susceptible,0,1,0.0,-1,-1,1,0,0,0,23.1,25.4,23.26473148349063,28.757086083259548,29.661642012083878,45.70557952810576,7,18,1.302,1.303,60,0.612,167,57,0.612,194,167,57,0.0,1,1,0
20,16,133,3,1.302313032837932,strong,susceptible,0,1,0.0,-1,-1,1,0,0,0,23.1,25.4,23.26473148349063,28.757086083259548,29.661642012083878,45.70557952810576,7,18,1.302,1.303,60,0.612,167,57,0.612,194,167,57,0.0,1,1,0
20,17,133,3,1.302313032837932,strong,susceptible,0,1,0.0,-1,-1,1,0,0,0,23.1,25.4,23.26473148349063,28.757086083259548,29.661642012083878,45.70557952810576,7,18,1.302,1.303,60,0.612,167,57,0.612,194,167,57,0.0,1,1,0
20,18,133,3,1.302313032837932,strong,susceptible,0,1,0.0,-1,-1,1,0,0,0,23.1,25.4,23.26473148349063,28.757086083259548,29.661642012083878,45.70557952810576,7,18,1.302,1.303,60,0.612,167,57,0.612,194,167,57,0.0,1,1,0
20,19,133,3,1.302313032837932,strong,susceptible,0,1,0.0,-1,-1,1,0,0,0,23.1,25.4,23.26473148349063,28.757086083259548,29.661642012083878,45.70557952810576,7,18,1.302,1.303,60,0.612,167,57,0.612,194,167,57,0.0,1,1,0
20,20,133,3,1.302313032837932,strong,susceptible,0,1,0.0,-1,-1,1,0,0,0,23.1,25.4,23.26473148349063,28.757086083259548,29.661642012083878,45.70557952810576,7,18,1.302,1.303,60,0.612,167,57,0.612,194,167,57,0.0,1,1,0
20,21,133,3,1.302313032837932,strong,susceptible,0,1,0.0,-1,-1,1,0,0,0,23.1,25.4,23.26473148349063,28.757086083259548,29.661642012083878,45.70557952810576,7,18,1.302,1.303,60,0.612,167,57,0.612,194,167,57,0.0,1,1,0
20,22,133,3,1.302313032837932,strong,susceptible,0,1,0.0,-1,-1,1,0,0,0,23.1,25.4,23.26473148349063,28.757086083259548,29.661642012083878,45.70557952810576,7,18,1.302,1.303,60,0.612,167,57,0.612,194,167,57,0.0,1,1,0
20,23,133,3,1.302313032837932,strong,susceptible,0,1,0.0,-1,-1,1,0,0,0,23.1,25.4,23.26473148349063,28.757086083259548,29.661642012083878,45.70557952810576,7,18,1.302,1.303,60,0.612,167,57,0.612,194,167,57,0.0,1,1,0
20,24,133,3,1.302313032837932,strong,susceptible,0,1,0.0,-1,-1,1,0,0,0,23.1,25.4,23.26473148349063,28.757086083259548,29.661642012083878,45.70557952810576,7,18,1.302,1.303,60,0.612,167,57,0.612,194,167,57,0.0,1,1,0
20,25,133,3,1.302313032837932,strong,susceptible,0,1,0.0,-1,-1,1,0,0,0,23.1,25.4,23.26473148349063,28.757086083259548,29.661642012083878,45.70557952810576,7,18,1.302,1.303,60,0.612,167,57,0.612,194,167,57,0.0,1,1,0
20,26,133,3,1.302313032837932,strong,susceptible,0,1,0.0,-1,-1,1,0,0,0,23.1,25.4,23.26473148349063,28.757086083259548,29.661642012083878,45.70557952810576,7,18,1.302,1.303,60,0.612,167,57,0.61,195,167,57,0.0020000000000000018,1,1,0
20,27,133,3,1.302313032837932,strong,infected,1,1,0.373,26,1,1,0,0,0,23.1,25.4,23.26473148349063,28.757086083259548,29.661642012083878,45.70557952810576,7,18,1.302,1.303,60,0.612,167,57,0.612,194,167,57,0.0,1,1,0
20,28,133,3,1.302313032837932,strong,infected,1,1,5.695,26,2,1,0,0,0,23.1,25.4,23.26473148349063,28.757086083259548,29.661642012083878,45.70557952810576,7,18,1.302,1.303,60,0.612,167,57,0.612,194,167,57,0.0,1,1,0
20,29,133,3,1.302313032837932,strong,infected,1,1,13.937,26,3,1,0,0,0,23.1,25.4,23.26473148349063,28.757086083259548,29.661642012083878,45.70557952810576,7,18,1.302,1.303,60,0.612,167,57,0.612,194,167,57,0.0,1,1,0
20,30,133,3,1.302313032837932,strong,infected,1,1,18.453,26,4,1,0,0,0,23.1,25.4,23.26473148349063,28.757086083259548,29.661642012083878,45.70557952810576,7,18,1.302,1.303,60,0.612,167,57,0.612,194,167,57,0.0,1,1,0
20,31,133,3,1.302313032837932,strong,infected,1,1,17.881,26,5,1,0,0,0,23.1,25.4,23.26473148349063,28.757086083259548,29.661642012083878,45.70557952810576,7,18,1.302,1.303,60,0.612,167,57,0.612,194,167,57,0.0,1,1,0
20,32,133,3,1.302313032837932,strong,infected,1,1,14.338,26,6,1,0,0,0,23.1,25.4,23.26473148349063,28.757086083259548,29.661642012083878,45.70557952810576,7,18,1.302,1.303,60,0.612,167,57,0.612,194,167,57,0.0,1,1,0
20,33,133,3,1.302313032837932,strong,infected,1,1,10.122,26,7,1,0,0,0,23.1,25.4,23.26473148349063,28.757086083259548,29.661642012083878,45.70557952810576,7,18,1.302,1.303,60,0.612,167,57,0.612,194,167,57,0.0,1,1,0
20,34,133,3,1.302313032837932,strong,infected,1,1,6.521,26,8,1,0,0,0,23.1,25.4,23.26473148349063,28.757086083259548,29.661642012083878,45.70557952810576,7,18,1.302,1.303,60,0.612,167,57,0.612,194,167,57,0.0,1,1,0
20,35,133,3,1.302313032837932,strong,infected,1,1,3.922,26,9,1,0,0,0,23.1,25.4,23.26473148349063,28.757086083259548,29.661642012083878,45.70557952810576,7,18,1.302,1.303,60,0.612,167,57,0.612,194,167,57,0.0,1,1,0
20,36,133,3,1.302313032837932,strong,infected,1,1,2.235,26,10,1,0,0,0,23.1,25.4,23.26473148349063,28.757086083259548,29.661642012083878,45.70557952810576,7,18,1.302,1.303,60,0.612,167,57,0.612,194,167,57,0.0,1,1,0
20,37,133,3,1.302313032837932,strong,infected,1,1,1.22,26,11,1,0,0,0,23.1,25.4,23.26473148349063,28.757086083259548,29.661642012083878,45.70557952810576,7,18,1.302,1.303,60,0.612,167,57,0.612,194,167,57,0.0,1,1,0
20,38,133,3,1.302313032837932,strong,infected,1,1,0.642,26,12,1,0,0,0,23.1,25.4,23.26473148349063,28.757086083259548,29.661642012083878,45.70557952810576,7,18,1.302,1.303,60,0.612,167,57,0.612,194,167,57,0.0,1,1,0
20,39,133,3,1.302313032837932,strong,recovered,2,1,0.527,26,13,1,0,0,0,23.1,25.4,23.26473148349063,28.757086083259548,29.661642012083878,45.70557952810576,7,18,1.302,1.303,60,0.612,167,57,0.612,194,167,57,0.0,1,1,0
21,0,172,7,1.3020628863919632,low,susceptible,0,1,0.0,-1,-1,0,0,1,0,26.5,25.2,14.461920904039008,21.83323155192561,21.34491843265636,35.90264614203248,7,18,1.302,1.303,60,0.612,167,57,0.612,194,167,57,0.0,1,1,0
21,1,172,7,1.3020628863919632,low,susceptible,0,1,0.0,-1,-1,0,0,1,0,26.5,25.2,14.461920904039008,21.83323155192561,21.34491843265636,35.90264614203248,7,18,1.302,1.303,60,0.612,167,57,0.612,194,167,57,0.0,1,1,0
21,2,172,7,1.3020628863919632,low,susceptible,0,1,0.0,-1,-1,0,0,1,0,26.5,25.2,14.461920904039008,21.83323155192561,21.34491843265636,35.90264614203248,7,18,1.302,1.303,60,0.612,167,57,0.612,194,167,57,0.0,1,1,0
21,3,172,7,1.3020628863919632,low,susceptible,0,1,0.0,-1,-1,0,0,1,0,26.5,25.2,14.461920904039008,21.83323155192561,21.34491843265636,35.90264614203248,7,18,1.302,1.303,60,0.612,167,57,0.612,194,167,57,0.0,1,1,0
21,4,172,7,1.3020628863919632,low,susceptible,0,1,0.0,-1,-1,0,0,1,0,26.5,25.2,14.461920904039008,21.83323155192561,21.34491843265636,35.90264614203248,7,18,1.302,1.303,60,0.612,167,57,0.612,194,167,57,0.0,1,1,0
21,5,172,7,1.3020628863919632,low,susceptible,0,1,0.0,-1,-1,0,0,1,0,26.5,25.2,14.461920904039008,21.83323155192561,21.34491843265636,35.90264614203248,7,18,1.302,1.303,60,0.612,167,57,0.612,194,167,57,0.0,1,1,0
21,6,172,7,1.3020628863919632,low,susceptible,0,1,0.0,-1,-1,0,0,1,0,26.5,25.2,14.461920904039008,21.83323155192561,21.34491843265636,35.90264614203248,7,18,1.302,1.303,60,0.612,167,57,0.612,194,167,57,0.0,1,1,0
21,7,172,7,1.3020628863919632,low,susceptible,0,1,0.0,-1,-1,0,0,1,0,26.5,25.2,14.461920904039008,21.83323155192561,21.34491843265636,35.90264614203248,7,18,1.302,1.303,60,0.612,167,57,0.612,194,167,57,0.0,1,1,0
21,8,172,7,1.3020628863919632,low,susceptible,0,1,0.0,-1,-1,0,0,1,0,26.5,25.2,14.461920904039008,21.83323155192561,21.34491843265636,35.90264614203248,7,18,1.302,1.303,60,0.612,167,57,0.612,194,167,57,0.0,1,1,0
21,9,172,7,1.3020628863919632,low,susceptible,0,1,0.0,-1,-1,0,0,1,0,26.5,25.2,14.461920904039008,21.83323155192561,21.34491843265636,35.90264614203248,7,18,1.302,1.303,60,0.612,167,57,0.612,194,167,57,0.0,1,1,0
21,10,172,7,1.3020628863919632,low,susceptible,0,1,0.0,-1,-1,0,0,1,0,26.5,25.2,14.461920904039008,21.83323155192561,21.34491843265636,35.90264614203248,7,18,1.302,1.303,60,0.612,167,57,0.612,194,167,57,0.0,1,1,0
21,11,172,7,1.3020628863919632,low,susceptible,0,1,0.0,-1,-1,0,0,1,0,26.5,25.2,14.461920904039008,21.83323155192561,21.34491843265636,35.90264614203248,7,18,1.302,1.303,60,0.612,167,57,0.612,194,167,57,0.0,1,1,0
21,12,172,7,1.3020628863919632,low,susceptible,0,1,0.0,-1,-1,0,0,1,0,26.5,25.2,14.461920904039008,21.83323155192561,21.34491843265636,35.90264614203248,7,18,1.302,1.303,60,0.612,167,57,0.612,194,167,57,0.0,1,1,0
21,13,172,7,1.3020628863919632,low,susceptible,0,1,0.0,-1,-1,0,0,1,0,26.5,25.2,14.461920904039008,21.83323155192561,21.34491843265636,35.90264614203248,7,18,1.302,1.303,60,0.612,167,57,0.612,194,167,57,0.0,1,1,0
21,14,172,7,1.3020628863919632,low,susceptible,0,1,0.0,-1,-1,0,0,1,0,26.5,25.2,14.461920904039008,21.83323155192561,21.34491843265636,35.90264614203248,7,18,1.302,1.303,60,0.612,167,57,0.612,194,167,57,0.0,1,1,0
21,15,172,7,1.3020628863919632,low,susceptible,0,1,0.0,-1,-1,0,0,1,0,26.5,25.2,14.461920904039008,21.83323155192561,21.34491843265636,35.90264614203248,7,18,1.302,1.303,60,0.612,167,57,0.612,194,167,57,0.0,1,1,0
21,16,172,7,1.3020628863919632,low,susceptible,0,1,0.0,-1,-1,0,0,1,0,26.5,25.2,14.461920904039008,21.83323155192561,21.34491843265636,35.90264614203248,7,18,1.302,1.303,60,0.612,167,57,0.612,194,167,57,0.0,1,1,0
21,17,172,7,1.3020628863919632,low,susceptible,0,1,0.0,-1,-1,0,0,1,0,26.5,25.2,14.461920904039008,21.83323155192561,21.34491843265636,35.90264614203248,7,18,1.302,1.303,60,0.612,167,57,0.612,194,167,57,0.0,1,1,0
21,18,172,7,1.3020628863919632,low,susceptible,0,1,0.0,-1,-1,0,0,1,0,26.5,25.2,14.461920904039008,21.83323155192561,21.34491843265636,35.90264614203248,7,18,1.302,1.303,60,0.612,167,57,0.612,194,167,57,0.0,1,1,0
21,19,172,7,1.3020628863919632,low,susceptible,0,1,0.0,-1,-1,0,0,1,0,26.5,25.2,14.461920904039008,21.83323155192561,21.34491843265636,35.90264614203248,7,18,1.302,1.303,60,0.612,167,57,0.612,194,167,57,0.0,1,1,0
21,20,172,7,1.3020628863919632,low,susceptible,0,1,0.0,-1,-1,0,0,1,0,26.5,25.2,14.461920904039008,21.83323155192561,21.34491843265636,35.90264614203248,7,18,1.302,1.303,60,0.612,167,57,0.612,194,167,57,0.0,1,1,0
21,21,172,7,1.3020628863919632,low,susceptible,0,1,0.0,-1,-1,0,0,1,0,26.5,25.2,14.461920904039008,21.83323155192561,21.34491843265636,35.90264614203248,7,18,1.302,1.303,60,0.612,167,57,0.612,194,167,57,0.0,1,1,0
21,22,172,7,1.3020628863919632,low,susceptible,0,1,0.0,-1,-1,0,0,1,0,26.5,25.2,14.461920904039008,21.83323155192561,21.34491843265636,35.90264614203248,7,18,1.302,1.303,60,0.612,167,57,0.612,194,167,57,0.0,1,1,0
21,23,172,7,1.3020628863919632,low,susceptible,0,1,0.0,-1,-1,0,0,1,0,26.5,25.2,14.461920904039008,21.83323155192561,21.34491843265636,35.90264614203248,7,18,1.302,1.303,60,0.612,167,57,0.612,194,167,57,0.0,1,1,0
21,24,172,7,1.3020628863919632,low,susceptible,0,1,0.0,-1,-1,0,0,1,0,26.5,25.2,14.461920904039008,21.83323155192561,21.34491843265636,35.90264614203248,7,18,1.302,1.303,60,0.612,167,57,0.612,194,167,57,0.0,1,1,0
21,25,172,7,1.3020628863919632,low,susceptible,0,1,0.0,-1,-1,0,0,1,0,26.5,25.2,14.461920904039008,21.83323155192561,21.34491843265636,35.90264614203248,7,18,1.302,1.303,60,0.612,167,57,0.612,194,167,57,0.0,1,1,0
21,26,172,7,1.3020628863919632,low,susceptible,0,1,0.0,-1,-1,0,0,1,0,26.5,25.2,14.461920904039008,21.83323155192561,21.34491843265636,35.90264614203248,7,18,1.302,1.303,60,0.612,167,57,0.612,194,167,57,0.0,1,1,0
21,27,172,7,1.3020628863919632,low,susceptible,0,1,0.0,-1,-1,0,0,1,0,26.5,25.2,14.461920904039008,21.83323155192561,21.34491843265636,35.90264614203248,7,18,1.302,1.303,60,0.612,167,57,0.612,194,167,57,0.0,1,1,0
21,28,172,7,1.3020628863919632,low,susceptible,0,1,0.0,-1,-1,0,0,1,0,26.5,25.2,14.461920904039008,21.83323155192561,21.34491843265636,35.90264614203248,7,18,1.302,1.303,60,0.612,167,57,0.612,194,167,57,0.0,1,1,0
21,29,172,7,1.3020628863919632,low,susceptible,0,1,0.0,-1,-1,0,0,1,0,26.5,25.2,14.461920904039008,21.83323155192561,21.34491843265636,35.90264614203248,7,18,1.302,1.303,60,0.612,167,57,0.612,194,167,57,0.0,1,1,0
21,30,172,7,1.3020628863919632,low,susceptible,0,1,0.0,-1,-1,0,0,1,0,26.5,25.2,14.461920904039008,21.83323155192561,21.34491843265636,35.90264614203248,7,18,1.302,1.303,60,0.612,167,57,0.612,194,167,57,0.0,1,1,0
21,31,172,7,1.3020628863919632,low,susceptible,0,1,0.0,-1,-1,0,0,1,0,26.5,25.2,14.461920904039008,21.83323155192561,21.34491843265636,35.90264614203248,7,18,1.302,1.303,60,0.612,167,57,0.612,194,167,57,0.0,1,1,0
21,32,172,7,1.3020628863919632,low,susceptible,0,1,0.0,-1,-1,0,0,1,0,26.5,25.2,14.461920904039008,21.83323155192561,21.34491843265636,35.90264614203248,7,18,1.302,1.303,60,0.612,167,57,0.612,194,167,57,0.0,1,1,0
21,33,172,7,1.3020628863919632,low,susceptible,0,1,0.0,-1,-1,0,0,1,0,26.5,25.2,14.461920904039008,21.83323155192561,21.34491843265636,35.90264614203248,7,18,1.302,1.303,60,0.612,167,57,0.612,194,167,57,0.0,1,1,0
21,34,172,7,1.3020628863919632,low,susceptible,0,1,0.0,-1,-1,0,0,1,0,26.5,25.2,14.461920904039008,21.83323155192561,21.34491843265636,35.90264614203248,7,18,1.302,1.303,60,0.612,167,57,0.612,194,167,57,0.0,1,1,0
21,35,172,7,1.3020628863919632,low,susceptible,0,1,0.0,-1,-1,0,0,1,0,26.5,25.2,14.461920904039008,21.83323155192561,21.34491843265636,35.90264614203248,7,18,1.302,1.303,60,0.612,167,57,0.612,194,167,57,0.0,1,1,0
21,36,172,7,1.3020628863919632,low,susceptible,0,1,0.0,-1,-1,0,0,1,0,26.5,25.2,14.461920904039008,21.83323155192561,21.34491843265636,35.90264614203248,7,18,1.302,1.303,60,0.612,167,57,0.612,194,167,57,0.0,1,1,0
21,37,172,7,1.3020628863919632,low,susceptible,0,1,0.0,-1,-1,0,0,1,0,26.5,25.2,14.461920904039008,21.83323155192561,21.34491843265636,35.90264614203248,7,18,1.302,1.303,60,0.612,167,57,0.612,194,167,57,0.0,1,1,0
21,38,172,7,1.3020628863919632,low,susceptible,0,1,0.0,-1,-1,0,0,1,0,26.5,25.2,14.461920904039008,21.83323155192561,21.34491843265636,35.90264614203248,7,18,1.302,1.303,60,0.612,167,57,0.612,194,167,57,0.0,1,1,0
21,39,172,7,1.3020628863919632,low,susceptible,0,1,0.0,-1,-1,0,0,1,0,26.5,25.2,14.461920904039008,21.83323155192561,21.34491843265636,35.90264614203248,7,18,1.302,1.303,60,0.612,167,57,0.612,194,167,57,0.0,1,1,0
22,0,195,1,1.3020784155473772,strong,susceptible,0,1,0.0,-1,-1,1,0,0,0,15.2,20.3,17.51687676121154,32.089406351629506,20.102970402592184,31.016124838541646,7,18,1.302,1.303,60,0.612,167,57,0.612,194,167,57,0.0,1,1,0
22,1,195,1,1.3020784155473772,strong,susceptible,0,1,0.0,-1,-1,1,0,0,0,15.2,20.3,17.51687676121154,32.089406351629506,20.102970402592184,31.016124838541646,7,18,1.302,1.303,60,0.612,167,57,0.612,194,167,57,0.0,1,1,0
22,2,195,1,1.3020784155473772,strong,susceptible,0,1,0.0,-1,-1,1,0,0,0,15.2,20.3,17.51687676121154,32.089406351629506,20.102970402592184,31.016124838541646,7,18,1.302,1.303,60,0.612,167,57,0.612,194,167,57,0.0,1,1,0
22,3,195,1,1.3020784155473772,strong,susceptible,0,1,0.0,-1,-1,1,0,0,0,15.2,20.3,17.51687676121154,32.089406351629506,20.102970402592184,31.016124838541646,7,18,1.302,1.303,60,0.612,167,57,0.612,194,167,57,0.0,1,1,0
22,4,195,1,1.3020784155473772,strong,susceptible,0,1,0.0,-1,-1,1,0,0,0,15.2,20.3,17.51687676121154,32.089406351629506,20.102970402592184,31.016124838541646,7,18,1.302,1.303,60,0.612,167,57,0.612,194,167,57,0.0,1,1,0
22,5,195,1,1.3020784155473772,strong,susceptible,0,1,0.0,-1,-1,1,0,0,0,15.2,20.3,17.51687676121154,32.089406351629506,20.102970402592184,31.016124838541646,7,18,1.302,1.303,60,0.612,167,57,0.612,194,167,57,0.0,1,1,0
22,6,195,1,1.3020784155473772,strong,susceptible,0,1,0.0,-1,-1,1,0,0,0,15.2,20.3,17.51687676121154,32.089406351629506,20.102970402592184,31.016124838541646,7,18,1.302,1.303,60,0.612,167,57,0.612,194,167,57,0.0,1,1,0
22,7,195,1,1.3020784155473772,strong,susceptible,0,1,0.0,-1,-1,1,0,0,0,15.2,20.3,17.51687676121154,32.089406351629506,20.102970402592184,31.016124838541646,7,18,1.302,1.303,60,0.612,167,57,0.612,194,167,57,0.0,1,1,0
22,8,195,1,1.3020784155473772,strong,susceptible,0,1,0.0,-1,-1,1,0,0,0,15.2,20.3,17.51687676121154,32.089406351629506,20.102970402592184,31.016124838541646,7,18,1.302,1.303,60,0.612,167,57,0.612,194,167,57,0.0,1,1,0
22,9,195,1,1.3020784155473772,strong,susceptible,0,1,0.0,-1,-1,1,0,0,0,15.2,20.3,17.51687676121154,32.089406351629506,20.102970402592184,31.016124838541646,7,18,1.302,1.303,60,0.612,167,57,0.612,194,167,57,0.0,1,1,0
22,10,195,1,1.3020784155473772,strong,susceptible,0,1,0.0,-1,-1,1,0,0,0,15.2,20.3,17.51687676121154,32.089406351629506,20.102970402592184,31.016124838541646,7,18,1.302,1.303,60,0.612,167,57,0.612,194,167,57,0.0,1,1,0
22,11,195,1,1.3020784155473772,strong,susceptible,0,1,0.0,-1,-1,1,0,0,0,15.2,20.3,17.51687676121154,32.089406351629506,20.102970402592184,31.016124838541646,7,18,1.302,1.303,60,0.612,167,57,0.612,194,167,57,0.0,1,1,0
22,12,195,1,1.3020784155473772,strong,susceptible,0,1,0.0,-1,-1,1,0,0,0,15.2,20.3,17.51687676121154,32.089406351629506,20.102970402592184,31.016124838541646,7,18,1.302,1.303,60,0.612,167,57,0.612,194,167,57,0.0,1,1,0
22,13,195,1,1.3020784155473772,strong,susceptible,0,1,0.0,-1,-1,1,0,0,0,15.2,20.3,17.51687676121154,32.089406351629506,20.102970402592184,31.016124838541646,7,18,1.302,1.303,60,0.612,167,57,0.612,194,167,57,0.0,1,1,0
22,14,195,1,1.3020784155473772,strong,susceptible,0,1,0.0,-1,-1,1,0,0,0,15.2,20.3,17.51687676121154,32.089406351629506,20.102970402592184,31.016124838541646,7,18,1.302,1.303,60,0.612,167,57,0.612,194,167,57,0.0,1,1,0
22,15,195,1,1.3020784155473772,strong,susceptible,0,1,0.0,-1,-1,1,0,0,0,15.2,20.3,17.51687676121154,32.089406351629506,20.102970402592184,31.016124838541646,7,18,1.302,1.303,60,0.612,167,57,0.612,194,167,57,0.0,1,1,0
22,16,195,1,1.3020784155473772,strong,susceptible,0,1,0.0,-1,-1,1,0,0,0,15.2,20.3,17.51687676121154,32.089406351629506,20.102970402592184,31.016124838541646,7,18,1.302,1.303,60,0.612,167,57,0.612,194,167,57,0.0,1,1,0
22,17,195,1,1.3020784155473772,strong,susceptible,0,1,0.0,-1,-1,1,0,0,0,15.2,20.3,17.51687676121154,32.089406351629506,20.102970402592184,31.016124838541646,7,18,1.302,1.303,60,0.612,167,57,0.612,194,167,57,0.0,1,1,0
22,18,195,1,1.3020784155473772,strong,susceptible,0,1,0.0,-1,-1,1,0,0,0,15.2,20.3,17.51687676121154,32.089406351629506,20.102970402592184,31.016124838541646,7,18,1.302,1.303,60,0.612,167,57,0.612,194,167,57,0.0,1,1,0
22,19,195,1,1.3020784155473772,strong,susceptible,0,1,0.0,-1,-1,1,0,0,0,15.2,20.3,17.51687676121154,32.089406351629506,20.102970402592184,31.016124838541646,7,18,1.302,1.303,60,0.612,167,57,0.612,194,167,57,0.0,1,1,0
22,20,195,1,1.3020784155473772,strong,susceptible,0,1,0.0,-1,-1,1,0,0,0,15.2,20.3,17.51687676121154,32.089406351629506,20.102970402592184,31.016124838541646,7,18,1.302,1.303,60,0.612,167,57,0.612,194,167,57,0.0,1,1,0
22,21,195,1,1.3020784155473772,strong,susceptible,0,1,0.0,-1,-1,1,0,0,0,15.2,20.3,17.51687676121154,32.089406351629506,20.102970402592184,31.016124838541646,7,18,1.302,1.303,60,0.612,167,57,0.612,194,167,57,0.0,1,1,0
22,22,195,1,1.3020784155473772,strong,susceptible,0,1,0.0,-1,-1,1,0,0,0,15.2,20.3,17.51687676121154,32.089406351629506,20.102970402592184,31.016124838541646,7,18,1.302,1.303,60,0.612,167,57,0.612,194,167,57,0.0,1,1,0
22,23,195,1,1.3020784155473772,strong,susceptible,0,1,0.0,-1,-1,1,0,0,0,15.2,20.3,17.51687676121154,32.089406351629506,20.102970402592184,31.016124838541646,7,18,1.302,1.303,60,0.612,167,57,0.612,194,167,57,0.0,1,1,0
22,24,195,1,1.3020784155473772,strong,susceptible,0,1,0.0,-1,-1,1,0,0,0,15.2,20.3,17.51687676121154,32.089406351629506,20.102970402592184,31.016124838541646,7,18,1.302,1.303,60,0.612,167,57,0.612,194,167,57,0.0,1,1,0
22,25,195,1,1.3020784155473772,strong,susceptible,0,1,0.0,-1,-1,1,0,0,0,15.2,20.3,17.51687676121154,32.089406351629506,20.102970402592184,31.016124838541646,7,18,1.302,1.303,60,0.612,167,57,0.612,194,167,57,0.0,1,1,0
22,26,195,1,1.3020784155473772,strong,susceptible,0,1,0.0,-1,-1,1,0,0,0,15.2,20.3,17.51687676121154,32.089406351629506,20.102970402592184,31.016124838541646,7,18,1.302,1.303,60,0.612,167,57,0.612,194,167,57,0.0,1,1,0
22,27,195,1,1.3020784155473772,strong,infected,1,1,0.211,26,1,1,0,0,0,15.2,20.3,17.51687676121154,32.089406351629506,20.102970402592184,31.016124838541646,7,18,1.302,1.303,60,0.612,167,57,0.612,194,167,57,0.0,1,1,0
22,28,195,1,1.3020784155473772,strong,infected,1,1,4.901,26,2,1,0,0,0,15.2,20.3,17.51687676121154,32.089406351629506,20.102970402592184,31.016124838541646,7,18,1.302,1.303,60,0.612,167,57,0.612,194,167,57,0.0,1,1,0
22,29,195,1,1.3020784155473772,strong,infected,1,1,13.207,26,3,1,0,0,0,15.2,20.3,17.51687676121154,32.089406351629506,20.102970402592184,31.016124838541646,7,18,1.302,1.303,60,0.612,167,57,0.612,194,167,57,0.0,1,1,0
22,30,195,1,1.3020784155473772,strong,infected,1,1,18.249,26,4,1,0,0,0,15.2,20.3,17.51687676121154,32.089406351629506,20.102970402592184,31.016124838541646,7,18,1.302,1.303,60,0.612,167,57,0.612,194,167,57,0.0,1,1,0
22,31,195,1,1.3020784155473772,strong,infected,1,1,18.116,26,5,1,0,0,0,15.2,20.3,17.51687676121154,32.089406351629506,20.102970402592184,31.016124838541646,7,18,1.302,1.303,60,0.612,167,57,0.612,194,167,57,0.0,1,1,0
22,32,195,1,1.3020784155473772,strong,infected,1,1,14.753,26,6,1,0,0,0,15.2,20.3,17.51687676121154,32.089406351629506,20.102970402592184,31.016124838541646,7,18,1.302,1.303,60,0.612,167,57,0.612,194,167,57,0.0,1,1,0
22,33,195,1,1.3020784155473772,strong,infected,1,1,10.529,26,7,1,0,0,0,15.2,20.3,17.51687676121154,32.089406351629506,20.102970402592184,31.016124838541646,7,18,1.302,1.303,60,0.612,167,57,0.612,194,167,57,0.0,1,1,0
22,34,195,1,1.3020784155473772,strong,infected,1,1,6.838,26,8,1,0,0,0,15.2,20.3,17.51687676121154,32.089406351629506,20.102970402592184,31.016124838541646,7,18,1.302,1.303,60,0.612,167,57,0.612,194,167,57,0.0,1,1,0
22,35,195,1,1.3020784155473772,strong,infected,1,1,4.137,26,9,1,0,0,0,15.2,20.3,17.51687676121154,32.089406351629506,20.102970402592184,31.016124838541646,7,18,1.302,1.303,60,0.612,167,57,0.612,194,167,57,0.0,1,1,0
22,36,195,1,1.3020784155473772,strong,infected,1,1,2.369,26,10,1,0,0,0,15.2,20.3,17.51687676121154,32.089406351629506,20.102970402592184,31.016124838541646,7,18,1.302,1.303,60,0.612,167,57,0.612,194,167,57,0.0,1,1,0
22,37,195,1,1.3020784155473772,strong,infected,1,1,1.298,26,11,1,0,0,0,15.2,20.3,17.51687676121154,32.089406351629506,20.102970402592184,31.016124838541646,7,18,1.302,1.303,60,0.612,167,57,0.612,194,167,57,0.0,1,1,0
22,38,195,1,1.3020784155473772,strong,infected,1,1,0.686,26,12,1,0,0,0,15.2,20.3,17.51687676121154,32.089406351629506,20.102970402592184,31.016124838541646,7,18,1.302,1.303,60,0.612,167,57,0.612,194,167,57,0.0,1,1,0
22,39,195,1,1.3020784155473772,strong,recovered,2,1,0.527,26,13,1,0,0,0,15.2,20.3,17.51687676121154,32.089406351629506,20.102970402592184,31.016124838541646,7,18,1.302,1.303,60,0.612,167,57,0.612,194,167,57,0.0,1,1,0
23,0,44,1,1.3022991454085462,medium,susceptible,0,1,0.0,-1,-1,0,1,0,0,26.1,22.0,15.786713886864243,30.486226398162174,29.21860210510831,48.60041152089147,7,18,1.302,1.303,60,0.612,167,57,0.612,194,167,57,0.0,1,1,0
23,1,44,1,1.3022991454085462,medium,susceptible,0,1,0.0,-1,-1,0,1,0,0,26.1,22.0,15.786713886864243,30.486226398162174,29.21860210510831,48.60041152089147,7,18,1.302,1.303,60,0.612,167,57,0.612,194,167,57,0.0,1,1,0
23,2,44,1,1.3022991454085462,medium,susceptible,0,1,0.0,-1,-1,0,1,0,0,26.1,22.0,15.786713886864243,30.486226398162174,29.21860210510831,48.60041152089147,7,18,1.302,1.303,60,0.612,167,57,0.612,194,167,57,0.0,1,1,0
23,3,44,1,1.3022991454085462,medium,susceptible,0,1,0.0,-1,-1,0,1,0,0,26.1,22.0,15.786713886864243,30.486226398162174,29.21860210510831,48.60041152089147,7,18,1.302,1.303,60,0.612,167,57,0.612,194,167,57,0.0,1,1,0
23,4,44,1,1.3022991454085462,medium,susceptible,0,1,0.0,-1,-1,0,1,0,0,26.1,22.0,15.786713886864243,30.486226398162174,29.21860210510831,48.60041152089147,7,18,1.302,1.303,60,0.612,167,57,0.612,194,167,57,0.0,1,1,0
23,5,44,1,1.3022991454085462,medium,susceptible,0,1,0.0,-1,-1,0,1,0,0,26.1,22.0,15.786713886864243,30.486226398162174,29.21860210510831,48.60041152089147,7,18,1.302,1.303,60,0.612,167,57,0.612,194,167,57,0.0,1,1,0
23,6,44,1,1.3022991454085462,medium,susceptible,0,1,0.0,-1,-1,0,1,0,0,26.1,22.0,15.786713886864243,30.486226398162174,29.21860210510831,48.60041152089147,7,18,1.302,1.303,60,0.612,167,57,0.612,194,167,57,0.0,1,1,0
23,7,44,1,1.3022991454085462,medium,susceptible,0,1,0.0,-1,-1,0,1,0,0,26.1,22.0,15.786713886864243,30.486226398162174,29.21860210510831,48.60041152089147,7,18,1.302,1.303,60,0.612,167,57,0.612,194,167,57,0.0,1,1,0
23,8,44,1,1.3022991454085462,medium,susceptible,0,1,0.0,-1,-1,0,1,0,0,26.1,22.0,15.786713886864243,30.486226398162174,29.21860210510831,48.60041152089147,7,18,1.302,1.303,60,0.612,167,57,0.612,194,167,57,0.0,1,1,0
23,9,44,1,1.3022991454085462,medium,susceptible,0,1,0.0,-1,-1,0,1,0,0,26.1,22.0,15.786713886864243,30.486226398162174,29.21860210510831,48.60041152089147,7,18,1.302,1.303,60,0.612,167,57,0.612,194,167,57,0.0,1,1,0
23,10,44,1,1.3022991454085462,medium,susceptible,0,1,0.0,-1,-1,0,1,0,0,26.1,22.0,15.786713886864243,30.486226398162174,29.21860210510831,48.60041152089147,7,18,1.302,1.303,60,0.612,167,57,0.612,194,167,57,0.0,1,1,0
23,11,44,1,1.3022991454085462,medium,susceptible,0,1,0.0,-1,-1,0,1,0,0,26.1,22.0,15.786713886864243,30.486226398162174,29.21860210510831,48.60041152089147,7,18,1.302,1.303,60,0.612,167,57,0.612,194,167,57,0.0,1,1,0
23,12,44,1,1.3022991454085462,medium,susceptible,0,1,0.0,-1,-1,0,1,0,0,26.1,22.0,15.786713886864243,30.486226398162174,29.21860210510831,48.60041152089147,7,18,1.302,1.303,60,0.612,167,57,0.612,194,167,57,0.0,1,1,0
23,13,44,1,1.3022991454085462,medium,susceptible,0,1,0.0,-1,-1,0,1,0,0,26.1,22.0,15.786713886864243,30.486226398162174,29.21860210510831,48.60041152089147,7,18,1.302,1.303,60,0.612,167,57,0.612,194,167,57,0.0,1,1,0
23,14,44,1,1.3022991454085462,medium,susceptible,0,1,0.0,-1,-1,0,1,0,0,26.1,22.0,15.786713886864243,30.486226398162174,29.21860210510831,48.60041152089147,7,18,1.302,1.303,60,0.612,167,57,0.612,194,167,57,0.0,1,1,0
23,15,44,1,1.3022991454085462,medium,susceptible,0,1,0.0,-1,-1,0,1,0,0,26.1,22.0,15.786713886864243,30.486226398162174,29.21860210510831,48.60041152089147,7,18,1.302,1.303,60,0.612,167,57,0.612,194,167,57,0.0,1,1,0
23,16,44,1,1.3022991454085462,medium,susceptible,0,1,0.0,-1,-1,0,1,0,0,26.1,22.0,15.786713886864243,30.486226398162174,29.21860210510831,48.60041152089147,7,18,1.302,1.303,60,0.612,167,57,0.612,194,167,57,0.0,1,1,0
23,17,44,1,1.3022991454085462,medium,susceptible,0,1,0.0,-1,-1,0,1,0,0,26.1,22.0,15.786713886864243,30.486226398162174,29.21860210510831,48.60041152089147,7,18,1.302,1.303,60,0.612,167,57,0.612,194,167,57,0.0,1,1,0
23,18,44,1,1.3022991454085462,medium,susceptible,0,1,0.0,-1,-1,0,1,0,0,26.1,22.0,15.786713886864243,30.486226398162174,29.21860210510831,48.60041152089147,7,18,1.302,1.303,60,0.612,167,57,0.612,194,167,57,0.0,1,1,0
23,19,44,1,1.3022991454085462,medium,susceptible,0,1,0.0,-1,-1,0,1,0,0,26.1,22.0,15.786713886864243,30.486226398162174,29.21860210510831,48.60041152089147,7,18,1.302,1.303,60,0.612,167,57,0.612,194,167,57,0.0,1,1,0
23,20,44,1,1.3022991454085462,medium,susceptible,0,1,0.0,-1,-1,0,1,0,0,26.1,22.0,15.786713886864243,30.486226398162174,29.21860210510831,48.60041152089147,7,18,1.302,1.303,60,0.612,167,57,0.612,194,167,57,0.0,1,1,0
23,21,44,1,1.3022991454085462,medium,susceptible,0,1,0.0,-1,-1,0,1,0,0,26.1,22.0,15.786713886864243,30.486226398162174,29.21860210510831,48.60041152089147,7,18,1.302,1.303,60,0.612,167,57,0.612,194,167,57,0.0,1,1,0
23,22,44,1,1.3022991454085462,medium,susceptible,0,1,0.0,-1,-1,0,1,0,0,26.1,22.0,15.786713886864243,30.486226398162174,29.21860210510831,48.60041152089147,7,18,1.302,1.303,60,0.612,167,57,0.612,194,167,57,0.0,1,1,0
23,23,44,1,1.3022991454085462,medium,susceptible,0,1,0.0,-1,-1,0,1,0,0,26.1,22.0,15.786713886864243,30.486226398162174,29.21860210510831,48.60041152089147,7,18,1.302,1.303,60,0.612,167,57,0.612,194,167,57,0.0,1,1,0
23,24,44,1,1.3022991454085462,medium,susceptible,0,1,0.0,-1,-1,0,1,0,0,26.1,22.0,15.786713886864243,30.486226398162174,29.21860210510831,48.60041152089147,7,18,1.302,1.303,60,0.612,167,57,0.612,194,167,57,0.0,1,1,0
23,25,44,1,1.3022991454085462,medium,susceptible,0,1,0.0,-1,-1,0,1,0,0,26.1,22.0,15.786713886864243,30.486226398162174,29.21860210510831,48.60041152089147,7,18,1.302,1.303,60,0.612,167,57,0.612,194,167,57,0.0,1,1,0
23,26,44,1,1.3022991454085462,medium,susceptible,0,1,0.0,-1,-1,0,1,0,0,26.1,22.0,15.786713886864243,30.486226398162174,29.21860210510831,48.60041152089147,7,18,1.302,1.303,60,0.612,167,57,0.612,194,167,57,0.0,1,1,0
23,27,44,1,1.3022991454085462,medium,susceptible,0,1,0.0,-1,-1,0,1,0,0,26.1,22.0,15.786713886864243,30.486226398162174,29.21860210510831,48.60041152089147,7,18,1.302,1.303,60,0.612,167,57,0.612,194,167,57,0.0,1,1,0
23,28,44,1,1.3022991454085462,medium,susceptible,0,1,0.0,-1,-1,0,1,0,0,26.1,22.0,15.786713886864243,30.486226398162174,29.21860210510831,48.60041152089147,7,18,1.302,1.303,60,0.612,167,57,0.612,194,167,57,0.0,1,1,0
23,29,44,1,1.3022991454085462,medium,susceptible,0,1,0.0,-1,-1,0,1,0,0,26.1,22.0,15.786713886864243,30.486226398162174,29.21860210510831,48.60041152089147,7,18,1.302,1.303,60,0.612,167,57,0.612,194,167,57,0.0,1,1,0
23,30,44,1,1.3022991454085462,medium,susceptible,0,1,0.0,-1,-1,0,1,0,0,26.1,22.0,15.786713886864243,30.486226398162174,29.21860210510831,48.60041152089147,7,18,1.302,1.303,60,0.612,167,57,0.612,194,167,57,0.0,1,1,0
23,31,44,1,1.3022991454085462,medium,susceptible,0,1,0.0,-1,-1,0,1,0,0,26.1,22.0,15.786713886864243,30.486226398162174,29.21860210510831,48.60041152089147,7,18,1.302,1.303,60,0.612,167,57,0.612,194,167,57,0.0,1,1,0
23,32,44,1,1.3022991454085462,medium,susceptible,0,1,0.0,-1,-1,0,1,0,0,26.1,22.0,15.786713886864243,30.486226398162174,29.21860210510831,48.60041152089147,7,18,1.302,1.303,60,0.612,167,57,0.612,194,167,57,0.0,1,1,0
23,33,44,1,1.3022991454085462,medium,susceptible,0,1,0.0,-1,-1,0,1,0,0,26.1,22.0,15.786713886864243,30.486226398162174,29.21860210510831,48.60041152089147,7,18,1.302,1.303,60,0.612,167,57,0.612,194,167,57,0.0,1,1,0
23,34,44,1,1.3022991454085462,medium,susceptible,0,1,0.0,-1,-1,0,1,0,0,26.1,22.0,15.786713886864243,30.486226398162174,29.21860210510831,48.60041152089147,7,18,1.302,1.303,60,0.612,167,57,0.612,194,167,57,0.0,1,1,0
23,35,44,1,1.3022991454085462,medium,susceptible,0,1,0.0,-1,-1,0,1,0,0,26.1,22.0,15.786713886864243,30.486226398162174,29.21860210510831,48.60041152089147,7,18,1.302,1.303,60,0.612,167,57,0.612,194,167,57,0.0,1,1,0
23,36,44,1,1.3022991454085462,medium,susceptible,0,1,0.0,-1,-1,0,1,0,0,26.1,22.0,15.786713886864243,30.486226398162174,29.21860210510831,48.60041152089147,7,18,1.302,1.303,60,0.612,167,57,0.612,194,167,57,0.0,1,1,0
23,37,44,1,1.3022991454085462,medium,susceptible,0,1,0.0,-1,-1,0,1,0,0,26.1,22.0,15.786713886864243,30.486226398162174,29.21860210510831,48.60041152089147,7,18,1.302,1.303,60,0.612,167,57,0.612,194,167,57,0.0,1,1,0
23,38,44,1,1.3022991454085462,medium,susceptible,0,1,0.0,-1,-1,0,1,0,0,26.1,22.0,15.786713886864243,30.486226398162174,29.21860210510831,48.60041152089147,7,18,1.302,1.303,60,0.612,167,57,0.612,194,167,57,0.0,1,1,0
23,39,44,1,1.3022991454085462,medium,susceptible,0,1,0.0,-1,-1,0,1,0,0,26.1,22.0,15.786713886864243,30.486226398162174,29.21860210510831,48.60041152089147,7,18,1.302,1.303,60,0.612,167,57,0.612,194,167,57,0.0,1,1,0
24,0,60,5,1.3023247801304718,strong,susceptible,0,1,0.0,-1,-1,1,0,0,0,18.9,19.5,16.8425443831592,30.434519874642348,29.175790562186155,53.85164807134504,7,18,1.302,1.303,60,0.612,167,57,0.612,194,167,57,0.0,1,1,0
24,1,60,5,1.3023247801304718,strong,susceptible,0,1,0.0,-1,-1,1,0,0,0,18.9,19.5,16.8425443831592,30.434519874642348,29.175790562186155,53.85164807134504,7,18,1.302,1.303,60,0.612,167,57,0.612,194,167,57,0.0,1,1,0
24,2,60,5,1.3023247801304718,strong,susceptible,0,1,0.0,-1,-1,1,0,0,0,18.9,19.5,16.8425443831592,30.434519874642348,29.175790562186155,53.85164807134504,7,18,1.302,1.303,60,0.612,167,57,0.612,194,167,57,0.0,1,1,0
24,3,60,5,1.3023247801304718,strong,susceptible,0,1,0.0,-1,-1,1,0,0,0,18.9,19.5,16.8425443831592,30.434519874642348,29.175790562186155,53.85164807134504,7,18,1.302,1.303,60,0.612,167,57,0.612,194,167,57,0.0,1,1,0
24,4,60,5,1.3023247801304718,strong,susceptible,0,1,0.0,-1,-1,1,0,0,0,18.9,19.5,16.8425443831592,30.434519874642348,29.175790562186155,53.85164807134504,7,18,1.302,1.303,60,0.612,167,57,0.612,194,167,57,0.0,1,1,0
24,5,60,5,1.3023247801304718,strong,susceptible,0,1,0.0,-1,-1,1,0,0,0,18.9,19.5,16.8425443831592,30.434519874642348,29.175790562186155,53.85164807134504,7,18,1.302,1.303,60,0.612,167,57,0.612,194,167,57,0.0,1,1,0
24,6,60,5,1.3023247801304718,strong,susceptible,0,1,0.0,-1,-1,1,0,0,0,18.9,19.5,16.8425443831592,30.434519874642348,29.175790562186155,53.85164807134504,7,18,1.302,1.303,60,0.612,167,57,0.612,194,167,57,0.0,1,1,0
24,7,60,5,1.3023247801304718,strong,susceptible,0,1,0.0,-1,-1,1,0,0,0,18.9,19.5,16.8425443831592,30.434519874642348,29.175790562186155,53.85164807134504,7,18,1.302,1.303,60,0.612,167,57,0.612,194,167,57,0.0,1,1,0
24,8,60,5,1.3023247801304718,strong,susceptible,0,1,0.0,-1,-1,1,0,0,0,18.9,19.5,16.8425443831592,30.434519874642348,29.175790562186155,53.85164807134504,7,18,1.302,1.303,60,0.612,167,57,0.612,194,167,57,0.0,1,1,0
24,9,60,5,1.3023247801304718,strong,susceptible,0,1,0.0,-1,-1,1,0,0,0,18.9,19.5,16.8425443831592,30.434519874642348,29.175790562186155,53.85164807134504,7,18,1.302,1.303,60,0.612,167,57,0.612,194,167,57,0.0,1,1,0
24,10,60,5,1.3023247801304718,strong,susceptible,0,1,0.0,-1,-1,1,0,0,0,18.9,19.5,16.8425443831592,30.434519874642348,29.175790562186155,53.85164807134504,7,18,1.302,1.303,60,0.612,167,57,0.612,194,167,57,0.0,1,1,0
24,11,60,5,1.3023247801304718,strong,susceptible,0,1,0.0,-1,-1,1,0,0,0,18.9,19.5,16.8425443831592,30.434519874642348,29.175790562186155,53.85164807134504,7,18,1.302,1.303,60,0.612,167,57,0.612,194,167,57,0.0,1,1,0
24,12,60,5,1.3023247801304718,strong,susceptible,0,1,0.0,-1,-1,1,0,0,0,18.9,19.5,16.8425443831592,30.434519874642348,29.175790562186155,53.85164807134504,7,18,1.302,1.303,60,0.612,167,57,0.612,194,167,57,0.0,1,1,0
24,13,60,5,1.3023247801304718,strong,susceptible,0,1,0.0,-1,-1,1,0,0,0,18.9,19.5,16.8425443831592,30.434519874642348,29.175790562186155,53.85164807134504,7,18,1.302,1.303,60,0.612,167,57,0.612,194,167,57,0.0,1,1,0
24,14,60,5,1.3023247801304718,strong,susceptible,0,1,0.0,-1,-1,1,0,0,0,18.9,19.5,16.8425443831592,30.434519874642348,29.175790562186155,53.85164807134504,7,18,1.302,1.303,60,0.612,167,57,0.612,194,167,57,0.0,1,1,0
24,15,60,5,1.3023247801304718,strong,susceptible,0,1,0.0,-1,-1,1,0,0,0,18.9,19.5,16.8425443831592,30.434519874642348,29.175790562186155,53.85164807134504,7,18,1.302,1.303,60,0.612,167,57,0.612,194,167,57,0.0,1,1,0
24,16,60,5,1.3023247801304718,strong,susceptible,0,1,0.0,-1,-1,1,0,0,0,18.9,19.5,16.8425443831592,30.434519874642348,29.175790562186155,53.85164807134504,7,18,1.302,1.303,60,0.612,167,57,0.612,194,167,57,0.0,1,1,0
24,17,60,5,1.3023247801304718,strong,susceptible,0,1,0.0,-1,-1,1,0,0,0,18.9,19.5,16.8425443831592,30.434519874642348,29.175790562186155,53.85164807134504,7,18,1.302,1.303,60,0.612,167,57,0.612,194,167,57,0.0,1,1,0
24,18,60,5,1.3023247801304718,strong,susceptible,0,1,0.0,-1,-1,1,0,0,0,18.9,19.5,16.8425443831592,30.434519874642348,29.175790562186155,53.85164807134504,7,18,1.302,1.303,60,0.612,167,57,0.612,194,167,57,0.0,1,1,0
24,19,60,5,1.3023247801304718,strong,susceptible,0,1,0.0,-1,-1,1,0,0,0,18.9,19.5,16.8425443831592,30.434519874642348,29.175790562186155,53.85164807134504,7,18,1.302,1.303,60,0.612,167,57,0.612,194,167,57,0.0,1,1,0
24,20,60,5,1.3023247801304718,strong,susceptible,0,1,0.0,-1,-1,1,0,0,0,18.9,19.5,16.8425443831592,30.434519874642348,29.175790562186155,53.85164807134504,7,18,1.302,1.303,60,0.612,167,57,0.612,194,167,57,0.0,1,1,0
24,21,60,5,1.3023247801304718,strong,susceptible,0,1,0.0,-1,-1,1,0,0,0,18.9,19.5,16.8425443831592,30.434519874642348,29.175790562186155,53.85164807134504,7,18,1.302,1.303,60,0.612,167,57,0.612,194,167,57,0.0,1,1,0
24,22,60,5,1.3023247801304718,strong,susceptible,0,1,0.0,-1,-1,1,0,0,0,18.9,19.5,16.8425443831592,30.434519874642348,29.175790562186155,53.85164807134504,7,18,1.302,1.303,60,0.612,167,57,0.612,194,167,57,0.0,1,1,0
24,23,60,5,1.3023247801304718,strong,susceptible,0,1,0.0,-1,-1,1,0,0,0,18.9,19.5,16.8425443831592,30.434519874642348,29.175790562186155,53.85164807134504,7,18,1.302,1.303,60,0.612,167,57,0.612,194,167,57,0.0,1,1,0
24,24,60,5,1.3023247801304718,strong,susceptible,0,1,0.0,-1,-1,1,0,0,0,18.9,19.5,16.8425443831592,30.434519874642348,29.175790562186155,53.85164807134504,7,18,1.302,1.303,60,0.612,167,57,0.612,194,167,57,0.0,1,1,0
24,25,60,5,1.3023247801304718,strong,susceptible,0,1,0.0,-1,-1,1,0,0,0,18.9,19.5,16.8425443831592,30.434519874642348,29.175790562186155,53.85164807134504,7,18,1.302,1.303,60,0.612,167,57,0.612,194,167,57,0.0,1,1,0
24,26,60,5,1.3023247801304718,strong,susceptible,0,1,0.0,-1,-1,1,0,0,0,18.9,19.5,16.8425443831592,30.434519874642348,29.175790562186155,53.85164807134504,7,18,1.302,1.303,60,0.612,167,57,0.612,194,167,57,0.0,1,1,0
24,27,60,5,1.3023247801304718,strong,susceptible,0,1,0.0,-1,-1,1,0,0,0,18.9,19.5,16.8425443831592,30.434519874642348,29.175790562186155,53.85164807134504,7,18,1.302,1.303,60,0.612,167,57,0.612,194,167,57,0.0,1,1,0
24,28,60,5,1.3023247801304718,strong,susceptible,0,1,0.0,-1,-1,1,0,0,0,18.9,19.5,16.8425443831592,30.434519874642348,29.175790562186155,53.85164807134504,7,18,1.302,1.303,60,0.612,167,57,0.612,194,167,57,0.0,1,1,0
24,29,60,5,1.3023247801304718,strong,susceptible,0,1,0.0,-1,-1,1,0,0,0,18.9,19.5,16.8425443831592,30.434519874642348,29.175790562186155,53.85164807134504,7,18,1.302,1.303,60,0.612,167,57,0.612,194,167,57,0.0,1,1,0
24,30,60,5,1.3023247801304718,strong,susceptible,0,1,0.0,-1,-1,1,0,0,0,18.9,19.5,16.8425443831592,30.434519874642348,29.175790562186155,53.85164807134504,7,18,1.302,1.303,60,0.612,167,57,0.612,194,167,57,0.0,1,1,0
24,31,60,5,1.3023247801304718,strong,susceptible,0,1,0.0,-1,-1,1,0,0,0,18.9,19.5,16.8425443831592,30.434519874642348,29.175790562186155,53.85164807134504,7,18,1.302,1.303,60,0.612,167,57,0.612,194,167,57,0.0,1,1,0
24,32,60,5,1.3023247801304718,strong,susceptible,0,1,0.0,-1,-1,1,0,0,0,18.9,19.5,16.8425443831592,30.434519874642348,29.175790562186155,53.85164807134504,7,18,1.302,1.303,60,0.612,167,57,0.612,194,167,57,0.0,1,1,0
24,33,60,5,1.3023247801304718,strong,susceptible,0,1,0.0,-1,-1,1,0,0,0,18.9,19.5,16.8425443831592,30.434519874642348,29.175790562186155,53.85164807134504,7,18,1.302,1.303,60,0.612,167,57,0.612,194,167,57,0.0,1,1,0
24,34,60,5,1.3023247801304718,strong,susceptible,0,1,0.0,-1,-1,1,0,0,0,18.9,19.5,16.8425443831592,30.434519874642348,29.175790562186155,53.85164807134504,7,18,1.302,1.303,60,0.612,167,57,0.612,194,167,57,0.0,1,1,0
24,35,60,5,1.3023247801304718,strong,susceptible,0,1,0.0,-1,-1,1,0,0,0,18.9,19.5,16.8425443831592,30.434519874642348,29.175790562186155,53.85164807134504,7,18,1.302,1.303,60,0.612,167,57,0.612,194,167,57,0.0,1,1,0
24,36,60,5,1.3023247801304718,strong,susceptible,0,1,0.0,-1,-1,1,0,0,0,18.9,19.5,16.8425443831592,30.434519874642348,29.175790562186155,53.85164807134504,7,18,1.302,1.303,60,0.612,167,57,0.612,194,167,57,0.0,1,1,0
24,37,60,5,1.3023247801304718,strong,susceptible,0,1,0.0,-1,-1,1,0,0,0,18.9,19.5,16.8425443831592,30.434519874642348,29.175790562186155,53.85164807134504,7,18,1.302,1.303,60,0.612,167,57,0.612,194,167,57,0.0,1,1,0
24,38,60,5,1.3023247801304718,strong,infected,1,1,0.373,37,1,1,0,0,0,18.9,19.5,16.8425443831592,30.434519874642348,29.175790562186155,53.85164807134504,7,18,1.302,1.303,60,0.612,167,57,0.612,194,167,57,0.0,1,1,0
24,39,60,5,1.3023247801304718,strong,infected,1,1,5.695,37,2,1,0,0,0,18.9,19.5,16.8425443831592,30.434519874642348,29.175790562186155,53.85164807134504,7,18,1.302,1.303,60,0.612,167,57,0.612,194,167,57,0.0,1,1,0
25,0,43,1,1.3023883226173334,low,susceptible,0,1,0.0,-1,-1,0,0,1,0,21.0,28.1,23.47205824735199,34.490723390500236,32.6666163680527,52.15361924162119,7,18,1.302,1.303,60,0.612,167,57,0.612,194,167,57,0.0,1,1,0
25,1,43,1,1.3023883226173334,low,susceptible,0,1,0.0,-1,-1,0,0,1,0,21.0,28.1,23.47205824735199,34.490723390500236,32.6666163680527,52.15361924162119,7,18,1.302,1.303,60,0.612,167,57,0.612,194,167,57,0.0,1,1,0
25,2,43,1,1.3023883226173334,low,susceptible,0,1,0.0,-1,-1,0,0,1,0,21.0,28.1,23.47205824735199,34.490723390500236,32.6666163680527,52.15361924162119,7,18,1.302,1.303,60,0.612,167,57,0.612,194,167,57,0.0,1,1,0
25,3,43,1,1.3023883226173334,low,susceptible,0,1,0.0,-1,-1,0,0,1,0,21.0,28.1,23.47205824735199,34.490723390500236,32.6666163680527,52.15361924162119,7,18,1.302,1.303,60,0.612,167,57,0.612,194,167,57,0.0,1,1,0
25,4,43,1,1.3023883226173334,low,susceptible,0,1,0.0,-1,-1,0,0,1,0,21.0,28.1,23.47205824735199,34.490723390500236,32.6666163680527,52.15361924162119,7,18,1.302,1.303,60,0.612,167,57,0.612,194,167,57,0.0,1,1,0
25,5,43,1,1.3023883226173334,low,susceptible,0,1,0.0,-1,-1,0,0,1,0,21.0,28.1,23.47205824735199,34.490723390500236,32.6666163680527,52.15361924162119,7,18,1.302,1.303,60,0.612,167,57,0.612,194,167,57,0.0,1,1,0
25,6,43,1,1.3023883226173334,low,susceptible,0,1,0.0,-1,-1,0,0,1,0,21.0,28.1,23.47205824735199,34.490723390500236,32.6666163680527,52.15361924162119,7,18,1.302,1.303,60,0.612,167,57,0.612,194,167,57,0.0,1,1,0
25,7,43,1,1.3023883226173334,low,susceptible,0,1,0.0,-1,-1,0,0,1,0,21.0,28.1,23.47205824735199,34.490723390500236,32.6666163680527,52.15361924162119,7,18,1.302,1.303,60,0.612,167,57,0.612,194,167,57,0.0,1,1,0
25,8,43,1,1.3023883226173334,low,susceptible,0,1,0.0,-1,-1,0,0,1,0,21.0,28.1,23.47205824735199,34.490723390500236,32.6666163680527,52.15361924162119,7,18,1.302,1.303,60,0.612,167,57,0.612,194,167,57,0.0,1,1,0
25,9,43,1,1.3023883226173334,low,susceptible,0,1,0.0,-1,-1,0,0,1,0,21.0,28.1,23.47205824735199,34.490723390500236,32.6666163680527,52.15361924162119,7,18,1.302,1.303,60,0.612,167,57,0.612,194,167,57,0.0,1,1,0
25,10,43,1,1.3023883226173334,low,susceptible,0,1,0.0,-1,-1,0,0,1,0,21.0,28.1,23.47205824735199,34.490723390500236,32.6666163680527,52.15361924162119,7,18,1.302,1.303,60,0.612,167,57,0.612,194,167,57,0.0,1,1,0
25,11,43,1,1.3023883226173334,low,susceptible,0,1,0.0,-1,-1,0,0,1,0,21.0,28.1,23.47205824735199,34.490723390500236,32.6666163680527,52.15361924162119,7,18,1.302,1.303,60,0.612,167,57,0.612,194,167,57,0.0,1,1,0
25,12,43,1,1.3023883226173334,low,susceptible,0,1,0.0,-1,-1,0,0,1,0,21.0,28.1,23.47205824735199,34.490723390500236,32.6666163680527,52.15361924162119,7,18,1.302,1.303,60,0.612,167,57,0.612,194,167,57,0.0,1,1,0
25,13,43,1,1.3023883226173334,low,susceptible,0,1,0.0,-1,-1,0,0,1,0,21.0,28.1,23.47205824735199,34.490723390500236,32.6666163680527,52.15361924162119,7,18,1.302,1.303,60,0.612,167,57,0.612,194,167,57,0.0,1,1,0
25,14,43,1,1.3023883226173334,low,susceptible,0,1,0.0,-1,-1,0,0,1,0,21.0,28.1,23.47205824735199,34.490723390500236,32.6666163680527,52.15361924162119,7,18,1.302,1.303,60,0.612,167,57,0.612,194,167,57,0.0,1,1,0
25,15,43,1,1.3023883226173334,low,susceptible,0,1,0.0,-1,-1,0,0,1,0,21.0,28.1,23.47205824735199,34.490723390500236,32.6666163680527,52.15361924162119,7,18,1.302,1.303,60,0.612,167,57,0.612,194,167,57,0.0,1,1,0
25,16,43,1,1.3023883226173334,low,susceptible,0,1,0.0,-1,-1,0,0,1,0,21.0,28.1,23.47205824735199,34.490723390500236,32.6666163680527,52.15361924162119,7,18,1.302,1.303,60,0.612,167,57,0.612,194,167,57,0.0,1,1,0
25,17,43,1,1.3023883226173334,low,susceptible,0,1,0.0,-1,-1,0,0,1,0,21.0,28.1,23.47205824735199,34.490723390500236,32.6666163680527,52.15361924162119,7,18,1.302,1.303,60,0.612,167,57,0.612,194,167,57,0.0,1,1,0
25,18,43,1,1.3023883226173334,low,susceptible,0,1,0.0,-1,-1,0,0,1,0,21.0,28.1,23.47205824735199,34.490723390500236,32.6666163680527,52.15361924162119,7,18,1.302,1.303,60,0.612,167,57,0.612,194,167,57,0.0,1,1,0
25,19,43,1,1.3023883226173334,low,susceptible,0,1,0.0,-1,-1,0,0,1,0,21.0,28.1,23.47205824735199,34.490723390500236,32.6666163680527,52.15361924162119,7,18,1.302,1.303,60,0.612,167,57,0.612,194,167,57,0.0,1,1,0
25,20,43,1,1.3023883226173334,low,susceptible,0,1,0.0,-1,-1,0,0,1,0,21.0,28.1,23.47205824735199,34.490723390500236,32.6666163680527,52.15361924162119,7,18,1.302,1.303,60,0.612,167,57,0.612,194,167,57,0.0,1,1,0
25,21,43,1,1.3023883226173334,low,susceptible,0,1,0.0,-1,-1,0,0,1,0,21.0,28.1,23.47205824735199,34.490723390500236,32.6666163680527,52.15361924162119,7,18,1.302,1.303,60,0.612,167,57,0.612,194,167,57,0.0,1,1,0
25,22,43,1,1.3023883226173334,low,susceptible,0,1,0.0,-1,-1,0,0,1,0,21.0,28.1,23.47205824735199,34.490723390500236,32.6666163680527,52.15361924162119,7,18,1.302,1.303,60,0.612,167,57,0.612,194,167,57,0.0,1,1,0
25,23,43,1,1.3023883226173334,low,susceptible,0,1,0.0,-1,-1,0,0,1,0,21.0,28.1,23.47205824735199,34.490723390500236,32.6666163680527,52.15361924162119,7,18,1.302,1.303,60,0.612,167,57,0.612,194,167,57,0.0,1,1,0
25,24,43,1,1.3023883226173334,low,susceptible,0,1,0.0,-1,-1,0,0,1,0,21.0,28.1,23.47205824735199,34.490723390500236,32.6666163680527,52.15361924162119,7,18,1.302,1.303,60,0.612,167,57,0.612,194,167,57,0.0,1,1,0
25,25,43,1,1.3023883226173334,low,susceptible,0,1,0.0,-1,-1,0,0,1,0,21.0,28.1,23.47205824735199,34.490723390500236,32.6666163680527,52.15361924162119,7,18,1.302,1.303,60,0.612,167,57,0.612,194,167,57,0.0,1,1,0
25,26,43,1,1.3023883226173334,low,susceptible,0,1,0.0,-1,-1,0,0,1,0,21.0,28.1,23.47205824735199,34.490723390500236,32.6666163680527,52.15361924162119,7,18,1.302,1.303,60,0.612,167,57,0.612,194,167,57,0.0,1,1,0
25,27,43,1,1.3023883226173334,low,susceptible,0,1,0.0,-1,-1,0,0,1,0,21.0,28.1,23.47205824735199,34.490723390500236,32.6666163680527,52.15361924162119,7,18,1.302,1.303,60,0.612,167,57,0.612,194,167,57,0.0,1,1,0
25,28,43,1,1.3023883226173334,low,susceptible,0,1,0.0,-1,-1,0,0,1,0,21.0,28.1,23.47205824735199,34.490723390500236,32.6666163680527,52.15361924162119,7,18,1.302,1.303,60,0.612,167,57,0.612,194,167,57,0.0,1,1,0
25,29,43,1,1.3023883226173334,low,susceptible,0,1,0.0,-1,-1,0,0,1,0,21.0,28.1,23.47205824735199,34.490723390500236,32.6666163680527,52.15361924162119,7,18,1.302,1.303,60,0.612,167,57,0.612,194,167,57,0.0,1,1,0
25,30,43,1,1.3023883226173334,low,susceptible,0,1,0.0,-1,-1,0,0,1,0,21.0,28.1,23.47205824735199,34.490723390500236,32.6666163680527,52.15361924162119,7,18,1.302,1.303,60,0.612,167,57,0.612,194,167,57,0.0,1,1,0
25,31,43,1,1.3023883226173334,low,susceptible,0,1,0.0,-1,-1,0,0,1,0,21.0,28.1,23.47205824735199,34.490723390500236,32.6666163680527,52.15361924162119,7,18,1.302,1.303,60,0.612,167,57,0.612,194,167,57,0.0,1,1,0
25,32,43,1,1.3023883226173334,low,susceptible,0,1,0.0,-1,-1,0,0,1,0,21.0,28.1,23.47205824735199,34.490723390500236,32.6666163680527,52.15361924162119,7,18,1.302,1.303,60,0.612,167,57,0.612,194,167,57,0.0,1,1,0
25,33,43,1,1.3023883226173334,low,susceptible,0,1,0.0,-1,-1,0,0,1,0,21.0,28.1,23.47205824735199,34.490723390500236,32.6666163680527,52.15361924162119,7,18,1.302,1.303,60,0.612,167,57,0.612,194,167,57,0.0,1,1,0
25,34,43,1,1.3023883226173334,low,susceptible,0,1,0.0,-1,-1,0,0,1,0,21.0,28.1,23.47205824735199,34.490723390500236,32.6666163680527,52.15361924162119,7,18,1.302,1.303,60,0.612,167,57,0.612,194,167,57,0.0,1,1,0
25,35,43,1,1.3023883226173334,low,susceptible,0,1,0.0,-1,-1,0,0,1,0,21.0,28.1,23.47205824735199,34.490723390500236,32.6666163680527,52.15361924162119,7,18,1.302,1.303,60,0.612,167,57,0.612,194,167,57,0.0,1,1,0
25,36,43,1,1.3023883226173334,low,susceptible,0,1,0.0,-1,-1,0,0,1,0,21.0,28.1,23.47205824735199,34.490723390500236,32.6666163680527,52.15361924162119,7,18,1.302,1.303,60,0.612,167,57,0.612,194,167,57,0.0,1,1,0
25,37,43,1,1.3023883226173334,low,susceptible,0,1,0.0,-1,-1,0,0,1,0,21.0,28.1,23.47205824735199,34.490723390500236,32.6666163680527,52.15361924162119,7,18,1.302,1.303,60,0.612,167,57,0.612,194,167,57,0.0,1,1,0
25,38,43,1,1.3023883226173334,low,susceptible,0,1,0.0,-1,-1,0,0,1,0,21.0,28.1,23.47205824735199,34.490723390500236,32.6666163680527,52.15361924162119,7,18,1.302,1.303,60,0.612,167,57,0.612,194,167,57,0.0,1,1,0
25,39,43,1,1.3023883226173334,low,susceptible,0,1,0.0,-1,-1,0,0,1,0,21.0,28.1,23.47205824735199,34.490723390500236,32.6666163680527,52.15361924162119,7,18,1.302,1.303,60,0.612,167,57,0.612,194,167,57,0.0,1,1,0
26,0,60,8,1.3025268883297454,medium,susceptible,0,1,0.0,-1,-1,0,1,0,0,27.2,28.0,21.91968065449763,28.979993098687927,32.189829102683355,54.120236510939236,7,18,1.302,1.303,60,0.612,167,57,0.612,194,167,57,0.0,1,1,0
26,1,60,8,1.3025268883297454,medium,susceptible,0,1,0.0,-1,-1,0,1,0,0,27.2,28.0,21.91968065449763,28.979993098687927,32.189829102683355,54.120236510939236,7,18,1.302,1.303,60,0.612,167,57,0.612,194,167,57,0.0,1,1,0
26,2,60,8,1.3025268883297454,medium,susceptible,0,1,0.0,-1,-1,0,1,0,0,27.2,28.0,21.91968065449763,28.979993098687927,32.189829102683355,54.120236510939236,7,18,1.302,1.303,60,0.612,167,57,0.612,194,167,57,0.0,1,1,0
26,3,60,8,1.3025268883297454,medium,susceptible,0,1,0.0,-1,-1,0,1,0,0,27.2,28.0,21.91968065449763,28.979993098687927,32.189829102683355,54.120236510939236,7,18,1.302,1.303,60,0.612,167,57,0.612,194,167,57,0.0,1,1,0
26,4,60,8,1.3025268883297454,medium,susceptible,0,1,0.0,-1,-1,0,1,0,0,27.2,28.0,21.91968065449763,28.979993098687927,32.189829102683355,54.120236510939236,7,18,1.302,1.303,60,0.612,167,57,0.612,194,167,57,0.0,1,1,0
26,5,60,8,1.3025268883297454,medium,susceptible,0,1,0.0,-1,-1,0,1,0,0,27.2,28.0,21.91968065449763,28.979993098687927,32.189829102683355,54.120236510939236,7,18,1.302,1.303,60,0.612,167,57,0.612,194,167,57,0.0,1,1,0
26,6,60,8,1.3025268883297454,medium,susceptible,0,1,0.0,-1,-1,0,1,0,0,27.2,28.0,21.91968065449763,28.979993098687927,32.189829102683355,54.120236510939236,7,18,1.302,1.303,60,0.612,167,57,0.612,194,167,57,0.0,1,1,0
26,7,60,8,1.3025268883297454,medium,susceptible,0,1,0.0,-1,-1,0,1,0,0,27.2,28.0,21.91968065449763,28.979993098687927,32.189829102683355,54.120236510939236,7,18,1.302,1.303,60,0.612,167,57,0.612,194,167,57,0.0,1,1,0
26,8,60,8,1.3025268883297454,medium,susceptible,0,1,0.0,-1,-1,0,1,0,0,27.2,28.0,21.91968065449763,28.979993098687927,32.189829102683355,54.120236510939236,7,18,1.302,1.303,60,0.612,167,57,0.612,194,167,57,0.0,1,1,0
26,9,60,8,1.3025268883297454,medium,susceptible,0,1,0.0,-1,-1,0,1,0,0,27.2,28.0,21.91968065449763,28.979993098687927,32.189829102683355,54.120236510939236,7,18,1.302,1.303,60,0.612,167,57,0.612,194,167,57,0.0,1,1,0
26,10,60,8,1.3025268883297454,medium,susceptible,0,1,0.0,-1,-1,0,1,0,0,27.2,28.0,21.91968065449763,28.979993098687927,32.189829102683355,54.120236510939236,7,18,1.302,1.303,60,0.612,167,57,0.612,194,167,57,0.0,1,1,0
26,11,60,8,1.3025268883297454,medium,susceptible,0,1,0.0,-1,-1,0,1,0,0,27.2,28.0,21.91968065449763,28.979993098687927,32.189829102683355,54.120236510939236,7,18,1.302,1.303,60,0.612,167,57,0.612,194,167,57,0.0,1,1,0
26,12,60,8,1.3025268883297454,medium,susceptible,0,1,0.0,-1,-1,0,1,0,0,27.2,28.0,21.91968065449763,28.979993098687927,32.189829102683355,54.120236510939236,7,18,1.302,1.303,60,0.612,167,57,0.612,194,167,57,0.0,1,1,0
26,13,60,8,1.3025268883297454,medium,susceptible,0,1,0.0,-1,-1,0,1,0,0,27.2,28.0,21.91968065449763,28.979993098687927,32.189829102683355,54.120236510939236,7,18,1.302,1.303,60,0.612,167,57,0.612,194,167,57,0.0,1,1,0
26,14,60,8,1.3025268883297454,medium,susceptible,0,1,0.0,-1,-1,0,1,0,0,27.2,28.0,21.91968065449763,28.979993098687927,32.189829102683355,54.120236510939236,7,18,1.302,1.303,60,0.612,167,57,0.612,194,167,57,0.0,1,1,0
26,15,60,8,1.3025268883297454,medium,susceptible,0,1,0.0,-1,-1,0,1,0,0,27.2,28.0,21.91968065449763,28.979993098687927,32.189829102683355,54.120236510939236,7,18,1.302,1.303,60,0.612,167,57,0.612,194,167,57,0.0,1,1,0
26,16,60,8,1.3025268883297454,medium,susceptible,0,1,0.0,-1,-1,0,1,0,0,27.2,28.0,21.91968065449763,28.979993098687927,32.189829102683355,54.120236510939236,7,18,1.302,1.303,60,0.612,167,57,0.612,194,167,57,0.0,1,1,0
26,17,60,8,1.3025268883297454,medium,susceptible,0,1,0.0,-1,-1,0,1,0,0,27.2,28.0,21.91968065449763,28.979993098687927,32.189829102683355,54.120236510939236,7,18,1.302,1.303,60,0.612,167,57,0.612,194,167,57,0.0,1,1,0
26,18,60,8,1.3025268883297454,medium,susceptible,0,1,0.0,-1,-1,0,1,0,0,27.2,28.0,21.91968065449763,28.979993098687927,32.189829102683355,54.120236510939236,7,18,1.302,1.303,60,0.612,167,57,0.612,194,167,57,0.0,1,1,0
26,19,60,8,1.3025268883297454,medium,susceptible,0,1,0.0,-1,-1,0,1,0,0,27.2,28.0,21.91968065449763,28.979993098687927,32.189829102683355,54.120236510939236,7,18,1.302,1.303,60,0.612,167,57,0.612,194,167,57,0.0,1,1,0
26,20,60,8,1.3025268883297454,medium,susceptible,0,1,0.0,-1,-1,0,1,0,0,27.2,28.0,21.91968065449763,28.979993098687927,32.189829102683355,54.120236510939236,7,18,1.302,1.303,60,0.612,167,57,0.612,194,167,57,0.0,1,1,0
26,21,60,8,1.3025268883297454,medium,susceptible,0,1,0.0,-1,-1,0,1,0,0,27.2,28.0,21.91968065449763,28.979993098687927,32.189829102683355,54.120236510939236,7,18,1.302,1.303,60,0.612,167,57,0.612,194,167,57,0.0,1,1,0
26,22,60,8,1.3025268883297454,medium,susceptible,0,1,0.0,-1,-1,0,1,0,0,27.2,28.0,21.91968065449763,28.979993098687927,32.189829102683355,54.120236510939236,7,18,1.302,1.303,60,0.612,167,57,0.612,194,167,57,0.0,1,1,0
26,23,60,8,1.3025268883297454,medium,susceptible,0,1,0.0,-1,-1,0,1,0,0,27.2,28.0,21.91968065449763,28.979993098687927,32.189829102683355,54.120236510939236,7,18,1.302,1.303,60,0.612,167,57,0.612,194,167,57,0.0,1,1,0
26,24,60,8,1.3025268883297454,medium,susceptible,0,1,0.0,-1,-1,0,1,0,0,27.2,28.0,21.91968065449763,28.979993098687927,32.189829102683355,54.120236510939236,7,18,1.302,1.303,60,0.612,167,57,0.612,194,167,57,0.0,1,1,0
26,25,60,8,1.3025268883297454,medium,susceptible,0,1,0.0,-1,-1,0,1,0,0,27.2,28.0,21.91968065449763,28.979993098687927,32.189829102683355,54.120236510939236,7,18,1.302,1.303,60,0.612,167,57,0.612,194,167,57,0.0,1,1,0
26,26,60,8,1.3025268883297454,medium,susceptible,0,1,0.0,-1,-1,0,1,0,0,27.2,28.0,21.91968065449763,28.979993098687927,32.189829102683355,54.120236510939236,7,18,1.302,1.303,60,0.612,167,57,0.612,194,167,57,0.0,1,1,0
26,27,60,8,1.3025268883297454,medium,susceptible,0,1,0.0,-1,-1,0,1,0,0,27.2,28.0,21.91968065449763,28.979993098687927,32.189829102683355,54.120236510939236,7,18,1.302,1.303,60,0.612,167,57,0.612,194,167,57,0.0,1,1,0
26,28,60,8,1.3025268883297454,medium,susceptible,0,1,0.0,-1,-1,0,1,0,0,27.2,28.0,21.91968065449763,28.979993098687927,32.189829102683355,54.120236510939236,7,18,1.302,1.303,60,0.612,167,57,0.612,194,167,57,0.0,1,1,0
26,29,60,8,1.3025268883297454,medium,susceptible,0,1,0.0,-1,-1,0,1,0,0,27.2,28.0,21.91968065449763,28.979993098687927,32.189829102683355,54.120236510939236,7,18,1.302,1.303,60,0.612,167,57,0.612,194,167,57,0.0,1,1,0
26,30,60,8,1.3025268883297454,medium,susceptible,0,1,0.0,-1,-1,0,1,0,0,27.2,28.0,21.91968065449763,28.979993098687927,32.189829102683355,54.120236510939236,7,18,1.302,1.303,60,0.612,167,57,0.612,194,167,57,0.0,1,1,0
26,31,60,8,1.3025268883297454,medium,susceptible,0,1,0.0,-1,-1,0,1,0,0,27.2,28.0,21.91968065449763,28.979993098687927,32.189829102683355,54.120236510939236,7,18,1.302,1.303,60,0.612,167,57,0.612,194,167,57,0.0,1,1,0
26,32,60,8,1.3025268883297454,medium,susceptible,0,1,0.0,-1,-1,0,1,0,0,27.2,28.0,21.91968065449763,28.979993098687927,32.189829102683355,54.120236510939236,7,18,1.302,1.303,60,0.612,167,57,0.612,194,167,57,0.0,1,1,0
26,33,60,8,1.3025268883297454,medium,susceptible,0,1,0.0,-1,-1,0,1,0,0,27.2,28.0,21.91968065449763,28.979993098687927,32.189829102683355,54.120236510939236,7,18,1.302,1.303,60,0.612,167,57,0.612,194,167,57,0.0,1,1,0
26,34,60,8,1.3025268883297454,medium,susceptible,0,1,0.0,-1,-1,0,1,0,0,27.2,28.0,21.91968065449763,28.979993098687927,32.189829102683355,54.120236510939236,7,18,1.302,1.303,60,0.612,167,57,0.612,194,167,57,0.0,1,1,0
26,35,60,8,1.3025268883297454,medium,susceptible,0,1,0.0,-1,-1,0,1,0,0,27.2,28.0,21.91968065449763,28.979993098687927,32.189829102683355,54.120236510939236,7,18,1.302,1.303,60,0.612,167,57,0.612,194,167,57,0.0,1,1,0
26,36,60,8,1.3025268883297454,medium,susceptible,0,1,0.0,-1,-1,0,1,0,0,27.2,28.0,21.91968065449763,28.979993098687927,32.189829102683355,54.120236510939236,7,18,1.302,1.303,60,0.612,167,57,0.612,194,167,57,0.0,1,1,0
26,37,60,8,1.3025268883297454,medium,susceptible,0,1,0.0,-1,-1,0,1,0,0,27.2,28.0,21.91968065449763,28.979993098687927,32.189829102683355,54.120236510939236,7,18,1.302,1.303,60,0.612,167,57,0.612,194,167,57,0.0,1,1,0
26,38,60,8,1.3025268883297454,medium,susceptible,0,1,0.0,-1,-1,0,1,0,0,27.2,28.0,21.91968065449763,28.979993098687927,32.189829102683355,54.120236510939236,7,18,1.302,1.303,60,0.612,167,57,0.612,194,167,57,0.0,1,1,0
26,39,60,8,1.3025268883297454,medium,susceptible,0,1,0.0,-1,-1,0,1,0,0,27.2,28.0,21.91968065449763,28.979993098687927,32.189829102683355,54.120236510939236,7,18,1.302,1.303,60,0.612,167,57,0.612,194,167,57,0.0,1,1,0
27,0,51,6,1.3029996474773233,strong,susceptible,0,1,0.0,-1,-1,1,0,0,0,27.6,30.9,15.661004552984016,26.396401269870104,25.683471371438912,52.3450093132096,7,18,1.302,1.303,60,0.612,167,57,0.612,194,167,57,0.0,1,1,0
27,1,51,6,1.3029996474773233,strong,susceptible,0,1,0.0,-1,-1,1,0,0,0,27.6,30.9,15.661004552984016,26.396401269870104,25.683471371438912,52.3450093132096,7,18,1.302,1.303,60,0.612,167,57,0.612,194,167,57,0.0,1,1,0
27,2,51,6,1.3029996474773233,strong,susceptible,0,1,0.0,-1,-1,1,0,0,0,27.6,30.9,15.661004552984016,26.396401269870104,25.683471371438912,52.3450093132096,7,18,1.302,1.303,60,0.612,167,57,0.612,194,167,57,0.0,1,1,0
27,3,51,6,1.3029996474773233,strong,susceptible,0,1,0.0,-1,-1,1,0,0,0,27.6,30.9,15.661004552984016,26.396401269870104,25.683471371438912,52.3450093132096,7,18,1.302,1.303,60,0.612,167,57,0.612,194,167,57,0.0,1,1,0
27,4,51,6,1.3029996474773233,strong,susceptible,0,1,0.0,-1,-1,1,0,0,0,27.6,30.9,15.661004552984016,26.396401269870104,25.683471371438912,52.3450093132096,7,18,1.302,1.303,60,0.612,167,57,0.612,194,167,57,0.0,1,1,0
27,5,51,6,1.3029996474773233,strong,susceptible,0,1,0.0,-1,-1,1,0,0,0,27.6,30.9,15.661004552984016,26.396401269870104,25.683471371438912,52.3450093132096,7,18,1.302,1.303,60,0.612,167,57,0.612,194,167,57,0.0,1,1,0
27,6,51,6,1.3029996474773233,strong,susceptible,0,1,0.0,-1,-1,1,0,0,0,27.6,30.9,15.661004552984016,26.396401269870104,25.683471371438912,52.3450093132096,7,18,1.302,1.303,60,0.612,167,57,0.612,194,167,57,0.0,1,1,0
27,7,51,6,1.3029996474773233,strong,susceptible,0,1,0.0,-1,-1,1,0,0,0,27.6,30.9,15.661004552984016,26.396401269870104,25.683471371438912,52.3450093132096,7,18,1.302,1.303,60,0.612,167,57,0.612,194,167,57,0.0,1,1,0
27,8,51,6,1.3029996474773233,strong,susceptible,0,1,0.0,-1,-1,1,0,0,0,27.6,30.9,15.661004552984016,26.396401269870104,25.683471371438912,52.3450093132096,7,18,1.302,1.303,60,0.612,167,57,0.612,194,167,57,0.0,1,1,0
27,9,51,6,1.3029996474773233,strong,susceptible,0,1,0.0,-1,-1,1,0,0,0,27.6,30.9,15.661004552984016,26.396401269870104,25.683471371438912,52.3450093132096,7,18,1.302,1.303,60,0.612,167,57,0.612,194,167,57,0.0,1,1,0
27,10,51,6,1.3029996474773233,strong,susceptible,0,1,0.0,-1,-1,1,0,0,0,27.6,30.9,15.661004552984016,26.396401269870104,25.683471371438912,52.3450093132096,7,18,1.302,1.303,60,0.612,167,57,0.612,194,167,57,0.0,1,1,0
27,11,51,6,1.3029996474773233,strong,susceptible,0,1,0.0,-1,-1,1,0,0,0,27.6,30.9,15.661004552984016,26.396401269870104,25.683471371438912,52.3450093132096,7,18,1.302,1.303,60,0.612,167,57,0.612,194,167,57,0.0,1,1,0
27,12,51,6,1.3029996474773233,strong,susceptible,0,1,0.0,-1,-1,1,0,0,0,27.6,30.9,15.661004552984016,26.396401269870104,25.683471371438912,52.3450093132096,7,18,1.302,1.303,60,0.612,167,57,0.612,194,167,57,0.0,1,1,0
27,13,51,6,1.3029996474773233,strong,susceptible,0,1,0.0,-1,-1,1,0,0,0,27.6,30.9,15.661004552984016,26.396401269870104,25.683471371438912,52.3450093132096,7,18,1.302,1.303,60,0.612,167,57,0.612,194,167,57,0.0,1,1,0
27,14,51,6,1.3029996474773233,strong,susceptible,0,1,0.0,-1,-1,1,0,0,0,27.6,30.9,15.661004552984016,26.396401269870104,25.683471371438912,52.3450093132096,7,18,1.302,1.303,60,0.612,167,57,0.612,194,167,57,0.0,1,1,0
27,15,51,6,1.3029996474773233,strong,susceptible,0,1,0.0,-1,-1,1,0,0,0,27.6,30.9,15.661004552984016,26.396401269870104,25.683471371438912,52.3450093132096,7,18,1.302,1.303,60,0.612,167,57,0.612,194,167,57,0.0,1,1,0
27,16,51,6,1.3029996474773233,strong,susceptible,0,1,0.0,-1,-1,1,0,0,0,27.6,30.9,15.661004552984016,26.396401269870104,25.683471371438912,52.3450093132096,7,18,1.302,1.303,60,0.612,167,57,0.612,194,167,57,0.0,1,1,0
27,17,51,6,1.3029996474773233,strong,susceptible,0,1,0.0,-1,-1,1,0,0,0,27.6,30.9,15.661004552984016,26.396401269870104,25.683471371438912,52.3450093132096,7,18,1.302,1.303,60,0.612,167,57,0.612,194,167,57,0.0,1,1,0
27,18,51,6,1.3029996474773233,strong,susceptible,0,1,0.0,-1,-1,1,0,0,0,27.6,30.9,15.661004552984016,26.396401269870104,25.683471371438912,52.3450093132096,7,18,1.302,1.303,60,0.612,167,57,0.612,194,167,57,0.0,1,1,0
27,19,51,6,1.3029996474773233,strong,susceptible,0,1,0.0,-1,-1,1,0,0,0,27.6,30.9,15.661004552984016,26.396401269870104,25.683471371438912,52.3450093132096,7,18,1.302,1.303,60,0.612,167,57,0.612,194,167,57,0.0,1,1,0
27,20,51,6,1.3029996474773233,strong,susceptible,0,1,0.0,-1,-1,1,0,0,0,27.6,30.9,15.661004552984016,26.396401269870104,25.683471371438912,52.3450093132096,7,18,1.302,1.303,60,0.612,167,57,0.612,194,167,57,0.0,1,1,0
27,21,51,6,1.3029996474773233,strong,susceptible,0,1,0.0,-1,-1,1,0,0,0,27.6,30.9,15.661004552984016,26.396401269870104,25.683471371438912,52.3450093132096,7,18,1.302,1.303,60,0.612,167,57,0.612,194,167,57,0.0,1,1,0
27,22,51,6,1.3029996474773233,strong,susceptible,0,1,0.0,-1,-1,1,0,0,0,27.6,30.9,15.661004552984016,26.396401269870104,25.683471371438912,52.3450093132096,7,18,1.302,1.303,60,0.612,167,57,0.612,194,167,57,0.0,1,1,0
27,23,51,6,1.3029996474773233,strong,susceptible,0,1,0.0,-1,-1,1,0,0,0,27.6,30.9,15.661004552984016,26.396401269870104,25.683471371438912,52.3450093132096,7,18,1.302,1.303,60,0.612,167,57,0.612,194,167,57,0.0,1,1,0
27,24,51,6,1.3029996474773233,strong,susceptible,0,1,0.0,-1,-1,1,0,0,0,27.6,30.9,15.661004552984016,26.396401269870104,25.683471371438912,52.3450093132096,7,18,1.302,1.303,60,0.612,167,57,0.612,194,167,57,0.0,1,1,0
27,25,51,6,1.3029996474773233,strong,susceptible,0,1,0.0,-1,-1,1,0,0,0,27.6,30.9,15.661004552984016,26.396401269870104,25.683471371438912,52.3450093132096,7,18,1.302,1.303,60,0.612,167,57,0.612,194,167,57,0.0,1,1,0
27,26,51,6,1.3029996474773233,strong,susceptible,0,1,0.0,-1,-1,1,0,0,0,27.6,30.9,15.661004552984016,26.396401269870104,25.683471371438912,52.3450093132096,7,18,1.302,1.303,60,0.612,167,57,0.612,194,167,57,0.0,1,1,0
27,27,51,6,1.3029996474773233,strong,susceptible,0,1,0.0,-1,-1,1,0,0,0,27.6,30.9,15.661004552984016,26.396401269870104,25.683471371438912,52.3450093132096,7,18,1.302,1.303,60,0.612,167,57,0.612,194,167,57,0.0,1,1,0
27,28,51,6,1.3029996474773233,strong,susceptible,0,1,0.0,-1,-1,1,0,0,0,27.6,30.9,15.661004552984016,26.396401269870104,25.683471371438912,52.3450093132096,7,18,1.302,1.303,60,0.612,167,57,0.612,194,167,57,0.0,1,1,0
27,29,51,6,1.3029996474773233,strong,susceptible,0,1,0.0,-1,-1,1,0,0,0,27.6,30.9,15.661004552984016,26.396401269870104,25.683471371438912,52.3450093132096,7,18,1.302,1.303,60,0.612,167,57,0.612,194,167,57,0.0,1,1,0
27,30,51,6,1.3029996474773233,strong,susceptible,0,1,0.0,-1,-1,1,0,0,0,27.6,30.9,15.661004552984016,26.396401269870104,25.683471371438912,52.3450093132096,7,18,1.302,1.303,60,0.612,167,57,0.612,194,167,57,0.0,1,1,0
27,31,51,6,1.3029996474773233,strong,susceptible,0,1,0.0,-1,-1,1,0,0,0,27.6,30.9,15.661004552984016,26.396401269870104,25.683471371438912,52.3450093132096,7,18,1.302,1.303,60,0.612,167,57,0.612,194,167,57,0.0,1,1,0
27,32,51,6,1.3029996474773233,strong,susceptible,0,1,0.0,-1,-1,1,0,0,0,27.6,30.9,15.661004552984016,26.396401269870104,25.683471371438912,52.3450093132096,7,18,1.302,1.303,60,0.612,167,57,0.612,194,167,57,0.0,1,1,0
27,33,51,6,1.3029996474773233,strong,susceptible,0,1,0.0,-1,-1,1,0,0,0,27.6,30.9,15.661004552984016,26.396401269870104,25.683471371438912,52.3450093132096,7,18,1.302,1.303,60,0.612,167,57,0.612,194,167,57,0.0,1,1,0
27,34,51,6,1.3029996474773233,strong,susceptible,0,1,0.0,-1,-1,1,0,0,0,27.6,30.9,15.661004552984016,26.396401269870104,25.683471371438912,52.3450093132096,7,18,1.302,1.303,60,0.612,167,57,0.612,194,167,57,0.0,1,1,0
27,35,51,6,1.3029996474773233,strong,susceptible,0,1,0.0,-1,-1,1,0,0,0,27.6,30.9,15.661004552984016,26.396401269870104,25.683471371438912,52.3450093132096,7,18,1.302,1.303,60,0.612,167,57,0.612,194,167,57,0.0,1,1,0
27,36,51,6,1.3029996474773233,strong,susceptible,0,1,0.0,-1,-1,1,0,0,0,27.6,30.9,15.661004552984016,26.396401269870104,25.683471371438912,52.3450093132096,7,18,1.302,1.303,60,0.612,167,57,0.612,194,167,57,0.0,1,1,0
27,37,51,6,1.3029996474773233,strong,susceptible,0,1,0.0,-1,-1,1,0,0,0,27.6,30.9,15.661004552984016,26.396401269870104,25.683471371438912,52.3450093132096,7,18,1.302,1.303,60,0.612,167,57,0.612,194,167,57,0.0,1,1,0
27,38,51,6,1.3029996474773233,strong,susceptible,0,1,0.0,-1,-1,1,0,0,0,27.6,30.9,15.661004552984016,26.396401269870104,25.683471371438912,52.3450093132096,7,18,1.302,1.303,60,0.612,167,57,0.612,194,167,57,0.0,1,1,0
27,39,51,6,1.3029996474773233,strong,susceptible,0,1,0.0,-1,-1,1,0,0,0,27.6,30.9,15.661004552984016,26.396401269870104,25.683471371438912,52.3450093132096,7,18,1.302,1.303,60,0.612,167,57,0.612,194,167,57,0.0,1,1,0
28,0,188,6,1.3023463559138073,compromised,susceptible,0,1,0.0,-1,-1,0,0,0,1,35.4,23.9,15.602417148706214,30.09601302498389,23.147115708252578,40.24922359499622,7,18,1.302,1.303,60,0.612,167,57,0.612,194,167,57,0.0,1,1,0
28,1,188,6,1.3023463559138073,compromised,susceptible,0,1,0.0,-1,-1,0,0,0,1,35.4,23.9,15.602417148706214,30.09601302498389,23.147115708252578,40.24922359499622,7,18,1.302,1.303,60,0.612,167,57,0.612,194,167,57,0.0,1,1,0
28,2,188,6,1.3023463559138073,compromised,susceptible,0,1,0.0,-1,-1,0,0,0,1,35.4,23.9,15.602417148706214,30.09601302498389,23.147115708252578,40.24922359499622,7,18,1.302,1.303,60,0.612,167,57,0.612,194,167,57,0.0,1,1,0
28,3,188,6,1.3023463559138073,compromised,susceptible,0,1,0.0,-1,-1,0,0,0,1,35.4,23.9,15.602417148706214,30.09601302498389,23.147115708252578,40.24922359499622,7,18,1.302,1.303,60,0.612,167,57,0.612,194,167,57,0.0,1,1,0
28,4,188,6,1.3023463559138073,compromised,susceptible,0,1,0.0,-1,-1,0,0,0,1,35.4,23.9,15.602417148706214,30.09601302498389,23.147115708252578,40.24922359499622,7,18,1.302,1.303,60,0.612,167,57,0.612,194,167,57,0.0,1,1,0
28,5,188,6,1.3023463559138073,compromised,susceptible,0,1,0.0,-1,-1,0,0,0,1,35.4,23.9,15.602417148706214,30.09601302498389,23.147115708252578,40.24922359499622,7,18,1.302,1.303,60,0.612,167,57,0.612,194,167,57,0.0,1,1,0
28,6,188,6,1.3023463559138073,compromised,susceptible,0,1,0.0,-1,-1,0,0,0,1,35.4,23.9,15.602417148706214,30.09601302498389,23.147115708252578,40.24922359499622,7,18,1.302,1.303,60,0.612,167,57,0.612,194,167,57,0.0,1,1,0
28,7,188,6,1.3023463559138073,compromised,susceptible,0,1,0.0,-1,-1,0,0,0,1,35.4,23.9,15.602417148706214,30.09601302498389,23.147115708252578,40.24922359499622,7,18,1.302,1.303,60,0.612,167,57,0.612,194,167,57,0.0,1,1,0
28,8,188,6,1.3023463559138073,compromised,susceptible,0,1,0.0,-1,-1,0,0,0,1,35.4,23.9,15.602417148706214,30.09601302498389,23.147115708252578,40.24922359499622,7,18,1.302,1.303,60,0.612,167,57,0.612,194,167,57,0.0,1,1,0
28,9,188,6,1.3023463559138073,compromised,susceptible,0,1,0.0,-1,-1,0,0,0,1,35.4,23.9,15.602417148706214,30.09601302498389,23.147115708252578,40.24922359499622,7,18,1.302,1.303,60,0.612,167,57,0.612,194,167,57,0.0,1,1,0
28,10,188,6,1.3023463559138073,compromised,susceptible,0,1,0.0,-1,-1,0,0,0,1,35.4,23.9,15.602417148706214,30.09601302498389,23.147115708252578,40.24922359499622,7,18,1.302,1.303,60,0.612,167,57,0.612,194,167,57,0.0,1,1,0
28,11,188,6,1.3023463559138073,compromised,susceptible,0,1,0.0,-1,-1,0,0,0,1,35.4,23.9,15.602417148706214,30.09601302498389,23.147115708252578,40.24922359499622,7,18,1.302,1.303,60,0.612,167,57,0.612,194,167,57,0.0,1,1,0
28,12,188,6,1.3023463559138073,compromised,susceptible,0,1,0.0,-1,-1,0,0,0,1,35.4,23.9,15.602417148706214,30.09601302498389,23.147115708252578,40.24922359499622,7,18,1.302,1.303,60,0.612,167,57,0.612,194,167,57,0.0,1,1,0
28,13,188,6,1.3023463559138073,compromised,susceptible,0,1,0.0,-1,-1,0,0,0,1,35.4,23.9,15.602417148706214,30.09601302498389,23.147115708252578,40.24922359499622,7,18,1.302,1.303,60,0.612,167,57,0.612,194,167,57,0.0,1,1,0
28,14,188,6,1.3023463559138073,compromised,susceptible,0,1,0.0,-1,-1,0,0,0,1,35.4,23.9,15.602417148706214,30.09601302498389,23.147115708252578,40.24922359499622,7,18,1.302,1.303,60,0.612,167,57,0.612,194,167,57,0.0,1,1,0
28,15,188,6,1.3023463559138073,compromised,susceptible,0,1,0.0,-1,-1,0,0,0,1,35.4,23.9,15.602417148706214,30.09601302498389,23.147115708252578,40.24922359499622,7,18,1.302,1.303,60,0.612,167,57,0.612,194,167,57,0.0,1,1,0
28,16,188,6,1.3023463559138073,compromised,susceptible,0,1,0.0,-1,-1,0,0,0,1,35.4,23.9,15.602417148706214,30.09601302498389,23.147115708252578,40.24922359499622,7,18,1.302,1.303,60,0.612,167,57,0.612,194,167,57,0.0,1,1,0
28,17,188,6,1.3023463559138073,compromised,susceptible,0,1,0.0,-1,-1,0,0,0,1,35.4,23.9,15.602417148706214,30.09601302498389,23.147115708252578,40.24922359499622,7,18,1.302,1.303,60,0.612,167,57,0.612,194,167,57,0.0,1,1,0
28,18,188,6,1.3023463559138073,compromised,susceptible,0,1,0.0,-1,-1,0,0,0,1,35.4,23.9,15.602417148706214,30.09601302498389,23.147115708252578,40.24922359499622,7,18,1.302,1.303,60,0.612,167,57,0.612,194,167,57,0.0,1,1,0
28,19,188,6,1.3023463559138073,compromised,susceptible,0,1,0.0,-1,-1,0,0,0,1,35.4,23.9,15.602417148706214,30.09601302498389,23.147115708252578,40.24922359499622,7,18,1.302,1.303,60,0.612,167,57,0.612,194,167,57,0.0,1,1,0
28,20,188,6,1.3023463559138073,compromised,susceptible,0,1,0.0,-1,-1,0,0,0,1,35.4,23.9,15.602417148706214,30.09601302498389,23.147115708252578,40.24922359499622,7,18,1.302,1.303,60,0.612,167,57,0.612,194,167,57,0.0,1,1,0
28,21,188,6,1.3023463559138073,compromised,susceptible,0,1,0.0,-1,-1,0,0,0,1,35.4,23.9,15.602417148706214,30.09601302498389,23.147115708252578,40.24922359499622,7,18,1.302,1.303,60,0.612,167,57,0.612,194,167,57,0.0,1,1,0
28,22,188,6,1.3023463559138073,compromised,susceptible,0,1,0.0,-1,-1,0,0,0,1,35.4,23.9,15.602417148706214,30.09601302498389,23.147115708252578,40.24922359499622,7,18,1.302,1.303,60,0.612,167,57,0.612,194,167,57,0.0,1,1,0
28,23,188,6,1.3023463559138073,compromised,susceptible,0,1,0.0,-1,-1,0,0,0,1,35.4,23.9,15.602417148706214,30.09601302498389,23.147115708252578,40.24922359499622,7,18,1.302,1.303,60,0.612,167,57,0.612,194,167,57,0.0,1,1,0
28,24,188,6,1.3023463559138073,compromised,susceptible,0,1,0.0,-1,-1,0,0,0,1,35.4,23.9,15.602417148706214,30.09601302498389,23.147115708252578,40.24922359499622,7,18,1.302,1.303,60,0.612,167,57,0.612,194,167,57,0.0,1,1,0
28,25,188,6,1.3023463559138073,compromised,susceptible,0,1,0.0,-1,-1,0,0,0,1,35.4,23.9,15.602417148706214,30.09601302498389,23.147115708252578,40.24922359499622,7,18,1.302,1.303,60,0.612,167,57,0.612,194,167,57,0.0,1,1,0
28,26,188,6,1.3023463559138073,compromised,susceptible,0,1,0.0,-1,-1,0,0,0,1,35.4,23.9,15.602417148706214,30.09601302498389,23.147115708252578,40.24922359499622,7,18,1.302,1.303,60,0.612,167,57,0.612,194,167,57,0.0,1,1,0
28,27,188,6,1.3023463559138073,compromised,susceptible,0,1,0.0,-1,-1,0,0,0,1,35.4,23.9,15.602417148706214,30.09601302498389,23.147115708252578,40.24922359499622,7,18,1.302,1.303,60,0.612,167,57,0.612,194,167,57,0.0,1,1,0
28,28,188,6,1.3023463559138073,compromised,susceptible,0,1,0.0,-1,-1,0,0,0,1,35.4,23.9,15.602417148706214,30.09601302498389,23.147115708252578,40.24922359499622,7,18,1.302,1.303,60,0.612,167,57,0.612,194,167,57,0.0,1,1,0
28,29,188,6,1.3023463559138073,compromised,susceptible,0,1,0.0,-1,-1,0,0,0,1,35.4,23.9,15.602417148706214,30.09601302498389,23.147115708252578,40.24922359499622,7,18,1.302,1.303,60,0.612,167,57,0.612,194,167,57,0.0,1,1,0
28,30,188,6,1.3023463559138073,compromised,susceptible,0,1,0.0,-1,-1,0,0,0,1,35.4,23.9,15.602417148706214,30.09601302498389,23.147115708252578,40.24922359499622,7,18,1.302,1.303,60,0.612,167,57,0.612,194,167,57,0.0,1,1,0
28,31,188,6,1.3023463559138073,compromised,susceptible,0,1,0.0,-1,-1,0,0,0,1,35.4,23.9,15.602417148706214,30.09601302498389,23.147115708252578,40.24922359499622,7,18,1.302,1.303,60,0.612,167,57,0.612,194,167,57,0.0,1,1,0
28,32,188,6,1.3023463559138073,compromised,susceptible,0,1,0.0,-1,-1,0,0,0,1,35.4,23.9,15.602417148706214,30.09601302498389,23.147115708252578,40.24922359499622,7,18,1.302,1.303,60,0.612,167,57,0.612,194,167,57,0.0,1,1,0
28,33,188,6,1.3023463559138073,compromised,susceptible,0,1,0.0,-1,-1,0,0,0,1,35.4,23.9,15.602417148706214,30.09601302498389,23.147115708252578,40.24922359499622,7,18,1.302,1.303,60,0.612,167,57,0.612,194,167,57,0.0,1,1,0
28,34,188,6,1.3023463559138073,compromised,susceptible,0,1,0.0,-1,-1,0,0,0,1,35.4,23.9,15.602417148706214,30.09601302498389,23.147115708252578,40.24922359499622,7,18,1.302,1.303,60,0.612,167,57,0.612,194,167,57,0.0,1,1,0
28,35,188,6,1.3023463559138073,compromised,susceptible,0,1,0.0,-1,-1,0,0,0,1,35.4,23.9,15.602417148706214,30.09601302498389,23.147115708252578,40.24922359499622,7,18,1.302,1.303,60,0.612,167,57,0.612,194,167,57,0.0,1,1,0
28,36,188,6,1.3023463559138073,compromised,susceptible,0,1,0.0,-1,-1,0,0,0,1,35.4,23.9,15.602417148706214,30.09601302498389,23.147115708252578,40.24922359499622,7,18,1.302,1.303,60,0.612,167,57,0.612,194,167,57,0.0,1,1,0
28,37,188,6,1.3023463559138073,compromised,susceptible,0,1,0.0,-1,-1,0,0,0,1,35.4,23.9,15.602417148706214,30.09601302498389,23.147115708252578,40.24922359499622,7,18,1.302,1.303,60,0.612,167,57,0.612,194,167,57,0.0,1,1,0
28,38,188,6,1.3023463559138073,compromised,susceptible,0,1,0.0,-1,-1,0,0,0,1,35.4,23.9,15.602417148706214,30.09601302498389,23.147115708252578,40.24922359499622,7,18,1.302,1.303,60,0.612,167,57,0.612,194,167,57,0.0,1,1,0
28,39,188,6,1.3023463559138073,compromised,susceptible,0,1,0.0,-1,-1,0,0,0,1,35.4,23.9,15.602417148706214,30.09601302498389,23.147115708252578,40.24922359499622,7,18,1.302,1.303,60,0.612,167,57,0.612,194,167,57,0.0,1,1,0
29,0,93,4,1.3022028805895403,strong,susceptible,0,1,0.0,-1,-1,1,0,0,0,28.2,24.1,15.054172573433501,22.699118925632334,21.85361767575082,33.24154027718932,7,18,1.302,1.303,60,0.612,167,57,0.612,194,167,57,0.0,1,1,0
29,1,93,4,1.3022028805895403,strong,susceptible,0,1,0.0,-1,-1,1,0,0,0,28.2,24.1,15.054172573433501,22.699118925632334,21.85361767575082,33.24154027718932,7,18,1.302,1.303,60,0.612,167,57,0.612,194,167,57,0.0,1,1,0
29,2,93,4,1.3022028805895403,strong,susceptible,0,1,0.0,-1,-1,1,0,0,0,28.2,24.1,15.054172573433501,22.699118925632334,21.85361767575082,33.24154027718932,7,18,1.302,1.303,60,0.612,167,57,0.612,194,167,57,0.0,1,1,0
29,3,93,4,1.3022028805895403,strong,susceptible,0,1,0.0,-1,-1,1,0,0,0,28.2,24.1,15.054172573433501,22.699118925632334,21.85361767575082,33.24154027718932,7,18,1.302,1.303,60,0.612,167,57,0.612,194,167,57,0.0,1,1,0
29,4,93,4,1.3022028805895403,strong,susceptible,0,1,0.0,-1,-1,1,0,0,0,28.2,24.1,15.054172573433501,22.699118925632334,21.85361767575082,33.24154027718932,7,18,1.302,1.303,60,0.612,167,57,0.612,194,167,57,0.0,1,1,0
29,5,93,4,1.3022028805895403,strong,susceptible,0,1,0.0,-1,-1,1,0,0,0,28.2,24.1,15.054172573433501,22.699118925632334,21.85361767575082,33.24154027718932,7,18,1.302,1.303,60,0.612,167,57,0.612,194,167,57,0.0,1,1,0
29,6,93,4,1.3022028805895403,strong,susceptible,0,1,0.0,-1,-1,1,0,0,0,28.2,24.1,15.054172573433501,22.699118925632334,21.85361767575082,33.24154027718932,7,18,1.302,1.303,60,0.612,167,57,0.612,194,167,57,0.0,1,1,0
29,7,93,4,1.3022028805895403,strong,susceptible,0,1,0.0,-1,-1,1,0,0,0,28.2,24.1,15.054172573433501,22.699118925632334,21.85361767575082,33.24154027718932,7,18,1.302,1.303,60,0.612,167,57,0.612,194,167,57,0.0,1,1,0
29,8,93,4,1.3022028805895403,strong,susceptible,0,1,0.0,-1,-1,1,0,0,0,28.2,24.1,15.054172573433501,22.699118925632334,21.85361767575082,33.24154027718932,7,18,1.302,1.303,60,0.612,167,57,0.612,194,167,57,0.0,1,1,0
29,9,93,4,1.3022028805895403,strong,susceptible,0,1,0.0,-1,-1,1,0,0,0,28.2,24.1,15.054172573433501,22.699118925632334,21.85361767575082,33.24154027718932,7,18,1.302,1.303,60,0.612,167,57,0.612,194,167,57,0.0,1,1,0
29,10,93,4,1.3022028805895403,strong,susceptible,0,1,0.0,-1,-1,1,0,0,0,28.2,24.1,15.054172573433501,22.699118925632334,21.85361767575082,33.24154027718932,7,18,1.302,1.303,60,0.612,167,57,0.612,194,167,57,0.0,1,1,0
29,11,93,4,1.3022028805895403,strong,susceptible,0,1,0.0,-1,-1,1,0,0,0,28.2,24.1,15.054172573433501,22.699118925632334,21.85361767575082,33.24154027718932,7,18,1.302,1.303,60,0.612,167,57,0.612,194,167,57,0.0,1,1,0
29,12,93,4,1.3022028805895403,strong,susceptible,0,1,0.0,-1,-1,1,0,0,0,28.2,24.1,15.054172573433501,22.699118925632334,21.85361767575082,33.24154027718932,7,18,1.302,1.303,60,0.612,167,57,0.612,194,167,57,0.0,1,1,0
29,13,93,4,1.3022028805895403,strong,susceptible,0,1,0.0,-1,-1,1,0,0,0,28.2,24.1,15.054172573433501,22.699118925632334,21.85361767575082,33.24154027718932,7,18,1.302,1.303,60,0.612,167,57,0.612,194,167,57,0.0,1,1,0
29,14,93,4,1.3022028805895403,strong,susceptible,0,1,0.0,-1,-1,1,0,0,0,28.2,24.1,15.054172573433501,22.699118925632334,21.85361767575082,33.24154027718932,7,18,1.302,1.303,60,0.612,167,57,0.612,194,167,57,0.0,1,1,0
29,15,93,4,1.3022028805895403,strong,susceptible,0,1,0.0,-1,-1,1,0,0,0,28.2,24.1,15.054172573433501,22.699118925632334,21.85361767575082,33.24154027718932,7,18,1.302,1.303,60,0.612,167,57,0.612,194,167,57,0.0,1,1,0
29,16,93,4,1.3022028805895403,strong,susceptible,0,1,0.0,-1,-1,1,0,0,0,28.2,24.1,15.054172573433501,22.699118925632334,21.85361767575082,33.24154027718932,7,18,1.302,1.303,60,0.612,167,57,0.612,194,167,57,0.0,1,1,0
29,17,93,4,1.3022028805895403,strong,susceptible,0,1,0.0,-1,-1,1,0,0,0,28.2,24.1,15.054172573433501,22.699118925632334,21.85361767575082,33.24154027718932,7,18,1.302,1.303,60,0.612,167,57,0.612,194,167,57,0.0,1,1,0
29,18,93,4,1.3022028805895403,strong,susceptible,0,1,0.0,-1,-1,1,0,0,0,28.2,24.1,15.054172573433501,22.699118925632334,21.85361767575082,33.24154027718932,7,18,1.302,1.303,60,0.612,167,57,0.612,194,167,57,0.0,1,1,0
29,19,93,4,1.3022028805895403,strong,susceptible,0,1,0.0,-1,-1,1,0,0,0,28.2,24.1,15.054172573433501,22.699118925632334,21.85361767575082,33.24154027718932,7,18,1.302,1.303,60,0.612,167,57,0.612,194,167,57,0.0,1,1,0
29,20,93,4,1.3022028805895403,strong,susceptible,0,1,0.0,-1,-1,1,0,0,0,28.2,24.1,15.054172573433501,22.699118925632334,21.85361767575082,33.24154027718932,7,18,1.302,1.303,60,0.612,167,57,0.612,194,167,57,0.0,1,1,0
29,21,93,4,1.3022028805895403,strong,susceptible,0,1,0.0,-1,-1,1,0,0,0,28.2,24.1,15.054172573433501,22.699118925632334,21.85361767575082,33.24154027718932,7,18,1.302,1.303,60,0.612,167,57,0.612,194,167,57,0.0,1,1,0
29,22,93,4,1.3022028805895403,strong,susceptible,0,1,0.0,-1,-1,1,0,0,0,28.2,24.1,15.054172573433501,22.699118925632334,21.85361767575082,33.24154027718932,7,18,1.302,1.303,60,0.612,167,57,0.612,194,167,57,0.0,1,1,0
29,23,93,4,1.3022028805895403,strong,susceptible,0,1,0.0,-1,-1,1,0,0,0,28.2,24.1,15.054172573433501,22.699118925632334,21.85361767575082,33.24154027718932,7,18,1.302,1.303,60,0.612,167,57,0.612,194,167,57,0.0,1,1,0
29,24,93,4,1.3022028805895403,strong,susceptible,0,1,0.0,-1,-1,1,0,0,0,28.2,24.1,15.054172573433501,22.699118925632334,21.85361767575082,33.24154027718932,7,18,1.302,1.303,60,0.612,167,57,0.612,194,167,57,0.0,1,1,0
29,25,93,4,1.3022028805895403,strong,susceptible,0,1,0.0,-1,-1,1,0,0,0,28.2,24.1,15.054172573433501,22.699118925632334,21.85361767575082,33.24154027718932,7,18,1.302,1.303,60,0.612,167,57,0.612,194,167,57,0.0,1,1,0
29,26,93,4,1.3022028805895403,strong,susceptible,0,1,0.0,-1,-1,1,0,0,0,28.2,24.1,15.054172573433501,22.699118925632334,21.85361767575082,33.24154027718932,7,18,1.302,1.303,60,0.612,167,57,0.612,194,167,57,0.0,1,1,0
29,27,93,4,1.3022028805895403,strong,susceptible,0,1,0.0,-1,-1,1,0,0,0,28.2,24.1,15.054172573433501,22.699118925632334,21.85361767575082,33.24154027718932,7,18,1.302,1.303,60,0.612,167,57,0.612,194,167,57,0.0,1,1,0
29,28,93,4,1.3022028805895403,strong,susceptible,0,1,0.0,-1,-1,1,0,0,0,28.2,24.1,15.054172573433501,22.699118925632334,21.85361767575082,33.24154027718932,7,18,1.302,1.303,60,0.612,167,57,0.612,194,167,57,0.0,1,1,0
29,29,93,4,1.3022028805895403,strong,susceptible,0,1,0.0,-1,-1,1,0,0,0,28.2,24.1,15.054172573433501,22.699118925632334,21.85361767575082,33.24154027718932,7,18,1.302,1.303,60,0.612,167,57,0.612,194,167,57,0.0,1,1,0
29,30,93,4,1.3022028805895403,strong,susceptible,0,1,0.0,-1,-1,1,0,0,0,28.2,24.1,15.054172573433501,22.699118925632334,21.85361767575082,33.24154027718932,7,18,1.302,1.303,60,0.612,167,57,0.612,194,167,57,0.0,1,1,0
29,31,93,4,1.3022028805895403,strong,susceptible,0,1,0.0,-1,-1,1,0,0,0,28.2,24.1,15.054172573433501,22.699118925632334,21.85361767575082,33.24154027718932,7,18,1.302,1.303,60,0.612,167,57,0.612,194,167,57,0.0,1,1,0
29,32,93,4,1.3022028805895403,strong,susceptible,0,1,0.0,-1,-1,1,0,0,0,28.2,24.1,15.054172573433501,22.699118925632334,21.85361767575082,33.24154027718932,7,18,1.302,1.303,60,0.612,167,57,0.612,194,167,57,0.0,1,1,0
29,33,93,4,1.3022028805895403,strong,susceptible,0,1,0.0,-1,-1,1,0,0,0,28.2,24.1,15.054172573433501,22.699118925632334,21.85361767575082,33.24154027718932,7,18,1.302,1.303,60,0.612,167,57,0.612,194,167,57,0.0,1,1,0
29,34,93,4,1.3022028805895403,strong,susceptible,0,1,0.0,-1,-1,1,0,0,0,28.2,24.1,15.054172573433501,22.699118925632334,21.85361767575082,33.24154027718932,7,18,1.302,1.303,60,0.612,167,57,0.612,194,167,57,0.0,1,1,0
29,35,93,4,1.3022028805895403,strong,susceptible,0,1,0.0,-1,-1,1,0,0,0,28.2,24.1,15.054172573433501,22.699118925632334,21.85361767575082,33.24154027718932,7,18,1.302,1.303,60,0.612,167,57,0.612,194,167,57,0.0,1,1,0
29,36,93,4,1.3022028805895403,strong,susceptible,0,1,0.0,-1,-1,1,0,0,0,28.2,24.1,15.054172573433501,22.699118925632334,21.85361767575082,33.24154027718932,7,18,1.302,1.303,60,0.612,167,57,0.612,194,167,57,0.0,1,1,0
29,37,93,4,1.3022028805895403,strong,susceptible,0,1,0.0,-1,-1,1,0,0,0,28.2,24.1,15.054172573433501,22.699118925632334,21.85361767575082,33.24154027718932,7,18,1.302,1.303,60,0.612,167,57,0.612,194,167,57,0.0,1,1,0
29,38,93,4,1.3022028805895403,strong,susceptible,0,1,0.0,-1,-1,1,0,0,0,28.2,24.1,15.054172573433501,22.699118925632334,21.85361767575082,33.24154027718932,7,18,1.302,1.303,60,0.612,167,57,0.612,194,167,57,0.0,1,1,0
29,39,93,4,1.3022028805895403,strong,susceptible,0,1,0.0,-1,-1,1,0,0,0,28.2,24.1,15.054172573433501,22.699118925632334,21.85361767575082,33.24154027718932,7,18,1.302,1.303,60,0.612,167,57,0.612,194,167,57,0.0,1,1,0
30,0,147,7,1.3024672295175213,strong,susceptible,0,1,0.0,-1,-1,1,0,0,0,19.5,26.4,18.478549166399333,29.846440323763904,29.85320479916705,47.80167361086848,7,18,1.302,1.303,60,0.612,167,57,0.612,194,167,57,0.0,1,1,0
30,1,147,7,1.3024672295175213,strong,susceptible,0,1,0.0,-1,-1,1,0,0,0,19.5,26.4,18.478549166399333,29.846440323763904,29.85320479916705,47.80167361086848,7,18,1.302,1.303,60,0.612,167,57,0.612,194,167,57,0.0,1,1,0
30,2,147,7,1.3024672295175213,strong,susceptible,0,1,0.0,-1,-1,1,0,0,0,19.5,26.4,18.478549166399333,29.846440323763904,29.85320479916705,47.80167361086848,7,18,1.302,1.303,60,0.612,167,57,0.612,194,167,57,0.0,1,1,0
30,3,147,7,1.3024672295175213,strong,susceptible,0,1,0.0,-1,-1,1,0,0,0,19.5,26.4,18.478549166399333,29.846440323763904,29.85320479916705,47.80167361086848,7,18,1.302,1.303,60,0.612,167,57,0.612,194,167,57,0.0,1,1,0
30,4,147,7,1.3024672295175213,strong,susceptible,0,1,0.0,-1,-1,1,0,0,0,19.5,26.4,18.478549166399333,29.846440323763904,29.85320479916705,47.80167361086848,7,18,1.302,1.303,60,0.612,167,57,0.612,194,167,57,0.0,1,1,0
30,5,147,7,1.3024672295175213,strong,susceptible,0,1,0.0,-1,-1,1,0,0,0,19.5,26.4,18.478549166399333,29.846440323763904,29.85320479916705,47.80167361086848,7,18,1.302,1.303,60,0.612,167,57,0.612,194,167,57,0.0,1,1,0
30,6,147,7,1.3024672295175213,strong,susceptible,0,1,0.0,-1,-1,1,0,0,0,19.5,26.4,18.478549166399333,29.846440323763904,29.85320479916705,47.80167361086848,7,18,1.302,1.303,60,0.612,167,57,0.612,194,167,57,0.0,1,1,0
30,7,147,7,1.3024672295175213,strong,susceptible,0,1,0.0,-1,-1,1,0,0,0,19.5,26.4,18.478549166399333,29.846440323763904,29.85320479916705,47.80167361086848,7,18,1.302,1.303,60,0.612,167,57,0.612,194,167,57,0.0,1,1,0
30,8,147,7,1.3024672295175213,strong,susceptible,0,1,0.0,-1,-1,1,0,0,0,19.5,26.4,18.478549166399333,29.846440323763904,29.85320479916705,47.80167361086848,7,18,1.302,1.303,60,0.612,167,57,0.612,194,167,57,0.0,1,1,0
30,9,147,7,1.3024672295175213,strong,susceptible,0,1,0.0,-1,-1,1,0,0,0,19.5,26.4,18.478549166399333,29.846440323763904,29.85320479916705,47.80167361086848,7,18,1.302,1.303,60,0.612,167,57,0.612,194,167,57,0.0,1,1,0
30,10,147,7,1.3024672295175213,strong,susceptible,0,1,0.0,-1,-1,1,0,0,0,19.5,26.4,18.478549166399333,29.846440323763904,29.85320479916705,47.80167361086848,7,18,1.302,1.303,60,0.612,167,57,0.612,194,167,57,0.0,1,1,0
30,11,147,7,1.3024672295175213,strong,susceptible,0,1,0.0,-1,-1,1,0,0,0,19.5,26.4,18.478549166399333,29.846440323763904,29.85320479916705,47.80167361086848,7,18,1.302,1.303,60,0.612,167,57,0.612,194,167,57,0.0,1,1,0
30,12,147,7,1.3024672295175213,strong,susceptible,0,1,0.0,-1,-1,1,0,0,0,19.5,26.4,18.478549166399333,29.846440323763904,29.85320479916705,47.80167361086848,7,18,1.302,1.303,60,0.612,167,57,0.612,194,167,57,0.0,1,1,0
30,13,147,7,1.3024672295175213,strong,susceptible,0,1,0.0,-1,-1,1,0,0,0,19.5,26.4,18.478549166399333,29.846440323763904,29.85320479916705,47.80167361086848,7,18,1.302,1.303,60,0.612,167,57,0.612,194,167,57,0.0,1,1,0
30,14,147,7,1.3024672295175213,strong,susceptible,0,1,0.0,-1,-1,1,0,0,0,19.5,26.4,18.478549166399333,29.846440323763904,29.85320479916705,47.80167361086848,7,18,1.302,1.303,60,0.612,167,57,0.612,194,167,57,0.0,1,1,0
30,15,147,7,1.3024672295175213,strong,susceptible,0,1,0.0,-1,-1,1,0,0,0,19.5,26.4,18.478549166399333,29.846440323763904,29.85320479916705,47.80167361086848,7,18,1.302,1.303,60,0.612,167,57,0.612,194,167,57,0.0,1,1,0
30,16,147,7,1.3024672295175213,strong,susceptible,0,1,0.0,-1,-1,1,0,0,0,19.5,26.4,18.478549166399333,29.846440323763904,29.85320479916705,47.80167361086848,7,18,1.302,1.303,60,0.612,167,57,0.612,194,167,57,0.0,1,1,0
30,17,147,7,1.3024672295175213,strong,susceptible,0,1,0.0,-1,-1,1,0,0,0,19.5,26.4,18.478549166399333,29.846440323763904,29.85320479916705,47.80167361086848,7,18,1.302,1.303,60,0.612,167,57,0.612,194,167,57,0.0,1,1,0
30,18,147,7,1.3024672295175213,strong,susceptible,0,1,0.0,-1,-1,1,0,0,0,19.5,26.4,18.478549166399333,29.846440323763904,29.85320479916705,47.80167361086848,7,18,1.302,1.303,60,0.612,167,57,0.612,194,167,57,0.0,1,1,0
30,19,147,7,1.3024672295175213,strong,susceptible,0,1,0.0,-1,-1,1,0,0,0,19.5,26.4,18.478549166399333,29.846440323763904,29.85320479916705,47.80167361086848,7,18,1.302,1.303,60,0.612,167,57,0.612,194,167,57,0.0,1,1,0
30,20,147,7,1.3024672295175213,strong,susceptible,0,1,0.0,-1,-1,1,0,0,0,19.5,26.4,18.478549166399333,29.846440323763904,29.85320479916705,47.80167361086848,7,18,1.302,1.303,60,0.612,167,57,0.612,194,167,57,0.0,1,1,0
30,21,147,7,1.3024672295175213,strong,susceptible,0,1,0.0,-1,-1,1,0,0,0,19.5,26.4,18.478549166399333,29.846440323763904,29.85320479916705,47.80167361086848,7,18,1.302,1.303,60,0.612,167,57,0.612,194,167,57,0.0,1,1,0
30,22,147,7,1.3024672295175213,strong,susceptible,0,1,0.0,-1,-1,1,0,0,0,19.5,26.4,18.478549166399333,29.846440323763904,29.85320479916705,47.80167361086848,7,18,1.302,1.303,60,0.612,167,57,0.612,194,167,57,0.0,1,1,0
30,23,147,7,1.3024672295175213,strong,susceptible,0,1,0.0,-1,-1,1,0,0,0,19.5,26.4,18.478549166399333,29.846440323763904,29.85320479916705,47.80167361086848,7,18,1.302,1.303,60,0.612,167,57,0.612,194,167,57,0.0,1,1,0
30,24,147,7,1.3024672295175213,strong,susceptible,0,1,0.0,-1,-1,1,0,0,0,19.5,26.4,18.478549166399333,29.846440323763904,29.85320479916705,47.80167361086848,7,18,1.302,1.303,60,0.612,167,57,0.612,194,167,57,0.0,1,1,0
30,25,147,7,1.3024672295175213,strong,susceptible,0,1,0.0,-1,-1,1,0,0,0,19.5,26.4,18.478549166399333,29.846440323763904,29.85320479916705,47.80167361086848,7,18,1.302,1.303,60,0.612,167,57,0.612,194,167,57,0.0,1,1,0
30,26,147,7,1.3024672295175213,strong,susceptible,0,1,0.0,-1,-1,1,0,0,0,19.5,26.4,18.478549166399333,29.846440323763904,29.85320479916705,47.80167361086848,7,18,1.302,1.303,60,0.612,167,57,0.612,194,167,57,0.0,1,1,0
30,27,147,7,1.3024672295175213,strong,susceptible,0,1,0.0,-1,-1,1,0,0,0,19.5,26.4,18.478549166399333,29.846440323763904,29.85320479916705,47.80167361086848,7,18,1.302,1.303,60,0.612,167,57,0.61,195,167,57,0.0020000000000000018,1,1,0
30,28,147,7,1.3024672295175213,strong,infected,1,1,0.893,27,1,1,0,0,0,19.5,26.4,18.478549166399333,29.846440323763904,29.85320479916705,47.80167361086848,7,18,1.302,1.303,60,0.612,167,57,0.612,194,167,57,0.0,1,1,0
30,29,147,7,1.3024672295175213,strong,infected,1,1,7.368,27,2,1,0,0,0,19.5,26.4,18.478549166399333,29.846440323763904,29.85320479916705,47.80167361086848,7,18,1.302,1.303,60,0.612,167,57,0.612,194,167,57,0.0,1,1,0
30,30,147,7,1.3024672295175213,strong,infected,1,1,15.266,27,3,1,0,0,0,19.5,26.4,18.478549166399333,29.846440323763904,29.85320479916705,47.80167361086848,7,18,1.302,1.303,60,0.612,167,57,0.612,194,167,57,0.0,1,1,0
30,31,147,7,1.3024672295175213,strong,infected,1,1,18.701,27,4,1,0,0,0,19.5,26.4,18.478549166399333,29.846440323763904,29.85320479916705,47.80167361086848,7,18,1.302,1.303,60,0.612,167,57,0.612,194,167,57,0.0,1,1,0
30,32,147,7,1.3024672295175213,strong,infected,1,1,17.326,27,5,1,0,0,0,19.5,26.4,18.478549166399333,29.846440323763904,29.85320479916705,47.80167361086848,7,18,1.302,1.303,60,0.612,167,57,0.612,194,167,57,0.0,1,1,0
30,33,147,7,1.3024672295175213,strong,infected,1,1,13.491,27,6,1,0,0,0,19.5,26.4,18.478549166399333,29.846440323763904,29.85320479916705,47.80167361086848,7,18,1.302,1.303,60,0.612,167,57,0.612,194,167,57,0.0,1,1,0
30,34,147,7,1.3024672295175213,strong,infected,1,1,9.33,27,7,1,0,0,0,19.5,26.4,18.478549166399333,29.846440323763904,29.85320479916705,47.80167361086848,7,18,1.302,1.303,60,0.612,167,57,0.612,194,167,57,0.0,1,1,0
30,35,147,7,1.3024672295175213,strong,infected,1,1,5.92,27,8,1,0,0,0,19.5,26.4,18.478549166399333,29.846440323763904,29.85320479916705,47.80167361086848,7,18,1.302,1.303,60,0.612,167,57,0.612,194,167,57,0.0,1,1,0
30,36,147,7,1.3024672295175213,strong,infected,1,1,3.518,27,9,1,0,0,0,19.5,26.4,18.478549166399333,29.846440323763904,29.85320479916705,47.80167361086848,7,18,1.302,1.303,60,0.612,167,57,0.612,194,167,57,0.0,1,1,0
30,37,147,7,1.3024672295175213,strong,infected,1,1,1.986,27,10,1,0,0,0,19.5,26.4,18.478549166399333,29.846440323763904,29.85320479916705,47.80167361086848,7,18,1.302,1.303,60,0.612,167,57,0.612,194,167,57,0.0,1,1,0
30,38,147,7,1.3024672295175213,strong,infected,1,1,1.076,27,11,1,0,0,0,19.5,26.4,18.478549166399333,29.846440323763904,29.85320479916705,47.80167361086848,7,18,1.302,1.303,60,0.612,167,57,0.612,194,167,57,0.0,1,1,0
30,39,147,7,1.3024672295175213,strong,infected,1,1,0.563,27,12,1,0,0,0,19.5,26.4,18.478549166399333,29.846440323763904,29.85320479916705,47.80167361086848,7,18,1.302,1.303,60,0.612,167,57,0.612,194,167,57,0.0,1,1,0
31,0,129,4,1.3020771523870323,low,susceptible,0,1,0.0,-1,-1,0,0,1,0,33.3,29.8,19.4655698753594,33.64416739941709,28.761720460286448,47.16990566028302,7,18,1.302,1.303,60,0.612,167,57,0.612,194,167,57,0.0,1,1,0
31,1,129,4,1.3020771523870323,low,susceptible,0,1,0.0,-1,-1,0,0,1,0,33.3,29.8,19.4655698753594,33.64416739941709,28.761720460286448,47.16990566028302,7,18,1.302,1.303,60,0.612,167,57,0.612,194,167,57,0.0,1,1,0
31,2,129,4,1.3020771523870323,low,susceptible,0,1,0.0,-1,-1,0,0,1,0,33.3,29.8,19.4655698753594,33.64416739941709,28.761720460286448,47.16990566028302,7,18,1.302,1.303,60,0.612,167,57,0.612,194,167,57,0.0,1,1,0
31,3,129,4,1.3020771523870323,low,susceptible,0,1,0.0,-1,-1,0,0,1,0,33.3,29.8,19.4655698753594,33.64416739941709,28.761720460286448,47.16990566028302,7,18,1.302,1.303,60,0.612,167,57,0.612,194,167,57,0.0,1,1,0
31,4,129,4,1.3020771523870323,low,susceptible,0,1,0.0,-1,-1,0,0,1,0,33.3,29.8,19.4655698753594,33.64416739941709,28.761720460286448,47.16990566028302,7,18,1.302,1.303,60,0.612,167,57,0.612,194,167,57,0.0,1,1,0
31,5,129,4,1.3020771523870323,low,susceptible,0,1,0.0,-1,-1,0,0,1,0,33.3,29.8,19.4655698753594,33.64416739941709,28.761720460286448,47.16990566028302,7,18,1.302,1.303,60,0.612,167,57,0.612,194,167,57,0.0,1,1,0
31,6,129,4,1.3020771523870323,low,susceptible,0,1,0.0,-1,-1,0,0,1,0,33.3,29.8,19.4655698753594,33.64416739941709,28.761720460286448,47.16990566028302,7,18,1.302,1.303,60,0.612,167,57,0.612,194,167,57,0.0,1,1,0
31,7,129,4,1.3020771523870323,low,susceptible,0,1,0.0,-1,-1,0,0,1,0,33.3,29.8,19.4655698753594,33.64416739941709,28.761720460286448,47.16990566028302,7,18,1.302,1.303,60,0.612,167,57,0.612,194,167,57,0.0,1,1,0
31,8,129,4,1.3020771523870323,low,susceptible,0,1,0.0,-1,-1,0,0,1,0,33.3,29.8,19.4655698753594,33.64416739941709,28.761720460286448,47.16990566028302,7,18,1.302,1.303,60,0.612,167,57,0.612,194,167,57,0.0,1,1,0
31,9,129,4,1.3020771523870323,low,susceptible,0,1,0.0,-1,-1,0,0,1,0,33.3,29.8,19.4655698753594,33.64416739941709,28.761720460286448,47.16990566028302,7,18,1.302,1.303,60,0.612,167,57,0.612,194,167,57,0.0,1,1,0
31,10,129,4,1.3020771523870323,low,susceptible,0,1,0.0,-1,-1,0,0,1,0,33.3,29.8,19.4655698753594,33.64416739941709,28.761720460286448,47.16990566028302,7,18,1.302,1.303,60,0.612,167,57,0.612,194,167,57,0.0,1,1,0
31,11,129,4,1.3020771523870323,low,susceptible,0,1,0.0,-1,-1,0,0,1,0,33.3,29.8,19.4655698753594,33.64416739941709,28.761720460286448,47.16990566028302,7,18,1.302,1.303,60,0.612,167,57,0.612,194,167,57,0.0,1,1,0
31,12,129,4,1.3020771523870323,low,susceptible,0,1,0.0,-1,-1,0,0,1,0,33.3,29.8,19.4655698753594,33.64416739941709,28.761720460286448,47.16990566028302,7,18,1.302,1.303,60,0.612,167,57,0.612,194,167,57,0.0,1,1,0
31,13,129,4,1.3020771523870323,low,susceptible,0,1,0.0,-1,-1,0,0,1,0,33.3,29.8,19.4655698753594,33.64416739941709,28.761720460286448,47.16990566028302,7,18,1.302,1.303,60,0.612,167,57,0.612,194,167,57,0.0,1,1,0
31,14,129,4,1.3020771523870323,low,susceptible,0,1,0.0,-1,-1,0,0,1,0,33.3,29.8,19.4655698753594,33.64416739941709,28.761720460286448,47.16990566028302,7,18,1.302,1.303,60,0.612,167,57,0.612,194,167,57,0.0,1,1,0
31,15,129,4,1.3020771523870323,low,susceptible,0,1,0.0,-1,-1,0,0,1,0,33.3,29.8,19.4655698753594,33.64416739941709,28.761720460286448,47.16990566028302,7,18,1.302,1.303,60,0.612,167,57,0.612,194,167,57,0.0,1,1,0
31,16,129,4,1.3020771523870323,low,susceptible,0,1,0.0,-1,-1,0,0,1,0,33.3,29.8,19.4655698753594,33.64416739941709,28.761720460286448,47.16990566028302,7,18,1.302,1.303,60,0.612,167,57,0.612,194,167,57,0.0,1,1,0
31,17,129,4,1.3020771523870323,low,susceptible,0,1,0.0,-1,-1,0,0,1,0,33.3,29.8,19.4655698753594,33.64416739941709,28.761720460286448,47.16990566028302,7,18,1.302,1.303,60,0.612,167,57,0.612,194,167,57,0.0,1,1,0
31,18,129,4,1.3020771523870323,low,susceptible,0,1,0.0,-1,-1,0,0,1,0,33.3,29.8,19.4655698753594,33.64416739941709,28.761720460286448,47.16990566028302,7,18,1.302,1.303,60,0.612,167,57,0.612,194,167,57,0.0,1,1,0
31,19,129,4,1.3020771523870323,low,susceptible,0,1,0.0,-1,-1,0,0,1,0,33.3,29.8,19.4655698753594,33.64416739941709,28.761720460286448,47.16990566028302,7,18,1.302,1.303,60,0.612,167,57,0.612,194,167,57,0.0,1,1,0
31,20,129,4,1.3020771523870323,low,susceptible,0,1,0.0,-1,-1,0,0,1,0,33.3,29.8,19.4655698753594,33.64416739941709,28.761720460286448,47.16990566028302,7,18,1.302,1.303,60,0.612,167,57,0.612,194,167,57,0.0,1,1,0
31,21,129,4,1.3020771523870323,low,susceptible,0,1,0.0,-1,-1,0,0,1,0,33.3,29.8,19.4655698753594,33.64416739941709,28.761720460286448,47.16990566028302,7,18,1.302,1.303,60,0.612,167,57,0.612,194,167,57,0.0,1,1,0
31,22,129,4,1.3020771523870323,low,susceptible,0,1,0.0,-1,-1,0,0,1,0,33.3,29.8,19.4655698753594,33.64416739941709,28.761720460286448,47.16990566028302,7,18,1.302,1.303,60,0.612,167,57,0.612,194,167,57,0.0,1,1,0
31,23,129,4,1.3020771523870323,low,susceptible,0,1,0.0,-1,-1,0,0,1,0,33.3,29.8,19.4655698753594,33.64416739941709,28.761720460286448,47.16990566028302,7,18,1.302,1.303,60,0.612,167,57,0.612,194,167,57,0.0,1,1,0
31,24,129,4,1.3020771523870323,low,susceptible,0,1,0.0,-1,-1,0,0,1,0,33.3,29.8,19.4655698753594,33.64416739941709,28.761720460286448,47.16990566028302,7,18,1.302,1.303,60,0.612,167,57,0.612,194,167,57,0.0,1,1,0
31,25,129,4,1.3020771523870323,low,susceptible,0,1,0.0,-1,-1,0,0,1,0,33.3,29.8,19.4655698753594,33.64416739941709,28.761720460286448,47.16990566028302,7,18,1.302,1.303,60,0.612,167,57,0.612,194,167,57,0.0,1,1,0
31,26,129,4,1.3020771523870323,low,susceptible,0,1,0.0,-1,-1,0,0,1,0,33.3,29.8,19.4655698753594,33.64416739941709,28.761720460286448,47.16990566028302,7,18,1.302,1.303,60,0.612,167,57,0.612,194,167,57,0.0,1,1,0
31,27,129,4,1.3020771523870323,low,susceptible,0,1,0.0,-1,-1,0,0,1,0,33.3,29.8,19.4655698753594,33.64416739941709,28.761720460286448,47.16990566028302,7,18,1.302,1.303,60,0.612,167,57,0.612,194,167,57,0.0,1,1,0
31,28,129,4,1.3020771523870323,low,susceptible,0,1,0.0,-1,-1,0,0,1,0,33.3,29.8,19.4655698753594,33.64416739941709,28.761720460286448,47.16990566028302,7,18,1.302,1.303,60,0.612,167,57,0.612,194,167,57,0.0,1,1,0
31,29,129,4,1.3020771523870323,low,susceptible,0,1,0.0,-1,-1,0,0,1,0,33.3,29.8,19.4655698753594,33.64416739941709,28.761720460286448,47.16990566028302,7,18,1.302,1.303,60,0.612,167,57,0.612,194,167,57,0.0,1,1,0
31,30,129,4,1.3020771523870323,low,susceptible,0,1,0.0,-1,-1,0,0,1,0,33.3,29.8,19.4655698753594,33.64416739941709,28.761720460286448,47.16990566028302,7,18,1.302,1.303,60,0.612,167,57,0.612,194,167,57,0.0,1,1,0
31,31,129,4,1.3020771523870323,low,susceptible,0,1,0.0,-1,-1,0,0,1,0,33.3,29.8,19.4655698753594,33.64416739941709,28.761720460286448,47.16990566028302,7,18,1.302,1.303,60,0.612,167,57,0.612,194,167,57,0.0,1,1,0
31,32,129,4,1.3020771523870323,low,susceptible,0,1,0.0,-1,-1,0,0,1,0,33.3,29.8,19.4655698753594,33.64416739941709,28.761720460286448,47.16990566028302,7,18,1.302,1.303,60,0.612,167,57,0.612,194,167,57,0.0,1,1,0
31,33,129,4,1.3020771523870323,low,susceptible,0,1,0.0,-1,-1,0,0,1,0,33.3,29.8,19.4655698753594,33.64416739941709,28.761720460286448,47.16990566028302,7,18,1.302,1.303,60,0.612,167,57,0.612,194,167,57,0.0,1,1,0
31,34,129,4,1.3020771523870323,low,susceptible,0,1,0.0,-1,-1,0,0,1,0,33.3,29.8,19.4655698753594,33.64416739941709,28.761720460286448,47.16990566028302,7,18,1.302,1.303,60,0.612,167,57,0.612,194,167,57,0.0,1,1,0
31,35,129,4,1.3020771523870323,low,susceptible,0,1,0.0,-1,-1,0,0,1,0,33.3,29.8,19.4655698753594,33.64416739941709,28.761720460286448,47.16990566028302,7,18,1.302,1.303,60,0.612,167,57,0.612,194,167,57,0.0,1,1,0
31,36,129,4,1.3020771523870323,low,susceptible,0,1,0.0,-1,-1,0,0,1,0,33.3,29.8,19.4655698753594,33.64416739941709,28.761720460286448,47.16990566028302,7,18,1.302,1.303,60,0.612,167,57,0.612,194,167,57,0.0,1,1,0
31,37,129,4,1.3020771523870323,low,susceptible,0,1,0.0,-1,-1,0,0,1,0,33.3,29.8,19.4655698753594,33.64416739941709,28.761720460286448,47.16990566028302,7,18,1.302,1.303,60,0.612,167,57,0.568,216,146,55,0.04400000000000004,1,1,0
31,38,129,4,1.3020771523870323,low,infected,1,1,1.934,37,1,0,0,1,0,33.3,29.8,19.4655698753594,33.64416739941709,28.761720460286448,47.16990566028302,7,18,1.302,1.303,60,0.612,167,57,0.612,194,167,57,0.0,1,1,0
31,39,129,4,1.3020771523870323,low,infected,1,1,16.801,37,2,0,0,1,0,33.3,29.8,19.4655698753594,33.64416739941709,28.761720460286448,47.16990566028302,7,18,1.302,1.303,60,0.612,167,57,0.612,194,167,57,0.0,1,1,0
32,0,51,3,1.3026820190853527,strong,susceptible,0,1,0.0,-1,-1,1,0,0,0,24.1,11.4,17.922008541970605,24.42478249647272,21.306497250420243,47.92702786528704,7,18,1.302,1.303,60,0.612,167,57,0.612,194,167,57,0.0,1,1,0
32,1,51,3,1.3026820190853527,strong,susceptible,0,1,0.0,-1,-1,1,0,0,0,24.1,11.4,17.922008541970605,24.42478249647272,21.306497250420243,47.92702786528704,7,18,1.302,1.303,60,0.612,167,57,0.612,194,167,57,0.0,1,1,0
32,2,51,3,1.3026820190853527,strong,susceptible,0,1,0.0,-1,-1,1,0,0,0,24.1,11.4,17.922008541970605,24.42478249647272,21.306497250420243,47.92702786528704,7,18,1.302,1.303,60,0.612,167,57,0.612,194,167,57,0.0,1,1,0
32,3,51,3,1.3026820190853527,strong,susceptible,0,1,0.0,-1,-1,1,0,0,0,24.1,11.4,17.922008541970605,24.42478249647272,21.306497250420243,47.92702786528704,7,18,1.302,1.303,60,0.612,167,57,0.612,194,167,57,0.0,1,1,0
32,4,51,3,1.3026820190853527,strong,susceptible,0,1,0.0,-1,-1,1,0,0,0,24.1,11.4,17.922008541970605,24.42478249647272,21.306497250420243,47.92702786528704,7,18,1.302,1.303,60,0.612,167,57,0.612,194,167,57,0.0,1,1,0
32,5,51,3,1.3026820190853527,strong,susceptible,0,1,0.0,-1,-1,1,0,0,0,24.1,11.4,17.922008541970605,24.42478249647272,21.306497250420243,47.92702786528704,7,18,1.302,1.303,60,0.612,167,57,0.612,194,167,57,0.0,1,1,0
32,6,51,3,1.3026820190853527,strong,susceptible,0,1,0.0,-1,-1,1,0,0,0,24.1,11.4,17.922008541970605,24.42478249647272,21.306497250420243,47.92702786528704,7,18,1.302,1.303,60,0.612,167,57,0.612,194,167,57,0.0,1,1,0
32,7,51,3,1.3026820190853527,strong,susceptible,0,1,0.0,-1,-1,1,0,0,0,24.1,11.4,17.922008541970605,24.42478249647272,21.306497250420243,47.92702786528704,7,18,1.302,1.303,60,0.612,167,57,0.612,194,167,57,0.0,1,1,0
32,8,51,3,1.3026820190853527,strong,susceptible,0,1,0.0,-1,-1,1,0,0,0,24.1,11.4,17.922008541970605,24.42478249647272,21.306497250420243,47.92702786528704,7,18,1.302,1.303,60,0.612,167,57,0.612,194,167,57,0.0,1,1,0
32,9,51,3,1.3026820190853527,strong,susceptible,0,1,0.0,-1,-1,1,0,0,0,24.1,11.4,17.922008541970605,24.42478249647272,21.306497250420243,47.92702786528704,7,18,1.302,1.303,60,0.612,167,57,0.612,194,167,57,0.0,1,1,0
32,10,51,3,1.3026820190853527,strong,susceptible,0,1,0.0,-1,-1,1,0,0,0,24.1,11.4,17.922008541970605,24.42478249647272,21.306497250420243,47.92702786528704,7,18,1.302,1.303,60,0.612,167,57,0.612,194,167,57,0.0,1,1,0
32,11,51,3,1.3026820190853527,strong,susceptible,0,1,0.0,-1,-1,1,0,0,0,24.1,11.4,17.922008541970605,24.42478249647272,21.306497250420243,47.92702786528704,7,18,1.302,1.303,60,0.612,167,57,0.612,194,167,57,0.0,1,1,0
32,12,51,3,1.3026820190853527,strong,susceptible,0,1,0.0,-1,-1,1,0,0,0,24.1,11.4,17.922008541970605,24.42478249647272,21.306497250420243,47.92702786528704,7,18,1.302,1.303,60,0.612,167,57,0.612,194,167,57,0.0,1,1,0
32,13,51,3,1.3026820190853527,strong,susceptible,0,1,0.0,-1,-1,1,0,0,0,24.1,11.4,17.922008541970605,24.42478249647272,21.306497250420243,47.92702786528704,7,18,1.302,1.303,60,0.612,167,57,0.612,194,167,57,0.0,1,1,0
32,14,51,3,1.3026820190853527,strong,susceptible,0,1,0.0,-1,-1,1,0,0,0,24.1,11.4,17.922008541970605,24.42478249647272,21.306497250420243,47.92702786528704,7,18,1.302,1.303,60,0.612,167,57,0.612,194,167,57,0.0,1,1,0
32,15,51,3,1.3026820190853527,strong,susceptible,0,1,0.0,-1,-1,1,0,0,0,24.1,11.4,17.922008541970605,24.42478249647272,21.306497250420243,47.92702786528704,7,18,1.302,1.303,60,0.612,167,57,0.612,194,167,57,0.0,1,1,0
32,16,51,3,1.3026820190853527,strong,susceptible,0,1,0.0,-1,-1,1,0,0,0,24.1,11.4,17.922008541970605,24.42478249647272,21.306497250420243,47.92702786528704,7,18,1.302,1.303,60,0.612,167,57,0.612,194,167,57,0.0,1,1,0
32,17,51,3,1.3026820190853527,strong,susceptible,0,1,0.0,-1,-1,1,0,0,0,24.1,11.4,17.922008541970605,24.42478249647272,21.306497250420243,47.92702786528704,7,18,1.302,1.303,60,0.612,167,57,0.612,194,167,57,0.0,1,1,0
32,18,51,3,1.3026820190853527,strong,susceptible,0,1,0.0,-1,-1,1,0,0,0,24.1,11.4,17.922008541970605,24.42478249647272,21.306497250420243,47.92702786528704,7,18,1.302,1.303,60,0.612,167,57,0.612,194,167,57,0.0,1,1,0
32,19,51,3,1.3026820190853527,strong,susceptible,0,1,0.0,-1,-1,1,0,0,0,24.1,11.4,17.922008541970605,24.42478249647272,21.306497250420243,47.92702786528704,7,18,1.302,1.303,60,0.612,167,57,0.612,194,167,57,0.0,1,1,0
32,20,51,3,1.3026820190853527,strong,susceptible,0,1,0.0,-1,-1,1,0,0,0,24.1,11.4,17.922008541970605,24.42478249647272,21.306497250420243,47.92702786528704,7,18,1.302,1.303,60,0.612,167,57,0.612,194,167,57,0.0,1,1,0
32,21,51,3,1.3026820190853527,strong,susceptible,0,1,0.0,-1,-1,1,0,0,0,24.1,11.4,17.922008541970605,24.42478249647272,21.306497250420243,47.92702786528704,7,18,1.302,1.303,60,0.612,167,57,0.612,194,167,57,0.0,1,1,0
32,22,51,3,1.3026820190853527,strong,susceptible,0,1,0.0,-1,-1,1,0,0,0,24.1,11.4,17.922008541970605,24.42478249647272,21.306497250420243,47.92702786528704,7,18,1.302,1.303,60,0.612,167,57,0.612,194,167,57,0.0,1,1,0
32,23,51,3,1.3026820190853527,strong,susceptible,0,1,0.0,-1,-1,1,0,0,0,24.1,11.4,17.922008541970605,24.42478249647272,21.306497250420243,47.92702786528704,7,18,1.302,1.303,60,0.612,167,57,0.612,194,167,57,0.0,1,1,0
32,24,51,3,1.3026820190853527,strong,susceptible,0,1,0.0,-1,-1,1,0,0,0,24.1,11.4,17.922008541970605,24.42478249647272,21.306497250420243,47.92702786528704,7,18,1.302,1.303,60,0.612,167,57,0.612,194,167,57,0.0,1,1,0
32,25,51,3,1.3026820190853527,strong,susceptible,0,1,0.0,-1,-1,1,0,0,0,24.1,11.4,17.922008541970605,24.42478249647272,21.306497250420243,47.92702786528704,7,18,1.302,1.303,60,0.612,167,57,0.612,194,167,57,0.0,1,1,0
32,26,51,3,1.3026820190853527,strong,susceptible,0,1,0.0,-1,-1,1,0,0,0,24.1,11.4,17.922008541970605,24.42478249647272,21.306497250420243,47.92702786528704,7,18,1.302,1.303,60,0.612,167,57,0.612,194,167,57,0.0,1,1,0
32,27,51,3,1.3026820190853527,strong,susceptible,0,1,0.0,-1,-1,1,0,0,0,24.1,11.4,17.922008541970605,24.42478249647272,21.306497250420243,47.92702786528704,7,18,1.302,1.303,60,0.612,167,57,0.612,194,167,57,0.0,1,1,0
32,28,51,3,1.3026820190853527,strong,susceptible,0,1,0.0,-1,-1,1,0,0,0,24.1,11.4,17.922008541970605,24.42478249647272,21.306497250420243,47.92702786528704,7,18,1.302,1.303,60,0.612,167,57,0.612,194,167,57,0.0,1,1,0
32,29,51,3,1.3026820190853527,strong,susceptible,0,1,0.0,-1,-1,1,0,0,0,24.1,11.4,17.922008541970605,24.42478249647272,21.306497250420243,47.92702786528704,7,18,1.302,1.303,60,0.612,167,57,0.612,194,167,57,0.0,1,1,0
32,30,51,3,1.3026820190853527,strong,susceptible,0,1,0.0,-1,-1,1,0,0,0,24.1,11.4,17.922008541970605,24.42478249647272,21.306497250420243,47.92702786528704,7,18,1.302,1.303,60,0.612,167,57,0.612,194,167,57,0.0,1,1,0
32,31,51,3,1.3026820190853527,strong,susceptible,0,1,0.0,-1,-1,1,0,0,0,24.1,11.4,17.922008541970605,24.42478249647272,21.306497250420243,47.92702786528704,7,18,1.302,1.303,60,0.612,167,57,0.612,194,167,57,0.0,1,1,0
32,32,51,3,1.3026820190853527,strong,susceptible,0,1,0.0,-1,-1,1,0,0,0,24.1,11.4,17.922008541970605,24.42478249647272,21.306497250420243,47.92702786528704,7,18,1.302,1.303,60,0.612,167,57,0.612,194,167,57,0.0,1,1,0
32,33,51,3,1.3026820190853527,strong,susceptible,0,1,0.0,-1,-1,1,0,0,0,24.1,11.4,17.922008541970605,24.42478249647272,21.306497250420243,47.92702786528704,7,18,1.302,1.303,60,0.612,167,57,0.612,194,167,57,0.0,1,1,0
32,34,51,3,1.3026820190853527,strong,susceptible,0,1,0.0,-1,-1,1,0,0,0,24.1,11.4,17.922008541970605,24.42478249647272,21.306497250420243,47.92702786528704,7,18,1.302,1.303,60,0.612,167,57,0.612,194,167,57,0.0,1,1,0
32,35,51,3,1.3026820190853527,strong,susceptible,0,1,0.0,-1,-1,1,0,0,0,24.1,11.4,17.922008541970605,24.42478249647272,21.306497250420243,47.92702786528704,7,18,1.302,1.303,60,0.612,167,57,0.612,194,167,57,0.0,1,1,0
32,36,51,3,1.3026820190853527,strong,susceptible,0,1,0.0,-1,-1,1,0,0,0,24.1,11.4,17.922008541970605,24.42478249647272,21.306497250420243,47.92702786528704,7,18,1.302,1.303,60,0.612,167,57,0.612,194,167,57,0.0,1,1,0
32,37,51,3,1.3026820190853527,strong,susceptible,0,1,0.0,-1,-1,1,0,0,0,24.1,11.4,17.922008541970605,24.42478249647272,21.306497250420243,47.92702786528704,7,18,1.302,1.303,60,0.612,167,57,0.612,194,167,57,0.0,1,1,0
32,38,51,3,1.3026820190853527,strong,susceptible,0,1,0.0,-1,-1,1,0,0,0,24.1,11.4,17.922008541970605,24.42478249647272,21.306497250420243,47.92702786528704,7,18,1.302,1.303,60,0.612,167,57,0.612,194,167,57,0.0,1,1,0
32,39,51,3,1.3026820190853527,strong,susceptible,0,1,0.0,-1,-1,1,0,0,0,24.1,11.4,17.922008541970605,24.42478249647272,21.306497250420243,47.92702786528704,7,18,1.302,1.303,60,0.612,167,57,0.612,194,167,57,0.0,1,1,0
33,0,173,3,1.3029419201746593,medium,susceptible,0,1,0.0,-1,-1,0,1,0,0,29.4,33.7,13.508000879120086,21.91004335915381,21.168686191048135,31.38470965295043,7,18,1.302,1.303,60,0.612,167,57,0.612,194,167,57,0.0,1,1,0
33,1,173,3,1.3029419201746593,medium,susceptible,0,1,0.0,-1,-1,0,1,0,0,29.4,33.7,13.508000879120086,21.91004335915381,21.168686191048135,31.38470965295043,7,18,1.302,1.303,60,0.612,167,57,0.612,194,167,57,0.0,1,1,0
33,2,173,3,1.3029419201746593,medium,susceptible,0,1,0.0,-1,-1,0,1,0,0,29.4,33.7,13.508000879120086,21.91004335915381,21.168686191048135,31.38470965295043,7,18,1.302,1.303,60,0.612,167,57,0.612,194,167,57,0.0,1,1,0
33,3,173,3,1.3029419201746593,medium,susceptible,0,1,0.0,-1,-1,0,1,0,0,29.4,33.7,13.508000879120086,21.91004335915381,21.168686191048135,31.38470965295043,7,18,1.302,1.303,60,0.612,167,57,0.612,194,167,57,0.0,1,1,0
33,4,173,3,1.3029419201746593,medium,susceptible,0,1,0.0,-1,-1,0,1,0,0,29.4,33.7,13.508000879120086,21.91004335915381,21.168686191048135,31.38470965295043,7,18,1.302,1.303,60,0.612,167,57,0.612,194,167,57,0.0,1,1,0
33,5,173,3,1.3029419201746593,medium,susceptible,0,1,0.0,-1,-1,0,1,0,0,29.4,33.7,13.508000879120086,21.91004335915381,21.168686191048135,31.38470965295043,7,18,1.302,1.303,60,0.612,167,57,0.612,194,167,57,0.0,1,1,0
33,6,173,3,1.3029419201746593,medium,susceptible,0,1,0.0,-1,-1,0,1,0,0,29.4,33.7,13.508000879120086,21.91004335915381,21.168686191048135,31.38470965295043,7,18,1.302,1.303,60,0.612,167,57,0.612,194,167,57,0.0,1,1,0
33,7,173,3,1.3029419201746593,medium,susceptible,0,1,0.0,-1,-1,0,1,0,0,29.4,33.7,13.508000879120086,21.91004335915381,21.168686191048135,31.38470965295043,7,18,1.302,1.303,60,0.612,167,57,0.612,194,167,57,0.0,1,1,0
33,8,173,3,1.3029419201746593,medium,susceptible,0,1,0.0,-1,-1,0,1,0,0,29.4,33.7,13.508000879120086,21.91004335915381,21.168686191048135,31.38470965295043,7,18,1.302,1.303,60,0.612,167,57,0.612,194,167,57,0.0,1,1,0
33,9,173,3,1.3029419201746593,medium,susceptible,0,1,0.0,-1,-1,0,1,0,0,29.4,33.7,13.508000879120086,21.91004335915381,21.168686191048135,31.38470965295043,7,18,1.302,1.303,60,0.612,167,57,0.612,194,167,57,0.0,1,1,0
33,10,173,3,1.3029419201746593,medium,susceptible,0,1,0.0,-1,-1,0,1,0,0,29.4,33.7,13.508000879120086,21.91004335915381,21.168686191048135,31.38470965295043,7,18,1.302,1.303,60,0.612,167,57,0.612,194,167,57,0.0,1,1,0
33,11,173,3,1.3029419201746593,medium,susceptible,0,1,0.0,-1,-1,0,1,0,0,29.4,33.7,13.508000879120086,21.91004335915381,21.168686191048135,31.38470965295043,7,18,1.302,1.303,60,0.612,167,57,0.612,194,167,57,0.0,1,1,0
33,12,173,3,1.3029419201746593,medium,susceptible,0,1,0.0,-1,-1,0,1,0,0,29.4,33.7,13.508000879120086,21.91004335915381,21.168686191048135,31.38470965295043,7,18,1.302,1.303,60,0.612,167,57,0.612,194,167,57,0.0,1,1,0
33,13,173,3,1.3029419201746593,medium,susceptible,0,1,0.0,-1,-1,0,1,0,0,29.4,33.7,13.508000879120086,21.91004335915381,21.168686191048135,31.38470965295043,7,18,1.302,1.303,60,0.612,167,57,0.612,194,167,57,0.0,1,1,0
33,14,173,3,1.3029419201746593,medium,susceptible,0,1,0.0,-1,-1,0,1,0,0,29.4,33.7,13.508000879120086,21.91004335915381,21.168686191048135,31.38470965295043,7,18,1.302,1.303,60,0.612,167,57,0.612,194,167,57,0.0,1,1,0
33,15,173,3,1.3029419201746593,medium,susceptible,0,1,0.0,-1,-1,0,1,0,0,29.4,33.7,13.508000879120086,21.91004335915381,21.168686191048135,31.38470965295043,7,18,1.302,1.303,60,0.612,167,57,0.612,194,167,57,0.0,1,1,0
33,16,173,3,1.3029419201746593,medium,susceptible,0,1,0.0,-1,-1,0,1,0,0,29.4,33.7,13.508000879120086,21.91004335915381,21.168686191048135,31.38470965295043,7,18,1.302,1.303,60,0.612,167,57,0.612,194,167,57,0.0,1,1,0
33,17,173,3,1.3029419201746593,medium,susceptible,0,1,0.0,-1,-1,0,1,0,0,29.4,33.7,13.508000879120086,21.91004335915381,21.168686191048135,31.38470965295043,7,18,1.302,1.303,60,0.612,167,57,0.612,194,167,57,0.0,1,1,0
33,18,173,3,1.3029419201746593,medium,susceptible,0,1,0.0,-1,-1,0,1,0,0,29.4,33.7,13.508000879120086,21.91004335915381,21.168686191048135,31.38470965295043,7,18,1.302,1.303,60,0.612,167,57,0.612,194,167,57,0.0,1,1,0
33,19,173,3,1.3029419201746593,medium,susceptible,0,1,0.0,-1,-1,0,1,0,0,29.4,33.7,13.508000879120086,21.91004335915381,21.168686191048135,31.38470965295043,7,18,1.302,1.303,60,0.612,167,57,0.612,194,167,57,0.0,1,1,0
33,20,173,3,1.3029419201746593,medium,susceptible,0,1,0.0,-1,-1,0,1,0,0,29.4,33.7,13.508000879120086,21.91004335915381,21.168686191048135,31.38470965295043,7,18,1.302,1.303,60,0.612,167,57,0.612,194,167,57,0.0,1,1,0
33,21,173,3,1.3029419201746593,medium,susceptible,0,1,0.0,-1,-1,0,1,0,0,29.4,33.7,13.508000879120086,21.91004335915381,21.168686191048135,31.38470965295043,7,18,1.302,1.303,60,0.612,167,57,0.612,194,167,57,0.0,1,1,0
33,22,173,3,1.3029419201746593,medium,susceptible,0,1,0.0,-1,-1,0,1,0,0,29.4,33.7,13.508000879120086,21.91004335915381,21.168686191048135,31.38470965295043,7,18,1.302,1.303,60,0.612,167,57,0.612,194,167,57,0.0,1,1,0
33,23,173,3,1.3029419201746593,medium,susceptible,0,1,0.0,-1,-1,0,1,0,0,29.4,33.7,13.508000879120086,21.91004335915381,21.168686191048135,31.38470965295043,7,18,1.302,1.303,60,0.612,167,57,0.612,194,167,57,0.0,1,1,0
33,24,173,3,1.3029419201746593,medium,susceptible,0,1,0.0,-1,-1,0,1,0,0,29.4,33.7,13.508000879120086,21.91004335915381,21.168686191048135,31.38470965295043,7,18,1.302,1.303,60,0.612,167,57,0.612,194,167,57,0.0,1,1,0
33,25,173,3,1.3029419201746593,medium,susceptible,0,1,0.0,-1,-1,0,1,0,0,29.4,33.7,13.508000879120086,21.91004335915381,21.168686191048135,31.38470965295043,7,18,1.302,1.303,60,0.612,167,57,0.612,194,167,57,0.0,1,1,0
33,26,173,3,1.3029419201746593,medium,susceptible,0,1,0.0,-1,-1,0,1,0,0,29.4,33.7,13.508000879120086,21.91004335915381,21.168686191048135,31.38470965295043,7,18,1.302,1.303,60,0.612,167,57,0.612,194,167,57,0.0,1,1,0
33,27,173,3,1.3029419201746593,medium,susceptible,0,1,0.0,-1,-1,0,1,0,0,29.4,33.7,13.508000879120086,21.91004335915381,21.168686191048135,31.38470965295043,7,18,1.302,1.303,60,0.612,167,57,0.612,194,167,57,0.0,1,1,0
33,28,173,3,1.3029419201746593,medium,susceptible,0,1,0.0,-1,-1,0,1,0,0,29.4,33.7,13.508000879120086,21.91004335915381,21.168686191048135,31.38470965295043,7,18,1.302,1.303,60,0.612,167,57,0.612,194,167,57,0.0,1,1,0
33,29,173,3,1.3029419201746593,medium,susceptible,0,1,0.0,-1,-1,0,1,0,0,29.4,33.7,13.508000879120086,21.91004335915381,21.168686191048135,31.38470965295043,7,18,1.302,1.303,60,0.612,167,57,0.612,194,167,57,0.0,1,1,0
33,30,173,3,1.3029419201746593,medium,susceptible,0,1,0.0,-1,-1,0,1,0,0,29.4,33.7,13.508000879120086,21.91004335915381,21.168686191048135,31.38470965295043,7,18,1.302,1.303,60,0.612,167,57,0.608,196,168,57,0.0040000000000000036,1,1,0
33,31,173,3,1.3029419201746593,medium,infected,1,1,1.25,30,1,0,1,0,0,29.4,33.7,13.508000879120086,21.91004335915381,21.168686191048135,31.38470965295043,7,18,1.302,1.303,60,0.612,167,57,0.612,194,167,57,0.0,1,1,0
33,32,173,3,1.3029419201746593,medium,infected,1,1,11.45,30,2,0,1,0,0,29.4,33.7,13.508000879120086,21.91004335915381,21.168686191048135,31.38470965295043,7,18,1.302,1.303,60,0.612,167,57,0.612,194,167,57,0.0,1,1,0
33,33,173,3,1.3029419201746593,medium,infected,1,1,26.309,30,3,0,1,0,0,29.4,33.7,13.508000879120086,21.91004335915381,21.168686191048135,31.38470965295043,7,18,1.302,1.303,60,0.612,167,57,0.612,194,167,57,0.0,1,1,0
33,34,173,3,1.3029419201746593,medium,infected,1,1,36.797,30,4,0,1,0,0,29.4,33.7,13.508000879120086,21.91004335915381,21.168686191048135,31.38470965295043,7,18,1.302,1.303,60,0.612,167,57,0.612,194,167,57,0.0,1,1,0
33,35,173,3,1.3029419201746593,medium,infected,1,1,39.756,30,5,0,1,0,0,29.4,33.7,13.508000879120086,21.91004335915381,21.168686191048135,31.38470965295043,7,18,1.302,1.303,60,0.612,167,57,0.602,199,165,57,0.010000000000000009,1,1,0
33,36,173,3,1.3029419201746593,medium,infected,1,1,36.651,30,6,0,1,0,0,29.4,33.7,13.508000879120086,21.91004335915381,21.168686191048135,31.38470965295043,7,18,1.302,1.303,60,0.612,167,57,0.612,194,167,57,0.0,1,1,0
33,37,173,3,1.3029419201746593,medium,infected,1,1,30.345,30,7,0,1,0,0,29.4,33.7,13.508000879120086,21.91004335915381,21.168686191048135,31.38470965295043,7,18,1.302,1.303,60,0.612,167,57,0.612,194,167,57,0.0,1,1,0
33,38,173,3,1.3029419201746593,medium,infected,1,1,23.247,30,8,0,1,0,0,29.4,33.7,13.508000879120086,21.91004335915381,21.168686191048135,31.38470965295043,7,18,1.302,1.303,60,0.612,167,57,0.612,194,167,57,0.0,1,1,0
33,39,173,3,1.3029419201746593,medium,infected,1,1,16.792,30,9,0,1,0,0,29.4,33.7,13.508000879120086,21.91004335915381,21.168686191048135,31.38470965295043,7,18,1.302,1.303,60,0.612,167,57,0.612,194,167,57,0.0,1,1,0
34,0,193,2,1.3027277458408435,compromised,susceptible,0,1,0.0,-1,-1,0,0,0,1,25.6,17.4,17.6657397628612,34.81838594765703,26.51312578668142,40.718546143004666,7,18,1.302,1.303,60,0.612,167,57,0.612,194,167,57,0.0,1,1,0
34,1,193,2,1.3027277458408435,compromised,susceptible,0,1,0.0,-1,-1,0,0,0,1,25.6,17.4,17.6657397628612,34.81838594765703,26.51312578668142,40.718546143004666,7,18,1.302,1.303,60,0.612,167,57,0.612,194,167,57,0.0,1,1,0
34,2,193,2,1.3027277458408435,compromised,susceptible,0,1,0.0,-1,-1,0,0,0,1,25.6,17.4,17.6657397628612,34.81838594765703,26.51312578668142,40.718546143004666,7,18,1.302,1.303,60,0.612,167,57,0.612,194,167,57,0.0,1,1,0
34,3,193,2,1.3027277458408435,compromised,susceptible,0,1,0.0,-1,-1,0,0,0,1,25.6,17.4,17.6657397628612,34.81838594765703,26.51312578668142,40.718546143004666,7,18,1.302,1.303,60,0.612,167,57,0.612,194,167,57,0.0,1,1,0
34,4,193,2,1.3027277458408435,compromised,susceptible,0,1,0.0,-1,-1,0,0,0,1,25.6,17.4,17.6657397628612,34.81838594765703,26.51312578668142,40.718546143004666,7,18,1.302,1.303,60,0.612,167,57,0.612,194,167,57,0.0,1,1,0
34,5,193,2,1.3027277458408435,compromised,susceptible,0,1,0.0,-1,-1,0,0,0,1,25.6,17.4,17.6657397628612,34.81838594765703,26.51312578668142,40.718546143004666,7,18,1.302,1.303,60,0.612,167,57,0.612,194,167,57,0.0,1,1,0
34,6,193,2,1.3027277458408435,compromised,susceptible,0,1,0.0,-1,-1,0,0,0,1,25.6,17.4,17.6657397628612,34.81838594765703,26.51312578668142,40.718546143004666,7,18,1.302,1.303,60,0.612,167,57,0.612,194,167,57,0.0,1,1,0
34,7,193,2,1.3027277458408435,compromised,susceptible,0,1,0.0,-1,-1,0,0,0,1,25.6,17.4,17.6657397628612,34.81838594765703,26.51312578668142,40.718546143004666,7,18,1.302,1.303,60,0.612,167,57,0.612,194,167,57,0.0,1,1,0
34,8,193,2,1.3027277458408435,compromised,susceptible,0,1,0.0,-1,-1,0,0,0,1,25.6,17.4,17.6657397628612,34.81838594765703,26.51312578668142,40.718546143004666,7,18,1.302,1.303,60,0.612,167,57,0.612,194,167,57,0.0,1,1,0
34,9,193,2,1.3027277458408435,compromised,susceptible,0,1,0.0,-1,-1,0,0,0,1,25.6,17.4,17.6657397628612,34.81838594765703,26.51312578668142,40.718546143004666,7,18,1.302,1.303,60,0.612,167,57,0.612,194,167,57,0.0,1,1,0
34,10,193,2,1.3027277458408435,compromised,susceptible,0,1,0.0,-1,-1,0,0,0,1,25.6,17.4,17.6657397628612,34.81838594765703,26.51312578668142,40.718546143004666,7,18,1.302,1.303,60,0.612,167,57,0.612,194,167,57,0.0,1,1,0
34,11,193,2,1.3027277458408435,compromised,susceptible,0,1,0.0,-1,-1,0,0,0,1,25.6,17.4,17.6657397628612,34.81838594765703,26.51312578668142,40.718546143004666,7,18,1.302,1.303,60,0.612,167,57,0.612,194,167,57,0.0,1,1,0
34,12,193,2,1.3027277458408435,compromised,susceptible,0,1,0.0,-1,-1,0,0,0,1,25.6,17.4,17.6657397628612,34.81838594765703,26.51312578668142,40.718546143004666,7,18,1.302,1.303,60,0.612,167,57,0.612,194,167,57,0.0,1,1,0
34,13,193,2,1.3027277458408435,compromised,susceptible,0,1,0.0,-1,-1,0,0,0,1,25.6,17.4,17.6657397628612,34.81838594765703,26.51312578668142,40.718546143004666,7,18,1.302,1.303,60,0.612,167,57,0.612,194,167,57,0.0,1,1,0
34,14,193,2,1.3027277458408435,compromised,susceptible,0,1,0.0,-1,-1,0,0,0,1,25.6,17.4,17.6657397628612,34.81838594765703,26.51312578668142,40.718546143004666,7,18,1.302,1.303,60,0.612,167,57,0.612,194,167,57,0.0,1,1,0
34,15,193,2,1.3027277458408435,compromised,susceptible,0,1,0.0,-1,-1,0,0,0,1,25.6,17.4,17.6657397628612,34.81838594765703,26.51312578668142,40.718546143004666,7,18,1.302,1.303,60,0.612,167,57,0.612,194,167,57,0.0,1,1,0
34,16,193,2,1.3027277458408435,compromised,susceptible,0,1,0.0,-1,-1,0,0,0,1,25.6,17.4,17.6657397628612,34.81838594765703,26.51312578668142,40.718546143004666,7,18,1.302,1.303,60,0.612,167,57,0.612,194,167,57,0.0,1,1,0
34,17,193,2,1.3027277458408435,compromised,susceptible,0,1,0.0,-1,-1,0,0,0,1,25.6,17.4,17.6657397628612,34.81838594765703,26.51312578668142,40.718546143004666,7,18,1.302,1.303,60,0.612,167,57,0.612,194,167,57,0.0,1,1,0
34,18,193,2,1.3027277458408435,compromised,susceptible,0,1,0.0,-1,-1,0,0,0,1,25.6,17.4,17.6657397628612,34.81838594765703,26.51312578668142,40.718546143004666,7,18,1.302,1.303,60,0.612,167,57,0.612,194,167,57,0.0,1,1,0
34,19,193,2,1.3027277458408435,compromised,susceptible,0,1,0.0,-1,-1,0,0,0,1,25.6,17.4,17.6657397628612,34.81838594765703,26.51312578668142,40.718546143004666,7,18,1.302,1.303,60,0.612,167,57,0.612,194,167,57,0.0,1,1,0
34,20,193,2,1.3027277458408435,compromised,susceptible,0,1,0.0,-1,-1,0,0,0,1,25.6,17.4,17.6657397628612,34.81838594765703,26.51312578668142,40.718546143004666,7,18,1.302,1.303,60,0.612,167,57,0.612,194,167,57,0.0,1,1,0
34,21,193,2,1.3027277458408435,compromised,susceptible,0,1,0.0,-1,-1,0,0,0,1,25.6,17.4,17.6657397628612,34.81838594765703,26.51312578668142,40.718546143004666,7,18,1.302,1.303,60,0.612,167,57,0.612,194,167,57,0.0,1,1,0
34,22,193,2,1.3027277458408435,compromised,susceptible,0,1,0.0,-1,-1,0,0,0,1,25.6,17.4,17.6657397628612,34.81838594765703,26.51312578668142,40.718546143004666,7,18,1.302,1.303,60,0.612,167,57,0.612,194,167,57,0.0,1,1,0
34,23,193,2,1.3027277458408435,compromised,susceptible,0,1,0.0,-1,-1,0,0,0,1,25.6,17.4,17.6657397628612,34.81838594765703,26.51312578668142,40.718546143004666,7,18,1.302,1.303,60,0.612,167,57,0.612,194,167,57,0.0,1,1,0
34,24,193,2,1.3027277458408435,compromised,susceptible,0,1,0.0,-1,-1,0,0,0,1,25.6,17.4,17.6657397628612,34.81838594765703,26.51312578668142,40.718546143004666,7,18,1.302,1.303,60,0.612,167,57,0.612,194,167,57,0.0,1,1,0
34,25,193,2,1.3027277458408435,compromised,susceptible,0,1,0.0,-1,-1,0,0,0,1,25.6,17.4,17.6657397628612,34.81838594765703,26.51312578668142,40.718546143004666,7,18,1.302,1.303,60,0.612,167,57,0.612,194,167,57,0.0,1,1,0
34,26,193,2,1.3027277458408435,compromised,susceptible,0,1,0.0,-1,-1,0,0,0,1,25.6,17.4,17.6657397628612,34.81838594765703,26.51312578668142,40.718546143004666,7,18,1.302,1.303,60,0.612,167,57,0.612,194,167,57,0.0,1,1,0
34,27,193,2,1.3027277458408435,compromised,susceptible,0,1,0.0,-1,-1,0,0,0,1,25.6,17.4,17.6657397628612,34.81838594765703,26.51312578668142,40.718546143004666,7,18,1.302,1.303,60,0.612,167,57,0.612,194,167,57,0.0,1,1,0
34,28,193,2,1.3027277458408435,compromised,susceptible,0,1,0.0,-1,-1,0,0,0,1,25.6,17.4,17.6657397628612,34.81838594765703,26.51312578668142,40.718546143004666,7,18,1.302,1.303,60,0.612,167,57,0.612,194,167,57,0.0,1,1,0
34,29,193,2,1.3027277458408435,compromised,susceptible,0,1,0.0,-1,-1,0,0,0,1,25.6,17.4,17.6657397628612,34.81838594765703,26.51312578668142,40.718546143004666,7,18,1.302,1.303,60,0.612,167,57,0.612,194,167,57,0.0,1,1,0
34,30,193,2,1.3027277458408435,compromised,susceptible,0,1,0.0,-1,-1,0,0,0,1,25.6,17.4,17.6657397628612,34.81838594765703,26.51312578668142,40.718546143004666,7,18,1.302,1.303,60,0.612,167,57,0.612,194,167,57,0.0,1,1,0
34,31,193,2,1.3027277458408435,compromised,susceptible,0,1,0.0,-1,-1,0,0,0,1,25.6,17.4,17.6657397628612,34.81838594765703,26.51312578668142,40.718546143004666,7,18,1.302,1.303,60,0.612,167,57,0.612,194,167,57,0.0,1,1,0
34,32,193,2,1.3027277458408435,compromised,susceptible,0,1,0.0,-1,-1,0,0,0,1,25.6,17.4,17.6657397628612,34.81838594765703,26.51312578668142,40.718546143004666,7,18,1.302,1.303,60,0.612,167,57,0.612,194,167,57,0.0,1,1,0
34,33,193,2,1.3027277458408435,compromised,susceptible,0,1,0.0,-1,-1,0,0,0,1,25.6,17.4,17.6657397628612,34.81838594765703,26.51312578668142,40.718546143004666,7,18,1.302,1.303,60,0.612,167,57,0.612,194,167,57,0.0,1,1,0
34,34,193,2,1.3027277458408435,compromised,susceptible,0,1,0.0,-1,-1,0,0,0,1,25.6,17.4,17.6657397628612,34.81838594765703,26.51312578668142,40.718546143004666,7,18,1.302,1.303,60,0.612,167,57,0.612,194,167,57,0.0,1,1,0
34,35,193,2,1.3027277458408435,compromised,susceptible,0,1,0.0,-1,-1,0,0,0,1,25.6,17.4,17.6657397628612,34.81838594765703,26.51312578668142,40.718546143004666,7,18,1.302,1.303,60,0.612,167,57,0.612,194,167,57,0.0,1,1,0
34,36,193,2,1.3027277458408435,compromised,susceptible,0,1,0.0,-1,-1,0,0,0,1,25.6,17.4,17.6657397628612,34.81838594765703,26.51312578668142,40.718546143004666,7,18,1.302,1.303,60,0.612,167,57,0.612,194,167,57,0.0,1,1,0
34,37,193,2,1.3027277458408435,compromised,susceptible,0,1,0.0,-1,-1,0,0,0,1,25.6,17.4,17.6657397628612,34.81838594765703,26.51312578668142,40.718546143004666,7,18,1.302,1.303,60,0.612,167,57,0.612,194,167,57,0.0,1,1,0
34,38,193,2,1.3027277458408435,compromised,susceptible,0,1,0.0,-1,-1,0,0,0,1,25.6,17.4,17.6657397628612,34.81838594765703,26.51312578668142,40.718546143004666,7,18,1.302,1.303,60,0.612,167,57,0.612,194,167,57,0.0,1,1,0
34,39,193,2,1.3027277458408435,compromised,susceptible,0,1,0.0,-1,-1,0,0,0,1,25.6,17.4,17.6657397628612,34.81838594765703,26.51312578668142,40.718546143004666,7,18,1.302,1.303,60,0.612,167,57,0.612,194,167,57,0.0,1,1,0
35,0,126,2,1.3021510463568409,strong,susceptible,0,1,0.0,-1,-1,1,0,0,0,31.1,28.3,17.419172099591623,28.208154849263007,21.484364774353875,42.20189569201838,7,18,1.302,1.303,60,0.612,167,57,0.612,194,167,57,0.0,1,1,0
35,1,126,2,1.3021510463568409,strong,susceptible,0,1,0.0,-1,-1,1,0,0,0,31.1,28.3,17.419172099591623,28.208154849263007,21.484364774353875,42.20189569201838,7,18,1.302,1.303,60,0.612,167,57,0.612,194,167,57,0.0,1,1,0
35,2,126,2,1.3021510463568409,strong,susceptible,0,1,0.0,-1,-1,1,0,0,0,31.1,28.3,17.419172099591623,28.208154849263007,21.484364774353875,42.20189569201838,7,18,1.302,1.303,60,0.612,167,57,0.612,194,167,57,0.0,1,1,0
35,3,126,2,1.3021510463568409,strong,susceptible,0,1,0.0,-1,-1,1,0,0,0,31.1,28.3,17.419172099591623,28.208154849263007,21.484364774353875,42.20189569201838,7,18,1.302,1.303,60,0.612,167,57,0.612,194,167,57,0.0,1,1,0
35,4,126,2,1.3021510463568409,strong,susceptible,0,1,0.0,-1,-1,1,0,0,0,31.1,28.3,17.419172099591623,28.208154849263007,21.484364774353875,42.20189569201838,7,18,1.302,1.303,60,0.612,167,57,0.612,194,167,57,0.0,1,1,0
35,5,126,2,1.3021510463568409,strong,susceptible,0,1,0.0,-1,-1,1,0,0,0,31.1,28.3,17.419172099591623,28.208154849263007,21.484364774353875,42.20189569201838,7,18,1.302,1.303,60,0.612,167,57,0.612,194,167,57,0.0,1,1,0
35,6,126,2,1.3021510463568409,strong,susceptible,0,1,0.0,-1,-1,1,0,0,0,31.1,28.3,17.419172099591623,28.208154849263007,21.484364774353875,42.20189569201838,7,18,1.302,1.303,60,0.612,167,57,0.612,194,167,57,0.0,1,1,0
35,7,126,2,1.3021510463568409,strong,susceptible,0,1,0.0,-1,-1,1,0,0,0,31.1,28.3,17.419172099591623,28.208154849263007,21.484364774353875,42.20189569201838,7,18,1.302,1.303,60,0.612,167,57,0.612,194,167,57,0.0,1,1,0
35,8,126,2,1.3021510463568409,strong,susceptible,0,1,0.0,-1,-1,1,0,0,0,31.1,28.3,17.419172099591623,28.208154849263007,21.484364774353875,42.20189569201838,7,18,1.302,1.303,60,0.612,167,57,0.612,194,167,57,0.0,1,1,0
35,9,126,2,1.3021510463568409,strong,susceptible,0,1,0.0,-1,-1,1,0,0,0,31.1,28.3,17.419172099591623,28.208154849263007,21.484364774353875,42.20189569201838,7,18,1.302,1.303,60,0.612,167,57,0.612,194,167,57,0.0,1,1,0
35,10,126,2,1.3021510463568409,strong,susceptible,0,1,0.0,-1,-1,1,0,0,0,31.1,28.3,17.419172099591623,28.208154849263007,21.484364774353875,42.20189569201838,7,18,1.302,1.303,60,0.612,167,57,0.612,194,167,57,0.0,1,1,0
35,11,126,2,1.3021510463568409,strong,susceptible,0,1,0.0,-1,-1,1,0,0,0,31.1,28.3,17.419172099591623,28.208154849263007,21.484364774353875,42.20189569201838,7,18,1.302,1.303,60,0.612,167,57,0.612,194,167,57,0.0,1,1,0
35,12,126,2,1.3021510463568409,strong,susceptible,0,1,0.0,-1,-1,1,0,0,0,31.1,28.3,17.419172099591623,28.208154849263007,21.484364774353875,42.20189569201838,7,18,1.302,1.303,60,0.612,167,57,0.612,194,167,57,0.0,1,1,0
35,13,126,2,1.3021510463568409,strong,susceptible,0,1,0.0,-1,-1,1,0,0,0,31.1,28.3,17.419172099591623,28.208154849263007,21.484364774353875,42.20189569201838,7,18,1.302,1.303,60,0.612,167,57,0.612,194,167,57,0.0,1,1,0
35,14,126,2,1.3021510463568409,strong,susceptible,0,1,0.0,-1,-1,1,0,0,0,31.1,28.3,17.419172099591623,28.208154849263007,21.484364774353875,42.20189569201838,7,18,1.302,1.303,60,0.612,167,57,0.612,194,167,57,0.0,1,1,0
35,15,126,2,1.3021510463568409,strong,susceptible,0,1,0.0,-1,-1,1,0,0,0,31.1,28.3,17.419172099591623,28.208154849263007,21.484364774353875,42.20189569201838,7,18,1.302,1.303,60,0.612,167,57,0.612,194,167,57,0.0,1,1,0
35,16,126,2,1.3021510463568409,strong,susceptible,0,1,0.0,-1,-1,1,0,0,0,31.1,28.3,17.419172099591623,28.208154849263007,21.484364774353875,42.20189569201838,7,18,1.302,1.303,60,0.612,167,57,0.612,194,167,57,0.0,1,1,0
35,17,126,2,1.3021510463568409,strong,susceptible,0,1,0.0,-1,-1,1,0,0,0,31.1,28.3,17.419172099591623,28.208154849263007,21.484364774353875,42.20189569201838,7,18,1.302,1.303,60,0.612,167,57,0.612,194,167,57,0.0,1,1,0
35,18,126,2,1.3021510463568409,strong,susceptible,0,1,0.0,-1,-1,1,0,0,0,31.1,28.3,17.419172099591623,28.208154849263007,21.484364774353875,42.20189569201838,7,18,1.302,1.303,60,0.612,167,57,0.612,194,167,57,0.0,1,1,0
35,19,126,2,1.3021510463568409,strong,susceptible,0,1,0.0,-1,-1,1,0,0,0,31.1,28.3,17.419172099591623,28.208154849263007,21.484364774353875,42.20189569201838,7,18,1.302,1.303,60,0.612,167,57,0.612,194,167,57,0.0,1,1,0
35,20,126,2,1.3021510463568409,strong,susceptible,0,1,0.0,-1,-1,1,0,0,0,31.1,28.3,17.419172099591623,28.208154849263007,21.484364774353875,42.20189569201838,7,18,1.302,1.303,60,0.612,167,57,0.612,194,167,57,0.0,1,1,0
35,21,126,2,1.3021510463568409,strong,susceptible,0,1,0.0,-1,-1,1,0,0,0,31.1,28.3,17.419172099591623,28.208154849263007,21.484364774353875,42.20189569201838,7,18,1.302,1.303,60,0.612,167,57,0.612,194,167,57,0.0,1,1,0
35,22,126,2,1.3021510463568409,strong,susceptible,0,1,0.0,-1,-1,1,0,0,0,31.1,28.3,17.419172099591623,28.208154849263007,21.484364774353875,42.20189569201838,7,18,1.302,1.303,60,0.612,167,57,0.612,194,167,57,0.0,1,1,0
35,23,126,2,1.3021510463568409,strong,susceptible,0,1,0.0,-1,-1,1,0,0,0,31.1,28.3,17.419172099591623,28.208154849263007,21.484364774353875,42.20189569201838,7,18,1.302,1.303,60,0.612,167,57,0.612,194,167,57,0.0,1,1,0
35,24,126,2,1.3021510463568409,strong,susceptible,0,1,0.0,-1,-1,1,0,0,0,31.1,28.3,17.419172099591623,28.208154849263007,21.484364774353875,42.20189569201838,7,18,1.302,1.303,60,0.612,167,57,0.612,194,167,57,0.0,1,1,0
35,25,126,2,1.3021510463568409,strong,susceptible,0,1,0.0,-1,-1,1,0,0,0,31.1,28.3,17.419172099591623,28.208154849263007,21.484364774353875,42.20189569201838,7,18,1.302,1.303,60,0.612,167,57,0.612,194,167,57,0.0,1,1,0
35,26,126,2,1.3021510463568409,strong,infected,1,1,0.285,25,1,1,0,0,0,31.1,28.3,17.419172099591623,28.208154849263007,21.484364774353875,42.20189569201838,7,18,1.302,1.303,60,0.612,167,57,0.612,194,167,57,0.0,1,1,0
35,27,126,2,1.3021510463568409,strong,infected,1,1,5.293,25,2,1,0,0,0,31.1,28.3,17.419172099591623,28.208154849263007,21.484364774353875,42.20189569201838,7,18,1.302,1.303,60,0.612,167,57,0.612,194,167,57,0.0,1,1,0
35,28,126,2,1.3021510463568409,strong,infected,1,1,13.577,25,3,1,0,0,0,31.1,28.3,17.419172099591623,28.208154849263007,21.484364774353875,42.20189569201838,7,18,1.302,1.303,60,0.612,167,57,0.612,194,167,57,0.0,1,1,0
35,29,126,2,1.3021510463568409,strong,infected,1,1,18.358,25,4,1,0,0,0,31.1,28.3,17.419172099591623,28.208154849263007,21.484364774353875,42.20189569201838,7,18,1.302,1.303,60,0.612,167,57,0.612,194,167,57,0.0,1,1,0
35,30,126,2,1.3021510463568409,strong,infected,1,1,18.002,25,5,1,0,0,0,31.1,28.3,17.419172099591623,28.208154849263007,21.484364774353875,42.20189569201838,7,18,1.302,1.303,60,0.612,167,57,0.612,194,167,57,0.0,1,1,0
35,31,126,2,1.3021510463568409,strong,infected,1,1,14.546,25,6,1,0,0,0,31.1,28.3,17.419172099591623,28.208154849263007,21.484364774353875,42.20189569201838,7,18,1.302,1.303,60,0.612,167,57,0.612,194,167,57,0.0,1,1,0
35,32,126,2,1.3021510463568409,strong,infected,1,1,10.325,25,7,1,0,0,0,31.1,28.3,17.419172099591623,28.208154849263007,21.484364774353875,42.20189569201838,7,18,1.302,1.303,60,0.612,167,57,0.612,194,167,57,0.0,1,1,0
35,33,126,2,1.3021510463568409,strong,infected,1,1,6.678,25,8,1,0,0,0,31.1,28.3,17.419172099591623,28.208154849263007,21.484364774353875,42.20189569201838,7,18,1.302,1.303,60,0.612,167,57,0.612,194,167,57,0.0,1,1,0
35,34,126,2,1.3021510463568409,strong,infected,1,1,4.028,25,9,1,0,0,0,31.1,28.3,17.419172099591623,28.208154849263007,21.484364774353875,42.20189569201838,7,18,1.302,1.303,60,0.612,167,57,0.612,194,167,57,0.0,1,1,0
35,35,126,2,1.3021510463568409,strong,infected,1,1,2.301,25,10,1,0,0,0,31.1,28.3,17.419172099591623,28.208154849263007,21.484364774353875,42.20189569201838,7,18,1.302,1.303,60,0.612,167,57,0.612,194,167,57,0.0,1,1,0
35,36,126,2,1.3021510463568409,strong,infected,1,1,1.258,25,11,1,0,0,0,31.1,28.3,17.419172099591623,28.208154849263007,21.484364774353875,42.20189569201838,7,18,1.302,1.303,60,0.612,167,57,0.612,194,167,57,0.0,1,1,0
35,37,126,2,1.3021510463568409,strong,infected,1,1,0.664,25,12,1,0,0,0,31.1,28.3,17.419172099591623,28.208154849263007,21.484364774353875,42.20189569201838,7,18,1.302,1.303,60,0.612,167,57,0.612,194,167,57,0.0,1,1,0
35,38,126,2,1.3021510463568409,strong,recovered,2,1,0.527,25,13,1,0,0,0,31.1,28.3,17.419172099591623,28.208154849263007,21.484364774353875,42.20189569201838,7,18,1.302,1.303,60,0.612,167,57,0.612,194,167,57,0.0,1,1,0
35,39,126,2,1.3021510463568409,strong,recovered,2,1,0.527,25,14,1,0,0,0,31.1,28.3,17.419172099591623,28.208154849263007,21.484364774353875,42.20189569201838,7,18,1.302,1.303,60,0.612,167,57,0.612,194,167,57,0.0,1,1,0
36,0,55,5,1.3028494213031476,strong,susceptible,0,1,0.0,-1,-1,1,0,0,0,22.0,31.7,15.0723201946054,31.22963336320169,22.029170784902032,53.150729063673246,7,18,1.302,1.303,60,0.612,167,57,0.612,194,167,57,0.0,1,1,0
36,1,55,5,1.3028494213031476,strong,susceptible,0,1,0.0,-1,-1,1,0,0,0,22.0,31.7,15.0723201946054,31.22963336320169,22.029170784902032,53.150729063673246,7,18,1.302,1.303,60,0.612,167,57,0.612,194,167,57,0.0,1,1,0
36,2,55,5,1.3028494213031476,strong,susceptible,0,1,0.0,-1,-1,1,0,0,0,22.0,31.7,15.0723201946054,31.22963336320169,22.029170784902032,53.150729063673246,7,18,1.302,1.303,60,0.612,167,57,0.612,194,167,57,0.0,1,1,0
36,3,55,5,1.3028494213031476,strong,susceptible,0,1,0.0,-1,-1,1,0,0,0,22.0,31.7,15.0723201946054,31.22963336320169,22.029170784902032,53.150729063673246,7,18,1.302,1.303,60,0.612,167,57,0.612,194,167,57,0.0,1,1,0
36,4,55,5,1.3028494213031476,strong,susceptible,0,1,0.0,-1,-1,1,0,0,0,22.0,31.7,15.0723201946054,31.22963336320169,22.029170784902032,53.150729063673246,7,18,1.302,1.303,60,0.612,167,57,0.612,194,167,57,0.0,1,1,0
36,5,55,5,1.3028494213031476,strong,susceptible,0,1,0.0,-1,-1,1,0,0,0,22.0,31.7,15.0723201946054,31.22963336320169,22.029170784902032,53.150729063673246,7,18,1.302,1.303,60,0.612,167,57,0.612,194,167,57,0.0,1,1,0
36,6,55,5,1.3028494213031476,strong,susceptible,0,1,0.0,-1,-1,1,0,0,0,22.0,31.7,15.0723201946054,31.22963336320169,22.029170784902032,53.150729063673246,7,18,1.302,1.303,60,0.612,167,57,0.612,194,167,57,0.0,1,1,0
36,7,55,5,1.3028494213031476,strong,susceptible,0,1,0.0,-1,-1,1,0,0,0,22.0,31.7,15.0723201946054,31.22963336320169,22.029170784902032,53.150729063673246,7,18,1.302,1.303,60,0.612,167,57,0.612,194,167,57,0.0,1,1,0
36,8,55,5,1.3028494213031476,strong,susceptible,0,1,0.0,-1,-1,1,0,0,0,22.0,31.7,15.0723201946054,31.22963336320169,22.029170784902032,53.150729063673246,7,18,1.302,1.303,60,0.612,167,57,0.612,194,167,57,0.0,1,1,0
36,9,55,5,1.3028494213031476,strong,susceptible,0,1,0.0,-1,-1,1,0,0,0,22.0,31.7,15.0723201946054,31.22963336320169,22.029170784902032,53.150729063673246,7,18,1.302,1.303,60,0.612,167,57,0.612,194,167,57,0.0,1,1,0
36,10,55,5,1.3028494213031476,strong,susceptible,0,1,0.0,-1,-1,1,0,0,0,22.0,31.7,15.0723201946054,31.22963336320169,22.029170784902032,53.150729063673246,7,18,1.302,1.303,60,0.612,167,57,0.612,194,167,57,0.0,1,1,0
36,11,55,5,1.3028494213031476,strong,susceptible,0,1,0.0,-1,-1,1,0,0,0,22.0,31.7,15.0723201946054,31.22963336320169,22.029170784902032,53.150729063673246,7,18,1.302,1.303,60,0.612,167,57,0.612,194,167,57,0.0,1,1,0
36,12,55,5,1.3028494213031476,strong,susceptible,0,1,0.0,-1,-1,1,0,0,0,22.0,31.7,15.0723201946054,31.22963336320169,22.029170784902032,53.150729063673246,7,18,1.302,1.303,60,0.612,167,57,0.612,194,167,57,0.0,1,1,0
36,13,55,5,1.3028494213031476,strong,susceptible,0,1,0.0,-1,-1,1,0,0,0,22.0,31.7,15.0723201946054,31.22963336320169,22.029170784902032,53.150729063673246,7,18,1.302,1.303,60,0.612,167,57,0.612,194,167,57,0.0,1,1,0
36,14,55,5,1.3028494213031476,strong,susceptible,0,1,0.0,-1,-1,1,0,0,0,22.0,31.7,15.0723201946054,31.22963336320169,22.029170784902032,53.150729063673246,7,18,1.302,1.303,60,0.612,167,57,0.612,194,167,57,0.0,1,1,0
36,15,55,5,1.3028494213031476,strong,susceptible,0,1,0.0,-1,-1,1,0,0,0,22.0,31.7,15.0723201946054,31.22963336320169,22.029170784902032,53.150729063673246,7,18,1.302,1.303,60,0.612,167,57,0.612,194,167,57,0.0,1,1,0
36,16,55,5,1.3028494213031476,strong,susceptible,0,1,0.0,-1,-1,1,0,0,0,22.0,31.7,15.0723201946054,31.22963336320169,22.029170784902032,53.150729063673246,7,18,1.302,1.303,60,0.612,167,57,0.612,194,167,57,0.0,1,1,0
36,17,55,5,1.3028494213031476,strong,susceptible,0,1,0.0,-1,-1,1,0,0,0,22.0,31.7,15.0723201946054,31.22963336320169,22.029170784902032,53.150729063673246,7,18,1.302,1.303,60,0.612,167,57,0.612,194,167,57,0.0,1,1,0
36,18,55,5,1.3028494213031476,strong,susceptible,0,1,0.0,-1,-1,1,0,0,0,22.0,31.7,15.0723201946054,31.22963336320169,22.029170784902032,53.150729063673246,7,18,1.302,1.303,60,0.612,167,57,0.612,194,167,57,0.0,1,1,0
36,19,55,5,1.3028494213031476,strong,susceptible,0,1,0.0,-1,-1,1,0,0,0,22.0,31.7,15.0723201946054,31.22963336320169,22.029170784902032,53.150729063673246,7,18,1.302,1.303,60,0.612,167,57,0.612,194,167,57,0.0,1,1,0
36,20,55,5,1.3028494213031476,strong,susceptible,0,1,0.0,-1,-1,1,0,0,0,22.0,31.7,15.0723201946054,31.22963336320169,22.029170784902032,53.150729063673246,7,18,1.302,1.303,60,0.612,167,57,0.612,194,167,57,0.0,1,1,0
36,21,55,5,1.3028494213031476,strong,susceptible,0,1,0.0,-1,-1,1,0,0,0,22.0,31.7,15.0723201946054,31.22963336320169,22.029170784902032,53.150729063673246,7,18,1.302,1.303,60,0.612,167,57,0.612,194,167,57,0.0,1,1,0
36,22,55,5,1.3028494213031476,strong,susceptible,0,1,0.0,-1,-1,1,0,0,0,22.0,31.7,15.0723201946054,31.22963336320169,22.029170784902032,53.150729063673246,7,18,1.302,1.303,60,0.612,167,57,0.612,194,167,57,0.0,1,1,0
36,23,55,5,1.3028494213031476,strong,susceptible,0,1,0.0,-1,-1,1,0,0,0,22.0,31.7,15.0723201946054,31.22963336320169,22.029170784902032,53.150729063673246,7,18,1.302,1.303,60,0.612,167,57,0.612,194,167,57,0.0,1,1,0
36,24,55,5,1.3028494213031476,strong,susceptible,0,1,0.0,-1,-1,1,0,0,0,22.0,31.7,15.0723201946054,31.22963336320169,22.029170784902032,53.150729063673246,7,18,1.302,1.303,60,0.612,167,57,0.612,194,167,57,0.0,1,1,0
36,25,55,5,1.3028494213031476,strong,susceptible,0,1,0.0,-1,-1,1,0,0,0,22.0,31.7,15.0723201946054,31.22963336320169,22.029170784902032,53.150729063673246,7,18,1.302,1.303,60,0.612,167,57,0.612,194,167,57,0.0,1,1,0
36,26,55,5,1.3028494213031476,strong,susceptible,0,1,0.0,-1,-1,1,0,0,0,22.0,31.7,15.0723201946054,31.22963336320169,22.029170784902032,53.150729063673246,7,18,1.302,1.303,60,0.612,167,57,0.612,194,167,57,0.0,1,1,0
36,27,55,5,1.3028494213031476,strong,susceptible,0,1,0.0,-1,-1,1,0,0,0,22.0,31.7,15.0723201946054,31.22963336320169,22.029170784902032,53.150729063673246,7,18,1.302,1.303,60,0.612,167,57,0.612,194,167,57,0.0,1,1,0
36,28,55,5,1.3028494213031476,strong,susceptible,0,1,0.0,-1,-1,1,0,0,0,22.0,31.7,15.0723201946054,31.22963336320169,22.029170784902032,53.150729063673246,7,18,1.302,1.303,60,0.612,167,57,0.612,194,167,57,0.0,1,1,0
36,29,55,5,1.3028494213031476,strong,susceptible,0,1,0.0,-1,-1,1,0,0,0,22.0,31.7,15.0723201946054,31.22963336320169,22.029170784902032,53.150729063673246,7,18,1.302,1.303,60,0.612,167,57,0.612,194,167,57,0.0,1,1,0
36,30,55,5,1.3028494213031476,strong,susceptible,0,1,0.0,-1,-1,1,0,0,0,22.0,31.7,15.0723201946054,31.22963336320169,22.029170784902032,53.150729063673246,7,18,1.302,1.303,60,0.612,167,57,0.612,194,167,57,0.0,1,1,0
36,31,55,5,1.3028494213031476,strong,susceptible,0,1,0.0,-1,-1,1,0,0,0,22.0,31.7,15.0723201946054,31.22963336320169,22.029170784902032,53.150729063673246,7,18,1.302,1.303,60,0.612,167,57,0.612,194,167,57,0.0,1,1,0
36,32,55,5,1.3028494213031476,strong,susceptible,0,1,0.0,-1,-1,1,0,0,0,22.0,31.7,15.0723201946054,31.22963336320169,22.029170784902032,53.150729063673246,7,18,1.302,1.303,60,0.612,167,57,0.612,194,167,57,0.0,1,1,0
36,33,55,5,1.3028494213031476,strong,susceptible,0,1,0.0,-1,-1,1,0,0,0,22.0,31.7,15.0723201946054,31.22963336320169,22.029170784902032,53.150729063673246,7,18,1.302,1.303,60,0.612,167,57,0.612,194,167,57,0.0,1,1,0
36,34,55,5,1.3028494213031476,strong,susceptible,0,1,0.0,-1,-1,1,0,0,0,22.0,31.7,15.0723201946054,31.22963336320169,22.029170784902032,53.150729063673246,7,18,1.302,1.303,60,0.612,167,57,0.612,194,167,57,0.0,1,1,0
36,35,55,5,1.3028494213031476,strong,susceptible,0,1,0.0,-1,-1,1,0,0,0,22.0,31.7,15.0723201946054,31.22963336320169,22.029170784902032,53.150729063673246,7,18,1.302,1.303,60,0.612,167,57,0.612,194,167,57,0.0,1,1,0
36,36,55,5,1.3028494213031476,strong,susceptible,0,1,0.0,-1,-1,1,0,0,0,22.0,31.7,15.0723201946054,31.22963336320169,22.029170784902032,53.150729063673246,7,18,1.302,1.303,60,0.612,167,57,0.612,194,167,57,0.0,1,1,0
36,37,55,5,1.3028494213031476,strong,susceptible,0,1,0.0,-1,-1,1,0,0,0,22.0,31.7,15.0723201946054,31.22963336320169,22.029170784902032,53.150729063673246,7,18,1.302,1.303,60,0.612,167,57,0.612,194,167,57,0.0,1,1,0
36,38,55,5,1.3028494213031476,strong,susceptible,0,1,0.0,-1,-1,1,0,0,0,22.0,31.7,15.0723201946054,31.22963336320169,22.029170784902032,53.150729063673246,7,18,1.302,1.303,60,0.612,167,57,0.612,194,167,57,0.0,1,1,0
36,39,55,5,1.3028494213031476,strong,susceptible,0,1,0.0,-1,-1,1,0,0,0,22.0,31.7,15.0723201946054,31.22963336320169,22.029170784902032,53.150729063673246,7,18,1.302,1.303,60,0.612,167,57,0.612,194,167,57,0.0,1,1,0
37,0,183,3,1.302183335823169,strong,susceptible,0,1,0.0,-1,-1,1,0,0,0,17.0,20.5,18.83706978519364,30.153772566629204,26.20779065631259,46.010868281309364,7,18,1.302,1.303,60,0.612,167,57,0.612,194,167,57,0.0,1,1,0
37,1,183,3,1.302183335823169,strong,susceptible,0,1,0.0,-1,-1,1,0,0,0,17.0,20.5,18.83706978519364,30.153772566629204,26.20779065631259,46.010868281309364,7,18,1.302,1.303,60,0.612,167,57,0.612,194,167,57,0.0,1,1,0
37,2,183,3,1.302183335823169,strong,susceptible,0,1,0.0,-1,-1,1,0,0,0,17.0,20.5,18.83706978519364,30.153772566629204,26.20779065631259,46.010868281309364,7,18,1.302,1.303,60,0.612,167,57,0.612,194,167,57,0.0,1,1,0
37,3,183,3,1.302183335823169,strong,susceptible,0,1,0.0,-1,-1,1,0,0,0,17.0,20.5,18.83706978519364,30.153772566629204,26.20779065631259,46.010868281309364,7,18,1.302,1.303,60,0.612,167,57,0.612,194,167,57,0.0,1,1,0
37,4,183,3,1.302183335823169,strong,susceptible,0,1,0.0,-1,-1,1,0,0,0,17.0,20.5,18.83706978519364,30.153772566629204,26.20779065631259,46.010868281309364,7,18,1.302,1.303,60,0.612,167,57,0.612,194,167,57,0.0,1,1,0
37,5,183,3,1.302183335823169,strong,susceptible,0,1,0.0,-1,-1,1,0,0,0,17.0,20.5,18.83706978519364,30.153772566629204,26.20779065631259,46.010868281309364,7,18,1.302,1.303,60,0.612,167,57,0.612,194,167,57,0.0,1,1,0
37,6,183,3,1.302183335823169,strong,susceptible,0,1,0.0,-1,-1,1,0,0,0,17.0,20.5,18.83706978519364,30.153772566629204,26.20779065631259,46.010868281309364,7,18,1.302,1.303,60,0.612,167,57,0.612,194,167,57,0.0,1,1,0
37,7,183,3,1.302183335823169,strong,susceptible,0,1,0.0,-1,-1,1,0,0,0,17.0,20.5,18.83706978519364,30.153772566629204,26.20779065631259,46.010868281309364,7,18,1.302,1.303,60,0.612,167,57,0.612,194,167,57,0.0,1,1,0
37,8,183,3,1.302183335823169,strong,susceptible,0,1,0.0,-1,-1,1,0,0,0,17.0,20.5,18.83706978519364,30.153772566629204,26.20779065631259,46.010868281309364,7,18,1.302,1.303,60,0.612,167,57,0.612,194,167,57,0.0,1,1,0
37,9,183,3,1.302183335823169,strong,susceptible,0,1,0.0,-1,-1,1,0,0,0,17.0,20.5,18.83706978519364,30.153772566629204,26.20779065631259,46.010868281309364,7,18,1.302,1.303,60,0.612,167,57,0.612,194,167,57,0.0,1,1,0
37,10,183,3,1.302183335823169,strong,susceptible,0,1,0.0,-1,-1,1,0,0,0,17.0,20.5,18.83706978519364,30.153772566629204,26.20779065631259,46.010868281309364,7,18,1.302,1.303,60,0.612,167,57,0.612,194,167,57,0.0,1,1,0
37,11,183,3,1.302183335823169,strong,susceptible,0,1,0.0,-1,-1,1,0,0,0,17.0,20.5,18.83706978519364,30.153772566629204,26.20779065631259,46.010868281309364,7,18,1.302,1.303,60,0.612,167,57,0.612,194,167,57,0.0,1,1,0
37,12,183,3,1.302183335823169,strong,susceptible,0,1,0.0,-1,-1,1,0,0,0,17.0,20.5,18.83706978519364,30.153772566629204,26.20779065631259,46.010868281309364,7,18,1.302,1.303,60,0.612,167,57,0.612,194,167,57,0.0,1,1,0
37,13,183,3,1.302183335823169,strong,susceptible,0,1,0.0,-1,-1,1,0,0,0,17.0,20.5,18.83706978519364,30.153772566629204,26.20779065631259,46.010868281309364,7,18,1.302,1.303,60,0.612,167,57,0.612,194,167,57,0.0,1,1,0
37,14,183,3,1.302183335823169,strong,susceptible,0,1,0.0,-1,-1,1,0,0,0,17.0,20.5,18.83706978519364,30.153772566629204,26.20779065631259,46.010868281309364,7,18,1.302,1.303,60,0.612,167,57,0.612,194,167,57,0.0,1,1,0
37,15,183,3,1.302183335823169,strong,susceptible,0,1,0.0,-1,-1,1,0,0,0,17.0,20.5,18.83706978519364,30.153772566629204,26.20779065631259,46.010868281309364,7,18,1.302,1.303,60,0.612,167,57,0.612,194,167,57,0.0,1,1,0
37,16,183,3,1.302183335823169,strong,susceptible,0,1,0.0,-1,-1,1,0,0,0,17.0,20.5,18.83706978519364,30.153772566629204,26.20779065631259,46.010868281309364,7,18,1.302,1.303,60,0.612,167,57,0.612,194,167,57,0.0,1,1,0
37,17,183,3,1.302183335823169,strong,susceptible,0,1,0.0,-1,-1,1,0,0,0,17.0,20.5,18.83706978519364,30.153772566629204,26.20779065631259,46.010868281309364,7,18,1.302,1.303,60,0.612,167,57,0.612,194,167,57,0.0,1,1,0
37,18,183,3,1.302183335823169,strong,susceptible,0,1,0.0,-1,-1,1,0,0,0,17.0,20.5,18.83706978519364,30.153772566629204,26.20779065631259,46.010868281309364,7,18,1.302,1.303,60,0.612,167,57,0.612,194,167,57,0.0,1,1,0
37,19,183,3,1.302183335823169,strong,susceptible,0,1,0.0,-1,-1,1,0,0,0,17.0,20.5,18.83706978519364,30.153772566629204,26.20779065631259,46.010868281309364,7,18,1.302,1.303,60,0.612,167,57,0.612,194,167,57,0.0,1,1,0
37,20,183,3,1.302183335823169,strong,susceptible,0,1,0.0,-1,-1,1,0,0,0,17.0,20.5,18.83706978519364,30.153772566629204,26.20779065631259,46.010868281309364,7,18,1.302,1.303,60,0.612,167,57,0.612,194,167,57,0.0,1,1,0
37,21,183,3,1.302183335823169,strong,susceptible,0,1,0.0,-1,-1,1,0,0,0,17.0,20.5,18.83706978519364,30.153772566629204,26.20779065631259,46.010868281309364,7,18,1.302,1.303,60,0.612,167,57,0.612,194,167,57,0.0,1,1,0
37,22,183,3,1.302183335823169,strong,susceptible,0,1,0.0,-1,-1,1,0,0,0,17.0,20.5,18.83706978519364,30.153772566629204,26.20779065631259,46.010868281309364,7,18,1.302,1.303,60,0.612,167,57,0.612,194,167,57,0.0,1,1,0
37,23,183,3,1.302183335823169,strong,susceptible,0,1,0.0,-1,-1,1,0,0,0,17.0,20.5,18.83706978519364,30.153772566629204,26.20779065631259,46.010868281309364,7,18,1.302,1.303,60,0.612,167,57,0.612,194,167,57,0.0,1,1,0
37,24,183,3,1.302183335823169,strong,susceptible,0,1,0.0,-1,-1,1,0,0,0,17.0,20.5,18.83706978519364,30.153772566629204,26.20779065631259,46.010868281309364,7,18,1.302,1.303,60,0.612,167,57,0.612,194,167,57,0.0,1,1,0
37,25,183,3,1.302183335823169,strong,susceptible,0,1,0.0,-1,-1,1,0,0,0,17.0,20.5,18.83706978519364,30.153772566629204,26.20779065631259,46.010868281309364,7,18,1.302,1.303,60,0.612,167,57,0.612,194,167,57,0.0,1,1,0
37,26,183,3,1.302183335823169,strong,susceptible,0,1,0.0,-1,-1,1,0,0,0,17.0,20.5,18.83706978519364,30.153772566629204,26.20779065631259,46.010868281309364,7,18,1.302,1.303,60,0.612,167,57,0.612,194,167,57,0.0,1,1,0
37,27,183,3,1.302183335823169,strong,susceptible,0,1,0.0,-1,-1,1,0,0,0,17.0,20.5,18.83706978519364,30.153772566629204,26.20779065631259,46.010868281309364,7,18,1.302,1.303,60,0.612,167,57,0.612,194,167,57,0.0,1,1,0
37,28,183,3,1.302183335823169,strong,susceptible,0,1,0.0,-1,-1,1,0,0,0,17.0,20.5,18.83706978519364,30.153772566629204,26.20779065631259,46.010868281309364,7,18,1.302,1.303,60,0.612,167,57,0.612,194,167,57,0.0,1,1,0
37,29,183,3,1.302183335823169,strong,susceptible,0,1,0.0,-1,-1,1,0,0,0,17.0,20.5,18.83706978519364,30.153772566629204,26.20779065631259,46.010868281309364,7,18,1.302,1.303,60,0.612,167,57,0.612,194,167,57,0.0,1,1,0
37,30,183,3,1.302183335823169,strong,susceptible,0,1,0.0,-1,-1,1,0,0,0,17.0,20.5,18.83706978519364,30.153772566629204,26.20779065631259,46.010868281309364,7,18,1.302,1.303,60,0.612,167,57,0.612,194,167,57,0.0,1,1,0
37,31,183,3,1.302183335823169,strong,susceptible,0,1,0.0,-1,-1,1,0,0,0,17.0,20.5,18.83706978519364,30.153772566629204,26.20779065631259,46.010868281309364,7,18,1.302,1.303,60,0.612,167,57,0.612,194,167,57,0.0,1,1,0
37,32,183,3,1.302183335823169,strong,susceptible,0,1,0.0,-1,-1,1,0,0,0,17.0,20.5,18.83706978519364,30.153772566629204,26.20779065631259,46.010868281309364,7,18,1.302,1.303,60,0.612,167,57,0.612,194,167,57,0.0,1,1,0
37,33,183,3,1.302183335823169,strong,susceptible,0,1,0.0,-1,-1,1,0,0,0,17.0,20.5,18.83706978519364,30.153772566629204,26.20779065631259,46.010868281309364,7,18,1.302,1.303,60,0.612,167,57,0.612,194,167,57,0.0,1,1,0
37,34,183,3,1.302183335823169,strong,susceptible,0,1,0.0,-1,-1,1,0,0,0,17.0,20.5,18.83706978519364,30.153772566629204,26.20779065631259,46.010868281309364,7,18,1.302,1.303,60,0.612,167,57,0.612,194,167,57,0.0,1,1,0
37,35,183,3,1.302183335823169,strong,susceptible,0,1,0.0,-1,-1,1,0,0,0,17.0,20.5,18.83706978519364,30.153772566629204,26.20779065631259,46.010868281309364,7,18,1.302,1.303,60,0.612,167,57,0.612,194,167,57,0.0,1,1,0
37,36,183,3,1.302183335823169,strong,susceptible,0,1,0.0,-1,-1,1,0,0,0,17.0,20.5,18.83706978519364,30.153772566629204,26.20779065631259,46.010868281309364,7,18,1.302,1.303,60,0.612,167,57,0.612,194,167,57,0.0,1,1,0
37,37,183,3,1.302183335823169,strong,susceptible,0,1,0.0,-1,-1,1,0,0,0,17.0,20.5,18.83706978519364,30.153772566629204,26.20779065631259,46.010868281309364,7,18,1.302,1.303,60,0.612,167,57,0.612,194,167,57,0.0,1,1,0
37,38,183,3,1.302183335823169,strong,susceptible,0,1,0.0,-1,-1,1,0,0,0,17.0,20.5,18.83706978519364,30.153772566629204,26.20779065631259,46.010868281309364,7,18,1.302,1.303,60,0.612,167,57,0.612,194,167,57,0.0,1,1,0
37,39,183,3,1.302183335823169,strong,susceptible,0,1,0.0,-1,-1,1,0,0,0,17.0,20.5,18.83706978519364,30.153772566629204,26.20779065631259,46.010868281309364,7,18,1.302,1.303,60,0.612,167,57,0.612,194,167,57,0.0,1,1,0
38,0,76,9,1.3020851815754046,medium,susceptible,0,1,0.0,-1,-1,0,1,0,0,19.0,17.4,18.20193451287369,39.397461847179954,21.65294871679329,49.4064773081425,7,18,1.302,1.303,60,0.612,167,57,0.612,194,167,57,0.0,1,1,0
38,1,76,9,1.3020851815754046,medium,susceptible,0,1,0.0,-1,-1,0,1,0,0,19.0,17.4,18.20193451287369,39.397461847179954,21.65294871679329,49.4064773081425,7,18,1.302,1.303,60,0.612,167,57,0.612,194,167,57,0.0,1,1,0
38,2,76,9,1.3020851815754046,medium,susceptible,0,1,0.0,-1,-1,0,1,0,0,19.0,17.4,18.20193451287369,39.397461847179954,21.65294871679329,49.4064773081425,7,18,1.302,1.303,60,0.612,167,57,0.612,194,167,57,0.0,1,1,0
38,3,76,9,1.3020851815754046,medium,susceptible,0,1,0.0,-1,-1,0,1,0,0,19.0,17.4,18.20193451287369,39.397461847179954,21.65294871679329,49.4064773081425,7,18,1.302,1.303,60,0.612,167,57,0.612,194,167,57,0.0,1,1,0
38,4,76,9,1.3020851815754046,medium,susceptible,0,1,0.0,-1,-1,0,1,0,0,19.0,17.4,18.20193451287369,39.397461847179954,21.65294871679329,49.4064773081425,7,18,1.302,1.303,60,0.612,167,57,0.612,194,167,57,0.0,1,1,0
38,5,76,9,1.3020851815754046,medium,susceptible,0,1,0.0,-1,-1,0,1,0,0,19.0,17.4,18.20193451287369,39.397461847179954,21.65294871679329,49.4064773081425,7,18,1.302,1.303,60,0.612,167,57,0.612,194,167,57,0.0,1,1,0
38,6,76,9,1.3020851815754046,medium,susceptible,0,1,0.0,-1,-1,0,1,0,0,19.0,17.4,18.20193451287369,39.397461847179954,21.65294871679329,49.4064773081425,7,18,1.302,1.303,60,0.612,167,57,0.612,194,167,57,0.0,1,1,0
38,7,76,9,1.3020851815754046,medium,susceptible,0,1,0.0,-1,-1,0,1,0,0,19.0,17.4,18.20193451287369,39.397461847179954,21.65294871679329,49.4064773081425,7,18,1.302,1.303,60,0.612,167,57,0.612,194,167,57,0.0,1,1,0
38,8,76,9,1.3020851815754046,medium,susceptible,0,1,0.0,-1,-1,0,1,0,0,19.0,17.4,18.20193451287369,39.397461847179954,21.65294871679329,49.4064773081425,7,18,1.302,1.303,60,0.612,167,57,0.612,194,167,57,0.0,1,1,0
38,9,76,9,1.3020851815754046,medium,susceptible,0,1,0.0,-1,-1,0,1,0,0,19.0,17.4,18.20193451287369,39.397461847179954,21.65294871679329,49.4064773081425,7,18,1.302,1.303,60,0.612,167,57,0.612,194,167,57,0.0,1,1,0
38,10,76,9,1.3020851815754046,medium,susceptible,0,1,0.0,-1,-1,0,1,0,0,19.0,17.4,18.20193451287369,39.397461847179954,21.65294871679329,49.4064773081425,7,18,1.302,1.303,60,0.612,167,57,0.612,194,167,57,0.0,1,1,0
38,11,76,9,1.3020851815754046,medium,susceptible,0,1,0.0,-1,-1,0,1,0,0,19.0,17.4,18.20193451287369,39.397461847179954,21.65294871679329,49.4064773081425,7,18,1.302,1.303,60,0.612,167,57,0.612,194,167,57,0.0,1,1,0
38,12,76,9,1.3020851815754046,medium,susceptible,0,1,0.0,-1,-1,0,1,0,0,19.0,17.4,18.20193451287369,39.397461847179954,21.65294871679329,49.4064773081425,7,18,1.302,1.303,60,0.612,167,57,0.612,194,167,57,0.0,1,1,0
38,13,76,9,1.3020851815754046,medium,susceptible,0,1,0.0,-1,-1,0,1,0,0,19.0,17.4,18.20193451287369,39.397461847179954,21.65294871679329,49.4064773081425,7,18,1.302,1.303,60,0.612,167,57,0.612,194,167,57,0.0,1,1,0
38,14,76,9,1.3020851815754046,medium,susceptible,0,1,0.0,-1,-1,0,1,0,0,19.0,17.4,18.20193451287369,39.397461847179954,21.65294871679329,49.4064773081425,7,18,1.302,1.303,60,0.612,167,57,0.612,194,167,57,0.0,1,1,0
38,15,76,9,1.3020851815754046,medium,susceptible,0,1,0.0,-1,-1,0,1,0,0,19.0,17.4,18.20193451287369,39.397461847179954,21.65294871679329,49.4064773081425,7,18,1.302,1.303,60,0.612,167,57,0.612,194,167,57,0.0,1,1,0
38,16,76,9,1.3020851815754046,medium,susceptible,0,1,0.0,-1,-1,0,1,0,0,19.0,17.4,18.20193451287369,39.397461847179954,21.65294871679329,49.4064773081425,7,18,1.302,1.303,60,0.612,167,57,0.612,194,167,57,0.0,1,1,0
38,17,76,9,1.3020851815754046,medium,susceptible,0,1,0.0,-1,-1,0,1,0,0,19.0,17.4,18.20193451287369,39.397461847179954,21.65294871679329,49.4064773081425,7,18,1.302,1.303,60,0.612,167,57,0.612,194,167,57,0.0,1,1,0
38,18,76,9,1.3020851815754046,medium,susceptible,0,1,0.0,-1,-1,0,1,0,0,19.0,17.4,18.20193451287369,39.397461847179954,21.65294871679329,49.4064773081425,7,18,1.302,1.303,60,0.612,167,57,0.612,194,167,57,0.0,1,1,0
38,19,76,9,1.3020851815754046,medium,susceptible,0,1,0.0,-1,-1,0,1,0,0,19.0,17.4,18.20193451287369,39.397461847179954,21.65294871679329,49.4064773081425,7,18,1.302,1.303,60,0.612,167,57,0.612,194,167,57,0.0,1,1,0
38,20,76,9,1.3020851815754046,medium,susceptible,0,1,0.0,-1,-1,0,1,0,0,19.0,17.4,18.20193451287369,39.397461847179954,21.65294871679329,49.4064773081425,7,18,1.302,1.303,60,0.612,167,57,0.612,194,167,57,0.0,1,1,0
38,21,76,9,1.3020851815754046,medium,susceptible,0,1,0.0,-1,-1,0,1,0,0,19.0,17.4,18.20193451287369,39.397461847179954,21.65294871679329,49.4064773081425,7,18,1.302,1.303,60,0.612,167,57,0.612,194,167,57,0.0,1,1,0
38,22,76,9,1.3020851815754046,medium,susceptible,0,1,0.0,-1,-1,0,1,0,0,19.0,17.4,18.20193451287369,39.397461847179954,21.65294871679329,49.4064773081425,7,18,1.302,1.303,60,0.612,167,57,0.612,194,167,57,0.0,1,1,0
38,23,76,9,1.3020851815754046,medium,susceptible,0,1,0.0,-1,-1,0,1,0,0,19.0,17.4,18.20193451287369,39.397461847179954,21.65294871679329,49.4064773081425,7,18,1.302,1.303,60,0.612,167,57,0.612,194,167,57,0.0,1,1,0
38,24,76,9,1.3020851815754046,medium,susceptible,0,1,0.0,-1,-1,0,1,0,0,19.0,17.4,18.20193451287369,39.397461847179954,21.65294871679329,49.4064773081425,7,18,1.302,1.303,60,0.612,167,57,0.612,194,167,57,0.0,1,1,0
38,25,76,9,1.3020851815754046,medium,susceptible,0,1,0.0,-1,-1,0,1,0,0,19.0,17.4,18.20193451287369,39.397461847179954,21.65294871679329,49.4064773081425,7,18,1.302,1.303,60,0.612,167,57,0.612,194,167,57,0.0,1,1,0
38,26,76,9,1.3020851815754046,medium,susceptible,0,1,0.0,-1,-1,0,1,0,0,19.0,17.4,18.20193451287369,39.397461847179954,21.65294871679329,49.4064773081425,7,18,1.302,1.303,60,0.612,167,57,0.612,194,167,57,0.0,1,1,0
38,27,76,9,1.3020851815754046,medium,susceptible,0,1,0.0,-1,-1,0,1,0,0,19.0,17.4,18.20193451287369,39.397461847179954,21.65294871679329,49.4064773081425,7,18,1.302,1.303,60,0.612,167,57,0.612,194,167,57,0.0,1,1,0
38,28,76,9,1.3020851815754046,medium,susceptible,0,1,0.0,-1,-1,0,1,0,0,19.0,17.4,18.20193451287369,39.397461847179954,21.65294871679329,49.4064773081425,7,18,1.302,1.303,60,0.612,167,57,0.612,194,167,57,0.0,1,1,0
38,29,76,9,1.3020851815754046,medium,susceptible,0,1,0.0,-1,-1,0,1,0,0,19.0,17.4,18.20193451287369,39.397461847179954,21.65294871679329,49.4064773081425,7,18,1.302,1.303,60,0.612,167,57,0.612,194,167,57,0.0,1,1,0
38,30,76,9,1.3020851815754046,medium,susceptible,0,1,0.0,-1,-1,0,1,0,0,19.0,17.4,18.20193451287369,39.397461847179954,21.65294871679329,49.4064773081425,7,18,1.302,1.303,60,0.612,167,57,0.612,194,167,57,0.0,1,1,0
38,31,76,9,1.3020851815754046,medium,susceptible,0,1,0.0,-1,-1,0,1,0,0,19.0,17.4,18.20193451287369,39.397461847179954,21.65294871679329,49.4064773081425,7,18,1.302,1.303,60,0.612,167,57,0.612,194,167,57,0.0,1,1,0
38,32,76,9,1.3020851815754046,medium,susceptible,0,1,0.0,-1,-1,0,1,0,0,19.0,17.4,18.20193451287369,39.397461847179954,21.65294871679329,49.4064773081425,7,18,1.302,1.303,60,0.612,167,57,0.612,194,167,57,0.0,1,1,0
38,33,76,9,1.3020851815754046,medium,susceptible,0,1,0.0,-1,-1,0,1,0,0,19.0,17.4,18.20193451287369,39.397461847179954,21.65294871679329,49.4064773081425,7,18,1.302,1.303,60,0.612,167,57,0.612,194,167,57,0.0,1,1,0
38,34,76,9,1.3020851815754046,medium,susceptible,0,1,0.0,-1,-1,0,1,0,0,19.0,17.4,18.20193451287369,39.397461847179954,21.65294871679329,49.4064773081425,7,18,1.302,1.303,60,0.612,167,57,0.612,194,167,57,0.0,1,1,0
38,35,76,9,1.3020851815754046,medium,susceptible,0,1,0.0,-1,-1,0,1,0,0,19.0,17.4,18.20193451287369,39.397461847179954,21.65294871679329,49.4064773081425,7,18,1.302,1.303,60,0.612,167,57,0.612,194,167,57,0.0,1,1,0
38,36,76,9,1.3020851815754046,medium,susceptible,0,1,0.0,-1,-1,0,1,0,0,19.0,17.4,18.20193451287369,39.397461847179954,21.65294871679329,49.4064773081425,7,18,1.302,1.303,60,0.612,167,57,0.612,194,167,57,0.0,1,1,0
38,37,76,9,1.3020851815754046,medium,susceptible,0,1,0.0,-1,-1,0,1,0,0,19.0,17.4,18.20193451287369,39.397461847179954,21.65294871679329,49.4064773081425,7,18,1.302,1.303,60,0.612,167,57,0.612,194,167,57,0.0,1,1,0
38,38,76,9,1.3020851815754046,medium,susceptible,0,1,0.0,-1,-1,0,1,0,0,19.0,17.4,18.20193451287369,39.397461847179954,21.65294871679329,49.4064773081425,7,18,1.302,1.303,60,0.612,167,57,0.612,194,167,57,0.0,1,1,0
38,39,76,9,1.3020851815754046,medium,susceptible,0,1,0.0,-1,-1,0,1,0,0,19.0,17.4,18.20193451287369,39.397461847179954,21.65294871679329,49.4064773081425,7,18,1.302,1.303,60,0.612,167,57,0.612,194,167,57,0.0,1,1,0
39,0,67,5,1.3024295968041675,medium,susceptible,0,1,0.0,-1,-1,0,1,0,0,26.8,22.5,18.095697568719782,22.322410264126944,20.31196904614538,35.4400902933387,7,18,1.302,1.303,60,0.612,167,57,0.612,194,167,57,0.0,1,1,0
39,1,67,5,1.3024295968041675,medium,susceptible,0,1,0.0,-1,-1,0,1,0,0,26.8,22.5,18.095697568719782,22.322410264126944,20.31196904614538,35.4400902933387,7,18,1.302,1.303,60,0.612,167,57,0.612,194,167,57,0.0,1,1,0
39,2,67,5,1.3024295968041675,medium,susceptible,0,1,0.0,-1,-1,0,1,0,0,26.8,22.5,18.095697568719782,22.322410264126944,20.31196904614538,35.4400902933387,7,18,1.302,1.303,60,0.612,167,57,0.612,194,167,57,0.0,1,1,0
39,3,67,5,1.3024295968041675,medium,susceptible,0,1,0.0,-1,-1,0,1,0,0,26.8,22.5,18.095697568719782,22.322410264126944,20.31196904614538,35.4400902933387,7,18,1.302,1.303,60,0.612,167,57,0.612,194,167,57,0.0,1,1,0
39,4,67,5,1.3024295968041675,medium,susceptible,0,1,0.0,-1,-1,0,1,0,0,26.8,22.5,18.095697568719782,22.322410264126944,20.31196904614538,35.4400902933387,7,18,1.302,1.303,60,0.612,167,57,0.612,194,167,57,0.0,1,1,0
39,5,67,5,1.3024295968041675,medium,susceptible,0,1,0.0,-1,-1,0,1,0,0,26.8,22.5,18.095697568719782,22.322410264126944,20.31196904614538,35.4400902933387,7,18,1.302,1.303,60,0.612,167,57,0.612,194,167,57,0.0,1,1,0
39,6,67,5,1.3024295968041675,medium,susceptible,0,1,0.0,-1,-1,0,1,0,0,26.8,22.5,18.095697568719782,22.322410264126944,20.31196904614538,35.4400902933387,7,18,1.302,1.303,60,0.612,167,57,0.612,194,167,57,0.0,1,1,0
39,7,67,5,1.3024295968041675,medium,susceptible,0,1,0.0,-1,-1,0,1,0,0,26.8,22.5,18.095697568719782,22.322410264126944,20.31196904614538,35.4400902933387,7,18,1.302,1.303,60,0.612,167,57,0.612,194,167,57,0.0,1,1,0
39,8,67,5,1.3024295968041675,medium,susceptible,0,1,0.0,-1,-1,0,1,0,0,26.8,22.5,18.095697568719782,22.322410264126944,20.31196904614538,35.4400902933387,7,18,1.302,1.303,60,0.612,167,57,0.612,194,167,57,0.0,1,1,0
39,9,67,5,1.3024295968041675,medium,susceptible,0,1,0.0,-1,-1,0,1,0,0,26.8,22.5,18.095697568719782,22.322410264126944,20.31196904614538,35.4400902933387,7,18,1.302,1.303,60,0.612,167,57,0.612,194,167,57,0.0,1,1,0
39,10,67,5,1.3024295968041675,medium,susceptible,0,1,0.0,-1,-1,0,1,0,0,26.8,22.5,18.095697568719782,22.322410264126944,20.31196904614538,35.4400902933387,7,18,1.302,1.303,60,0.612,167,57,0.612,194,167,57,0.0,1,1,0
39,11,67,5,1.3024295968041675,medium,susceptible,0,1,0.0,-1,-1,0,1,0,0,26.8,22.5,18.095697568719782,22.322410264126944,20.31196904614538,35.4400902933387,7,18,1.302,1.303,60,0.612,167,57,0.612,194,167,57,0.0,1,1,0
39,12,67,5,1.3024295968041675,medium,susceptible,0,1,0.0,-1,-1,0,1,0,0,26.8,22.5,18.095697568719782,22.322410264126944,20.31196904614538,35.4400902933387,7,18,1.302,1.303,60,0.612,167,57,0.612,194,167,57,0.0,1,1,0
39,13,67,5,1.3024295968041675,medium,susceptible,0,1,0.0,-1,-1,0,1,0,0,26.8,22.5,18.095697568719782,22.322410264126944,20.31196904614538,35.4400902933387,7,18,1.302,1.303,60,0.612,167,57,0.612,194,167,57,0.0,1,1,0
39,14,67,5,1.3024295968041675,medium,susceptible,0,1,0.0,-1,-1,0,1,0,0,26.8,22.5,18.095697568719782,22.322410264126944,20.31196904614538,35.4400902933387,7,18,1.302,1.303,60,0.612,167,57,0.612,194,167,57,0.0,1,1,0
39,15,67,5,1.3024295968041675,medium,susceptible,0,1,0.0,-1,-1,0,1,0,0,26.8,22.5,18.095697568719782,22.322410264126944,20.31196904614538,35.4400902933387,7,18,1.302,1.303,60,0.612,167,57,0.612,194,167,57,0.0,1,1,0
39,16,67,5,1.3024295968041675,medium,susceptible,0,1,0.0,-1,-1,0,1,0,0,26.8,22.5,18.095697568719782,22.322410264126944,20.31196904614538,35.4400902933387,7,18,1.302,1.303,60,0.612,167,57,0.612,194,167,57,0.0,1,1,0
39,17,67,5,1.3024295968041675,medium,susceptible,0,1,0.0,-1,-1,0,1,0,0,26.8,22.5,18.095697568719782,22.322410264126944,20.31196904614538,35.4400902933387,7,18,1.302,1.303,60,0.612,167,57,0.612,194,167,57,0.0,1,1,0
39,18,67,5,1.3024295968041675,medium,susceptible,0,1,0.0,-1,-1,0,1,0,0,26.8,22.5,18.095697568719782,22.322410264126944,20.31196904614538,35.4400902933387,7,18,1.302,1.303,60,0.612,167,57,0.612,194,167,57,0.0,1,1,0
39,19,67,5,1.3024295968041675,medium,susceptible,0,1,0.0,-1,-1,0,1,0,0,26.8,22.5,18.095697568719782,22.322410264126944,20.31196904614538,35.4400902933387,7,18,1.302,1.303,60,0.612,167,57,0.612,194,167,57,0.0,1,1,0
39,20,67,5,1.3024295968041675,medium,susceptible,0,1,0.0,-1,-1,0,1,0,0,26.8,22.5,18.095697568719782,22.322410264126944,20.31196904614538,35.4400902933387,7,18,1.302,1.303,60,0.612,167,57,0.612,194,167,57,0.0,1,1,0
39,21,67,5,1.3024295968041675,medium,susceptible,0,1,0.0,-1,-1,0,1,0,0,26.8,22.5,18.095697568719782,22.322410264126944,20.31196904614538,35.4400902933387,7,18,1.302,1.303,60,0.612,167,57,0.612,194,167,57,0.0,1,1,0
39,22,67,5,1.3024295968041675,medium,susceptible,0,1,0.0,-1,-1,0,1,0,0,26.8,22.5,18.095697568719782,22.322410264126944,20.31196904614538,35.4400902933387,7,18,1.302,1.303,60,0.612,167,57,0.612,194,167,57,0.0,1,1,0
39,23,67,5,1.3024295968041675,medium,susceptible,0,1,0.0,-1,-1,0,1,0,0,26.8,22.5,18.095697568719782,22.322410264126944,20.31196904614538,35.4400902933387,7,18,1.302,1.303,60,0.612,167,57,0.612,194,167,57,0.0,1,1,0
39,24,67,5,1.3024295968041675,medium,susceptible,0,1,0.0,-1,-1,0,1,0,0,26.8,22.5,18.095697568719782,22.322410264126944,20.31196904614538,35.4400902933387,7,18,1.302,1.303,60,0.612,167,57,0.612,194,167,57,0.0,1,1,0
39,25,67,5,1.3024295968041675,medium,susceptible,0,1,0.0,-1,-1,0,1,0,0,26.8,22.5,18.095697568719782,22.322410264126944,20.31196904614538,35.4400902933387,7,18,1.302,1.303,60,0.612,167,57,0.612,194,167,57,0.0,1,1,0
39,26,67,5,1.3024295968041675,medium,susceptible,0,1,0.0,-1,-1,0,1,0,0,26.8,22.5,18.095697568719782,22.322410264126944,20.31196904614538,35.4400902933387,7,18,1.302,1.303,60,0.612,167,57,0.612,194,167,57,0.0,1,1,0
39,27,67,5,1.3024295968041675,medium,susceptible,0,1,0.0,-1,-1,0,1,0,0,26.8,22.5,18.095697568719782,22.322410264126944,20.31196904614538,35.4400902933387,7,18,1.302,1.303,60,0.612,167,57,0.612,194,167,57,0.0,1,1,0
39,28,67,5,1.3024295968041675,medium,susceptible,0,1,0.0,-1,-1,0,1,0,0,26.8,22.5,18.095697568719782,22.322410264126944,20.31196904614538,35.4400902933387,7,18,1.302,1.303,60,0.612,167,57,0.612,194,167,57,0.0,1,1,0
39,29,67,5,1.3024295968041675,medium,susceptible,0,1,0.0,-1,-1,0,1,0,0,26.8,22.5,18.095697568719782,22.322410264126944,20.31196904614538,35.4400902933387,7,18,1.302,1.303,60,0.612,167,57,0.612,194,167,57,0.0,1,1,0
39,30,67,5,1.3024295968041675,medium,susceptible,0,1,0.0,-1,-1,0,1,0,0,26.8,22.5,18.095697568719782,22.322410264126944,20.31196904614538,35.4400902933387,7,18,1.302,1.303,60,0.612,167,57,0.612,194,167,57,0.0,1,1,0
39,31,67,5,1.3024295968041675,medium,susceptible,0,1,0.0,-1,-1,0,1,0,0,26.8,22.5,18.095697568719782,22.322410264126944,20.31196904614538,35.4400902933387,7,18,1.302,1.303,60,0.612,167,57,0.612,194,167,57,0.0,1,1,0
39,32,67,5,1.3024295968041675,medium,susceptible,0,1,0.0,-1,-1,0,1,0,0,26.8,22.5,18.095697568719782,22.322410264126944,20.31196904614538,35.4400902933387,7,18,1.302,1.303,60,0.612,167,57,0.612,194,167,57,0.0,1,1,0
39,33,67,5,1.3024295968041675,medium,susceptible,0,1,0.0,-1,-1,0,1,0,0,26.8,22.5,18.095697568719782,22.322410264126944,20.31196904614538,35.4400902933387,7,18,1.302,1.303,60,0.612,167,57,0.612,194,167,57,0.0,1,1,0
39,34,67,5,1.3024295968041675,medium,susceptible,0,1,0.0,-1,-1,0,1,0,0,26.8,22.5,18.095697568719782,22.322410264126944,20.31196904614538,35.4400902933387,7,18,1.302,1.303,60,0.612,167,57,0.612,194,167,57,0.0,1,1,0
39,35,67,5,1.3024295968041675,medium,susceptible,0,1,0.0,-1,-1,0,1,0,0,26.8,22.5,18.095697568719782,22.322410264126944,20.31196904614538,35.4400902933387,7,18,1.302,1.303,60,0.612,167,57,0.612,194,167,57,0.0,1,1,0
39,36,67,5,1.3024295968041675,medium,susceptible,0,1,0.0,-1,-1,0,1,0,0,26.8,22.5,18.095697568719782,22.322410264126944,20.31196904614538,35.4400902933387,7,18,1.302,1.303,60,0.612,167,57,0.612,194,167,57,0.0,1,1,0
39,37,67,5,1.3024295968041675,medium,susceptible,0,1,0.0,-1,-1,0,1,0,0,26.8,22.5,18.095697568719782,22.322410264126944,20.31196904614538,35.4400902933387,7,18,1.302,1.303,60,0.612,167,57,0.612,194,167,57,0.0,1,1,0
39,38,67,5,1.3024295968041675,medium,susceptible,0,1,0.0,-1,-1,0,1,0,0,26.8,22.5,18.095697568719782,22.322410264126944,20.31196904614538,35.4400902933387,7,18,1.302,1.303,60,0.612,167,57,0.612,194,167,57,0.0,1,1,0
39,39,67,5,1.3024295968041675,medium,susceptible,0,1,0.0,-1,-1,0,1,0,0,26.8,22.5,18.095697568719782,22.322410264126944,20.31196904614538,35.4400902933387,7,18,1.302,1.303,60,0.612,167,57,0.612,194,167,57,0.0,1,1,0
40,0,1,7,1.3026414178863055,compromised,susceptible,0,1,0.0,-1,-1,0,0,0,1,24.4,17.6,15.5437452864517,23.44184293096428,21.84540868976499,33.301651610693426,7,18,1.302,1.303,60,0.612,167,57,0.612,194,167,57,0.0,1,1,0
40,1,1,7,1.3026414178863055,compromised,susceptible,0,1,0.0,-1,-1,0,0,0,1,24.4,17.6,15.5437452864517,23.44184293096428,21.84540868976499,33.301651610693426,7,18,1.302,1.303,60,0.612,167,57,0.612,194,167,57,0.0,1,1,0
40,2,1,7,1.3026414178863055,compromised,susceptible,0,1,0.0,-1,-1,0,0,0,1,24.4,17.6,15.5437452864517,23.44184293096428,21.84540868976499,33.301651610693426,7,18,1.302,1.303,60,0.612,167,57,0.612,194,167,57,0.0,1,1,0
40,3,1,7,1.3026414178863055,compromised,susceptible,0,1,0.0,-1,-1,0,0,0,1,24.4,17.6,15.5437452864517,23.44184293096428,21.84540868976499,33.301651610693426,7,18,1.302,1.303,60,0.612,167,57,0.612,194,167,57,0.0,1,1,0
40,4,1,7,1.3026414178863055,compromised,susceptible,0,1,0.0,-1,-1,0,0,0,1,24.4,17.6,15.5437452864517,23.44184293096428,21.84540868976499,33.301651610693426,7,18,1.302,1.303,60,0.612,167,57,0.612,194,167,57,0.0,1,1,0
40,5,1,7,1.3026414178863055,compromised,susceptible,0,1,0.0,-1,-1,0,0,0,1,24.4,17.6,15.5437452864517,23.44184293096428,21.84540868976499,33.301651610693426,7,18,1.302,1.303,60,0.612,167,57,0.612,194,167,57,0.0,1,1,0
40,6,1,7,1.3026414178863055,compromised,susceptible,0,1,0.0,-1,-1,0,0,0,1,24.4,17.6,15.5437452864517,23.44184293096428,21.84540868976499,33.301651610693426,7,18,1.302,1.303,60,0.612,167,57,0.612,194,167,57,0.0,1,1,0
40,7,1,7,1.3026414178863055,compromised,susceptible,0,1,0.0,-1,-1,0,0,0,1,24.4,17.6,15.5437452864517,23.44184293096428,21.84540868976499,33.301651610693426,7,18,1.302,1.303,60,0.612,167,57,0.612,194,167,57,0.0,1,1,0
40,8,1,7,1.3026414178863055,compromised,susceptible,0,1,0.0,-1,-1,0,0,0,1,24.4,17.6,15.5437452864517,23.44184293096428,21.84540868976499,33.301651610693426,7,18,1.302,1.303,60,0.612,167,57,0.612,194,167,57,0.0,1,1,0
40,9,1,7,1.3026414178863055,compromised,susceptible,0,1,0.0,-1,-1,0,0,0,1,24.4,17.6,15.5437452864517,23.44184293096428,21.84540868976499,33.301651610693426,7,18,1.302,1.303,60,0.612,167,57,0.612,194,167,57,0.0,1,1,0
40,10,1,7,1.3026414178863055,compromised,susceptible,0,1,0.0,-1,-1,0,0,0,1,24.4,17.6,15.5437452864517,23.44184293096428,21.84540868976499,33.301651610693426,7,18,1.302,1.303,60,0.612,167,57,0.612,194,167,57,0.0,1,1,0
40,11,1,7,1.3026414178863055,compromised,susceptible,0,1,0.0,-1,-1,0,0,0,1,24.4,17.6,15.5437452864517,23.44184293096428,21.84540868976499,33.301651610693426,7,18,1.302,1.303,60,0.612,167,57,0.612,194,167,57,0.0,1,1,0
40,12,1,7,1.3026414178863055,compromised,susceptible,0,1,0.0,-1,-1,0,0,0,1,24.4,17.6,15.5437452864517,23.44184293096428,21.84540868976499,33.301651610693426,7,18,1.302,1.303,60,0.612,167,57,0.612,194,167,57,0.0,1,1,0
40,13,1,7,1.3026414178863055,compromised,susceptible,0,1,0.0,-1,-1,0,0,0,1,24.4,17.6,15.5437452864517,23.44184293096428,21.84540868976499,33.301651610693426,7,18,1.302,1.303,60,0.612,167,57,0.612,194,167,57,0.0,1,1,0
40,14,1,7,1.3026414178863055,compromised,susceptible,0,1,0.0,-1,-1,0,0,0,1,24.4,17.6,15.5437452864517,23.44184293096428,21.84540868976499,33.301651610693426,7,18,1.302,1.303,60,0.612,167,57,0.612,194,167,57,0.0,1,1,0
40,15,1,7,1.3026414178863055,compromised,susceptible,0,1,0.0,-1,-1,0,0,0,1,24.4,17.6,15.5437452864517,23.44184293096428,21.84540868976499,33.301651610693426,7,18,1.302,1.303,60,0.612,167,57,0.612,194,167,57,0.0,1,1,0
40,16,1,7,1.3026414178863055,compromised,susceptible,0,1,0.0,-1,-1,0,0,0,1,24.4,17.6,15.5437452864517,23.44184293096428,21.84540868976499,33.301651610693426,7,18,1.302,1.303,60,0.612,167,57,0.612,194,167,57,0.0,1,1,0
40,17,1,7,1.3026414178863055,compromised,susceptible,0,1,0.0,-1,-1,0,0,0,1,24.4,17.6,15.5437452864517,23.44184293096428,21.84540868976499,33.301651610693426,7,18,1.302,1.303,60,0.612,167,57,0.612,194,167,57,0.0,1,1,0
40,18,1,7,1.3026414178863055,compromised,susceptible,0,1,0.0,-1,-1,0,0,0,1,24.4,17.6,15.5437452864517,23.44184293096428,21.84540868976499,33.301651610693426,7,18,1.302,1.303,60,0.612,167,57,0.612,194,167,57,0.0,1,1,0
40,19,1,7,1.3026414178863055,compromised,susceptible,0,1,0.0,-1,-1,0,0,0,1,24.4,17.6,15.5437452864517,23.44184293096428,21.84540868976499,33.301651610693426,7,18,1.302,1.303,60,0.612,167,57,0.612,194,167,57,0.0,1,1,0
40,20,1,7,1.3026414178863055,compromised,susceptible,0,1,0.0,-1,-1,0,0,0,1,24.4,17.6,15.5437452864517,23.44184293096428,21.84540868976499,33.301651610693426,7,18,1.302,1.303,60,0.612,167,57,0.612,194,167,57,0.0,1,1,0
40,21,1,7,1.3026414178863055,compromised,susceptible,0,1,0.0,-1,-1,0,0,0,1,24.4,17.6,15.5437452864517,23.44184293096428,21.84540868976499,33.301651610693426,7,18,1.302,1.303,60,0.612,167,57,0.638,181,196,57,-0.026000000000000023,1,1,0
40,22,1,7,1.3026414178863055,compromised,infected,1,1,0.573,21,1,0,0,0,1,24.4,17.6,15.5437452864517,23.44184293096428,21.84540868976499,33.301651610693426,7,18,1.302,1.303,60,0.612,167,57,0.612,194,167,57,0.0,1,1,0
40,23,1,7,1.3026414178863055,compromised,infected,1,1,4.116,21,2,0,0,0,1,24.4,17.6,15.5437452864517,23.44184293096428,21.84540868976499,33.301651610693426,7,18,1.302,1.303,60,0.612,167,57,0.612,194,167,57,0.0,1,1,0
40,24,1,7,1.3026414178863055,compromised,infected,1,1,10.078,21,3,0,0,0,1,24.4,17.6,15.5437452864517,23.44184293096428,21.84540868976499,33.301651610693426,7,18,1.302,1.303,60,0.612,167,57,0.612,194,167,57,0.0,1,1,0
40,25,1,7,1.3026414178863055,compromised,infected,1,1,17.674,21,4,0,0,0,1,24.4,17.6,15.5437452864517,23.44184293096428,21.84540868976499,33.301651610693426,7,18,1.302,1.303,60,0.612,167,57,0.612,194,167,57,0.0,1,1,0
40,26,1,7,1.3026414178863055,compromised,infected,1,1,26.27,21,5,0,0,0,1,24.4,17.6,15.5437452864517,23.44184293096428,21.84540868976499,33.301651610693426,7,18,1.302,1.303,60,0.612,167,57,0.612,194,167,57,0.0,1,1,0
40,27,1,7,1.3026414178863055,compromised,infected,1,1,35.366,21,6,0,0,0,1,24.4,17.6,15.5437452864517,23.44184293096428,21.84540868976499,33.301651610693426,7,18,1.302,1.303,60,0.612,167,57,0.612,194,167,57,0.0,1,1,0
40,28,1,7,1.3026414178863055,compromised,infected,1,1,44.571,21,7,0,0,0,1,24.4,17.6,15.5437452864517,23.44184293096428,21.84540868976499,33.301651610693426,7,18,1.302,1.303,60,0.612,167,57,0.636,182,194,57,-0.02400000000000002,1,1,0
40,29,1,7,1.3026414178863055,compromised,infected,1,0,53.584,21,8,0,0,0,1,24.4,17.6,15.5437452864517,23.44184293096428,21.84540868976499,33.301651610693426,7,18,1.302,1.303,60,0.612,167,57,0.612,194,167,57,0.0,1,1,0
40,30,1,7,1.3026414178863055,compromised,infected,1,0,62.179,21,9,0,0,0,1,24.4,17.6,15.5437452864517,23.44184293096428,21.84540868976499,33.301651610693426,7,18,1.302,1.303,60,0.612,167,57,0.612,194,167,57,0.0,1,1,0
40,31,1,7,1.3026414178863055,compromised,infected,1,0,70.192,21,10,0,0,0,1,24.4,17.6,15.5437452864517,23.44184293096428,21.84540868976499,33.301651610693426,7,18,1.302,1.303,60,0.612,167,57,0.612,194,167,57,0.0,1,1,0
40,32,1,7,1.3026414178863055,compromised,infected,1,0,77.51,21,11,0,0,0,1,24.4,17.6,15.5437452864517,23.44184293096428,21.84540868976499,33.301651610693426,7,18,1.302,1.303,60,0.612,167,57,0.612,194,167,57,0.0,1,1,0
40,33,1,7,1.3026414178863055,compromised,infected,1,0,84.059,21,12,0,0,0,1,24.4,17.6,15.5437452864517,23.44184293096428,21.84540868976499,33.301651610693426,7,18,1.302,1.303,60,0.612,167,57,0.612,194,167,57,0.0,1,1,0
40,34,1,7,1.3026414178863055,compromised,infected,1,0,89.801,21,13,0,0,0,1,24.4,17.6,15.5437452864517,23.44184293096428,21.84540868976499,33.301651610693426,7,18,1.302,1.303,60,0.612,167,57,0.612,194,167,57,0.0,1,1,0
40,35,1,7,1.3026414178863055,compromised,infected,1,0,94.72,21,14,0,0,0,1,24.4,17.6,15.5437452864517,23.44184293096428,21.84540868976499,33.301651610693426,7,18,1.302,1.303,60,0.612,167,57,0.612,194,167,57,0.0,1,1,0
40,36,1,7,1.3026414178863055,compromised,infected,1,0,98.823,21,15,0,0,0,1,24.4,17.6,15.5437452864517,23.44184293096428,21.84540868976499,33.301651610693426,7,18,1.302,1.303,60,0.612,167,57,0.612,194,167,57,0.0,1,1,0
40,37,1,7,1.3026414178863055,compromised,dead,3,0,100.07,21,16,0,0,0,1,24.4,17.6,15.5437452864517,23.44184293096428,21.84540868976499,33.301651610693426,7,18,1.302,1.303,60,0.612,167,57,0.612,194,167,57,0.0,1,1,0
40,38,1,7,1.3026414178863055,compromised,dead,3,0,100.07,21,17,0,0,0,1,24.4,17.6,15.5437452864517,23.44184293096428,21.84540868976499,33.301651610693426,7,18,1.302,1.303,60,0.612,167,57,0.612,194,167,57,0.0,1,1,0
40,39,1,7,1.3026414178863055,compromised,dead,3,0,100.07,21,18,0,0,0,1,24.4,17.6,15.5437452864517,23.44184293096428,21.84540868976499,33.301651610693426,7,18,1.302,1.303,60,0.612,167,57,0.612,194,167,57,0.0,1,1,0
41,0,87,2,1.3029619278880251,medium,susceptible,0,1,0.0,-1,-1,0,1,0,0,30.2,30.5,16.523397406015818,34.67116957934935,26.245158967864086,47.01063709417264,7,18,1.302,1.303,60,0.612,167,57,0.612,194,167,57,0.0,1,1,0
41,1,87,2,1.3029619278880251,medium,susceptible,0,1,0.0,-1,-1,0,1,0,0,30.2,30.5,16.523397406015818,34.67116957934935,26.245158967864086,47.01063709417264,7,18,1.302,1.303,60,0.612,167,57,0.612,194,167,57,0.0,1,1,0
41,2,87,2,1.3029619278880251,medium,susceptible,0,1,0.0,-1,-1,0,1,0,0,30.2,30.5,16.523397406015818,34.67116957934935,26.245158967864086,47.01063709417264,7,18,1.302,1.303,60,0.612,167,57,0.612,194,167,57,0.0,1,1,0
41,3,87,2,1.3029619278880251,medium,susceptible,0,1,0.0,-1,-1,0,1,0,0,30.2,30.5,16.523397406015818,34.67116957934935,26.245158967864086,47.01063709417264,7,18,1.302,1.303,60,0.612,167,57,0.612,194,167,57,0.0,1,1,0
41,4,87,2,1.3029619278880251,medium,susceptible,0,1,0.0,-1,-1,0,1,0,0,30.2,30.5,16.523397406015818,34.67116957934935,26.245158967864086,47.01063709417264,7,18,1.302,1.303,60,0.612,167,57,0.612,194,167,57,0.0,1,1,0
41,5,87,2,1.3029619278880251,medium,susceptible,0,1,0.0,-1,-1,0,1,0,0,30.2,30.5,16.523397406015818,34.67116957934935,26.245158967864086,47.01063709417264,7,18,1.302,1.303,60,0.612,167,57,0.612,194,167,57,0.0,1,1,0
41,6,87,2,1.3029619278880251,medium,susceptible,0,1,0.0,-1,-1,0,1,0,0,30.2,30.5,16.523397406015818,34.67116957934935,26.245158967864086,47.01063709417264,7,18,1.302,1.303,60,0.612,167,57,0.612,194,167,57,0.0,1,1,0
41,7,87,2,1.3029619278880251,medium,susceptible,0,1,0.0,-1,-1,0,1,0,0,30.2,30.5,16.523397406015818,34.67116957934935,26.245158967864086,47.01063709417264,7,18,1.302,1.303,60,0.612,167,57,0.612,194,167,57,0.0,1,1,0
41,8,87,2,1.3029619278880251,medium,susceptible,0,1,0.0,-1,-1,0,1,0,0,30.2,30.5,16.523397406015818,34.67116957934935,26.245158967864086,47.01063709417264,7,18,1.302,1.303,60,0.612,167,57,0.612,194,167,57,0.0,1,1,0
41,9,87,2,1.3029619278880251,medium,susceptible,0,1,0.0,-1,-1,0,1,0,0,30.2,30.5,16.523397406015818,34.67116957934935,26.245158967864086,47.01063709417264,7,18,1.302,1.303,60,0.612,167,57,0.612,194,167,57,0.0,1,1,0
41,10,87,2,1.3029619278880251,medium,susceptible,0,1,0.0,-1,-1,0,1,0,0,30.2,30.5,16.523397406015818,34.67116957934935,26.245158967864086,47.01063709417264,7,18,1.302,1.303,60,0.612,167,57,0.612,194,167,57,0.0,1,1,0
41,11,87,2,1.3029619278880251,medium,susceptible,0,1,0.0,-1,-1,0,1,0,0,30.2,30.5,16.523397406015818,34.67116957934935,26.245158967864086,47.01063709417264,7,18,1.302,1.303,60,0.612,167,57,0.612,194,167,57,0.0,1,1,0
41,12,87,2,1.3029619278880251,medium,susceptible,0,1,0.0,-1,-1,0,1,0,0,30.2,30.5,16.523397406015818,34.67116957934935,26.245158967864086,47.01063709417264,7,18,1.302,1.303,60,0.612,167,57,0.612,194,167,57,0.0,1,1,0
41,13,87,2,1.3029619278880251,medium,susceptible,0,1,0.0,-1,-1,0,1,0,0,30.2,30.5,16.523397406015818,34.67116957934935,26.245158967864086,47.01063709417264,7,18,1.302,1.303,60,0.612,167,57,0.612,194,167,57,0.0,1,1,0
41,14,87,2,1.3029619278880251,medium,susceptible,0,1,0.0,-1,-1,0,1,0,0,30.2,30.5,16.523397406015818,34.67116957934935,26.245158967864086,47.01063709417264,7,18,1.302,1.303,60,0.612,167,57,0.612,194,167,57,0.0,1,1,0
41,15,87,2,1.3029619278880251,medium,susceptible,0,1,0.0,-1,-1,0,1,0,0,30.2,30.5,16.523397406015818,34.67116957934935,26.245158967864086,47.01063709417264,7,18,1.302,1.303,60,0.612,167,57,0.612,194,167,57,0.0,1,1,0
41,16,87,2,1.3029619278880251,medium,susceptible,0,1,0.0,-1,-1,0,1,0,0,30.2,30.5,16.523397406015818,34.67116957934935,26.245158967864086,47.01063709417264,7,18,1.302,1.303,60,0.612,167,57,0.612,194,167,57,0.0,1,1,0
41,17,87,2,1.3029619278880251,medium,susceptible,0,1,0.0,-1,-1,0,1,0,0,30.2,30.5,16.523397406015818,34.67116957934935,26.245158967864086,47.01063709417264,7,18,1.302,1.303,60,0.612,167,57,0.612,194,167,57,0.0,1,1,0
41,18,87,2,1.3029619278880251,medium,susceptible,0,1,0.0,-1,-1,0,1,0,0,30.2,30.5,16.523397406015818,34.67116957934935,26.245158967864086,47.01063709417264,7,18,1.302,1.303,60,0.612,167,57,0.612,194,167,57,0.0,1,1,0
41,19,87,2,1.3029619278880251,medium,susceptible,0,1,0.0,-1,-1,0,1,0,0,30.2,30.5,16.523397406015818,34.67116957934935,26.245158967864086,47.01063709417264,7,18,1.302,1.303,60,0.612,167,57,0.612,194,167,57,0.0,1,1,0
41,20,87,2,1.3029619278880251,medium,susceptible,0,1,0.0,-1,-1,0,1,0,0,30.2,30.5,16.523397406015818,34.67116957934935,26.245158967864086,47.01063709417264,7,18,1.302,1.303,60,0.612,167,57,0.612,194,167,57,0.0,1,1,0
41,21,87,2,1.3029619278880251,medium,susceptible,0,1,0.0,-1,-1,0,1,0,0,30.2,30.5,16.523397406015818,34.67116957934935,26.245158967864086,47.01063709417264,7,18,1.302,1.303,60,0.612,167,57,0.612,194,167,57,0.0,1,1,0
41,22,87,2,1.3029619278880251,medium,susceptible,0,1,0.0,-1,-1,0,1,0,0,30.2,30.5,16.523397406015818,34.67116957934935,26.245158967864086,47.01063709417264,7,18,1.302,1.303,60,0.612,167,57,0.612,194,167,57,0.0,1,1,0
41,23,87,2,1.3029619278880251,medium,susceptible,0,1,0.0,-1,-1,0,1,0,0,30.2,30.5,16.523397406015818,34.67116957934935,26.245158967864086,47.01063709417264,7,18,1.302,1.303,60,0.612,167,57,0.612,194,167,57,0.0,1,1,0
41,24,87,2,1.3029619278880251,medium,susceptible,0,1,0.0,-1,-1,0,1,0,0,30.2,30.5,16.523397406015818,34.67116957934935,26.245158967864086,47.01063709417264,7,18,1.302,1.303,60,0.612,167,57,0.612,194,167,57,0.0,1,1,0
41,25,87,2,1.3029619278880251,medium,susceptible,0,1,0.0,-1,-1,0,1,0,0,30.2,30.5,16.523397406015818,34.67116957934935,26.245158967864086,47.01063709417264,7,18,1.302,1.303,60,0.612,167,57,0.612,194,167,57,0.0,1,1,0
41,26,87,2,1.3029619278880251,medium,susceptible,0,1,0.0,-1,-1,0,1,0,0,30.2,30.5,16.523397406015818,34.67116957934935,26.245158967864086,47.01063709417264,7,18,1.302,1.303,60,0.612,167,57,0.612,194,167,57,0.0,1,1,0
41,27,87,2,1.3029619278880251,medium,susceptible,0,1,0.0,-1,-1,0,1,0,0,30.2,30.5,16.523397406015818,34.67116957934935,26.245158967864086,47.01063709417264,7,18,1.302,1.303,60,0.612,167,57,0.612,194,167,57,0.0,1,1,0
41,28,87,2,1.3029619278880251,medium,susceptible,0,1,0.0,-1,-1,0,1,0,0,30.2,30.5,16.523397406015818,34.67116957934935,26.245158967864086,47.01063709417264,7,18,1.302,1.303,60,0.612,167,57,0.612,194,167,57,0.0,1,1,0
41,29,87,2,1.3029619278880251,medium,susceptible,0,1,0.0,-1,-1,0,1,0,0,30.2,30.5,16.523397406015818,34.67116957934935,26.245158967864086,47.01063709417264,7,18,1.302,1.303,60,0.612,167,57,0.612,194,167,57,0.0,1,1,0
41,30,87,2,1.3029619278880251,medium,susceptible,0,1,0.0,-1,-1,0,1,0,0,30.2,30.5,16.523397406015818,34.67116957934935,26.245158967864086,47.01063709417264,7,18,1.302,1.303,60,0.612,167,57,0.612,194,167,57,0.0,1,1,0
41,31,87,2,1.3029619278880251,medium,susceptible,0,1,0.0,-1,-1,0,1,0,0,30.2,30.5,16.523397406015818,34.67116957934935,26.245158967864086,47.01063709417264,7,18,1.302,1.303,60,0.612,167,57,0.612,194,167,57,0.0,1,1,0
41,32,87,2,1.3029619278880251,medium,susceptible,0,1,0.0,-1,-1,0,1,0,0,30.2,30.5,16.523397406015818,34.67116957934935,26.245158967864086,47.01063709417264,7,18,1.302,1.303,60,0.612,167,57,0.612,194,167,57,0.0,1,1,0
41,33,87,2,1.3029619278880251,medium,susceptible,0,1,0.0,-1,-1,0,1,0,0,30.2,30.5,16.523397406015818,34.67116957934935,26.245158967864086,47.01063709417264,7,18,1.302,1.303,60,0.612,167,57,0.612,194,167,57,0.0,1,1,0
41,34,87,2,1.3029619278880251,medium,susceptible,0,1,0.0,-1,-1,0,1,0,0,30.2,30.5,16.523397406015818,34.67116957934935,26.245158967864086,47.01063709417264,7,18,1.302,1.303,60,0.612,167,57,0.612,194,167,57,0.0,1,1,0
41,35,87,2,1.3029619278880251,medium,susceptible,0,1,0.0,-1,-1,0,1,0,0,30.2,30.5,16.523397406015818,34.67116957934935,26.245158967864086,47.01063709417264,7,18,1.302,1.303,60,0.612,167,57,0.612,194,167,57,0.0,1,1,0
41,36,87,2,1.3029619278880251,medium,susceptible,0,1,0.0,-1,-1,0,1,0,0,30.2,30.5,16.523397406015818,34.67116957934935,26.245158967864086,47.01063709417264,7,18,1.302,1.303,60,0.612,167,57,0.612,194,167,57,0.0,1,1,0
41,37,87,2,1.3029619278880251,medium,susceptible,0,1,0.0,-1,-1,0,1,0,0,30.2,30.5,16.523397406015818,34.67116957934935,26.245158967864086,47.01063709417264,7,18,1.302,1.303,60,0.612,167,57,0.612,194,167,57,0.0,1,1,0
41,38,87,2,1.3029619278880251,medium,susceptible,0,1,0.0,-1,-1,0,1,0,0,30.2,30.5,16.523397406015818,34.67116957934935,26.245158967864086,47.01063709417264,7,18,1.302,1.303,60,0.612,167,57,0.612,194,167,57,0.0,1,1,0
41,39,87,2,1.3029619278880251,medium,susceptible,0,1,0.0,-1,-1,0,1,0,0,30.2,30.5,16.523397406015818,34.67116957934935,26.245158967864086,47.01063709417264,7,18,1.302,1.303,60,0.612,167,57,0.612,194,167,57,0.0,1,1,0
42,0,103,5,1.302758945270016,medium,susceptible,0,1,0.0,-1,-1,0,1,0,0,22.2,25.3,17.22828493770667,28.974644087546615,29.18658388929032,53.41348144429457,7,18,1.302,1.303,60,0.612,167,57,0.612,194,167,57,0.0,1,1,0
42,1,103,5,1.302758945270016,medium,susceptible,0,1,0.0,-1,-1,0,1,0,0,22.2,25.3,17.22828493770667,28.974644087546615,29.18658388929032,53.41348144429457,7,18,1.302,1.303,60,0.612,167,57,0.612,194,167,57,0.0,1,1,0
42,2,103,5,1.302758945270016,medium,susceptible,0,1,0.0,-1,-1,0,1,0,0,22.2,25.3,17.22828493770667,28.974644087546615,29.18658388929032,53.41348144429457,7,18,1.302,1.303,60,0.612,167,57,0.612,194,167,57,0.0,1,1,0
42,3,103,5,1.302758945270016,medium,susceptible,0,1,0.0,-1,-1,0,1,0,0,22.2,25.3,17.22828493770667,28.974644087546615,29.18658388929032,53.41348144429457,7,18,1.302,1.303,60,0.612,167,57,0.612,194,167,57,0.0,1,1,0
42,4,103,5,1.302758945270016,medium,susceptible,0,1,0.0,-1,-1,0,1,0,0,22.2,25.3,17.22828493770667,28.974644087546615,29.18658388929032,53.41348144429457,7,18,1.302,1.303,60,0.612,167,57,0.612,194,167,57,0.0,1,1,0
42,5,103,5,1.302758945270016,medium,susceptible,0,1,0.0,-1,-1,0,1,0,0,22.2,25.3,17.22828493770667,28.974644087546615,29.18658388929032,53.41348144429457,7,18,1.302,1.303,60,0.612,167,57,0.612,194,167,57,0.0,1,1,0
42,6,103,5,1.302758945270016,medium,susceptible,0,1,0.0,-1,-1,0,1,0,0,22.2,25.3,17.22828493770667,28.974644087546615,29.18658388929032,53.41348144429457,7,18,1.302,1.303,60,0.612,167,57,0.612,194,167,57,0.0,1,1,0
42,7,103,5,1.302758945270016,medium,susceptible,0,1,0.0,-1,-1,0,1,0,0,22.2,25.3,17.22828493770667,28.974644087546615,29.18658388929032,53.41348144429457,7,18,1.302,1.303,60,0.612,167,57,0.612,194,167,57,0.0,1,1,0
42,8,103,5,1.302758945270016,medium,susceptible,0,1,0.0,-1,-1,0,1,0,0,22.2,25.3,17.22828493770667,28.974644087546615,29.18658388929032,53.41348144429457,7,18,1.302,1.303,60,0.612,167,57,0.612,194,167,57,0.0,1,1,0
42,9,103,5,1.302758945270016,medium,susceptible,0,1,0.0,-1,-1,0,1,0,0,22.2,25.3,17.22828493770667,28.974644087546615,29.18658388929032,53.41348144429457,7,18,1.302,1.303,60,0.612,167,57,0.612,194,167,57,0.0,1,1,0
42,10,103,5,1.302758945270016,medium,susceptible,0,1,0.0,-1,-1,0,1,0,0,22.2,25.3,17.22828493770667,28.974644087546615,29.18658388929032,53.41348144429457,7,18,1.302,1.303,60,0.612,167,57,0.612,194,167,57,0.0,1,1,0
42,11,103,5,1.302758945270016,medium,susceptible,0,1,0.0,-1,-1,0,1,0,0,22.2,25.3,17.22828493770667,28.974644087546615,29.18658388929032,53.41348144429457,7,18,1.302,1.303,60,0.612,167,57,0.612,194,167,57,0.0,1,1,0
42,12,103,5,1.302758945270016,medium,susceptible,0,1,0.0,-1,-1,0,1,0,0,22.2,25.3,17.22828493770667,28.974644087546615,29.18658388929032,53.41348144429457,7,18,1.302,1.303,60,0.612,167,57,0.612,194,167,57,0.0,1,1,0
42,13,103,5,1.302758945270016,medium,susceptible,0,1,0.0,-1,-1,0,1,0,0,22.2,25.3,17.22828493770667,28.974644087546615,29.18658388929032,53.41348144429457,7,18,1.302,1.303,60,0.612,167,57,0.612,194,167,57,0.0,1,1,0
42,14,103,5,1.302758945270016,medium,susceptible,0,1,0.0,-1,-1,0,1,0,0,22.2,25.3,17.22828493770667,28.974644087546615,29.18658388929032,53.41348144429457,7,18,1.302,1.303,60,0.612,167,57,0.612,194,167,57,0.0,1,1,0
42,15,103,5,1.302758945270016,medium,susceptible,0,1,0.0,-1,-1,0,1,0,0,22.2,25.3,17.22828493770667,28.974644087546615,29.18658388929032,53.41348144429457,7,18,1.302,1.303,60,0.612,167,57,0.612,194,167,57,0.0,1,1,0
42,16,103,5,1.302758945270016,medium,susceptible,0,1,0.0,-1,-1,0,1,0,0,22.2,25.3,17.22828493770667,28.974644087546615,29.18658388929032,53.41348144429457,7,18,1.302,1.303,60,0.612,167,57,0.612,194,167,57,0.0,1,1,0
42,17,103,5,1.302758945270016,medium,susceptible,0,1,0.0,-1,-1,0,1,0,0,22.2,25.3,17.22828493770667,28.974644087546615,29.18658388929032,53.41348144429457,7,18,1.302,1.303,60,0.612,167,57,0.612,194,167,57,0.0,1,1,0
42,18,103,5,1.302758945270016,medium,susceptible,0,1,0.0,-1,-1,0,1,0,0,22.2,25.3,17.22828493770667,28.974644087546615,29.18658388929032,53.41348144429457,7,18,1.302,1.303,60,0.612,167,57,0.612,194,167,57,0.0,1,1,0
42,19,103,5,1.302758945270016,medium,susceptible,0,1,0.0,-1,-1,0,1,0,0,22.2,25.3,17.22828493770667,28.974644087546615,29.18658388929032,53.41348144429457,7,18,1.302,1.303,60,0.612,167,57,0.612,194,167,57,0.0,1,1,0
42,20,103,5,1.302758945270016,medium,susceptible,0,1,0.0,-1,-1,0,1,0,0,22.2,25.3,17.22828493770667,28.974644087546615,29.18658388929032,53.41348144429457,7,18,1.302,1.303,60,0.612,167,57,0.612,194,167,57,0.0,1,1,0
42,21,103,5,1.302758945270016,medium,susceptible,0,1,0.0,-1,-1,0,1,0,0,22.2,25.3,17.22828493770667,28.974644087546615,29.18658388929032,53.41348144429457,7,18,1.302,1.303,60,0.612,167,57,0.612,194,167,57,0.0,1,1,0
42,22,103,5,1.302758945270016,medium,susceptible,0,1,0.0,-1,-1,0,1,0,0,22.2,25.3,17.22828493770667,28.974644087546615,29.18658388929032,53.41348144429457,7,18,1.302,1.303,60,0.612,167,57,0.612,194,167,57,0.0,1,1,0
42,23,103,5,1.302758945270016,medium,susceptible,0,1,0.0,-1,-1,0,1,0,0,22.2,25.3,17.22828493770667,28.974644087546615,29.18658388929032,53.41348144429457,7,18,1.302,1.303,60,0.612,167,57,0.612,194,167,57,0.0,1,1,0
42,24,103,5,1.302758945270016,medium,susceptible,0,1,0.0,-1,-1,0,1,0,0,22.2,25.3,17.22828493770667,28.974644087546615,29.18658388929032,53.41348144429457,7,18,1.302,1.303,60,0.612,167,57,0.612,194,167,57,0.0,1,1,0
42,25,103,5,1.302758945270016,medium,susceptible,0,1,0.0,-1,-1,0,1,0,0,22.2,25.3,17.22828493770667,28.974644087546615,29.18658388929032,53.41348144429457,7,18,1.302,1.303,60,0.612,167,57,0.612,194,167,57,0.0,1,1,0
42,26,103,5,1.302758945270016,medium,susceptible,0,1,0.0,-1,-1,0,1,0,0,22.2,25.3,17.22828493770667,28.974644087546615,29.18658388929032,53.41348144429457,7,18,1.302,1.303,60,0.612,167,57,0.612,194,167,57,0.0,1,1,0
42,27,103,5,1.302758945270016,medium,susceptible,0,1,0.0,-1,-1,0,1,0,0,22.2,25.3,17.22828493770667,28.974644087546615,29.18658388929032,53.41348144429457,7,18,1.302,1.303,60,0.612,167,57,0.612,194,167,57,0.0,1,1,0
42,28,103,5,1.302758945270016,medium,susceptible,0,1,0.0,-1,-1,0,1,0,0,22.2,25.3,17.22828493770667,28.974644087546615,29.18658388929032,53.41348144429457,7,18,1.302,1.303,60,0.612,167,57,0.612,194,167,57,0.0,1,1,0
42,29,103,5,1.302758945270016,medium,susceptible,0,1,0.0,-1,-1,0,1,0,0,22.2,25.3,17.22828493770667,28.974644087546615,29.18658388929032,53.41348144429457,7,18,1.302,1.303,60,0.612,167,57,0.612,194,167,57,0.0,1,1,0
42,30,103,5,1.302758945270016,medium,susceptible,0,1,0.0,-1,-1,0,1,0,0,22.2,25.3,17.22828493770667,28.974644087546615,29.18658388929032,53.41348144429457,7,18,1.302,1.303,60,0.612,167,57,0.612,194,167,57,0.0,1,1,0
42,31,103,5,1.302758945270016,medium,susceptible,0,1,0.0,-1,-1,0,1,0,0,22.2,25.3,17.22828493770667,28.974644087546615,29.18658388929032,53.41348144429457,7,18,1.302,1.303,60,0.612,167,57,0.612,194,167,57,0.0,1,1,0
42,32,103,5,1.302758945270016,medium,susceptible,0,1,0.0,-1,-1,0,1,0,0,22.2,25.3,17.22828493770667,28.974644087546615,29.18658388929032,53.41348144429457,7,18,1.302,1.303,60,0.612,167,57,0.612,194,167,57,0.0,1,1,0
42,33,103,5,1.302758945270016,medium,susceptible,0,1,0.0,-1,-1,0,1,0,0,22.2,25.3,17.22828493770667,28.974644087546615,29.18658388929032,53.41348144429457,7,18,1.302,1.303,60,0.612,167,57,0.612,194,167,57,0.0,1,1,0
42,34,103,5,1.302758945270016,medium,susceptible,0,1,0.0,-1,-1,0,1,0,0,22.2,25.3,17.22828493770667,28.974644087546615,29.18658388929032,53.41348144429457,7,18,1.302,1.303,60,0.612,167,57,0.612,194,167,57,0.0,1,1,0
42,35,103,5,1.302758945270016,medium,susceptible,0,1,0.0,-1,-1,0,1,0,0,22.2,25.3,17.22828493770667,28.974644087546615,29.18658388929032,53.41348144429457,7,18,1.302,1.303,60,0.612,167,57,0.612,194,167,57,0.0,1,1,0
42,36,103,5,1.302758945270016,medium,susceptible,0,1,0.0,-1,-1,0,1,0,0,22.2,25.3,17.22828493770667,28.974644087546615,29.18658388929032,53.41348144429457,7,18,1.302,1.303,60,0.612,167,57,0.612,194,167,57,0.0,1,1,0
42,37,103,5,1.302758945270016,medium,susceptible,0,1,0.0,-1,-1,0,1,0,0,22.2,25.3,17.22828493770667,28.974644087546615,29.18658388929032,53.41348144429457,7,18,1.302,1.303,60,0.612,167,57,0.612,194,167,57,0.0,1,1,0
42,38,103,5,1.302758945270016,medium,susceptible,0,1,0.0,-1,-1,0,1,0,0,22.2,25.3,17.22828493770667,28.974644087546615,29.18658388929032,53.41348144429457,7,18,1.302,1.303,60,0.612,167,57,0.612,194,167,57,0.0,1,1,0
42,39,103,5,1.302758945270016,medium,susceptible,0,1,0.0,-1,-1,0,1,0,0,22.2,25.3,17.22828493770667,28.974644087546615,29.18658388929032,53.41348144429457,7,18,1.302,1.303,60,0.612,167,57,0.612,194,167,57,0.0,1,1,0
43,0,56,4,1.3027586023228965,medium,susceptible,0,1,0.0,-1,-1,0,1,0,0,20.3,22.0,17.72150167496911,27.847621083316973,32.70991955229222,50.695167422546305,7,18,1.302,1.303,60,0.612,167,57,0.612,194,167,57,0.0,1,1,0
43,1,56,4,1.3027586023228965,medium,susceptible,0,1,0.0,-1,-1,0,1,0,0,20.3,22.0,17.72150167496911,27.847621083316973,32.70991955229222,50.695167422546305,7,18,1.302,1.303,60,0.612,167,57,0.612,194,167,57,0.0,1,1,0
43,2,56,4,1.3027586023228965,medium,susceptible,0,1,0.0,-1,-1,0,1,0,0,20.3,22.0,17.72150167496911,27.847621083316973,32.70991955229222,50.695167422546305,7,18,1.302,1.303,60,0.612,167,57,0.612,194,167,57,0.0,1,1,0
43,3,56,4,1.3027586023228965,medium,susceptible,0,1,0.0,-1,-1,0,1,0,0,20.3,22.0,17.72150167496911,27.847621083316973,32.70991955229222,50.695167422546305,7,18,1.302,1.303,60,0.612,167,57,0.612,194,167,57,0.0,1,1,0
43,4,56,4,1.3027586023228965,medium,susceptible,0,1,0.0,-1,-1,0,1,0,0,20.3,22.0,17.72150167496911,27.847621083316973,32.70991955229222,50.695167422546305,7,18,1.302,1.303,60,0.612,167,57,0.612,194,167,57,0.0,1,1,0
43,5,56,4,1.3027586023228965,medium,susceptible,0,1,0.0,-1,-1,0,1,0,0,20.3,22.0,17.72150167496911,27.847621083316973,32.70991955229222,50.695167422546305,7,18,1.302,1.303,60,0.612,167,57,0.612,194,167,57,0.0,1,1,0
43,6,56,4,1.3027586023228965,medium,susceptible,0,1,0.0,-1,-1,0,1,0,0,20.3,22.0,17.72150167496911,27.847621083316973,32.70991955229222,50.695167422546305,7,18,1.302,1.303,60,0.612,167,57,0.612,194,167,57,0.0,1,1,0
43,7,56,4,1.3027586023228965,medium,susceptible,0,1,0.0,-1,-1,0,1,0,0,20.3,22.0,17.72150167496911,27.847621083316973,32.70991955229222,50.695167422546305,7,18,1.302,1.303,60,0.612,167,57,0.612,194,167,57,0.0,1,1,0
43,8,56,4,1.3027586023228965,medium,susceptible,0,1,0.0,-1,-1,0,1,0,0,20.3,22.0,17.72150167496911,27.847621083316973,32.70991955229222,50.695167422546305,7,18,1.302,1.303,60,0.612,167,57,0.612,194,167,57,0.0,1,1,0
43,9,56,4,1.3027586023228965,medium,susceptible,0,1,0.0,-1,-1,0,1,0,0,20.3,22.0,17.72150167496911,27.847621083316973,32.70991955229222,50.695167422546305,7,18,1.302,1.303,60,0.612,167,57,0.612,194,167,57,0.0,1,1,0
43,10,56,4,1.3027586023228965,medium,susceptible,0,1,0.0,-1,-1,0,1,0,0,20.3,22.0,17.72150167496911,27.847621083316973,32.70991955229222,50.695167422546305,7,18,1.302,1.303,60,0.612,167,57,0.612,194,167,57,0.0,1,1,0
43,11,56,4,1.3027586023228965,medium,susceptible,0,1,0.0,-1,-1,0,1,0,0,20.3,22.0,17.72150167496911,27.847621083316973,32.70991955229222,50.695167422546305,7,18,1.302,1.303,60,0.612,167,57,0.612,194,167,57,0.0,1,1,0
43,12,56,4,1.3027586023228965,medium,susceptible,0,1,0.0,-1,-1,0,1,0,0,20.3,22.0,17.72150167496911,27.847621083316973,32.70991955229222,50.695167422546305,7,18,1.302,1.303,60,0.612,167,57,0.612,194,167,57,0.0,1,1,0
43,13,56,4,1.3027586023228965,medium,susceptible,0,1,0.0,-1,-1,0,1,0,0,20.3,22.0,17.72150167496911,27.847621083316973,32.70991955229222,50.695167422546305,7,18,1.302,1.303,60,0.612,167,57,0.612,194,167,57,0.0,1,1,0
43,14,56,4,1.3027586023228965,medium,susceptible,0,1,0.0,-1,-1,0,1,0,0,20.3,22.0,17.72150167496911,27.847621083316973,32.70991955229222,50.695167422546305,7,18,1.302,1.303,60,0.612,167,57,0.612,194,167,57,0.0,1,1,0
43,15,56,4,1.3027586023228965,medium,susceptible,0,1,0.0,-1,-1,0,1,0,0,20.3,22.0,17.72150167496911,27.847621083316973,32.70991955229222,50.695167422546305,7,18,1.302,1.303,60,0.612,167,57,0.612,194,167,57,0.0,1,1,0
43,16,56,4,1.3027586023228965,medium,susceptible,0,1,0.0,-1,-1,0,1,0,0,20.3,22.0,17.72150167496911,27.847621083316973,32.70991955229222,50.695167422546305,7,18,1.302,1.303,60,0.612,167,57,0.612,194,167,57,0.0,1,1,0
43,17,56,4,1.3027586023228965,medium,susceptible,0,1,0.0,-1,-1,0,1,0,0,20.3,22.0,17.72150167496911,27.847621083316973,32.70991955229222,50.695167422546305,7,18,1.302,1.303,60,0.612,167,57,0.612,194,167,57,0.0,1,1,0
43,18,56,4,1.3027586023228965,medium,susceptible,0,1,0.0,-1,-1,0,1,0,0,20.3,22.0,17.72150167496911,27.847621083316973,32.70991955229222,50.695167422546305,7,18,1.302,1.303,60,0.612,167,57,0.612,194,167,57,0.0,1,1,0
43,19,56,4,1.3027586023228965,medium,susceptible,0,1,0.0,-1,-1,0,1,0,0,20.3,22.0,17.72150167496911,27.847621083316973,32.70991955229222,50.695167422546305,7,18,1.302,1.303,60,0.612,167,57,0.612,194,167,57,0.0,1,1,0
43,20,56,4,1.3027586023228965,medium,susceptible,0,1,0.0,-1,-1,0,1,0,0,20.3,22.0,17.72150167496911,27.847621083316973,32.70991955229222,50.695167422546305,7,18,1.302,1.303,60,0.612,167,57,0.612,194,167,57,0.0,1,1,0
43,21,56,4,1.3027586023228965,medium,susceptible,0,1,0.0,-1,-1,0,1,0,0,20.3,22.0,17.72150167496911,27.847621083316973,32.70991955229222,50.695167422546305,7,18,1.302,1.303,60,0.612,167,57,0.612,194,167,57,0.0,1,1,0
43,22,56,4,1.3027586023228965,medium,susceptible,0,1,0.0,-1,-1,0,1,0,0,20.3,22.0,17.72150167496911,27.847621083316973,32.70991955229222,50.695167422546305,7,18,1.302,1.303,60,0.612,167,57,0.612,194,167,57,0.0,1,1,0
43,23,56,4,1.3027586023228965,medium,susceptible,0,1,0.0,-1,-1,0,1,0,0,20.3,22.0,17.72150167496911,27.847621083316973,32.70991955229222,50.695167422546305,7,18,1.302,1.303,60,0.612,167,57,0.612,194,167,57,0.0,1,1,0
43,24,56,4,1.3027586023228965,medium,susceptible,0,1,0.0,-1,-1,0,1,0,0,20.3,22.0,17.72150167496911,27.847621083316973,32.70991955229222,50.695167422546305,7,18,1.302,1.303,60,0.612,167,57,0.612,194,167,57,0.0,1,1,0
43,25,56,4,1.3027586023228965,medium,susceptible,0,1,0.0,-1,-1,0,1,0,0,20.3,22.0,17.72150167496911,27.847621083316973,32.70991955229222,50.695167422546305,7,18,1.302,1.303,60,0.612,167,57,0.612,194,167,57,0.0,1,1,0
43,26,56,4,1.3027586023228965,medium,susceptible,0,1,0.0,-1,-1,0,1,0,0,20.3,22.0,17.72150167496911,27.847621083316973,32.70991955229222,50.695167422546305,7,18,1.302,1.303,60,0.612,167,57,0.612,194,167,57,0.0,1,1,0
43,27,56,4,1.3027586023228965,medium,susceptible,0,1,0.0,-1,-1,0,1,0,0,20.3,22.0,17.72150167496911,27.847621083316973,32.70991955229222,50.695167422546305,7,18,1.302,1.303,60,0.612,167,57,0.612,194,167,57,0.0,1,1,0
43,28,56,4,1.3027586023228965,medium,susceptible,0,1,0.0,-1,-1,0,1,0,0,20.3,22.0,17.72150167496911,27.847621083316973,32.70991955229222,50.695167422546305,7,18,1.302,1.303,60,0.612,167,57,0.612,194,167,57,0.0,1,1,0
43,29,56,4,1.3027586023228965,medium,susceptible,0,1,0.0,-1,-1,0,1,0,0,20.3,22.0,17.72150167496911,27.847621083316973,32.70991955229222,50.695167422546305,7,18,1.302,1.303,60,0.612,167,57,0.612,194,167,57,0.0,1,1,0
43,30,56,4,1.3027586023228965,medium,susceptible,0,1,0.0,-1,-1,0,1,0,0,20.3,22.0,17.72150167496911,27.847621083316973,32.70991955229222,50.695167422546305,7,18,1.302,1.303,60,0.612,167,57,0.612,194,167,57,0.0,1,1,0
43,31,56,4,1.3027586023228965,medium,susceptible,0,1,0.0,-1,-1,0,1,0,0,20.3,22.0,17.72150167496911,27.847621083316973,32.70991955229222,50.695167422546305,7,18,1.302,1.303,60,0.612,167,57,0.612,194,167,57,0.0,1,1,0
43,32,56,4,1.3027586023228965,medium,susceptible,0,1,0.0,-1,-1,0,1,0,0,20.3,22.0,17.72150167496911,27.847621083316973,32.70991955229222,50.695167422546305,7,18,1.302,1.303,60,0.612,167,57,0.612,194,167,57,0.0,1,1,0
43,33,56,4,1.3027586023228965,medium,susceptible,0,1,0.0,-1,-1,0,1,0,0,20.3,22.0,17.72150167496911,27.847621083316973,32.70991955229222,50.695167422546305,7,18,1.302,1.303,60,0.612,167,57,0.612,194,167,57,0.0,1,1,0
43,34,56,4,1.3027586023228965,medium,susceptible,0,1,0.0,-1,-1,0,1,0,0,20.3,22.0,17.72150167496911,27.847621083316973,32.70991955229222,50.695167422546305,7,18,1.302,1.303,60,0.612,167,57,0.612,194,167,57,0.0,1,1,0
43,35,56,4,1.3027586023228965,medium,susceptible,0,1,0.0,-1,-1,0,1,0,0,20.3,22.0,17.72150167496911,27.847621083316973,32.70991955229222,50.695167422546305,7,18,1.302,1.303,60,0.612,167,57,0.612,194,167,57,0.0,1,1,0
43,36,56,4,1.3027586023228965,medium,susceptible,0,1,0.0,-1,-1,0,1,0,0,20.3,22.0,17.72150167496911,27.847621083316973,32.70991955229222,50.695167422546305,7,18,1.302,1.303,60,0.612,167,57,0.612,194,167,57,0.0,1,1,0
43,37,56,4,1.3027586023228965,medium,susceptible,0,1,0.0,-1,-1,0,1,0,0,20.3,22.0,17.72150167496911,27.847621083316973,32.70991955229222,50.695167422546305,7,18,1.302,1.303,60,0.612,167,57,0.612,194,167,57,0.0,1,1,0
43,38,56,4,1.3027586023228965,medium,susceptible,0,1,0.0,-1,-1,0,1,0,0,20.3,22.0,17.72150167496911,27.847621083316973,32.70991955229222,50.695167422546305,7,18,1.302,1.303,60,0.612,167,57,0.612,194,167,57,0.0,1,1,0
43,39,56,4,1.3027586023228965,medium,susceptible,0,1,0.0,-1,-1,0,1,0,0,20.3,22.0,17.72150167496911,27.847621083316973,32.70991955229222,50.695167422546305,7,18,1.302,1.303,60,0.612,167,57,0.612,194,167,57,0.0,1,1,0
44,0,197,8,1.3020440846995756,strong,susceptible,0,1,0.0,-1,-1,1,0,0,0,29.1,17.5,16.887487299655934,29.43229518742974,28.021018280664812,49.678969393496885,7,18,1.302,1.303,60,0.612,167,57,0.612,194,167,57,0.0,1,1,0
44,1,197,8,1.3020440846995756,strong,susceptible,0,1,0.0,-1,-1,1,0,0,0,29.1,17.5,16.887487299655934,29.43229518742974,28.021018280664812,49.678969393496885,7,18,1.302,1.303,60,0.612,167,57,0.612,194,167,57,0.0,1,1,0
44,2,197,8,1.3020440846995756,strong,susceptible,0,1,0.0,-1,-1,1,0,0,0,29.1,17.5,16.887487299655934,29.43229518742974,28.021018280664812,49.678969393496885,7,18,1.302,1.303,60,0.612,167,57,0.612,194,167,57,0.0,1,1,0
44,3,197,8,1.3020440846995756,strong,susceptible,0,1,0.0,-1,-1,1,0,0,0,29.1,17.5,16.887487299655934,29.43229518742974,28.021018280664812,49.678969393496885,7,18,1.302,1.303,60,0.612,167,57,0.612,194,167,57,0.0,1,1,0
44,4,197,8,1.3020440846995756,strong,susceptible,0,1,0.0,-1,-1,1,0,0,0,29.1,17.5,16.887487299655934,29.43229518742974,28.021018280664812,49.678969393496885,7,18,1.302,1.303,60,0.612,167,57,0.612,194,167,57,0.0,1,1,0
44,5,197,8,1.3020440846995756,strong,susceptible,0,1,0.0,-1,-1,1,0,0,0,29.1,17.5,16.887487299655934,29.43229518742974,28.021018280664812,49.678969393496885,7,18,1.302,1.303,60,0.612,167,57,0.612,194,167,57,0.0,1,1,0
44,6,197,8,1.3020440846995756,strong,susceptible,0,1,0.0,-1,-1,1,0,0,0,29.1,17.5,16.887487299655934,29.43229518742974,28.021018280664812,49.678969393496885,7,18,1.302,1.303,60,0.612,167,57,0.612,194,167,57,0.0,1,1,0
44,7,197,8,1.3020440846995756,strong,susceptible,0,1,0.0,-1,-1,1,0,0,0,29.1,17.5,16.887487299655934,29.43229518742974,28.021018280664812,49.678969393496885,7,18,1.302,1.303,60,0.612,167,57,0.612,194,167,57,0.0,1,1,0
44,8,197,8,1.3020440846995756,strong,susceptible,0,1,0.0,-1,-1,1,0,0,0,29.1,17.5,16.887487299655934,29.43229518742974,28.021018280664812,49.678969393496885,7,18,1.302,1.303,60,0.612,167,57,0.612,194,167,57,0.0,1,1,0
44,9,197,8,1.3020440846995756,strong,susceptible,0,1,0.0,-1,-1,1,0,0,0,29.1,17.5,16.887487299655934,29.43229518742974,28.021018280664812,49.678969393496885,7,18,1.302,1.303,60,0.612,167,57,0.612,194,167,57,0.0,1,1,0
44,10,197,8,1.3020440846995756,strong,susceptible,0,1,0.0,-1,-1,1,0,0,0,29.1,17.5,16.887487299655934,29.43229518742974,28.021018280664812,49.678969393496885,7,18,1.302,1.303,60,0.612,167,57,0.612,194,167,57,0.0,1,1,0
44,11,197,8,1.3020440846995756,strong,susceptible,0,1,0.0,-1,-1,1,0,0,0,29.1,17.5,16.887487299655934,29.43229518742974,28.021018280664812,49.678969393496885,7,18,1.302,1.303,60,0.612,167,57,0.612,194,167,57,0.0,1,1,0
44,12,197,8,1.3020440846995756,strong,susceptible,0,1,0.0,-1,-1,1,0,0,0,29.1,17.5,16.887487299655934,29.43229518742974,28.021018280664812,49.678969393496885,7,18,1.302,1.303,60,0.612,167,57,0.612,194,167,57,0.0,1,1,0
44,13,197,8,1.3020440846995756,strong,susceptible,0,1,0.0,-1,-1,1,0,0,0,29.1,17.5,16.887487299655934,29.43229518742974,28.021018280664812,49.678969393496885,7,18,1.302,1.303,60,0.612,167,57,0.612,194,167,57,0.0,1,1,0
44,14,197,8,1.3020440846995756,strong,susceptible,0,1,0.0,-1,-1,1,0,0,0,29.1,17.5,16.887487299655934,29.43229518742974,28.021018280664812,49.678969393496885,7,18,1.302,1.303,60,0.612,167,57,0.612,194,167,57,0.0,1,1,0
44,15,197,8,1.3020440846995756,strong,susceptible,0,1,0.0,-1,-1,1,0,0,0,29.1,17.5,16.887487299655934,29.43229518742974,28.021018280664812,49.678969393496885,7,18,1.302,1.303,60,0.612,167,57,0.612,194,167,57,0.0,1,1,0
44,16,197,8,1.3020440846995756,strong,susceptible,0,1,0.0,-1,-1,1,0,0,0,29.1,17.5,16.887487299655934,29.43229518742974,28.021018280664812,49.678969393496885,7,18,1.302,1.303,60,0.612,167,57,0.612,194,167,57,0.0,1,1,0
44,17,197,8,1.3020440846995756,strong,susceptible,0,1,0.0,-1,-1,1,0,0,0,29.1,17.5,16.887487299655934,29.43229518742974,28.021018280664812,49.678969393496885,7,18,1.302,1.303,60,0.612,167,57,0.612,194,167,57,0.0,1,1,0
44,18,197,8,1.3020440846995756,strong,susceptible,0,1,0.0,-1,-1,1,0,0,0,29.1,17.5,16.887487299655934,29.43229518742974,28.021018280664812,49.678969393496885,7,18,1.302,1.303,60,0.612,167,57,0.612,194,167,57,0.0,1,1,0
44,19,197,8,1.3020440846995756,strong,susceptible,0,1,0.0,-1,-1,1,0,0,0,29.1,17.5,16.887487299655934,29.43229518742974,28.021018280664812,49.678969393496885,7,18,1.302,1.303,60,0.612,167,57,0.612,194,167,57,0.0,1,1,0
44,20,197,8,1.3020440846995756,strong,susceptible,0,1,0.0,-1,-1,1,0,0,0,29.1,17.5,16.887487299655934,29.43229518742974,28.021018280664812,49.678969393496885,7,18,1.302,1.303,60,0.612,167,57,0.612,194,167,57,0.0,1,1,0
44,21,197,8,1.3020440846995756,strong,susceptible,0,1,0.0,-1,-1,1,0,0,0,29.1,17.5,16.887487299655934,29.43229518742974,28.021018280664812,49.678969393496885,7,18,1.302,1.303,60,0.612,167,57,0.612,194,167,57,0.0,1,1,0
44,22,197,8,1.3020440846995756,strong,susceptible,0,1,0.0,-1,-1,1,0,0,0,29.1,17.5,16.887487299655934,29.43229518742974,28.021018280664812,49.678969393496885,7,18,1.302,1.303,60,0.612,167,57,0.612,194,167,57,0.0,1,1,0
44,23,197,8,1.3020440846995756,strong,susceptible,0,1,0.0,-1,-1,1,0,0,0,29.1,17.5,16.887487299655934,29.43229518742974,28.021018280664812,49.678969393496885,7,18,1.302,1.303,60,0.612,167,57,0.612,194,167,57,0.0,1,1,0
44,24,197,8,1.3020440846995756,strong,susceptible,0,1,0.0,-1,-1,1,0,0,0,29.1,17.5,16.887487299655934,29.43229518742974,28.021018280664812,49.678969393496885,7,18,1.302,1.303,60,0.612,167,57,0.612,194,167,57,0.0,1,1,0
44,25,197,8,1.3020440846995756,strong,susceptible,0,1,0.0,-1,-1,1,0,0,0,29.1,17.5,16.887487299655934,29.43229518742974,28.021018280664812,49.678969393496885,7,18,1.302,1.303,60,0.612,167,57,0.612,194,167,57,0.0,1,1,0
44,26,197,8,1.3020440846995756,strong,susceptible,0,1,0.0,-1,-1,1,0,0,0,29.1,17.5,16.887487299655934,29.43229518742974,28.021018280664812,49.678969393496885,7,18,1.302,1.303,60,0.612,167,57,0.612,194,167,57,0.0,1,1,0
44,27,197,8,1.3020440846995756,strong,susceptible,0,1,0.0,-1,-1,1,0,0,0,29.1,17.5,16.887487299655934,29.43229518742974,28.021018280664812,49.678969393496885,7,18,1.302,1.303,60,0.612,167,57,0.612,194,167,57,0.0,1,1,0
44,28,197,8,1.3020440846995756,strong,susceptible,0,1,0.0,-1,-1,1,0,0,0,29.1,17.5,16.887487299655934,29.43229518742974,28.021018280664812,49.678969393496885,7,18,1.302,1.303,60,0.612,167,57,0.612,194,167,57,0.0,1,1,0
44,29,197,8,1.3020440846995756,strong,susceptible,0,1,0.0,-1,-1,1,0,0,0,29.1,17.5,16.887487299655934,29.43229518742974,28.021018280664812,49.678969393496885,7,18,1.302,1.303,60,0.612,167,57,0.612,194,167,57,0.0,1,1,0
44,30,197,8,1.3020440846995756,strong,susceptible,0,1,0.0,-1,-1,1,0,0,0,29.1,17.5,16.887487299655934,29.43229518742974,28.021018280664812,49.678969393496885,7,18,1.302,1.303,60,0.612,167,57,0.612,194,167,57,0.0,1,1,0
44,31,197,8,1.3020440846995756,strong,infected,1,1,1.067,30,1,1,0,0,0,29.1,17.5,16.887487299655934,29.43229518742974,28.021018280664812,49.678969393496885,7,18,1.302,1.303,60,0.612,167,57,0.612,194,167,57,0.0,1,1,0
44,32,197,8,1.3020440846995756,strong,infected,1,1,7.798,30,2,1,0,0,0,29.1,17.5,16.887487299655934,29.43229518742974,28.021018280664812,49.678969393496885,7,18,1.302,1.303,60,0.612,167,57,0.612,194,167,57,0.0,1,1,0
44,33,197,8,1.3020440846995756,strong,infected,1,1,15.567,30,3,1,0,0,0,29.1,17.5,16.887487299655934,29.43229518742974,28.021018280664812,49.678969393496885,7,18,1.302,1.303,60,0.612,167,57,0.612,194,167,57,0.0,1,1,0
44,34,197,8,1.3020440846995756,strong,infected,1,1,18.731,30,4,1,0,0,0,29.1,17.5,16.887487299655934,29.43229518742974,28.021018280664812,49.678969393496885,7,18,1.302,1.303,60,0.612,167,57,0.612,194,167,57,0.0,1,1,0
44,35,197,8,1.3020440846995756,strong,infected,1,1,17.171,30,5,1,0,0,0,29.1,17.5,16.887487299655934,29.43229518742974,28.021018280664812,49.678969393496885,7,18,1.302,1.303,60,0.612,167,57,0.612,194,167,57,0.0,1,1,0
44,36,197,8,1.3020440846995756,strong,infected,1,1,13.278,30,6,1,0,0,0,29.1,17.5,16.887487299655934,29.43229518742974,28.021018280664812,49.678969393496885,7,18,1.302,1.303,60,0.612,167,57,0.612,194,167,57,0.0,1,1,0
44,37,197,8,1.3020440846995756,strong,infected,1,1,9.137,30,7,1,0,0,0,29.1,17.5,16.887487299655934,29.43229518742974,28.021018280664812,49.678969393496885,7,18,1.302,1.303,60,0.612,167,57,0.612,194,167,57,0.0,1,1,0
44,38,197,8,1.3020440846995756,strong,infected,1,1,5.776,30,8,1,0,0,0,29.1,17.5,16.887487299655934,29.43229518742974,28.021018280664812,49.678969393496885,7,18,1.302,1.303,60,0.612,167,57,0.612,194,167,57,0.0,1,1,0
44,39,197,8,1.3020440846995756,strong,infected,1,1,3.423,30,9,1,0,0,0,29.1,17.5,16.887487299655934,29.43229518742974,28.021018280664812,49.678969393496885,7,18,1.302,1.303,60,0.612,167,57,0.612,194,167,57,0.0,1,1,0
45,0,186,7,1.3027296058960938,medium,susceptible,0,1,0.0,-1,-1,0,1,0,0,21.1,28.1,20.042436406235076,31.7619268936883,27.24275574401209,45.70557952810576,7,18,1.302,1.303,60,0.612,167,57,0.612,194,167,57,0.0,1,1,0
45,1,186,7,1.3027296058960938,medium,susceptible,0,1,0.0,-1,-1,0,1,0,0,21.1,28.1,20.042436406235076,31.7619268936883,27.24275574401209,45.70557952810576,7,18,1.302,1.303,60,0.612,167,57,0.612,194,167,57,0.0,1,1,0
45,2,186,7,1.3027296058960938,medium,susceptible,0,1,0.0,-1,-1,0,1,0,0,21.1,28.1,20.042436406235076,31.7619268936883,27.24275574401209,45.70557952810576,7,18,1.302,1.303,60,0.612,167,57,0.612,194,167,57,0.0,1,1,0
45,3,186,7,1.3027296058960938,medium,susceptible,0,1,0.0,-1,-1,0,1,0,0,21.1,28.1,20.042436406235076,31.7619268936883,27.24275574401209,45.70557952810576,7,18,1.302,1.303,60,0.612,167,57,0.612,194,167,57,0.0,1,1,0
45,4,186,7,1.3027296058960938,medium,susceptible,0,1,0.0,-1,-1,0,1,0,0,21.1,28.1,20.042436406235076,31.7619268936883,27.24275574401209,45.70557952810576,7,18,1.302,1.303,60,0.612,167,57,0.612,194,167,57,0.0,1,1,0
45,5,186,7,1.3027296058960938,medium,susceptible,0,1,0.0,-1,-1,0,1,0,0,21.1,28.1,20.042436406235076,31.7619268936883,27.24275574401209,45.70557952810576,7,18,1.302,1.303,60,0.612,167,57,0.612,194,167,57,0.0,1,1,0
45,6,186,7,1.3027296058960938,medium,susceptible,0,1,0.0,-1,-1,0,1,0,0,21.1,28.1,20.042436406235076,31.7619268936883,27.24275574401209,45.70557952810576,7,18,1.302,1.303,60,0.612,167,57,0.612,194,167,57,0.0,1,1,0
45,7,186,7,1.3027296058960938,medium,susceptible,0,1,0.0,-1,-1,0,1,0,0,21.1,28.1,20.042436406235076,31.7619268936883,27.24275574401209,45.70557952810576,7,18,1.302,1.303,60,0.612,167,57,0.612,194,167,57,0.0,1,1,0
45,8,186,7,1.3027296058960938,medium,susceptible,0,1,0.0,-1,-1,0,1,0,0,21.1,28.1,20.042436406235076,31.7619268936883,27.24275574401209,45.70557952810576,7,18,1.302,1.303,60,0.612,167,57,0.612,194,167,57,0.0,1,1,0
45,9,186,7,1.3027296058960938,medium,susceptible,0,1,0.0,-1,-1,0,1,0,0,21.1,28.1,20.042436406235076,31.7619268936883,27.24275574401209,45.70557952810576,7,18,1.302,1.303,60,0.612,167,57,0.612,194,167,57,0.0,1,1,0
45,10,186,7,1.3027296058960938,medium,susceptible,0,1,0.0,-1,-1,0,1,0,0,21.1,28.1,20.042436406235076,31.7619268936883,27.24275574401209,45.70557952810576,7,18,1.302,1.303,60,0.612,167,57,0.612,194,167,57,0.0,1,1,0
45,11,186,7,1.3027296058960938,medium,susceptible,0,1,0.0,-1,-1,0,1,0,0,21.1,28.1,20.042436406235076,31.7619268936883,27.24275574401209,45.70557952810576,7,18,1.302,1.303,60,0.612,167,57,0.612,194,167,57,0.0,1,1,0
45,12,186,7,1.3027296058960938,medium,susceptible,0,1,0.0,-1,-1,0,1,0,0,21.1,28.1,20.042436406235076,31.7619268936883,27.24275574401209,45.70557952810576,7,18,1.302,1.303,60,0.612,167,57,0.612,194,167,57,0.0,1,1,0
45,13,186,7,1.3027296058960938,medium,susceptible,0,1,0.0,-1,-1,0,1,0,0,21.1,28.1,20.042436406235076,31.7619268936883,27.24275574401209,45.70557952810576,7,18,1.302,1.303,60,0.612,167,57,0.612,194,167,57,0.0,1,1,0
45,14,186,7,1.3027296058960938,medium,susceptible,0,1,0.0,-1,-1,0,1,0,0,21.1,28.1,20.042436406235076,31.7619268936883,27.24275574401209,45.70557952810576,7,18,1.302,1.303,60,0.612,167,57,0.612,194,167,57,0.0,1,1,0
45,15,186,7,1.3027296058960938,medium,susceptible,0,1,0.0,-1,-1,0,1,0,0,21.1,28.1,20.042436406235076,31.7619268936883,27.24275574401209,45.70557952810576,7,18,1.302,1.303,60,0.612,167,57,0.612,194,167,57,0.0,1,1,0
45,16,186,7,1.3027296058960938,medium,susceptible,0,1,0.0,-1,-1,0,1,0,0,21.1,28.1,20.042436406235076,31.7619268936883,27.24275574401209,45.70557952810576,7,18,1.302,1.303,60,0.612,167,57,0.612,194,167,57,0.0,1,1,0
45,17,186,7,1.3027296058960938,medium,susceptible,0,1,0.0,-1,-1,0,1,0,0,21.1,28.1,20.042436406235076,31.7619268936883,27.24275574401209,45.70557952810576,7,18,1.302,1.303,60,0.612,167,57,0.612,194,167,57,0.0,1,1,0
45,18,186,7,1.3027296058960938,medium,susceptible,0,1,0.0,-1,-1,0,1,0,0,21.1,28.1,20.042436406235076,31.7619268936883,27.24275574401209,45.70557952810576,7,18,1.302,1.303,60,0.612,167,57,0.612,194,167,57,0.0,1,1,0
45,19,186,7,1.3027296058960938,medium,susceptible,0,1,0.0,-1,-1,0,1,0,0,21.1,28.1,20.042436406235076,31.7619268936883,27.24275574401209,45.70557952810576,7,18,1.302,1.303,60,0.612,167,57,0.612,194,167,57,0.0,1,1,0
45,20,186,7,1.3027296058960938,medium,susceptible,0,1,0.0,-1,-1,0,1,0,0,21.1,28.1,20.042436406235076,31.7619268936883,27.24275574401209,45.70557952810576,7,18,1.302,1.303,60,0.612,167,57,0.612,194,167,57,0.0,1,1,0
45,21,186,7,1.3027296058960938,medium,susceptible,0,1,0.0,-1,-1,0,1,0,0,21.1,28.1,20.042436406235076,31.7619268936883,27.24275574401209,45.70557952810576,7,18,1.302,1.303,60,0.612,167,57,0.612,194,167,57,0.0,1,1,0
45,22,186,7,1.3027296058960938,medium,susceptible,0,1,0.0,-1,-1,0,1,0,0,21.1,28.1,20.042436406235076,31.7619268936883,27.24275574401209,45.70557952810576,7,18,1.302,1.303,60,0.612,167,57,0.612,194,167,57,0.0,1,1,0
45,23,186,7,1.3027296058960938,medium,susceptible,0,1,0.0,-1,-1,0,1,0,0,21.1,28.1,20.042436406235076,31.7619268936883,27.24275574401209,45.70557952810576,7,18,1.302,1.303,60,0.612,167,57,0.612,194,167,57,0.0,1,1,0
45,24,186,7,1.3027296058960938,medium,susceptible,0,1,0.0,-1,-1,0,1,0,0,21.1,28.1,20.042436406235076,31.7619268936883,27.24275574401209,45.70557952810576,7,18,1.302,1.303,60,0.612,167,57,0.612,194,167,57,0.0,1,1,0
45,25,186,7,1.3027296058960938,medium,susceptible,0,1,0.0,-1,-1,0,1,0,0,21.1,28.1,20.042436406235076,31.7619268936883,27.24275574401209,45.70557952810576,7,18,1.302,1.303,60,0.612,167,57,0.612,194,167,57,0.0,1,1,0
45,26,186,7,1.3027296058960938,medium,susceptible,0,1,0.0,-1,-1,0,1,0,0,21.1,28.1,20.042436406235076,31.7619268936883,27.24275574401209,45.70557952810576,7,18,1.302,1.303,60,0.612,167,57,0.612,194,167,57,0.0,1,1,0
45,27,186,7,1.3027296058960938,medium,susceptible,0,1,0.0,-1,-1,0,1,0,0,21.1,28.1,20.042436406235076,31.7619268936883,27.24275574401209,45.70557952810576,7,18,1.302,1.303,60,0.612,167,57,0.612,194,167,57,0.0,1,1,0
45,28,186,7,1.3027296058960938,medium,susceptible,0,1,0.0,-1,-1,0,1,0,0,21.1,28.1,20.042436406235076,31.7619268936883,27.24275574401209,45.70557952810576,7,18,1.302,1.303,60,0.612,167,57,0.612,194,167,57,0.0,1,1,0
45,29,186,7,1.3027296058960938,medium,susceptible,0,1,0.0,-1,-1,0,1,0,0,21.1,28.1,20.042436406235076,31.7619268936883,27.24275574401209,45.70557952810576,7,18,1.302,1.303,60,0.612,167,57,0.612,194,167,57,0.0,1,1,0
45,30,186,7,1.3027296058960938,medium,susceptible,0,1,0.0,-1,-1,0,1,0,0,21.1,28.1,20.042436406235076,31.7619268936883,27.24275574401209,45.70557952810576,7,18,1.302,1.303,60,0.612,167,57,0.612,194,167,57,0.0,1,1,0
45,31,186,7,1.3027296058960938,medium,susceptible,0,1,0.0,-1,-1,0,1,0,0,21.1,28.1,20.042436406235076,31.7619268936883,27.24275574401209,45.70557952810576,7,18,1.302,1.303,60,0.612,167,57,0.612,194,167,57,0.0,1,1,0
45,32,186,7,1.3027296058960938,medium,susceptible,0,1,0.0,-1,-1,0,1,0,0,21.1,28.1,20.042436406235076,31.7619268936883,27.24275574401209,45.70557952810576,7,18,1.302,1.303,60,0.612,167,57,0.612,194,167,57,0.0,1,1,0
45,33,186,7,1.3027296058960938,medium,susceptible,0,1,0.0,-1,-1,0,1,0,0,21.1,28.1,20.042436406235076,31.7619268936883,27.24275574401209,45.70557952810576,7,18,1.302,1.303,60,0.612,167,57,0.612,194,167,57,0.0,1,1,0
45,34,186,7,1.3027296058960938,medium,susceptible,0,1,0.0,-1,-1,0,1,0,0,21.1,28.1,20.042436406235076,31.7619268936883,27.24275574401209,45.70557952810576,7,18,1.302,1.303,60,0.612,167,57,0.612,194,167,57,0.0,1,1,0
45,35,186,7,1.3027296058960938,medium,susceptible,0,1,0.0,-1,-1,0,1,0,0,21.1,28.1,20.042436406235076,31.7619268936883,27.24275574401209,45.70557952810576,7,18,1.302,1.303,60,0.612,167,57,0.612,194,167,57,0.0,1,1,0
45,36,186,7,1.3027296058960938,medium,susceptible,0,1,0.0,-1,-1,0,1,0,0,21.1,28.1,20.042436406235076,31.7619268936883,27.24275574401209,45.70557952810576,7,18,1.302,1.303,60,0.612,167,57,0.612,194,167,57,0.0,1,1,0
45,37,186,7,1.3027296058960938,medium,susceptible,0,1,0.0,-1,-1,0,1,0,0,21.1,28.1,20.042436406235076,31.7619268936883,27.24275574401209,45.70557952810576,7,18,1.302,1.303,60,0.612,167,57,0.612,194,167,57,0.0,1,1,0
45,38,186,7,1.3027296058960938,medium,susceptible,0,1,0.0,-1,-1,0,1,0,0,21.1,28.1,20.042436406235076,31.7619268936883,27.24275574401209,45.70557952810576,7,18,1.302,1.303,60,0.612,167,57,0.612,194,167,57,0.0,1,1,0
45,39,186,7,1.3027296058960938,medium,susceptible,0,1,0.0,-1,-1,0,1,0,0,21.1,28.1,20.042436406235076,31.7619268936883,27.24275574401209,45.70557952810576,7,18,1.302,1.303,60,0.612,167,57,0.612,194,167,57,0.0,1,1,0
46,0,103,7,1.3024739016040343,compromised,susceptible,0,1,0.0,-1,-1,0,0,0,1,29.3,28.4,19.798111174083292,30.411346566701056,26.93233310102035,39.698866482558415,7,18,1.302,1.303,60,0.612,167,57,0.612,194,167,57,0.0,1,1,0
46,1,103,7,1.3024739016040343,compromised,susceptible,0,1,0.0,-1,-1,0,0,0,1,29.3,28.4,19.798111174083292,30.411346566701056,26.93233310102035,39.698866482558415,7,18,1.302,1.303,60,0.612,167,57,0.612,194,167,57,0.0,1,1,0
46,2,103,7,1.3024739016040343,compromised,susceptible,0,1,0.0,-1,-1,0,0,0,1,29.3,28.4,19.798111174083292,30.411346566701056,26.93233310102035,39.698866482558415,7,18,1.302,1.303,60,0.612,167,57,0.612,194,167,57,0.0,1,1,0
46,3,103,7,1.3024739016040343,compromised,susceptible,0,1,0.0,-1,-1,0,0,0,1,29.3,28.4,19.798111174083292,30.411346566701056,26.93233310102035,39.698866482558415,7,18,1.302,1.303,60,0.612,167,57,0.612,194,167,57,0.0,1,1,0
46,4,103,7,1.3024739016040343,compromised,susceptible,0,1,0.0,-1,-1,0,0,0,1,29.3,28.4,19.798111174083292,30.411346566701056,26.93233310102035,39.698866482558415,7,18,1.302,1.303,60,0.612,167,57,0.612,194,167,57,0.0,1,1,0
46,5,103,7,1.3024739016040343,compromised,susceptible,0,1,0.0,-1,-1,0,0,0,1,29.3,28.4,19.798111174083292,30.411346566701056,26.93233310102035,39.698866482558415,7,18,1.302,1.303,60,0.612,167,57,0.612,194,167,57,0.0,1,1,0
46,6,103,7,1.3024739016040343,compromised,susceptible,0,1,0.0,-1,-1,0,0,0,1,29.3,28.4,19.798111174083292,30.411346566701056,26.93233310102035,39.698866482558415,7,18,1.302,1.303,60,0.612,167,57,0.612,194,167,57,0.0,1,1,0
46,7,103,7,1.3024739016040343,compromised,susceptible,0,1,0.0,-1,-1,0,0,0,1,29.3,28.4,19.798111174083292,30.411346566701056,26.93233310102035,39.698866482558415,7,18,1.302,1.303,60,0.612,167,57,0.612,194,167,57,0.0,1,1,0
46,8,103,7,1.3024739016040343,compromised,susceptible,0,1,0.0,-1,-1,0,0,0,1,29.3,28.4,19.798111174083292,30.411346566701056,26.93233310102035,39.698866482558415,7,18,1.302,1.303,60,0.612,167,57,0.612,194,167,57,0.0,1,1,0
46,9,103,7,1.3024739016040343,compromised,susceptible,0,1,0.0,-1,-1,0,0,0,1,29.3,28.4,19.798111174083292,30.411346566701056,26.93233310102035,39.698866482558415,7,18,1.302,1.303,60,0.612,167,57,0.612,194,167,57,0.0,1,1,0
46,10,103,7,1.3024739016040343,compromised,susceptible,0,1,0.0,-1,-1,0,0,0,1,29.3,28.4,19.798111174083292,30.411346566701056,26.93233310102035,39.698866482558415,7,18,1.302,1.303,60,0.612,167,57,0.612,194,167,57,0.0,1,1,0
46,11,103,7,1.3024739016040343,compromised,susceptible,0,1,0.0,-1,-1,0,0,0,1,29.3,28.4,19.798111174083292,30.411346566701056,26.93233310102035,39.698866482558415,7,18,1.302,1.303,60,0.612,167,57,0.612,194,167,57,0.0,1,1,0
46,12,103,7,1.3024739016040343,compromised,susceptible,0,1,0.0,-1,-1,0,0,0,1,29.3,28.4,19.798111174083292,30.411346566701056,26.93233310102035,39.698866482558415,7,18,1.302,1.303,60,0.612,167,57,0.612,194,167,57,0.0,1,1,0
46,13,103,7,1.3024739016040343,compromised,susceptible,0,1,0.0,-1,-1,0,0,0,1,29.3,28.4,19.798111174083292,30.411346566701056,26.93233310102035,39.698866482558415,7,18,1.302,1.303,60,0.612,167,57,0.612,194,167,57,0.0,1,1,0
46,14,103,7,1.3024739016040343,compromised,susceptible,0,1,0.0,-1,-1,0,0,0,1,29.3,28.4,19.798111174083292,30.411346566701056,26.93233310102035,39.698866482558415,7,18,1.302,1.303,60,0.612,167,57,0.612,194,167,57,0.0,1,1,0
46,15,103,7,1.3024739016040343,compromised,susceptible,0,1,0.0,-1,-1,0,0,0,1,29.3,28.4,19.798111174083292,30.411346566701056,26.93233310102035,39.698866482558415,7,18,1.302,1.303,60,0.612,167,57,0.612,194,167,57,0.0,1,1,0
46,16,103,7,1.3024739016040343,compromised,susceptible,0,1,0.0,-1,-1,0,0,0,1,29.3,28.4,19.798111174083292,30.411346566701056,26.93233310102035,39.698866482558415,7,18,1.302,1.303,60,0.612,167,57,0.612,194,167,57,0.0,1,1,0
46,17,103,7,1.3024739016040343,compromised,susceptible,0,1,0.0,-1,-1,0,0,0,1,29.3,28.4,19.798111174083292,30.411346566701056,26.93233310102035,39.698866482558415,7,18,1.302,1.303,60,0.612,167,57,0.612,194,167,57,0.0,1,1,0
46,18,103,7,1.3024739016040343,compromised,susceptible,0,1,0.0,-1,-1,0,0,0,1,29.3,28.4,19.798111174083292,30.411346566701056,26.93233310102035,39.698866482558415,7,18,1.302,1.303,60,0.612,167,57,0.612,194,167,57,0.0,1,1,0
46,19,103,7,1.3024739016040343,compromised,susceptible,0,1,0.0,-1,-1,0,0,0,1,29.3,28.4,19.798111174083292,30.411346566701056,26.93233310102035,39.698866482558415,7,18,1.302,1.303,60,0.612,167,57,0.612,194,167,57,0.0,1,1,0
46,20,103,7,1.3024739016040343,compromised,susceptible,0,1,0.0,-1,-1,0,0,0,1,29.3,28.4,19.798111174083292,30.411346566701056,26.93233310102035,39.698866482558415,7,18,1.302,1.303,60,0.612,167,57,0.612,194,167,57,0.0,1,1,0
46,21,103,7,1.3024739016040343,compromised,susceptible,0,1,0.0,-1,-1,0,0,0,1,29.3,28.4,19.798111174083292,30.411346566701056,26.93233310102035,39.698866482558415,7,18,1.302,1.303,60,0.612,167,57,0.612,194,167,57,0.0,1,1,0
46,22,103,7,1.3024739016040343,compromised,susceptible,0,1,0.0,-1,-1,0,0,0,1,29.3,28.4,19.798111174083292,30.411346566701056,26.93233310102035,39.698866482558415,7,18,1.302,1.303,60,0.612,167,57,0.612,194,167,57,0.0,1,1,0
46,23,103,7,1.3024739016040343,compromised,susceptible,0,1,0.0,-1,-1,0,0,0,1,29.3,28.4,19.798111174083292,30.411346566701056,26.93233310102035,39.698866482558415,7,18,1.302,1.303,60,0.612,167,57,0.612,194,167,57,0.0,1,1,0
46,24,103,7,1.3024739016040343,compromised,susceptible,0,1,0.0,-1,-1,0,0,0,1,29.3,28.4,19.798111174083292,30.411346566701056,26.93233310102035,39.698866482558415,7,18,1.302,1.303,60,0.612,167,57,0.612,194,167,57,0.0,1,1,0
46,25,103,7,1.3024739016040343,compromised,susceptible,0,1,0.0,-1,-1,0,0,0,1,29.3,28.4,19.798111174083292,30.411346566701056,26.93233310102035,39.698866482558415,7,18,1.302,1.303,60,0.612,167,57,0.612,194,167,57,0.0,1,1,0
46,26,103,7,1.3024739016040343,compromised,susceptible,0,1,0.0,-1,-1,0,0,0,1,29.3,28.4,19.798111174083292,30.411346566701056,26.93233310102035,39.698866482558415,7,18,1.302,1.303,60,0.612,167,57,0.612,194,167,57,0.0,1,1,0
46,27,103,7,1.3024739016040343,compromised,susceptible,0,1,0.0,-1,-1,0,0,0,1,29.3,28.4,19.798111174083292,30.411346566701056,26.93233310102035,39.698866482558415,7,18,1.302,1.303,60,0.612,167,57,0.612,194,167,57,0.0,1,1,0
46,28,103,7,1.3024739016040343,compromised,susceptible,0,1,0.0,-1,-1,0,0,0,1,29.3,28.4,19.798111174083292,30.411346566701056,26.93233310102035,39.698866482558415,7,18,1.302,1.303,60,0.612,167,57,0.612,194,167,57,0.0,1,1,0
46,29,103,7,1.3024739016040343,compromised,susceptible,0,1,0.0,-1,-1,0,0,0,1,29.3,28.4,19.798111174083292,30.411346566701056,26.93233310102035,39.698866482558415,7,18,1.302,1.303,60,0.612,167,57,0.612,194,167,57,0.0,1,1,0
46,30,103,7,1.3024739016040343,compromised,susceptible,0,1,0.0,-1,-1,0,0,0,1,29.3,28.4,19.798111174083292,30.411346566701056,26.93233310102035,39.698866482558415,7,18,1.302,1.303,60,0.612,167,57,0.612,194,167,57,0.0,1,1,0
46,31,103,7,1.3024739016040343,compromised,susceptible,0,1,0.0,-1,-1,0,0,0,1,29.3,28.4,19.798111174083292,30.411346566701056,26.93233310102035,39.698866482558415,7,18,1.302,1.303,60,0.612,167,57,0.612,194,167,57,0.0,1,1,0
46,32,103,7,1.3024739016040343,compromised,susceptible,0,1,0.0,-1,-1,0,0,0,1,29.3,28.4,19.798111174083292,30.411346566701056,26.93233310102035,39.698866482558415,7,18,1.302,1.303,60,0.612,167,57,0.612,194,167,57,0.0,1,1,0
46,33,103,7,1.3024739016040343,compromised,susceptible,0,1,0.0,-1,-1,0,0,0,1,29.3,28.4,19.798111174083292,30.411346566701056,26.93233310102035,39.698866482558415,7,18,1.302,1.303,60,0.612,167,57,0.612,194,167,57,0.0,1,1,0
46,34,103,7,1.3024739016040343,compromised,susceptible,0,1,0.0,-1,-1,0,0,0,1,29.3,28.4,19.798111174083292,30.411346566701056,26.93233310102035,39.698866482558415,7,18,1.302,1.303,60,0.612,167,57,0.612,194,167,57,0.0,1,1,0
46,35,103,7,1.3024739016040343,compromised,susceptible,0,1,0.0,-1,-1,0,0,0,1,29.3,28.4,19.798111174083292,30.411346566701056,26.93233310102035,39.698866482558415,7,18,1.302,1.303,60,0.612,167,57,0.612,194,167,57,0.0,1,1,0
46,36,103,7,1.3024739016040343,compromised,susceptible,0,1,0.0,-1,-1,0,0,0,1,29.3,28.4,19.798111174083292,30.411346566701056,26.93233310102035,39.698866482558415,7,18,1.302,1.303,60,0.612,167,57,0.612,194,167,57,0.0,1,1,0
46,37,103,7,1.3024739016040343,compromised,susceptible,0,1,0.0,-1,-1,0,0,0,1,29.3,28.4,19.798111174083292,30.411346566701056,26.93233310102035,39.698866482558415,7,18,1.302,1.303,60,0.612,167,57,0.612,194,167,57,0.0,1,1,0
46,38,103,7,1.3024739016040343,compromised,susceptible,0,1,0.0,-1,-1,0,0,0,1,29.3,28.4,19.798111174083292,30.411346566701056,26.93233310102035,39.698866482558415,7,18,1.302,1.303,60,0.612,167,57,0.612,194,167,57,0.0,1,1,0
46,39,103,7,1.3024739016040343,compromised,susceptible,0,1,0.0,-1,-1,0,0,0,1,29.3,28.4,19.798111174083292,30.411346566701056,26.93233310102035,39.698866482558415,7,18,1.302,1.303,60,0.612,167,57,0.612,194,167,57,0.0,1,1,0
47,0,137,9,1.3026952133430216,medium,susceptible,0,1,0.0,-1,-1,0,1,0,0,27.4,25.3,20.965450592466972,25.056935167733503,32.07120171194588,46.06517122512408,7,18,1.302,1.303,60,0.612,167,57,0.612,194,167,57,0.0,1,1,0
47,1,137,9,1.3026952133430216,medium,susceptible,0,1,0.0,-1,-1,0,1,0,0,27.4,25.3,20.965450592466972,25.056935167733503,32.07120171194588,46.06517122512408,7,18,1.302,1.303,60,0.612,167,57,0.612,194,167,57,0.0,1,1,0
47,2,137,9,1.3026952133430216,medium,susceptible,0,1,0.0,-1,-1,0,1,0,0,27.4,25.3,20.965450592466972,25.056935167733503,32.07120171194588,46.06517122512408,7,18,1.302,1.303,60,0.612,167,57,0.612,194,167,57,0.0,1,1,0
47,3,137,9,1.3026952133430216,medium,susceptible,0,1,0.0,-1,-1,0,1,0,0,27.4,25.3,20.965450592466972,25.056935167733503,32.07120171194588,46.06517122512408,7,18,1.302,1.303,60,0.612,167,57,0.612,194,167,57,0.0,1,1,0
47,4,137,9,1.3026952133430216,medium,susceptible,0,1,0.0,-1,-1,0,1,0,0,27.4,25.3,20.965450592466972,25.056935167733503,32.07120171194588,46.06517122512408,7,18,1.302,1.303,60,0.612,167,57,0.612,194,167,57,0.0,1,1,0
47,5,137,9,1.3026952133430216,medium,susceptible,0,1,0.0,-1,-1,0,1,0,0,27.4,25.3,20.965450592466972,25.056935167733503,32.07120171194588,46.06517122512408,7,18,1.302,1.303,60,0.612,167,57,0.612,194,167,57,0.0,1,1,0
47,6,137,9,1.3026952133430216,medium,susceptible,0,1,0.0,-1,-1,0,1,0,0,27.4,25.3,20.965450592466972,25.056935167733503,32.07120171194588,46.06517122512408,7,18,1.302,1.303,60,0.612,167,57,0.612,194,167,57,0.0,1,1,0
47,7,137,9,1.3026952133430216,medium,susceptible,0,1,0.0,-1,-1,0,1,0,0,27.4,25.3,20.965450592466972,25.056935167733503,32.07120171194588,46.06517122512408,7,18,1.302,1.303,60,0.612,167,57,0.612,194,167,57,0.0,1,1,0
47,8,137,9,1.3026952133430216,medium,susceptible,0,1,0.0,-1,-1,0,1,0,0,27.4,25.3,20.965450592466972,25.056935167733503,32.07120171194588,46.06517122512408,7,18,1.302,1.303,60,0.612,167,57,0.612,194,167,57,0.0,1,1,0
47,9,137,9,1.3026952133430216,medium,susceptible,0,1,0.0,-1,-1,0,1,0,0,27.4,25.3,20.965450592466972,25.056935167733503,32.07120171194588,46.06517122512408,7,18,1.302,1.303,60,0.612,167,57,0.612,194,167,57,0.0,1,1,0
47,10,137,9,1.3026952133430216,medium,susceptible,0,1,0.0,-1,-1,0,1,0,0,27.4,25.3,20.965450592466972,25.056935167733503,32.07120171194588,46.06517122512408,7,18,1.302,1.303,60,0.612,167,57,0.612,194,167,57,0.0,1,1,0
47,11,137,9,1.3026952133430216,medium,susceptible,0,1,0.0,-1,-1,0,1,0,0,27.4,25.3,20.965450592466972,25.056935167733503,32.07120171194588,46.06517122512408,7,18,1.302,1.303,60,0.612,167,57,0.612,194,167,57,0.0,1,1,0
47,12,137,9,1.3026952133430216,medium,susceptible,0,1,0.0,-1,-1,0,1,0,0,27.4,25.3,20.965450592466972,25.056935167733503,32.07120171194588,46.06517122512408,7,18,1.302,1.303,60,0.612,167,57,0.612,194,167,57,0.0,1,1,0
47,13,137,9,1.3026952133430216,medium,susceptible,0,1,0.0,-1,-1,0,1,0,0,27.4,25.3,20.965450592466972,25.056935167733503,32.07120171194588,46.06517122512408,7,18,1.302,1.303,60,0.612,167,57,0.612,194,167,57,0.0,1,1,0
47,14,137,9,1.3026952133430216,medium,susceptible,0,1,0.0,-1,-1,0,1,0,0,27.4,25.3,20.965450592466972,25.056935167733503,32.07120171194588,46.06517122512408,7,18,1.302,1.303,60,0.612,167,57,0.612,194,167,57,0.0,1,1,0
47,15,137,9,1.3026952133430216,medium,susceptible,0,1,0.0,-1,-1,0,1,0,0,27.4,25.3,20.965450592466972,25.056935167733503,32.07120171194588,46.06517122512408,7,18,1.302,1.303,60,0.612,167,57,0.612,194,167,57,0.0,1,1,0
47,16,137,9,1.3026952133430216,medium,susceptible,0,1,0.0,-1,-1,0,1,0,0,27.4,25.3,20.965450592466972,25.056935167733503,32.07120171194588,46.06517122512408,7,18,1.302,1.303,60,0.612,167,57,0.612,194,167,57,0.0,1,1,0
47,17,137,9,1.3026952133430216,medium,susceptible,0,1,0.0,-1,-1,0,1,0,0,27.4,25.3,20.965450592466972,25.056935167733503,32.07120171194588,46.06517122512408,7,18,1.302,1.303,60,0.612,167,57,0.612,194,167,57,0.0,1,1,0
47,18,137,9,1.3026952133430216,medium,susceptible,0,1,0.0,-1,-1,0,1,0,0,27.4,25.3,20.965450592466972,25.056935167733503,32.07120171194588,46.06517122512408,7,18,1.302,1.303,60,0.612,167,57,0.612,194,167,57,0.0,1,1,0
47,19,137,9,1.3026952133430216,medium,susceptible,0,1,0.0,-1,-1,0,1,0,0,27.4,25.3,20.965450592466972,25.056935167733503,32.07120171194588,46.06517122512408,7,18,1.302,1.303,60,0.612,167,57,0.612,194,167,57,0.0,1,1,0
47,20,137,9,1.3026952133430216,medium,susceptible,0,1,0.0,-1,-1,0,1,0,0,27.4,25.3,20.965450592466972,25.056935167733503,32.07120171194588,46.06517122512408,7,18,1.302,1.303,60,0.612,167,57,0.612,194,167,57,0.0,1,1,0
47,21,137,9,1.3026952133430216,medium,susceptible,0,1,0.0,-1,-1,0,1,0,0,27.4,25.3,20.965450592466972,25.056935167733503,32.07120171194588,46.06517122512408,7,18,1.302,1.303,60,0.612,167,57,0.612,194,167,57,0.0,1,1,0
47,22,137,9,1.3026952133430216,medium,susceptible,0,1,0.0,-1,-1,0,1,0,0,27.4,25.3,20.965450592466972,25.056935167733503,32.07120171194588,46.06517122512408,7,18,1.302,1.303,60,0.612,167,57,0.612,194,167,57,0.0,1,1,0
47,23,137,9,1.3026952133430216,medium,susceptible,0,1,0.0,-1,-1,0,1,0,0,27.4,25.3,20.965450592466972,25.056935167733503,32.07120171194588,46.06517122512408,7,18,1.302,1.303,60,0.612,167,57,0.612,194,167,57,0.0,1,1,0
47,24,137,9,1.3026952133430216,medium,susceptible,0,1,0.0,-1,-1,0,1,0,0,27.4,25.3,20.965450592466972,25.056935167733503,32.07120171194588,46.06517122512408,7,18,1.302,1.303,60,0.612,167,57,0.612,194,167,57,0.0,1,1,0
47,25,137,9,1.3026952133430216,medium,susceptible,0,1,0.0,-1,-1,0,1,0,0,27.4,25.3,20.965450592466972,25.056935167733503,32.07120171194588,46.06517122512408,7,18,1.302,1.303,60,0.612,167,57,0.612,194,167,57,0.0,1,1,0
47,26,137,9,1.3026952133430216,medium,susceptible,0,1,0.0,-1,-1,0,1,0,0,27.4,25.3,20.965450592466972,25.056935167733503,32.07120171194588,46.06517122512408,7,18,1.302,1.303,60,0.612,167,57,0.612,194,167,57,0.0,1,1,0
47,27,137,9,1.3026952133430216,medium,susceptible,0,1,0.0,-1,-1,0,1,0,0,27.4,25.3,20.965450592466972,25.056935167733503,32.07120171194588,46.06517122512408,7,18,1.302,1.303,60,0.612,167,57,0.668,166,187,55,-0.05600000000000005,1,1,0
47,28,137,9,1.3026952133430216,medium,infected,1,1,0.365,27,1,0,1,0,0,27.4,25.3,20.965450592466972,25.056935167733503,32.07120171194588,46.06517122512408,7,18,1.302,1.303,60,0.612,167,57,0.612,194,167,57,0.0,1,1,0
47,29,137,9,1.3026952133430216,medium,infected,1,1,8.053,27,2,0,1,0,0,27.4,25.3,20.965450592466972,25.056935167733503,32.07120171194588,46.06517122512408,7,18,1.302,1.303,60,0.612,167,57,0.612,194,167,57,0.0,1,1,0
47,30,137,9,1.3026952133430216,medium,infected,1,1,22.733,27,3,0,1,0,0,27.4,25.3,20.965450592466972,25.056935167733503,32.07120171194588,46.06517122512408,7,18,1.302,1.303,60,0.612,167,57,0.612,194,167,57,0.0,1,1,0
47,31,137,9,1.3026952133430216,medium,infected,1,1,34.864,27,4,0,1,0,0,27.4,25.3,20.965450592466972,25.056935167733503,32.07120171194588,46.06517122512408,7,18,1.302,1.303,60,0.612,167,57,0.612,194,167,57,0.0,1,1,0
47,32,137,9,1.3026952133430216,medium,infected,1,1,39.687,27,5,0,1,0,0,27.4,25.3,20.965450592466972,25.056935167733503,32.07120171194588,46.06517122512408,7,18,1.302,1.303,60,0.612,167,57,0.572,214,159,58,0.040000000000000036,1,1,0
47,33,137,9,1.3026952133430216,medium,infected,1,1,37.84,27,6,0,1,0,0,27.4,25.3,20.965450592466972,25.056935167733503,32.07120171194588,46.06517122512408,7,18,1.302,1.303,60,0.612,167,57,0.612,194,167,57,0.0,1,1,0
47,34,137,9,1.3026952133430216,medium,infected,1,1,32.074,27,7,0,1,0,0,27.4,25.3,20.965450592466972,25.056935167733503,32.07120171194588,46.06517122512408,7,18,1.302,1.303,60,0.612,167,57,0.612,194,167,57,0.0,1,1,0
47,35,137,9,1.3026952133430216,medium,infected,1,1,25.001,27,8,0,1,0,0,27.4,25.3,20.965450592466972,25.056935167733503,32.07120171194588,46.06517122512408,7,18,1.302,1.303,60,0.612,167,57,0.612,194,167,57,0.0,1,1,0
47,36,137,9,1.3026952133430216,medium,infected,1,1,18.301,27,9,0,1,0,0,27.4,25.3,20.965450592466972,25.056935167733503,32.07120171194588,46.06517122512408,7,18,1.302,1.303,60,0.612,167,57,0.612,194,167,57,0.0,1,1,0
47,37,137,9,1.3026952133430216,medium,infected,1,1,12.759,27,10,0,1,0,0,27.4,25.3,20.965450592466972,25.056935167733503,32.07120171194588,46.06517122512408,7,18,1.302,1.303,60,0.612,167,57,0.612,194,167,57,0.0,1,1,0
47,38,137,9,1.3026952133430216,medium,infected,1,1,8.555,27,11,0,1,0,0,27.4,25.3,20.965450592466972,25.056935167733503,32.07120171194588,46.06517122512408,7,18,1.302,1.303,60,0.612,167,57,0.612,194,167,57,0.0,1,1,0
47,39,137,9,1.3026952133430216,medium,infected,1,1,5.556,27,12,0,1,0,0,27.4,25.3,20.965450592466972,25.056935167733503,32.07120171194588,46.06517122512408,7,18,1.302,1.303,60,0.612,167,57,0.612,194,167,57,0.0,1,1,0
48,0,88,4,1.302153568170205,medium,susceptible,0,1,0.0,-1,-1,0,1,0,0,30.5,28.0,20.775264403696376,35.64056677439347,28.294417216028897,43.04648650006177,7,18,1.302,1.303,60,0.612,167,57,0.612,194,167,57,0.0,1,1,0
48,1,88,4,1.302153568170205,medium,susceptible,0,1,0.0,-1,-1,0,1,0,0,30.5,28.0,20.775264403696376,35.64056677439347,28.294417216028897,43.04648650006177,7,18,1.302,1.303,60,0.612,167,57,0.612,194,167,57,0.0,1,1,0
48,2,88,4,1.302153568170205,medium,susceptible,0,1,0.0,-1,-1,0,1,0,0,30.5,28.0,20.775264403696376,35.64056677439347,28.294417216028897,43.04648650006177,7,18,1.302,1.303,60,0.612,167,57,0.612,194,167,57,0.0,1,1,0
48,3,88,4,1.302153568170205,medium,susceptible,0,1,0.0,-1,-1,0,1,0,0,30.5,28.0,20.775264403696376,35.64056677439347,28.294417216028897,43.04648650006177,7,18,1.302,1.303,60,0.612,167,57,0.612,194,167,57,0.0,1,1,0
48,4,88,4,1.302153568170205,medium,susceptible,0,1,0.0,-1,-1,0,1,0,0,30.5,28.0,20.775264403696376,35.64056677439347,28.294417216028897,43.04648650006177,7,18,1.302,1.303,60,0.612,167,57,0.612,194,167,57,0.0,1,1,0
48,5,88,4,1.302153568170205,medium,susceptible,0,1,0.0,-1,-1,0,1,0,0,30.5,28.0,20.775264403696376,35.64056677439347,28.294417216028897,43.04648650006177,7,18,1.302,1.303,60,0.612,167,57,0.612,194,167,57,0.0,1,1,0
48,6,88,4,1.302153568170205,medium,susceptible,0,1,0.0,-1,-1,0,1,0,0,30.5,28.0,20.775264403696376,35.64056677439347,28.294417216028897,43.04648650006177,7,18,1.302,1.303,60,0.612,167,57,0.612,194,167,57,0.0,1,1,0
48,7,88,4,1.302153568170205,medium,susceptible,0,1,0.0,-1,-1,0,1,0,0,30.5,28.0,20.775264403696376,35.64056677439347,28.294417216028897,43.04648650006177,7,18,1.302,1.303,60,0.612,167,57,0.612,194,167,57,0.0,1,1,0
48,8,88,4,1.302153568170205,medium,susceptible,0,1,0.0,-1,-1,0,1,0,0,30.5,28.0,20.775264403696376,35.64056677439347,28.294417216028897,43.04648650006177,7,18,1.302,1.303,60,0.612,167,57,0.612,194,167,57,0.0,1,1,0
48,9,88,4,1.302153568170205,medium,susceptible,0,1,0.0,-1,-1,0,1,0,0,30.5,28.0,20.775264403696376,35.64056677439347,28.294417216028897,43.04648650006177,7,18,1.302,1.303,60,0.612,167,57,0.612,194,167,57,0.0,1,1,0
48,10,88,4,1.302153568170205,medium,susceptible,0,1,0.0,-1,-1,0,1,0,0,30.5,28.0,20.775264403696376,35.64056677439347,28.294417216028897,43.04648650006177,7,18,1.302,1.303,60,0.612,167,57,0.612,194,167,57,0.0,1,1,0
48,11,88,4,1.302153568170205,medium,susceptible,0,1,0.0,-1,-1,0,1,0,0,30.5,28.0,20.775264403696376,35.64056677439347,28.294417216028897,43.04648650006177,7,18,1.302,1.303,60,0.612,167,57,0.612,194,167,57,0.0,1,1,0
48,12,88,4,1.302153568170205,medium,susceptible,0,1,0.0,-1,-1,0,1,0,0,30.5,28.0,20.775264403696376,35.64056677439347,28.294417216028897,43.04648650006177,7,18,1.302,1.303,60,0.612,167,57,0.612,194,167,57,0.0,1,1,0
48,13,88,4,1.302153568170205,medium,susceptible,0,1,0.0,-1,-1,0,1,0,0,30.5,28.0,20.775264403696376,35.64056677439347,28.294417216028897,43.04648650006177,7,18,1.302,1.303,60,0.612,167,57,0.612,194,167,57,0.0,1,1,0
48,14,88,4,1.302153568170205,medium,susceptible,0,1,0.0,-1,-1,0,1,0,0,30.5,28.0,20.775264403696376,35.64056677439347,28.294417216028897,43.04648650006177,7,18,1.302,1.303,60,0.612,167,57,0.612,194,167,57,0.0,1,1,0
48,15,88,4,1.302153568170205,medium,susceptible,0,1,0.0,-1,-1,0,1,0,0,30.5,28.0,20.775264403696376,35.64056677439347,28.294417216028897,43.04648650006177,7,18,1.302,1.303,60,0.612,167,57,0.612,194,167,57,0.0,1,1,0
48,16,88,4,1.302153568170205,medium,susceptible,0,1,0.0,-1,-1,0,1,0,0,30.5,28.0,20.775264403696376,35.64056677439347,28.294417216028897,43.04648650006177,7,18,1.302,1.303,60,0.612,167,57,0.612,194,167,57,0.0,1,1,0
48,17,88,4,1.302153568170205,medium,susceptible,0,1,0.0,-1,-1,0,1,0,0,30.5,28.0,20.775264403696376,35.64056677439347,28.294417216028897,43.04648650006177,7,18,1.302,1.303,60,0.612,167,57,0.612,194,167,57,0.0,1,1,0
48,18,88,4,1.302153568170205,medium,susceptible,0,1,0.0,-1,-1,0,1,0,0,30.5,28.0,20.775264403696376,35.64056677439347,28.294417216028897,43.04648650006177,7,18,1.302,1.303,60,0.612,167,57,0.612,194,167,57,0.0,1,1,0
48,19,88,4,1.302153568170205,medium,susceptible,0,1,0.0,-1,-1,0,1,0,0,30.5,28.0,20.775264403696376,35.64056677439347,28.294417216028897,43.04648650006177,7,18,1.302,1.303,60,0.612,167,57,0.612,194,167,57,0.0,1,1,0
48,20,88,4,1.302153568170205,medium,susceptible,0,1,0.0,-1,-1,0,1,0,0,30.5,28.0,20.775264403696376,35.64056677439347,28.294417216028897,43.04648650006177,7,18,1.302,1.303,60,0.612,167,57,0.612,194,167,57,0.0,1,1,0
48,21,88,4,1.302153568170205,medium,susceptible,0,1,0.0,-1,-1,0,1,0,0,30.5,28.0,20.775264403696376,35.64056677439347,28.294417216028897,43.04648650006177,7,18,1.302,1.303,60,0.612,167,57,0.612,194,167,57,0.0,1,1,0
48,22,88,4,1.302153568170205,medium,susceptible,0,1,0.0,-1,-1,0,1,0,0,30.5,28.0,20.775264403696376,35.64056677439347,28.294417216028897,43.04648650006177,7,18,1.302,1.303,60,0.612,167,57,0.612,194,167,57,0.0,1,1,0
48,23,88,4,1.302153568170205,medium,susceptible,0,1,0.0,-1,-1,0,1,0,0,30.5,28.0,20.775264403696376,35.64056677439347,28.294417216028897,43.04648650006177,7,18,1.302,1.303,60,0.612,167,57,0.612,194,167,57,0.0,1,1,0
48,24,88,4,1.302153568170205,medium,susceptible,0,1,0.0,-1,-1,0,1,0,0,30.5,28.0,20.775264403696376,35.64056677439347,28.294417216028897,43.04648650006177,7,18,1.302,1.303,60,0.612,167,57,0.612,194,167,57,0.0,1,1,0
48,25,88,4,1.302153568170205,medium,susceptible,0,1,0.0,-1,-1,0,1,0,0,30.5,28.0,20.775264403696376,35.64056677439347,28.294417216028897,43.04648650006177,7,18,1.302,1.303,60,0.612,167,57,0.612,194,167,57,0.0,1,1,0
48,26,88,4,1.302153568170205,medium,susceptible,0,1,0.0,-1,-1,0,1,0,0,30.5,28.0,20.775264403696376,35.64056677439347,28.294417216028897,43.04648650006177,7,18,1.302,1.303,60,0.612,167,57,0.612,194,167,57,0.0,1,1,0
48,27,88,4,1.302153568170205,medium,susceptible,0,1,0.0,-1,-1,0,1,0,0,30.5,28.0,20.775264403696376,35.64056677439347,28.294417216028897,43.04648650006177,7,18,1.302,1.303,60,0.612,167,57,0.612,194,167,57,0.0,1,1,0
48,28,88,4,1.302153568170205,medium,susceptible,0,1,0.0,-1,-1,0,1,0,0,30.5,28.0,20.775264403696376,35.64056677439347,28.294417216028897,43.04648650006177,7,18,1.302,1.303,60,0.612,167,57,0.612,194,167,57,0.0,1,1,0
48,29,88,4,1.302153568170205,medium,susceptible,0,1,0.0,-1,-1,0,1,0,0,30.5,28.0,20.775264403696376,35.64056677439347,28.294417216028897,43.04648650006177,7,18,1.302,1.303,60,0.612,167,57,0.612,194,167,57,0.0,1,1,0
48,30,88,4,1.302153568170205,medium,susceptible,0,1,0.0,-1,-1,0,1,0,0,30.5,28.0,20.775264403696376,35.64056677439347,28.294417216028897,43.04648650006177,7,18,1.302,1.303,60,0.612,167,57,0.612,194,167,57,0.0,1,1,0
48,31,88,4,1.302153568170205,medium,susceptible,0,1,0.0,-1,-1,0,1,0,0,30.5,28.0,20.775264403696376,35.64056677439347,28.294417216028897,43.04648650006177,7,18,1.302,1.303,60,0.612,167,57,0.612,194,167,57,0.0,1,1,0
48,32,88,4,1.302153568170205,medium,susceptible,0,1,0.0,-1,-1,0,1,0,0,30.5,28.0,20.775264403696376,35.64056677439347,28.294417216028897,43.04648650006177,7,18,1.302,1.303,60,0.612,167,57,0.612,194,167,57,0.0,1,1,0
48,33,88,4,1.302153568170205,medium,susceptible,0,1,0.0,-1,-1,0,1,0,0,30.5,28.0,20.775264403696376,35.64056677439347,28.294417216028897,43.04648650006177,7,18,1.302,1.303,60,0.612,167,57,0.612,194,167,57,0.0,1,1,0
48,34,88,4,1.302153568170205,medium,susceptible,0,1,0.0,-1,-1,0,1,0,0,30.5,28.0,20.775264403696376,35.64056677439347,28.294417216028897,43.04648650006177,7,18,1.302,1.303,60,0.612,167,57,0.612,194,167,57,0.0,1,1,0
48,35,88,4,1.302153568170205,medium,susceptible,0,1,0.0,-1,-1,0,1,0,0,30.5,28.0,20.775264403696376,35.64056677439347,28.294417216028897,43.04648650006177,7,18,1.302,1.303,60,0.612,167,57,0.612,194,167,57,0.0,1,1,0
48,36,88,4,1.302153568170205,medium,susceptible,0,1,0.0,-1,-1,0,1,0,0,30.5,28.0,20.775264403696376,35.64056677439347,28.294417216028897,43.04648650006177,7,18,1.302,1.303,60,0.612,167,57,0.612,194,167,57,0.0,1,1,0
48,37,88,4,1.302153568170205,medium,susceptible,0,1,0.0,-1,-1,0,1,0,0,30.5,28.0,20.775264403696376,35.64056677439347,28.294417216028897,43.04648650006177,7,18,1.302,1.303,60,0.612,167,57,0.612,194,167,57,0.0,1,1,0
48,38,88,4,1.302153568170205,medium,susceptible,0,1,0.0,-1,-1,0,1,0,0,30.5,28.0,20.775264403696376,35.64056677439347,28.294417216028897,43.04648650006177,7,18,1.302,1.303,60,0.612,167,57,0.612,194,167,57,0.0,1,1,0
48,39,88,4,1.302153568170205,medium,susceptible,0,1,0.0,-1,-1,0,1,0,0,30.5,28.0,20.775264403696376,35.64056677439347,28.294417216028897,43.04648650006177,7,18,1.302,1.303,60,0.612,167,57,0.612,194,167,57,0.0,1,1,0
49,0,151,8,1.3023435216124803,medium,susceptible,0,1,0.0,-1,-1,0,1,0,0,22.9,19.5,14.194199879229933,31.430240215435834,24.3142865902961,43.01162633521314,7,18,1.302,1.303,60,0.612,167,57,0.612,194,167,57,0.0,1,1,0
49,1,151,8,1.3023435216124803,medium,susceptible,0,1,0.0,-1,-1,0,1,0,0,22.9,19.5,14.194199879229933,31.430240215435834,24.3142865902961,43.01162633521314,7,18,1.302,1.303,60,0.612,167,57,0.612,194,167,57,0.0,1,1,0
49,2,151,8,1.3023435216124803,medium,susceptible,0,1,0.0,-1,-1,0,1,0,0,22.9,19.5,14.194199879229933,31.430240215435834,24.3142865902961,43.01162633521314,7,18,1.302,1.303,60,0.612,167,57,0.612,194,167,57,0.0,1,1,0
49,3,151,8,1.3023435216124803,medium,susceptible,0,1,0.0,-1,-1,0,1,0,0,22.9,19.5,14.194199879229933,31.430240215435834,24.3142865902961,43.01162633521314,7,18,1.302,1.303,60,0.612,167,57,0.612,194,167,57,0.0,1,1,0
49,4,151,8,1.3023435216124803,medium,susceptible,0,1,0.0,-1,-1,0,1,0,0,22.9,19.5,14.194199879229933,31.430240215435834,24.3142865902961,43.01162633521314,7,18,1.302,1.303,60,0.612,167,57,0.612,194,167,57,0.0,1,1,0
49,5,151,8,1.3023435216124803,medium,susceptible,0,1,0.0,-1,-1,0,1,0,0,22.9,19.5,14.194199879229933,31.430240215435834,24.3142865902961,43.01162633521314,7,18,1.302,1.303,60,0.612,167,57,0.612,194,167,57,0.0,1,1,0
49,6,151,8,1.3023435216124803,medium,susceptible,0,1,0.0,-1,-1,0,1,0,0,22.9,19.5,14.194199879229933,31.430240215435834,24.3142865902961,43.01162633521314,7,18,1.302,1.303,60,0.612,167,57,0.612,194,167,57,0.0,1,1,0
49,7,151,8,1.3023435216124803,medium,susceptible,0,1,0.0,-1,-1,0,1,0,0,22.9,19.5,14.194199879229933,31.430240215435834,24.3142865902961,43.01162633521314,7,18,1.302,1.303,60,0.612,167,57,0.612,194,167,57,0.0,1,1,0
49,8,151,8,1.3023435216124803,medium,susceptible,0,1,0.0,-1,-1,0,1,0,0,22.9,19.5,14.194199879229933,31.430240215435834,24.3142865902961,43.01162633521314,7,18,1.302,1.303,60,0.612,167,57,0.612,194,167,57,0.0,1,1,0
49,9,151,8,1.3023435216124803,medium,susceptible,0,1,0.0,-1,-1,0,1,0,0,22.9,19.5,14.194199879229933,31.430240215435834,24.3142865902961,43.01162633521314,7,18,1.302,1.303,60,0.612,167,57,0.612,194,167,57,0.0,1,1,0
49,10,151,8,1.3023435216124803,medium,susceptible,0,1,0.0,-1,-1,0,1,0,0,22.9,19.5,14.194199879229933,31.430240215435834,24.3142865902961,43.01162633521314,7,18,1.302,1.303,60,0.612,167,57,0.612,194,167,57,0.0,1,1,0
49,11,151,8,1.3023435216124803,medium,susceptible,0,1,0.0,-1,-1,0,1,0,0,22.9,19.5,14.194199879229933,31.430240215435834,24.3142865902961,43.01162633521314,7,18,1.302,1.303,60,0.612,167,57,0.612,194,167,57,0.0,1,1,0
49,12,151,8,1.3023435216124803,medium,susceptible,0,1,0.0,-1,-1,0,1,0,0,22.9,19.5,14.194199879229933,31.430240215435834,24.3142865902961,43.01162633521314,7,18,1.302,1.303,60,0.612,167,57,0.612,194,167,57,0.0,1,1,0
49,13,151,8,1.3023435216124803,medium,susceptible,0,1,0.0,-1,-1,0,1,0,0,22.9,19.5,14.194199879229933,31.430240215435834,24.3142865902961,43.01162633521314,7,18,1.302,1.303,60,0.612,167,57,0.612,194,167,57,0.0,1,1,0
49,14,151,8,1.3023435216124803,medium,susceptible,0,1,0.0,-1,-1,0,1,0,0,22.9,19.5,14.194199879229933,31.430240215435834,24.3142865902961,43.01162633521314,7,18,1.302,1.303,60,0.612,167,57,0.612,194,167,57,0.0,1,1,0
49,15,151,8,1.3023435216124803,medium,susceptible,0,1,0.0,-1,-1,0,1,0,0,22.9,19.5,14.194199879229933,31.430240215435834,24.3142865902961,43.01162633521314,7,18,1.302,1.303,60,0.612,167,57,0.612,194,167,57,0.0,1,1,0
49,16,151,8,1.3023435216124803,medium,susceptible,0,1,0.0,-1,-1,0,1,0,0,22.9,19.5,14.194199879229933,31.430240215435834,24.3142865902961,43.01162633521314,7,18,1.302,1.303,60,0.612,167,57,0.612,194,167,57,0.0,1,1,0
49,17,151,8,1.3023435216124803,medium,susceptible,0,1,0.0,-1,-1,0,1,0,0,22.9,19.5,14.194199879229933,31.430240215435834,24.3142865902961,43.01162633521314,7,18,1.302,1.303,60,0.612,167,57,0.612,194,167,57,0.0,1,1,0
49,18,151,8,1.3023435216124803,medium,susceptible,0,1,0.0,-1,-1,0,1,0,0,22.9,19.5,14.194199879229933,31.430240215435834,24.3142865902961,43.01162633521314,7,18,1.302,1.303,60,0.612,167,57,0.612,194,167,57,0.0,1,1,0
49,19,151,8,1.3023435216124803,medium,susceptible,0,1,0.0,-1,-1,0,1,0,0,22.9,19.5,14.194199879229933,31.430240215435834,24.3142865902961,43.01162633521314,7,18,1.302,1.303,60,0.612,167,57,0.612,194,167,57,0.0,1,1,0
49,20,151,8,1.3023435216124803,medium,susceptible,0,1,0.0,-1,-1,0,1,0,0,22.9,19.5,14.194199879229933,31.430240215435834,24.3142865902961,43.01162633521314,7,18,1.302,1.303,60,0.612,167,57,0.612,194,167,57,0.0,1,1,0
49,21,151,8,1.3023435216124803,medium,susceptible,0,1,0.0,-1,-1,0,1,0,0,22.9,19.5,14.194199879229933,31.430240215435834,24.3142865902961,43.01162633521314,7,18,1.302,1.303,60,0.612,167,57,0.612,194,167,57,0.0,1,1,0
49,22,151,8,1.3023435216124803,medium,susceptible,0,1,0.0,-1,-1,0,1,0,0,22.9,19.5,14.194199879229933,31.430240215435834,24.3142865902961,43.01162633521314,7,18,1.302,1.303,60,0.612,167,57,0.612,194,167,57,0.0,1,1,0
49,23,151,8,1.3023435216124803,medium,susceptible,0,1,0.0,-1,-1,0,1,0,0,22.9,19.5,14.194199879229933,31.430240215435834,24.3142865902961,43.01162633521314,7,18,1.302,1.303,60,0.612,167,57,0.612,194,167,57,0.0,1,1,0
49,24,151,8,1.3023435216124803,medium,susceptible,0,1,0.0,-1,-1,0,1,0,0,22.9,19.5,14.194199879229933,31.430240215435834,24.3142865902961,43.01162633521314,7,18,1.302,1.303,60,0.612,167,57,0.612,194,167,57,0.0,1,1,0
49,25,151,8,1.3023435216124803,medium,susceptible,0,1,0.0,-1,-1,0,1,0,0,22.9,19.5,14.194199879229933,31.430240215435834,24.3142865902961,43.01162633521314,7,18,1.302,1.303,60,0.612,167,57,0.612,194,167,57,0.0,1,1,0
49,26,151,8,1.3023435216124803,medium,susceptible,0,1,0.0,-1,-1,0,1,0,0,22.9,19.5,14.194199879229933,31.430240215435834,24.3142865902961,43.01162633521314,7,18,1.302,1.303,60,0.612,167,57,0.612,194,167,57,0.0,1,1,0
49,27,151,8,1.3023435216124803,medium,susceptible,0,1,0.0,-1,-1,0,1,0,0,22.9,19.5,14.194199879229933,31.430240215435834,24.3142865902961,43.01162633521314,7,18,1.302,1.303,60,0.612,167,57,0.612,194,167,57,0.0,1,1,0
49,28,151,8,1.3023435216124803,medium,susceptible,0,1,0.0,-1,-1,0,1,0,0,22.9,19.5,14.194199879229933,31.430240215435834,24.3142865902961,43.01162633521314,7,18,1.302,1.303,60,0.612,167,57,0.612,194,167,57,0.0,1,1,0
49,29,151,8,1.3023435216124803,medium,susceptible,0,1,0.0,-1,-1,0,1,0,0,22.9,19.5,14.194199879229933,31.430240215435834,24.3142865902961,43.01162633521314,7,18,1.302,1.303,60,0.612,167,57,0.612,194,167,57,0.0,1,1,0
49,30,151,8,1.3023435216124803,medium,susceptible,0,1,0.0,-1,-1,0,1,0,0,22.9,19.5,14.194199879229933,31.430240215435834,24.3142865902961,43.01162633521314,7,18,1.302,1.303,60,0.612,167,57,0.612,194,167,57,0.0,1,1,0
49,31,151,8,1.3023435216124803,medium,susceptible,0,1,0.0,-1,-1,0,1,0,0,22.9,19.5,14.194199879229933,31.430240215435834,24.3142865902961,43.01162633521314,7,18,1.302,1.303,60,0.612,167,57,0.612,194,167,57,0.0,1,1,0
49,32,151,8,1.3023435216124803,medium,susceptible,0,1,0.0,-1,-1,0,1,0,0,22.9,19.5,14.194199879229933,31.430240215435834,24.3142865902961,43.01162633521314,7,18,1.302,1.303,60,0.612,167,57,0.612,194,167,57,0.0,1,1,0
49,33,151,8,1.3023435216124803,medium,susceptible,0,1,0.0,-1,-1,0,1,0,0,22.9,19.5,14.194199879229933,31.430240215435834,24.3142865902961,43.01162633521314,7,18,1.302,1.303,60,0.612,167,57,0.612,194,167,57,0.0,1,1,0
49,34,151,8,1.3023435216124803,medium,susceptible,0,1,0.0,-1,-1,0,1,0,0,22.9,19.5,14.194199879229933,31.430240215435834,24.3142865902961,43.01162633521314,7,18,1.302,1.303,60,0.612,167,57,0.612,194,167,57,0.0,1,1,0
49,35,151,8,1.3023435216124803,medium,susceptible,0,1,0.0,-1,-1,0,1,0,0,22.9,19.5,14.194199879229933,31.430240215435834,24.3142865902961,43.01162633521314,7,18,1.302,1.303,60,0.612,167,57,0.612,194,167,57,0.0,1,1,0
49,36,151,8,1.3023435216124803,medium,susceptible,0,1,0.0,-1,-1,0,1,0,0,22.9,19.5,14.194199879229933,31.430240215435834,24.3142865902961,43.01162633521314,7,18,1.302,1.303,60,0.612,167,57,0.612,194,167,57,0.0,1,1,0
49,37,151,8,1.3023435216124803,medium,susceptible,0,1,0.0,-1,-1,0,1,0,0,22.9,19.5,14.194199879229933,31.430240215435834,24.3142865902961,43.01162633521314,7,18,1.302,1.303,60,0.612,167,57,0.612,194,167,57,0.0,1,1,0
49,38,151,8,1.3023435216124803,medium,susceptible,0,1,0.0,-1,-1,0,1,0,0,22.9,19.5,14.194199879229933,31.430240215435834,24.3142865902961,43.01162633521314,7,18,1.302,1.303,60,0.612,167,57,0.612,194,167,57,0.0,1,1,0
49,39,151,8,1.3023435216124803,medium,susceptible,0,1,0.0,-1,-1,0,1,0,0,22.9,19.5,14.194199879229933,31.430240215435834,24.3142865902961,43.01162633521314,7,18,1.302,1.303,60,0.612,167,57,0.612,194,167,57,0.0,1,1,0
50,0,146,2,1.3025442559510272,strong,susceptible,0,1,0.0,-1,-1,1,0,0,0,23.7,21.9,17.35691140583667,28.908476265621474,25.81449376789616,42.485291572496,7,18,1.302,1.303,60,0.612,167,57,0.612,194,167,57,0.0,1,1,0
50,1,146,2,1.3025442559510272,strong,susceptible,0,1,0.0,-1,-1,1,0,0,0,23.7,21.9,17.35691140583667,28.908476265621474,25.81449376789616,42.485291572496,7,18,1.302,1.303,60,0.612,167,57,0.612,194,167,57,0.0,1,1,0
50,2,146,2,1.3025442559510272,strong,susceptible,0,1,0.0,-1,-1,1,0,0,0,23.7,21.9,17.35691140583667,28.908476265621474,25.81449376789616,42.485291572496,7,18,1.302,1.303,60,0.612,167,57,0.612,194,167,57,0.0,1,1,0
50,3,146,2,1.3025442559510272,strong,susceptible,0,1,0.0,-1,-1,1,0,0,0,23.7,21.9,17.35691140583667,28.908476265621474,25.81449376789616,42.485291572496,7,18,1.302,1.303,60,0.612,167,57,0.612,194,167,57,0.0,1,1,0
50,4,146,2,1.3025442559510272,strong,susceptible,0,1,0.0,-1,-1,1,0,0,0,23.7,21.9,17.35691140583667,28.908476265621474,25.81449376789616,42.485291572496,7,18,1.302,1.303,60,0.612,167,57,0.612,194,167,57,0.0,1,1,0
50,5,146,2,1.3025442559510272,strong,susceptible,0,1,0.0,-1,-1,1,0,0,0,23.7,21.9,17.35691140583667,28.908476265621474,25.81449376789616,42.485291572496,7,18,1.302,1.303,60,0.612,167,57,0.612,194,167,57,0.0,1,1,0
50,6,146,2,1.3025442559510272,strong,susceptible,0,1,0.0,-1,-1,1,0,0,0,23.7,21.9,17.35691140583667,28.908476265621474,25.81449376789616,42.485291572496,7,18,1.302,1.303,60,0.612,167,57,0.612,194,167,57,0.0,1,1,0
50,7,146,2,1.3025442559510272,strong,susceptible,0,1,0.0,-1,-1,1,0,0,0,23.7,21.9,17.35691140583667,28.908476265621474,25.81449376789616,42.485291572496,7,18,1.302,1.303,60,0.612,167,57,0.612,194,167,57,0.0,1,1,0
50,8,146,2,1.3025442559510272,strong,susceptible,0,1,0.0,-1,-1,1,0,0,0,23.7,21.9,17.35691140583667,28.908476265621474,25.81449376789616,42.485291572496,7,18,1.302,1.303,60,0.612,167,57,0.612,194,167,57,0.0,1,1,0
50,9,146,2,1.3025442559510272,strong,susceptible,0,1,0.0,-1,-1,1,0,0,0,23.7,21.9,17.35691140583667,28.908476265621474,25.81449376789616,42.485291572496,7,18,1.302,1.303,60,0.612,167,57,0.612,194,167,57,0.0,1,1,0
50,10,146,2,1.3025442559510272,strong,susceptible,0,1,0.0,-1,-1,1,0,0,0,23.7,21.9,17.35691140583667,28.908476265621474,25.81449376789616,42.485291572496,7,18,1.302,1.303,60,0.612,167,57,0.612,194,167,57,0.0,1,1,0
50,11,146,2,1.3025442559510272,strong,susceptible,0,1,0.0,-1,-1,1,0,0,0,23.7,21.9,17.35691140583667,28.908476265621474,25.81449376789616,42.485291572496,7,18,1.302,1.303,60,0.612,167,57,0.612,194,167,57,0.0,1,1,0
50,12,146,2,1.3025442559510272,strong,susceptible,0,1,0.0,-1,-1,1,0,0,0,23.7,21.9,17.35691140583667,28.908476265621474,25.81449376789616,42.485291572496,7,18,1.302,1.303,60,0.612,167,57,0.612,194,167,57,0.0,1,1,0
50,13,146,2,1.3025442559510272,strong,susceptible,0,1,0.0,-1,-1,1,0,0,0,23.7,21.9,17.35691140583667,28.908476265621474,25.81449376789616,42.485291572496,7,18,1.302,1.303,60,0.612,167,57,0.612,194,167,57,0.0,1,1,0
50,14,146,2,1.3025442559510272,strong,susceptible,0,1,0.0,-1,-1,1,0,0,0,23.7,21.9,17.35691140583667,28.908476265621474,25.81449376789616,42.485291572496,7,18,1.302,1.303,60,0.612,167,57,0.612,194,167,57,0.0,1,1,0
50,15,146,2,1.3025442559510272,strong,susceptible,0,1,0.0,-1,-1,1,0,0,0,23.7,21.9,17.35691140583667,28.908476265621474,25.81449376789616,42.485291572496,7,18,1.302,1.303,60,0.612,167,57,0.612,194,167,57,0.0,1,1,0
50,16,146,2,1.3025442559510272,strong,susceptible,0,1,0.0,-1,-1,1,0,0,0,23.7,21.9,17.35691140583667,28.908476265621474,25.81449376789616,42.485291572496,7,18,1.302,1.303,60,0.612,167,57,0.612,194,167,57,0.0,1,1,0
50,17,146,2,1.3025442559510272,strong,susceptible,0,1,0.0,-1,-1,1,0,0,0,23.7,21.9,17.35691140583667,28.908476265621474,25.81449376789616,42.485291572496,7,18,1.302,1.303,60,0.612,167,57,0.612,194,167,57,0.0,1,1,0
50,18,146,2,1.3025442559510272,strong,susceptible,0,1,0.0,-1,-1,1,0,0,0,23.7,21.9,17.35691140583667,28.908476265621474,25.81449376789616,42.485291572496,7,18,1.302,1.303,60,0.612,167,57,0.612,194,167,57,0.0,1,1,0
50,19,146,2,1.3025442559510272,strong,susceptible,0,1,0.0,-1,-1,1,0,0,0,23.7,21.9,17.35691140583667,28.908476265621474,25.81449376789616,42.485291572496,7,18,1.302,1.303,60,0.612,167,57,0.612,194,167,57,0.0,1,1,0
50,20,146,2,1.3025442559510272,strong,susceptible,0,1,0.0,-1,-1,1,0,0,0,23.7,21.9,17.35691140583667,28.908476265621474,25.81449376789616,42.485291572496,7,18,1.302,1.303,60,0.612,167,57,0.612,194,167,57,0.0,1,1,0
50,21,146,2,1.3025442559510272,strong,susceptible,0,1,0.0,-1,-1,1,0,0,0,23.7,21.9,17.35691140583667,28.908476265621474,25.81449376789616,42.485291572496,7,18,1.302,1.303,60,0.612,167,57,0.612,194,167,57,0.0,1,1,0
50,22,146,2,1.3025442559510272,strong,susceptible,0,1,0.0,-1,-1,1,0,0,0,23.7,21.9,17.35691140583667,28.908476265621474,25.81449376789616,42.485291572496,7,18,1.302,1.303,60,0.612,167,57,0.612,194,167,57,0.0,1,1,0
50,23,146,2,1.3025442559510272,strong,susceptible,0,1,0.0,-1,-1,1,0,0,0,23.7,21.9,17.35691140583667,28.908476265621474,25.81449376789616,42.485291572496,7,18,1.302,1.303,60,0.612,167,57,0.612,194,167,57,0.0,1,1,0
50,24,146,2,1.3025442559510272,strong,susceptible,0,1,0.0,-1,-1,1,0,0,0,23.7,21.9,17.35691140583667,28.908476265621474,25.81449376789616,42.485291572496,7,18,1.302,1.303,60,0.612,167,57,0.612,194,167,57,0.0,1,1,0
50,25,146,2,1.3025442559510272,strong,susceptible,0,1,0.0,-1,-1,1,0,0,0,23.7,21.9,17.35691140583667,28.908476265621474,25.81449376789616,42.485291572496,7,18,1.302,1.303,60,0.612,167,57,0.612,194,167,57,0.0,1,1,0
50,26,146,2,1.3025442559510272,strong,susceptible,0,1,0.0,-1,-1,1,0,0,0,23.7,21.9,17.35691140583667,28.908476265621474,25.81449376789616,42.485291572496,7,18,1.302,1.303,60,0.612,167,57,0.612,194,167,57,0.0,1,1,0
50,27,146,2,1.3025442559510272,strong,susceptible,0,1,0.0,-1,-1,1,0,0,0,23.7,21.9,17.35691140583667,28.908476265621474,25.81449376789616,42.485291572496,7,18,1.302,1.303,60,0.612,167,57,0.612,194,167,57,0.0,1,1,0
50,28,146,2,1.3025442559510272,strong,susceptible,0,1,0.0,-1,-1,1,0,0,0,23.7,21.9,17.35691140583667,28.908476265621474,25.81449376789616,42.485291572496,7,18,1.302,1.303,60,0.612,167,57,0.612,194,167,57,0.0,1,1,0
50,29,146,2,1.3025442559510272,strong,susceptible,0,1,0.0,-1,-1,1,0,0,0,23.7,21.9,17.35691140583667,28.908476265621474,25.81449376789616,42.485291572496,7,18,1.302,1.303,60,0.612,167,57,0.612,194,167,57,0.0,1,1,0
50,30,146,2,1.3025442559510272,strong,susceptible,0,1,0.0,-1,-1,1,0,0,0,23.7,21.9,17.35691140583667,28.908476265621474,25.81449376789616,42.485291572496,7,18,1.302,1.303,60,0.612,167,57,0.612,194,167,57,0.0,1,1,0
50,31,146,2,1.3025442559510272,strong,susceptible,0,1,0.0,-1,-1,1,0,0,0,23.7,21.9,17.35691140583667,28.908476265621474,25.81449376789616,42.485291572496,7,18,1.302,1.303,60,0.612,167,57,0.612,194,167,57,0.0,1,1,0
50,32,146,2,1.3025442559510272,strong,susceptible,0,1,0.0,-1,-1,1,0,0,0,23.7,21.9,17.35691140583667,28.908476265621474,25.81449376789616,42.485291572496,7,18,1.302,1.303,60,0.612,167,57,0.612,194,167,57,0.0,1,1,0
50,33,146,2,1.3025442559510272,strong,susceptible,0,1,0.0,-1,-1,1,0,0,0,23.7,21.9,17.35691140583667,28.908476265621474,25.81449376789616,42.485291572496,7,18,1.302,1.303,60,0.612,167,57,0.612,194,167,57,0.0,1,1,0
50,34,146,2,1.3025442559510272,strong,susceptible,0,1,0.0,-1,-1,1,0,0,0,23.7,21.9,17.35691140583667,28.908476265621474,25.81449376789616,42.485291572496,7,18,1.302,1.303,60,0.612,167,57,0.612,194,167,57,0.0,1,1,0
50,35,146,2,1.3025442559510272,strong,susceptible,0,1,0.0,-1,-1,1,0,0,0,23.7,21.9,17.35691140583667,28.908476265621474,25.81449376789616,42.485291572496,7,18,1.302,1.303,60,0.612,167,57,0.612,194,167,57,0.0,1,1,0
50,36,146,2,1.3025442559510272,strong,susceptible,0,1,0.0,-1,-1,1,0,0,0,23.7,21.9,17.35691140583667,28.908476265621474,25.81449376789616,42.485291572496,7,18,1.302,1.303,60,0.612,167,57,0.612,194,167,57,0.0,1,1,0
50,37,146,2,1.3025442559510272,strong,susceptible,0,1,0.0,-1,-1,1,0,0,0,23.7,21.9,17.35691140583667,28.908476265621474,25.81449376789616,42.485291572496,7,18,1.302,1.303,60,0.612,167,57,0.612,194,167,57,0.0,1,1,0
50,38,146,2,1.3025442559510272,strong,susceptible,0,1,0.0,-1,-1,1,0,0,0,23.7,21.9,17.35691140583667,28.908476265621474,25.81449376789616,42.485291572496,7,18,1.302,1.303,60,0.612,167,57,0.612,194,167,57,0.0,1,1,0
50,39,146,2,1.3025442559510272,strong,susceptible,0,1,0.0,-1,-1,1,0,0,0,23.7,21.9,17.35691140583667,28.908476265621474,25.81449376789616,42.485291572496,7,18,1.302,1.303,60,0.612,167,57,0.612,194,167,57,0.0,1,1,0
51,0,134,2,1.302334629062184,strong,susceptible,0,1,0.0,-1,-1,1,0,0,0,28.3,26.9,19.942983386906132,33.20391543176798,29.41300582551989,41.340053217188775,7,18,1.302,1.303,60,0.612,167,57,0.612,194,167,57,0.0,1,1,0
51,1,134,2,1.302334629062184,strong,susceptible,0,1,0.0,-1,-1,1,0,0,0,28.3,26.9,19.942983386906132,33.20391543176798,29.41300582551989,41.340053217188775,7,18,1.302,1.303,60,0.612,167,57,0.612,194,167,57,0.0,1,1,0
51,2,134,2,1.302334629062184,strong,susceptible,0,1,0.0,-1,-1,1,0,0,0,28.3,26.9,19.942983386906132,33.20391543176798,29.41300582551989,41.340053217188775,7,18,1.302,1.303,60,0.612,167,57,0.612,194,167,57,0.0,1,1,0
51,3,134,2,1.302334629062184,strong,susceptible,0,1,0.0,-1,-1,1,0,0,0,28.3,26.9,19.942983386906132,33.20391543176798,29.41300582551989,41.340053217188775,7,18,1.302,1.303,60,0.612,167,57,0.612,194,167,57,0.0,1,1,0
51,4,134,2,1.302334629062184,strong,susceptible,0,1,0.0,-1,-1,1,0,0,0,28.3,26.9,19.942983386906132,33.20391543176798,29.41300582551989,41.340053217188775,7,18,1.302,1.303,60,0.612,167,57,0.612,194,167,57,0.0,1,1,0
51,5,134,2,1.302334629062184,strong,susceptible,0,1,0.0,-1,-1,1,0,0,0,28.3,26.9,19.942983386906132,33.20391543176798,29.41300582551989,41.340053217188775,7,18,1.302,1.303,60,0.612,167,57,0.612,194,167,57,0.0,1,1,0
51,6,134,2,1.302334629062184,strong,susceptible,0,1,0.0,-1,-1,1,0,0,0,28.3,26.9,19.942983386906132,33.20391543176798,29.41300582551989,41.340053217188775,7,18,1.302,1.303,60,0.612,167,57,0.612,194,167,57,0.0,1,1,0
51,7,134,2,1.302334629062184,strong,susceptible,0,1,0.0,-1,-1,1,0,0,0,28.3,26.9,19.942983386906132,33.20391543176798,29.41300582551989,41.340053217188775,7,18,1.302,1.303,60,0.612,167,57,0.612,194,167,57,0.0,1,1,0
51,8,134,2,1.302334629062184,strong,susceptible,0,1,0.0,-1,-1,1,0,0,0,28.3,26.9,19.942983386906132,33.20391543176798,29.41300582551989,41.340053217188775,7,18,1.302,1.303,60,0.612,167,57,0.612,194,167,57,0.0,1,1,0
51,9,134,2,1.302334629062184,strong,susceptible,0,1,0.0,-1,-1,1,0,0,0,28.3,26.9,19.942983386906132,33.20391543176798,29.41300582551989,41.340053217188775,7,18,1.302,1.303,60,0.612,167,57,0.612,194,167,57,0.0,1,1,0
51,10,134,2,1.302334629062184,strong,susceptible,0,1,0.0,-1,-1,1,0,0,0,28.3,26.9,19.942983386906132,33.20391543176798,29.41300582551989,41.340053217188775,7,18,1.302,1.303,60,0.612,167,57,0.612,194,167,57,0.0,1,1,0
51,11,134,2,1.302334629062184,strong,susceptible,0,1,0.0,-1,-1,1,0,0,0,28.3,26.9,19.942983386906132,33.20391543176798,29.41300582551989,41.340053217188775,7,18,1.302,1.303,60,0.612,167,57,0.612,194,167,57,0.0,1,1,0
51,12,134,2,1.302334629062184,strong,susceptible,0,1,0.0,-1,-1,1,0,0,0,28.3,26.9,19.942983386906132,33.20391543176798,29.41300582551989,41.340053217188775,7,18,1.302,1.303,60,0.612,167,57,0.612,194,167,57,0.0,1,1,0
51,13,134,2,1.302334629062184,strong,susceptible,0,1,0.0,-1,-1,1,0,0,0,28.3,26.9,19.942983386906132,33.20391543176798,29.41300582551989,41.340053217188775,7,18,1.302,1.303,60,0.612,167,57,0.612,194,167,57,0.0,1,1,0
51,14,134,2,1.302334629062184,strong,susceptible,0,1,0.0,-1,-1,1,0,0,0,28.3,26.9,19.942983386906132,33.20391543176798,29.41300582551989,41.340053217188775,7,18,1.302,1.303,60,0.612,167,57,0.612,194,167,57,0.0,1,1,0
51,15,134,2,1.302334629062184,strong,susceptible,0,1,0.0,-1,-1,1,0,0,0,28.3,26.9,19.942983386906132,33.20391543176798,29.41300582551989,41.340053217188775,7,18,1.302,1.303,60,0.612,167,57,0.612,194,167,57,0.0,1,1,0
51,16,134,2,1.302334629062184,strong,susceptible,0,1,0.0,-1,-1,1,0,0,0,28.3,26.9,19.942983386906132,33.20391543176798,29.41300582551989,41.340053217188775,7,18,1.302,1.303,60,0.612,167,57,0.612,194,167,57,0.0,1,1,0
51,17,134,2,1.302334629062184,strong,susceptible,0,1,0.0,-1,-1,1,0,0,0,28.3,26.9,19.942983386906132,33.20391543176798,29.41300582551989,41.340053217188775,7,18,1.302,1.303,60,0.612,167,57,0.612,194,167,57,0.0,1,1,0
51,18,134,2,1.302334629062184,strong,susceptible,0,1,0.0,-1,-1,1,0,0,0,28.3,26.9,19.942983386906132,33.20391543176798,29.41300582551989,41.340053217188775,7,18,1.302,1.303,60,0.612,167,57,0.612,194,167,57,0.0,1,1,0
51,19,134,2,1.302334629062184,strong,susceptible,0,1,0.0,-1,-1,1,0,0,0,28.3,26.9,19.942983386906132,33.20391543176798,29.41300582551989,41.340053217188775,7,18,1.302,1.303,60,0.612,167,57,0.612,194,167,57,0.0,1,1,0
51,20,134,2,1.302334629062184,strong,susceptible,0,1,0.0,-1,-1,1,0,0,0,28.3,26.9,19.942983386906132,33.20391543176798,29.41300582551989,41.340053217188775,7,18,1.302,1.303,60,0.612,167,57,0.612,194,167,57,0.0,1,1,0
51,21,134,2,1.302334629062184,strong,susceptible,0,1,0.0,-1,-1,1,0,0,0,28.3,26.9,19.942983386906132,33.20391543176798,29.41300582551989,41.340053217188775,7,18,1.302,1.303,60,0.612,167,57,0.612,194,167,57,0.0,1,1,0
51,22,134,2,1.302334629062184,strong,susceptible,0,1,0.0,-1,-1,1,0,0,0,28.3,26.9,19.942983386906132,33.20391543176798,29.41300582551989,41.340053217188775,7,18,1.302,1.303,60,0.612,167,57,0.612,194,167,57,0.0,1,1,0
51,23,134,2,1.302334629062184,strong,susceptible,0,1,0.0,-1,-1,1,0,0,0,28.3,26.9,19.942983386906132,33.20391543176798,29.41300582551989,41.340053217188775,7,18,1.302,1.303,60,0.612,167,57,0.612,194,167,57,0.0,1,1,0
51,24,134,2,1.302334629062184,strong,susceptible,0,1,0.0,-1,-1,1,0,0,0,28.3,26.9,19.942983386906132,33.20391543176798,29.41300582551989,41.340053217188775,7,18,1.302,1.303,60,0.612,167,57,0.612,194,167,57,0.0,1,1,0
51,25,134,2,1.302334629062184,strong,susceptible,0,1,0.0,-1,-1,1,0,0,0,28.3,26.9,19.942983386906132,33.20391543176798,29.41300582551989,41.340053217188775,7,18,1.302,1.303,60,0.612,167,57,0.612,194,167,57,0.0,1,1,0
51,26,134,2,1.302334629062184,strong,susceptible,0,1,0.0,-1,-1,1,0,0,0,28.3,26.9,19.942983386906132,33.20391543176798,29.41300582551989,41.340053217188775,7,18,1.302,1.303,60,0.612,167,57,0.612,194,167,57,0.0,1,1,0
51,27,134,2,1.302334629062184,strong,susceptible,0,1,0.0,-1,-1,1,0,0,0,28.3,26.9,19.942983386906132,33.20391543176798,29.41300582551989,41.340053217188775,7,18,1.302,1.303,60,0.612,167,57,0.612,194,167,57,0.0,1,1,0
51,28,134,2,1.302334629062184,strong,susceptible,0,1,0.0,-1,-1,1,0,0,0,28.3,26.9,19.942983386906132,33.20391543176798,29.41300582551989,41.340053217188775,7,18,1.302,1.303,60,0.612,167,57,0.612,194,167,57,0.0,1,1,0
51,29,134,2,1.302334629062184,strong,susceptible,0,1,0.0,-1,-1,1,0,0,0,28.3,26.9,19.942983386906132,33.20391543176798,29.41300582551989,41.340053217188775,7,18,1.302,1.303,60,0.612,167,57,0.612,194,167,57,0.0,1,1,0
51,30,134,2,1.302334629062184,strong,susceptible,0,1,0.0,-1,-1,1,0,0,0,28.3,26.9,19.942983386906132,33.20391543176798,29.41300582551989,41.340053217188775,7,18,1.302,1.303,60,0.612,167,57,0.612,194,167,57,0.0,1,1,0
51,31,134,2,1.302334629062184,strong,susceptible,0,1,0.0,-1,-1,1,0,0,0,28.3,26.9,19.942983386906132,33.20391543176798,29.41300582551989,41.340053217188775,7,18,1.302,1.303,60,0.612,167,57,0.612,194,167,57,0.0,1,1,0
51,32,134,2,1.302334629062184,strong,susceptible,0,1,0.0,-1,-1,1,0,0,0,28.3,26.9,19.942983386906132,33.20391543176798,29.41300582551989,41.340053217188775,7,18,1.302,1.303,60,0.612,167,57,0.612,194,167,57,0.0,1,1,0
51,33,134,2,1.302334629062184,strong,susceptible,0,1,0.0,-1,-1,1,0,0,0,28.3,26.9,19.942983386906132,33.20391543176798,29.41300582551989,41.340053217188775,7,18,1.302,1.303,60,0.612,167,57,0.612,194,167,57,0.0,1,1,0
51,34,134,2,1.302334629062184,strong,susceptible,0,1,0.0,-1,-1,1,0,0,0,28.3,26.9,19.942983386906132,33.20391543176798,29.41300582551989,41.340053217188775,7,18,1.302,1.303,60,0.612,167,57,0.612,194,167,57,0.0,1,1,0
51,35,134,2,1.302334629062184,strong,susceptible,0,1,0.0,-1,-1,1,0,0,0,28.3,26.9,19.942983386906132,33.20391543176798,29.41300582551989,41.340053217188775,7,18,1.302,1.303,60,0.612,167,57,0.612,194,167,57,0.0,1,1,0
51,36,134,2,1.302334629062184,strong,susceptible,0,1,0.0,-1,-1,1,0,0,0,28.3,26.9,19.942983386906132,33.20391543176798,29.41300582551989,41.340053217188775,7,18,1.302,1.303,60,0.612,167,57,0.612,194,167,57,0.0,1,1,0
51,37,134,2,1.302334629062184,strong,susceptible,0,1,0.0,-1,-1,1,0,0,0,28.3,26.9,19.942983386906132,33.20391543176798,29.41300582551989,41.340053217188775,7,18,1.302,1.303,60,0.612,167,57,0.612,194,167,57,0.0,1,1,0
51,38,134,2,1.302334629062184,strong,susceptible,0,1,0.0,-1,-1,1,0,0,0,28.3,26.9,19.942983386906132,33.20391543176798,29.41300582551989,41.340053217188775,7,18,1.302,1.303,60,0.612,167,57,0.612,194,167,57,0.0,1,1,0
51,39,134,2,1.302334629062184,strong,susceptible,0,1,0.0,-1,-1,1,0,0,0,28.3,26.9,19.942983386906132,33.20391543176798,29.41300582551989,41.340053217188775,7,18,1.302,1.303,60,0.612,167,57,0.612,194,167,57,0.0,1,1,0
52,0,69,3,1.302207075001898,medium,susceptible,0,1,0.0,-1,-1,0,1,0,0,25.7,24.0,19.06153289259949,31.96075718752608,32.385426620587396,55.97320787662612,7,18,1.302,1.303,60,0.612,167,57,0.612,194,167,57,0.0,1,1,0
52,1,69,3,1.302207075001898,medium,susceptible,0,1,0.0,-1,-1,0,1,0,0,25.7,24.0,19.06153289259949,31.96075718752608,32.385426620587396,55.97320787662612,7,18,1.302,1.303,60,0.612,167,57,0.612,194,167,57,0.0,1,1,0
52,2,69,3,1.302207075001898,medium,susceptible,0,1,0.0,-1,-1,0,1,0,0,25.7,24.0,19.06153289259949,31.96075718752608,32.385426620587396,55.97320787662612,7,18,1.302,1.303,60,0.612,167,57,0.612,194,167,57,0.0,1,1,0
52,3,69,3,1.302207075001898,medium,susceptible,0,1,0.0,-1,-1,0,1,0,0,25.7,24.0,19.06153289259949,31.96075718752608,32.385426620587396,55.97320787662612,7,18,1.302,1.303,60,0.612,167,57,0.612,194,167,57,0.0,1,1,0
52,4,69,3,1.302207075001898,medium,susceptible,0,1,0.0,-1,-1,0,1,0,0,25.7,24.0,19.06153289259949,31.96075718752608,32.385426620587396,55.97320787662612,7,18,1.302,1.303,60,0.612,167,57,0.612,194,167,57,0.0,1,1,0
52,5,69,3,1.302207075001898,medium,susceptible,0,1,0.0,-1,-1,0,1,0,0,25.7,24.0,19.06153289259949,31.96075718752608,32.385426620587396,55.97320787662612,7,18,1.302,1.303,60,0.612,167,57,0.612,194,167,57,0.0,1,1,0
52,6,69,3,1.302207075001898,medium,susceptible,0,1,0.0,-1,-1,0,1,0,0,25.7,24.0,19.06153289259949,31.96075718752608,32.385426620587396,55.97320787662612,7,18,1.302,1.303,60,0.612,167,57,0.612,194,167,57,0.0,1,1,0
52,7,69,3,1.302207075001898,medium,susceptible,0,1,0.0,-1,-1,0,1,0,0,25.7,24.0,19.06153289259949,31.96075718752608,32.385426620587396,55.97320787662612,7,18,1.302,1.303,60,0.612,167,57,0.612,194,167,57,0.0,1,1,0
52,8,69,3,1.302207075001898,medium,susceptible,0,1,0.0,-1,-1,0,1,0,0,25.7,24.0,19.06153289259949,31.96075718752608,32.385426620587396,55.97320787662612,7,18,1.302,1.303,60,0.612,167,57,0.612,194,167,57,0.0,1,1,0
52,9,69,3,1.302207075001898,medium,susceptible,0,1,0.0,-1,-1,0,1,0,0,25.7,24.0,19.06153289259949,31.96075718752608,32.385426620587396,55.97320787662612,7,18,1.302,1.303,60,0.612,167,57,0.612,194,167,57,0.0,1,1,0
52,10,69,3,1.302207075001898,medium,susceptible,0,1,0.0,-1,-1,0,1,0,0,25.7,24.0,19.06153289259949,31.96075718752608,32.385426620587396,55.97320787662612,7,18,1.302,1.303,60,0.612,167,57,0.612,194,167,57,0.0,1,1,0
52,11,69,3,1.302207075001898,medium,susceptible,0,1,0.0,-1,-1,0,1,0,0,25.7,24.0,19.06153289259949,31.96075718752608,32.385426620587396,55.97320787662612,7,18,1.302,1.303,60,0.612,167,57,0.612,194,167,57,0.0,1,1,0
52,12,69,3,1.302207075001898,medium,susceptible,0,1,0.0,-1,-1,0,1,0,0,25.7,24.0,19.06153289259949,31.96075718752608,32.385426620587396,55.97320787662612,7,18,1.302,1.303,60,0.612,167,57,0.612,194,167,57,0.0,1,1,0
52,13,69,3,1.302207075001898,medium,susceptible,0,1,0.0,-1,-1,0,1,0,0,25.7,24.0,19.06153289259949,31.96075718752608,32.385426620587396,55.97320787662612,7,18,1.302,1.303,60,0.612,167,57,0.612,194,167,57,0.0,1,1,0
52,14,69,3,1.302207075001898,medium,susceptible,0,1,0.0,-1,-1,0,1,0,0,25.7,24.0,19.06153289259949,31.96075718752608,32.385426620587396,55.97320787662612,7,18,1.302,1.303,60,0.612,167,57,0.612,194,167,57,0.0,1,1,0
52,15,69,3,1.302207075001898,medium,susceptible,0,1,0.0,-1,-1,0,1,0,0,25.7,24.0,19.06153289259949,31.96075718752608,32.385426620587396,55.97320787662612,7,18,1.302,1.303,60,0.612,167,57,0.612,194,167,57,0.0,1,1,0
52,16,69,3,1.302207075001898,medium,susceptible,0,1,0.0,-1,-1,0,1,0,0,25.7,24.0,19.06153289259949,31.96075718752608,32.385426620587396,55.97320787662612,7,18,1.302,1.303,60,0.612,167,57,0.612,194,167,57,0.0,1,1,0
52,17,69,3,1.302207075001898,medium,susceptible,0,1,0.0,-1,-1,0,1,0,0,25.7,24.0,19.06153289259949,31.96075718752608,32.385426620587396,55.97320787662612,7,18,1.302,1.303,60,0.612,167,57,0.612,194,167,57,0.0,1,1,0
52,18,69,3,1.302207075001898,medium,susceptible,0,1,0.0,-1,-1,0,1,0,0,25.7,24.0,19.06153289259949,31.96075718752608,32.385426620587396,55.97320787662612,7,18,1.302,1.303,60,0.612,167,57,0.612,194,167,57,0.0,1,1,0
52,19,69,3,1.302207075001898,medium,susceptible,0,1,0.0,-1,-1,0,1,0,0,25.7,24.0,19.06153289259949,31.96075718752608,32.385426620587396,55.97320787662612,7,18,1.302,1.303,60,0.612,167,57,0.612,194,167,57,0.0,1,1,0
52,20,69,3,1.302207075001898,medium,susceptible,0,1,0.0,-1,-1,0,1,0,0,25.7,24.0,19.06153289259949,31.96075718752608,32.385426620587396,55.97320787662612,7,18,1.302,1.303,60,0.612,167,57,0.612,194,167,57,0.0,1,1,0
52,21,69,3,1.302207075001898,medium,susceptible,0,1,0.0,-1,-1,0,1,0,0,25.7,24.0,19.06153289259949,31.96075718752608,32.385426620587396,55.97320787662612,7,18,1.302,1.303,60,0.612,167,57,0.612,194,167,57,0.0,1,1,0
52,22,69,3,1.302207075001898,medium,susceptible,0,1,0.0,-1,-1,0,1,0,0,25.7,24.0,19.06153289259949,31.96075718752608,32.385426620587396,55.97320787662612,7,18,1.302,1.303,60,0.612,167,57,0.612,194,167,57,0.0,1,1,0
52,23,69,3,1.302207075001898,medium,susceptible,0,1,0.0,-1,-1,0,1,0,0,25.7,24.0,19.06153289259949,31.96075718752608,32.385426620587396,55.97320787662612,7,18,1.302,1.303,60,0.612,167,57,0.612,194,167,57,0.0,1,1,0
52,24,69,3,1.302207075001898,medium,susceptible,0,1,0.0,-1,-1,0,1,0,0,25.7,24.0,19.06153289259949,31.96075718752608,32.385426620587396,55.97320787662612,7,18,1.302,1.303,60,0.612,167,57,0.612,194,167,57,0.0,1,1,0
52,25,69,3,1.302207075001898,medium,susceptible,0,1,0.0,-1,-1,0,1,0,0,25.7,24.0,19.06153289259949,31.96075718752608,32.385426620587396,55.97320787662612,7,18,1.302,1.303,60,0.612,167,57,0.612,194,167,57,0.0,1,1,0
52,26,69,3,1.302207075001898,medium,susceptible,0,1,0.0,-1,-1,0,1,0,0,25.7,24.0,19.06153289259949,31.96075718752608,32.385426620587396,55.97320787662612,7,18,1.302,1.303,60,0.612,167,57,0.612,194,167,57,0.0,1,1,0
52,27,69,3,1.302207075001898,medium,susceptible,0,1,0.0,-1,-1,0,1,0,0,25.7,24.0,19.06153289259949,31.96075718752608,32.385426620587396,55.97320787662612,7,18,1.302,1.303,60,0.612,167,57,0.612,194,167,57,0.0,1,1,0
52,28,69,3,1.302207075001898,medium,susceptible,0,1,0.0,-1,-1,0,1,0,0,25.7,24.0,19.06153289259949,31.96075718752608,32.385426620587396,55.97320787662612,7,18,1.302,1.303,60,0.612,167,57,0.612,194,167,57,0.0,1,1,0
52,29,69,3,1.302207075001898,medium,susceptible,0,1,0.0,-1,-1,0,1,0,0,25.7,24.0,19.06153289259949,31.96075718752608,32.385426620587396,55.97320787662612,7,18,1.302,1.303,60,0.612,167,57,0.612,194,167,57,0.0,1,1,0
52,30,69,3,1.302207075001898,medium,susceptible,0,1,0.0,-1,-1,0,1,0,0,25.7,24.0,19.06153289259949,31.96075718752608,32.385426620587396,55.97320787662612,7,18,1.302,1.303,60,0.612,167,57,0.612,194,167,57,0.0,1,1,0
52,31,69,3,1.302207075001898,medium,susceptible,0,1,0.0,-1,-1,0,1,0,0,25.7,24.0,19.06153289259949,31.96075718752608,32.385426620587396,55.97320787662612,7,18,1.302,1.303,60,0.612,167,57,0.612,194,167,57,0.0,1,1,0
52,32,69,3,1.302207075001898,medium,susceptible,0,1,0.0,-1,-1,0,1,0,0,25.7,24.0,19.06153289259949,31.96075718752608,32.385426620587396,55.97320787662612,7,18,1.302,1.303,60,0.612,167,57,0.612,194,167,57,0.0,1,1,0
52,33,69,3,1.302207075001898,medium,susceptible,0,1,0.0,-1,-1,0,1,0,0,25.7,24.0,19.06153289259949,31.96075718752608,32.385426620587396,55.97320787662612,7,18,1.302,1.303,60,0.612,167,57,0.612,194,167,57,0.0,1,1,0
52,34,69,3,1.302207075001898,medium,susceptible,0,1,0.0,-1,-1,0,1,0,0,25.7,24.0,19.06153289259949,31.96075718752608,32.385426620587396,55.97320787662612,7,18,1.302,1.303,60,0.612,167,57,0.612,194,167,57,0.0,1,1,0
52,35,69,3,1.302207075001898,medium,susceptible,0,1,0.0,-1,-1,0,1,0,0,25.7,24.0,19.06153289259949,31.96075718752608,32.385426620587396,55.97320787662612,7,18,1.302,1.303,60,0.612,167,57,0.612,194,167,57,0.0,1,1,0
52,36,69,3,1.302207075001898,medium,susceptible,0,1,0.0,-1,-1,0,1,0,0,25.7,24.0,19.06153289259949,31.96075718752608,32.385426620587396,55.97320787662612,7,18,1.302,1.303,60,0.612,167,57,0.612,194,167,57,0.0,1,1,0
52,37,69,3,1.302207075001898,medium,susceptible,0,1,0.0,-1,-1,0,1,0,0,25.7,24.0,19.06153289259949,31.96075718752608,32.385426620587396,55.97320787662612,7,18,1.302,1.303,60,0.612,167,57,0.612,194,167,57,0.0,1,1,0
52,38,69,3,1.302207075001898,medium,susceptible,0,1,0.0,-1,-1,0,1,0,0,25.7,24.0,19.06153289259949,31.96075718752608,32.385426620587396,55.97320787662612,7,18,1.302,1.303,60,0.612,167,57,0.612,194,167,57,0.0,1,1,0
52,39,69,3,1.302207075001898,medium,susceptible,0,1,0.0,-1,-1,0,1,0,0,25.7,24.0,19.06153289259949,31.96075718752608,32.385426620587396,55.97320787662612,7,18,1.302,1.303,60,0.612,167,57,0.612,194,167,57,0.0,1,1,0
53,0,69,9,1.3027309311467354,medium,susceptible,0,1,0.0,-1,-1,0,1,0,0,28.2,33.1,15.21433714701782,36.816436546738196,24.055079998113552,47.4236228055175,7,18,1.302,1.303,60,0.612,167,57,0.612,194,167,57,0.0,1,1,0
53,1,69,9,1.3027309311467354,medium,susceptible,0,1,0.0,-1,-1,0,1,0,0,28.2,33.1,15.21433714701782,36.816436546738196,24.055079998113552,47.4236228055175,7,18,1.302,1.303,60,0.612,167,57,0.612,194,167,57,0.0,1,1,0
53,2,69,9,1.3027309311467354,medium,susceptible,0,1,0.0,-1,-1,0,1,0,0,28.2,33.1,15.21433714701782,36.816436546738196,24.055079998113552,47.4236228055175,7,18,1.302,1.303,60,0.612,167,57,0.612,194,167,57,0.0,1,1,0
53,3,69,9,1.3027309311467354,medium,susceptible,0,1,0.0,-1,-1,0,1,0,0,28.2,33.1,15.21433714701782,36.816436546738196,24.055079998113552,47.4236228055175,7,18,1.302,1.303,60,0.612,167,57,0.612,194,167,57,0.0,1,1,0
53,4,69,9,1.3027309311467354,medium,susceptible,0,1,0.0,-1,-1,0,1,0,0,28.2,33.1,15.21433714701782,36.816436546738196,24.055079998113552,47.4236228055175,7,18,1.302,1.303,60,0.612,167,57,0.612,194,167,57,0.0,1,1,0
53,5,69,9,1.3027309311467354,medium,susceptible,0,1,0.0,-1,-1,0,1,0,0,28.2,33.1,15.21433714701782,36.816436546738196,24.055079998113552,47.4236228055175,7,18,1.302,1.303,60,0.612,167,57,0.612,194,167,57,0.0,1,1,0
53,6,69,9,1.3027309311467354,medium,susceptible,0,1,0.0,-1,-1,0,1,0,0,28.2,33.1,15.21433714701782,36.816436546738196,24.055079998113552,47.4236228055175,7,18,1.302,1.303,60,0.612,167,57,0.612,194,167,57,0.0,1,1,0
53,7,69,9,1.3027309311467354,medium,susceptible,0,1,0.0,-1,-1,0,1,0,0,28.2,33.1,15.21433714701782,36.816436546738196,24.055079998113552,47.4236228055175,7,18,1.302,1.303,60,0.612,167,57,0.612,194,167,57,0.0,1,1,0
53,8,69,9,1.3027309311467354,medium,susceptible,0,1,0.0,-1,-1,0,1,0,0,28.2,33.1,15.21433714701782,36.816436546738196,24.055079998113552,47.4236228055175,7,18,1.302,1.303,60,0.612,167,57,0.612,194,167,57,0.0,1,1,0
53,9,69,9,1.3027309311467354,medium,susceptible,0,1,0.0,-1,-1,0,1,0,0,28.2,33.1,15.21433714701782,36.816436546738196,24.055079998113552,47.4236228055175,7,18,1.302,1.303,60,0.612,167,57,0.612,194,167,57,0.0,1,1,0
53,10,69,9,1.3027309311467354,medium,susceptible,0,1,0.0,-1,-1,0,1,0,0,28.2,33.1,15.21433714701782,36.816436546738196,24.055079998113552,47.4236228055175,7,18,1.302,1.303,60,0.612,167,57,0.612,194,167,57,0.0,1,1,0
53,11,69,9,1.3027309311467354,medium,susceptible,0,1,0.0,-1,-1,0,1,0,0,28.2,33.1,15.21433714701782,36.816436546738196,24.055079998113552,47.4236228055175,7,18,1.302,1.303,60,0.612,167,57,0.612,194,167,57,0.0,1,1,0
53,12,69,9,1.3027309311467354,medium,susceptible,0,1,0.0,-1,-1,0,1,0,0,28.2,33.1,15.21433714701782,36.816436546738196,24.055079998113552,47.4236228055175,7,18,1.302,1.303,60,0.612,167,57,0.612,194,167,57,0.0,1,1,0
53,13,69,9,1.3027309311467354,medium,susceptible,0,1,0.0,-1,-1,0,1,0,0,28.2,33.1,15.21433714701782,36.816436546738196,24.055079998113552,47.4236228055175,7,18,1.302,1.303,60,0.612,167,57,0.612,194,167,57,0.0,1,1,0
53,14,69,9,1.3027309311467354,medium,susceptible,0,1,0.0,-1,-1,0,1,0,0,28.2,33.1,15.21433714701782,36.816436546738196,24.055079998113552,47.4236228055175,7,18,1.302,1.303,60,0.612,167,57,0.612,194,167,57,0.0,1,1,0
53,15,69,9,1.3027309311467354,medium,susceptible,0,1,0.0,-1,-1,0,1,0,0,28.2,33.1,15.21433714701782,36.816436546738196,24.055079998113552,47.4236228055175,7,18,1.302,1.303,60,0.612,167,57,0.612,194,167,57,0.0,1,1,0
53,16,69,9,1.3027309311467354,medium,susceptible,0,1,0.0,-1,-1,0,1,0,0,28.2,33.1,15.21433714701782,36.816436546738196,24.055079998113552,47.4236228055175,7,18,1.302,1.303,60,0.612,167,57,0.612,194,167,57,0.0,1,1,0
53,17,69,9,1.3027309311467354,medium,susceptible,0,1,0.0,-1,-1,0,1,0,0,28.2,33.1,15.21433714701782,36.816436546738196,24.055079998113552,47.4236228055175,7,18,1.302,1.303,60,0.612,167,57,0.612,194,167,57,0.0,1,1,0
53,18,69,9,1.3027309311467354,medium,susceptible,0,1,0.0,-1,-1,0,1,0,0,28.2,33.1,15.21433714701782,36.816436546738196,24.055079998113552,47.4236228055175,7,18,1.302,1.303,60,0.612,167,57,0.612,194,167,57,0.0,1,1,0
53,19,69,9,1.3027309311467354,medium,susceptible,0,1,0.0,-1,-1,0,1,0,0,28.2,33.1,15.21433714701782,36.816436546738196,24.055079998113552,47.4236228055175,7,18,1.302,1.303,60,0.612,167,57,0.612,194,167,57,0.0,1,1,0
53,20,69,9,1.3027309311467354,medium,susceptible,0,1,0.0,-1,-1,0,1,0,0,28.2,33.1,15.21433714701782,36.816436546738196,24.055079998113552,47.4236228055175,7,18,1.302,1.303,60,0.612,167,57,0.612,194,167,57,0.0,1,1,0
53,21,69,9,1.3027309311467354,medium,susceptible,0,1,0.0,-1,-1,0,1,0,0,28.2,33.1,15.21433714701782,36.816436546738196,24.055079998113552,47.4236228055175,7,18,1.302,1.303,60,0.612,167,57,0.612,194,167,57,0.0,1,1,0
53,22,69,9,1.3027309311467354,medium,susceptible,0,1,0.0,-1,-1,0,1,0,0,28.2,33.1,15.21433714701782,36.816436546738196,24.055079998113552,47.4236228055175,7,18,1.302,1.303,60,0.612,167,57,0.612,194,167,57,0.0,1,1,0
53,23,69,9,1.3027309311467354,medium,susceptible,0,1,0.0,-1,-1,0,1,0,0,28.2,33.1,15.21433714701782,36.816436546738196,24.055079998113552,47.4236228055175,7,18,1.302,1.303,60,0.612,167,57,0.612,194,167,57,0.0,1,1,0
53,24,69,9,1.3027309311467354,medium,susceptible,0,1,0.0,-1,-1,0,1,0,0,28.2,33.1,15.21433714701782,36.816436546738196,24.055079998113552,47.4236228055175,7,18,1.302,1.303,60,0.612,167,57,0.612,194,167,57,0.0,1,1,0
53,25,69,9,1.3027309311467354,medium,susceptible,0,1,0.0,-1,-1,0,1,0,0,28.2,33.1,15.21433714701782,36.816436546738196,24.055079998113552,47.4236228055175,7,18,1.302,1.303,60,0.612,167,57,0.612,194,167,57,0.0,1,1,0
53,26,69,9,1.3027309311467354,medium,susceptible,0,1,0.0,-1,-1,0,1,0,0,28.2,33.1,15.21433714701782,36.816436546738196,24.055079998113552,47.4236228055175,7,18,1.302,1.303,60,0.612,167,57,0.612,194,167,57,0.0,1,1,0
53,27,69,9,1.3027309311467354,medium,susceptible,0,1,0.0,-1,-1,0,1,0,0,28.2,33.1,15.21433714701782,36.816436546738196,24.055079998113552,47.4236228055175,7,18,1.302,1.303,60,0.612,167,57,0.612,194,167,57,0.0,1,1,0
53,28,69,9,1.3027309311467354,medium,susceptible,0,1,0.0,-1,-1,0,1,0,0,28.2,33.1,15.21433714701782,36.816436546738196,24.055079998113552,47.4236228055175,7,18,1.302,1.303,60,0.612,167,57,0.612,194,167,57,0.0,1,1,0
53,29,69,9,1.3027309311467354,medium,susceptible,0,1,0.0,-1,-1,0,1,0,0,28.2,33.1,15.21433714701782,36.816436546738196,24.055079998113552,47.4236228055175,7,18,1.302,1.303,60,0.612,167,57,0.612,194,167,57,0.0,1,1,0
53,30,69,9,1.3027309311467354,medium,susceptible,0,1,0.0,-1,-1,0,1,0,0,28.2,33.1,15.21433714701782,36.816436546738196,24.055079998113552,47.4236228055175,7,18,1.302,1.303,60,0.612,167,57,0.612,194,167,57,0.0,1,1,0
53,31,69,9,1.3027309311467354,medium,susceptible,0,1,0.0,-1,-1,0,1,0,0,28.2,33.1,15.21433714701782,36.816436546738196,24.055079998113552,47.4236228055175,7,18,1.302,1.303,60,0.612,167,57,0.612,194,167,57,0.0,1,1,0
53,32,69,9,1.3027309311467354,medium,susceptible,0,1,0.0,-1,-1,0,1,0,0,28.2,33.1,15.21433714701782,36.816436546738196,24.055079998113552,47.4236228055175,7,18,1.302,1.303,60,0.612,167,57,0.612,194,167,57,0.0,1,1,0
53,33,69,9,1.3027309311467354,medium,susceptible,0,1,0.0,-1,-1,0,1,0,0,28.2,33.1,15.21433714701782,36.816436546738196,24.055079998113552,47.4236228055175,7,18,1.302,1.303,60,0.612,167,57,0.612,194,167,57,0.0,1,1,0
53,34,69,9,1.3027309311467354,medium,susceptible,0,1,0.0,-1,-1,0,1,0,0,28.2,33.1,15.21433714701782,36.816436546738196,24.055079998113552,47.4236228055175,7,18,1.302,1.303,60,0.612,167,57,0.612,194,167,57,0.0,1,1,0
53,35,69,9,1.3027309311467354,medium,susceptible,0,1,0.0,-1,-1,0,1,0,0,28.2,33.1,15.21433714701782,36.816436546738196,24.055079998113552,47.4236228055175,7,18,1.302,1.303,60,0.612,167,57,0.612,194,167,57,0.0,1,1,0
53,36,69,9,1.3027309311467354,medium,susceptible,0,1,0.0,-1,-1,0,1,0,0,28.2,33.1,15.21433714701782,36.816436546738196,24.055079998113552,47.4236228055175,7,18,1.302,1.303,60,0.612,167,57,0.612,194,167,57,0.0,1,1,0
53,37,69,9,1.3027309311467354,medium,susceptible,0,1,0.0,-1,-1,0,1,0,0,28.2,33.1,15.21433714701782,36.816436546738196,24.055079998113552,47.4236228055175,7,18,1.302,1.303,60,0.612,167,57,0.612,194,167,57,0.0,1,1,0
53,38,69,9,1.3027309311467354,medium,susceptible,0,1,0.0,-1,-1,0,1,0,0,28.2,33.1,15.21433714701782,36.816436546738196,24.055079998113552,47.4236228055175,7,18,1.302,1.303,60,0.612,167,57,0.612,194,167,57,0.0,1,1,0
53,39,69,9,1.3027309311467354,medium,susceptible,0,1,0.0,-1,-1,0,1,0,0,28.2,33.1,15.21433714701782,36.816436546738196,24.055079998113552,47.4236228055175,7,18,1.302,1.303,60,0.612,167,57,0.612,194,167,57,0.0,1,1,0
54,0,153,8,1.3029993398047814,medium,susceptible,0,1,0.0,-1,-1,0,1,0,0,28.7,23.5,16.617802465107115,32.073976990700736,29.466760259255505,46.389654018972806,7,18,1.302,1.303,60,0.612,167,57,0.612,194,167,57,0.0,1,1,0
54,1,153,8,1.3029993398047814,medium,susceptible,0,1,0.0,-1,-1,0,1,0,0,28.7,23.5,16.617802465107115,32.073976990700736,29.466760259255505,46.389654018972806,7,18,1.302,1.303,60,0.612,167,57,0.612,194,167,57,0.0,1,1,0
54,2,153,8,1.3029993398047814,medium,susceptible,0,1,0.0,-1,-1,0,1,0,0,28.7,23.5,16.617802465107115,32.073976990700736,29.466760259255505,46.389654018972806,7,18,1.302,1.303,60,0.612,167,57,0.612,194,167,57,0.0,1,1,0
54,3,153,8,1.3029993398047814,medium,susceptible,0,1,0.0,-1,-1,0,1,0,0,28.7,23.5,16.617802465107115,32.073976990700736,29.466760259255505,46.389654018972806,7,18,1.302,1.303,60,0.612,167,57,0.612,194,167,57,0.0,1,1,0
54,4,153,8,1.3029993398047814,medium,susceptible,0,1,0.0,-1,-1,0,1,0,0,28.7,23.5,16.617802465107115,32.073976990700736,29.466760259255505,46.389654018972806,7,18,1.302,1.303,60,0.612,167,57,0.612,194,167,57,0.0,1,1,0
54,5,153,8,1.3029993398047814,medium,susceptible,0,1,0.0,-1,-1,0,1,0,0,28.7,23.5,16.617802465107115,32.073976990700736,29.466760259255505,46.389654018972806,7,18,1.302,1.303,60,0.612,167,57,0.612,194,167,57,0.0,1,1,0
54,6,153,8,1.3029993398047814,medium,susceptible,0,1,0.0,-1,-1,0,1,0,0,28.7,23.5,16.617802465107115,32.073976990700736,29.466760259255505,46.389654018972806,7,18,1.302,1.303,60,0.612,167,57,0.612,194,167,57,0.0,1,1,0
54,7,153,8,1.3029993398047814,medium,susceptible,0,1,0.0,-1,-1,0,1,0,0,28.7,23.5,16.617802465107115,32.073976990700736,29.466760259255505,46.389654018972806,7,18,1.302,1.303,60,0.612,167,57,0.612,194,167,57,0.0,1,1,0
54,8,153,8,1.3029993398047814,medium,susceptible,0,1,0.0,-1,-1,0,1,0,0,28.7,23.5,16.617802465107115,32.073976990700736,29.466760259255505,46.389654018972806,7,18,1.302,1.303,60,0.612,167,57,0.612,194,167,57,0.0,1,1,0
54,9,153,8,1.3029993398047814,medium,susceptible,0,1,0.0,-1,-1,0,1,0,0,28.7,23.5,16.617802465107115,32.073976990700736,29.466760259255505,46.389654018972806,7,18,1.302,1.303,60,0.612,167,57,0.612,194,167,57,0.0,1,1,0
54,10,153,8,1.3029993398047814,medium,susceptible,0,1,0.0,-1,-1,0,1,0,0,28.7,23.5,16.617802465107115,32.073976990700736,29.466760259255505,46.389654018972806,7,18,1.302,1.303,60,0.612,167,57,0.612,194,167,57,0.0,1,1,0
54,11,153,8,1.3029993398047814,medium,susceptible,0,1,0.0,-1,-1,0,1,0,0,28.7,23.5,16.617802465107115,32.073976990700736,29.466760259255505,46.389654018972806,7,18,1.302,1.303,60,0.612,167,57,0.612,194,167,57,0.0,1,1,0
54,12,153,8,1.3029993398047814,medium,susceptible,0,1,0.0,-1,-1,0,1,0,0,28.7,23.5,16.617802465107115,32.073976990700736,29.466760259255505,46.389654018972806,7,18,1.302,1.303,60,0.612,167,57,0.612,194,167,57,0.0,1,1,0
54,13,153,8,1.3029993398047814,medium,susceptible,0,1,0.0,-1,-1,0,1,0,0,28.7,23.5,16.617802465107115,32.073976990700736,29.466760259255505,46.389654018972806,7,18,1.302,1.303,60,0.612,167,57,0.612,194,167,57,0.0,1,1,0
54,14,153,8,1.3029993398047814,medium,susceptible,0,1,0.0,-1,-1,0,1,0,0,28.7,23.5,16.617802465107115,32.073976990700736,29.466760259255505,46.389654018972806,7,18,1.302,1.303,60,0.612,167,57,0.612,194,167,57,0.0,1,1,0
54,15,153,8,1.3029993398047814,medium,susceptible,0,1,0.0,-1,-1,0,1,0,0,28.7,23.5,16.617802465107115,32.073976990700736,29.466760259255505,46.389654018972806,7,18,1.302,1.303,60,0.612,167,57,0.612,194,167,57,0.0,1,1,0
54,16,153,8,1.3029993398047814,medium,susceptible,0,1,0.0,-1,-1,0,1,0,0,28.7,23.5,16.617802465107115,32.073976990700736,29.466760259255505,46.389654018972806,7,18,1.302,1.303,60,0.612,167,57,0.612,194,167,57,0.0,1,1,0
54,17,153,8,1.3029993398047814,medium,susceptible,0,1,0.0,-1,-1,0,1,0,0,28.7,23.5,16.617802465107115,32.073976990700736,29.466760259255505,46.389654018972806,7,18,1.302,1.303,60,0.612,167,57,0.612,194,167,57,0.0,1,1,0
54,18,153,8,1.3029993398047814,medium,susceptible,0,1,0.0,-1,-1,0,1,0,0,28.7,23.5,16.617802465107115,32.073976990700736,29.466760259255505,46.389654018972806,7,18,1.302,1.303,60,0.612,167,57,0.612,194,167,57,0.0,1,1,0
54,19,153,8,1.3029993398047814,medium,susceptible,0,1,0.0,-1,-1,0,1,0,0,28.7,23.5,16.617802465107115,32.073976990700736,29.466760259255505,46.389654018972806,7,18,1.302,1.303,60,0.612,167,57,0.612,194,167,57,0.0,1,1,0
54,20,153,8,1.3029993398047814,medium,susceptible,0,1,0.0,-1,-1,0,1,0,0,28.7,23.5,16.617802465107115,32.073976990700736,29.466760259255505,46.389654018972806,7,18,1.302,1.303,60,0.612,167,57,0.612,194,167,57,0.0,1,1,0
54,21,153,8,1.3029993398047814,medium,susceptible,0,1,0.0,-1,-1,0,1,0,0,28.7,23.5,16.617802465107115,32.073976990700736,29.466760259255505,46.389654018972806,7,18,1.302,1.303,60,0.612,167,57,0.612,194,167,57,0.0,1,1,0
54,22,153,8,1.3029993398047814,medium,susceptible,0,1,0.0,-1,-1,0,1,0,0,28.7,23.5,16.617802465107115,32.073976990700736,29.466760259255505,46.389654018972806,7,18,1.302,1.303,60,0.612,167,57,0.612,194,167,57,0.0,1,1,0
54,23,153,8,1.3029993398047814,medium,susceptible,0,1,0.0,-1,-1,0,1,0,0,28.7,23.5,16.617802465107115,32.073976990700736,29.466760259255505,46.389654018972806,7,18,1.302,1.303,60,0.612,167,57,0.612,194,167,57,0.0,1,1,0
54,24,153,8,1.3029993398047814,medium,susceptible,0,1,0.0,-1,-1,0,1,0,0,28.7,23.5,16.617802465107115,32.073976990700736,29.466760259255505,46.389654018972806,7,18,1.302,1.303,60,0.612,167,57,0.612,194,167,57,0.0,1,1,0
54,25,153,8,1.3029993398047814,medium,susceptible,0,1,0.0,-1,-1,0,1,0,0,28.7,23.5,16.617802465107115,32.073976990700736,29.466760259255505,46.389654018972806,7,18,1.302,1.303,60,0.612,167,57,0.612,194,167,57,0.0,1,1,0
54,26,153,8,1.3029993398047814,medium,susceptible,0,1,0.0,-1,-1,0,1,0,0,28.7,23.5,16.617802465107115,32.073976990700736,29.466760259255505,46.389654018972806,7,18,1.302,1.303,60,0.612,167,57,0.612,194,167,57,0.0,1,1,0
54,27,153,8,1.3029993398047814,medium,susceptible,0,1,0.0,-1,-1,0,1,0,0,28.7,23.5,16.617802465107115,32.073976990700736,29.466760259255505,46.389654018972806,7,18,1.302,1.303,60,0.612,167,57,0.612,194,167,57,0.0,1,1,0
54,28,153,8,1.3029993398047814,medium,susceptible,0,1,0.0,-1,-1,0,1,0,0,28.7,23.5,16.617802465107115,32.073976990700736,29.466760259255505,46.389654018972806,7,18,1.302,1.303,60,0.612,167,57,0.612,194,167,57,0.0,1,1,0
54,29,153,8,1.3029993398047814,medium,susceptible,0,1,0.0,-1,-1,0,1,0,0,28.7,23.5,16.617802465107115,32.073976990700736,29.466760259255505,46.389654018972806,7,18,1.302,1.303,60,0.612,167,57,0.612,194,167,57,0.0,1,1,0
54,30,153,8,1.3029993398047814,medium,susceptible,0,1,0.0,-1,-1,0,1,0,0,28.7,23.5,16.617802465107115,32.073976990700736,29.466760259255505,46.389654018972806,7,18,1.302,1.303,60,0.612,167,57,0.612,194,167,57,0.0,1,1,0
54,31,153,8,1.3029993398047814,medium,susceptible,0,1,0.0,-1,-1,0,1,0,0,28.7,23.5,16.617802465107115,32.073976990700736,29.466760259255505,46.389654018972806,7,18,1.302,1.303,60,0.612,167,57,0.612,194,167,57,0.0,1,1,0
54,32,153,8,1.3029993398047814,medium,susceptible,0,1,0.0,-1,-1,0,1,0,0,28.7,23.5,16.617802465107115,32.073976990700736,29.466760259255505,46.389654018972806,7,18,1.302,1.303,60,0.612,167,57,0.612,194,167,57,0.0,1,1,0
54,33,153,8,1.3029993398047814,medium,susceptible,0,1,0.0,-1,-1,0,1,0,0,28.7,23.5,16.617802465107115,32.073976990700736,29.466760259255505,46.389654018972806,7,18,1.302,1.303,60,0.612,167,57,0.612,194,167,57,0.0,1,1,0
54,34,153,8,1.3029993398047814,medium,susceptible,0,1,0.0,-1,-1,0,1,0,0,28.7,23.5,16.617802465107115,32.073976990700736,29.466760259255505,46.389654018972806,7,18,1.302,1.303,60,0.612,167,57,0.612,194,167,57,0.0,1,1,0
54,35,153,8,1.3029993398047814,medium,susceptible,0,1,0.0,-1,-1,0,1,0,0,28.7,23.5,16.617802465107115,32.073976990700736,29.466760259255505,46.389654018972806,7,18,1.302,1.303,60,0.612,167,57,0.612,194,167,57,0.0,1,1,0
54,36,153,8,1.3029993398047814,medium,susceptible,0,1,0.0,-1,-1,0,1,0,0,28.7,23.5,16.617802465107115,32.073976990700736,29.466760259255505,46.389654018972806,7,18,1.302,1.303,60,0.612,167,57,0.612,194,167,57,0.0,1,1,0
54,37,153,8,1.3029993398047814,medium,susceptible,0,1,0.0,-1,-1,0,1,0,0,28.7,23.5,16.617802465107115,32.073976990700736,29.466760259255505,46.389654018972806,7,18,1.302,1.303,60,0.612,167,57,0.612,194,167,57,0.0,1,1,0
54,38,153,8,1.3029993398047814,medium,susceptible,0,1,0.0,-1,-1,0,1,0,0,28.7,23.5,16.617802465107115,32.073976990700736,29.466760259255505,46.389654018972806,7,18,1.302,1.303,60,0.612,167,57,0.612,194,167,57,0.0,1,1,0
54,39,153,8,1.3029993398047814,medium,susceptible,0,1,0.0,-1,-1,0,1,0,0,28.7,23.5,16.617802465107115,32.073976990700736,29.466760259255505,46.389654018972806,7,18,1.302,1.303,60,0.612,167,57,0.612,194,167,57,0.0,1,1,0
55,0,181,8,1.3020516145517882,strong,susceptible,0,1,0.0,-1,-1,1,0,0,0,26.1,24.5,17.334965971741745,30.84574524954779,27.41539450267455,38.27531841800928,7,18,1.302,1.303,60,0.612,167,57,0.612,194,167,57,0.0,1,1,0
55,1,181,8,1.3020516145517882,strong,susceptible,0,1,0.0,-1,-1,1,0,0,0,26.1,24.5,17.334965971741745,30.84574524954779,27.41539450267455,38.27531841800928,7,18,1.302,1.303,60,0.612,167,57,0.612,194,167,57,0.0,1,1,0
55,2,181,8,1.3020516145517882,strong,susceptible,0,1,0.0,-1,-1,1,0,0,0,26.1,24.5,17.334965971741745,30.84574524954779,27.41539450267455,38.27531841800928,7,18,1.302,1.303,60,0.612,167,57,0.612,194,167,57,0.0,1,1,0
55,3,181,8,1.3020516145517882,strong,susceptible,0,1,0.0,-1,-1,1,0,0,0,26.1,24.5,17.334965971741745,30.84574524954779,27.41539450267455,38.27531841800928,7,18,1.302,1.303,60,0.612,167,57,0.612,194,167,57,0.0,1,1,0
55,4,181,8,1.3020516145517882,strong,susceptible,0,1,0.0,-1,-1,1,0,0,0,26.1,24.5,17.334965971741745,30.84574524954779,27.41539450267455,38.27531841800928,7,18,1.302,1.303,60,0.612,167,57,0.612,194,167,57,0.0,1,1,0
55,5,181,8,1.3020516145517882,strong,susceptible,0,1,0.0,-1,-1,1,0,0,0,26.1,24.5,17.334965971741745,30.84574524954779,27.41539450267455,38.27531841800928,7,18,1.302,1.303,60,0.612,167,57,0.612,194,167,57,0.0,1,1,0
55,6,181,8,1.3020516145517882,strong,susceptible,0,1,0.0,-1,-1,1,0,0,0,26.1,24.5,17.334965971741745,30.84574524954779,27.41539450267455,38.27531841800928,7,18,1.302,1.303,60,0.612,167,57,0.612,194,167,57,0.0,1,1,0
55,7,181,8,1.3020516145517882,strong,susceptible,0,1,0.0,-1,-1,1,0,0,0,26.1,24.5,17.334965971741745,30.84574524954779,27.41539450267455,38.27531841800928,7,18,1.302,1.303,60,0.612,167,57,0.612,194,167,57,0.0,1,1,0
55,8,181,8,1.3020516145517882,strong,susceptible,0,1,0.0,-1,-1,1,0,0,0,26.1,24.5,17.334965971741745,30.84574524954779,27.41539450267455,38.27531841800928,7,18,1.302,1.303,60,0.612,167,57,0.612,194,167,57,0.0,1,1,0
55,9,181,8,1.3020516145517882,strong,susceptible,0,1,0.0,-1,-1,1,0,0,0,26.1,24.5,17.334965971741745,30.84574524954779,27.41539450267455,38.27531841800928,7,18,1.302,1.303,60,0.612,167,57,0.612,194,167,57,0.0,1,1,0
55,10,181,8,1.3020516145517882,strong,susceptible,0,1,0.0,-1,-1,1,0,0,0,26.1,24.5,17.334965971741745,30.84574524954779,27.41539450267455,38.27531841800928,7,18,1.302,1.303,60,0.612,167,57,0.612,194,167,57,0.0,1,1,0
55,11,181,8,1.3020516145517882,strong,susceptible,0,1,0.0,-1,-1,1,0,0,0,26.1,24.5,17.334965971741745,30.84574524954779,27.41539450267455,38.27531841800928,7,18,1.302,1.303,60,0.612,167,57,0.612,194,167,57,0.0,1,1,0
55,12,181,8,1.3020516145517882,strong,susceptible,0,1,0.0,-1,-1,1,0,0,0,26.1,24.5,17.334965971741745,30.84574524954779,27.41539450267455,38.27531841800928,7,18,1.302,1.303,60,0.612,167,57,0.612,194,167,57,0.0,1,1,0
55,13,181,8,1.3020516145517882,strong,susceptible,0,1,0.0,-1,-1,1,0,0,0,26.1,24.5,17.334965971741745,30.84574524954779,27.41539450267455,38.27531841800928,7,18,1.302,1.303,60,0.612,167,57,0.612,194,167,57,0.0,1,1,0
55,14,181,8,1.3020516145517882,strong,susceptible,0,1,0.0,-1,-1,1,0,0,0,26.1,24.5,17.334965971741745,30.84574524954779,27.41539450267455,38.27531841800928,7,18,1.302,1.303,60,0.612,167,57,0.612,194,167,57,0.0,1,1,0
55,15,181,8,1.3020516145517882,strong,susceptible,0,1,0.0,-1,-1,1,0,0,0,26.1,24.5,17.334965971741745,30.84574524954779,27.41539450267455,38.27531841800928,7,18,1.302,1.303,60,0.612,167,57,0.612,194,167,57,0.0,1,1,0
55,16,181,8,1.3020516145517882,strong,susceptible,0,1,0.0,-1,-1,1,0,0,0,26.1,24.5,17.334965971741745,30.84574524954779,27.41539450267455,38.27531841800928,7,18,1.302,1.303,60,0.612,167,57,0.612,194,167,57,0.0,1,1,0
55,17,181,8,1.3020516145517882,strong,susceptible,0,1,0.0,-1,-1,1,0,0,0,26.1,24.5,17.334965971741745,30.84574524954779,27.41539450267455,38.27531841800928,7,18,1.302,1.303,60,0.612,167,57,0.612,194,167,57,0.0,1,1,0
55,18,181,8,1.3020516145517882,strong,susceptible,0,1,0.0,-1,-1,1,0,0,0,26.1,24.5,17.334965971741745,30.84574524954779,27.41539450267455,38.27531841800928,7,18,1.302,1.303,60,0.612,167,57,0.612,194,167,57,0.0,1,1,0
55,19,181,8,1.3020516145517882,strong,susceptible,0,1,0.0,-1,-1,1,0,0,0,26.1,24.5,17.334965971741745,30.84574524954779,27.41539450267455,38.27531841800928,7,18,1.302,1.303,60,0.612,167,57,0.612,194,167,57,0.0,1,1,0
55,20,181,8,1.3020516145517882,strong,susceptible,0,1,0.0,-1,-1,1,0,0,0,26.1,24.5,17.334965971741745,30.84574524954779,27.41539450267455,38.27531841800928,7,18,1.302,1.303,60,0.612,167,57,0.612,194,167,57,0.0,1,1,0
55,21,181,8,1.3020516145517882,strong,susceptible,0,1,0.0,-1,-1,1,0,0,0,26.1,24.5,17.334965971741745,30.84574524954779,27.41539450267455,38.27531841800928,7,18,1.302,1.303,60,0.612,167,57,0.612,194,167,57,0.0,1,1,0
55,22,181,8,1.3020516145517882,strong,susceptible,0,1,0.0,-1,-1,1,0,0,0,26.1,24.5,17.334965971741745,30.84574524954779,27.41539450267455,38.27531841800928,7,18,1.302,1.303,60,0.612,167,57,0.612,194,167,57,0.0,1,1,0
55,23,181,8,1.3020516145517882,strong,susceptible,0,1,0.0,-1,-1,1,0,0,0,26.1,24.5,17.334965971741745,30.84574524954779,27.41539450267455,38.27531841800928,7,18,1.302,1.303,60,0.612,167,57,0.612,194,167,57,0.0,1,1,0
55,24,181,8,1.3020516145517882,strong,susceptible,0,1,0.0,-1,-1,1,0,0,0,26.1,24.5,17.334965971741745,30.84574524954779,27.41539450267455,38.27531841800928,7,18,1.302,1.303,60,0.612,167,57,0.612,194,167,57,0.0,1,1,0
55,25,181,8,1.3020516145517882,strong,susceptible,0,1,0.0,-1,-1,1,0,0,0,26.1,24.5,17.334965971741745,30.84574524954779,27.41539450267455,38.27531841800928,7,18,1.302,1.303,60,0.612,167,57,0.612,194,167,57,0.0,1,1,0
55,26,181,8,1.3020516145517882,strong,susceptible,0,1,0.0,-1,-1,1,0,0,0,26.1,24.5,17.334965971741745,30.84574524954779,27.41539450267455,38.27531841800928,7,18,1.302,1.303,60,0.612,167,57,0.612,194,167,57,0.0,1,1,0
55,27,181,8,1.3020516145517882,strong,susceptible,0,1,0.0,-1,-1,1,0,0,0,26.1,24.5,17.334965971741745,30.84574524954779,27.41539450267455,38.27531841800928,7,18,1.302,1.303,60,0.612,167,57,0.612,194,167,57,0.0,1,1,0
55,28,181,8,1.3020516145517882,strong,susceptible,0,1,0.0,-1,-1,1,0,0,0,26.1,24.5,17.334965971741745,30.84574524954779,27.41539450267455,38.27531841800928,7,18,1.302,1.303,60,0.612,167,57,0.612,194,167,57,0.0,1,1,0
55,29,181,8,1.3020516145517882,strong,susceptible,0,1,0.0,-1,-1,1,0,0,0,26.1,24.5,17.334965971741745,30.84574524954779,27.41539450267455,38.27531841800928,7,18,1.302,1.303,60,0.612,167,57,0.612,194,167,57,0.0,1,1,0
55,30,181,8,1.3020516145517882,strong,susceptible,0,1,0.0,-1,-1,1,0,0,0,26.1,24.5,17.334965971741745,30.84574524954779,27.41539450267455,38.27531841800928,7,18,1.302,1.303,60,0.612,167,57,0.612,194,167,57,0.0,1,1,0
55,31,181,8,1.3020516145517882,strong,susceptible,0,1,0.0,-1,-1,1,0,0,0,26.1,24.5,17.334965971741745,30.84574524954779,27.41539450267455,38.27531841800928,7,18,1.302,1.303,60,0.612,167,57,0.612,194,167,57,0.0,1,1,0
55,32,181,8,1.3020516145517882,strong,susceptible,0,1,0.0,-1,-1,1,0,0,0,26.1,24.5,17.334965971741745,30.84574524954779,27.41539450267455,38.27531841800928,7,18,1.302,1.303,60,0.612,167,57,0.612,194,167,57,0.0,1,1,0
55,33,181,8,1.3020516145517882,strong,susceptible,0,1,0.0,-1,-1,1,0,0,0,26.1,24.5,17.334965971741745,30.84574524954779,27.41539450267455,38.27531841800928,7,18,1.302,1.303,60,0.612,167,57,0.612,194,167,57,0.0,1,1,0
55,34,181,8,1.3020516145517882,strong,susceptible,0,1,0.0,-1,-1,1,0,0,0,26.1,24.5,17.334965971741745,30.84574524954779,27.41539450267455,38.27531841800928,7,18,1.302,1.303,60,0.612,167,57,0.612,194,167,57,0.0,1,1,0
55,35,181,8,1.3020516145517882,strong,susceptible,0,1,0.0,-1,-1,1,0,0,0,26.1,24.5,17.334965971741745,30.84574524954779,27.41539450267455,38.27531841800928,7,18,1.302,1.303,60,0.612,167,57,0.612,194,167,57,0.0,1,1,0
55,36,181,8,1.3020516145517882,strong,susceptible,0,1,0.0,-1,-1,1,0,0,0,26.1,24.5,17.334965971741745,30.84574524954779,27.41539450267455,38.27531841800928,7,18,1.302,1.303,60,0.612,167,57,0.612,194,167,57,0.0,1,1,0
55,37,181,8,1.3020516145517882,strong,susceptible,0,1,0.0,-1,-1,1,0,0,0,26.1,24.5,17.334965971741745,30.84574524954779,27.41539450267455,38.27531841800928,7,18,1.302,1.303,60,0.612,167,57,0.612,194,167,57,0.0,1,1,0
55,38,181,8,1.3020516145517882,strong,susceptible,0,1,0.0,-1,-1,1,0,0,0,26.1,24.5,17.334965971741745,30.84574524954779,27.41539450267455,38.27531841800928,7,18,1.302,1.303,60,0.612,167,57,0.612,194,167,57,0.0,1,1,0
55,39,181,8,1.3020516145517882,strong,susceptible,0,1,0.0,-1,-1,1,0,0,0,26.1,24.5,17.334965971741745,30.84574524954779,27.41539450267455,38.27531841800928,7,18,1.302,1.303,60,0.612,167,57,0.612,194,167,57,0.0,1,1,0
56,0,77,4,1.3025514174731747,low,susceptible,0,1,0.0,-1,-1,0,0,1,0,12.3,24.1,16.14615304716918,32.10763149159402,21.443951665204754,46.04345773288535,7,18,1.302,1.303,60,0.612,167,57,0.612,194,167,57,0.0,1,1,0
56,1,77,4,1.3025514174731747,low,susceptible,0,1,0.0,-1,-1,0,0,1,0,12.3,24.1,16.14615304716918,32.10763149159402,21.443951665204754,46.04345773288535,7,18,1.302,1.303,60,0.612,167,57,0.612,194,167,57,0.0,1,1,0
56,2,77,4,1.3025514174731747,low,susceptible,0,1,0.0,-1,-1,0,0,1,0,12.3,24.1,16.14615304716918,32.10763149159402,21.443951665204754,46.04345773288535,7,18,1.302,1.303,60,0.612,167,57,0.612,194,167,57,0.0,1,1,0
56,3,77,4,1.3025514174731747,low,susceptible,0,1,0.0,-1,-1,0,0,1,0,12.3,24.1,16.14615304716918,32.10763149159402,21.443951665204754,46.04345773288535,7,18,1.302,1.303,60,0.612,167,57,0.612,194,167,57,0.0,1,1,0
56,4,77,4,1.3025514174731747,low,susceptible,0,1,0.0,-1,-1,0,0,1,0,12.3,24.1,16.14615304716918,32.10763149159402,21.443951665204754,46.04345773288535,7,18,1.302,1.303,60,0.612,167,57,0.612,194,167,57,0.0,1,1,0
56,5,77,4,1.3025514174731747,low,susceptible,0,1,0.0,-1,-1,0,0,1,0,12.3,24.1,16.14615304716918,32.10763149159402,21.443951665204754,46.04345773288535,7,18,1.302,1.303,60,0.612,167,57,0.612,194,167,57,0.0,1,1,0
56,6,77,4,1.3025514174731747,low,susceptible,0,1,0.0,-1,-1,0,0,1,0,12.3,24.1,16.14615304716918,32.10763149159402,21.443951665204754,46.04345773288535,7,18,1.302,1.303,60,0.612,167,57,0.612,194,167,57,0.0,1,1,0
56,7,77,4,1.3025514174731747,low,susceptible,0,1,0.0,-1,-1,0,0,1,0,12.3,24.1,16.14615304716918,32.10763149159402,21.443951665204754,46.04345773288535,7,18,1.302,1.303,60,0.612,167,57,0.612,194,167,57,0.0,1,1,0
56,8,77,4,1.3025514174731747,low,susceptible,0,1,0.0,-1,-1,0,0,1,0,12.3,24.1,16.14615304716918,32.10763149159402,21.443951665204754,46.04345773288535,7,18,1.302,1.303,60,0.612,167,57,0.612,194,167,57,0.0,1,1,0
56,9,77,4,1.3025514174731747,low,susceptible,0,1,0.0,-1,-1,0,0,1,0,12.3,24.1,16.14615304716918,32.10763149159402,21.443951665204754,46.04345773288535,7,18,1.302,1.303,60,0.612,167,57,0.612,194,167,57,0.0,1,1,0
56,10,77,4,1.3025514174731747,low,susceptible,0,1,0.0,-1,-1,0,0,1,0,12.3,24.1,16.14615304716918,32.10763149159402,21.443951665204754,46.04345773288535,7,18,1.302,1.303,60,0.612,167,57,0.612,194,167,57,0.0,1,1,0
56,11,77,4,1.3025514174731747,low,susceptible,0,1,0.0,-1,-1,0,0,1,0,12.3,24.1,16.14615304716918,32.10763149159402,21.443951665204754,46.04345773288535,7,18,1.302,1.303,60,0.612,167,57,0.612,194,167,57,0.0,1,1,0
56,12,77,4,1.3025514174731747,low,susceptible,0,1,0.0,-1,-1,0,0,1,0,12.3,24.1,16.14615304716918,32.10763149159402,21.443951665204754,46.04345773288535,7,18,1.302,1.303,60,0.612,167,57,0.612,194,167,57,0.0,1,1,0
56,13,77,4,1.3025514174731747,low,susceptible,0,1,0.0,-1,-1,0,0,1,0,12.3,24.1,16.14615304716918,32.10763149159402,21.443951665204754,46.04345773288535,7,18,1.302,1.303,60,0.612,167,57,0.612,194,167,57,0.0,1,1,0
56,14,77,4,1.3025514174731747,low,susceptible,0,1,0.0,-1,-1,0,0,1,0,12.3,24.1,16.14615304716918,32.10763149159402,21.443951665204754,46.04345773288535,7,18,1.302,1.303,60,0.612,167,57,0.612,194,167,57,0.0,1,1,0
56,15,77,4,1.3025514174731747,low,susceptible,0,1,0.0,-1,-1,0,0,1,0,12.3,24.1,16.14615304716918,32.10763149159402,21.443951665204754,46.04345773288535,7,18,1.302,1.303,60,0.612,167,57,0.612,194,167,57,0.0,1,1,0
56,16,77,4,1.3025514174731747,low,susceptible,0,1,0.0,-1,-1,0,0,1,0,12.3,24.1,16.14615304716918,32.10763149159402,21.443951665204754,46.04345773288535,7,18,1.302,1.303,60,0.612,167,57,0.612,194,167,57,0.0,1,1,0
56,17,77,4,1.3025514174731747,low,susceptible,0,1,0.0,-1,-1,0,0,1,0,12.3,24.1,16.14615304716918,32.10763149159402,21.443951665204754,46.04345773288535,7,18,1.302,1.303,60,0.612,167,57,0.612,194,167,57,0.0,1,1,0
56,18,77,4,1.3025514174731747,low,susceptible,0,1,0.0,-1,-1,0,0,1,0,12.3,24.1,16.14615304716918,32.10763149159402,21.443951665204754,46.04345773288535,7,18,1.302,1.303,60,0.612,167,57,0.612,194,167,57,0.0,1,1,0
56,19,77,4,1.3025514174731747,low,susceptible,0,1,0.0,-1,-1,0,0,1,0,12.3,24.1,16.14615304716918,32.10763149159402,21.443951665204754,46.04345773288535,7,18,1.302,1.303,60,0.612,167,57,0.612,194,167,57,0.0,1,1,0
56,20,77,4,1.3025514174731747,low,susceptible,0,1,0.0,-1,-1,0,0,1,0,12.3,24.1,16.14615304716918,32.10763149159402,21.443951665204754,46.04345773288535,7,18,1.302,1.303,60,0.612,167,57,0.612,194,167,57,0.0,1,1,0
56,21,77,4,1.3025514174731747,low,susceptible,0,1,0.0,-1,-1,0,0,1,0,12.3,24.1,16.14615304716918,32.10763149159402,21.443951665204754,46.04345773288535,7,18,1.302,1.303,60,0.612,167,57,0.612,194,167,57,0.0,1,1,0
56,22,77,4,1.3025514174731747,low,susceptible,0,1,0.0,-1,-1,0,0,1,0,12.3,24.1,16.14615304716918,32.10763149159402,21.443951665204754,46.04345773288535,7,18,1.302,1.303,60,0.612,167,57,0.612,194,167,57,0.0,1,1,0
56,23,77,4,1.3025514174731747,low,susceptible,0,1,0.0,-1,-1,0,0,1,0,12.3,24.1,16.14615304716918,32.10763149159402,21.443951665204754,46.04345773288535,7,18,1.302,1.303,60,0.612,167,57,0.612,194,167,57,0.0,1,1,0
56,24,77,4,1.3025514174731747,low,susceptible,0,1,0.0,-1,-1,0,0,1,0,12.3,24.1,16.14615304716918,32.10763149159402,21.443951665204754,46.04345773288535,7,18,1.302,1.303,60,0.612,167,57,0.612,194,167,57,0.0,1,1,0
56,25,77,4,1.3025514174731747,low,susceptible,0,1,0.0,-1,-1,0,0,1,0,12.3,24.1,16.14615304716918,32.10763149159402,21.443951665204754,46.04345773288535,7,18,1.302,1.303,60,0.612,167,57,0.612,194,167,57,0.0,1,1,0
56,26,77,4,1.3025514174731747,low,susceptible,0,1,0.0,-1,-1,0,0,1,0,12.3,24.1,16.14615304716918,32.10763149159402,21.443951665204754,46.04345773288535,7,18,1.302,1.303,60,0.612,167,57,0.612,194,167,57,0.0,1,1,0
56,27,77,4,1.3025514174731747,low,susceptible,0,1,0.0,-1,-1,0,0,1,0,12.3,24.1,16.14615304716918,32.10763149159402,21.443951665204754,46.04345773288535,7,18,1.302,1.303,60,0.612,167,57,0.612,194,167,57,0.0,1,1,0
56,28,77,4,1.3025514174731747,low,susceptible,0,1,0.0,-1,-1,0,0,1,0,12.3,24.1,16.14615304716918,32.10763149159402,21.443951665204754,46.04345773288535,7,18,1.302,1.303,60,0.612,167,57,0.612,194,167,57,0.0,1,1,0
56,29,77,4,1.3025514174731747,low,susceptible,0,1,0.0,-1,-1,0,0,1,0,12.3,24.1,16.14615304716918,32.10763149159402,21.443951665204754,46.04345773288535,7,18,1.302,1.303,60,0.612,167,57,0.612,194,167,57,0.0,1,1,0
56,30,77,4,1.3025514174731747,low,susceptible,0,1,0.0,-1,-1,0,0,1,0,12.3,24.1,16.14615304716918,32.10763149159402,21.443951665204754,46.04345773288535,7,18,1.302,1.303,60,0.612,167,57,0.612,194,167,57,0.0,1,1,0
56,31,77,4,1.3025514174731747,low,susceptible,0,1,0.0,-1,-1,0,0,1,0,12.3,24.1,16.14615304716918,32.10763149159402,21.443951665204754,46.04345773288535,7,18,1.302,1.303,60,0.612,167,57,0.612,194,167,57,0.0,1,1,0
56,32,77,4,1.3025514174731747,low,susceptible,0,1,0.0,-1,-1,0,0,1,0,12.3,24.1,16.14615304716918,32.10763149159402,21.443951665204754,46.04345773288535,7,18,1.302,1.303,60,0.612,167,57,0.612,194,167,57,0.0,1,1,0
56,33,77,4,1.3025514174731747,low,susceptible,0,1,0.0,-1,-1,0,0,1,0,12.3,24.1,16.14615304716918,32.10763149159402,21.443951665204754,46.04345773288535,7,18,1.302,1.303,60,0.612,167,57,0.612,194,167,57,0.0,1,1,0
56,34,77,4,1.3025514174731747,low,susceptible,0,1,0.0,-1,-1,0,0,1,0,12.3,24.1,16.14615304716918,32.10763149159402,21.443951665204754,46.04345773288535,7,18,1.302,1.303,60,0.612,167,57,0.612,194,167,57,0.0,1,1,0
56,35,77,4,1.3025514174731747,low,susceptible,0,1,0.0,-1,-1,0,0,1,0,12.3,24.1,16.14615304716918,32.10763149159402,21.443951665204754,46.04345773288535,7,18,1.302,1.303,60,0.612,167,57,0.612,194,167,57,0.0,1,1,0
56,36,77,4,1.3025514174731747,low,susceptible,0,1,0.0,-1,-1,0,0,1,0,12.3,24.1,16.14615304716918,32.10763149159402,21.443951665204754,46.04345773288535,7,18,1.302,1.303,60,0.612,167,57,0.612,194,167,57,0.0,1,1,0
56,37,77,4,1.3025514174731747,low,susceptible,0,1,0.0,-1,-1,0,0,1,0,12.3,24.1,16.14615304716918,32.10763149159402,21.443951665204754,46.04345773288535,7,18,1.302,1.303,60,0.612,167,57,0.612,194,167,57,0.0,1,1,0
56,38,77,4,1.3025514174731747,low,susceptible,0,1,0.0,-1,-1,0,0,1,0,12.3,24.1,16.14615304716918,32.10763149159402,21.443951665204754,46.04345773288535,7,18,1.302,1.303,60,0.612,167,57,0.612,194,167,57,0.0,1,1,0
56,39,77,4,1.3025514174731747,low,susceptible,0,1,0.0,-1,-1,0,0,1,0,12.3,24.1,16.14615304716918,32.10763149159402,21.443951665204754,46.04345773288535,7,18,1.302,1.303,60,0.612,167,57,0.612,194,167,57,0.0,1,1,0
57,0,141,4,1.3022214787102158,low,susceptible,0,1,0.0,-1,-1,0,0,1,0,30.0,32.7,10.896613163070722,28.79044980544764,19.270074550616958,41.78516483155236,7,18,1.302,1.303,60,0.612,167,57,0.612,194,167,57,0.0,1,1,0
57,1,141,4,1.3022214787102158,low,susceptible,0,1,0.0,-1,-1,0,0,1,0,30.0,32.7,10.896613163070722,28.79044980544764,19.270074550616958,41.78516483155236,7,18,1.302,1.303,60,0.612,167,57,0.612,194,167,57,0.0,1,1,0
57,2,141,4,1.3022214787102158,low,susceptible,0,1,0.0,-1,-1,0,0,1,0,30.0,32.7,10.896613163070722,28.79044980544764,19.270074550616958,41.78516483155236,7,18,1.302,1.303,60,0.612,167,57,0.612,194,167,57,0.0,1,1,0
57,3,141,4,1.3022214787102158,low,susceptible,0,1,0.0,-1,-1,0,0,1,0,30.0,32.7,10.896613163070722,28.79044980544764,19.270074550616958,41.78516483155236,7,18,1.302,1.303,60,0.612,167,57,0.612,194,167,57,0.0,1,1,0
57,4,141,4,1.3022214787102158,low,susceptible,0,1,0.0,-1,-1,0,0,1,0,30.0,32.7,10.896613163070722,28.79044980544764,19.270074550616958,41.78516483155236,7,18,1.302,1.303,60,0.612,167,57,0.612,194,167,57,0.0,1,1,0
57,5,141,4,1.3022214787102158,low,susceptible,0,1,0.0,-1,-1,0,0,1,0,30.0,32.7,10.896613163070722,28.79044980544764,19.270074550616958,41.78516483155236,7,18,1.302,1.303,60,0.612,167,57,0.612,194,167,57,0.0,1,1,0
57,6,141,4,1.3022214787102158,low,susceptible,0,1,0.0,-1,-1,0,0,1,0,30.0,32.7,10.896613163070722,28.79044980544764,19.270074550616958,41.78516483155236,7,18,1.302,1.303,60,0.612,167,57,0.612,194,167,57,0.0,1,1,0
57,7,141,4,1.3022214787102158,low,susceptible,0,1,0.0,-1,-1,0,0,1,0,30.0,32.7,10.896613163070722,28.79044980544764,19.270074550616958,41.78516483155236,7,18,1.302,1.303,60,0.612,167,57,0.612,194,167,57,0.0,1,1,0
57,8,141,4,1.3022214787102158,low,susceptible,0,1,0.0,-1,-1,0,0,1,0,30.0,32.7,10.896613163070722,28.79044980544764,19.270074550616958,41.78516483155236,7,18,1.302,1.303,60,0.612,167,57,0.612,194,167,57,0.0,1,1,0
57,9,141,4,1.3022214787102158,low,susceptible,0,1,0.0,-1,-1,0,0,1,0,30.0,32.7,10.896613163070722,28.79044980544764,19.270074550616958,41.78516483155236,7,18,1.302,1.303,60,0.612,167,57,0.612,194,167,57,0.0,1,1,0
57,10,141,4,1.3022214787102158,low,susceptible,0,1,0.0,-1,-1,0,0,1,0,30.0,32.7,10.896613163070722,28.79044980544764,19.270074550616958,41.78516483155236,7,18,1.302,1.303,60,0.612,167,57,0.612,194,167,57,0.0,1,1,0
57,11,141,4,1.3022214787102158,low,susceptible,0,1,0.0,-1,-1,0,0,1,0,30.0,32.7,10.896613163070722,28.79044980544764,19.270074550616958,41.78516483155236,7,18,1.302,1.303,60,0.612,167,57,0.612,194,167,57,0.0,1,1,0
57,12,141,4,1.3022214787102158,low,susceptible,0,1,0.0,-1,-1,0,0,1,0,30.0,32.7,10.896613163070722,28.79044980544764,19.270074550616958,41.78516483155236,7,18,1.302,1.303,60,0.612,167,57,0.612,194,167,57,0.0,1,1,0
57,13,141,4,1.3022214787102158,low,susceptible,0,1,0.0,-1,-1,0,0,1,0,30.0,32.7,10.896613163070722,28.79044980544764,19.270074550616958,41.78516483155236,7,18,1.302,1.303,60,0.612,167,57,0.612,194,167,57,0.0,1,1,0
57,14,141,4,1.3022214787102158,low,susceptible,0,1,0.0,-1,-1,0,0,1,0,30.0,32.7,10.896613163070722,28.79044980544764,19.270074550616958,41.78516483155236,7,18,1.302,1.303,60,0.612,167,57,0.612,194,167,57,0.0,1,1,0
57,15,141,4,1.3022214787102158,low,susceptible,0,1,0.0,-1,-1,0,0,1,0,30.0,32.7,10.896613163070722,28.79044980544764,19.270074550616958,41.78516483155236,7,18,1.302,1.303,60,0.612,167,57,0.612,194,167,57,0.0,1,1,0
57,16,141,4,1.3022214787102158,low,susceptible,0,1,0.0,-1,-1,0,0,1,0,30.0,32.7,10.896613163070722,28.79044980544764,19.270074550616958,41.78516483155236,7,18,1.302,1.303,60,0.612,167,57,0.612,194,167,57,0.0,1,1,0
57,17,141,4,1.3022214787102158,low,susceptible,0,1,0.0,-1,-1,0,0,1,0,30.0,32.7,10.896613163070722,28.79044980544764,19.270074550616958,41.78516483155236,7,18,1.302,1.303,60,0.612,167,57,0.612,194,167,57,0.0,1,1,0
57,18,141,4,1.3022214787102158,low,susceptible,0,1,0.0,-1,-1,0,0,1,0,30.0,32.7,10.896613163070722,28.79044980544764,19.270074550616958,41.78516483155236,7,18,1.302,1.303,60,0.612,167,57,0.612,194,167,57,0.0,1,1,0
57,19,141,4,1.3022214787102158,low,susceptible,0,1,0.0,-1,-1,0,0,1,0,30.0,32.7,10.896613163070722,28.79044980544764,19.270074550616958,41.78516483155236,7,18,1.302,1.303,60,0.612,167,57,0.612,194,167,57,0.0,1,1,0
57,20,141,4,1.3022214787102158,low,susceptible,0,1,0.0,-1,-1,0,0,1,0,30.0,32.7,10.896613163070722,28.79044980544764,19.270074550616958,41.78516483155236,7,18,1.302,1.303,60,0.612,167,57,0.612,194,167,57,0.0,1,1,0
57,21,141,4,1.3022214787102158,low,susceptible,0,1,0.0,-1,-1,0,0,1,0,30.0,32.7,10.896613163070722,28.79044980544764,19.270074550616958,41.78516483155236,7,18,1.302,1.303,60,0.612,167,57,0.612,194,167,57,0.0,1,1,0
57,22,141,4,1.3022214787102158,low,susceptible,0,1,0.0,-1,-1,0,0,1,0,30.0,32.7,10.896613163070722,28.79044980544764,19.270074550616958,41.78516483155236,7,18,1.302,1.303,60,0.612,167,57,0.612,194,167,57,0.0,1,1,0
57,23,141,4,1.3022214787102158,low,susceptible,0,1,0.0,-1,-1,0,0,1,0,30.0,32.7,10.896613163070722,28.79044980544764,19.270074550616958,41.78516483155236,7,18,1.302,1.303,60,0.612,167,57,0.612,194,167,57,0.0,1,1,0
57,24,141,4,1.3022214787102158,low,susceptible,0,1,0.0,-1,-1,0,0,1,0,30.0,32.7,10.896613163070722,28.79044980544764,19.270074550616958,41.78516483155236,7,18,1.302,1.303,60,0.612,167,57,0.612,194,167,57,0.0,1,1,0
57,25,141,4,1.3022214787102158,low,susceptible,0,1,0.0,-1,-1,0,0,1,0,30.0,32.7,10.896613163070722,28.79044980544764,19.270074550616958,41.78516483155236,7,18,1.302,1.303,60,0.612,167,57,0.612,194,167,57,0.0,1,1,0
57,26,141,4,1.3022214787102158,low,susceptible,0,1,0.0,-1,-1,0,0,1,0,30.0,32.7,10.896613163070722,28.79044980544764,19.270074550616958,41.78516483155236,7,18,1.302,1.303,60,0.612,167,57,0.612,194,167,57,0.0,1,1,0
57,27,141,4,1.3022214787102158,low,susceptible,0,1,0.0,-1,-1,0,0,1,0,30.0,32.7,10.896613163070722,28.79044980544764,19.270074550616958,41.78516483155236,7,18,1.302,1.303,60,0.612,167,57,0.612,194,167,57,0.0,1,1,0
57,28,141,4,1.3022214787102158,low,susceptible,0,1,0.0,-1,-1,0,0,1,0,30.0,32.7,10.896613163070722,28.79044980544764,19.270074550616958,41.78516483155236,7,18,1.302,1.303,60,0.612,167,57,0.612,194,167,57,0.0,1,1,0
57,29,141,4,1.3022214787102158,low,susceptible,0,1,0.0,-1,-1,0,0,1,0,30.0,32.7,10.896613163070722,28.79044980544764,19.270074550616958,41.78516483155236,7,18,1.302,1.303,60,0.612,167,57,0.612,194,167,57,0.0,1,1,0
57,30,141,4,1.3022214787102158,low,susceptible,0,1,0.0,-1,-1,0,0,1,0,30.0,32.7,10.896613163070722,28.79044980544764,19.270074550616958,41.78516483155236,7,18,1.302,1.303,60,0.612,167,57,0.612,194,167,57,0.0,1,1,0
57,31,141,4,1.3022214787102158,low,susceptible,0,1,0.0,-1,-1,0,0,1,0,30.0,32.7,10.896613163070722,28.79044980544764,19.270074550616958,41.78516483155236,7,18,1.302,1.303,60,0.612,167,57,0.612,194,167,57,0.0,1,1,0
57,32,141,4,1.3022214787102158,low,susceptible,0,1,0.0,-1,-1,0,0,1,0,30.0,32.7,10.896613163070722,28.79044980544764,19.270074550616958,41.78516483155236,7,18,1.302,1.303,60,0.612,167,57,0.612,194,167,57,0.0,1,1,0
57,33,141,4,1.3022214787102158,low,susceptible,0,1,0.0,-1,-1,0,0,1,0,30.0,32.7,10.896613163070722,28.79044980544764,19.270074550616958,41.78516483155236,7,18,1.302,1.303,60,0.612,167,57,0.612,194,167,57,0.0,1,1,0
57,34,141,4,1.3022214787102158,low,susceptible,0,1,0.0,-1,-1,0,0,1,0,30.0,32.7,10.896613163070722,28.79044980544764,19.270074550616958,41.78516483155236,7,18,1.302,1.303,60,0.612,167,57,0.612,194,167,57,0.0,1,1,0
57,35,141,4,1.3022214787102158,low,susceptible,0,1,0.0,-1,-1,0,0,1,0,30.0,32.7,10.896613163070722,28.79044980544764,19.270074550616958,41.78516483155236,7,18,1.302,1.303,60,0.612,167,57,0.612,194,167,57,0.0,1,1,0
57,36,141,4,1.3022214787102158,low,susceptible,0,1,0.0,-1,-1,0,0,1,0,30.0,32.7,10.896613163070722,28.79044980544764,19.270074550616958,41.78516483155236,7,18,1.302,1.303,60,0.612,167,57,0.612,194,167,57,0.0,1,1,0
57,37,141,4,1.3022214787102158,low,susceptible,0,1,0.0,-1,-1,0,0,1,0,30.0,32.7,10.896613163070722,28.79044980544764,19.270074550616958,41.78516483155236,7,18,1.302,1.303,60,0.612,167,57,0.612,194,167,57,0.0,1,1,0
57,38,141,4,1.3022214787102158,low,susceptible,0,1,0.0,-1,-1,0,0,1,0,30.0,32.7,10.896613163070722,28.79044980544764,19.270074550616958,41.78516483155236,7,18,1.302,1.303,60,0.612,167,57,0.612,194,167,57,0.0,1,1,0
57,39,141,4,1.3022214787102158,low,susceptible,0,1,0.0,-1,-1,0,0,1,0,30.0,32.7,10.896613163070722,28.79044980544764,19.270074550616958,41.78516483155236,7,18,1.302,1.303,60,0.612,167,57,0.612,194,167,57,0.0,1,1,0
58,0,29,8,1.3023421942123563,medium,susceptible,0,1,0.0,-1,-1,0,1,0,0,23.0,26.6,22.017673410509733,30.537845372586457,39.497624710734435,58.0,7,18,1.302,1.303,60,0.612,167,57,0.612,194,167,57,0.0,1,1,0
58,1,29,8,1.3023421942123563,medium,susceptible,0,1,0.0,-1,-1,0,1,0,0,23.0,26.6,22.017673410509733,30.537845372586457,39.497624710734435,58.0,7,18,1.302,1.303,60,0.612,167,57,0.612,194,167,57,0.0,1,1,0
58,2,29,8,1.3023421942123563,medium,susceptible,0,1,0.0,-1,-1,0,1,0,0,23.0,26.6,22.017673410509733,30.537845372586457,39.497624710734435,58.0,7,18,1.302,1.303,60,0.612,167,57,0.612,194,167,57,0.0,1,1,0
58,3,29,8,1.3023421942123563,medium,susceptible,0,1,0.0,-1,-1,0,1,0,0,23.0,26.6,22.017673410509733,30.537845372586457,39.497624710734435,58.0,7,18,1.302,1.303,60,0.612,167,57,0.612,194,167,57,0.0,1,1,0
58,4,29,8,1.3023421942123563,medium,susceptible,0,1,0.0,-1,-1,0,1,0,0,23.0,26.6,22.017673410509733,30.537845372586457,39.497624710734435,58.0,7,18,1.302,1.303,60,0.612,167,57,0.612,194,167,57,0.0,1,1,0
58,5,29,8,1.3023421942123563,medium,susceptible,0,1,0.0,-1,-1,0,1,0,0,23.0,26.6,22.017673410509733,30.537845372586457,39.497624710734435,58.0,7,18,1.302,1.303,60,0.612,167,57,0.612,194,167,57,0.0,1,1,0
58,6,29,8,1.3023421942123563,medium,susceptible,0,1,0.0,-1,-1,0,1,0,0,23.0,26.6,22.017673410509733,30.537845372586457,39.497624710734435,58.0,7,18,1.302,1.303,60,0.612,167,57,0.612,194,167,57,0.0,1,1,0
58,7,29,8,1.3023421942123563,medium,susceptible,0,1,0.0,-1,-1,0,1,0,0,23.0,26.6,22.017673410509733,30.537845372586457,39.497624710734435,58.0,7,18,1.302,1.303,60,0.612,167,57,0.612,194,167,57,0.0,1,1,0
58,8,29,8,1.3023421942123563,medium,susceptible,0,1,0.0,-1,-1,0,1,0,0,23.0,26.6,22.017673410509733,30.537845372586457,39.497624710734435,58.0,7,18,1.302,1.303,60,0.612,167,57,0.612,194,167,57,0.0,1,1,0
58,9,29,8,1.3023421942123563,medium,susceptible,0,1,0.0,-1,-1,0,1,0,0,23.0,26.6,22.017673410509733,30.537845372586457,39.497624710734435,58.0,7,18,1.302,1.303,60,0.612,167,57,0.612,194,167,57,0.0,1,1,0
58,10,29,8,1.3023421942123563,medium,susceptible,0,1,0.0,-1,-1,0,1,0,0,23.0,26.6,22.017673410509733,30.537845372586457,39.497624710734435,58.0,7,18,1.302,1.303,60,0.612,167,57,0.612,194,167,57,0.0,1,1,0
58,11,29,8,1.3023421942123563,medium,susceptible,0,1,0.0,-1,-1,0,1,0,0,23.0,26.6,22.017673410509733,30.537845372586457,39.497624710734435,58.0,7,18,1.302,1.303,60,0.612,167,57,0.612,194,167,57,0.0,1,1,0
58,12,29,8,1.3023421942123563,medium,susceptible,0,1,0.0,-1,-1,0,1,0,0,23.0,26.6,22.017673410509733,30.537845372586457,39.497624710734435,58.0,7,18,1.302,1.303,60,0.612,167,57,0.612,194,167,57,0.0,1,1,0
58,13,29,8,1.3023421942123563,medium,susceptible,0,1,0.0,-1,-1,0,1,0,0,23.0,26.6,22.017673410509733,30.537845372586457,39.497624710734435,58.0,7,18,1.302,1.303,60,0.612,167,57,0.612,194,167,57,0.0,1,1,0
58,14,29,8,1.3023421942123563,medium,susceptible,0,1,0.0,-1,-1,0,1,0,0,23.0,26.6,22.017673410509733,30.537845372586457,39.497624710734435,58.0,7,18,1.302,1.303,60,0.612,167,57,0.612,194,167,57,0.0,1,1,0
58,15,29,8,1.3023421942123563,medium,susceptible,0,1,0.0,-1,-1,0,1,0,0,23.0,26.6,22.017673410509733,30.537845372586457,39.497624710734435,58.0,7,18,1.302,1.303,60,0.612,167,57,0.612,194,167,57,0.0,1,1,0
58,16,29,8,1.3023421942123563,medium,susceptible,0,1,0.0,-1,-1,0,1,0,0,23.0,26.6,22.017673410509733,30.537845372586457,39.497624710734435,58.0,7,18,1.302,1.303,60,0.612,167,57,0.612,194,167,57,0.0,1,1,0
58,17,29,8,1.3023421942123563,medium,susceptible,0,1,0.0,-1,-1,0,1,0,0,23.0,26.6,22.017673410509733,30.537845372586457,39.497624710734435,58.0,7,18,1.302,1.303,60,0.612,167,57,0.612,194,167,57,0.0,1,1,0
58,18,29,8,1.3023421942123563,medium,susceptible,0,1,0.0,-1,-1,0,1,0,0,23.0,26.6,22.017673410509733,30.537845372586457,39.497624710734435,58.0,7,18,1.302,1.303,60,0.612,167,57,0.612,194,167,57,0.0,1,1,0
58,19,29,8,1.3023421942123563,medium,susceptible,0,1,0.0,-1,-1,0,1,0,0,23.0,26.6,22.017673410509733,30.537845372586457,39.497624710734435,58.0,7,18,1.302,1.303,60,0.612,167,57,0.612,194,167,57,0.0,1,1,0
58,20,29,8,1.3023421942123563,medium,susceptible,0,1,0.0,-1,-1,0,1,0,0,23.0,26.6,22.017673410509733,30.537845372586457,39.497624710734435,58.0,7,18,1.302,1.303,60,0.612,167,57,0.612,194,167,57,0.0,1,1,0
58,21,29,8,1.3023421942123563,medium,susceptible,0,1,0.0,-1,-1,0,1,0,0,23.0,26.6,22.017673410509733,30.537845372586457,39.497624710734435,58.0,7,18,1.302,1.303,60,0.612,167,57,0.612,194,167,57,0.0,1,1,0
58,22,29,8,1.3023421942123563,medium,susceptible,0,1,0.0,-1,-1,0,1,0,0,23.0,26.6,22.017673410509733,30.537845372586457,39.497624710734435,58.0,7,18,1.302,1.303,60,0.612,167,57,0.612,194,167,57,0.0,1,1,0
58,23,29,8,1.3023421942123563,medium,susceptible,0,1,0.0,-1,-1,0,1,0,0,23.0,26.6,22.017673410509733,30.537845372586457,39.497624710734435,58.0,7,18,1.302,1.303,60,0.612,167,57,0.612,194,167,57,0.0,1,1,0
58,24,29,8,1.3023421942123563,medium,susceptible,0,1,0.0,-1,-1,0,1,0,0,23.0,26.6,22.017673410509733,30.537845372586457,39.497624710734435,58.0,7,18,1.302,1.303,60,0.612,167,57,0.612,194,167,57,0.0,1,1,0
58,25,29,8,1.3023421942123563,medium,susceptible,0,1,0.0,-1,-1,0,1,0,0,23.0,26.6,22.017673410509733,30.537845372586457,39.497624710734435,58.0,7,18,1.302,1.303,60,0.612,167,57,0.612,194,167,57,0.0,1,1,0
58,26,29,8,1.3023421942123563,medium,susceptible,0,1,0.0,-1,-1,0,1,0,0,23.0,26.6,22.017673410509733,30.537845372586457,39.497624710734435,58.0,7,18,1.302,1.303,60,0.612,167,57,0.612,194,167,57,0.0,1,1,0
58,27,29,8,1.3023421942123563,medium,susceptible,0,1,0.0,-1,-1,0,1,0,0,23.0,26.6,22.017673410509733,30.537845372586457,39.497624710734435,58.0,7,18,1.302,1.303,60,0.612,167,57,0.612,194,167,57,0.0,1,1,0
58,28,29,8,1.3023421942123563,medium,susceptible,0,1,0.0,-1,-1,0,1,0,0,23.0,26.6,22.017673410509733,30.537845372586457,39.497624710734435,58.0,7,18,1.302,1.303,60,0.612,167,57,0.612,194,167,57,0.0,1,1,0
58,29,29,8,1.3023421942123563,medium,susceptible,0,1,0.0,-1,-1,0,1,0,0,23.0,26.6,22.017673410509733,30.537845372586457,39.497624710734435,58.0,7,18,1.302,1.303,60,0.612,167,57,0.612,194,167,57,0.0,1,1,0
58,30,29,8,1.3023421942123563,medium,susceptible,0,1,0.0,-1,-1,0,1,0,0,23.0,26.6,22.017673410509733,30.537845372586457,39.497624710734435,58.0,7,18,1.302,1.303,60,0.612,167,57,0.612,194,167,57,0.0,1,1,0
58,31,29,8,1.3023421942123563,medium,susceptible,0,1,0.0,-1,-1,0,1,0,0,23.0,26.6,22.017673410509733,30.537845372586457,39.497624710734435,58.0,7,18,1.302,1.303,60,0.612,167,57,0.612,194,167,57,0.0,1,1,0
58,32,29,8,1.3023421942123563,medium,susceptible,0,1,0.0,-1,-1,0,1,0,0,23.0,26.6,22.017673410509733,30.537845372586457,39.497624710734435,58.0,7,18,1.302,1.303,60,0.612,167,57,0.612,194,167,57,0.0,1,1,0
58,33,29,8,1.3023421942123563,medium,susceptible,0,1,0.0,-1,-1,0,1,0,0,23.0,26.6,22.017673410509733,30.537845372586457,39.497624710734435,58.0,7,18,1.302,1.303,60,0.612,167,57,0.612,194,167,57,0.0,1,1,0
58,34,29,8,1.3023421942123563,medium,susceptible,0,1,0.0,-1,-1,0,1,0,0,23.0,26.6,22.017673410509733,30.537845372586457,39.497624710734435,58.0,7,18,1.302,1.303,60,0.612,167,57,0.612,194,167,57,0.0,1,1,0
58,35,29,8,1.3023421942123563,medium,susceptible,0,1,0.0,-1,-1,0,1,0,0,23.0,26.6,22.017673410509733,30.537845372586457,39.497624710734435,58.0,7,18,1.302,1.303,60,0.612,167,57,0.612,194,167,57,0.0,1,1,0
58,36,29,8,1.3023421942123563,medium,susceptible,0,1,0.0,-1,-1,0,1,0,0,23.0,26.6,22.017673410509733,30.537845372586457,39.497624710734435,58.0,7,18,1.302,1.303,60,0.612,167,57,0.612,194,167,57,0.0,1,1,0
58,37,29,8,1.3023421942123563,medium,susceptible,0,1,0.0,-1,-1,0,1,0,0,23.0,26.6,22.017673410509733,30.537845372586457,39.497624710734435,58.0,7,18,1.302,1.303,60,0.612,167,57,0.612,194,167,57,0.0,1,1,0
58,38,29,8,1.3023421942123563,medium,susceptible,0,1,0.0,-1,-1,0,1,0,0,23.0,26.6,22.017673410509733,30.537845372586457,39.497624710734435,58.0,7,18,1.302,1.303,60,0.612,167,57,0.612,194,167,57,0.0,1,1,0
58,39,29,8,1.3023421942123563,medium,susceptible,0,1,0.0,-1,-1,0,1,0,0,23.0,26.6,22.017673410509733,30.537845372586457,39.497624710734435,58.0,7,18,1.302,1.303,60,0.612,167,57,0.612,194,167,57,0.0,1,1,0
59,0,72,3,1.3024649675526916,medium,susceptible,0,1,0.0,-1,-1,0,1,0,0,26.5,23.4,22.059921526383715,32.16224494652076,32.11211904018849,47.92702786528704,7,18,1.302,1.303,60,0.612,167,57,0.612,194,167,57,0.0,1,1,0
59,1,72,3,1.3024649675526916,medium,susceptible,0,1,0.0,-1,-1,0,1,0,0,26.5,23.4,22.059921526383715,32.16224494652076,32.11211904018849,47.92702786528704,7,18,1.302,1.303,60,0.612,167,57,0.612,194,167,57,0.0,1,1,0
59,2,72,3,1.3024649675526916,medium,susceptible,0,1,0.0,-1,-1,0,1,0,0,26.5,23.4,22.059921526383715,32.16224494652076,32.11211904018849,47.92702786528704,7,18,1.302,1.303,60,0.612,167,57,0.612,194,167,57,0.0,1,1,0
59,3,72,3,1.3024649675526916,medium,susceptible,0,1,0.0,-1,-1,0,1,0,0,26.5,23.4,22.059921526383715,32.16224494652076,32.11211904018849,47.92702786528704,7,18,1.302,1.303,60,0.612,167,57,0.612,194,167,57,0.0,1,1,0
59,4,72,3,1.3024649675526916,medium,susceptible,0,1,0.0,-1,-1,0,1,0,0,26.5,23.4,22.059921526383715,32.16224494652076,32.11211904018849,47.92702786528704,7,18,1.302,1.303,60,0.612,167,57,0.612,194,167,57,0.0,1,1,0
59,5,72,3,1.3024649675526916,medium,susceptible,0,1,0.0,-1,-1,0,1,0,0,26.5,23.4,22.059921526383715,32.16224494652076,32.11211904018849,47.92702786528704,7,18,1.302,1.303,60,0.612,167,57,0.612,194,167,57,0.0,1,1,0
59,6,72,3,1.3024649675526916,medium,susceptible,0,1,0.0,-1,-1,0,1,0,0,26.5,23.4,22.059921526383715,32.16224494652076,32.11211904018849,47.92702786528704,7,18,1.302,1.303,60,0.612,167,57,0.612,194,167,57,0.0,1,1,0
59,7,72,3,1.3024649675526916,medium,susceptible,0,1,0.0,-1,-1,0,1,0,0,26.5,23.4,22.059921526383715,32.16224494652076,32.11211904018849,47.92702786528704,7,18,1.302,1.303,60,0.612,167,57,0.612,194,167,57,0.0,1,1,0
59,8,72,3,1.3024649675526916,medium,susceptible,0,1,0.0,-1,-1,0,1,0,0,26.5,23.4,22.059921526383715,32.16224494652076,32.11211904018849,47.92702786528704,7,18,1.302,1.303,60,0.612,167,57,0.612,194,167,57,0.0,1,1,0
59,9,72,3,1.3024649675526916,medium,susceptible,0,1,0.0,-1,-1,0,1,0,0,26.5,23.4,22.059921526383715,32.16224494652076,32.11211904018849,47.92702786528704,7,18,1.302,1.303,60,0.612,167,57,0.612,194,167,57,0.0,1,1,0
59,10,72,3,1.3024649675526916,medium,susceptible,0,1,0.0,-1,-1,0,1,0,0,26.5,23.4,22.059921526383715,32.16224494652076,32.11211904018849,47.92702786528704,7,18,1.302,1.303,60,0.612,167,57,0.612,194,167,57,0.0,1,1,0
59,11,72,3,1.3024649675526916,medium,susceptible,0,1,0.0,-1,-1,0,1,0,0,26.5,23.4,22.059921526383715,32.16224494652076,32.11211904018849,47.92702786528704,7,18,1.302,1.303,60,0.612,167,57,0.612,194,167,57,0.0,1,1,0
59,12,72,3,1.3024649675526916,medium,susceptible,0,1,0.0,-1,-1,0,1,0,0,26.5,23.4,22.059921526383715,32.16224494652076,32.11211904018849,47.92702786528704,7,18,1.302,1.303,60,0.612,167,57,0.612,194,167,57,0.0,1,1,0
59,13,72,3,1.3024649675526916,medium,susceptible,0,1,0.0,-1,-1,0,1,0,0,26.5,23.4,22.059921526383715,32.16224494652076,32.11211904018849,47.92702786528704,7,18,1.302,1.303,60,0.612,167,57,0.612,194,167,57,0.0,1,1,0
59,14,72,3,1.3024649675526916,medium,susceptible,0,1,0.0,-1,-1,0,1,0,0,26.5,23.4,22.059921526383715,32.16224494652076,32.11211904018849,47.92702786528704,7,18,1.302,1.303,60,0.612,167,57,0.612,194,167,57,0.0,1,1,0
59,15,72,3,1.3024649675526916,medium,susceptible,0,1,0.0,-1,-1,0,1,0,0,26.5,23.4,22.059921526383715,32.16224494652076,32.11211904018849,47.92702786528704,7,18,1.302,1.303,60,0.612,167,57,0.612,194,167,57,0.0,1,1,0
59,16,72,3,1.3024649675526916,medium,susceptible,0,1,0.0,-1,-1,0,1,0,0,26.5,23.4,22.059921526383715,32.16224494652076,32.11211904018849,47.92702786528704,7,18,1.302,1.303,60,0.612,167,57,0.612,194,167,57,0.0,1,1,0
59,17,72,3,1.3024649675526916,medium,susceptible,0,1,0.0,-1,-1,0,1,0,0,26.5,23.4,22.059921526383715,32.16224494652076,32.11211904018849,47.92702786528704,7,18,1.302,1.303,60,0.612,167,57,0.612,194,167,57,0.0,1,1,0
59,18,72,3,1.3024649675526916,medium,susceptible,0,1,0.0,-1,-1,0,1,0,0,26.5,23.4,22.059921526383715,32.16224494652076,32.11211904018849,47.92702786528704,7,18,1.302,1.303,60,0.612,167,57,0.612,194,167,57,0.0,1,1,0
59,19,72,3,1.3024649675526916,medium,susceptible,0,1,0.0,-1,-1,0,1,0,0,26.5,23.4,22.059921526383715,32.16224494652076,32.11211904018849,47.92702786528704,7,18,1.302,1.303,60,0.612,167,57,0.612,194,167,57,0.0,1,1,0
59,20,72,3,1.3024649675526916,medium,susceptible,0,1,0.0,-1,-1,0,1,0,0,26.5,23.4,22.059921526383715,32.16224494652076,32.11211904018849,47.92702786528704,7,18,1.302,1.303,60,0.612,167,57,0.612,194,167,57,0.0,1,1,0
59,21,72,3,1.3024649675526916,medium,susceptible,0,1,0.0,-1,-1,0,1,0,0,26.5,23.4,22.059921526383715,32.16224494652076,32.11211904018849,47.92702786528704,7,18,1.302,1.303,60,0.612,167,57,0.612,194,167,57,0.0,1,1,0
59,22,72,3,1.3024649675526916,medium,susceptible,0,1,0.0,-1,-1,0,1,0,0,26.5,23.4,22.059921526383715,32.16224494652076,32.11211904018849,47.92702786528704,7,18,1.302,1.303,60,0.612,167,57,0.612,194,167,57,0.0,1,1,0
59,23,72,3,1.3024649675526916,medium,susceptible,0,1,0.0,-1,-1,0,1,0,0,26.5,23.4,22.059921526383715,32.16224494652076,32.11211904018849,47.92702786528704,7,18,1.302,1.303,60,0.612,167,57,0.612,194,167,57,0.0,1,1,0
59,24,72,3,1.3024649675526916,medium,susceptible,0,1,0.0,-1,-1,0,1,0,0,26.5,23.4,22.059921526383715,32.16224494652076,32.11211904018849,47.92702786528704,7,18,1.302,1.303,60,0.612,167,57,0.612,194,167,57,0.0,1,1,0
59,25,72,3,1.3024649675526916,medium,susceptible,0,1,0.0,-1,-1,0,1,0,0,26.5,23.4,22.059921526383715,32.16224494652076,32.11211904018849,47.92702786528704,7,18,1.302,1.303,60,0.612,167,57,0.612,194,167,57,0.0,1,1,0
59,26,72,3,1.3024649675526916,medium,susceptible,0,1,0.0,-1,-1,0,1,0,0,26.5,23.4,22.059921526383715,32.16224494652076,32.11211904018849,47.92702786528704,7,18,1.302,1.303,60,0.612,167,57,0.612,194,167,57,0.0,1,1,0
59,27,72,3,1.3024649675526916,medium,susceptible,0,1,0.0,-1,-1,0,1,0,0,26.5,23.4,22.059921526383715,32.16224494652076,32.11211904018849,47.92702786528704,7,18,1.302,1.303,60,0.612,167,57,0.612,194,167,57,0.0,1,1,0
59,28,72,3,1.3024649675526916,medium,susceptible,0,1,0.0,-1,-1,0,1,0,0,26.5,23.4,22.059921526383715,32.16224494652076,32.11211904018849,47.92702786528704,7,18,1.302,1.303,60,0.612,167,57,0.612,194,167,57,0.0,1,1,0
59,29,72,3,1.3024649675526916,medium,susceptible,0,1,0.0,-1,-1,0,1,0,0,26.5,23.4,22.059921526383715,32.16224494652076,32.11211904018849,47.92702786528704,7,18,1.302,1.303,60,0.612,167,57,0.612,194,167,57,0.0,1,1,0
59,30,72,3,1.3024649675526916,medium,susceptible,0,1,0.0,-1,-1,0,1,0,0,26.5,23.4,22.059921526383715,32.16224494652076,32.11211904018849,47.92702786528704,7,18,1.302,1.303,60,0.612,167,57,0.612,194,167,57,0.0,1,1,0
59,31,72,3,1.3024649675526916,medium,susceptible,0,1,0.0,-1,-1,0,1,0,0,26.5,23.4,22.059921526383715,32.16224494652076,32.11211904018849,47.92702786528704,7,18,1.302,1.303,60,0.612,167,57,0.612,194,167,57,0.0,1,1,0
59,32,72,3,1.3024649675526916,medium,susceptible,0,1,0.0,-1,-1,0,1,0,0,26.5,23.4,22.059921526383715,32.16224494652076,32.11211904018849,47.92702786528704,7,18,1.302,1.303,60,0.612,167,57,0.612,194,167,57,0.0,1,1,0
59,33,72,3,1.3024649675526916,medium,susceptible,0,1,0.0,-1,-1,0,1,0,0,26.5,23.4,22.059921526383715,32.16224494652076,32.11211904018849,47.92702786528704,7,18,1.302,1.303,60,0.612,167,57,0.612,194,167,57,0.0,1,1,0
59,34,72,3,1.3024649675526916,medium,susceptible,0,1,0.0,-1,-1,0,1,0,0,26.5,23.4,22.059921526383715,32.16224494652076,32.11211904018849,47.92702786528704,7,18,1.302,1.303,60,0.612,167,57,0.612,194,167,57,0.0,1,1,0
59,35,72,3,1.3024649675526916,medium,susceptible,0,1,0.0,-1,-1,0,1,0,0,26.5,23.4,22.059921526383715,32.16224494652076,32.11211904018849,47.92702786528704,7,18,1.302,1.303,60,0.612,167,57,0.612,194,167,57,0.0,1,1,0
59,36,72,3,1.3024649675526916,medium,susceptible,0,1,0.0,-1,-1,0,1,0,0,26.5,23.4,22.059921526383715,32.16224494652076,32.11211904018849,47.92702786528704,7,18,1.302,1.303,60,0.612,167,57,0.612,194,167,57,0.0,1,1,0
59,37,72,3,1.3024649675526916,medium,susceptible,0,1,0.0,-1,-1,0,1,0,0,26.5,23.4,22.059921526383715,32.16224494652076,32.11211904018849,47.92702786528704,7,18,1.302,1.303,60,0.612,167,57,0.612,194,167,57,0.0,1,1,0
59,38,72,3,1.3024649675526916,medium,susceptible,0,1,0.0,-1,-1,0,1,0,0,26.5,23.4,22.059921526383715,32.16224494652076,32.11211904018849,47.92702786528704,7,18,1.302,1.303,60,0.612,167,57,0.612,194,167,57,0.0,1,1,0
59,39,72,3,1.3024649675526916,medium,susceptible,0,1,0.0,-1,-1,0,1,0,0,26.5,23.4,22.059921526383715,32.16224494652076,32.11211904018849,47.92702786528704,7,18,1.302,1.303,60,0.612,167,57,0.612,194,167,57,0.0,1,1,0
60,0,122,6,1.302355369503654,strong,susceptible,0,1,0.0,-1,-1,1,0,0,0,23.0,15.4,16.260460592412123,33.144531977386556,24.122502264551372,48.33218389437829,7,18,1.302,1.303,60,0.612,167,57,0.612,194,167,57,0.0,1,1,0
60,1,122,6,1.302355369503654,strong,susceptible,0,1,0.0,-1,-1,1,0,0,0,23.0,15.4,16.260460592412123,33.144531977386556,24.122502264551372,48.33218389437829,7,18,1.302,1.303,60,0.612,167,57,0.612,194,167,57,0.0,1,1,0
60,2,122,6,1.302355369503654,strong,susceptible,0,1,0.0,-1,-1,1,0,0,0,23.0,15.4,16.260460592412123,33.144531977386556,24.122502264551372,48.33218389437829,7,18,1.302,1.303,60,0.612,167,57,0.612,194,167,57,0.0,1,1,0
60,3,122,6,1.302355369503654,strong,susceptible,0,1,0.0,-1,-1,1,0,0,0,23.0,15.4,16.260460592412123,33.144531977386556,24.122502264551372,48.33218389437829,7,18,1.302,1.303,60,0.612,167,57,0.612,194,167,57,0.0,1,1,0
60,4,122,6,1.302355369503654,strong,susceptible,0,1,0.0,-1,-1,1,0,0,0,23.0,15.4,16.260460592412123,33.144531977386556,24.122502264551372,48.33218389437829,7,18,1.302,1.303,60,0.612,167,57,0.612,194,167,57,0.0,1,1,0
60,5,122,6,1.302355369503654,strong,susceptible,0,1,0.0,-1,-1,1,0,0,0,23.0,15.4,16.260460592412123,33.144531977386556,24.122502264551372,48.33218389437829,7,18,1.302,1.303,60,0.612,167,57,0.612,194,167,57,0.0,1,1,0
60,6,122,6,1.302355369503654,strong,susceptible,0,1,0.0,-1,-1,1,0,0,0,23.0,15.4,16.260460592412123,33.144531977386556,24.122502264551372,48.33218389437829,7,18,1.302,1.303,60,0.612,167,57,0.612,194,167,57,0.0,1,1,0
60,7,122,6,1.302355369503654,strong,susceptible,0,1,0.0,-1,-1,1,0,0,0,23.0,15.4,16.260460592412123,33.144531977386556,24.122502264551372,48.33218389437829,7,18,1.302,1.303,60,0.612,167,57,0.612,194,167,57,0.0,1,1,0
60,8,122,6,1.302355369503654,strong,susceptible,0,1,0.0,-1,-1,1,0,0,0,23.0,15.4,16.260460592412123,33.144531977386556,24.122502264551372,48.33218389437829,7,18,1.302,1.303,60,0.612,167,57,0.612,194,167,57,0.0,1,1,0
60,9,122,6,1.302355369503654,strong,susceptible,0,1,0.0,-1,-1,1,0,0,0,23.0,15.4,16.260460592412123,33.144531977386556,24.122502264551372,48.33218389437829,7,18,1.302,1.303,60,0.612,167,57,0.612,194,167,57,0.0,1,1,0
60,10,122,6,1.302355369503654,strong,susceptible,0,1,0.0,-1,-1,1,0,0,0,23.0,15.4,16.260460592412123,33.144531977386556,24.122502264551372,48.33218389437829,7,18,1.302,1.303,60,0.612,167,57,0.612,194,167,57,0.0,1,1,0
60,11,122,6,1.302355369503654,strong,susceptible,0,1,0.0,-1,-1,1,0,0,0,23.0,15.4,16.260460592412123,33.144531977386556,24.122502264551372,48.33218389437829,7,18,1.302,1.303,60,0.612,167,57,0.612,194,167,57,0.0,1,1,0
60,12,122,6,1.302355369503654,strong,susceptible,0,1,0.0,-1,-1,1,0,0,0,23.0,15.4,16.260460592412123,33.144531977386556,24.122502264551372,48.33218389437829,7,18,1.302,1.303,60,0.612,167,57,0.612,194,167,57,0.0,1,1,0
60,13,122,6,1.302355369503654,strong,susceptible,0,1,0.0,-1,-1,1,0,0,0,23.0,15.4,16.260460592412123,33.144531977386556,24.122502264551372,48.33218389437829,7,18,1.302,1.303,60,0.612,167,57,0.612,194,167,57,0.0,1,1,0
60,14,122,6,1.302355369503654,strong,susceptible,0,1,0.0,-1,-1,1,0,0,0,23.0,15.4,16.260460592412123,33.144531977386556,24.122502264551372,48.33218389437829,7,18,1.302,1.303,60,0.612,167,57,0.612,194,167,57,0.0,1,1,0
60,15,122,6,1.302355369503654,strong,susceptible,0,1,0.0,-1,-1,1,0,0,0,23.0,15.4,16.260460592412123,33.144531977386556,24.122502264551372,48.33218389437829,7,18,1.302,1.303,60,0.612,167,57,0.612,194,167,57,0.0,1,1,0
60,16,122,6,1.302355369503654,strong,susceptible,0,1,0.0,-1,-1,1,0,0,0,23.0,15.4,16.260460592412123,33.144531977386556,24.122502264551372,48.33218389437829,7,18,1.302,1.303,60,0.612,167,57,0.612,194,167,57,0.0,1,1,0
60,17,122,6,1.302355369503654,strong,susceptible,0,1,0.0,-1,-1,1,0,0,0,23.0,15.4,16.260460592412123,33.144531977386556,24.122502264551372,48.33218389437829,7,18,1.302,1.303,60,0.612,167,57,0.612,194,167,57,0.0,1,1,0
60,18,122,6,1.302355369503654,strong,susceptible,0,1,0.0,-1,-1,1,0,0,0,23.0,15.4,16.260460592412123,33.144531977386556,24.122502264551372,48.33218389437829,7,18,1.302,1.303,60,0.612,167,57,0.612,194,167,57,0.0,1,1,0
60,19,122,6,1.302355369503654,strong,susceptible,0,1,0.0,-1,-1,1,0,0,0,23.0,15.4,16.260460592412123,33.144531977386556,24.122502264551372,48.33218389437829,7,18,1.302,1.303,60,0.612,167,57,0.612,194,167,57,0.0,1,1,0
60,20,122,6,1.302355369503654,strong,susceptible,0,1,0.0,-1,-1,1,0,0,0,23.0,15.4,16.260460592412123,33.144531977386556,24.122502264551372,48.33218389437829,7,18,1.302,1.303,60,0.612,167,57,0.612,194,167,57,0.0,1,1,0
60,21,122,6,1.302355369503654,strong,susceptible,0,1,0.0,-1,-1,1,0,0,0,23.0,15.4,16.260460592412123,33.144531977386556,24.122502264551372,48.33218389437829,7,18,1.302,1.303,60,0.612,167,57,0.612,194,167,57,0.0,1,1,0
60,22,122,6,1.302355369503654,strong,susceptible,0,1,0.0,-1,-1,1,0,0,0,23.0,15.4,16.260460592412123,33.144531977386556,24.122502264551372,48.33218389437829,7,18,1.302,1.303,60,0.612,167,57,0.612,194,167,57,0.0,1,1,0
60,23,122,6,1.302355369503654,strong,susceptible,0,1,0.0,-1,-1,1,0,0,0,23.0,15.4,16.260460592412123,33.144531977386556,24.122502264551372,48.33218389437829,7,18,1.302,1.303,60,0.612,167,57,0.612,194,167,57,0.0,1,1,0
60,24,122,6,1.302355369503654,strong,susceptible,0,1,0.0,-1,-1,1,0,0,0,23.0,15.4,16.260460592412123,33.144531977386556,24.122502264551372,48.33218389437829,7,18,1.302,1.303,60,0.612,167,57,0.612,194,167,57,0.0,1,1,0
60,25,122,6,1.302355369503654,strong,susceptible,0,1,0.0,-1,-1,1,0,0,0,23.0,15.4,16.260460592412123,33.144531977386556,24.122502264551372,48.33218389437829,7,18,1.302,1.303,60,0.612,167,57,0.612,194,167,57,0.0,1,1,0
60,26,122,6,1.302355369503654,strong,susceptible,0,1,0.0,-1,-1,1,0,0,0,23.0,15.4,16.260460592412123,33.144531977386556,24.122502264551372,48.33218389437829,7,18,1.302,1.303,60,0.612,167,57,0.612,194,167,57,0.0,1,1,0
60,27,122,6,1.302355369503654,strong,susceptible,0,1,0.0,-1,-1,1,0,0,0,23.0,15.4,16.260460592412123,33.144531977386556,24.122502264551372,48.33218389437829,7,18,1.302,1.303,60,0.612,167,57,0.612,194,167,57,0.0,1,1,0
60,28,122,6,1.302355369503654,strong,susceptible,0,1,0.0,-1,-1,1,0,0,0,23.0,15.4,16.260460592412123,33.144531977386556,24.122502264551372,48.33218389437829,7,18,1.302,1.303,60,0.612,167,57,0.612,194,167,57,0.0,1,1,0
60,29,122,6,1.302355369503654,strong,susceptible,0,1,0.0,-1,-1,1,0,0,0,23.0,15.4,16.260460592412123,33.144531977386556,24.122502264551372,48.33218389437829,7,18,1.302,1.303,60,0.612,167,57,0.612,194,167,57,0.0,1,1,0
60,30,122,6,1.302355369503654,strong,susceptible,0,1,0.0,-1,-1,1,0,0,0,23.0,15.4,16.260460592412123,33.144531977386556,24.122502264551372,48.33218389437829,7,18,1.302,1.303,60,0.612,167,57,0.612,194,167,57,0.0,1,1,0
60,31,122,6,1.302355369503654,strong,susceptible,0,1,0.0,-1,-1,1,0,0,0,23.0,15.4,16.260460592412123,33.144531977386556,24.122502264551372,48.33218389437829,7,18,1.302,1.303,60,0.612,167,57,0.612,194,167,57,0.0,1,1,0
60,32,122,6,1.302355369503654,strong,susceptible,0,1,0.0,-1,-1,1,0,0,0,23.0,15.4,16.260460592412123,33.144531977386556,24.122502264551372,48.33218389437829,7,18,1.302,1.303,60,0.612,167,57,0.612,194,167,57,0.0,1,1,0
60,33,122,6,1.302355369503654,strong,susceptible,0,1,0.0,-1,-1,1,0,0,0,23.0,15.4,16.260460592412123,33.144531977386556,24.122502264551372,48.33218389437829,7,18,1.302,1.303,60,0.612,167,57,0.612,194,167,57,0.0,1,1,0
60,34,122,6,1.302355369503654,strong,susceptible,0,1,0.0,-1,-1,1,0,0,0,23.0,15.4,16.260460592412123,33.144531977386556,24.122502264551372,48.33218389437829,7,18,1.302,1.303,60,0.612,167,57,0.612,194,167,57,0.0,1,1,0
60,35,122,6,1.302355369503654,strong,susceptible,0,1,0.0,-1,-1,1,0,0,0,23.0,15.4,16.260460592412123,33.144531977386556,24.122502264551372,48.33218389437829,7,18,1.302,1.303,60,0.612,167,57,0.612,194,167,57,0.0,1,1,0
60,36,122,6,1.302355369503654,strong,susceptible,0,1,0.0,-1,-1,1,0,0,0,23.0,15.4,16.260460592412123,33.144531977386556,24.122502264551372,48.33218389437829,7,18,1.302,1.303,60,0.612,167,57,0.612,194,167,57,0.0,1,1,0
60,37,122,6,1.302355369503654,strong,susceptible,0,1,0.0,-1,-1,1,0,0,0,23.0,15.4,16.260460592412123,33.144531977386556,24.122502264551372,48.33218389437829,7,18,1.302,1.303,60,0.612,167,57,0.612,194,167,57,0.0,1,1,0
60,38,122,6,1.302355369503654,strong,susceptible,0,1,0.0,-1,-1,1,0,0,0,23.0,15.4,16.260460592412123,33.144531977386556,24.122502264551372,48.33218389437829,7,18,1.302,1.303,60,0.612,167,57,0.612,194,167,57,0.0,1,1,0
60,39,122,6,1.302355369503654,strong,susceptible,0,1,0.0,-1,-1,1,0,0,0,23.0,15.4,16.260460592412123,33.144531977386556,24.122502264551372,48.33218389437829,7,18,1.302,1.303,60,0.612,167,57,0.612,194,167,57,0.0,1,1,0
61,0,145,4,1.302322385697792,medium,susceptible,0,1,0.0,-1,-1,0,1,0,0,21.1,22.2,15.648741798429578,33.35940646954019,24.124237686852283,59.39696961966999,7,18,1.302,1.303,60,0.612,167,57,0.612,194,167,57,0.0,1,1,0
61,1,145,4,1.302322385697792,medium,susceptible,0,1,0.0,-1,-1,0,1,0,0,21.1,22.2,15.648741798429578,33.35940646954019,24.124237686852283,59.39696961966999,7,18,1.302,1.303,60,0.612,167,57,0.612,194,167,57,0.0,1,1,0
61,2,145,4,1.302322385697792,medium,susceptible,0,1,0.0,-1,-1,0,1,0,0,21.1,22.2,15.648741798429578,33.35940646954019,24.124237686852283,59.39696961966999,7,18,1.302,1.303,60,0.612,167,57,0.612,194,167,57,0.0,1,1,0
61,3,145,4,1.302322385697792,medium,susceptible,0,1,0.0,-1,-1,0,1,0,0,21.1,22.2,15.648741798429578,33.35940646954019,24.124237686852283,59.39696961966999,7,18,1.302,1.303,60,0.612,167,57,0.612,194,167,57,0.0,1,1,0
61,4,145,4,1.302322385697792,medium,susceptible,0,1,0.0,-1,-1,0,1,0,0,21.1,22.2,15.648741798429578,33.35940646954019,24.124237686852283,59.39696961966999,7,18,1.302,1.303,60,0.612,167,57,0.612,194,167,57,0.0,1,1,0
61,5,145,4,1.302322385697792,medium,susceptible,0,1,0.0,-1,-1,0,1,0,0,21.1,22.2,15.648741798429578,33.35940646954019,24.124237686852283,59.39696961966999,7,18,1.302,1.303,60,0.612,167,57,0.612,194,167,57,0.0,1,1,0
61,6,145,4,1.302322385697792,medium,susceptible,0,1,0.0,-1,-1,0,1,0,0,21.1,22.2,15.648741798429578,33.35940646954019,24.124237686852283,59.39696961966999,7,18,1.302,1.303,60,0.612,167,57,0.612,194,167,57,0.0,1,1,0
61,7,145,4,1.302322385697792,medium,susceptible,0,1,0.0,-1,-1,0,1,0,0,21.1,22.2,15.648741798429578,33.35940646954019,24.124237686852283,59.39696961966999,7,18,1.302,1.303,60,0.612,167,57,0.612,194,167,57,0.0,1,1,0
61,8,145,4,1.302322385697792,medium,susceptible,0,1,0.0,-1,-1,0,1,0,0,21.1,22.2,15.648741798429578,33.35940646954019,24.124237686852283,59.39696961966999,7,18,1.302,1.303,60,0.612,167,57,0.612,194,167,57,0.0,1,1,0
61,9,145,4,1.302322385697792,medium,susceptible,0,1,0.0,-1,-1,0,1,0,0,21.1,22.2,15.648741798429578,33.35940646954019,24.124237686852283,59.39696961966999,7,18,1.302,1.303,60,0.612,167,57,0.612,194,167,57,0.0,1,1,0
61,10,145,4,1.302322385697792,medium,susceptible,0,1,0.0,-1,-1,0,1,0,0,21.1,22.2,15.648741798429578,33.35940646954019,24.124237686852283,59.39696961966999,7,18,1.302,1.303,60,0.612,167,57,0.612,194,167,57,0.0,1,1,0
61,11,145,4,1.302322385697792,medium,susceptible,0,1,0.0,-1,-1,0,1,0,0,21.1,22.2,15.648741798429578,33.35940646954019,24.124237686852283,59.39696961966999,7,18,1.302,1.303,60,0.612,167,57,0.612,194,167,57,0.0,1,1,0
61,12,145,4,1.302322385697792,medium,susceptible,0,1,0.0,-1,-1,0,1,0,0,21.1,22.2,15.648741798429578,33.35940646954019,24.124237686852283,59.39696961966999,7,18,1.302,1.303,60,0.612,167,57,0.612,194,167,57,0.0,1,1,0
61,13,145,4,1.302322385697792,medium,susceptible,0,1,0.0,-1,-1,0,1,0,0,21.1,22.2,15.648741798429578,33.35940646954019,24.124237686852283,59.39696961966999,7,18,1.302,1.303,60,0.612,167,57,0.612,194,167,57,0.0,1,1,0
61,14,145,4,1.302322385697792,medium,susceptible,0,1,0.0,-1,-1,0,1,0,0,21.1,22.2,15.648741798429578,33.35940646954019,24.124237686852283,59.39696961966999,7,18,1.302,1.303,60,0.612,167,57,0.612,194,167,57,0.0,1,1,0
61,15,145,4,1.302322385697792,medium,susceptible,0,1,0.0,-1,-1,0,1,0,0,21.1,22.2,15.648741798429578,33.35940646954019,24.124237686852283,59.39696961966999,7,18,1.302,1.303,60,0.612,167,57,0.612,194,167,57,0.0,1,1,0
61,16,145,4,1.302322385697792,medium,susceptible,0,1,0.0,-1,-1,0,1,0,0,21.1,22.2,15.648741798429578,33.35940646954019,24.124237686852283,59.39696961966999,7,18,1.302,1.303,60,0.612,167,57,0.612,194,167,57,0.0,1,1,0
61,17,145,4,1.302322385697792,medium,susceptible,0,1,0.0,-1,-1,0,1,0,0,21.1,22.2,15.648741798429578,33.35940646954019,24.124237686852283,59.39696961966999,7,18,1.302,1.303,60,0.612,167,57,0.612,194,167,57,0.0,1,1,0
61,18,145,4,1.302322385697792,medium,susceptible,0,1,0.0,-1,-1,0,1,0,0,21.1,22.2,15.648741798429578,33.35940646954019,24.124237686852283,59.39696961966999,7,18,1.302,1.303,60,0.612,167,57,0.612,194,167,57,0.0,1,1,0
61,19,145,4,1.302322385697792,medium,susceptible,0,1,0.0,-1,-1,0,1,0,0,21.1,22.2,15.648741798429578,33.35940646954019,24.124237686852283,59.39696961966999,7,18,1.302,1.303,60,0.612,167,57,0.612,194,167,57,0.0,1,1,0
61,20,145,4,1.302322385697792,medium,susceptible,0,1,0.0,-1,-1,0,1,0,0,21.1,22.2,15.648741798429578,33.35940646954019,24.124237686852283,59.39696961966999,7,18,1.302,1.303,60,0.612,167,57,0.612,194,167,57,0.0,1,1,0
61,21,145,4,1.302322385697792,medium,susceptible,0,1,0.0,-1,-1,0,1,0,0,21.1,22.2,15.648741798429578,33.35940646954019,24.124237686852283,59.39696961966999,7,18,1.302,1.303,60,0.612,167,57,0.612,194,167,57,0.0,1,1,0
61,22,145,4,1.302322385697792,medium,susceptible,0,1,0.0,-1,-1,0,1,0,0,21.1,22.2,15.648741798429578,33.35940646954019,24.124237686852283,59.39696961966999,7,18,1.302,1.303,60,0.612,167,57,0.612,194,167,57,0.0,1,1,0
61,23,145,4,1.302322385697792,medium,susceptible,0,1,0.0,-1,-1,0,1,0,0,21.1,22.2,15.648741798429578,33.35940646954019,24.124237686852283,59.39696961966999,7,18,1.302,1.303,60,0.612,167,57,0.612,194,167,57,0.0,1,1,0
61,24,145,4,1.302322385697792,medium,susceptible,0,1,0.0,-1,-1,0,1,0,0,21.1,22.2,15.648741798429578,33.35940646954019,24.124237686852283,59.39696961966999,7,18,1.302,1.303,60,0.612,167,57,0.612,194,167,57,0.0,1,1,0
61,25,145,4,1.302322385697792,medium,susceptible,0,1,0.0,-1,-1,0,1,0,0,21.1,22.2,15.648741798429578,33.35940646954019,24.124237686852283,59.39696961966999,7,18,1.302,1.303,60,0.612,167,57,0.612,194,167,57,0.0,1,1,0
61,26,145,4,1.302322385697792,medium,susceptible,0,1,0.0,-1,-1,0,1,0,0,21.1,22.2,15.648741798429578,33.35940646954019,24.124237686852283,59.39696961966999,7,18,1.302,1.303,60,0.612,167,57,0.612,194,167,57,0.0,1,1,0
61,27,145,4,1.302322385697792,medium,susceptible,0,1,0.0,-1,-1,0,1,0,0,21.1,22.2,15.648741798429578,33.35940646954019,24.124237686852283,59.39696961966999,7,18,1.302,1.303,60,0.612,167,57,0.612,194,167,57,0.0,1,1,0
61,28,145,4,1.302322385697792,medium,susceptible,0,1,0.0,-1,-1,0,1,0,0,21.1,22.2,15.648741798429578,33.35940646954019,24.124237686852283,59.39696961966999,7,18,1.302,1.303,60,0.612,167,57,0.612,194,167,57,0.0,1,1,0
61,29,145,4,1.302322385697792,medium,susceptible,0,1,0.0,-1,-1,0,1,0,0,21.1,22.2,15.648741798429578,33.35940646954019,24.124237686852283,59.39696961966999,7,18,1.302,1.303,60,0.612,167,57,0.612,194,167,57,0.0,1,1,0
61,30,145,4,1.302322385697792,medium,susceptible,0,1,0.0,-1,-1,0,1,0,0,21.1,22.2,15.648741798429578,33.35940646954019,24.124237686852283,59.39696961966999,7,18,1.302,1.303,60,0.612,167,57,0.612,194,167,57,0.0,1,1,0
61,31,145,4,1.302322385697792,medium,susceptible,0,1,0.0,-1,-1,0,1,0,0,21.1,22.2,15.648741798429578,33.35940646954019,24.124237686852283,59.39696961966999,7,18,1.302,1.303,60,0.612,167,57,0.612,194,167,57,0.0,1,1,0
61,32,145,4,1.302322385697792,medium,susceptible,0,1,0.0,-1,-1,0,1,0,0,21.1,22.2,15.648741798429578,33.35940646954019,24.124237686852283,59.39696961966999,7,18,1.302,1.303,60,0.612,167,57,0.612,194,167,57,0.0,1,1,0
61,33,145,4,1.302322385697792,medium,susceptible,0,1,0.0,-1,-1,0,1,0,0,21.1,22.2,15.648741798429578,33.35940646954019,24.124237686852283,59.39696961966999,7,18,1.302,1.303,60,0.612,167,57,0.612,194,167,57,0.0,1,1,0
61,34,145,4,1.302322385697792,medium,susceptible,0,1,0.0,-1,-1,0,1,0,0,21.1,22.2,15.648741798429578,33.35940646954019,24.124237686852283,59.39696961966999,7,18,1.302,1.303,60,0.612,167,57,0.612,194,167,57,0.0,1,1,0
61,35,145,4,1.302322385697792,medium,susceptible,0,1,0.0,-1,-1,0,1,0,0,21.1,22.2,15.648741798429578,33.35940646954019,24.124237686852283,59.39696961966999,7,18,1.302,1.303,60,0.612,167,57,0.612,194,167,57,0.0,1,1,0
61,36,145,4,1.302322385697792,medium,susceptible,0,1,0.0,-1,-1,0,1,0,0,21.1,22.2,15.648741798429578,33.35940646954019,24.124237686852283,59.39696961966999,7,18,1.302,1.303,60,0.612,167,57,0.612,194,167,57,0.0,1,1,0
61,37,145,4,1.302322385697792,medium,susceptible,0,1,0.0,-1,-1,0,1,0,0,21.1,22.2,15.648741798429578,33.35940646954019,24.124237686852283,59.39696961966999,7,18,1.302,1.303,60,0.612,167,57,0.612,194,167,57,0.0,1,1,0
61,38,145,4,1.302322385697792,medium,susceptible,0,1,0.0,-1,-1,0,1,0,0,21.1,22.2,15.648741798429578,33.35940646954019,24.124237686852283,59.39696961966999,7,18,1.302,1.303,60,0.612,167,57,0.612,194,167,57,0.0,1,1,0
61,39,145,4,1.302322385697792,medium,susceptible,0,1,0.0,-1,-1,0,1,0,0,21.1,22.2,15.648741798429578,33.35940646954019,24.124237686852283,59.39696961966999,7,18,1.302,1.303,60,0.612,167,57,0.612,194,167,57,0.0,1,1,0
62,0,128,6,1.3025156923385492,low,susceptible,0,1,0.0,-1,-1,0,0,1,0,31.4,32.3,13.353159555807697,28.924902765610117,22.82986014377936,38.118237105091836,7,18,1.302,1.303,60,0.612,167,57,0.612,194,167,57,0.0,1,1,0
62,1,128,6,1.3025156923385492,low,susceptible,0,1,0.0,-1,-1,0,0,1,0,31.4,32.3,13.353159555807697,28.924902765610117,22.82986014377936,38.118237105091836,7,18,1.302,1.303,60,0.612,167,57,0.612,194,167,57,0.0,1,1,0
62,2,128,6,1.3025156923385492,low,susceptible,0,1,0.0,-1,-1,0,0,1,0,31.4,32.3,13.353159555807697,28.924902765610117,22.82986014377936,38.118237105091836,7,18,1.302,1.303,60,0.612,167,57,0.612,194,167,57,0.0,1,1,0
62,3,128,6,1.3025156923385492,low,susceptible,0,1,0.0,-1,-1,0,0,1,0,31.4,32.3,13.353159555807697,28.924902765610117,22.82986014377936,38.118237105091836,7,18,1.302,1.303,60,0.612,167,57,0.612,194,167,57,0.0,1,1,0
62,4,128,6,1.3025156923385492,low,susceptible,0,1,0.0,-1,-1,0,0,1,0,31.4,32.3,13.353159555807697,28.924902765610117,22.82986014377936,38.118237105091836,7,18,1.302,1.303,60,0.612,167,57,0.612,194,167,57,0.0,1,1,0
62,5,128,6,1.3025156923385492,low,susceptible,0,1,0.0,-1,-1,0,0,1,0,31.4,32.3,13.353159555807697,28.924902765610117,22.82986014377936,38.118237105091836,7,18,1.302,1.303,60,0.612,167,57,0.612,194,167,57,0.0,1,1,0
62,6,128,6,1.3025156923385492,low,susceptible,0,1,0.0,-1,-1,0,0,1,0,31.4,32.3,13.353159555807697,28.924902765610117,22.82986014377936,38.118237105091836,7,18,1.302,1.303,60,0.612,167,57,0.612,194,167,57,0.0,1,1,0
62,7,128,6,1.3025156923385492,low,susceptible,0,1,0.0,-1,-1,0,0,1,0,31.4,32.3,13.353159555807697,28.924902765610117,22.82986014377936,38.118237105091836,7,18,1.302,1.303,60,0.612,167,57,0.612,194,167,57,0.0,1,1,0
62,8,128,6,1.3025156923385492,low,susceptible,0,1,0.0,-1,-1,0,0,1,0,31.4,32.3,13.353159555807697,28.924902765610117,22.82986014377936,38.118237105091836,7,18,1.302,1.303,60,0.612,167,57,0.612,194,167,57,0.0,1,1,0
62,9,128,6,1.3025156923385492,low,susceptible,0,1,0.0,-1,-1,0,0,1,0,31.4,32.3,13.353159555807697,28.924902765610117,22.82986014377936,38.118237105091836,7,18,1.302,1.303,60,0.612,167,57,0.612,194,167,57,0.0,1,1,0
62,10,128,6,1.3025156923385492,low,susceptible,0,1,0.0,-1,-1,0,0,1,0,31.4,32.3,13.353159555807697,28.924902765610117,22.82986014377936,38.118237105091836,7,18,1.302,1.303,60,0.612,167,57,0.612,194,167,57,0.0,1,1,0
62,11,128,6,1.3025156923385492,low,susceptible,0,1,0.0,-1,-1,0,0,1,0,31.4,32.3,13.353159555807697,28.924902765610117,22.82986014377936,38.118237105091836,7,18,1.302,1.303,60,0.612,167,57,0.612,194,167,57,0.0,1,1,0
62,12,128,6,1.3025156923385492,low,susceptible,0,1,0.0,-1,-1,0,0,1,0,31.4,32.3,13.353159555807697,28.924902765610117,22.82986014377936,38.118237105091836,7,18,1.302,1.303,60,0.612,167,57,0.612,194,167,57,0.0,1,1,0
62,13,128,6,1.3025156923385492,low,susceptible,0,1,0.0,-1,-1,0,0,1,0,31.4,32.3,13.353159555807697,28.924902765610117,22.82986014377936,38.118237105091836,7,18,1.302,1.303,60,0.612,167,57,0.612,194,167,57,0.0,1,1,0
62,14,128,6,1.3025156923385492,low,susceptible,0,1,0.0,-1,-1,0,0,1,0,31.4,32.3,13.353159555807697,28.924902765610117,22.82986014377936,38.118237105091836,7,18,1.302,1.303,60,0.612,167,57,0.612,194,167,57,0.0,1,1,0
62,15,128,6,1.3025156923385492,low,susceptible,0,1,0.0,-1,-1,0,0,1,0,31.4,32.3,13.353159555807697,28.924902765610117,22.82986014377936,38.118237105091836,7,18,1.302,1.303,60,0.612,167,57,0.612,194,167,57,0.0,1,1,0
62,16,128,6,1.3025156923385492,low,susceptible,0,1,0.0,-1,-1,0,0,1,0,31.4,32.3,13.353159555807697,28.924902765610117,22.82986014377936,38.118237105091836,7,18,1.302,1.303,60,0.612,167,57,0.612,194,167,57,0.0,1,1,0
62,17,128,6,1.3025156923385492,low,susceptible,0,1,0.0,-1,-1,0,0,1,0,31.4,32.3,13.353159555807697,28.924902765610117,22.82986014377936,38.118237105091836,7,18,1.302,1.303,60,0.612,167,57,0.612,194,167,57,0.0,1,1,0
62,18,128,6,1.3025156923385492,low,susceptible,0,1,0.0,-1,-1,0,0,1,0,31.4,32.3,13.353159555807697,28.924902765610117,22.82986014377936,38.118237105091836,7,18,1.302,1.303,60,0.612,167,57,0.612,194,167,57,0.0,1,1,0
62,19,128,6,1.3025156923385492,low,susceptible,0,1,0.0,-1,-1,0,0,1,0,31.4,32.3,13.353159555807697,28.924902765610117,22.82986014377936,38.118237105091836,7,18,1.302,1.303,60,0.612,167,57,0.612,194,167,57,0.0,1,1,0
62,20,128,6,1.3025156923385492,low,susceptible,0,1,0.0,-1,-1,0,0,1,0,31.4,32.3,13.353159555807697,28.924902765610117,22.82986014377936,38.118237105091836,7,18,1.302,1.303,60,0.612,167,57,0.612,194,167,57,0.0,1,1,0
62,21,128,6,1.3025156923385492,low,susceptible,0,1,0.0,-1,-1,0,0,1,0,31.4,32.3,13.353159555807697,28.924902765610117,22.82986014377936,38.118237105091836,7,18,1.302,1.303,60,0.612,167,57,0.612,194,167,57,0.0,1,1,0
62,22,128,6,1.3025156923385492,low,susceptible,0,1,0.0,-1,-1,0,0,1,0,31.4,32.3,13.353159555807697,28.924902765610117,22.82986014377936,38.118237105091836,7,18,1.302,1.303,60,0.612,167,57,0.612,194,167,57,0.0,1,1,0
62,23,128,6,1.3025156923385492,low,susceptible,0,1,0.0,-1,-1,0,0,1,0,31.4,32.3,13.353159555807697,28.924902765610117,22.82986014377936,38.118237105091836,7,18,1.302,1.303,60,0.612,167,57,0.612,194,167,57,0.0,1,1,0
62,24,128,6,1.3025156923385492,low,susceptible,0,1,0.0,-1,-1,0,0,1,0,31.4,32.3,13.353159555807697,28.924902765610117,22.82986014377936,38.118237105091836,7,18,1.302,1.303,60,0.612,167,57,0.612,194,167,57,0.0,1,1,0
62,25,128,6,1.3025156923385492,low,susceptible,0,1,0.0,-1,-1,0,0,1,0,31.4,32.3,13.353159555807697,28.924902765610117,22.82986014377936,38.118237105091836,7,18,1.302,1.303,60,0.612,167,57,0.612,194,167,57,0.0,1,1,0
62,26,128,6,1.3025156923385492,low,susceptible,0,1,0.0,-1,-1,0,0,1,0,31.4,32.3,13.353159555807697,28.924902765610117,22.82986014377936,38.118237105091836,7,18,1.302,1.303,60,0.612,167,57,0.612,194,167,57,0.0,1,1,0
62,27,128,6,1.3025156923385492,low,susceptible,0,1,0.0,-1,-1,0,0,1,0,31.4,32.3,13.353159555807697,28.924902765610117,22.82986014377936,38.118237105091836,7,18,1.302,1.303,60,0.612,167,57,0.612,194,167,57,0.0,1,1,0
62,28,128,6,1.3025156923385492,low,susceptible,0,1,0.0,-1,-1,0,0,1,0,31.4,32.3,13.353159555807697,28.924902765610117,22.82986014377936,38.118237105091836,7,18,1.302,1.303,60,0.612,167,57,0.612,194,167,57,0.0,1,1,0
62,29,128,6,1.3025156923385492,low,susceptible,0,1,0.0,-1,-1,0,0,1,0,31.4,32.3,13.353159555807697,28.924902765610117,22.82986014377936,38.118237105091836,7,18,1.302,1.303,60,0.612,167,57,0.612,194,167,57,0.0,1,1,0
62,30,128,6,1.3025156923385492,low,susceptible,0,1,0.0,-1,-1,0,0,1,0,31.4,32.3,13.353159555807697,28.924902765610117,22.82986014377936,38.118237105091836,7,18,1.302,1.303,60,0.612,167,57,0.612,194,167,57,0.0,1,1,0
62,31,128,6,1.3025156923385492,low,susceptible,0,1,0.0,-1,-1,0,0,1,0,31.4,32.3,13.353159555807697,28.924902765610117,22.82986014377936,38.118237105091836,7,18,1.302,1.303,60,0.612,167,57,0.612,194,167,57,0.0,1,1,0
62,32,128,6,1.3025156923385492,low,susceptible,0,1,0.0,-1,-1,0,0,1,0,31.4,32.3,13.353159555807697,28.924902765610117,22.82986014377936,38.118237105091836,7,18,1.302,1.303,60,0.612,167,57,0.612,194,167,57,0.0,1,1,0
62,33,128,6,1.3025156923385492,low,susceptible,0,1,0.0,-1,-1,0,0,1,0,31.4,32.3,13.353159555807697,28.924902765610117,22.82986014377936,38.118237105091836,7,18,1.302,1.303,60,0.612,167,57,0.612,194,167,57,0.0,1,1,0
62,34,128,6,1.3025156923385492,low,susceptible,0,1,0.0,-1,-1,0,0,1,0,31.4,32.3,13.353159555807697,28.924902765610117,22.82986014377936,38.118237105091836,7,18,1.302,1.303,60,0.612,167,57,0.612,194,167,57,0.0,1,1,0
62,35,128,6,1.3025156923385492,low,susceptible,0,1,0.0,-1,-1,0,0,1,0,31.4,32.3,13.353159555807697,28.924902765610117,22.82986014377936,38.118237105091836,7,18,1.302,1.303,60,0.612,167,57,0.612,194,167,57,0.0,1,1,0
62,36,128,6,1.3025156923385492,low,susceptible,0,1,0.0,-1,-1,0,0,1,0,31.4,32.3,13.353159555807697,28.924902765610117,22.82986014377936,38.118237105091836,7,18,1.302,1.303,60,0.612,167,57,0.612,194,167,57,0.0,1,1,0
62,37,128,6,1.3025156923385492,low,susceptible,0,1,0.0,-1,-1,0,0,1,0,31.4,32.3,13.353159555807697,28.924902765610117,22.82986014377936,38.118237105091836,7,18,1.302,1.303,60,0.612,167,57,0.612,194,167,57,0.0,1,1,0
62,38,128,6,1.3025156923385492,low,susceptible,0,1,0.0,-1,-1,0,0,1,0,31.4,32.3,13.353159555807697,28.924902765610117,22.82986014377936,38.118237105091836,7,18,1.302,1.303,60,0.612,167,57,0.612,194,166,57,0.0,1,1,0
62,39,128,6,1.3025156923385492,low,infected,1,1,2.746,38,1,0,0,1,0,31.4,32.3,13.353159555807697,28.924902765610117,22.82986014377936,38.118237105091836,7,18,1.302,1.303,60,0.612,167,57,0.612,194,167,57,0.0,1,1,0
63,0,37,6,1.3021394342799306,strong,susceptible,0,1,0.0,-1,-1,1,0,0,0,17.0,32.0,20.137826489681466,32.2490309931942,31.938111272719873,54.48853090330111,7,18,1.302,1.303,60,0.612,167,57,0.612,194,167,57,0.0,1,1,0
63,1,37,6,1.3021394342799306,strong,susceptible,0,1,0.0,-1,-1,1,0,0,0,17.0,32.0,20.137826489681466,32.2490309931942,31.938111272719873,54.48853090330111,7,18,1.302,1.303,60,0.612,167,57,0.612,194,167,57,0.0,1,1,0
63,2,37,6,1.3021394342799306,strong,susceptible,0,1,0.0,-1,-1,1,0,0,0,17.0,32.0,20.137826489681466,32.2490309931942,31.938111272719873,54.48853090330111,7,18,1.302,1.303,60,0.612,167,57,0.612,194,167,57,0.0,1,1,0
63,3,37,6,1.3021394342799306,strong,susceptible,0,1,0.0,-1,-1,1,0,0,0,17.0,32.0,20.137826489681466,32.2490309931942,31.938111272719873,54.48853090330111,7,18,1.302,1.303,60,0.612,167,57,0.612,194,167,57,0.0,1,1,0
63,4,37,6,1.3021394342799306,strong,susceptible,0,1,0.0,-1,-1,1,0,0,0,17.0,32.0,20.137826489681466,32.2490309931942,31.938111272719873,54.48853090330111,7,18,1.302,1.303,60,0.612,167,57,0.612,194,167,57,0.0,1,1,0
63,5,37,6,1.3021394342799306,strong,susceptible,0,1,0.0,-1,-1,1,0,0,0,17.0,32.0,20.137826489681466,32.2490309931942,31.938111272719873,54.48853090330111,7,18,1.302,1.303,60,0.612,167,57,0.612,194,167,57,0.0,1,1,0
63,6,37,6,1.3021394342799306,strong,susceptible,0,1,0.0,-1,-1,1,0,0,0,17.0,32.0,20.137826489681466,32.2490309931942,31.938111272719873,54.48853090330111,7,18,1.302,1.303,60,0.612,167,57,0.612,194,167,57,0.0,1,1,0
63,7,37,6,1.3021394342799306,strong,susceptible,0,1,0.0,-1,-1,1,0,0,0,17.0,32.0,20.137826489681466,32.2490309931942,31.938111272719873,54.48853090330111,7,18,1.302,1.303,60,0.612,167,57,0.612,194,167,57,0.0,1,1,0
63,8,37,6,1.3021394342799306,strong,susceptible,0,1,0.0,-1,-1,1,0,0,0,17.0,32.0,20.137826489681466,32.2490309931942,31.938111272719873,54.48853090330111,7,18,1.302,1.303,60,0.612,167,57,0.612,194,167,57,0.0,1,1,0
63,9,37,6,1.3021394342799306,strong,susceptible,0,1,0.0,-1,-1,1,0,0,0,17.0,32.0,20.137826489681466,32.2490309931942,31.938111272719873,54.48853090330111,7,18,1.302,1.303,60,0.612,167,57,0.612,194,167,57,0.0,1,1,0
63,10,37,6,1.3021394342799306,strong,susceptible,0,1,0.0,-1,-1,1,0,0,0,17.0,32.0,20.137826489681466,32.2490309931942,31.938111272719873,54.48853090330111,7,18,1.302,1.303,60,0.612,167,57,0.612,194,167,57,0.0,1,1,0
63,11,37,6,1.3021394342799306,strong,susceptible,0,1,0.0,-1,-1,1,0,0,0,17.0,32.0,20.137826489681466,32.2490309931942,31.938111272719873,54.48853090330111,7,18,1.302,1.303,60,0.612,167,57,0.612,194,167,57,0.0,1,1,0
63,12,37,6,1.3021394342799306,strong,susceptible,0,1,0.0,-1,-1,1,0,0,0,17.0,32.0,20.137826489681466,32.2490309931942,31.938111272719873,54.48853090330111,7,18,1.302,1.303,60,0.612,167,57,0.612,194,167,57,0.0,1,1,0
63,13,37,6,1.3021394342799306,strong,susceptible,0,1,0.0,-1,-1,1,0,0,0,17.0,32.0,20.137826489681466,32.2490309931942,31.938111272719873,54.48853090330111,7,18,1.302,1.303,60,0.612,167,57,0.612,194,167,57,0.0,1,1,0
63,14,37,6,1.3021394342799306,strong,susceptible,0,1,0.0,-1,-1,1,0,0,0,17.0,32.0,20.137826489681466,32.2490309931942,31.938111272719873,54.48853090330111,7,18,1.302,1.303,60,0.612,167,57,0.612,194,167,57,0.0,1,1,0
63,15,37,6,1.3021394342799306,strong,susceptible,0,1,0.0,-1,-1,1,0,0,0,17.0,32.0,20.137826489681466,32.2490309931942,31.938111272719873,54.48853090330111,7,18,1.302,1.303,60,0.612,167,57,0.612,194,167,57,0.0,1,1,0
63,16,37,6,1.3021394342799306,strong,susceptible,0,1,0.0,-1,-1,1,0,0,0,17.0,32.0,20.137826489681466,32.2490309931942,31.938111272719873,54.48853090330111,7,18,1.302,1.303,60,0.612,167,57,0.612,194,167,57,0.0,1,1,0
63,17,37,6,1.3021394342799306,strong,susceptible,0,1,0.0,-1,-1,1,0,0,0,17.0,32.0,20.137826489681466,32.2490309931942,31.938111272719873,54.48853090330111,7,18,1.302,1.303,60,0.612,167,57,0.612,194,167,57,0.0,1,1,0
63,18,37,6,1.3021394342799306,strong,susceptible,0,1,0.0,-1,-1,1,0,0,0,17.0,32.0,20.137826489681466,32.2490309931942,31.938111272719873,54.48853090330111,7,18,1.302,1.303,60,0.612,167,57,0.612,194,167,57,0.0,1,1,0
63,19,37,6,1.3021394342799306,strong,susceptible,0,1,0.0,-1,-1,1,0,0,0,17.0,32.0,20.137826489681466,32.2490309931942,31.938111272719873,54.48853090330111,7,18,1.302,1.303,60,0.612,167,57,0.612,194,167,57,0.0,1,1,0
63,20,37,6,1.3021394342799306,strong,susceptible,0,1,0.0,-1,-1,1,0,0,0,17.0,32.0,20.137826489681466,32.2490309931942,31.938111272719873,54.48853090330111,7,18,1.302,1.303,60,0.612,167,57,0.612,194,167,57,0.0,1,1,0
63,21,37,6,1.3021394342799306,strong,susceptible,0,1,0.0,-1,-1,1,0,0,0,17.0,32.0,20.137826489681466,32.2490309931942,31.938111272719873,54.48853090330111,7,18,1.302,1.303,60,0.612,167,57,0.612,194,167,57,0.0,1,1,0
63,22,37,6,1.3021394342799306,strong,susceptible,0,1,0.0,-1,-1,1,0,0,0,17.0,32.0,20.137826489681466,32.2490309931942,31.938111272719873,54.48853090330111,7,18,1.302,1.303,60,0.612,167,57,0.612,194,167,57,0.0,1,1,0
63,23,37,6,1.3021394342799306,strong,susceptible,0,1,0.0,-1,-1,1,0,0,0,17.0,32.0,20.137826489681466,32.2490309931942,31.938111272719873,54.48853090330111,7,18,1.302,1.303,60,0.612,167,57,0.612,194,167,57,0.0,1,1,0
63,24,37,6,1.3021394342799306,strong,susceptible,0,1,0.0,-1,-1,1,0,0,0,17.0,32.0,20.137826489681466,32.2490309931942,31.938111272719873,54.48853090330111,7,18,1.302,1.303,60,0.612,167,57,0.612,194,167,57,0.0,1,1,0
63,25,37,6,1.3021394342799306,strong,susceptible,0,1,0.0,-1,-1,1,0,0,0,17.0,32.0,20.137826489681466,32.2490309931942,31.938111272719873,54.48853090330111,7,18,1.302,1.303,60,0.612,167,57,0.612,194,167,57,0.0,1,1,0
63,26,37,6,1.3021394342799306,strong,susceptible,0,1,0.0,-1,-1,1,0,0,0,17.0,32.0,20.137826489681466,32.2490309931942,31.938111272719873,54.48853090330111,7,18,1.302,1.303,60,0.612,167,57,0.612,194,167,57,0.0,1,1,0
63,27,37,6,1.3021394342799306,strong,susceptible,0,1,0.0,-1,-1,1,0,0,0,17.0,32.0,20.137826489681466,32.2490309931942,31.938111272719873,54.48853090330111,7,18,1.302,1.303,60,0.612,167,57,0.612,194,167,57,0.0,1,1,0
63,28,37,6,1.3021394342799306,strong,susceptible,0,1,0.0,-1,-1,1,0,0,0,17.0,32.0,20.137826489681466,32.2490309931942,31.938111272719873,54.48853090330111,7,18,1.302,1.303,60,0.612,167,57,0.612,194,167,57,0.0,1,1,0
63,29,37,6,1.3021394342799306,strong,susceptible,0,1,0.0,-1,-1,1,0,0,0,17.0,32.0,20.137826489681466,32.2490309931942,31.938111272719873,54.48853090330111,7,18,1.302,1.303,60,0.612,167,57,0.612,194,167,57,0.0,1,1,0
63,30,37,6,1.3021394342799306,strong,susceptible,0,1,0.0,-1,-1,1,0,0,0,17.0,32.0,20.137826489681466,32.2490309931942,31.938111272719873,54.48853090330111,7,18,1.302,1.303,60,0.612,167,57,0.612,194,167,57,0.0,1,1,0
63,31,37,6,1.3021394342799306,strong,susceptible,0,1,0.0,-1,-1,1,0,0,0,17.0,32.0,20.137826489681466,32.2490309931942,31.938111272719873,54.48853090330111,7,18,1.302,1.303,60,0.612,167,57,0.612,194,167,57,0.0,1,1,0
63,32,37,6,1.3021394342799306,strong,susceptible,0,1,0.0,-1,-1,1,0,0,0,17.0,32.0,20.137826489681466,32.2490309931942,31.938111272719873,54.48853090330111,7,18,1.302,1.303,60,0.612,167,57,0.612,194,167,57,0.0,1,1,0
63,33,37,6,1.3021394342799306,strong,susceptible,0,1,0.0,-1,-1,1,0,0,0,17.0,32.0,20.137826489681466,32.2490309931942,31.938111272719873,54.48853090330111,7,18,1.302,1.303,60,0.612,167,57,0.612,194,167,57,0.0,1,1,0
63,34,37,6,1.3021394342799306,strong,susceptible,0,1,0.0,-1,-1,1,0,0,0,17.0,32.0,20.137826489681466,32.2490309931942,31.938111272719873,54.48853090330111,7,18,1.302,1.303,60,0.612,167,57,0.612,194,167,57,0.0,1,1,0
63,35,37,6,1.3021394342799306,strong,susceptible,0,1,0.0,-1,-1,1,0,0,0,17.0,32.0,20.137826489681466,32.2490309931942,31.938111272719873,54.48853090330111,7,18,1.302,1.303,60,0.612,167,57,0.612,194,167,57,0.0,1,1,0
63,36,37,6,1.3021394342799306,strong,susceptible,0,1,0.0,-1,-1,1,0,0,0,17.0,32.0,20.137826489681466,32.2490309931942,31.938111272719873,54.48853090330111,7,18,1.302,1.303,60,0.612,167,57,0.612,194,167,57,0.0,1,1,0
63,37,37,6,1.3021394342799306,strong,susceptible,0,1,0.0,-1,-1,1,0,0,0,17.0,32.0,20.137826489681466,32.2490309931942,31.938111272719873,54.48853090330111,7,18,1.302,1.303,60,0.612,167,57,0.612,194,167,57,0.0,1,1,0
63,38,37,6,1.3021394342799306,strong,susceptible,0,1,0.0,-1,-1,1,0,0,0,17.0,32.0,20.137826489681466,32.2490309931942,31.938111272719873,54.48853090330111,7,18,1.302,1.303,60,0.612,167,57,0.612,194,167,57,0.0,1,1,0
63,39,37,6,1.3021394342799306,strong,susceptible,0,1,0.0,-1,-1,1,0,0,0,17.0,32.0,20.137826489681466,32.2490309931942,31.938111272719873,54.48853090330111,7,18,1.302,1.303,60,0.612,167,57,0.612,194,167,57,0.0,1,1,0
64,0,126,7,1.302012692100901,medium,susceptible,0,1,0.0,-1,-1,0,1,0,0,23.8,29.4,18.399913628428443,26.034592372457073,24.41305627015712,37.8021163428716,7,18,1.302,1.303,60,0.612,167,57,0.612,194,167,57,0.0,1,1,0
64,1,126,7,1.302012692100901,medium,susceptible,0,1,0.0,-1,-1,0,1,0,0,23.8,29.4,18.399913628428443,26.034592372457073,24.41305627015712,37.8021163428716,7,18,1.302,1.303,60,0.612,167,57,0.612,194,167,57,0.0,1,1,0
64,2,126,7,1.302012692100901,medium,susceptible,0,1,0.0,-1,-1,0,1,0,0,23.8,29.4,18.399913628428443,26.034592372457073,24.41305627015712,37.8021163428716,7,18,1.302,1.303,60,0.612,167,57,0.612,194,167,57,0.0,1,1,0
64,3,126,7,1.302012692100901,medium,susceptible,0,1,0.0,-1,-1,0,1,0,0,23.8,29.4,18.399913628428443,26.034592372457073,24.41305627015712,37.8021163428716,7,18,1.302,1.303,60,0.612,167,57,0.612,194,167,57,0.0,1,1,0
64,4,126,7,1.302012692100901,medium,susceptible,0,1,0.0,-1,-1,0,1,0,0,23.8,29.4,18.399913628428443,26.034592372457073,24.41305627015712,37.8021163428716,7,18,1.302,1.303,60,0.612,167,57,0.612,194,167,57,0.0,1,1,0
64,5,126,7,1.302012692100901,medium,susceptible,0,1,0.0,-1,-1,0,1,0,0,23.8,29.4,18.399913628428443,26.034592372457073,24.41305627015712,37.8021163428716,7,18,1.302,1.303,60,0.612,167,57,0.612,194,167,57,0.0,1,1,0
64,6,126,7,1.302012692100901,medium,susceptible,0,1,0.0,-1,-1,0,1,0,0,23.8,29.4,18.399913628428443,26.034592372457073,24.41305627015712,37.8021163428716,7,18,1.302,1.303,60,0.612,167,57,0.612,194,167,57,0.0,1,1,0
64,7,126,7,1.302012692100901,medium,susceptible,0,1,0.0,-1,-1,0,1,0,0,23.8,29.4,18.399913628428443,26.034592372457073,24.41305627015712,37.8021163428716,7,18,1.302,1.303,60,0.612,167,57,0.612,194,167,57,0.0,1,1,0
64,8,126,7,1.302012692100901,medium,susceptible,0,1,0.0,-1,-1,0,1,0,0,23.8,29.4,18.399913628428443,26.034592372457073,24.41305627015712,37.8021163428716,7,18,1.302,1.303,60,0.612,167,57,0.612,194,167,57,0.0,1,1,0
64,9,126,7,1.302012692100901,medium,susceptible,0,1,0.0,-1,-1,0,1,0,0,23.8,29.4,18.399913628428443,26.034592372457073,24.41305627015712,37.8021163428716,7,18,1.302,1.303,60,0.612,167,57,0.612,194,167,57,0.0,1,1,0
64,10,126,7,1.302012692100901,medium,susceptible,0,1,0.0,-1,-1,0,1,0,0,23.8,29.4,18.399913628428443,26.034592372457073,24.41305627015712,37.8021163428716,7,18,1.302,1.303,60,0.612,167,57,0.612,194,167,57,0.0,1,1,0
64,11,126,7,1.302012692100901,medium,susceptible,0,1,0.0,-1,-1,0,1,0,0,23.8,29.4,18.399913628428443,26.034592372457073,24.41305627015712,37.8021163428716,7,18,1.302,1.303,60,0.612,167,57,0.612,194,167,57,0.0,1,1,0
64,12,126,7,1.302012692100901,medium,susceptible,0,1,0.0,-1,-1,0,1,0,0,23.8,29.4,18.399913628428443,26.034592372457073,24.41305627015712,37.8021163428716,7,18,1.302,1.303,60,0.612,167,57,0.612,194,167,57,0.0,1,1,0
64,13,126,7,1.302012692100901,medium,susceptible,0,1,0.0,-1,-1,0,1,0,0,23.8,29.4,18.399913628428443,26.034592372457073,24.41305627015712,37.8021163428716,7,18,1.302,1.303,60,0.612,167,57,0.612,194,167,57,0.0,1,1,0
64,14,126,7,1.302012692100901,medium,susceptible,0,1,0.0,-1,-1,0,1,0,0,23.8,29.4,18.399913628428443,26.034592372457073,24.41305627015712,37.8021163428716,7,18,1.302,1.303,60,0.612,167,57,0.612,194,167,57,0.0,1,1,0
64,15,126,7,1.302012692100901,medium,susceptible,0,1,0.0,-1,-1,0,1,0,0,23.8,29.4,18.399913628428443,26.034592372457073,24.41305627015712,37.8021163428716,7,18,1.302,1.303,60,0.612,167,57,0.612,194,167,57,0.0,1,1,0
64,16,126,7,1.302012692100901,medium,susceptible,0,1,0.0,-1,-1,0,1,0,0,23.8,29.4,18.399913628428443,26.034592372457073,24.41305627015712,37.8021163428716,7,18,1.302,1.303,60,0.612,167,57,0.612,194,167,57,0.0,1,1,0
64,17,126,7,1.302012692100901,medium,susceptible,0,1,0.0,-1,-1,0,1,0,0,23.8,29.4,18.399913628428443,26.034592372457073,24.41305627015712,37.8021163428716,7,18,1.302,1.303,60,0.612,167,57,0.612,194,167,57,0.0,1,1,0
64,18,126,7,1.302012692100901,medium,susceptible,0,1,0.0,-1,-1,0,1,0,0,23.8,29.4,18.399913628428443,26.034592372457073,24.41305627015712,37.8021163428716,7,18,1.302,1.303,60,0.612,167,57,0.612,194,167,57,0.0,1,1,0
64,19,126,7,1.302012692100901,medium,susceptible,0,1,0.0,-1,-1,0,1,0,0,23.8,29.4,18.399913628428443,26.034592372457073,24.41305627015712,37.8021163428716,7,18,1.302,1.303,60,0.612,167,57,0.612,194,167,57,0.0,1,1,0
64,20,126,7,1.302012692100901,medium,susceptible,0,1,0.0,-1,-1,0,1,0,0,23.8,29.4,18.399913628428443,26.034592372457073,24.41305627015712,37.8021163428716,7,18,1.302,1.303,60,0.612,167,57,0.612,194,167,57,0.0,1,1,0
64,21,126,7,1.302012692100901,medium,susceptible,0,1,0.0,-1,-1,0,1,0,0,23.8,29.4,18.399913628428443,26.034592372457073,24.41305627015712,37.8021163428716,7,18,1.302,1.303,60,0.612,167,57,0.612,194,167,57,0.0,1,1,0
64,22,126,7,1.302012692100901,medium,susceptible,0,1,0.0,-1,-1,0,1,0,0,23.8,29.4,18.399913628428443,26.034592372457073,24.41305627015712,37.8021163428716,7,18,1.302,1.303,60,0.612,167,57,0.612,194,167,57,0.0,1,1,0
64,23,126,7,1.302012692100901,medium,susceptible,0,1,0.0,-1,-1,0,1,0,0,23.8,29.4,18.399913628428443,26.034592372457073,24.41305627015712,37.8021163428716,7,18,1.302,1.303,60,0.612,167,57,0.612,194,167,57,0.0,1,1,0
64,24,126,7,1.302012692100901,medium,susceptible,0,1,0.0,-1,-1,0,1,0,0,23.8,29.4,18.399913628428443,26.034592372457073,24.41305627015712,37.8021163428716,7,18,1.302,1.303,60,0.612,167,57,0.612,194,167,57,0.0,1,1,0
64,25,126,7,1.302012692100901,medium,susceptible,0,1,0.0,-1,-1,0,1,0,0,23.8,29.4,18.399913628428443,26.034592372457073,24.41305627015712,37.8021163428716,7,18,1.302,1.303,60,0.612,167,57,0.612,194,167,57,0.0,1,1,0
64,26,126,7,1.302012692100901,medium,susceptible,0,1,0.0,-1,-1,0,1,0,0,23.8,29.4,18.399913628428443,26.034592372457073,24.41305627015712,37.8021163428716,7,18,1.302,1.303,60,0.612,167,57,0.612,194,167,57,0.0,1,1,0
64,27,126,7,1.302012692100901,medium,susceptible,0,1,0.0,-1,-1,0,1,0,0,23.8,29.4,18.399913628428443,26.034592372457073,24.41305627015712,37.8021163428716,7,18,1.302,1.303,60,0.612,167,57,0.612,194,167,57,0.0,1,1,0
64,28,126,7,1.302012692100901,medium,susceptible,0,1,0.0,-1,-1,0,1,0,0,23.8,29.4,18.399913628428443,26.034592372457073,24.41305627015712,37.8021163428716,7,18,1.302,1.303,60,0.612,167,57,0.612,194,167,57,0.0,1,1,0
64,29,126,7,1.302012692100901,medium,susceptible,0,1,0.0,-1,-1,0,1,0,0,23.8,29.4,18.399913628428443,26.034592372457073,24.41305627015712,37.8021163428716,7,18,1.302,1.303,60,0.612,167,57,0.612,194,167,57,0.0,1,1,0
64,30,126,7,1.302012692100901,medium,susceptible,0,1,0.0,-1,-1,0,1,0,0,23.8,29.4,18.399913628428443,26.034592372457073,24.41305627015712,37.8021163428716,7,18,1.302,1.303,60,0.612,167,57,0.612,194,167,57,0.0,1,1,0
64,31,126,7,1.302012692100901,medium,susceptible,0,1,0.0,-1,-1,0,1,0,0,23.8,29.4,18.399913628428443,26.034592372457073,24.41305627015712,37.8021163428716,7,18,1.302,1.303,60,0.612,167,57,0.612,194,167,57,0.0,1,1,0
64,32,126,7,1.302012692100901,medium,susceptible,0,1,0.0,-1,-1,0,1,0,0,23.8,29.4,18.399913628428443,26.034592372457073,24.41305627015712,37.8021163428716,7,18,1.302,1.303,60,0.612,167,57,0.612,194,167,57,0.0,1,1,0
64,33,126,7,1.302012692100901,medium,susceptible,0,1,0.0,-1,-1,0,1,0,0,23.8,29.4,18.399913628428443,26.034592372457073,24.41305627015712,37.8021163428716,7,18,1.302,1.303,60,0.612,167,57,0.612,194,167,57,0.0,1,1,0
64,34,126,7,1.302012692100901,medium,susceptible,0,1,0.0,-1,-1,0,1,0,0,23.8,29.4,18.399913628428443,26.034592372457073,24.41305627015712,37.8021163428716,7,18,1.302,1.303,60,0.612,167,57,0.612,194,167,57,0.0,1,1,0
64,35,126,7,1.302012692100901,medium,susceptible,0,1,0.0,-1,-1,0,1,0,0,23.8,29.4,18.399913628428443,26.034592372457073,24.41305627015712,37.8021163428716,7,18,1.302,1.303,60,0.612,167,57,0.612,194,167,57,0.0,1,1,0
64,36,126,7,1.302012692100901,medium,susceptible,0,1,0.0,-1,-1,0,1,0,0,23.8,29.4,18.399913628428443,26.034592372457073,24.41305627015712,37.8021163428716,7,18,1.302,1.303,60,0.612,167,57,0.612,194,167,57,0.0,1,1,0
64,37,126,7,1.302012692100901,medium,susceptible,0,1,0.0,-1,-1,0,1,0,0,23.8,29.4,18.399913628428443,26.034592372457073,24.41305627015712,37.8021163428716,7,18,1.302,1.303,60,0.612,167,57,0.612,194,167,57,0.0,1,1,0
64,38,126,7,1.302012692100901,medium,susceptible,0,1,0.0,-1,-1,0,1,0,0,23.8,29.4,18.399913628428443,26.034592372457073,24.41305627015712,37.8021163428716,7,18,1.302,1.303,60,0.612,167,57,0.612,194,167,57,0.0,1,1,0
64,39,126,7,1.302012692100901,medium,susceptible,0,1,0.0,-1,-1,0,1,0,0,23.8,29.4,18.399913628428443,26.034592372457073,24.41305627015712,37.8021163428716,7,18,1.302,1.303,60,0.612,167,57,0.612,194,167,57,0.0,1,1,0
65,0,175,7,1.3029709301087053,compromised,susceptible,0,1,0.0,-1,-1,0,0,0,1,24.0,19.6,21.925632234365246,30.9864486509829,31.832190099679586,43.9089968002003,7,18,1.302,1.303,60,0.612,167,57,0.612,194,167,57,0.0,1,1,0
65,1,175,7,1.3029709301087053,compromised,susceptible,0,1,0.0,-1,-1,0,0,0,1,24.0,19.6,21.925632234365246,30.9864486509829,31.832190099679586,43.9089968002003,7,18,1.302,1.303,60,0.612,167,57,0.612,194,167,57,0.0,1,1,0
65,2,175,7,1.3029709301087053,compromised,susceptible,0,1,0.0,-1,-1,0,0,0,1,24.0,19.6,21.925632234365246,30.9864486509829,31.832190099679586,43.9089968002003,7,18,1.302,1.303,60,0.612,167,57,0.612,194,167,57,0.0,1,1,0
65,3,175,7,1.3029709301087053,compromised,susceptible,0,1,0.0,-1,-1,0,0,0,1,24.0,19.6,21.925632234365246,30.9864486509829,31.832190099679586,43.9089968002003,7,18,1.302,1.303,60,0.612,167,57,0.612,194,167,57,0.0,1,1,0
65,4,175,7,1.3029709301087053,compromised,susceptible,0,1,0.0,-1,-1,0,0,0,1,24.0,19.6,21.925632234365246,30.9864486509829,31.832190099679586,43.9089968002003,7,18,1.302,1.303,60,0.612,167,57,0.612,194,167,57,0.0,1,1,0
65,5,175,7,1.3029709301087053,compromised,susceptible,0,1,0.0,-1,-1,0,0,0,1,24.0,19.6,21.925632234365246,30.9864486509829,31.832190099679586,43.9089968002003,7,18,1.302,1.303,60,0.612,167,57,0.612,194,167,57,0.0,1,1,0
65,6,175,7,1.3029709301087053,compromised,susceptible,0,1,0.0,-1,-1,0,0,0,1,24.0,19.6,21.925632234365246,30.9864486509829,31.832190099679586,43.9089968002003,7,18,1.302,1.303,60,0.612,167,57,0.612,194,167,57,0.0,1,1,0
65,7,175,7,1.3029709301087053,compromised,susceptible,0,1,0.0,-1,-1,0,0,0,1,24.0,19.6,21.925632234365246,30.9864486509829,31.832190099679586,43.9089968002003,7,18,1.302,1.303,60,0.612,167,57,0.612,194,167,57,0.0,1,1,0
65,8,175,7,1.3029709301087053,compromised,susceptible,0,1,0.0,-1,-1,0,0,0,1,24.0,19.6,21.925632234365246,30.9864486509829,31.832190099679586,43.9089968002003,7,18,1.302,1.303,60,0.612,167,57,0.612,194,167,57,0.0,1,1,0
65,9,175,7,1.3029709301087053,compromised,susceptible,0,1,0.0,-1,-1,0,0,0,1,24.0,19.6,21.925632234365246,30.9864486509829,31.832190099679586,43.9089968002003,7,18,1.302,1.303,60,0.612,167,57,0.612,194,167,57,0.0,1,1,0
65,10,175,7,1.3029709301087053,compromised,susceptible,0,1,0.0,-1,-1,0,0,0,1,24.0,19.6,21.925632234365246,30.9864486509829,31.832190099679586,43.9089968002003,7,18,1.302,1.303,60,0.612,167,57,0.612,194,167,57,0.0,1,1,0
65,11,175,7,1.3029709301087053,compromised,susceptible,0,1,0.0,-1,-1,0,0,0,1,24.0,19.6,21.925632234365246,30.9864486509829,31.832190099679586,43.9089968002003,7,18,1.302,1.303,60,0.612,167,57,0.612,194,167,57,0.0,1,1,0
65,12,175,7,1.3029709301087053,compromised,susceptible,0,1,0.0,-1,-1,0,0,0,1,24.0,19.6,21.925632234365246,30.9864486509829,31.832190099679586,43.9089968002003,7,18,1.302,1.303,60,0.612,167,57,0.612,194,167,57,0.0,1,1,0
65,13,175,7,1.3029709301087053,compromised,susceptible,0,1,0.0,-1,-1,0,0,0,1,24.0,19.6,21.925632234365246,30.9864486509829,31.832190099679586,43.9089968002003,7,18,1.302,1.303,60,0.612,167,57,0.612,194,167,57,0.0,1,1,0
65,14,175,7,1.3029709301087053,compromised,susceptible,0,1,0.0,-1,-1,0,0,0,1,24.0,19.6,21.925632234365246,30.9864486509829,31.832190099679586,43.9089968002003,7,18,1.302,1.303,60,0.612,167,57,0.612,194,167,57,0.0,1,1,0
65,15,175,7,1.3029709301087053,compromised,susceptible,0,1,0.0,-1,-1,0,0,0,1,24.0,19.6,21.925632234365246,30.9864486509829,31.832190099679586,43.9089968002003,7,18,1.302,1.303,60,0.612,167,57,0.612,194,167,57,0.0,1,1,0
65,16,175,7,1.3029709301087053,compromised,susceptible,0,1,0.0,-1,-1,0,0,0,1,24.0,19.6,21.925632234365246,30.9864486509829,31.832190099679586,43.9089968002003,7,18,1.302,1.303,60,0.612,167,57,0.612,194,167,57,0.0,1,1,0
65,17,175,7,1.3029709301087053,compromised,susceptible,0,1,0.0,-1,-1,0,0,0,1,24.0,19.6,21.925632234365246,30.9864486509829,31.832190099679586,43.9089968002003,7,18,1.302,1.303,60,0.612,167,57,0.612,194,167,57,0.0,1,1,0
65,18,175,7,1.3029709301087053,compromised,susceptible,0,1,0.0,-1,-1,0,0,0,1,24.0,19.6,21.925632234365246,30.9864486509829,31.832190099679586,43.9089968002003,7,18,1.302,1.303,60,0.612,167,57,0.612,194,167,57,0.0,1,1,0
65,19,175,7,1.3029709301087053,compromised,susceptible,0,1,0.0,-1,-1,0,0,0,1,24.0,19.6,21.925632234365246,30.9864486509829,31.832190099679586,43.9089968002003,7,18,1.302,1.303,60,0.612,167,57,0.612,194,167,57,0.0,1,1,0
65,20,175,7,1.3029709301087053,compromised,susceptible,0,1,0.0,-1,-1,0,0,0,1,24.0,19.6,21.925632234365246,30.9864486509829,31.832190099679586,43.9089968002003,7,18,1.302,1.303,60,0.612,167,57,0.612,194,167,57,0.0,1,1,0
65,21,175,7,1.3029709301087053,compromised,susceptible,0,1,0.0,-1,-1,0,0,0,1,24.0,19.6,21.925632234365246,30.9864486509829,31.832190099679586,43.9089968002003,7,18,1.302,1.303,60,0.612,167,57,0.612,194,167,57,0.0,1,1,0
65,22,175,7,1.3029709301087053,compromised,susceptible,0,1,0.0,-1,-1,0,0,0,1,24.0,19.6,21.925632234365246,30.9864486509829,31.832190099679586,43.9089968002003,7,18,1.302,1.303,60,0.612,167,57,0.612,194,167,57,0.0,1,1,0
65,23,175,7,1.3029709301087053,compromised,susceptible,0,1,0.0,-1,-1,0,0,0,1,24.0,19.6,21.925632234365246,30.9864486509829,31.832190099679586,43.9089968002003,7,18,1.302,1.303,60,0.612,167,57,0.612,194,167,57,0.0,1,1,0
65,24,175,7,1.3029709301087053,compromised,susceptible,0,1,0.0,-1,-1,0,0,0,1,24.0,19.6,21.925632234365246,30.9864486509829,31.832190099679586,43.9089968002003,7,18,1.302,1.303,60,0.612,167,57,0.612,194,167,57,0.0,1,1,0
65,25,175,7,1.3029709301087053,compromised,susceptible,0,1,0.0,-1,-1,0,0,0,1,24.0,19.6,21.925632234365246,30.9864486509829,31.832190099679586,43.9089968002003,7,18,1.302,1.303,60,0.612,167,57,0.612,194,167,57,0.0,1,1,0
65,26,175,7,1.3029709301087053,compromised,susceptible,0,1,0.0,-1,-1,0,0,0,1,24.0,19.6,21.925632234365246,30.9864486509829,31.832190099679586,43.9089968002003,7,18,1.302,1.303,60,0.612,167,57,0.612,194,167,57,0.0,1,1,0
65,27,175,7,1.3029709301087053,compromised,susceptible,0,1,0.0,-1,-1,0,0,0,1,24.0,19.6,21.925632234365246,30.9864486509829,31.832190099679586,43.9089968002003,7,18,1.302,1.303,60,0.612,167,57,0.612,194,167,57,0.0,1,1,0
65,28,175,7,1.3029709301087053,compromised,susceptible,0,1,0.0,-1,-1,0,0,0,1,24.0,19.6,21.925632234365246,30.9864486509829,31.832190099679586,43.9089968002003,7,18,1.302,1.303,60,0.612,167,57,0.612,194,167,57,0.0,1,1,0
65,29,175,7,1.3029709301087053,compromised,susceptible,0,1,0.0,-1,-1,0,0,0,1,24.0,19.6,21.925632234365246,30.9864486509829,31.832190099679586,43.9089968002003,7,18,1.302,1.303,60,0.612,167,57,0.612,194,167,57,0.0,1,1,0
65,30,175,7,1.3029709301087053,compromised,susceptible,0,1,0.0,-1,-1,0,0,0,1,24.0,19.6,21.925632234365246,30.9864486509829,31.832190099679586,43.9089968002003,7,18,1.302,1.303,60,0.612,167,57,0.612,194,167,57,0.0,1,1,0
65,31,175,7,1.3029709301087053,compromised,susceptible,0,1,0.0,-1,-1,0,0,0,1,24.0,19.6,21.925632234365246,30.9864486509829,31.832190099679586,43.9089968002003,7,18,1.302,1.303,60,0.612,167,57,0.612,194,167,57,0.0,1,1,0
65,32,175,7,1.3029709301087053,compromised,susceptible,0,1,0.0,-1,-1,0,0,0,1,24.0,19.6,21.925632234365246,30.9864486509829,31.832190099679586,43.9089968002003,7,18,1.302,1.303,60,0.612,167,57,0.612,194,167,57,0.0,1,1,0
65,33,175,7,1.3029709301087053,compromised,susceptible,0,1,0.0,-1,-1,0,0,0,1,24.0,19.6,21.925632234365246,30.9864486509829,31.832190099679586,43.9089968002003,7,18,1.302,1.303,60,0.612,167,57,0.612,194,167,57,0.0,1,1,0
65,34,175,7,1.3029709301087053,compromised,susceptible,0,1,0.0,-1,-1,0,0,0,1,24.0,19.6,21.925632234365246,30.9864486509829,31.832190099679586,43.9089968002003,7,18,1.302,1.303,60,0.612,167,57,0.612,194,167,57,0.0,1,1,0
65,35,175,7,1.3029709301087053,compromised,susceptible,0,1,0.0,-1,-1,0,0,0,1,24.0,19.6,21.925632234365246,30.9864486509829,31.832190099679586,43.9089968002003,7,18,1.302,1.303,60,0.612,167,57,0.612,194,167,57,0.0,1,1,0
65,36,175,7,1.3029709301087053,compromised,susceptible,0,1,0.0,-1,-1,0,0,0,1,24.0,19.6,21.925632234365246,30.9864486509829,31.832190099679586,43.9089968002003,7,18,1.302,1.303,60,0.612,167,57,0.612,194,167,57,0.0,1,1,0
65,37,175,7,1.3029709301087053,compromised,susceptible,0,1,0.0,-1,-1,0,0,0,1,24.0,19.6,21.925632234365246,30.9864486509829,31.832190099679586,43.9089968002003,7,18,1.302,1.303,60,0.612,167,57,0.612,194,167,57,0.0,1,1,0
65,38,175,7,1.3029709301087053,compromised,susceptible,0,1,0.0,-1,-1,0,0,0,1,24.0,19.6,21.925632234365246,30.9864486509829,31.832190099679586,43.9089968002003,7,18,1.302,1.303,60,0.612,167,57,0.612,194,167,57,0.0,1,1,0
65,39,175,7,1.3029709301087053,compromised,susceptible,0,1,0.0,-1,-1,0,0,0,1,24.0,19.6,21.925632234365246,30.9864486509829,31.832190099679586,43.9089968002003,7,18,1.302,1.303,60,0.612,167,57,0.612,194,167,57,0.0,1,1,0
66,0,161,9,1.302847990729672,strong,susceptible,0,1,0.0,-1,-1,1,0,0,0,24.4,25.7,18.228177121329463,25.939352343495393,31.23690313461227,44.77722635447622,7,18,1.302,1.303,60,0.612,167,57,0.612,194,167,57,0.0,1,1,0
66,1,161,9,1.302847990729672,strong,susceptible,0,1,0.0,-1,-1,1,0,0,0,24.4,25.7,18.228177121329463,25.939352343495393,31.23690313461227,44.77722635447622,7,18,1.302,1.303,60,0.612,167,57,0.612,194,167,57,0.0,1,1,0
66,2,161,9,1.302847990729672,strong,susceptible,0,1,0.0,-1,-1,1,0,0,0,24.4,25.7,18.228177121329463,25.939352343495393,31.23690313461227,44.77722635447622,7,18,1.302,1.303,60,0.612,167,57,0.612,194,167,57,0.0,1,1,0
66,3,161,9,1.302847990729672,strong,susceptible,0,1,0.0,-1,-1,1,0,0,0,24.4,25.7,18.228177121329463,25.939352343495393,31.23690313461227,44.77722635447622,7,18,1.302,1.303,60,0.612,167,57,0.612,194,167,57,0.0,1,1,0
66,4,161,9,1.302847990729672,strong,susceptible,0,1,0.0,-1,-1,1,0,0,0,24.4,25.7,18.228177121329463,25.939352343495393,31.23690313461227,44.77722635447622,7,18,1.302,1.303,60,0.612,167,57,0.612,194,167,57,0.0,1,1,0
66,5,161,9,1.302847990729672,strong,susceptible,0,1,0.0,-1,-1,1,0,0,0,24.4,25.7,18.228177121329463,25.939352343495393,31.23690313461227,44.77722635447622,7,18,1.302,1.303,60,0.612,167,57,0.612,194,167,57,0.0,1,1,0
66,6,161,9,1.302847990729672,strong,susceptible,0,1,0.0,-1,-1,1,0,0,0,24.4,25.7,18.228177121329463,25.939352343495393,31.23690313461227,44.77722635447622,7,18,1.302,1.303,60,0.612,167,57,0.612,194,167,57,0.0,1,1,0
66,7,161,9,1.302847990729672,strong,susceptible,0,1,0.0,-1,-1,1,0,0,0,24.4,25.7,18.228177121329463,25.939352343495393,31.23690313461227,44.77722635447622,7,18,1.302,1.303,60,0.612,167,57,0.612,194,167,57,0.0,1,1,0
66,8,161,9,1.302847990729672,strong,susceptible,0,1,0.0,-1,-1,1,0,0,0,24.4,25.7,18.228177121329463,25.939352343495393,31.23690313461227,44.77722635447622,7,18,1.302,1.303,60,0.612,167,57,0.612,194,167,57,0.0,1,1,0
66,9,161,9,1.302847990729672,strong,susceptible,0,1,0.0,-1,-1,1,0,0,0,24.4,25.7,18.228177121329463,25.939352343495393,31.23690313461227,44.77722635447622,7,18,1.302,1.303,60,0.612,167,57,0.612,194,167,57,0.0,1,1,0
66,10,161,9,1.302847990729672,strong,susceptible,0,1,0.0,-1,-1,1,0,0,0,24.4,25.7,18.228177121329463,25.939352343495393,31.23690313461227,44.77722635447622,7,18,1.302,1.303,60,0.612,167,57,0.612,194,167,57,0.0,1,1,0
66,11,161,9,1.302847990729672,strong,susceptible,0,1,0.0,-1,-1,1,0,0,0,24.4,25.7,18.228177121329463,25.939352343495393,31.23690313461227,44.77722635447622,7,18,1.302,1.303,60,0.612,167,57,0.612,194,167,57,0.0,1,1,0
66,12,161,9,1.302847990729672,strong,susceptible,0,1,0.0,-1,-1,1,0,0,0,24.4,25.7,18.228177121329463,25.939352343495393,31.23690313461227,44.77722635447622,7,18,1.302,1.303,60,0.612,167,57,0.612,194,167,57,0.0,1,1,0
66,13,161,9,1.302847990729672,strong,susceptible,0,1,0.0,-1,-1,1,0,0,0,24.4,25.7,18.228177121329463,25.939352343495393,31.23690313461227,44.77722635447622,7,18,1.302,1.303,60,0.612,167,57,0.612,194,167,57,0.0,1,1,0
66,14,161,9,1.302847990729672,strong,susceptible,0,1,0.0,-1,-1,1,0,0,0,24.4,25.7,18.228177121329463,25.939352343495393,31.23690313461227,44.77722635447622,7,18,1.302,1.303,60,0.612,167,57,0.612,194,167,57,0.0,1,1,0
66,15,161,9,1.302847990729672,strong,susceptible,0,1,0.0,-1,-1,1,0,0,0,24.4,25.7,18.228177121329463,25.939352343495393,31.23690313461227,44.77722635447622,7,18,1.302,1.303,60,0.612,167,57,0.612,194,167,57,0.0,1,1,0
66,16,161,9,1.302847990729672,strong,susceptible,0,1,0.0,-1,-1,1,0,0,0,24.4,25.7,18.228177121329463,25.939352343495393,31.23690313461227,44.77722635447622,7,18,1.302,1.303,60,0.612,167,57,0.612,194,167,57,0.0,1,1,0
66,17,161,9,1.302847990729672,strong,susceptible,0,1,0.0,-1,-1,1,0,0,0,24.4,25.7,18.228177121329463,25.939352343495393,31.23690313461227,44.77722635447622,7,18,1.302,1.303,60,0.612,167,57,0.612,194,167,57,0.0,1,1,0
66,18,161,9,1.302847990729672,strong,susceptible,0,1,0.0,-1,-1,1,0,0,0,24.4,25.7,18.228177121329463,25.939352343495393,31.23690313461227,44.77722635447622,7,18,1.302,1.303,60,0.612,167,57,0.612,194,167,57,0.0,1,1,0
66,19,161,9,1.302847990729672,strong,susceptible,0,1,0.0,-1,-1,1,0,0,0,24.4,25.7,18.228177121329463,25.939352343495393,31.23690313461227,44.77722635447622,7,18,1.302,1.303,60,0.612,167,57,0.612,194,167,57,0.0,1,1,0
66,20,161,9,1.302847990729672,strong,susceptible,0,1,0.0,-1,-1,1,0,0,0,24.4,25.7,18.228177121329463,25.939352343495393,31.23690313461227,44.77722635447622,7,18,1.302,1.303,60,0.612,167,57,0.612,194,167,57,0.0,1,1,0
66,21,161,9,1.302847990729672,strong,susceptible,0,1,0.0,-1,-1,1,0,0,0,24.4,25.7,18.228177121329463,25.939352343495393,31.23690313461227,44.77722635447622,7,18,1.302,1.303,60,0.612,167,57,0.612,194,167,57,0.0,1,1,0
66,22,161,9,1.302847990729672,strong,susceptible,0,1,0.0,-1,-1,1,0,0,0,24.4,25.7,18.228177121329463,25.939352343495393,31.23690313461227,44.77722635447622,7,18,1.302,1.303,60,0.612,167,57,0.61,195,167,57,0.0020000000000000018,1,1,0
66,23,161,9,1.302847990729672,strong,infected,1,1,1.26,22,1,1,0,0,0,24.4,25.7,18.228177121329463,25.939352343495393,31.23690313461227,44.77722635447622,7,18,1.302,1.303,60,0.612,167,57,0.612,194,167,57,0.0,1,1,0
66,24,161,9,1.302847990729672,strong,infected,1,1,8.229,22,2,1,0,0,0,24.4,25.7,18.228177121329463,25.939352343495393,31.23690313461227,44.77722635447622,7,18,1.302,1.303,60,0.612,167,57,0.612,194,167,57,0.0,1,1,0
66,25,161,9,1.302847990729672,strong,infected,1,1,15.856,22,3,1,0,0,0,24.4,25.7,18.228177121329463,25.939352343495393,31.23690313461227,44.77722635447622,7,18,1.302,1.303,60,0.612,167,57,0.612,194,167,57,0.0,1,1,0
66,26,161,9,1.302847990729672,strong,infected,1,1,18.749,22,4,1,0,0,0,24.4,25.7,18.228177121329463,25.939352343495393,31.23690313461227,44.77722635447622,7,18,1.302,1.303,60,0.612,167,57,0.612,194,167,57,0.0,1,1,0
66,27,161,9,1.302847990729672,strong,infected,1,1,17.01,22,5,1,0,0,0,24.4,25.7,18.228177121329463,25.939352343495393,31.23690313461227,44.77722635447622,7,18,1.302,1.303,60,0.612,167,57,0.612,194,167,57,0.0,1,1,0
66,28,161,9,1.302847990729672,strong,infected,1,1,13.064,22,6,1,0,0,0,24.4,25.7,18.228177121329463,25.939352343495393,31.23690313461227,44.77722635447622,7,18,1.302,1.303,60,0.612,167,57,0.612,194,167,57,0.0,1,1,0
66,29,161,9,1.302847990729672,strong,infected,1,1,8.946,22,7,1,0,0,0,24.4,25.7,18.228177121329463,25.939352343495393,31.23690313461227,44.77722635447622,7,18,1.302,1.303,60,0.612,167,57,0.612,194,167,57,0.0,1,1,0
66,30,161,9,1.302847990729672,strong,infected,1,1,5.635,22,8,1,0,0,0,24.4,25.7,18.228177121329463,25.939352343495393,31.23690313461227,44.77722635447622,7,18,1.302,1.303,60,0.612,167,57,0.612,194,167,57,0.0,1,1,0
66,31,161,9,1.302847990729672,strong,infected,1,1,3.33,22,9,1,0,0,0,24.4,25.7,18.228177121329463,25.939352343495393,31.23690313461227,44.77722635447622,7,18,1.302,1.303,60,0.612,167,57,0.612,194,167,57,0.0,1,1,0
66,32,161,9,1.302847990729672,strong,infected,1,1,1.871,22,10,1,0,0,0,24.4,25.7,18.228177121329463,25.939352343495393,31.23690313461227,44.77722635447622,7,18,1.302,1.303,60,0.612,167,57,0.612,194,167,57,0.0,1,1,0
66,33,161,9,1.302847990729672,strong,infected,1,1,1.01,22,11,1,0,0,0,24.4,25.7,18.228177121329463,25.939352343495393,31.23690313461227,44.77722635447622,7,18,1.302,1.303,60,0.612,167,57,0.612,194,167,57,0.0,1,1,0
66,34,161,9,1.302847990729672,strong,recovered,2,1,0.527,22,12,1,0,0,0,24.4,25.7,18.228177121329463,25.939352343495393,31.23690313461227,44.77722635447622,7,18,1.302,1.303,60,0.612,167,57,0.612,194,167,57,0.0,1,1,0
66,35,161,9,1.302847990729672,strong,recovered,2,1,0.527,22,13,1,0,0,0,24.4,25.7,18.228177121329463,25.939352343495393,31.23690313461227,44.77722635447622,7,18,1.302,1.303,60,0.612,167,57,0.612,194,167,57,0.0,1,1,0
66,36,161,9,1.302847990729672,strong,recovered,2,1,0.527,22,14,1,0,0,0,24.4,25.7,18.228177121329463,25.939352343495393,31.23690313461227,44.77722635447622,7,18,1.302,1.303,60,0.612,167,57,0.612,194,167,57,0.0,1,1,0
66,37,161,9,1.302847990729672,strong,recovered,2,1,0.527,22,15,1,0,0,0,24.4,25.7,18.228177121329463,25.939352343495393,31.23690313461227,44.77722635447622,7,18,1.302,1.303,60,0.612,167,57,0.612,194,167,57,0.0,1,1,0
66,38,161,9,1.302847990729672,strong,recovered,2,1,0.527,22,16,1,0,0,0,24.4,25.7,18.228177121329463,25.939352343495393,31.23690313461227,44.77722635447622,7,18,1.302,1.303,60,0.612,167,57,0.612,194,167,57,0.0,1,1,0
66,39,161,9,1.302847990729672,strong,recovered,2,1,0.527,22,17,1,0,0,0,24.4,25.7,18.228177121329463,25.939352343495393,31.23690313461227,44.77722635447622,7,18,1.302,1.303,60,0.612,167,57,0.612,194,167,57,0.0,1,1,0
67,0,41,2,1.3029874308297384,medium,susceptible,0,1,0.0,-1,-1,0,1,0,0,24.7,24.4,19.099538733379244,33.473123547108656,23.41117915442077,39.395431207184416,7,18,1.302,1.303,60,0.612,167,57,0.612,194,167,57,0.0,1,1,0
67,1,41,2,1.3029874308297384,medium,susceptible,0,1,0.0,-1,-1,0,1,0,0,24.7,24.4,19.099538733379244,33.473123547108656,23.41117915442077,39.395431207184416,7,18,1.302,1.303,60,0.612,167,57,0.612,194,167,57,0.0,1,1,0
67,2,41,2,1.3029874308297384,medium,susceptible,0,1,0.0,-1,-1,0,1,0,0,24.7,24.4,19.099538733379244,33.473123547108656,23.41117915442077,39.395431207184416,7,18,1.302,1.303,60,0.612,167,57,0.612,194,167,57,0.0,1,1,0
67,3,41,2,1.3029874308297384,medium,susceptible,0,1,0.0,-1,-1,0,1,0,0,24.7,24.4,19.099538733379244,33.473123547108656,23.41117915442077,39.395431207184416,7,18,1.302,1.303,60,0.612,167,57,0.612,194,167,57,0.0,1,1,0
67,4,41,2,1.3029874308297384,medium,susceptible,0,1,0.0,-1,-1,0,1,0,0,24.7,24.4,19.099538733379244,33.473123547108656,23.41117915442077,39.395431207184416,7,18,1.302,1.303,60,0.612,167,57,0.612,194,167,57,0.0,1,1,0
67,5,41,2,1.3029874308297384,medium,susceptible,0,1,0.0,-1,-1,0,1,0,0,24.7,24.4,19.099538733379244,33.473123547108656,23.41117915442077,39.395431207184416,7,18,1.302,1.303,60,0.612,167,57,0.612,194,167,57,0.0,1,1,0
67,6,41,2,1.3029874308297384,medium,susceptible,0,1,0.0,-1,-1,0,1,0,0,24.7,24.4,19.099538733379244,33.473123547108656,23.41117915442077,39.395431207184416,7,18,1.302,1.303,60,0.612,167,57,0.612,194,167,57,0.0,1,1,0
67,7,41,2,1.3029874308297384,medium,susceptible,0,1,0.0,-1,-1,0,1,0,0,24.7,24.4,19.099538733379244,33.473123547108656,23.41117915442077,39.395431207184416,7,18,1.302,1.303,60,0.612,167,57,0.612,194,167,57,0.0,1,1,0
67,8,41,2,1.3029874308297384,medium,susceptible,0,1,0.0,-1,-1,0,1,0,0,24.7,24.4,19.099538733379244,33.473123547108656,23.41117915442077,39.395431207184416,7,18,1.302,1.303,60,0.612,167,57,0.612,194,167,57,0.0,1,1,0
67,9,41,2,1.3029874308297384,medium,susceptible,0,1,0.0,-1,-1,0,1,0,0,24.7,24.4,19.099538733379244,33.473123547108656,23.41117915442077,39.395431207184416,7,18,1.302,1.303,60,0.612,167,57,0.612,194,167,57,0.0,1,1,0
67,10,41,2,1.3029874308297384,medium,susceptible,0,1,0.0,-1,-1,0,1,0,0,24.7,24.4,19.099538733379244,33.473123547108656,23.41117915442077,39.395431207184416,7,18,1.302,1.303,60,0.612,167,57,0.612,194,167,57,0.0,1,1,0
67,11,41,2,1.3029874308297384,medium,susceptible,0,1,0.0,-1,-1,0,1,0,0,24.7,24.4,19.099538733379244,33.473123547108656,23.41117915442077,39.395431207184416,7,18,1.302,1.303,60,0.612,167,57,0.612,194,167,57,0.0,1,1,0
67,12,41,2,1.3029874308297384,medium,susceptible,0,1,0.0,-1,-1,0,1,0,0,24.7,24.4,19.099538733379244,33.473123547108656,23.41117915442077,39.395431207184416,7,18,1.302,1.303,60,0.612,167,57,0.612,194,167,57,0.0,1,1,0
67,13,41,2,1.3029874308297384,medium,susceptible,0,1,0.0,-1,-1,0,1,0,0,24.7,24.4,19.099538733379244,33.473123547108656,23.41117915442077,39.395431207184416,7,18,1.302,1.303,60,0.612,167,57,0.612,194,167,57,0.0,1,1,0
67,14,41,2,1.3029874308297384,medium,susceptible,0,1,0.0,-1,-1,0,1,0,0,24.7,24.4,19.099538733379244,33.473123547108656,23.41117915442077,39.395431207184416,7,18,1.302,1.303,60,0.612,167,57,0.612,194,167,57,0.0,1,1,0
67,15,41,2,1.3029874308297384,medium,susceptible,0,1,0.0,-1,-1,0,1,0,0,24.7,24.4,19.099538733379244,33.473123547108656,23.41117915442077,39.395431207184416,7,18,1.302,1.303,60,0.612,167,57,0.612,194,167,57,0.0,1,1,0
67,16,41,2,1.3029874308297384,medium,susceptible,0,1,0.0,-1,-1,0,1,0,0,24.7,24.4,19.099538733379244,33.473123547108656,23.41117915442077,39.395431207184416,7,18,1.302,1.303,60,0.612,167,57,0.612,194,167,57,0.0,1,1,0
67,17,41,2,1.3029874308297384,medium,susceptible,0,1,0.0,-1,-1,0,1,0,0,24.7,24.4,19.099538733379244,33.473123547108656,23.41117915442077,39.395431207184416,7,18,1.302,1.303,60,0.612,167,57,0.612,194,167,57,0.0,1,1,0
67,18,41,2,1.3029874308297384,medium,susceptible,0,1,0.0,-1,-1,0,1,0,0,24.7,24.4,19.099538733379244,33.473123547108656,23.41117915442077,39.395431207184416,7,18,1.302,1.303,60,0.612,167,57,0.612,194,167,57,0.0,1,1,0
67,19,41,2,1.3029874308297384,medium,susceptible,0,1,0.0,-1,-1,0,1,0,0,24.7,24.4,19.099538733379244,33.473123547108656,23.41117915442077,39.395431207184416,7,18,1.302,1.303,60,0.612,167,57,0.612,194,167,57,0.0,1,1,0
67,20,41,2,1.3029874308297384,medium,susceptible,0,1,0.0,-1,-1,0,1,0,0,24.7,24.4,19.099538733379244,33.473123547108656,23.41117915442077,39.395431207184416,7,18,1.302,1.303,60,0.612,167,57,0.612,194,167,57,0.0,1,1,0
67,21,41,2,1.3029874308297384,medium,susceptible,0,1,0.0,-1,-1,0,1,0,0,24.7,24.4,19.099538733379244,33.473123547108656,23.41117915442077,39.395431207184416,7,18,1.302,1.303,60,0.612,167,57,0.612,194,167,57,0.0,1,1,0
67,22,41,2,1.3029874308297384,medium,susceptible,0,1,0.0,-1,-1,0,1,0,0,24.7,24.4,19.099538733379244,33.473123547108656,23.41117915442077,39.395431207184416,7,18,1.302,1.303,60,0.612,167,57,0.612,194,167,57,0.0,1,1,0
67,23,41,2,1.3029874308297384,medium,susceptible,0,1,0.0,-1,-1,0,1,0,0,24.7,24.4,19.099538733379244,33.473123547108656,23.41117915442077,39.395431207184416,7,18,1.302,1.303,60,0.612,167,57,0.612,194,167,57,0.0,1,1,0
67,24,41,2,1.3029874308297384,medium,susceptible,0,1,0.0,-1,-1,0,1,0,0,24.7,24.4,19.099538733379244,33.473123547108656,23.41117915442077,39.395431207184416,7,18,1.302,1.303,60,0.612,167,57,0.612,194,167,57,0.0,1,1,0
67,25,41,2,1.3029874308297384,medium,susceptible,0,1,0.0,-1,-1,0,1,0,0,24.7,24.4,19.099538733379244,33.473123547108656,23.41117915442077,39.395431207184416,7,18,1.302,1.303,60,0.612,167,57,0.612,194,167,57,0.0,1,1,0
67,26,41,2,1.3029874308297384,medium,susceptible,0,1,0.0,-1,-1,0,1,0,0,24.7,24.4,19.099538733379244,33.473123547108656,23.41117915442077,39.395431207184416,7,18,1.302,1.303,60,0.612,167,57,0.612,194,167,57,0.0,1,1,0
67,27,41,2,1.3029874308297384,medium,susceptible,0,1,0.0,-1,-1,0,1,0,0,24.7,24.4,19.099538733379244,33.473123547108656,23.41117915442077,39.395431207184416,7,18,1.302,1.303,60,0.612,167,57,0.612,194,167,57,0.0,1,1,0
67,28,41,2,1.3029874308297384,medium,susceptible,0,1,0.0,-1,-1,0,1,0,0,24.7,24.4,19.099538733379244,33.473123547108656,23.41117915442077,39.395431207184416,7,18,1.302,1.303,60,0.612,167,57,0.612,194,167,57,0.0,1,1,0
67,29,41,2,1.3029874308297384,medium,susceptible,0,1,0.0,-1,-1,0,1,0,0,24.7,24.4,19.099538733379244,33.473123547108656,23.41117915442077,39.395431207184416,7,18,1.302,1.303,60,0.612,167,57,0.612,194,167,57,0.0,1,1,0
67,30,41,2,1.3029874308297384,medium,susceptible,0,1,0.0,-1,-1,0,1,0,0,24.7,24.4,19.099538733379244,33.473123547108656,23.41117915442077,39.395431207184416,7,18,1.302,1.303,60,0.612,167,57,0.612,194,167,57,0.0,1,1,0
67,31,41,2,1.3029874308297384,medium,susceptible,0,1,0.0,-1,-1,0,1,0,0,24.7,24.4,19.099538733379244,33.473123547108656,23.41117915442077,39.395431207184416,7,18,1.302,1.303,60,0.612,167,57,0.612,194,167,57,0.0,1,1,0
67,32,41,2,1.3029874308297384,medium,susceptible,0,1,0.0,-1,-1,0,1,0,0,24.7,24.4,19.099538733379244,33.473123547108656,23.41117915442077,39.395431207184416,7,18,1.302,1.303,60,0.612,167,57,0.612,194,167,57,0.0,1,1,0
67,33,41,2,1.3029874308297384,medium,susceptible,0,1,0.0,-1,-1,0,1,0,0,24.7,24.4,19.099538733379244,33.473123547108656,23.41117915442077,39.395431207184416,7,18,1.302,1.303,60,0.612,167,57,0.612,194,167,57,0.0,1,1,0
67,34,41,2,1.3029874308297384,medium,susceptible,0,1,0.0,-1,-1,0,1,0,0,24.7,24.4,19.099538733379244,33.473123547108656,23.41117915442077,39.395431207184416,7,18,1.302,1.303,60,0.612,167,57,0.612,194,167,57,0.0,1,1,0
67,35,41,2,1.3029874308297384,medium,susceptible,0,1,0.0,-1,-1,0,1,0,0,24.7,24.4,19.099538733379244,33.473123547108656,23.41117915442077,39.395431207184416,7,18,1.302,1.303,60,0.612,167,57,0.612,194,167,57,0.0,1,1,0
67,36,41,2,1.3029874308297384,medium,susceptible,0,1,0.0,-1,-1,0,1,0,0,24.7,24.4,19.099538733379244,33.473123547108656,23.41117915442077,39.395431207184416,7,18,1.302,1.303,60,0.612,167,57,0.612,194,167,57,0.0,1,1,0
67,37,41,2,1.3029874308297384,medium,susceptible,0,1,0.0,-1,-1,0,1,0,0,24.7,24.4,19.099538733379244,33.473123547108656,23.41117915442077,39.395431207184416,7,18,1.302,1.303,60,0.612,167,57,0.612,194,167,57,0.0,1,1,0
67,38,41,2,1.3029874308297384,medium,susceptible,0,1,0.0,-1,-1,0,1,0,0,24.7,24.4,19.099538733379244,33.473123547108656,23.41117915442077,39.395431207184416,7,18,1.302,1.303,60,0.612,167,57,0.612,194,167,57,0.0,1,1,0
67,39,41,2,1.3029874308297384,medium,susceptible,0,1,0.0,-1,-1,0,1,0,0,24.7,24.4,19.099538733379244,33.473123547108656,23.41117915442077,39.395431207184416,7,18,1.302,1.303,60,0.612,167,57,0.612,194,167,57,0.0,1,1,0
68,0,48,6,1.302681281998994,medium,susceptible,0,1,0.0,-1,-1,0,1,0,0,17.1,20.3,13.144598307649435,31.750590545689064,16.520307555737105,28.160255680657446,7,18,1.302,1.303,60,0.612,167,57,0.612,194,167,57,0.0,1,1,0
68,1,48,6,1.302681281998994,medium,susceptible,0,1,0.0,-1,-1,0,1,0,0,17.1,20.3,13.144598307649435,31.750590545689064,16.520307555737105,28.160255680657446,7,18,1.302,1.303,60,0.612,167,57,0.612,194,167,57,0.0,1,1,0
68,2,48,6,1.302681281998994,medium,susceptible,0,1,0.0,-1,-1,0,1,0,0,17.1,20.3,13.144598307649435,31.750590545689064,16.520307555737105,28.160255680657446,7,18,1.302,1.303,60,0.612,167,57,0.612,194,167,57,0.0,1,1,0
68,3,48,6,1.302681281998994,medium,susceptible,0,1,0.0,-1,-1,0,1,0,0,17.1,20.3,13.144598307649435,31.750590545689064,16.520307555737105,28.160255680657446,7,18,1.302,1.303,60,0.612,167,57,0.612,194,167,57,0.0,1,1,0
68,4,48,6,1.302681281998994,medium,susceptible,0,1,0.0,-1,-1,0,1,0,0,17.1,20.3,13.144598307649435,31.750590545689064,16.520307555737105,28.160255680657446,7,18,1.302,1.303,60,0.612,167,57,0.612,194,167,57,0.0,1,1,0
68,5,48,6,1.302681281998994,medium,susceptible,0,1,0.0,-1,-1,0,1,0,0,17.1,20.3,13.144598307649435,31.750590545689064,16.520307555737105,28.160255680657446,7,18,1.302,1.303,60,0.612,167,57,0.612,194,167,57,0.0,1,1,0
68,6,48,6,1.302681281998994,medium,susceptible,0,1,0.0,-1,-1,0,1,0,0,17.1,20.3,13.144598307649435,31.750590545689064,16.520307555737105,28.160255680657446,7,18,1.302,1.303,60,0.612,167,57,0.612,194,167,57,0.0,1,1,0
68,7,48,6,1.302681281998994,medium,susceptible,0,1,0.0,-1,-1,0,1,0,0,17.1,20.3,13.144598307649435,31.750590545689064,16.520307555737105,28.160255680657446,7,18,1.302,1.303,60,0.612,167,57,0.388,306,118,56,0.22399999999999998,1,1,0
68,8,48,6,1.302681281998994,medium,infected,1,1,0.365,7,1,0,1,0,0,17.1,20.3,13.144598307649435,31.750590545689064,16.520307555737105,28.160255680657446,7,18,1.302,1.303,60,0.612,167,57,0.612,194,167,57,0.0,1,1,0
68,9,48,6,1.302681281998994,medium,infected,1,1,8.053,7,2,0,1,0,0,17.1,20.3,13.144598307649435,31.750590545689064,16.520307555737105,28.160255680657446,7,18,1.302,1.303,60,0.612,167,57,0.612,194,167,57,0.0,1,1,0
68,10,48,6,1.302681281998994,medium,infected,1,1,22.733,7,3,0,1,0,0,17.1,20.3,13.144598307649435,31.750590545689064,16.520307555737105,28.160255680657446,7,18,1.302,1.303,60,0.612,167,57,0.612,194,167,57,0.0,1,1,0
68,11,48,6,1.302681281998994,medium,infected,1,1,34.864,7,4,0,1,0,0,17.1,20.3,13.144598307649435,31.750590545689064,16.520307555737105,28.160255680657446,7,18,1.302,1.303,60,0.612,167,57,0.612,194,167,57,0.0,1,1,0
68,12,48,6,1.302681281998994,medium,infected,1,1,39.687,7,5,0,1,0,0,17.1,20.3,13.144598307649435,31.750590545689064,16.520307555737105,28.160255680657446,7,18,1.302,1.303,60,0.612,167,57,0.39,305,118,56,0.22199999999999998,1,1,0
68,13,48,6,1.302681281998994,medium,infected,1,1,37.84,7,6,0,1,0,0,17.1,20.3,13.144598307649435,31.750590545689064,16.520307555737105,28.160255680657446,7,18,1.302,1.303,60,0.612,167,57,0.612,194,167,57,0.0,1,1,0
68,14,48,6,1.302681281998994,medium,infected,1,1,32.074,7,7,0,1,0,0,17.1,20.3,13.144598307649435,31.750590545689064,16.520307555737105,28.160255680657446,7,18,1.302,1.303,60,0.612,167,57,0.612,194,167,57,0.0,1,1,0
68,15,48,6,1.302681281998994,medium,infected,1,1,25.001,7,8,0,1,0,0,17.1,20.3,13.144598307649435,31.750590545689064,16.520307555737105,28.160255680657446,7,18,1.302,1.303,60,0.612,167,57,0.612,194,167,57,0.0,1,1,0
68,16,48,6,1.302681281998994,medium,infected,1,1,18.301,7,9,0,1,0,0,17.1,20.3,13.144598307649435,31.750590545689064,16.520307555737105,28.160255680657446,7,18,1.302,1.303,60,0.612,167,57,0.612,194,167,57,0.0,1,1,0
68,17,48,6,1.302681281998994,medium,infected,1,1,12.759,7,10,0,1,0,0,17.1,20.3,13.144598307649435,31.750590545689064,16.520307555737105,28.160255680657446,7,18,1.302,1.303,60,0.612,167,57,0.612,194,167,57,0.0,1,1,0
68,18,48,6,1.302681281998994,medium,infected,1,1,8.555,7,11,0,1,0,0,17.1,20.3,13.144598307649435,31.750590545689064,16.520307555737105,28.160255680657446,7,18,1.302,1.303,60,0.612,167,57,0.612,194,167,57,0.0,1,1,0
68,19,48,6,1.302681281998994,medium,infected,1,1,5.556,7,12,0,1,0,0,17.1,20.3,13.144598307649435,31.750590545689064,16.520307555737105,28.160255680657446,7,18,1.302,1.303,60,0.612,167,57,0.612,194,167,57,0.0,1,1,0
68,20,48,6,1.302681281998994,medium,infected,1,1,3.514,7,13,0,1,0,0,17.1,20.3,13.144598307649435,31.750590545689064,16.520307555737105,28.160255680657446,7,18,1.302,1.303,60,0.612,167,57,0.612,194,167,57,0.0,1,1,0
68,21,48,6,1.302681281998994,medium,infected,1,1,2.173,7,14,0,1,0,0,17.1,20.3,13.144598307649435,31.750590545689064,16.520307555737105,28.160255680657446,7,18,1.302,1.303,60,0.612,167,57,0.612,194,167,57,0.0,1,1,0
68,22,48,6,1.302681281998994,medium,infected,1,1,1.318,7,15,0,1,0,0,17.1,20.3,13.144598307649435,31.750590545689064,16.520307555737105,28.160255680657446,7,18,1.302,1.303,60,0.612,167,57,0.612,194,167,57,0.0,1,1,0
68,23,48,6,1.302681281998994,medium,infected,1,1,0.786,7,16,0,1,0,0,17.1,20.3,13.144598307649435,31.750590545689064,16.520307555737105,28.160255680657446,7,18,1.302,1.303,60,0.612,167,57,0.612,194,167,57,0.0,1,1,0
68,24,48,6,1.302681281998994,medium,recovered,2,1,0.62,7,17,0,1,0,0,17.1,20.3,13.144598307649435,31.750590545689064,16.520307555737105,28.160255680657446,7,18,1.302,1.303,60,0.612,167,57,0.612,194,167,57,0.0,1,1,0
68,25,48,6,1.302681281998994,medium,recovered,2,1,0.62,7,18,0,1,0,0,17.1,20.3,13.144598307649435,31.750590545689064,16.520307555737105,28.160255680657446,7,18,1.302,1.303,60,0.612,167,57,0.612,194,167,57,0.0,1,1,0
68,26,48,6,1.302681281998994,medium,recovered,2,1,0.62,7,19,0,1,0,0,17.1,20.3,13.144598307649435,31.750590545689064,16.520307555737105,28.160255680657446,7,18,1.302,1.303,60,0.612,167,57,0.612,194,167,57,0.0,1,1,0
68,27,48,6,1.302681281998994,medium,recovered,2,1,0.62,7,20,0,1,0,0,17.1,20.3,13.144598307649435,31.750590545689064,16.520307555737105,28.160255680657446,7,18,1.302,1.303,60,0.612,167,57,0.612,194,167,57,0.0,1,1,0
68,28,48,6,1.302681281998994,medium,recovered,2,1,0.62,7,21,0,1,0,0,17.1,20.3,13.144598307649435,31.750590545689064,16.520307555737105,28.160255680657446,7,18,1.302,1.303,60,0.612,167,57,0.612,194,167,57,0.0,1,1,0
68,29,48,6,1.302681281998994,medium,recovered,2,1,0.62,7,22,0,1,0,0,17.1,20.3,13.144598307649435,31.750590545689064,16.520307555737105,28.160255680657446,7,18,1.302,1.303,60,0.612,167,57,0.612,194,167,57,0.0,1,1,0
68,30,48,6,1.302681281998994,medium,recovered,2,1,0.62,7,23,0,1,0,0,17.1,20.3,13.144598307649435,31.750590545689064,16.520307555737105,28.160255680657446,7,18,1.302,1.303,60,0.612,167,57,0.612,194,167,57,0.0,1,1,0
68,31,48,6,1.302681281998994,medium,recovered,2,1,0.62,7,24,0,1,0,0,17.1,20.3,13.144598307649435,31.750590545689064,16.520307555737105,28.160255680657446,7,18,1.302,1.303,60,0.612,167,57,0.612,194,167,57,0.0,1,1,0
68,32,48,6,1.302681281998994,medium,recovered,2,1,0.62,7,25,0,1,0,0,17.1,20.3,13.144598307649435,31.750590545689064,16.520307555737105,28.160255680657446,7,18,1.302,1.303,60,0.612,167,57,0.612,194,167,57,0.0,1,1,0
68,33,48,6,1.302681281998994,medium,recovered,2,1,0.62,7,26,0,1,0,0,17.1,20.3,13.144598307649435,31.750590545689064,16.520307555737105,28.160255680657446,7,18,1.302,1.303,60,0.612,167,57,0.612,194,167,57,0.0,1,1,0
68,34,48,6,1.302681281998994,medium,recovered,2,1,0.62,7,27,0,1,0,0,17.1,20.3,13.144598307649435,31.750590545689064,16.520307555737105,28.160255680657446,7,18,1.302,1.303,60,0.612,167,57,0.612,194,167,57,0.0,1,1,0
68,35,48,6,1.302681281998994,medium,recovered,2,1,0.62,7,28,0,1,0,0,17.1,20.3,13.144598307649435,31.750590545689064,16.520307555737105,28.160255680657446,7,18,1.302,1.303,60,0.612,167,57,0.612,194,167,57,0.0,1,1,0
68,36,48,6,1.302681281998994,medium,recovered,2,1,0.62,7,29,0,1,0,0,17.1,20.3,13.144598307649435,31.750590545689064,16.520307555737105,28.160255680657446,7,18,1.302,1.303,60,0.612,167,57,0.612,194,167,57,0.0,1,1,0
68,37,48,6,1.302681281998994,medium,recovered,2,1,0.62,7,30,0,1,0,0,17.1,20.3,13.144598307649435,31.750590545689064,16.520307555737105,28.160255680657446,7,18,1.302,1.303,60,0.612,167,57,0.612,194,167,57,0.0,1,1,0
68,38,48,6,1.302681281998994,medium,recovered,2,1,0.62,7,31,0,1,0,0,17.1,20.3,13.144598307649435,31.750590545689064,16.520307555737105,28.160255680657446,7,18,1.302,1.303,60,0.612,167,57,0.612,194,167,57,0.0,1,1,0
68,39,48,6,1.302681281998994,medium,recovered,2,1,0.62,7,32,0,1,0,0,17.1,20.3,13.144598307649435,31.750590545689064,16.520307555737105,28.160255680657446,7,18,1.302,1.303,60,0.612,167,57,0.612,194,167,57,0.0,1,1,0
69,0,52,4,1.3028637312885607,medium,susceptible,0,1,0.0,-1,-1,0,1,0,0,19.1,28.5,15.216219706795453,26.62818056120245,24.07295690815082,44.01136216933077,7,18,1.302,1.303,60,0.612,167,57,0.612,194,167,57,0.0,1,1,0
69,1,52,4,1.3028637312885607,medium,susceptible,0,1,0.0,-1,-1,0,1,0,0,19.1,28.5,15.216219706795453,26.62818056120245,24.07295690815082,44.01136216933077,7,18,1.302,1.303,60,0.612,167,57,0.612,194,167,57,0.0,1,1,0
69,2,52,4,1.3028637312885607,medium,susceptible,0,1,0.0,-1,-1,0,1,0,0,19.1,28.5,15.216219706795453,26.62818056120245,24.07295690815082,44.01136216933077,7,18,1.302,1.303,60,0.612,167,57,0.612,194,167,57,0.0,1,1,0
69,3,52,4,1.3028637312885607,medium,susceptible,0,1,0.0,-1,-1,0,1,0,0,19.1,28.5,15.216219706795453,26.62818056120245,24.07295690815082,44.01136216933077,7,18,1.302,1.303,60,0.612,167,57,0.612,194,167,57,0.0,1,1,0
69,4,52,4,1.3028637312885607,medium,susceptible,0,1,0.0,-1,-1,0,1,0,0,19.1,28.5,15.216219706795453,26.62818056120245,24.07295690815082,44.01136216933077,7,18,1.302,1.303,60,0.612,167,57,0.612,194,167,57,0.0,1,1,0
69,5,52,4,1.3028637312885607,medium,susceptible,0,1,0.0,-1,-1,0,1,0,0,19.1,28.5,15.216219706795453,26.62818056120245,24.07295690815082,44.01136216933077,7,18,1.302,1.303,60,0.612,167,57,0.612,194,167,57,0.0,1,1,0
69,6,52,4,1.3028637312885607,medium,susceptible,0,1,0.0,-1,-1,0,1,0,0,19.1,28.5,15.216219706795453,26.62818056120245,24.07295690815082,44.01136216933077,7,18,1.302,1.303,60,0.612,167,57,0.612,194,167,57,0.0,1,1,0
69,7,52,4,1.3028637312885607,medium,susceptible,0,1,0.0,-1,-1,0,1,0,0,19.1,28.5,15.216219706795453,26.62818056120245,24.07295690815082,44.01136216933077,7,18,1.302,1.303,60,0.612,167,57,0.612,194,167,57,0.0,1,1,0
69,8,52,4,1.3028637312885607,medium,susceptible,0,1,0.0,-1,-1,0,1,0,0,19.1,28.5,15.216219706795453,26.62818056120245,24.07295690815082,44.01136216933077,7,18,1.302,1.303,60,0.612,167,57,0.612,194,167,57,0.0,1,1,0
69,9,52,4,1.3028637312885607,medium,susceptible,0,1,0.0,-1,-1,0,1,0,0,19.1,28.5,15.216219706795453,26.62818056120245,24.07295690815082,44.01136216933077,7,18,1.302,1.303,60,0.612,167,57,0.612,194,167,57,0.0,1,1,0
69,10,52,4,1.3028637312885607,medium,susceptible,0,1,0.0,-1,-1,0,1,0,0,19.1,28.5,15.216219706795453,26.62818056120245,24.07295690815082,44.01136216933077,7,18,1.302,1.303,60,0.612,167,57,0.612,194,167,57,0.0,1,1,0
69,11,52,4,1.3028637312885607,medium,susceptible,0,1,0.0,-1,-1,0,1,0,0,19.1,28.5,15.216219706795453,26.62818056120245,24.07295690815082,44.01136216933077,7,18,1.302,1.303,60,0.612,167,57,0.612,194,167,57,0.0,1,1,0
69,12,52,4,1.3028637312885607,medium,susceptible,0,1,0.0,-1,-1,0,1,0,0,19.1,28.5,15.216219706795453,26.62818056120245,24.07295690815082,44.01136216933077,7,18,1.302,1.303,60,0.612,167,57,0.612,194,167,57,0.0,1,1,0
69,13,52,4,1.3028637312885607,medium,susceptible,0,1,0.0,-1,-1,0,1,0,0,19.1,28.5,15.216219706795453,26.62818056120245,24.07295690815082,44.01136216933077,7,18,1.302,1.303,60,0.612,167,57,0.612,194,167,57,0.0,1,1,0
69,14,52,4,1.3028637312885607,medium,susceptible,0,1,0.0,-1,-1,0,1,0,0,19.1,28.5,15.216219706795453,26.62818056120245,24.07295690815082,44.01136216933077,7,18,1.302,1.303,60,0.612,167,57,0.612,194,167,57,0.0,1,1,0
69,15,52,4,1.3028637312885607,medium,susceptible,0,1,0.0,-1,-1,0,1,0,0,19.1,28.5,15.216219706795453,26.62818056120245,24.07295690815082,44.01136216933077,7,18,1.302,1.303,60,0.612,167,57,0.612,194,167,57,0.0,1,1,0
69,16,52,4,1.3028637312885607,medium,susceptible,0,1,0.0,-1,-1,0,1,0,0,19.1,28.5,15.216219706795453,26.62818056120245,24.07295690815082,44.01136216933077,7,18,1.302,1.303,60,0.612,167,57,0.612,194,167,57,0.0,1,1,0
69,17,52,4,1.3028637312885607,medium,susceptible,0,1,0.0,-1,-1,0,1,0,0,19.1,28.5,15.216219706795453,26.62818056120245,24.07295690815082,44.01136216933077,7,18,1.302,1.303,60,0.612,167,57,0.612,194,167,57,0.0,1,1,0
69,18,52,4,1.3028637312885607,medium,susceptible,0,1,0.0,-1,-1,0,1,0,0,19.1,28.5,15.216219706795453,26.62818056120245,24.07295690815082,44.01136216933077,7,18,1.302,1.303,60,0.612,167,57,0.612,194,167,57,0.0,1,1,0
69,19,52,4,1.3028637312885607,medium,susceptible,0,1,0.0,-1,-1,0,1,0,0,19.1,28.5,15.216219706795453,26.62818056120245,24.07295690815082,44.01136216933077,7,18,1.302,1.303,60,0.612,167,57,0.612,194,167,57,0.0,1,1,0
69,20,52,4,1.3028637312885607,medium,susceptible,0,1,0.0,-1,-1,0,1,0,0,19.1,28.5,15.216219706795453,26.62818056120245,24.07295690815082,44.01136216933077,7,18,1.302,1.303,60,0.612,167,57,0.612,194,167,57,0.0,1,1,0
69,21,52,4,1.3028637312885607,medium,susceptible,0,1,0.0,-1,-1,0,1,0,0,19.1,28.5,15.216219706795453,26.62818056120245,24.07295690815082,44.01136216933077,7,18,1.302,1.303,60,0.612,167,57,0.612,194,167,57,0.0,1,1,0
69,22,52,4,1.3028637312885607,medium,susceptible,0,1,0.0,-1,-1,0,1,0,0,19.1,28.5,15.216219706795453,26.62818056120245,24.07295690815082,44.01136216933077,7,18,1.302,1.303,60,0.612,167,57,0.612,194,167,57,0.0,1,1,0
69,23,52,4,1.3028637312885607,medium,susceptible,0,1,0.0,-1,-1,0,1,0,0,19.1,28.5,15.216219706795453,26.62818056120245,24.07295690815082,44.01136216933077,7,18,1.302,1.303,60,0.612,167,57,0.612,194,167,57,0.0,1,1,0
69,24,52,4,1.3028637312885607,medium,susceptible,0,1,0.0,-1,-1,0,1,0,0,19.1,28.5,15.216219706795453,26.62818056120245,24.07295690815082,44.01136216933077,7,18,1.302,1.303,60,0.612,167,57,0.612,194,167,57,0.0,1,1,0
69,25,52,4,1.3028637312885607,medium,susceptible,0,1,0.0,-1,-1,0,1,0,0,19.1,28.5,15.216219706795453,26.62818056120245,24.07295690815082,44.01136216933077,7,18,1.302,1.303,60,0.612,167,57,0.612,194,167,57,0.0,1,1,0
69,26,52,4,1.3028637312885607,medium,susceptible,0,1,0.0,-1,-1,0,1,0,0,19.1,28.5,15.216219706795453,26.62818056120245,24.07295690815082,44.01136216933077,7,18,1.302,1.303,60,0.612,167,57,0.612,194,167,57,0.0,1,1,0
69,27,52,4,1.3028637312885607,medium,susceptible,0,1,0.0,-1,-1,0,1,0,0,19.1,28.5,15.216219706795453,26.62818056120245,24.07295690815082,44.01136216933077,7,18,1.302,1.303,60,0.612,167,57,0.612,194,167,57,0.0,1,1,0
69,28,52,4,1.3028637312885607,medium,susceptible,0,1,0.0,-1,-1,0,1,0,0,19.1,28.5,15.216219706795453,26.62818056120245,24.07295690815082,44.01136216933077,7,18,1.302,1.303,60,0.612,167,57,0.612,194,167,57,0.0,1,1,0
69,29,52,4,1.3028637312885607,medium,susceptible,0,1,0.0,-1,-1,0,1,0,0,19.1,28.5,15.216219706795453,26.62818056120245,24.07295690815082,44.01136216933077,7,18,1.302,1.303,60,0.612,167,57,0.612,194,167,57,0.0,1,1,0
69,30,52,4,1.3028637312885607,medium,susceptible,0,1,0.0,-1,-1,0,1,0,0,19.1,28.5,15.216219706795453,26.62818056120245,24.07295690815082,44.01136216933077,7,18,1.302,1.303,60,0.612,167,57,0.612,194,167,57,0.0,1,1,0
69,31,52,4,1.3028637312885607,medium,susceptible,0,1,0.0,-1,-1,0,1,0,0,19.1,28.5,15.216219706795453,26.62818056120245,24.07295690815082,44.01136216933077,7,18,1.302,1.303,60,0.612,167,57,0.612,194,167,57,0.0,1,1,0
69,32,52,4,1.3028637312885607,medium,susceptible,0,1,0.0,-1,-1,0,1,0,0,19.1,28.5,15.216219706795453,26.62818056120245,24.07295690815082,44.01136216933077,7,18,1.302,1.303,60,0.612,167,57,0.612,194,167,57,0.0,1,1,0
69,33,52,4,1.3028637312885607,medium,susceptible,0,1,0.0,-1,-1,0,1,0,0,19.1,28.5,15.216219706795453,26.62818056120245,24.07295690815082,44.01136216933077,7,18,1.302,1.303,60,0.612,167,57,0.612,194,167,57,0.0,1,1,0
69,34,52,4,1.3028637312885607,medium,susceptible,0,1,0.0,-1,-1,0,1,0,0,19.1,28.5,15.216219706795453,26.62818056120245,24.07295690815082,44.01136216933077,7,18,1.302,1.303,60,0.612,167,57,0.612,194,167,57,0.0,1,1,0
69,35,52,4,1.3028637312885607,medium,susceptible,0,1,0.0,-1,-1,0,1,0,0,19.1,28.5,15.216219706795453,26.62818056120245,24.07295690815082,44.01136216933077,7,18,1.302,1.303,60,0.612,167,57,0.612,194,167,57,0.0,1,1,0
69,36,52,4,1.3028637312885607,medium,susceptible,0,1,0.0,-1,-1,0,1,0,0,19.1,28.5,15.216219706795453,26.62818056120245,24.07295690815082,44.01136216933077,7,18,1.302,1.303,60,0.612,167,57,0.612,194,167,57,0.0,1,1,0
69,37,52,4,1.3028637312885607,medium,susceptible,0,1,0.0,-1,-1,0,1,0,0,19.1,28.5,15.216219706795453,26.62818056120245,24.07295690815082,44.01136216933077,7,18,1.302,1.303,60,0.612,167,57,0.612,194,167,57,0.0,1,1,0
69,38,52,4,1.3028637312885607,medium,susceptible,0,1,0.0,-1,-1,0,1,0,0,19.1,28.5,15.216219706795453,26.62818056120245,24.07295690815082,44.01136216933077,7,18,1.302,1.303,60,0.612,167,57,0.612,194,167,57,0.0,1,1,0
69,39,52,4,1.3028637312885607,medium,susceptible,0,1,0.0,-1,-1,0,1,0,0,19.1,28.5,15.216219706795453,26.62818056120245,24.07295690815082,44.01136216933077,7,18,1.302,1.303,60,0.612,167,57,0.612,194,167,57,0.0,1,1,0
70,0,165,8,1.3021014198238736,low,susceptible,0,1,0.0,-1,-1,0,0,1,0,32.4,29.7,17.81571173312728,31.312138221462934,25.454839653059793,46.87216658103186,7,18,1.302,1.303,60,0.612,167,57,0.612,194,167,57,0.0,1,1,0
70,1,165,8,1.3021014198238736,low,susceptible,0,1,0.0,-1,-1,0,0,1,0,32.4,29.7,17.81571173312728,31.312138221462934,25.454839653059793,46.87216658103186,7,18,1.302,1.303,60,0.612,167,57,0.612,194,167,57,0.0,1,1,0
70,2,165,8,1.3021014198238736,low,susceptible,0,1,0.0,-1,-1,0,0,1,0,32.4,29.7,17.81571173312728,31.312138221462934,25.454839653059793,46.87216658103186,7,18,1.302,1.303,60,0.612,167,57,0.612,194,167,57,0.0,1,1,0
70,3,165,8,1.3021014198238736,low,susceptible,0,1,0.0,-1,-1,0,0,1,0,32.4,29.7,17.81571173312728,31.312138221462934,25.454839653059793,46.87216658103186,7,18,1.302,1.303,60,0.612,167,57,0.612,194,167,57,0.0,1,1,0
70,4,165,8,1.3021014198238736,low,susceptible,0,1,0.0,-1,-1,0,0,1,0,32.4,29.7,17.81571173312728,31.312138221462934,25.454839653059793,46.87216658103186,7,18,1.302,1.303,60,0.612,167,57,0.612,194,167,57,0.0,1,1,0
70,5,165,8,1.3021014198238736,low,susceptible,0,1,0.0,-1,-1,0,0,1,0,32.4,29.7,17.81571173312728,31.312138221462934,25.454839653059793,46.87216658103186,7,18,1.302,1.303,60,0.612,167,57,0.612,194,167,57,0.0,1,1,0
70,6,165,8,1.3021014198238736,low,susceptible,0,1,0.0,-1,-1,0,0,1,0,32.4,29.7,17.81571173312728,31.312138221462934,25.454839653059793,46.87216658103186,7,18,1.302,1.303,60,0.612,167,57,0.612,194,167,57,0.0,1,1,0
70,7,165,8,1.3021014198238736,low,susceptible,0,1,0.0,-1,-1,0,0,1,0,32.4,29.7,17.81571173312728,31.312138221462934,25.454839653059793,46.87216658103186,7,18,1.302,1.303,60,0.612,167,57,0.612,194,167,57,0.0,1,1,0
70,8,165,8,1.3021014198238736,low,susceptible,0,1,0.0,-1,-1,0,0,1,0,32.4,29.7,17.81571173312728,31.312138221462934,25.454839653059793,46.87216658103186,7,18,1.302,1.303,60,0.612,167,57,0.612,194,167,57,0.0,1,1,0
70,9,165,8,1.3021014198238736,low,susceptible,0,1,0.0,-1,-1,0,0,1,0,32.4,29.7,17.81571173312728,31.312138221462934,25.454839653059793,46.87216658103186,7,18,1.302,1.303,60,0.612,167,57,0.612,194,167,57,0.0,1,1,0
70,10,165,8,1.3021014198238736,low,susceptible,0,1,0.0,-1,-1,0,0,1,0,32.4,29.7,17.81571173312728,31.312138221462934,25.454839653059793,46.87216658103186,7,18,1.302,1.303,60,0.612,167,57,0.612,194,167,57,0.0,1,1,0
70,11,165,8,1.3021014198238736,low,susceptible,0,1,0.0,-1,-1,0,0,1,0,32.4,29.7,17.81571173312728,31.312138221462934,25.454839653059793,46.87216658103186,7,18,1.302,1.303,60,0.612,167,57,0.612,194,167,57,0.0,1,1,0
70,12,165,8,1.3021014198238736,low,susceptible,0,1,0.0,-1,-1,0,0,1,0,32.4,29.7,17.81571173312728,31.312138221462934,25.454839653059793,46.87216658103186,7,18,1.302,1.303,60,0.612,167,57,0.612,194,167,57,0.0,1,1,0
70,13,165,8,1.3021014198238736,low,susceptible,0,1,0.0,-1,-1,0,0,1,0,32.4,29.7,17.81571173312728,31.312138221462934,25.454839653059793,46.87216658103186,7,18,1.302,1.303,60,0.612,167,57,0.612,194,167,57,0.0,1,1,0
70,14,165,8,1.3021014198238736,low,susceptible,0,1,0.0,-1,-1,0,0,1,0,32.4,29.7,17.81571173312728,31.312138221462934,25.454839653059793,46.87216658103186,7,18,1.302,1.303,60,0.612,167,57,0.612,194,167,57,0.0,1,1,0
70,15,165,8,1.3021014198238736,low,susceptible,0,1,0.0,-1,-1,0,0,1,0,32.4,29.7,17.81571173312728,31.312138221462934,25.454839653059793,46.87216658103186,7,18,1.302,1.303,60,0.612,167,57,0.612,194,167,57,0.0,1,1,0
70,16,165,8,1.3021014198238736,low,susceptible,0,1,0.0,-1,-1,0,0,1,0,32.4,29.7,17.81571173312728,31.312138221462934,25.454839653059793,46.87216658103186,7,18,1.302,1.303,60,0.612,167,57,0.612,194,167,57,0.0,1,1,0
70,17,165,8,1.3021014198238736,low,susceptible,0,1,0.0,-1,-1,0,0,1,0,32.4,29.7,17.81571173312728,31.312138221462934,25.454839653059793,46.87216658103186,7,18,1.302,1.303,60,0.612,167,57,0.612,194,167,57,0.0,1,1,0
70,18,165,8,1.3021014198238736,low,susceptible,0,1,0.0,-1,-1,0,0,1,0,32.4,29.7,17.81571173312728,31.312138221462934,25.454839653059793,46.87216658103186,7,18,1.302,1.303,60,0.612,167,57,0.612,194,167,57,0.0,1,1,0
70,19,165,8,1.3021014198238736,low,susceptible,0,1,0.0,-1,-1,0,0,1,0,32.4,29.7,17.81571173312728,31.312138221462934,25.454839653059793,46.87216658103186,7,18,1.302,1.303,60,0.612,167,57,0.612,194,167,57,0.0,1,1,0
70,20,165,8,1.3021014198238736,low,susceptible,0,1,0.0,-1,-1,0,0,1,0,32.4,29.7,17.81571173312728,31.312138221462934,25.454839653059793,46.87216658103186,7,18,1.302,1.303,60,0.612,167,57,0.612,194,167,57,0.0,1,1,0
70,21,165,8,1.3021014198238736,low,susceptible,0,1,0.0,-1,-1,0,0,1,0,32.4,29.7,17.81571173312728,31.312138221462934,25.454839653059793,46.87216658103186,7,18,1.302,1.303,60,0.612,167,57,0.612,194,167,57,0.0,1,1,0
70,22,165,8,1.3021014198238736,low,susceptible,0,1,0.0,-1,-1,0,0,1,0,32.4,29.7,17.81571173312728,31.312138221462934,25.454839653059793,46.87216658103186,7,18,1.302,1.303,60,0.612,167,57,0.612,194,167,57,0.0,1,1,0
70,23,165,8,1.3021014198238736,low,susceptible,0,1,0.0,-1,-1,0,0,1,0,32.4,29.7,17.81571173312728,31.312138221462934,25.454839653059793,46.87216658103186,7,18,1.302,1.303,60,0.612,167,57,0.612,194,167,57,0.0,1,1,0
70,24,165,8,1.3021014198238736,low,susceptible,0,1,0.0,-1,-1,0,0,1,0,32.4,29.7,17.81571173312728,31.312138221462934,25.454839653059793,46.87216658103186,7,18,1.302,1.303,60,0.612,167,57,0.612,194,167,57,0.0,1,1,0
70,25,165,8,1.3021014198238736,low,susceptible,0,1,0.0,-1,-1,0,0,1,0,32.4,29.7,17.81571173312728,31.312138221462934,25.454839653059793,46.87216658103186,7,18,1.302,1.303,60,0.612,167,57,0.612,194,167,57,0.0,1,1,0
70,26,165,8,1.3021014198238736,low,susceptible,0,1,0.0,-1,-1,0,0,1,0,32.4,29.7,17.81571173312728,31.312138221462934,25.454839653059793,46.87216658103186,7,18,1.302,1.303,60,0.612,167,57,0.612,194,167,57,0.0,1,1,0
70,27,165,8,1.3021014198238736,low,susceptible,0,1,0.0,-1,-1,0,0,1,0,32.4,29.7,17.81571173312728,31.312138221462934,25.454839653059793,46.87216658103186,7,18,1.302,1.303,60,0.612,167,57,0.612,194,167,57,0.0,1,1,0
70,28,165,8,1.3021014198238736,low,susceptible,0,1,0.0,-1,-1,0,0,1,0,32.4,29.7,17.81571173312728,31.312138221462934,25.454839653059793,46.87216658103186,7,18,1.302,1.303,60,0.612,167,57,0.612,194,167,57,0.0,1,1,0
70,29,165,8,1.3021014198238736,low,susceptible,0,1,0.0,-1,-1,0,0,1,0,32.4,29.7,17.81571173312728,31.312138221462934,25.454839653059793,46.87216658103186,7,18,1.302,1.303,60,0.612,167,57,0.612,194,167,57,0.0,1,1,0
70,30,165,8,1.3021014198238736,low,susceptible,0,1,0.0,-1,-1,0,0,1,0,32.4,29.7,17.81571173312728,31.312138221462934,25.454839653059793,46.87216658103186,7,18,1.302,1.303,60,0.612,167,57,0.612,194,167,57,0.0,1,1,0
70,31,165,8,1.3021014198238736,low,susceptible,0,1,0.0,-1,-1,0,0,1,0,32.4,29.7,17.81571173312728,31.312138221462934,25.454839653059793,46.87216658103186,7,18,1.302,1.303,60,0.612,167,57,0.612,194,167,57,0.0,1,1,0
70,32,165,8,1.3021014198238736,low,susceptible,0,1,0.0,-1,-1,0,0,1,0,32.4,29.7,17.81571173312728,31.312138221462934,25.454839653059793,46.87216658103186,7,18,1.302,1.303,60,0.612,167,57,0.612,194,167,57,0.0,1,1,0
70,33,165,8,1.3021014198238736,low,susceptible,0,1,0.0,-1,-1,0,0,1,0,32.4,29.7,17.81571173312728,31.312138221462934,25.454839653059793,46.87216658103186,7,18,1.302,1.303,60,0.612,167,57,0.612,194,167,57,0.0,1,1,0
70,34,165,8,1.3021014198238736,low,susceptible,0,1,0.0,-1,-1,0,0,1,0,32.4,29.7,17.81571173312728,31.312138221462934,25.454839653059793,46.87216658103186,7,18,1.302,1.303,60,0.612,167,57,0.612,194,167,57,0.0,1,1,0
70,35,165,8,1.3021014198238736,low,susceptible,0,1,0.0,-1,-1,0,0,1,0,32.4,29.7,17.81571173312728,31.312138221462934,25.454839653059793,46.87216658103186,7,18,1.302,1.303,60,0.612,167,57,0.612,194,167,57,0.0,1,1,0
70,36,165,8,1.3021014198238736,low,susceptible,0,1,0.0,-1,-1,0,0,1,0,32.4,29.7,17.81571173312728,31.312138221462934,25.454839653059793,46.87216658103186,7,18,1.302,1.303,60,0.612,167,57,0.612,194,167,57,0.0,1,1,0
70,37,165,8,1.3021014198238736,low,susceptible,0,1,0.0,-1,-1,0,0,1,0,32.4,29.7,17.81571173312728,31.312138221462934,25.454839653059793,46.87216658103186,7,18,1.302,1.303,60,0.612,167,57,0.612,194,167,57,0.0,1,1,0
70,38,165,8,1.3021014198238736,low,susceptible,0,1,0.0,-1,-1,0,0,1,0,32.4,29.7,17.81571173312728,31.312138221462934,25.454839653059793,46.87216658103186,7,18,1.302,1.303,60,0.612,167,57,0.612,194,167,57,0.0,1,1,0
70,39,165,8,1.3021014198238736,low,susceptible,0,1,0.0,-1,-1,0,0,1,0,32.4,29.7,17.81571173312728,31.312138221462934,25.454839653059793,46.87216658103186,7,18,1.302,1.303,60,0.612,167,57,0.612,194,167,57,0.0,1,1,0
71,0,175,1,1.302238841291509,strong,susceptible,0,1,0.0,-1,-1,1,0,0,0,28.6,24.7,18.201625258047876,27.04163456597992,28.395206610317018,37.48332962798263,7,18,1.302,1.303,60,0.612,167,57,0.612,194,167,57,0.0,1,1,0
71,1,175,1,1.302238841291509,strong,susceptible,0,1,0.0,-1,-1,1,0,0,0,28.6,24.7,18.201625258047876,27.04163456597992,28.395206610317018,37.48332962798263,7,18,1.302,1.303,60,0.612,167,57,0.612,194,167,57,0.0,1,1,0
71,2,175,1,1.302238841291509,strong,susceptible,0,1,0.0,-1,-1,1,0,0,0,28.6,24.7,18.201625258047876,27.04163456597992,28.395206610317018,37.48332962798263,7,18,1.302,1.303,60,0.612,167,57,0.612,194,167,57,0.0,1,1,0
71,3,175,1,1.302238841291509,strong,susceptible,0,1,0.0,-1,-1,1,0,0,0,28.6,24.7,18.201625258047876,27.04163456597992,28.395206610317018,37.48332962798263,7,18,1.302,1.303,60,0.612,167,57,0.612,194,167,57,0.0,1,1,0
71,4,175,1,1.302238841291509,strong,susceptible,0,1,0.0,-1,-1,1,0,0,0,28.6,24.7,18.201625258047876,27.04163456597992,28.395206610317018,37.48332962798263,7,18,1.302,1.303,60,0.612,167,57,0.612,194,167,57,0.0,1,1,0
71,5,175,1,1.302238841291509,strong,susceptible,0,1,0.0,-1,-1,1,0,0,0,28.6,24.7,18.201625258047876,27.04163456597992,28.395206610317018,37.48332962798263,7,18,1.302,1.303,60,0.612,167,57,0.612,194,167,57,0.0,1,1,0
71,6,175,1,1.302238841291509,strong,susceptible,0,1,0.0,-1,-1,1,0,0,0,28.6,24.7,18.201625258047876,27.04163456597992,28.395206610317018,37.48332962798263,7,18,1.302,1.303,60,0.612,167,57,0.612,194,167,57,0.0,1,1,0
71,7,175,1,1.302238841291509,strong,susceptible,0,1,0.0,-1,-1,1,0,0,0,28.6,24.7,18.201625258047876,27.04163456597992,28.395206610317018,37.48332962798263,7,18,1.302,1.303,60,0.612,167,57,0.612,194,167,57,0.0,1,1,0
71,8,175,1,1.302238841291509,strong,susceptible,0,1,0.0,-1,-1,1,0,0,0,28.6,24.7,18.201625258047876,27.04163456597992,28.395206610317018,37.48332962798263,7,18,1.302,1.303,60,0.612,167,57,0.612,194,167,57,0.0,1,1,0
71,9,175,1,1.302238841291509,strong,susceptible,0,1,0.0,-1,-1,1,0,0,0,28.6,24.7,18.201625258047876,27.04163456597992,28.395206610317018,37.48332962798263,7,18,1.302,1.303,60,0.612,167,57,0.612,194,167,57,0.0,1,1,0
71,10,175,1,1.302238841291509,strong,susceptible,0,1,0.0,-1,-1,1,0,0,0,28.6,24.7,18.201625258047876,27.04163456597992,28.395206610317018,37.48332962798263,7,18,1.302,1.303,60,0.612,167,57,0.612,194,167,57,0.0,1,1,0
71,11,175,1,1.302238841291509,strong,susceptible,0,1,0.0,-1,-1,1,0,0,0,28.6,24.7,18.201625258047876,27.04163456597992,28.395206610317018,37.48332962798263,7,18,1.302,1.303,60,0.612,167,57,0.612,194,167,57,0.0,1,1,0
71,12,175,1,1.302238841291509,strong,susceptible,0,1,0.0,-1,-1,1,0,0,0,28.6,24.7,18.201625258047876,27.04163456597992,28.395206610317018,37.48332962798263,7,18,1.302,1.303,60,0.612,167,57,0.612,194,167,57,0.0,1,1,0
71,13,175,1,1.302238841291509,strong,susceptible,0,1,0.0,-1,-1,1,0,0,0,28.6,24.7,18.201625258047876,27.04163456597992,28.395206610317018,37.48332962798263,7,18,1.302,1.303,60,0.612,167,57,0.612,194,167,57,0.0,1,1,0
71,14,175,1,1.302238841291509,strong,susceptible,0,1,0.0,-1,-1,1,0,0,0,28.6,24.7,18.201625258047876,27.04163456597992,28.395206610317018,37.48332962798263,7,18,1.302,1.303,60,0.612,167,57,0.612,194,167,57,0.0,1,1,0
71,15,175,1,1.302238841291509,strong,susceptible,0,1,0.0,-1,-1,1,0,0,0,28.6,24.7,18.201625258047876,27.04163456597992,28.395206610317018,37.48332962798263,7,18,1.302,1.303,60,0.612,167,57,0.612,194,167,57,0.0,1,1,0
71,16,175,1,1.302238841291509,strong,susceptible,0,1,0.0,-1,-1,1,0,0,0,28.6,24.7,18.201625258047876,27.04163456597992,28.395206610317018,37.48332962798263,7,18,1.302,1.303,60,0.612,167,57,0.612,194,167,57,0.0,1,1,0
71,17,175,1,1.302238841291509,strong,susceptible,0,1,0.0,-1,-1,1,0,0,0,28.6,24.7,18.201625258047876,27.04163456597992,28.395206610317018,37.48332962798263,7,18,1.302,1.303,60,0.612,167,57,0.612,194,167,57,0.0,1,1,0
71,18,175,1,1.302238841291509,strong,susceptible,0,1,0.0,-1,-1,1,0,0,0,28.6,24.7,18.201625258047876,27.04163456597992,28.395206610317018,37.48332962798263,7,18,1.302,1.303,60,0.612,167,57,0.612,194,167,57,0.0,1,1,0
71,19,175,1,1.302238841291509,strong,susceptible,0,1,0.0,-1,-1,1,0,0,0,28.6,24.7,18.201625258047876,27.04163456597992,28.395206610317018,37.48332962798263,7,18,1.302,1.303,60,0.612,167,57,0.612,194,167,57,0.0,1,1,0
71,20,175,1,1.302238841291509,strong,susceptible,0,1,0.0,-1,-1,1,0,0,0,28.6,24.7,18.201625258047876,27.04163456597992,28.395206610317018,37.48332962798263,7,18,1.302,1.303,60,0.612,167,57,0.612,194,167,57,0.0,1,1,0
71,21,175,1,1.302238841291509,strong,susceptible,0,1,0.0,-1,-1,1,0,0,0,28.6,24.7,18.201625258047876,27.04163456597992,28.395206610317018,37.48332962798263,7,18,1.302,1.303,60,0.612,167,57,0.612,194,167,57,0.0,1,1,0
71,22,175,1,1.302238841291509,strong,susceptible,0,1,0.0,-1,-1,1,0,0,0,28.6,24.7,18.201625258047876,27.04163456597992,28.395206610317018,37.48332962798263,7,18,1.302,1.303,60,0.612,167,57,0.612,194,167,57,0.0,1,1,0
71,23,175,1,1.302238841291509,strong,susceptible,0,1,0.0,-1,-1,1,0,0,0,28.6,24.7,18.201625258047876,27.04163456597992,28.395206610317018,37.48332962798263,7,18,1.302,1.303,60,0.612,167,57,0.612,194,167,57,0.0,1,1,0
71,24,175,1,1.302238841291509,strong,susceptible,0,1,0.0,-1,-1,1,0,0,0,28.6,24.7,18.201625258047876,27.04163456597992,28.395206610317018,37.48332962798263,7,18,1.302,1.303,60,0.612,167,57,0.612,194,167,57,0.0,1,1,0
71,25,175,1,1.302238841291509,strong,susceptible,0,1,0.0,-1,-1,1,0,0,0,28.6,24.7,18.201625258047876,27.04163456597992,28.395206610317018,37.48332962798263,7,18,1.302,1.303,60,0.612,167,57,0.612,194,167,57,0.0,1,1,0
71,26,175,1,1.302238841291509,strong,susceptible,0,1,0.0,-1,-1,1,0,0,0,28.6,24.7,18.201625258047876,27.04163456597992,28.395206610317018,37.48332962798263,7,18,1.302,1.303,60,0.612,167,57,0.612,194,167,57,0.0,1,1,0
71,27,175,1,1.302238841291509,strong,susceptible,0,1,0.0,-1,-1,1,0,0,0,28.6,24.7,18.201625258047876,27.04163456597992,28.395206610317018,37.48332962798263,7,18,1.302,1.303,60,0.612,167,57,0.612,194,167,57,0.0,1,1,0
71,28,175,1,1.302238841291509,strong,susceptible,0,1,0.0,-1,-1,1,0,0,0,28.6,24.7,18.201625258047876,27.04163456597992,28.395206610317018,37.48332962798263,7,18,1.302,1.303,60,0.612,167,57,0.612,194,167,57,0.0,1,1,0
71,29,175,1,1.302238841291509,strong,susceptible,0,1,0.0,-1,-1,1,0,0,0,28.6,24.7,18.201625258047876,27.04163456597992,28.395206610317018,37.48332962798263,7,18,1.302,1.303,60,0.612,167,57,0.612,194,167,57,0.0,1,1,0
71,30,175,1,1.302238841291509,strong,susceptible,0,1,0.0,-1,-1,1,0,0,0,28.6,24.7,18.201625258047876,27.04163456597992,28.395206610317018,37.48332962798263,7,18,1.302,1.303,60,0.612,167,57,0.612,194,167,57,0.0,1,1,0
71,31,175,1,1.302238841291509,strong,susceptible,0,1,0.0,-1,-1,1,0,0,0,28.6,24.7,18.201625258047876,27.04163456597992,28.395206610317018,37.48332962798263,7,18,1.302,1.303,60,0.612,167,57,0.612,194,167,57,0.0,1,1,0
71,32,175,1,1.302238841291509,strong,susceptible,0,1,0.0,-1,-1,1,0,0,0,28.6,24.7,18.201625258047876,27.04163456597992,28.395206610317018,37.48332962798263,7,18,1.302,1.303,60,0.612,167,57,0.612,194,167,57,0.0,1,1,0
71,33,175,1,1.302238841291509,strong,susceptible,0,1,0.0,-1,-1,1,0,0,0,28.6,24.7,18.201625258047876,27.04163456597992,28.395206610317018,37.48332962798263,7,18,1.302,1.303,60,0.612,167,57,0.612,194,167,57,0.0,1,1,0
71,34,175,1,1.302238841291509,strong,susceptible,0,1,0.0,-1,-1,1,0,0,0,28.6,24.7,18.201625258047876,27.04163456597992,28.395206610317018,37.48332962798263,7,18,1.302,1.303,60,0.612,167,57,0.612,194,167,57,0.0,1,1,0
71,35,175,1,1.302238841291509,strong,susceptible,0,1,0.0,-1,-1,1,0,0,0,28.6,24.7,18.201625258047876,27.04163456597992,28.395206610317018,37.48332962798263,7,18,1.302,1.303,60,0.612,167,57,0.612,194,167,57,0.0,1,1,0
71,36,175,1,1.302238841291509,strong,susceptible,0,1,0.0,-1,-1,1,0,0,0,28.6,24.7,18.201625258047876,27.04163456597992,28.395206610317018,37.48332962798263,7,18,1.302,1.303,60,0.612,167,57,0.612,194,167,57,0.0,1,1,0
71,37,175,1,1.302238841291509,strong,susceptible,0,1,0.0,-1,-1,1,0,0,0,28.6,24.7,18.201625258047876,27.04163456597992,28.395206610317018,37.48332962798263,7,18,1.302,1.303,60,0.612,167,57,0.612,194,167,57,0.0,1,1,0
71,38,175,1,1.302238841291509,strong,susceptible,0,1,0.0,-1,-1,1,0,0,0,28.6,24.7,18.201625258047876,27.04163456597992,28.395206610317018,37.48332962798263,7,18,1.302,1.303,60,0.612,167,57,0.612,194,167,57,0.0,1,1,0
71,39,175,1,1.302238841291509,strong,susceptible,0,1,0.0,-1,-1,1,0,0,0,28.6,24.7,18.201625258047876,27.04163456597992,28.395206610317018,37.48332962798263,7,18,1.302,1.303,60,0.612,167,57,0.612,194,167,57,0.0,1,1,0
72,0,111,3,1.3020626940280111,low,susceptible,0,1,0.0,-1,-1,0,0,1,0,23.5,18.7,14.617797619267472,19.14001044931794,23.59792589258071,36.124783736376884,7,18,1.302,1.303,60,0.612,167,57,0.612,194,167,57,0.0,1,1,0
72,1,111,3,1.3020626940280111,low,susceptible,0,1,0.0,-1,-1,0,0,1,0,23.5,18.7,14.617797619267472,19.14001044931794,23.59792589258071,36.124783736376884,7,18,1.302,1.303,60,0.612,167,57,0.612,194,167,57,0.0,1,1,0
72,2,111,3,1.3020626940280111,low,susceptible,0,1,0.0,-1,-1,0,0,1,0,23.5,18.7,14.617797619267472,19.14001044931794,23.59792589258071,36.124783736376884,7,18,1.302,1.303,60,0.612,167,57,0.612,194,167,57,0.0,1,1,0
72,3,111,3,1.3020626940280111,low,susceptible,0,1,0.0,-1,-1,0,0,1,0,23.5,18.7,14.617797619267472,19.14001044931794,23.59792589258071,36.124783736376884,7,18,1.302,1.303,60,0.612,167,57,0.612,194,167,57,0.0,1,1,0
72,4,111,3,1.3020626940280111,low,susceptible,0,1,0.0,-1,-1,0,0,1,0,23.5,18.7,14.617797619267472,19.14001044931794,23.59792589258071,36.124783736376884,7,18,1.302,1.303,60,0.612,167,57,0.612,194,167,57,0.0,1,1,0
72,5,111,3,1.3020626940280111,low,susceptible,0,1,0.0,-1,-1,0,0,1,0,23.5,18.7,14.617797619267472,19.14001044931794,23.59792589258071,36.124783736376884,7,18,1.302,1.303,60,0.612,167,57,0.612,194,167,57,0.0,1,1,0
72,6,111,3,1.3020626940280111,low,susceptible,0,1,0.0,-1,-1,0,0,1,0,23.5,18.7,14.617797619267472,19.14001044931794,23.59792589258071,36.124783736376884,7,18,1.302,1.303,60,0.612,167,57,0.612,194,167,57,0.0,1,1,0
72,7,111,3,1.3020626940280111,low,susceptible,0,1,0.0,-1,-1,0,0,1,0,23.5,18.7,14.617797619267472,19.14001044931794,23.59792589258071,36.124783736376884,7,18,1.302,1.303,60,0.612,167,57,0.612,194,167,57,0.0,1,1,0
72,8,111,3,1.3020626940280111,low,susceptible,0,1,0.0,-1,-1,0,0,1,0,23.5,18.7,14.617797619267472,19.14001044931794,23.59792589258071,36.124783736376884,7,18,1.302,1.303,60,0.612,167,57,0.612,194,167,57,0.0,1,1,0
72,9,111,3,1.3020626940280111,low,susceptible,0,1,0.0,-1,-1,0,0,1,0,23.5,18.7,14.617797619267472,19.14001044931794,23.59792589258071,36.124783736376884,7,18,1.302,1.303,60,0.612,167,57,0.612,194,167,57,0.0,1,1,0
72,10,111,3,1.3020626940280111,low,susceptible,0,1,0.0,-1,-1,0,0,1,0,23.5,18.7,14.617797619267472,19.14001044931794,23.59792589258071,36.124783736376884,7,18,1.302,1.303,60,0.612,167,57,0.612,194,167,57,0.0,1,1,0
72,11,111,3,1.3020626940280111,low,susceptible,0,1,0.0,-1,-1,0,0,1,0,23.5,18.7,14.617797619267472,19.14001044931794,23.59792589258071,36.124783736376884,7,18,1.302,1.303,60,0.612,167,57,0.612,194,167,57,0.0,1,1,0
72,12,111,3,1.3020626940280111,low,susceptible,0,1,0.0,-1,-1,0,0,1,0,23.5,18.7,14.617797619267472,19.14001044931794,23.59792589258071,36.124783736376884,7,18,1.302,1.303,60,0.612,167,57,0.612,194,167,57,0.0,1,1,0
72,13,111,3,1.3020626940280111,low,susceptible,0,1,0.0,-1,-1,0,0,1,0,23.5,18.7,14.617797619267472,19.14001044931794,23.59792589258071,36.124783736376884,7,18,1.302,1.303,60,0.612,167,57,0.612,194,167,57,0.0,1,1,0
72,14,111,3,1.3020626940280111,low,susceptible,0,1,0.0,-1,-1,0,0,1,0,23.5,18.7,14.617797619267472,19.14001044931794,23.59792589258071,36.124783736376884,7,18,1.302,1.303,60,0.612,167,57,0.612,194,167,57,0.0,1,1,0
72,15,111,3,1.3020626940280111,low,susceptible,0,1,0.0,-1,-1,0,0,1,0,23.5,18.7,14.617797619267472,19.14001044931794,23.59792589258071,36.124783736376884,7,18,1.302,1.303,60,0.612,167,57,0.612,194,167,57,0.0,1,1,0
72,16,111,3,1.3020626940280111,low,susceptible,0,1,0.0,-1,-1,0,0,1,0,23.5,18.7,14.617797619267472,19.14001044931794,23.59792589258071,36.124783736376884,7,18,1.302,1.303,60,0.612,167,57,0.612,194,167,57,0.0,1,1,0
72,17,111,3,1.3020626940280111,low,susceptible,0,1,0.0,-1,-1,0,0,1,0,23.5,18.7,14.617797619267472,19.14001044931794,23.59792589258071,36.124783736376884,7,18,1.302,1.303,60,0.612,167,57,0.612,194,167,57,0.0,1,1,0
72,18,111,3,1.3020626940280111,low,susceptible,0,1,0.0,-1,-1,0,0,1,0,23.5,18.7,14.617797619267472,19.14001044931794,23.59792589258071,36.124783736376884,7,18,1.302,1.303,60,0.612,167,57,0.612,194,167,57,0.0,1,1,0
72,19,111,3,1.3020626940280111,low,susceptible,0,1,0.0,-1,-1,0,0,1,0,23.5,18.7,14.617797619267472,19.14001044931794,23.59792589258071,36.124783736376884,7,18,1.302,1.303,60,0.612,167,57,0.612,194,167,57,0.0,1,1,0
72,20,111,3,1.3020626940280111,low,susceptible,0,1,0.0,-1,-1,0,0,1,0,23.5,18.7,14.617797619267472,19.14001044931794,23.59792589258071,36.124783736376884,7,18,1.302,1.303,60,0.612,167,57,0.612,194,167,57,0.0,1,1,0
72,21,111,3,1.3020626940280111,low,susceptible,0,1,0.0,-1,-1,0,0,1,0,23.5,18.7,14.617797619267472,19.14001044931794,23.59792589258071,36.124783736376884,7,18,1.302,1.303,60,0.612,167,57,0.612,194,167,57,0.0,1,1,0
72,22,111,3,1.3020626940280111,low,susceptible,0,1,0.0,-1,-1,0,0,1,0,23.5,18.7,14.617797619267472,19.14001044931794,23.59792589258071,36.124783736376884,7,18,1.302,1.303,60,0.612,167,57,0.612,194,167,57,0.0,1,1,0
72,23,111,3,1.3020626940280111,low,susceptible,0,1,0.0,-1,-1,0,0,1,0,23.5,18.7,14.617797619267472,19.14001044931794,23.59792589258071,36.124783736376884,7,18,1.302,1.303,60,0.612,167,57,0.612,194,167,57,0.0,1,1,0
72,24,111,3,1.3020626940280111,low,susceptible,0,1,0.0,-1,-1,0,0,1,0,23.5,18.7,14.617797619267472,19.14001044931794,23.59792589258071,36.124783736376884,7,18,1.302,1.303,60,0.612,167,57,0.612,194,167,57,0.0,1,1,0
72,25,111,3,1.3020626940280111,low,susceptible,0,1,0.0,-1,-1,0,0,1,0,23.5,18.7,14.617797619267472,19.14001044931794,23.59792589258071,36.124783736376884,7,18,1.302,1.303,60,0.612,167,57,0.612,194,167,57,0.0,1,1,0
72,26,111,3,1.3020626940280111,low,susceptible,0,1,0.0,-1,-1,0,0,1,0,23.5,18.7,14.617797619267472,19.14001044931794,23.59792589258071,36.124783736376884,7,18,1.302,1.303,60,0.612,167,57,0.612,194,167,57,0.0,1,1,0
72,27,111,3,1.3020626940280111,low,susceptible,0,1,0.0,-1,-1,0,0,1,0,23.5,18.7,14.617797619267472,19.14001044931794,23.59792589258071,36.124783736376884,7,18,1.302,1.303,60,0.612,167,57,0.612,194,167,57,0.0,1,1,0
72,28,111,3,1.3020626940280111,low,susceptible,0,1,0.0,-1,-1,0,0,1,0,23.5,18.7,14.617797619267472,19.14001044931794,23.59792589258071,36.124783736376884,7,18,1.302,1.303,60,0.612,167,57,0.612,194,167,57,0.0,1,1,0
72,29,111,3,1.3020626940280111,low,susceptible,0,1,0.0,-1,-1,0,0,1,0,23.5,18.7,14.617797619267472,19.14001044931794,23.59792589258071,36.124783736376884,7,18,1.302,1.303,60,0.612,167,57,0.612,194,167,57,0.0,1,1,0
72,30,111,3,1.3020626940280111,low,susceptible,0,1,0.0,-1,-1,0,0,1,0,23.5,18.7,14.617797619267472,19.14001044931794,23.59792589258071,36.124783736376884,7,18,1.302,1.303,60,0.612,167,57,0.612,194,167,57,0.0,1,1,0
72,31,111,3,1.3020626940280111,low,susceptible,0,1,0.0,-1,-1,0,0,1,0,23.5,18.7,14.617797619267472,19.14001044931794,23.59792589258071,36.124783736376884,7,18,1.302,1.303,60,0.612,167,57,0.612,194,167,57,0.0,1,1,0
72,32,111,3,1.3020626940280111,low,susceptible,0,1,0.0,-1,-1,0,0,1,0,23.5,18.7,14.617797619267472,19.14001044931794,23.59792589258071,36.124783736376884,7,18,1.302,1.303,60,0.612,167,57,0.618,191,175,57,-0.006000000000000005,1,1,0
72,33,111,3,1.3020626940280111,low,infected,1,1,0.779,32,1,0,0,1,0,23.5,18.7,14.617797619267472,19.14001044931794,23.59792589258071,36.124783736376884,7,18,1.302,1.303,60,0.612,167,57,0.612,194,167,57,0.0,1,1,0
72,34,111,3,1.3020626940280111,low,infected,1,1,12.756,32,2,0,0,1,0,23.5,18.7,14.617797619267472,19.14001044931794,23.59792589258071,36.124783736376884,7,18,1.302,1.303,60,0.612,167,57,0.612,194,167,57,0.0,1,1,0
72,35,111,3,1.3020626940280111,low,infected,1,1,35.815,32,3,0,0,1,0,23.5,18.7,14.617797619267472,19.14001044931794,23.59792589258071,36.124783736376884,7,18,1.302,1.303,60,0.612,167,57,0.606,197,167,57,0.006000000000000005,1,1,0
72,36,111,3,1.3020626940280111,low,infected,1,0,59.606,32,4,0,0,1,0,23.5,18.7,14.617797619267472,19.14001044931794,23.59792589258071,36.124783736376884,7,18,1.302,1.303,60,0.612,167,57,0.612,194,167,57,0.0,1,1,0
72,37,111,3,1.3020626940280111,low,infected,1,0,76.837,32,5,0,0,1,0,23.5,18.7,14.617797619267472,19.14001044931794,23.59792589258071,36.124783736376884,7,18,1.302,1.303,60,0.612,167,57,0.612,194,167,57,0.0,1,1,0
72,38,111,3,1.3020626940280111,low,infected,1,0,85.088,32,6,0,0,1,0,23.5,18.7,14.617797619267472,19.14001044931794,23.59792589258071,36.124783736376884,7,18,1.302,1.303,60,0.612,167,57,0.612,194,167,57,0.0,1,1,0
72,39,111,3,1.3020626940280111,low,infected,1,0,85.187,32,7,0,0,1,0,23.5,18.7,14.617797619267472,19.14001044931794,23.59792589258071,36.124783736376884,7,18,1.302,1.303,60,0.612,167,57,0.612,194,167,57,0.0,1,1,0
73,0,33,2,1.302710741964509,low,susceptible,0,1,0.0,-1,-1,0,0,1,0,19.5,29.2,18.104779079742986,30.306599941266917,28.350135325328637,50.47771785649585,7,18,1.302,1.303,60,0.612,167,57,0.612,194,167,57,0.0,1,1,0
73,1,33,2,1.302710741964509,low,susceptible,0,1,0.0,-1,-1,0,0,1,0,19.5,29.2,18.104779079742986,30.306599941266917,28.350135325328637,50.47771785649585,7,18,1.302,1.303,60,0.612,167,57,0.612,194,167,57,0.0,1,1,0
73,2,33,2,1.302710741964509,low,susceptible,0,1,0.0,-1,-1,0,0,1,0,19.5,29.2,18.104779079742986,30.306599941266917,28.350135325328637,50.47771785649585,7,18,1.302,1.303,60,0.612,167,57,0.612,194,167,57,0.0,1,1,0
73,3,33,2,1.302710741964509,low,susceptible,0,1,0.0,-1,-1,0,0,1,0,19.5,29.2,18.104779079742986,30.306599941266917,28.350135325328637,50.47771785649585,7,18,1.302,1.303,60,0.612,167,57,0.612,194,167,57,0.0,1,1,0
73,4,33,2,1.302710741964509,low,susceptible,0,1,0.0,-1,-1,0,0,1,0,19.5,29.2,18.104779079742986,30.306599941266917,28.350135325328637,50.47771785649585,7,18,1.302,1.303,60,0.612,167,57,0.612,194,167,57,0.0,1,1,0
73,5,33,2,1.302710741964509,low,susceptible,0,1,0.0,-1,-1,0,0,1,0,19.5,29.2,18.104779079742986,30.306599941266917,28.350135325328637,50.47771785649585,7,18,1.302,1.303,60,0.612,167,57,0.612,194,167,57,0.0,1,1,0
73,6,33,2,1.302710741964509,low,susceptible,0,1,0.0,-1,-1,0,0,1,0,19.5,29.2,18.104779079742986,30.306599941266917,28.350135325328637,50.47771785649585,7,18,1.302,1.303,60,0.612,167,57,0.612,194,167,57,0.0,1,1,0
73,7,33,2,1.302710741964509,low,susceptible,0,1,0.0,-1,-1,0,0,1,0,19.5,29.2,18.104779079742986,30.306599941266917,28.350135325328637,50.47771785649585,7,18,1.302,1.303,60,0.612,167,57,0.658,171,189,55,-0.04600000000000004,1,1,0
73,8,33,2,1.302710741964509,low,infected,1,1,1.588,7,1,0,0,1,0,19.5,29.2,18.104779079742986,30.306599941266917,28.350135325328637,50.47771785649585,7,18,1.302,1.303,60,0.612,167,57,0.612,194,167,57,0.0,1,1,0
73,9,33,2,1.302710741964509,low,infected,1,1,15.751,7,2,0,0,1,0,19.5,29.2,18.104779079742986,30.306599941266917,28.350135325328637,50.47771785649585,7,18,1.302,1.303,60,0.612,167,57,0.612,194,167,57,0.0,1,1,0
73,10,33,2,1.302710741964509,low,infected,1,1,39.574,7,3,0,0,1,0,19.5,29.2,18.104779079742986,30.306599941266917,28.350135325328637,50.47771785649585,7,18,1.302,1.303,60,0.612,167,57,0.612,194,167,57,0.0,1,1,0
73,11,33,2,1.302710741964509,low,infected,1,0,62.718,7,4,0,0,1,0,19.5,29.2,18.104779079742986,30.306599941266917,28.350135325328637,50.47771785649585,7,18,1.302,1.303,60,0.612,167,57,0.612,194,167,57,0.0,1,1,0
73,12,33,2,1.302710741964509,low,infected,1,0,78.654,7,5,0,0,1,0,19.5,29.2,18.104779079742986,30.306599941266917,28.350135325328637,50.47771785649585,7,18,1.302,1.303,60,0.612,167,57,0.612,194,167,57,0.0,1,1,0
73,13,33,2,1.302710741964509,low,infected,1,0,85.576,7,6,0,0,1,0,19.5,29.2,18.104779079742986,30.306599941266917,28.350135325328637,50.47771785649585,7,18,1.302,1.303,60,0.612,167,57,0.612,194,167,57,0.0,1,1,0
73,14,33,2,1.302710741964509,low,infected,1,0,84.63,7,7,0,0,1,0,19.5,29.2,18.104779079742986,30.306599941266917,28.350135325328637,50.47771785649585,7,18,1.302,1.303,60,0.612,167,57,0.612,194,167,57,0.0,1,1,0
73,15,33,2,1.302710741964509,low,infected,1,0,78.144,7,8,0,0,1,0,19.5,29.2,18.104779079742986,30.306599941266917,28.350135325328637,50.47771785649585,7,18,1.302,1.303,60,0.612,167,57,0.612,194,167,57,0.0,1,1,0
73,16,33,2,1.302710741964509,low,infected,1,0,68.519,7,9,0,0,1,0,19.5,29.2,18.104779079742986,30.306599941266917,28.350135325328637,50.47771785649585,7,18,1.302,1.303,60,0.612,167,57,0.612,194,167,57,0.0,1,1,0
73,17,33,2,1.302710741964509,low,infected,1,0,57.703,7,10,0,0,1,0,19.5,29.2,18.104779079742986,30.306599941266917,28.350135325328637,50.47771785649585,7,18,1.302,1.303,60,0.612,167,57,0.612,194,167,57,0.0,1,1,0
73,18,33,2,1.302710741964509,low,infected,1,1,47.045,7,11,0,0,1,0,19.5,29.2,18.104779079742986,30.306599941266917,28.350135325328637,50.47771785649585,7,18,1.302,1.303,60,0.612,167,57,0.658,171,188,55,-0.04600000000000004,1,1,0
73,19,33,2,1.302710741964509,low,infected,1,1,37.351,7,12,0,0,1,0,19.5,29.2,18.104779079742986,30.306599941266917,28.350135325328637,50.47771785649585,7,18,1.302,1.303,60,0.612,167,57,0.612,194,167,57,0.0,1,1,0
73,20,33,2,1.302710741964509,low,infected,1,1,29.003,7,13,0,0,1,0,19.5,29.2,18.104779079742986,30.306599941266917,28.350135325328637,50.47771785649585,7,18,1.302,1.303,60,0.612,167,57,0.612,194,167,57,0.0,1,1,0
73,21,33,2,1.302710741964509,low,infected,1,1,22.102,7,14,0,0,1,0,19.5,29.2,18.104779079742986,30.306599941266917,28.350135325328637,50.47771785649585,7,18,1.302,1.303,60,0.612,167,57,0.612,194,167,57,0.0,1,1,0
73,22,33,2,1.302710741964509,low,infected,1,1,16.573,7,15,0,0,1,0,19.5,29.2,18.104779079742986,30.306599941266917,28.350135325328637,50.47771785649585,7,18,1.302,1.303,60,0.612,167,57,0.612,194,167,57,0.0,1,1,0
73,23,33,2,1.302710741964509,low,infected,1,1,12.254,7,16,0,0,1,0,19.5,29.2,18.104779079742986,30.306599941266917,28.350135325328637,50.47771785649585,7,18,1.302,1.303,60,0.612,167,57,0.612,194,167,57,0.0,1,1,0
73,24,33,2,1.302710741964509,low,infected,1,1,8.95,7,17,0,0,1,0,19.5,29.2,18.104779079742986,30.306599941266917,28.350135325328637,50.47771785649585,7,18,1.302,1.303,60,0.612,167,57,0.612,194,167,57,0.0,1,1,0
73,25,33,2,1.302710741964509,low,infected,1,1,6.467,7,18,0,0,1,0,19.5,29.2,18.104779079742986,30.306599941266917,28.350135325328637,50.47771785649585,7,18,1.302,1.303,60,0.612,167,57,0.612,194,167,57,0.0,1,1,0
73,26,33,2,1.302710741964509,low,infected,1,1,4.627,7,19,0,0,1,0,19.5,29.2,18.104779079742986,30.306599941266917,28.350135325328637,50.47771785649585,7,18,1.302,1.303,60,0.612,167,57,0.612,194,167,57,0.0,1,1,0
73,27,33,2,1.302710741964509,low,infected,1,1,3.283,7,20,0,0,1,0,19.5,29.2,18.104779079742986,30.306599941266917,28.350135325328637,50.47771785649585,7,18,1.302,1.303,60,0.612,167,57,0.612,194,167,57,0.0,1,1,0
73,28,33,2,1.302710741964509,low,infected,1,1,0.0,7,21,0,0,1,0,19.5,29.2,18.104779079742986,30.306599941266917,28.350135325328637,50.47771785649585,7,18,1.302,1.303,60,0.612,167,57,0.612,194,167,57,0.0,1,1,0
73,29,33,2,1.302710741964509,low,recovered,2,1,0.0,7,22,0,0,1,0,19.5,29.2,18.104779079742986,30.306599941266917,28.350135325328637,50.47771785649585,7,18,1.302,1.303,60,0.612,167,57,0.612,194,167,57,0.0,1,1,0
73,30,33,2,1.302710741964509,low,recovered,2,1,0.0,7,23,0,0,1,0,19.5,29.2,18.104779079742986,30.306599941266917,28.350135325328637,50.47771785649585,7,18,1.302,1.303,60,0.612,167,57,0.612,194,167,57,0.0,1,1,0
73,31,33,2,1.302710741964509,low,recovered,2,1,0.0,7,24,0,0,1,0,19.5,29.2,18.104779079742986,30.306599941266917,28.350135325328637,50.47771785649585,7,18,1.302,1.303,60,0.612,167,57,0.612,194,167,57,0.0,1,1,0
73,32,33,2,1.302710741964509,low,recovered,2,1,0.0,7,25,0,0,1,0,19.5,29.2,18.104779079742986,30.306599941266917,28.350135325328637,50.47771785649585,7,18,1.302,1.303,60,0.612,167,57,0.612,194,167,57,0.0,1,1,0
73,33,33,2,1.302710741964509,low,recovered,2,1,0.0,7,26,0,0,1,0,19.5,29.2,18.104779079742986,30.306599941266917,28.350135325328637,50.47771785649585,7,18,1.302,1.303,60,0.612,167,57,0.612,194,167,57,0.0,1,1,0
73,34,33,2,1.302710741964509,low,recovered,2,1,0.0,7,27,0,0,1,0,19.5,29.2,18.104779079742986,30.306599941266917,28.350135325328637,50.47771785649585,7,18,1.302,1.303,60,0.612,167,57,0.612,194,167,57,0.0,1,1,0
73,35,33,2,1.302710741964509,low,recovered,2,1,0.0,7,28,0,0,1,0,19.5,29.2,18.104779079742986,30.306599941266917,28.350135325328637,50.47771785649585,7,18,1.302,1.303,60,0.612,167,57,0.612,194,167,57,0.0,1,1,0
73,36,33,2,1.302710741964509,low,recovered,2,1,0.0,7,29,0,0,1,0,19.5,29.2,18.104779079742986,30.306599941266917,28.350135325328637,50.47771785649585,7,18,1.302,1.303,60,0.612,167,57,0.612,194,167,57,0.0,1,1,0
73,37,33,2,1.302710741964509,low,recovered,2,1,0.0,7,30,0,0,1,0,19.5,29.2,18.104779079742986,30.306599941266917,28.350135325328637,50.47771785649585,7,18,1.302,1.303,60,0.612,167,57,0.612,194,167,57,0.0,1,1,0
73,38,33,2,1.302710741964509,low,recovered,2,1,0.0,7,31,0,0,1,0,19.5,29.2,18.104779079742986,30.306599941266917,28.350135325328637,50.47771785649585,7,18,1.302,1.303,60,0.612,167,57,0.612,194,167,57,0.0,1,1,0
73,39,33,2,1.302710741964509,low,recovered,2,1,0.0,7,32,0,0,1,0,19.5,29.2,18.104779079742986,30.306599941266917,28.350135325328637,50.47771785649585,7,18,1.302,1.303,60,0.612,167,57,0.612,194,167,57,0.0,1,1,0
74,0,104,8,1.3026247282759527,low,susceptible,0,1,0.0,-1,-1,0,0,1,0,25.5,29.6,16.747216003467138,28.565888748645648,24.594608738473084,44.10215414239989,7,18,1.302,1.303,60,0.612,167,57,0.612,194,167,57,0.0,1,1,0
74,1,104,8,1.3026247282759527,low,susceptible,0,1,0.0,-1,-1,0,0,1,0,25.5,29.6,16.747216003467138,28.565888748645648,24.594608738473084,44.10215414239989,7,18,1.302,1.303,60,0.612,167,57,0.612,194,167,57,0.0,1,1,0
74,2,104,8,1.3026247282759527,low,susceptible,0,1,0.0,-1,-1,0,0,1,0,25.5,29.6,16.747216003467138,28.565888748645648,24.594608738473084,44.10215414239989,7,18,1.302,1.303,60,0.612,167,57,0.612,194,167,57,0.0,1,1,0
74,3,104,8,1.3026247282759527,low,susceptible,0,1,0.0,-1,-1,0,0,1,0,25.5,29.6,16.747216003467138,28.565888748645648,24.594608738473084,44.10215414239989,7,18,1.302,1.303,60,0.612,167,57,0.612,194,167,57,0.0,1,1,0
74,4,104,8,1.3026247282759527,low,susceptible,0,1,0.0,-1,-1,0,0,1,0,25.5,29.6,16.747216003467138,28.565888748645648,24.594608738473084,44.10215414239989,7,18,1.302,1.303,60,0.612,167,57,0.612,194,167,57,0.0,1,1,0
74,5,104,8,1.3026247282759527,low,susceptible,0,1,0.0,-1,-1,0,0,1,0,25.5,29.6,16.747216003467138,28.565888748645648,24.594608738473084,44.10215414239989,7,18,1.302,1.303,60,0.612,167,57,0.612,194,167,57,0.0,1,1,0
74,6,104,8,1.3026247282759527,low,susceptible,0,1,0.0,-1,-1,0,0,1,0,25.5,29.6,16.747216003467138,28.565888748645648,24.594608738473084,44.10215414239989,7,18,1.302,1.303,60,0.612,167,57,0.612,194,167,57,0.0,1,1,0
74,7,104,8,1.3026247282759527,low,susceptible,0,1,0.0,-1,-1,0,0,1,0,25.5,29.6,16.747216003467138,28.565888748645648,24.594608738473084,44.10215414239989,7,18,1.302,1.303,60,0.612,167,57,0.612,194,167,57,0.0,1,1,0
74,8,104,8,1.3026247282759527,low,susceptible,0,1,0.0,-1,-1,0,0,1,0,25.5,29.6,16.747216003467138,28.565888748645648,24.594608738473084,44.10215414239989,7,18,1.302,1.303,60,0.612,167,57,0.612,194,167,57,0.0,1,1,0
74,9,104,8,1.3026247282759527,low,susceptible,0,1,0.0,-1,-1,0,0,1,0,25.5,29.6,16.747216003467138,28.565888748645648,24.594608738473084,44.10215414239989,7,18,1.302,1.303,60,0.612,167,57,0.612,194,167,57,0.0,1,1,0
74,10,104,8,1.3026247282759527,low,susceptible,0,1,0.0,-1,-1,0,0,1,0,25.5,29.6,16.747216003467138,28.565888748645648,24.594608738473084,44.10215414239989,7,18,1.302,1.303,60,0.612,167,57,0.612,194,167,57,0.0,1,1,0
74,11,104,8,1.3026247282759527,low,susceptible,0,1,0.0,-1,-1,0,0,1,0,25.5,29.6,16.747216003467138,28.565888748645648,24.594608738473084,44.10215414239989,7,18,1.302,1.303,60,0.612,167,57,0.612,194,167,57,0.0,1,1,0
74,12,104,8,1.3026247282759527,low,susceptible,0,1,0.0,-1,-1,0,0,1,0,25.5,29.6,16.747216003467138,28.565888748645648,24.594608738473084,44.10215414239989,7,18,1.302,1.303,60,0.612,167,57,0.612,194,167,57,0.0,1,1,0
74,13,104,8,1.3026247282759527,low,susceptible,0,1,0.0,-1,-1,0,0,1,0,25.5,29.6,16.747216003467138,28.565888748645648,24.594608738473084,44.10215414239989,7,18,1.302,1.303,60,0.612,167,57,0.612,194,167,57,0.0,1,1,0
74,14,104,8,1.3026247282759527,low,susceptible,0,1,0.0,-1,-1,0,0,1,0,25.5,29.6,16.747216003467138,28.565888748645648,24.594608738473084,44.10215414239989,7,18,1.302,1.303,60,0.612,167,57,0.612,194,167,57,0.0,1,1,0
74,15,104,8,1.3026247282759527,low,susceptible,0,1,0.0,-1,-1,0,0,1,0,25.5,29.6,16.747216003467138,28.565888748645648,24.594608738473084,44.10215414239989,7,18,1.302,1.303,60,0.612,167,57,0.612,194,167,57,0.0,1,1,0
74,16,104,8,1.3026247282759527,low,susceptible,0,1,0.0,-1,-1,0,0,1,0,25.5,29.6,16.747216003467138,28.565888748645648,24.594608738473084,44.10215414239989,7,18,1.302,1.303,60,0.612,167,57,0.612,194,167,57,0.0,1,1,0
74,17,104,8,1.3026247282759527,low,susceptible,0,1,0.0,-1,-1,0,0,1,0,25.5,29.6,16.747216003467138,28.565888748645648,24.594608738473084,44.10215414239989,7,18,1.302,1.303,60,0.612,167,57,0.612,194,167,57,0.0,1,1,0
74,18,104,8,1.3026247282759527,low,susceptible,0,1,0.0,-1,-1,0,0,1,0,25.5,29.6,16.747216003467138,28.565888748645648,24.594608738473084,44.10215414239989,7,18,1.302,1.303,60,0.612,167,57,0.612,194,167,57,0.0,1,1,0
74,19,104,8,1.3026247282759527,low,susceptible,0,1,0.0,-1,-1,0,0,1,0,25.5,29.6,16.747216003467138,28.565888748645648,24.594608738473084,44.10215414239989,7,18,1.302,1.303,60,0.612,167,57,0.612,194,167,57,0.0,1,1,0
74,20,104,8,1.3026247282759527,low,susceptible,0,1,0.0,-1,-1,0,0,1,0,25.5,29.6,16.747216003467138,28.565888748645648,24.594608738473084,44.10215414239989,7,18,1.302,1.303,60,0.612,167,57,0.612,194,167,57,0.0,1,1,0
74,21,104,8,1.3026247282759527,low,susceptible,0,1,0.0,-1,-1,0,0,1,0,25.5,29.6,16.747216003467138,28.565888748645648,24.594608738473084,44.10215414239989,7,18,1.302,1.303,60,0.612,167,57,0.612,194,167,57,0.0,1,1,0
74,22,104,8,1.3026247282759527,low,susceptible,0,1,0.0,-1,-1,0,0,1,0,25.5,29.6,16.747216003467138,28.565888748645648,24.594608738473084,44.10215414239989,7,18,1.302,1.303,60,0.612,167,57,0.612,194,167,57,0.0,1,1,0
74,23,104,8,1.3026247282759527,low,susceptible,0,1,0.0,-1,-1,0,0,1,0,25.5,29.6,16.747216003467138,28.565888748645648,24.594608738473084,44.10215414239989,7,18,1.302,1.303,60,0.612,167,57,0.612,194,167,57,0.0,1,1,0
74,24,104,8,1.3026247282759527,low,susceptible,0,1,0.0,-1,-1,0,0,1,0,25.5,29.6,16.747216003467138,28.565888748645648,24.594608738473084,44.10215414239989,7,18,1.302,1.303,60,0.612,167,57,0.612,194,167,57,0.0,1,1,0
74,25,104,8,1.3026247282759527,low,susceptible,0,1,0.0,-1,-1,0,0,1,0,25.5,29.6,16.747216003467138,28.565888748645648,24.594608738473084,44.10215414239989,7,18,1.302,1.303,60,0.612,167,57,0.612,194,167,57,0.0,1,1,0
74,26,104,8,1.3026247282759527,low,susceptible,0,1,0.0,-1,-1,0,0,1,0,25.5,29.6,16.747216003467138,28.565888748645648,24.594608738473084,44.10215414239989,7,18,1.302,1.303,60,0.612,167,57,0.612,194,167,57,0.0,1,1,0
74,27,104,8,1.3026247282759527,low,susceptible,0,1,0.0,-1,-1,0,0,1,0,25.5,29.6,16.747216003467138,28.565888748645648,24.594608738473084,44.10215414239989,7,18,1.302,1.303,60,0.612,167,57,0.612,194,167,57,0.0,1,1,0
74,28,104,8,1.3026247282759527,low,susceptible,0,1,0.0,-1,-1,0,0,1,0,25.5,29.6,16.747216003467138,28.565888748645648,24.594608738473084,44.10215414239989,7,18,1.302,1.303,60,0.612,167,57,0.612,194,167,57,0.0,1,1,0
74,29,104,8,1.3026247282759527,low,susceptible,0,1,0.0,-1,-1,0,0,1,0,25.5,29.6,16.747216003467138,28.565888748645648,24.594608738473084,44.10215414239989,7,18,1.302,1.303,60,0.612,167,57,0.612,194,167,57,0.0,1,1,0
74,30,104,8,1.3026247282759527,low,susceptible,0,1,0.0,-1,-1,0,0,1,0,25.5,29.6,16.747216003467138,28.565888748645648,24.594608738473084,44.10215414239989,7,18,1.302,1.303,60,0.612,167,57,0.612,194,167,57,0.0,1,1,0
74,31,104,8,1.3026247282759527,low,susceptible,0,1,0.0,-1,-1,0,0,1,0,25.5,29.6,16.747216003467138,28.565888748645648,24.594608738473084,44.10215414239989,7,18,1.302,1.303,60,0.612,167,57,0.612,194,167,57,0.0,1,1,0
74,32,104,8,1.3026247282759527,low,susceptible,0,1,0.0,-1,-1,0,0,1,0,25.5,29.6,16.747216003467138,28.565888748645648,24.594608738473084,44.10215414239989,7,18,1.302,1.303,60,0.612,167,57,0.612,194,167,57,0.0,1,1,0
74,33,104,8,1.3026247282759527,low,susceptible,0,1,0.0,-1,-1,0,0,1,0,25.5,29.6,16.747216003467138,28.565888748645648,24.594608738473084,44.10215414239989,7,18,1.302,1.303,60,0.612,167,57,0.612,194,167,57,0.0,1,1,0
74,34,104,8,1.3026247282759527,low,susceptible,0,1,0.0,-1,-1,0,0,1,0,25.5,29.6,16.747216003467138,28.565888748645648,24.594608738473084,44.10215414239989,7,18,1.302,1.303,60,0.612,167,57,0.612,194,167,57,0.0,1,1,0
74,35,104,8,1.3026247282759527,low,susceptible,0,1,0.0,-1,-1,0,0,1,0,25.5,29.6,16.747216003467138,28.565888748645648,24.594608738473084,44.10215414239989,7,18,1.302,1.303,60,0.612,167,57,0.612,194,167,57,0.0,1,1,0
74,36,104,8,1.3026247282759527,low,susceptible,0,1,0.0,-1,-1,0,0,1,0,25.5,29.6,16.747216003467138,28.565888748645648,24.594608738473084,44.10215414239989,7,18,1.302,1.303,60,0.612,167,57,0.612,194,167,57,0.0,1,1,0
74,37,104,8,1.3026247282759527,low,susceptible,0,1,0.0,-1,-1,0,0,1,0,25.5,29.6,16.747216003467138,28.565888748645648,24.594608738473084,44.10215414239989,7,18,1.302,1.303,60,0.612,167,57,0.612,194,167,57,0.0,1,1,0
74,38,104,8,1.3026247282759527,low,susceptible,0,1,0.0,-1,-1,0,0,1,0,25.5,29.6,16.747216003467138,28.565888748645648,24.594608738473084,44.10215414239989,7,18,1.302,1.303,60,0.612,167,57,0.612,194,167,57,0.0,1,1,0
74,39,104,8,1.3026247282759527,low,susceptible,0,1,0.0,-1,-1,0,0,1,0,25.5,29.6,16.747216003467138,28.565888748645648,24.594608738473084,44.10215414239989,7,18,1.302,1.303,60,0.612,167,57,0.612,194,167,57,0.0,1,1,0
75,0,131,3,1.3027527925255056,compromised,susceptible,0,1,0.0,-1,-1,0,0,0,1,21.4,24.9,18.974097240416643,31.68864149817723,27.45085444289871,52.3450093132096,7,18,1.302,1.303,60,0.612,167,57,0.612,194,167,57,0.0,1,1,0
75,1,131,3,1.3027527925255056,compromised,susceptible,0,1,0.0,-1,-1,0,0,0,1,21.4,24.9,18.974097240416643,31.68864149817723,27.45085444289871,52.3450093132096,7,18,1.302,1.303,60,0.612,167,57,0.612,194,167,57,0.0,1,1,0
75,2,131,3,1.3027527925255056,compromised,susceptible,0,1,0.0,-1,-1,0,0,0,1,21.4,24.9,18.974097240416643,31.68864149817723,27.45085444289871,52.3450093132096,7,18,1.302,1.303,60,0.612,167,57,0.612,194,167,57,0.0,1,1,0
75,3,131,3,1.3027527925255056,compromised,susceptible,0,1,0.0,-1,-1,0,0,0,1,21.4,24.9,18.974097240416643,31.68864149817723,27.45085444289871,52.3450093132096,7,18,1.302,1.303,60,0.612,167,57,0.612,194,167,57,0.0,1,1,0
75,4,131,3,1.3027527925255056,compromised,susceptible,0,1,0.0,-1,-1,0,0,0,1,21.4,24.9,18.974097240416643,31.68864149817723,27.45085444289871,52.3450093132096,7,18,1.302,1.303,60,0.612,167,57,0.612,194,167,57,0.0,1,1,0
75,5,131,3,1.3027527925255056,compromised,susceptible,0,1,0.0,-1,-1,0,0,0,1,21.4,24.9,18.974097240416643,31.68864149817723,27.45085444289871,52.3450093132096,7,18,1.302,1.303,60,0.612,167,57,0.612,194,167,57,0.0,1,1,0
75,6,131,3,1.3027527925255056,compromised,susceptible,0,1,0.0,-1,-1,0,0,0,1,21.4,24.9,18.974097240416643,31.68864149817723,27.45085444289871,52.3450093132096,7,18,1.302,1.303,60,0.612,167,57,0.612,194,167,57,0.0,1,1,0
75,7,131,3,1.3027527925255056,compromised,susceptible,0,1,0.0,-1,-1,0,0,0,1,21.4,24.9,18.974097240416643,31.68864149817723,27.45085444289871,52.3450093132096,7,18,1.302,1.303,60,0.612,167,57,0.612,194,167,57,0.0,1,1,0
75,8,131,3,1.3027527925255056,compromised,susceptible,0,1,0.0,-1,-1,0,0,0,1,21.4,24.9,18.974097240416643,31.68864149817723,27.45085444289871,52.3450093132096,7,18,1.302,1.303,60,0.612,167,57,0.612,194,167,57,0.0,1,1,0
75,9,131,3,1.3027527925255056,compromised,susceptible,0,1,0.0,-1,-1,0,0,0,1,21.4,24.9,18.974097240416643,31.68864149817723,27.45085444289871,52.3450093132096,7,18,1.302,1.303,60,0.612,167,57,0.612,194,167,57,0.0,1,1,0
75,10,131,3,1.3027527925255056,compromised,susceptible,0,1,0.0,-1,-1,0,0,0,1,21.4,24.9,18.974097240416643,31.68864149817723,27.45085444289871,52.3450093132096,7,18,1.302,1.303,60,0.612,167,57,0.612,194,167,57,0.0,1,1,0
75,11,131,3,1.3027527925255056,compromised,susceptible,0,1,0.0,-1,-1,0,0,0,1,21.4,24.9,18.974097240416643,31.68864149817723,27.45085444289871,52.3450093132096,7,18,1.302,1.303,60,0.612,167,57,0.612,194,167,57,0.0,1,1,0
75,12,131,3,1.3027527925255056,compromised,susceptible,0,1,0.0,-1,-1,0,0,0,1,21.4,24.9,18.974097240416643,31.68864149817723,27.45085444289871,52.3450093132096,7,18,1.302,1.303,60,0.612,167,57,0.612,194,167,57,0.0,1,1,0
75,13,131,3,1.3027527925255056,compromised,susceptible,0,1,0.0,-1,-1,0,0,0,1,21.4,24.9,18.974097240416643,31.68864149817723,27.45085444289871,52.3450093132096,7,18,1.302,1.303,60,0.612,167,57,0.612,194,167,57,0.0,1,1,0
75,14,131,3,1.3027527925255056,compromised,susceptible,0,1,0.0,-1,-1,0,0,0,1,21.4,24.9,18.974097240416643,31.68864149817723,27.45085444289871,52.3450093132096,7,18,1.302,1.303,60,0.612,167,57,0.612,194,167,57,0.0,1,1,0
75,15,131,3,1.3027527925255056,compromised,susceptible,0,1,0.0,-1,-1,0,0,0,1,21.4,24.9,18.974097240416643,31.68864149817723,27.45085444289871,52.3450093132096,7,18,1.302,1.303,60,0.612,167,57,0.638,181,199,57,-0.026000000000000023,1,1,0
75,16,131,3,1.3027527925255056,compromised,infected,1,1,0.573,15,1,0,0,0,1,21.4,24.9,18.974097240416643,31.68864149817723,27.45085444289871,52.3450093132096,7,18,1.302,1.303,60,0.612,167,57,0.612,194,167,57,0.0,1,1,0
75,17,131,3,1.3027527925255056,compromised,infected,1,1,4.116,15,2,0,0,0,1,21.4,24.9,18.974097240416643,31.68864149817723,27.45085444289871,52.3450093132096,7,18,1.302,1.303,60,0.612,167,57,0.612,194,167,57,0.0,1,1,0
75,18,131,3,1.3027527925255056,compromised,infected,1,1,10.078,15,3,0,0,0,1,21.4,24.9,18.974097240416643,31.68864149817723,27.45085444289871,52.3450093132096,7,18,1.302,1.303,60,0.612,167,57,0.612,194,167,57,0.0,1,1,0
75,19,131,3,1.3027527925255056,compromised,infected,1,1,17.674,15,4,0,0,0,1,21.4,24.9,18.974097240416643,31.68864149817723,27.45085444289871,52.3450093132096,7,18,1.302,1.303,60,0.612,167,57,0.612,194,167,57,0.0,1,1,0
75,20,131,3,1.3027527925255056,compromised,infected,1,1,26.27,15,5,0,0,0,1,21.4,24.9,18.974097240416643,31.68864149817723,27.45085444289871,52.3450093132096,7,18,1.302,1.303,60,0.612,167,57,0.612,194,167,57,0.0,1,1,0
75,21,131,3,1.3027527925255056,compromised,infected,1,1,35.366,15,6,0,0,0,1,21.4,24.9,18.974097240416643,31.68864149817723,27.45085444289871,52.3450093132096,7,18,1.302,1.303,60,0.612,167,57,0.638,181,198,57,-0.026000000000000023,1,1,0
75,22,131,3,1.3027527925255056,compromised,infected,1,1,44.571,15,7,0,0,0,1,21.4,24.9,18.974097240416643,31.68864149817723,27.45085444289871,52.3450093132096,7,18,1.302,1.303,60,0.612,167,57,0.612,194,167,57,0.0,1,1,0
75,23,131,3,1.3027527925255056,compromised,infected,1,0,53.584,15,8,0,0,0,1,21.4,24.9,18.974097240416643,31.68864149817723,27.45085444289871,52.3450093132096,7,18,1.302,1.303,60,0.612,167,57,0.612,194,167,57,0.0,1,1,0
75,24,131,3,1.3027527925255056,compromised,infected,1,0,62.179,15,9,0,0,0,1,21.4,24.9,18.974097240416643,31.68864149817723,27.45085444289871,52.3450093132096,7,18,1.302,1.303,60,0.612,167,57,0.612,194,167,57,0.0,1,1,0
75,25,131,3,1.3027527925255056,compromised,infected,1,0,70.192,15,10,0,0,0,1,21.4,24.9,18.974097240416643,31.68864149817723,27.45085444289871,52.3450093132096,7,18,1.302,1.303,60,0.612,167,57,0.612,194,167,57,0.0,1,1,0
75,26,131,3,1.3027527925255056,compromised,infected,1,0,77.51,15,11,0,0,0,1,21.4,24.9,18.974097240416643,31.68864149817723,27.45085444289871,52.3450093132096,7,18,1.302,1.303,60,0.612,167,57,0.612,194,167,57,0.0,1,1,0
75,27,131,3,1.3027527925255056,compromised,infected,1,0,84.059,15,12,0,0,0,1,21.4,24.9,18.974097240416643,31.68864149817723,27.45085444289871,52.3450093132096,7,18,1.302,1.303,60,0.612,167,57,0.612,194,167,57,0.0,1,1,0
75,28,131,3,1.3027527925255056,compromised,infected,1,0,89.801,15,13,0,0,0,1,21.4,24.9,18.974097240416643,31.68864149817723,27.45085444289871,52.3450093132096,7,18,1.302,1.303,60,0.612,167,57,0.612,194,167,57,0.0,1,1,0
75,29,131,3,1.3027527925255056,compromised,infected,1,0,94.72,15,14,0,0,0,1,21.4,24.9,18.974097240416643,31.68864149817723,27.45085444289871,52.3450093132096,7,18,1.302,1.303,60,0.612,167,57,0.612,194,167,57,0.0,1,1,0
75,30,131,3,1.3027527925255056,compromised,infected,1,0,98.823,15,15,0,0,0,1,21.4,24.9,18.974097240416643,31.68864149817723,27.45085444289871,52.3450093132096,7,18,1.302,1.303,60,0.612,167,57,0.612,194,167,57,0.0,1,1,0
75,31,131,3,1.3027527925255056,compromised,dead,3,0,100.07,15,16,0,0,0,1,21.4,24.9,18.974097240416643,31.68864149817723,27.45085444289871,52.3450093132096,7,18,1.302,1.303,60,0.612,167,57,0.612,194,167,57,0.0,1,1,0
75,32,131,3,1.3027527925255056,compromised,dead,3,0,100.07,15,17,0,0,0,1,21.4,24.9,18.974097240416643,31.68864149817723,27.45085444289871,52.3450093132096,7,18,1.302,1.303,60,0.612,167,57,0.612,194,167,57,0.0,1,1,0
75,33,131,3,1.3027527925255056,compromised,dead,3,0,100.07,15,18,0,0,0,1,21.4,24.9,18.974097240416643,31.68864149817723,27.45085444289871,52.3450093132096,7,18,1.302,1.303,60,0.612,167,57,0.612,194,167,57,0.0,1,1,0
75,34,131,3,1.3027527925255056,compromised,dead,3,0,100.07,15,19,0,0,0,1,21.4,24.9,18.974097240416643,31.68864149817723,27.45085444289871,52.3450093132096,7,18,1.302,1.303,60,0.612,167,57,0.612,194,167,57,0.0,1,1,0
75,35,131,3,1.3027527925255056,compromised,dead,3,0,100.07,15,20,0,0,0,1,21.4,24.9,18.974097240416643,31.68864149817723,27.45085444289871,52.3450093132096,7,18,1.302,1.303,60,0.612,167,57,0.612,194,167,57,0.0,1,1,0
75,36,131,3,1.3027527925255056,compromised,dead,3,0,100.07,15,21,0,0,0,1,21.4,24.9,18.974097240416643,31.68864149817723,27.45085444289871,52.3450093132096,7,18,1.302,1.303,60,0.612,167,57,0.612,194,167,57,0.0,1,1,0
75,37,131,3,1.3027527925255056,compromised,dead,3,0,100.07,15,22,0,0,0,1,21.4,24.9,18.974097240416643,31.68864149817723,27.45085444289871,52.3450093132096,7,18,1.302,1.303,60,0.612,167,57,0.612,194,167,57,0.0,1,1,0
75,38,131,3,1.3027527925255056,compromised,dead,3,0,100.07,15,23,0,0,0,1,21.4,24.9,18.974097240416643,31.68864149817723,27.45085444289871,52.3450093132096,7,18,1.302,1.303,60,0.612,167,57,0.612,194,167,57,0.0,1,1,0
75,39,131,3,1.3027527925255056,compromised,dead,3,0,100.07,15,24,0,0,0,1,21.4,24.9,18.974097240416643,31.68864149817723,27.45085444289871,52.3450093132096,7,18,1.302,1.303,60,0.612,167,57,0.612,194,167,57,0.0,1,1,0
76,0,122,6,1.3020426002591374,compromised,susceptible,0,1,0.0,-1,-1,0,0,0,1,21.9,23.6,18.543759529855173,30.072745135753735,30.133731994302387,52.20153254455275,7,18,1.302,1.303,60,0.612,167,57,0.612,194,167,57,0.0,1,1,0
76,1,122,6,1.3020426002591374,compromised,susceptible,0,1,0.0,-1,-1,0,0,0,1,21.9,23.6,18.543759529855173,30.072745135753735,30.133731994302387,52.20153254455275,7,18,1.302,1.303,60,0.612,167,57,0.612,194,167,57,0.0,1,1,0
76,2,122,6,1.3020426002591374,compromised,susceptible,0,1,0.0,-1,-1,0,0,0,1,21.9,23.6,18.543759529855173,30.072745135753735,30.133731994302387,52.20153254455275,7,18,1.302,1.303,60,0.612,167,57,0.612,194,167,57,0.0,1,1,0
76,3,122,6,1.3020426002591374,compromised,susceptible,0,1,0.0,-1,-1,0,0,0,1,21.9,23.6,18.543759529855173,30.072745135753735,30.133731994302387,52.20153254455275,7,18,1.302,1.303,60,0.612,167,57,0.612,194,167,57,0.0,1,1,0
76,4,122,6,1.3020426002591374,compromised,susceptible,0,1,0.0,-1,-1,0,0,0,1,21.9,23.6,18.543759529855173,30.072745135753735,30.133731994302387,52.20153254455275,7,18,1.302,1.303,60,0.612,167,57,0.612,194,167,57,0.0,1,1,0
76,5,122,6,1.3020426002591374,compromised,susceptible,0,1,0.0,-1,-1,0,0,0,1,21.9,23.6,18.543759529855173,30.072745135753735,30.133731994302387,52.20153254455275,7,18,1.302,1.303,60,0.612,167,57,0.612,194,167,57,0.0,1,1,0
76,6,122,6,1.3020426002591374,compromised,susceptible,0,1,0.0,-1,-1,0,0,0,1,21.9,23.6,18.543759529855173,30.072745135753735,30.133731994302387,52.20153254455275,7,18,1.302,1.303,60,0.612,167,57,0.612,194,167,57,0.0,1,1,0
76,7,122,6,1.3020426002591374,compromised,susceptible,0,1,0.0,-1,-1,0,0,0,1,21.9,23.6,18.543759529855173,30.072745135753735,30.133731994302387,52.20153254455275,7,18,1.302,1.303,60,0.612,167,57,0.612,194,167,57,0.0,1,1,0
76,8,122,6,1.3020426002591374,compromised,susceptible,0,1,0.0,-1,-1,0,0,0,1,21.9,23.6,18.543759529855173,30.072745135753735,30.133731994302387,52.20153254455275,7,18,1.302,1.303,60,0.612,167,57,0.612,194,167,57,0.0,1,1,0
76,9,122,6,1.3020426002591374,compromised,susceptible,0,1,0.0,-1,-1,0,0,0,1,21.9,23.6,18.543759529855173,30.072745135753735,30.133731994302387,52.20153254455275,7,18,1.302,1.303,60,0.612,167,57,0.612,194,167,57,0.0,1,1,0
76,10,122,6,1.3020426002591374,compromised,susceptible,0,1,0.0,-1,-1,0,0,0,1,21.9,23.6,18.543759529855173,30.072745135753735,30.133731994302387,52.20153254455275,7,18,1.302,1.303,60,0.612,167,57,0.612,194,167,57,0.0,1,1,0
76,11,122,6,1.3020426002591374,compromised,susceptible,0,1,0.0,-1,-1,0,0,0,1,21.9,23.6,18.543759529855173,30.072745135753735,30.133731994302387,52.20153254455275,7,18,1.302,1.303,60,0.612,167,57,0.612,194,167,57,0.0,1,1,0
76,12,122,6,1.3020426002591374,compromised,susceptible,0,1,0.0,-1,-1,0,0,0,1,21.9,23.6,18.543759529855173,30.072745135753735,30.133731994302387,52.20153254455275,7,18,1.302,1.303,60,0.612,167,57,0.612,194,167,57,0.0,1,1,0
76,13,122,6,1.3020426002591374,compromised,susceptible,0,1,0.0,-1,-1,0,0,0,1,21.9,23.6,18.543759529855173,30.072745135753735,30.133731994302387,52.20153254455275,7,18,1.302,1.303,60,0.612,167,57,0.612,194,167,57,0.0,1,1,0
76,14,122,6,1.3020426002591374,compromised,susceptible,0,1,0.0,-1,-1,0,0,0,1,21.9,23.6,18.543759529855173,30.072745135753735,30.133731994302387,52.20153254455275,7,18,1.302,1.303,60,0.612,167,57,0.612,194,167,57,0.0,1,1,0
76,15,122,6,1.3020426002591374,compromised,susceptible,0,1,0.0,-1,-1,0,0,0,1,21.9,23.6,18.543759529855173,30.072745135753735,30.133731994302387,52.20153254455275,7,18,1.302,1.303,60,0.612,167,57,0.612,194,167,57,0.0,1,1,0
76,16,122,6,1.3020426002591374,compromised,susceptible,0,1,0.0,-1,-1,0,0,0,1,21.9,23.6,18.543759529855173,30.072745135753735,30.133731994302387,52.20153254455275,7,18,1.302,1.303,60,0.612,167,57,0.612,194,167,57,0.0,1,1,0
76,17,122,6,1.3020426002591374,compromised,susceptible,0,1,0.0,-1,-1,0,0,0,1,21.9,23.6,18.543759529855173,30.072745135753735,30.133731994302387,52.20153254455275,7,18,1.302,1.303,60,0.612,167,57,0.612,194,167,57,0.0,1,1,0
76,18,122,6,1.3020426002591374,compromised,susceptible,0,1,0.0,-1,-1,0,0,0,1,21.9,23.6,18.543759529855173,30.072745135753735,30.133731994302387,52.20153254455275,7,18,1.302,1.303,60,0.612,167,57,0.612,194,167,57,0.0,1,1,0
76,19,122,6,1.3020426002591374,compromised,susceptible,0,1,0.0,-1,-1,0,0,0,1,21.9,23.6,18.543759529855173,30.072745135753735,30.133731994302387,52.20153254455275,7,18,1.302,1.303,60,0.612,167,57,0.612,194,167,57,0.0,1,1,0
76,20,122,6,1.3020426002591374,compromised,susceptible,0,1,0.0,-1,-1,0,0,0,1,21.9,23.6,18.543759529855173,30.072745135753735,30.133731994302387,52.20153254455275,7,18,1.302,1.303,60,0.612,167,57,0.612,194,167,57,0.0,1,1,0
76,21,122,6,1.3020426002591374,compromised,susceptible,0,1,0.0,-1,-1,0,0,0,1,21.9,23.6,18.543759529855173,30.072745135753735,30.133731994302387,52.20153254455275,7,18,1.302,1.303,60,0.612,167,57,0.612,194,167,57,0.0,1,1,0
76,22,122,6,1.3020426002591374,compromised,susceptible,0,1,0.0,-1,-1,0,0,0,1,21.9,23.6,18.543759529855173,30.072745135753735,30.133731994302387,52.20153254455275,7,18,1.302,1.303,60,0.612,167,57,0.612,194,167,57,0.0,1,1,0
76,23,122,6,1.3020426002591374,compromised,susceptible,0,1,0.0,-1,-1,0,0,0,1,21.9,23.6,18.543759529855173,30.072745135753735,30.133731994302387,52.20153254455275,7,18,1.302,1.303,60,0.612,167,57,0.612,194,167,57,0.0,1,1,0
76,24,122,6,1.3020426002591374,compromised,susceptible,0,1,0.0,-1,-1,0,0,0,1,21.9,23.6,18.543759529855173,30.072745135753735,30.133731994302387,52.20153254455275,7,18,1.302,1.303,60,0.612,167,57,0.612,194,167,57,0.0,1,1,0
76,25,122,6,1.3020426002591374,compromised,susceptible,0,1,0.0,-1,-1,0,0,0,1,21.9,23.6,18.543759529855173,30.072745135753735,30.133731994302387,52.20153254455275,7,18,1.302,1.303,60,0.612,167,57,0.612,194,167,57,0.0,1,1,0
76,26,122,6,1.3020426002591374,compromised,susceptible,0,1,0.0,-1,-1,0,0,0,1,21.9,23.6,18.543759529855173,30.072745135753735,30.133731994302387,52.20153254455275,7,18,1.302,1.303,60,0.612,167,57,0.612,194,167,57,0.0,1,1,0
76,27,122,6,1.3020426002591374,compromised,susceptible,0,1,0.0,-1,-1,0,0,0,1,21.9,23.6,18.543759529855173,30.072745135753735,30.133731994302387,52.20153254455275,7,18,1.302,1.303,60,0.612,167,57,0.612,194,167,57,0.0,1,1,0
76,28,122,6,1.3020426002591374,compromised,susceptible,0,1,0.0,-1,-1,0,0,0,1,21.9,23.6,18.543759529855173,30.072745135753735,30.133731994302387,52.20153254455275,7,18,1.302,1.303,60,0.612,167,57,0.612,194,167,57,0.0,1,1,0
76,29,122,6,1.3020426002591374,compromised,susceptible,0,1,0.0,-1,-1,0,0,0,1,21.9,23.6,18.543759529855173,30.072745135753735,30.133731994302387,52.20153254455275,7,18,1.302,1.303,60,0.612,167,57,0.612,194,167,57,0.0,1,1,0
76,30,122,6,1.3020426002591374,compromised,susceptible,0,1,0.0,-1,-1,0,0,0,1,21.9,23.6,18.543759529855173,30.072745135753735,30.133731994302387,52.20153254455275,7,18,1.302,1.303,60,0.612,167,57,0.612,194,167,57,0.0,1,1,0
76,31,122,6,1.3020426002591374,compromised,susceptible,0,1,0.0,-1,-1,0,0,0,1,21.9,23.6,18.543759529855173,30.072745135753735,30.133731994302387,52.20153254455275,7,18,1.302,1.303,60,0.612,167,57,0.612,194,167,57,0.0,1,1,0
76,32,122,6,1.3020426002591374,compromised,susceptible,0,1,0.0,-1,-1,0,0,0,1,21.9,23.6,18.543759529855173,30.072745135753735,30.133731994302387,52.20153254455275,7,18,1.302,1.303,60,0.612,167,57,0.612,194,167,57,0.0,1,1,0
76,33,122,6,1.3020426002591374,compromised,susceptible,0,1,0.0,-1,-1,0,0,0,1,21.9,23.6,18.543759529855173,30.072745135753735,30.133731994302387,52.20153254455275,7,18,1.302,1.303,60,0.612,167,57,0.612,194,167,57,0.0,1,1,0
76,34,122,6,1.3020426002591374,compromised,susceptible,0,1,0.0,-1,-1,0,0,0,1,21.9,23.6,18.543759529855173,30.072745135753735,30.133731994302387,52.20153254455275,7,18,1.302,1.303,60,0.612,167,57,0.612,194,167,57,0.0,1,1,0
76,35,122,6,1.3020426002591374,compromised,susceptible,0,1,0.0,-1,-1,0,0,0,1,21.9,23.6,18.543759529855173,30.072745135753735,30.133731994302387,52.20153254455275,7,18,1.302,1.303,60,0.612,167,57,0.612,194,167,57,0.0,1,1,0
76,36,122,6,1.3020426002591374,compromised,susceptible,0,1,0.0,-1,-1,0,0,0,1,21.9,23.6,18.543759529855173,30.072745135753735,30.133731994302387,52.20153254455275,7,18,1.302,1.303,60,0.612,167,57,0.612,194,167,57,0.0,1,1,0
76,37,122,6,1.3020426002591374,compromised,susceptible,0,1,0.0,-1,-1,0,0,0,1,21.9,23.6,18.543759529855173,30.072745135753735,30.133731994302387,52.20153254455275,7,18,1.302,1.303,60,0.612,167,57,0.612,194,167,57,0.0,1,1,0
76,38,122,6,1.3020426002591374,compromised,susceptible,0,1,0.0,-1,-1,0,0,0,1,21.9,23.6,18.543759529855173,30.072745135753735,30.133731994302387,52.20153254455275,7,18,1.302,1.303,60,0.612,167,57,0.612,194,167,57,0.0,1,1,0
76,39,122,6,1.3020426002591374,compromised,susceptible,0,1,0.0,-1,-1,0,0,0,1,21.9,23.6,18.543759529855173,30.072745135753735,30.133731994302387,52.20153254455275,7,18,1.302,1.303,60,0.612,167,57,0.612,194,167,57,0.0,1,1,0
77,0,146,1,1.3027322168941264,strong,susceptible,0,1,0.0,-1,-1,1,0,0,0,21.0,27.1,17.411161293797797,28.25261049885479,23.632138218123433,42.720018726587654,7,18,1.302,1.303,60,0.612,167,57,0.612,194,167,57,0.0,1,1,0
77,1,146,1,1.3027322168941264,strong,susceptible,0,1,0.0,-1,-1,1,0,0,0,21.0,27.1,17.411161293797797,28.25261049885479,23.632138218123433,42.720018726587654,7,18,1.302,1.303,60,0.612,167,57,0.612,194,167,57,0.0,1,1,0
77,2,146,1,1.3027322168941264,strong,susceptible,0,1,0.0,-1,-1,1,0,0,0,21.0,27.1,17.411161293797797,28.25261049885479,23.632138218123433,42.720018726587654,7,18,1.302,1.303,60,0.612,167,57,0.612,194,167,57,0.0,1,1,0
77,3,146,1,1.3027322168941264,strong,susceptible,0,1,0.0,-1,-1,1,0,0,0,21.0,27.1,17.411161293797797,28.25261049885479,23.632138218123433,42.720018726587654,7,18,1.302,1.303,60,0.612,167,57,0.612,194,167,57,0.0,1,1,0
77,4,146,1,1.3027322168941264,strong,susceptible,0,1,0.0,-1,-1,1,0,0,0,21.0,27.1,17.411161293797797,28.25261049885479,23.632138218123433,42.720018726587654,7,18,1.302,1.303,60,0.612,167,57,0.612,194,167,57,0.0,1,1,0
77,5,146,1,1.3027322168941264,strong,susceptible,0,1,0.0,-1,-1,1,0,0,0,21.0,27.1,17.411161293797797,28.25261049885479,23.632138218123433,42.720018726587654,7,18,1.302,1.303,60,0.612,167,57,0.612,194,167,57,0.0,1,1,0
77,6,146,1,1.3027322168941264,strong,susceptible,0,1,0.0,-1,-1,1,0,0,0,21.0,27.1,17.411161293797797,28.25261049885479,23.632138218123433,42.720018726587654,7,18,1.302,1.303,60,0.612,167,57,0.612,194,167,57,0.0,1,1,0
77,7,146,1,1.3027322168941264,strong,susceptible,0,1,0.0,-1,-1,1,0,0,0,21.0,27.1,17.411161293797797,28.25261049885479,23.632138218123433,42.720018726587654,7,18,1.302,1.303,60,0.612,167,57,0.612,194,167,57,0.0,1,1,0
77,8,146,1,1.3027322168941264,strong,susceptible,0,1,0.0,-1,-1,1,0,0,0,21.0,27.1,17.411161293797797,28.25261049885479,23.632138218123433,42.720018726587654,7,18,1.302,1.303,60,0.612,167,57,0.612,194,167,57,0.0,1,1,0
77,9,146,1,1.3027322168941264,strong,susceptible,0,1,0.0,-1,-1,1,0,0,0,21.0,27.1,17.411161293797797,28.25261049885479,23.632138218123433,42.720018726587654,7,18,1.302,1.303,60,0.612,167,57,0.612,194,167,57,0.0,1,1,0
77,10,146,1,1.3027322168941264,strong,susceptible,0,1,0.0,-1,-1,1,0,0,0,21.0,27.1,17.411161293797797,28.25261049885479,23.632138218123433,42.720018726587654,7,18,1.302,1.303,60,0.612,167,57,0.612,194,167,57,0.0,1,1,0
77,11,146,1,1.3027322168941264,strong,susceptible,0,1,0.0,-1,-1,1,0,0,0,21.0,27.1,17.411161293797797,28.25261049885479,23.632138218123433,42.720018726587654,7,18,1.302,1.303,60,0.612,167,57,0.612,194,167,57,0.0,1,1,0
77,12,146,1,1.3027322168941264,strong,susceptible,0,1,0.0,-1,-1,1,0,0,0,21.0,27.1,17.411161293797797,28.25261049885479,23.632138218123433,42.720018726587654,7,18,1.302,1.303,60,0.612,167,57,0.612,194,167,57,0.0,1,1,0
77,13,146,1,1.3027322168941264,strong,susceptible,0,1,0.0,-1,-1,1,0,0,0,21.0,27.1,17.411161293797797,28.25261049885479,23.632138218123433,42.720018726587654,7,18,1.302,1.303,60,0.612,167,57,0.612,194,167,57,0.0,1,1,0
77,14,146,1,1.3027322168941264,strong,susceptible,0,1,0.0,-1,-1,1,0,0,0,21.0,27.1,17.411161293797797,28.25261049885479,23.632138218123433,42.720018726587654,7,18,1.302,1.303,60,0.612,167,57,0.612,194,167,57,0.0,1,1,0
77,15,146,1,1.3027322168941264,strong,susceptible,0,1,0.0,-1,-1,1,0,0,0,21.0,27.1,17.411161293797797,28.25261049885479,23.632138218123433,42.720018726587654,7,18,1.302,1.303,60,0.612,167,57,0.612,194,167,57,0.0,1,1,0
77,16,146,1,1.3027322168941264,strong,susceptible,0,1,0.0,-1,-1,1,0,0,0,21.0,27.1,17.411161293797797,28.25261049885479,23.632138218123433,42.720018726587654,7,18,1.302,1.303,60,0.612,167,57,0.612,194,167,57,0.0,1,1,0
77,17,146,1,1.3027322168941264,strong,susceptible,0,1,0.0,-1,-1,1,0,0,0,21.0,27.1,17.411161293797797,28.25261049885479,23.632138218123433,42.720018726587654,7,18,1.302,1.303,60,0.612,167,57,0.612,194,167,57,0.0,1,1,0
77,18,146,1,1.3027322168941264,strong,susceptible,0,1,0.0,-1,-1,1,0,0,0,21.0,27.1,17.411161293797797,28.25261049885479,23.632138218123433,42.720018726587654,7,18,1.302,1.303,60,0.612,167,57,0.612,194,167,57,0.0,1,1,0
77,19,146,1,1.3027322168941264,strong,susceptible,0,1,0.0,-1,-1,1,0,0,0,21.0,27.1,17.411161293797797,28.25261049885479,23.632138218123433,42.720018726587654,7,18,1.302,1.303,60,0.612,167,57,0.612,194,167,57,0.0,1,1,0
77,20,146,1,1.3027322168941264,strong,susceptible,0,1,0.0,-1,-1,1,0,0,0,21.0,27.1,17.411161293797797,28.25261049885479,23.632138218123433,42.720018726587654,7,18,1.302,1.303,60,0.612,167,57,0.612,194,167,57,0.0,1,1,0
77,21,146,1,1.3027322168941264,strong,susceptible,0,1,0.0,-1,-1,1,0,0,0,21.0,27.1,17.411161293797797,28.25261049885479,23.632138218123433,42.720018726587654,7,18,1.302,1.303,60,0.612,167,57,0.612,194,167,57,0.0,1,1,0
77,22,146,1,1.3027322168941264,strong,susceptible,0,1,0.0,-1,-1,1,0,0,0,21.0,27.1,17.411161293797797,28.25261049885479,23.632138218123433,42.720018726587654,7,18,1.302,1.303,60,0.612,167,57,0.612,194,167,57,0.0,1,1,0
