run_index,seed,n_agents,n_time_points,mode,n_start_windows,attack_rate_true,attack_rate_pred,peak_day_true,peak_day_pred
0,50,500,37,early_first_window,1,0.02400000000000002,0.007801635742187507,15.0,26.0
1,50,500,37,early_first_window,1,0.02400000000000002,0.007801635742187507,15.0,26.0
2,50,500,37,early_first_window,1,0.02400000000000002,0.007801635742187507,15.0,26.0
3,50,500,37,early_first_window,1,0.02400000000000002,0.007801635742187507,15.0,26.0
4,50,500,37,early_first_window,1,0.02400000000000002,0.007801635742187507,15.0,26.0
5,50,500,84,early_first_window,1,0.782,-0.026362792968749993,47.0,26.0
6,50,500,84,early_first_window,1,0.782,-0.026362792968749993,47.0,26.0
7,50,500,84,early_first_window,1,0.782,-0.026362792968749993,47.0,26.0
8,50,500,84,early_first_window,1,0.782,-0.026362792968749993,47.0,26.0
9,50,500,84,early_first_window,1,0.782,-0.026362792968749993,47.0,26.0
10,50,500,84,early_first_window,1,0.782,-0.026362792968749993,47.0,26.0
11,51,500,12,early_first_window,1,0.0020000000000000018,0.006311645507812491,0.0,11.0
12,51,500,12,early_first_window,1,0.0020000000000000018,0.006311645507812491,0.0,11.0
13,51,500,12,early_first_window,1,0.0020000000000000018,0.006311645507812491,0.0,11.0
14,51,500,12,early_first_window,1,0.0020000000000000018,0.006311645507812491,0.0,11.0
15,51,500,12,early_first_window,1,0.0020000000000000018,0.006311645507812491,0.0,11.0
16,51,500,12,early_first_window,1,0.0020000000000000018,0.006311645507812491,0.0,11.0
17,51,500,12,early_first_window,1,0.0020000000000000018,0.006311645507812491,0.0,11.0
18,51,500,12,early_first_window,1,0.0020000000000000018,0.006311645507812491,0.0,11.0
19,51,500,12,early_first_window,1,0.0020000000000000018,0.006311645507812491,0.0,11.0
20,51,500,12,early_first_window,1,0.0020000000000000018,0.006311645507812491,0.0,11.0
21,51,500,12,early_first_window,1,0.0020000000000000018,0.006311645507812491,0.0,11.0
22,52,500,90,early_first_window,1,0.738,-0.04789367675781242,52.0,12.0
23,52,500,90,early_first_window,1,0.738,-0.04789367675781242,52.0,12.0
24,52,500,90,early_first_window,1,0.738,-0.04789367675781242,52.0,12.0
25,52,500,90,early_first_window,1,0.738,-0.04789367675781242,52.0,12.0
26,52,500,90,early_first_window,1,0.738,-0.04789367675781242,52.0,12.0
27,52,500,90,early_first_window,1,0.738,-0.04789367675781242,52.0,12.0
28,52,500,90,early_first_window,1,0.738,-0.04789367675781242,52.0,12.0
29,52,500,90,early_first_window,1,0.738,-0.04789367675781242,52.0,12.0
30,52,500,90,early_first_window,1,0.738,-0.04789367675781242,52.0,12.0
31,52,500,90,early_first_window,1,0.738,-0.04789367675781242,52.0,12.0
32,52,500,90,early_first_window,1,0.738,-0.04789367675781242,52.0,12.0
33,53,500,16,early_first_window,1,0.0020000000000000018,0.005555053710937452,0.0,15.0
34,53,500,16,early_first_window,1,0.0020000000000000018,0.005555053710937452,0.0,15.0
35,53,500,16,early_first_window,1,0.0020000000000000018,0.005555053710937452,0.0,15.0
36,53,500,16,early_first_window,1,0.0020000000000000018,0.005555053710937452,0.0,15.0
37,53,500,16,early_first_window,1,0.0020000000000000018,0.005555053710937452,0.0,15.0
38,53,500,16,early_first_window,1,0.0020000000000000018,0.005555053710937452,0.0,15.0
39,53,500,16,early_first_window,1,0.0020000000000000018,0.005555053710937452,0.0,15.0
40,53,500,16,early_first_window,1,0.0020000000000000018,0.005555053710937452,0.0,15.0
41,53,500,16,early_first_window,1,0.0020000000000000018,0.005555053710937452,0.0,15.0
42,53,500,16,early_first_window,1,0.0020000000000000018,0.005555053710937452,0.0,15.0
43,53,500,16,early_first_window,1,0.0020000000000000018,0.005555053710937452,0.0,15.0
44,54,500,12,early_first_window,1,0.0020000000000000018,0.006311645507812491,0.0,11.0
45,54,500,12,early_first_window,1,0.0020000000000000018,0.006311645507812491,0.0,11.0
46,54,500,12,early_first_window,1,0.0020000000000000018,0.006311645507812491,0.0,11.0
47,54,500,12,early_first_window,1,0.0020000000000000018,0.006311645507812491,0.0,11.0
48,54,500,12,early_first_window,1,0.0020000000000000018,0.006311645507812491,0.0,11.0
49,54,500,12,early_first_window,1,0.0020000000000000018,0.006311645507812491,0.0,11.0
50,54,500,12,early_first_window,1,0.0020000000000000018,0.006311645507812491,0.0,11.0
51,54,500,12,early_first_window,1,0.0020000000000000018,0.006311645507812491,0.0,11.0
52,54,500,12,early_first_window,1,0.0020000000000000018,0.006311645507812491,0.0,11.0
53,54,500,12,early_first_window,1,0.0020000000000000018,0.006311645507812491,0.0,11.0
54,54,500,12,early_first_window,1,0.0020000000000000018,0.006311645507812491,0.0,11.0
55,55,500,12,early_first_window,1,0.0020000000000000018,0.006311645507812491,0.0,11.0
56,55,500,12,early_first_window,1,0.0020000000000000018,0.006311645507812491,0.0,11.0
57,55,500,12,early_first_window,1,0.0020000000000000018,0.006311645507812491,0.0,11.0
58,55,500,12,early_first_window,1,0.0020000000000000018,0.006311645507812491,0.0,11.0
59,55,500,12,early_first_window,1,0.0020000000000000018,0.006311645507812491,0.0,11.0
60,55,500,12,early_first_window,1,0.0020000000000000018,0.006311645507812491,0.0,11.0
61,55,500,12,early_first_window,1,0.0020000000000000018,0.006311645507812491,0.0,11.0
62,55,500,12,early_first_window,1,0.0020000000000000018,0.006311645507812491,0.0,11.0
63,55,500,12,early_first_window,1,0.0020000000000000018,0.006311645507812491,0.0,11.0
64,55,500,12,early_first_window,1,0.0020000000000000018,0.006311645507812491,0.0,11.0
65,55,500,12,early_first_window,1,0.0020000000000000018,0.006311645507812491,0.0,11.0
66,56,500,98,early_first_window,1,0.654,-0.02319470214843755,44.0,25.0
67,56,500,98,early_first_window,1,0.654,-0.02319470214843755,44.0,25.0
68,56,500,98,early_first_window,1,0.654,-0.02319470214843755,44.0,25.0
69,56,500,98,early_first_window,1,0.654,-0.02319470214843755,44.0,25.0
70,56,500,98,early_first_window,1,0.654,-0.02319470214843755,44.0,25.0
71,56,500,98,early_first_window,1,0.654,-0.02319470214843755,44.0,25.0
72,56,500,98,early_first_window,1,0.654,-0.02319470214843755,44.0,25.0
73,56,500,98,early_first_window,1,0.654,-0.02319470214843755,44.0,25.0
74,56,500,98,early_first_window,1,0.656,-0.02319470214843755,44.0,25.0
75,56,500,98,early_first_window,1,0.656,-0.02319470214843755,44.0,25.0
76,56,500,98,early_first_window,1,0.656,-0.02319470214843755,44.0,25.0
77,57,500,81,early_first_window,1,0.79,-0.06803649902343745,42.0,12.0
78,57,500,81,early_first_window,1,0.79,-0.06803649902343745,42.0,12.0
79,57,500,81,early_first_window,1,0.79,-0.06803649902343745,42.0,12.0
80,57,500,81,early_first_window,1,0.79,-0.06803649902343745,42.0,12.0
81,57,500,81,early_first_window,1,0.79,-0.06803649902343745,42.0,12.0
82,57,500,81,early_first_window,1,0.79,-0.06803649902343745,42.0,12.0
83,57,500,81,early_first_window,1,0.79,-0.06803649902343745,42.0,12.0
84,57,500,81,early_first_window,1,0.79,-0.06803649902343745,42.0,12.0
85,57,500,81,early_first_window,1,0.79,-0.06803649902343745,42.0,12.0
86,57,500,81,early_first_window,1,0.79,-0.06803649902343745,42.0,12.0
87,57,500,81,early_first_window,1,0.79,-0.06803649902343745,42.0,12.0
88,58,500,12,early_first_window,1,0.0020000000000000018,0.006311645507812491,0.0,11.0
89,58,500,12,early_first_window,1,0.0020000000000000018,0.006311645507812491,0.0,11.0
90,58,500,12,early_first_window,1,0.0020000000000000018,0.006311645507812491,0.0,11.0
91,58,500,12,early_first_window,1,0.0020000000000000018,0.006311645507812491,0.0,11.0
92,58,500,12,early_first_window,1,0.0020000000000000018,0.006311645507812491,0.0,11.0
93,58,500,12,early_first_window,1,0.0020000000000000018,0.006311645507812491,0.0,11.0
94,58,500,12,early_first_window,1,0.0020000000000000018,0.006311645507812491,0.0,11.0
95,58,500,12,early_first_window,1,0.0020000000000000018,0.006311645507812491,0.0,11.0
96,58,500,12,early_first_window,1,0.0020000000000000018,0.006311645507812491,0.0,11.0
97,58,500,12,early_first_window,1,0.0020000000000000018,0.006311645507812491,0.0,11.0
98,58,500,12,early_first_window,1,0.0020000000000000018,0.006311645507812491,0.0,11.0
99,59,500,12,early_first_window,1,0.0020000000000000018,0.006311645507812491,0.0,11.0
100,59,500,12,early_first_window,1,0.0020000000000000018,0.006311645507812491,0.0,11.0
101,59,500,12,early_first_window,1,0.0020000000000000018,0.006311645507812491,0.0,11.0
102,59,500,12,early_first_window,1,0.0020000000000000018,0.006311645507812491,0.0,11.0
103,59,500,12,early_first_window,1,0.0020000000000000018,0.006311645507812491,0.0,11.0
104,59,500,12,early_first_window,1,0.0020000000000000018,0.006311645507812491,0.0,11.0
105,59,500,12,early_first_window,1,0.0020000000000000018,0.006311645507812491,0.0,11.0
106,59,500,12,early_first_window,1,0.0020000000000000018,0.006311645507812491,0.0,11.0
107,59,500,12,early_first_window,1,0.0020000000000000018,0.006311645507812491,0.0,11.0
108,59,500,12,early_first_window,1,0.0020000000000000018,0.006311645507812491,0.0,11.0
109,59,500,12,early_first_window,1,0.0020000000000000018,0.006311645507812491,0.0,11.0
110,60,500,35,early_first_window,1,0.016000000000000014,-0.00013586425781242362,19.0,26.0
111,60,500,35,early_first_window,1,0.016000000000000014,-0.00013586425781242362,19.0,26.0
112,60,500,35,early_first_window,1,0.016000000000000014,-0.00013586425781242362,19.0,26.0
113,60,500,35,early_first_window,1,0.016000000000000014,-0.00013586425781242362,19.0,26.0
114,60,500,35,early_first_window,1,0.016000000000000014,-0.00013586425781242362,19.0,26.0
115,60,500,35,early_first_window,1,0.016000000000000014,-0.00013586425781242362,19.0,26.0
116,60,500,35,early_first_window,1,0.016000000000000014,-0.00013586425781242362,19.0,26.0
117,60,500,35,early_first_window,1,0.016000000000000014,-0.00013586425781242362,19.0,26.0
118,60,500,35,early_first_window,1,0.016000000000000014,-0.00013586425781242362,19.0,26.0
119,60,500,35,early_first_window,1,0.016000000000000014,-0.00013586425781242362,19.0,26.0
120,60,500,35,early_first_window,1,0.016000000000000014,-0.00013586425781242362,19.0,26.0
121,61,500,12,early_first_window,1,0.0020000000000000018,0.006311645507812491,0.0,11.0
122,61,500,12,early_first_window,1,0.0020000000000000018,0.006311645507812491,0.0,11.0
123,61,500,12,early_first_window,1,0.0020000000000000018,0.006311645507812491,0.0,11.0
124,61,500,12,early_first_window,1,0.0020000000000000018,0.006311645507812491,0.0,11.0
125,61,500,12,early_first_window,1,0.0020000000000000018,0.006311645507812491,0.0,11.0
126,61,500,12,early_first_window,1,0.0020000000000000018,0.006311645507812491,0.0,11.0
127,61,500,12,early_first_window,1,0.0020000000000000018,0.006311645507812491,0.0,11.0
128,61,500,12,early_first_window,1,0.0020000000000000018,0.006311645507812491,0.0,11.0
129,61,500,12,early_first_window,1,0.0020000000000000018,0.006311645507812491,0.0,11.0
130,61,500,12,early_first_window,1,0.0020000000000000018,0.006311645507812491,0.0,11.0
131,61,500,12,early_first_window,1,0.0020000000000000018,0.006311645507812491,0.0,11.0
132,62,500,31,early_first_window,1,0.014000000000000012,-0.006919677734374963,18.0,18.0
133,62,500,31,early_first_window,1,0.014000000000000012,-0.006919677734374963,18.0,18.0
134,62,500,31,early_first_window,1,0.014000000000000012,-0.006919677734374963,18.0,18.0
135,62,500,31,early_first_window,1,0.014000000000000012,-0.006919677734374963,18.0,18.0
136,62,500,31,early_first_window,1,0.014000000000000012,-0.006919677734374963,18.0,18.0
137,62,500,31,early_first_window,1,0.014000000000000012,-0.006919677734374963,18.0,18.0
138,62,500,31,early_first_window,1,0.014000000000000012,-0.006919677734374963,18.0,18.0
139,62,500,31,early_first_window,1,0.014000000000000012,-0.006919677734374963,18.0,18.0
140,62,500,31,early_first_window,1,0.014000000000000012,-0.006919677734374963,18.0,18.0
141,62,500,31,early_first_window,1,0.014000000000000012,-0.006919677734374963,18.0,18.0
142,62,500,31,early_first_window,1,0.014000000000000012,-0.006919677734374963,18.0,18.0
143,63,500,12,early_first_window,1,0.0020000000000000018,0.006311645507812491,0.0,11.0
144,63,500,12,early_first_window,1,0.0020000000000000018,0.006311645507812491,0.0,11.0
145,63,500,12,early_first_window,1,0.0020000000000000018,0.006311645507812491,0.0,11.0
146,63,500,12,early_first_window,1,0.0020000000000000018,0.006311645507812491,0.0,11.0
147,63,500,12,early_first_window,1,0.0020000000000000018,0.006311645507812491,0.0,11.0
148,63,500,12,early_first_window,1,0.0020000000000000018,0.006311645507812491,0.0,11.0
149,63,500,12,early_first_window,1,0.0020000000000000018,0.006311645507812491,0.0,11.0
150,63,500,12,early_first_window,1,0.0020000000000000018,0.006311645507812491,0.0,11.0
151,63,500,12,early_first_window,1,0.0020000000000000018,0.006311645507812491,0.0,11.0
152,63,500,12,early_first_window,1,0.0020000000000000018,0.006311645507812491,0.0,11.0
153,63,500,12,early_first_window,1,0.0020000000000000018,0.006311645507812491,0.0,11.0
154,64,500,12,early_first_window,1,0.0020000000000000018,0.006311645507812491,0.0,11.0
155,64,500,12,early_first_window,1,0.0020000000000000018,0.006311645507812491,0.0,11.0
156,64,500,12,early_first_window,1,0.0020000000000000018,0.006311645507812491,0.0,11.0
157,64,500,12,early_first_window,1,0.0020000000000000018,0.006311645507812491,0.0,11.0
158,64,500,12,early_first_window,1,0.0020000000000000018,0.006311645507812491,0.0,11.0
159,64,500,12,early_first_window,1,0.0020000000000000018,0.006311645507812491,0.0,11.0
160,64,500,12,early_first_window,1,0.0020000000000000018,0.006311645507812491,0.0,11.0
161,64,500,12,early_first_window,1,0.0020000000000000018,0.006311645507812491,0.0,11.0
162,64,500,12,early_first_window,1,0.0020000000000000018,0.006311645507812491,0.0,11.0
163,64,500,12,early_first_window,1,0.0020000000000000018,0.006311645507812491,0.0,11.0
164,64,500,12,early_first_window,1,0.0020000000000000018,0.006311645507812491,0.0,11.0
165,65,500,12,early_first_window,1,0.0020000000000000018,0.006311645507812491,0.0,11.0
166,65,500,12,early_first_window,1,0.0020000000000000018,0.006311645507812491,0.0,11.0
167,65,500,12,early_first_window,1,0.0020000000000000018,0.006311645507812491,0.0,11.0
168,65,500,12,early_first_window,1,0.0020000000000000018,0.006311645507812491,0.0,11.0
169,65,500,12,early_first_window,1,0.0020000000000000018,0.006311645507812491,0.0,11.0
170,65,500,12,early_first_window,1,0.0020000000000000018,0.006311645507812491,0.0,11.0
171,65,500,12,early_first_window,1,0.0020000000000000018,0.006311645507812491,0.0,11.0
172,65,500,12,early_first_window,1,0.0020000000000000018,0.006311645507812491,0.0,11.0
173,65,500,12,early_first_window,1,0.0020000000000000018,0.006311645507812491,0.0,11.0
174,65,500,12,early_first_window,1,0.0020000000000000018,0.006311645507812491,0.0,11.0
175,65,500,12,early_first_window,1,0.0020000000000000018,0.006311645507812491,0.0,11.0
176,66,500,18,early_first_window,1,0.008000000000000007,0.025410278320312507,5.0,17.0
177,66,500,18,early_first_window,1,0.008000000000000007,0.025410278320312507,5.0,17.0
178,66,500,18,early_first_window,1,0.008000000000000007,0.025410278320312507,5.0,17.0
179,66,500,18,early_first_window,1,0.008000000000000007,0.025410278320312507,5.0,17.0
180,66,500,18,early_first_window,1,0.008000000000000007,0.025410278320312507,5.0,17.0
181,66,500,18,early_first_window,1,0.008000000000000007,0.025410278320312507,5.0,17.0
182,66,500,18,early_first_window,1,0.008000000000000007,0.025410278320312507,5.0,17.0
183,66,500,18,early_first_window,1,0.008000000000000007,0.025410278320312507,5.0,17.0
184,66,500,18,early_first_window,1,0.008000000000000007,0.025410278320312507,5.0,17.0
185,66,500,18,early_first_window,1,0.008000000000000007,0.025410278320312507,5.0,17.0
186,66,500,18,early_first_window,1,0.008000000000000007,0.025410278320312507,5.0,17.0
187,67,500,117,early_first_window,1,0.728,-0.092268798828125,73.0,26.0
188,67,500,117,early_first_window,1,0.728,-0.092268798828125,73.0,26.0
189,67,500,117,early_first_window,1,0.728,-0.092268798828125,73.0,26.0
190,67,500,117,early_first_window,1,0.73,-0.092268798828125,73.0,26.0
191,67,500,117,early_first_window,1,0.73,-0.092268798828125,73.0,26.0
192,67,500,117,early_first_window,1,0.73,-0.092268798828125,73.0,26.0
193,67,500,117,early_first_window,1,0.73,-0.092268798828125,73.0,26.0
194,67,500,117,early_first_window,1,0.73,-0.092268798828125,73.0,26.0
195,67,500,117,early_first_window,1,0.73,-0.092268798828125,73.0,26.0
196,67,500,117,early_first_window,1,0.73,-0.092268798828125,73.0,26.0
197,67,500,117,early_first_window,1,0.73,-0.092268798828125,73.0,26.0
198,68,500,93,early_first_window,1,0.8140000000000001,-0.002317077636718734,53.0,25.0
199,68,500,93,early_first_window,1,0.8140000000000001,-0.002317077636718734,53.0,25.0
200,68,500,93,early_first_window,1,0.8140000000000001,-0.002317077636718734,53.0,25.0
201,68,500,93,early_first_window,1,0.8140000000000001,-0.002317077636718734,53.0,25.0
202,68,500,93,early_first_window,1,0.8140000000000001,-0.002317077636718734,53.0,25.0
203,68,500,93,early_first_window,1,0.8140000000000001,-0.002317077636718734,53.0,25.0
204,68,500,93,early_first_window,1,0.8140000000000001,-0.002317077636718734,53.0,25.0
205,68,500,93,early_first_window,1,0.8140000000000001,-0.002317077636718734,53.0,25.0
206,68,500,93,early_first_window,1,0.8240000000000001,-0.002317077636718734,53.0,25.0
207,68,500,93,early_first_window,1,0.8240000000000001,-0.002317077636718734,53.0,25.0
208,68,500,93,early_first_window,1,0.8240000000000001,-0.002317077636718734,53.0,25.0
209,69,500,17,early_first_window,1,0.006000000000000005,0.02463928222656253,5.0,16.0
210,69,500,17,early_first_window,1,0.006000000000000005,0.02463928222656253,5.0,16.0
211,69,500,17,early_first_window,1,0.006000000000000005,0.02463928222656253,5.0,16.0
212,69,500,17,early_first_window,1,0.006000000000000005,0.02463928222656253,5.0,16.0
213,69,500,17,early_first_window,1,0.006000000000000005,0.02463928222656253,5.0,16.0
214,69,500,17,early_first_window,1,0.006000000000000005,0.02463928222656253,5.0,16.0
215,69,500,17,early_first_window,1,0.006000000000000005,0.02463928222656253,5.0,16.0
216,69,500,17,early_first_window,1,0.006000000000000005,0.02463928222656253,5.0,16.0
217,69,500,17,early_first_window,1,0.006000000000000005,0.02463928222656253,5.0,16.0
218,69,500,17,early_first_window,1,0.006000000000000005,0.02463928222656253,5.0,16.0
219,69,500,17,early_first_window,1,0.006000000000000005,0.02463928222656253,5.0,16.0
220,70,500,12,early_first_window,1,0.0020000000000000018,0.006311645507812491,0.0,11.0
221,70,500,12,early_first_window,1,0.0020000000000000018,0.006311645507812491,0.0,11.0
222,70,500,12,early_first_window,1,0.0020000000000000018,0.006311645507812491,0.0,11.0
223,70,500,12,early_first_window,1,0.0020000000000000018,0.006311645507812491,0.0,11.0
224,70,500,12,early_first_window,1,0.0020000000000000018,0.006311645507812491,0.0,11.0
225,70,500,12,early_first_window,1,0.0020000000000000018,0.006311645507812491,0.0,11.0
226,70,500,12,early_first_window,1,0.0020000000000000018,0.006311645507812491,0.0,11.0
227,70,500,12,early_first_window,1,0.0020000000000000018,0.006311645507812491,0.0,11.0
228,70,500,12,early_first_window,1,0.0020000000000000018,0.006311645507812491,0.0,11.0
229,70,500,12,early_first_window,1,0.0020000000000000018,0.006311645507812491,0.0,11.0
230,70,500,12,early_first_window,1,0.0020000000000000018,0.006311645507812491,0.0,11.0
231,71,500,99,early_first_window,1,0.632,-0.11222070312499999,28.0,12.0
232,71,500,99,early_first_window,1,0.632,-0.11222070312499999,28.0,12.0
233,71,500,99,early_first_window,1,0.632,-0.11222070312499999,28.0,12.0
234,71,500,99,early_first_window,1,0.632,-0.11222070312499999,28.0,12.0
235,71,500,99,early_first_window,1,0.632,-0.11222070312499999,28.0,12.0
236,71,500,99,early_first_window,1,0.632,-0.11222070312499999,28.0,12.0
237,71,500,99,early_first_window,1,0.632,-0.11222070312499999,28.0,12.0
238,71,500,99,early_first_window,1,0.632,-0.11222070312499999,28.0,12.0
239,71,500,99,early_first_window,1,0.632,-0.11222070312499999,28.0,12.0
240,71,500,99,early_first_window,1,0.632,-0.11222070312499999,28.0,12.0
241,71,500,99,early_first_window,1,0.632,-0.11222070312499999,28.0,12.0
242,72,500,72,early_first_window,1,0.748,0.019294067382812474,34.0,25.0
243,72,500,72,early_first_window,1,0.748,0.019294067382812474,34.0,25.0
244,72,500,72,early_first_window,1,0.748,0.019294067382812474,34.0,25.0
245,72,500,72,early_first_window,1,0.748,0.019294067382812474,34.0,25.0
246,72,500,72,early_first_window,1,0.748,0.019294067382812474,34.0,25.0
247,72,500,72,early_first_window,1,0.752,0.019294067382812474,34.0,25.0
248,72,500,72,early_first_window,1,0.752,0.019294067382812474,34.0,25.0
249,72,500,72,early_first_window,1,0.752,0.019294067382812474,34.0,25.0
250,72,500,72,early_first_window,1,0.752,0.019294067382812474,34.0,25.0
251,72,500,72,early_first_window,1,0.752,0.019294067382812474,34.0,25.0
252,72,500,72,early_first_window,1,0.752,0.019294067382812474,34.0,25.0
253,73,500,12,early_first_window,1,0.0020000000000000018,0.006311645507812491,0.0,11.0
254,73,500,12,early_first_window,1,0.0020000000000000018,0.006311645507812491,0.0,11.0
255,73,500,12,early_first_window,1,0.0020000000000000018,0.006311645507812491,0.0,11.0
256,73,500,12,early_first_window,1,0.0020000000000000018,0.006311645507812491,0.0,11.0
257,73,500,12,early_first_window,1,0.0020000000000000018,0.006311645507812491,0.0,11.0
258,73,500,12,early_first_window,1,0.0020000000000000018,0.006311645507812491,0.0,11.0
259,73,500,12,early_first_window,1,0.0020000000000000018,0.006311645507812491,0.0,11.0
260,73,500,12,early_first_window,1,0.0020000000000000018,0.006311645507812491,0.0,11.0
261,73,500,12,early_first_window,1,0.0020000000000000018,0.006311645507812491,0.0,11.0
262,73,500,12,early_first_window,1,0.0020000000000000018,0.006311645507812491,0.0,11.0
263,73,500,12,early_first_window,1,0.0020000000000000018,0.006311645507812491,0.0,11.0
264,74,500,93,early_first_window,1,0.762,-0.19554443359374996,39.0,18.0
265,74,500,93,early_first_window,1,0.762,-0.19554443359374996,39.0,18.0
266,74,500,93,early_first_window,1,0.762,-0.19554443359374996,39.0,18.0
267,74,500,93,early_first_window,1,0.762,-0.19554443359374996,39.0,18.0
268,74,500,93,early_first_window,1,0.762,-0.19554443359374996,39.0,18.0
269,74,500,93,early_first_window,1,0.762,-0.19554443359374996,39.0,18.0
270,74,500,93,early_first_window,1,0.762,-0.19554443359374996,39.0,18.0
271,74,500,93,early_first_window,1,0.762,-0.19554443359374996,39.0,18.0
272,74,500,93,early_first_window,1,0.762,-0.19554443359374996,39.0,18.0
273,74,500,93,early_first_window,1,0.762,-0.19554443359374996,39.0,18.0
274,74,500,93,early_first_window,1,0.762,-0.19554443359374996,39.0,18.0
275,75,500,97,early_first_window,1,0.718,-0.21867285156250005,54.0,18.0
276,75,500,97,early_first_window,1,0.718,-0.21867285156250005,54.0,18.0
277,75,500,97,early_first_window,1,0.718,-0.21867285156250005,54.0,18.0
278,75,500,97,early_first_window,1,0.718,-0.21867285156250005,54.0,18.0
279,75,500,97,early_first_window,1,0.718,-0.21867285156250005,54.0,18.0
280,75,500,97,early_first_window,1,0.718,-0.21867285156250005,54.0,18.0
281,75,500,97,early_first_window,1,0.718,-0.21867285156250005,54.0,18.0
282,75,500,97,early_first_window,1,0.718,-0.21867285156250005,54.0,18.0
283,75,500,97,early_first_window,1,0.718,-0.21867285156250005,54.0,18.0
284,75,500,97,early_first_window,1,0.718,-0.21867285156250005,54.0,18.0
285,75,500,97,early_first_window,1,0.718,-0.21867285156250005,54.0,18.0
286,76,500,82,early_first_window,1,0.726,-0.13827832031249998,47.0,18.0
287,76,500,82,early_first_window,1,0.726,-0.13827832031249998,47.0,18.0
288,76,500,82,early_first_window,1,0.726,-0.13827832031249998,47.0,18.0
289,76,500,82,early_first_window,1,0.726,-0.13827832031249998,47.0,18.0
290,76,500,82,early_first_window,1,0.726,-0.13827832031249998,47.0,18.0
291,76,500,82,early_first_window,1,0.726,-0.13827832031249998,47.0,18.0
292,76,500,82,early_first_window,1,0.726,-0.13827832031249998,47.0,18.0
293,76,500,82,early_first_window,1,0.726,-0.13827832031249998,47.0,18.0
294,76,500,82,early_first_window,1,0.726,-0.13827832031249998,47.0,18.0
295,76,500,82,early_first_window,1,0.726,-0.13827832031249998,47.0,18.0
296,76,500,82,early_first_window,1,0.726,-0.13827832031249998,47.0,18.0
297,77,500,16,early_first_window,1,0.0020000000000000018,0.005555053710937452,0.0,15.0
298,77,500,16,early_first_window,1,0.0020000000000000018,0.005555053710937452,0.0,15.0
299,77,500,16,early_first_window,1,0.0020000000000000018,0.005555053710937452,0.0,15.0
300,77,500,16,early_first_window,1,0.0020000000000000018,0.005555053710937452,0.0,15.0
301,77,500,16,early_first_window,1,0.0020000000000000018,0.005555053710937452,0.0,15.0
302,77,500,16,early_first_window,1,0.0020000000000000018,0.005555053710937452,0.0,15.0
303,77,500,16,early_first_window,1,0.0020000000000000018,0.005555053710937452,0.0,15.0
304,77,500,16,early_first_window,1,0.0020000000000000018,0.005555053710937452,0.0,15.0
305,77,500,16,early_first_window,1,0.0020000000000000018,0.005555053710937452,0.0,15.0
306,77,500,16,early_first_window,1,0.0020000000000000018,0.005555053710937452,0.0,15.0
307,77,500,16,early_first_window,1,0.0020000000000000018,0.005555053710937452,0.0,15.0
308,78,500,12,early_first_window,1,0.0020000000000000018,0.006311645507812491,0.0,11.0
309,78,500,12,early_first_window,1,0.0020000000000000018,0.006311645507812491,0.0,11.0
310,78,500,12,early_first_window,1,0.0020000000000000018,0.006311645507812491,0.0,11.0
311,78,500,12,early_first_window,1,0.0020000000000000018,0.006311645507812491,0.0,11.0
312,78,500,12,early_first_window,1,0.0020000000000000018,0.006311645507812491,0.0,11.0
313,78,500,12,early_first_window,1,0.0020000000000000018,0.006311645507812491,0.0,11.0
314,78,500,12,early_first_window,1,0.0020000000000000018,0.006311645507812491,0.0,11.0
315,78,500,12,early_first_window,1,0.0020000000000000018,0.006311645507812491,0.0,11.0
316,78,500,12,early_first_window,1,0.0020000000000000018,0.006311645507812491,0.0,11.0
317,78,500,12,early_first_window,1,0.0020000000000000018,0.006311645507812491,0.0,11.0
318,78,500,12,early_first_window,1,0.0020000000000000018,0.006311645507812491,0.0,11.0
319,79,500,123,early_first_window,1,0.734,-0.046271606445312585,63.0,25.0
320,79,500,123,early_first_window,1,0.734,-0.046271606445312585,63.0,25.0
321,79,500,123,early_first_window,1,0.734,-0.046271606445312585,63.0,25.0
322,79,500,123,early_first_window,1,0.734,-0.046271606445312585,63.0,25.0
323,79,500,123,early_first_window,1,0.734,-0.046271606445312585,63.0,25.0
324,79,500,123,early_first_window,1,0.734,-0.046271606445312585,63.0,25.0
325,79,500,123,early_first_window,1,0.734,-0.046271606445312585,63.0,25.0
326,79,500,123,early_first_window,1,0.734,-0.046271606445312585,63.0,25.0
327,79,500,123,early_first_window,1,0.734,-0.046271606445312585,63.0,25.0
328,79,500,123,early_first_window,1,0.734,-0.046271606445312585,63.0,25.0
329,79,500,123,early_first_window,1,0.734,-0.046271606445312585,63.0,25.0
330,80,500,106,early_first_window,1,0.692,-0.050420654296875034,43.0,26.0
331,80,500,106,early_first_window,1,0.692,-0.050420654296875034,43.0,26.0
332,80,500,106,early_first_window,1,0.692,-0.050420654296875034,43.0,26.0
333,80,500,106,early_first_window,1,0.692,-0.050420654296875034,43.0,26.0
334,80,500,106,early_first_window,1,0.692,-0.050420654296875034,43.0,26.0
335,80,500,106,early_first_window,1,0.692,-0.050420654296875034,43.0,26.0
336,80,500,106,early_first_window,1,0.692,-0.050420654296875034,43.0,26.0
337,80,500,106,early_first_window,1,0.694,-0.050420654296875034,43.0,26.0
338,80,500,106,early_first_window,1,0.694,-0.050420654296875034,43.0,26.0
339,80,500,106,early_first_window,1,0.694,-0.050420654296875034,43.0,26.0
340,80,500,106,early_first_window,1,0.694,-0.050420654296875034,43.0,26.0
341,81,500,116,early_first_window,1,0.77,-0.38293920898437506,61.0,18.0
342,81,500,116,early_first_window,1,0.77,-0.38293920898437506,61.0,18.0
343,81,500,116,early_first_window,1,0.77,-0.38293920898437506,61.0,18.0
344,81,500,116,early_first_window,1,0.77,-0.38293920898437506,61.0,18.0
345,81,500,116,early_first_window,1,0.77,-0.38293920898437506,61.0,18.0
346,81,500,116,early_first_window,1,0.77,-0.38293920898437506,61.0,18.0
347,81,500,116,early_first_window,1,0.77,-0.38293920898437506,61.0,18.0
348,81,500,116,early_first_window,1,0.77,-0.38293920898437506,61.0,18.0
349,81,500,116,early_first_window,1,0.77,-0.38293920898437506,61.0,18.0
350,81,500,116,early_first_window,1,0.77,-0.38293920898437506,61.0,18.0
351,81,500,116,early_first_window,1,0.77,-0.38293920898437506,61.0,18.0
352,82,500,101,early_first_window,1,0.746,-0.24528198242187504,59.0,18.0
353,82,500,101,early_first_window,1,0.746,-0.24528198242187504,59.0,18.0
354,82,500,101,early_first_window,1,0.746,-0.24528198242187504,59.0,18.0
355,82,500,101,early_first_window,1,0.746,-0.24528198242187504,59.0,18.0
356,82,500,101,early_first_window,1,0.748,-0.24528198242187504,59.0,18.0
357,82,500,101,early_first_window,1,0.748,-0.24528198242187504,59.0,18.0
358,82,500,101,early_first_window,1,0.748,-0.24528198242187504,59.0,18.0
359,82,500,101,early_first_window,1,0.748,-0.24528198242187504,59.0,18.0
360,82,500,101,early_first_window,1,0.748,-0.24528198242187504,59.0,18.0
361,82,500,101,early_first_window,1,0.748,-0.24528198242187504,59.0,18.0
362,82,500,101,early_first_window,1,0.748,-0.24528198242187504,59.0,18.0
363,83,500,30,early_first_window,1,0.016000000000000014,0.030361938476562544,13.0,25.0
364,83,500,30,early_first_window,1,0.016000000000000014,0.030361938476562544,13.0,25.0
365,83,500,30,early_first_window,1,0.016000000000000014,0.030361938476562544,13.0,25.0
366,83,500,30,early_first_window,1,0.016000000000000014,0.030361938476562544,13.0,25.0
367,83,500,30,early_first_window,1,0.016000000000000014,0.030361938476562544,13.0,25.0
368,83,500,30,early_first_window,1,0.016000000000000014,0.030361938476562544,13.0,25.0
369,83,500,30,early_first_window,1,0.016000000000000014,0.030361938476562544,13.0,25.0
370,83,500,30,early_first_window,1,0.016000000000000014,0.030361938476562544,13.0,25.0
371,83,500,30,early_first_window,1,0.016000000000000014,0.030361938476562544,13.0,25.0
372,83,500,30,early_first_window,1,0.016000000000000014,0.030361938476562544,13.0,25.0
373,83,500,30,early_first_window,1,0.016000000000000014,0.030361938476562544,13.0,25.0
374,84,500,132,early_first_window,1,0.774,-0.016640869140625014,69.0,25.0
375,84,500,132,early_first_window,1,0.774,-0.016640869140625014,69.0,25.0
376,84,500,132,early_first_window,1,0.774,-0.016640869140625014,69.0,25.0
377,84,500,132,early_first_window,1,0.774,-0.016640869140625014,69.0,25.0
378,84,500,132,early_first_window,1,0.774,-0.016640869140625014,69.0,25.0
379,84,500,132,early_first_window,1,0.774,-0.016640869140625014,69.0,25.0
380,84,500,132,early_first_window,1,0.774,-0.016640869140625014,69.0,25.0
381,84,500,132,early_first_window,1,0.774,-0.016640869140625014,69.0,25.0
382,84,500,132,early_first_window,1,0.774,-0.016640869140625014,69.0,25.0
383,84,500,132,early_first_window,1,0.778,-0.016640869140625014,69.0,25.0
384,84,500,132,early_first_window,1,0.778,-0.016640869140625014,69.0,25.0
385,85,500,12,early_first_window,1,0.0020000000000000018,0.006311645507812491,0.0,11.0
386,85,500,12,early_first_window,1,0.0020000000000000018,0.006311645507812491,0.0,11.0
387,85,500,12,early_first_window,1,0.0020000000000000018,0.006311645507812491,0.0,11.0
388,85,500,12,early_first_window,1,0.0020000000000000018,0.006311645507812491,0.0,11.0
389,85,500,12,early_first_window,1,0.0020000000000000018,0.006311645507812491,0.0,11.0
390,85,500,12,early_first_window,1,0.0020000000000000018,0.006311645507812491,0.0,11.0
391,85,500,12,early_first_window,1,0.0020000000000000018,0.006311645507812491,0.0,11.0
392,85,500,12,early_first_window,1,0.0020000000000000018,0.006311645507812491,0.0,11.0
393,85,500,12,early_first_window,1,0.0020000000000000018,0.006311645507812491,0.0,11.0
394,85,500,12,early_first_window,1,0.0020000000000000018,0.006311645507812491,0.0,11.0
395,85,500,12,early_first_window,1,0.0020000000000000018,0.006311645507812491,0.0,11.0
396,86,500,12,early_first_window,1,0.0020000000000000018,0.006311645507812491,0.0,11.0
397,86,500,12,early_first_window,1,0.0020000000000000018,0.006311645507812491,0.0,11.0
398,86,500,12,early_first_window,1,0.0020000000000000018,0.006311645507812491,0.0,11.0
399,86,500,12,early_first_window,1,0.0020000000000000018,0.006311645507812491,0.0,11.0
400,86,500,12,early_first_window,1,0.0020000000000000018,0.006311645507812491,0.0,11.0
401,86,500,12,early_first_window,1,0.0020000000000000018,0.006311645507812491,0.0,11.0
402,86,500,12,early_first_window,1,0.0020000000000000018,0.006311645507812491,0.0,11.0
403,86,500,12,early_first_window,1,0.0020000000000000018,0.006311645507812491,0.0,11.0
404,86,500,12,early_first_window,1,0.0020000000000000018,0.006311645507812491,0.0,11.0
405,86,500,12,early_first_window,1,0.0020000000000000018,0.006311645507812491,0.0,11.0
406,86,500,12,early_first_window,1,0.0020000000000000018,0.006311645507812491,0.0,11.0
407,87,500,12,early_first_window,1,0.0020000000000000018,0.006311645507812491,0.0,11.0
408,87,500,12,early_first_window,1,0.0020000000000000018,0.006311645507812491,0.0,11.0
409,87,500,12,early_first_window,1,0.0020000000000000018,0.006311645507812491,0.0,11.0
410,87,500,12,early_first_window,1,0.0020000000000000018,0.006311645507812491,0.0,11.0
411,87,500,12,early_first_window,1,0.0020000000000000018,0.006311645507812491,0.0,11.0
412,87,500,12,early_first_window,1,0.0020000000000000018,0.006311645507812491,0.0,11.0
413,87,500,12,early_first_window,1,0.0020000000000000018,0.006311645507812491,0.0,11.0
414,87,500,12,early_first_window,1,0.0020000000000000018,0.006311645507812491,0.0,11.0
415,87,500,12,early_first_window,1,0.0020000000000000018,0.006311645507812491,0.0,11.0
416,87,500,12,early_first_window,1,0.0020000000000000018,0.006311645507812491,0.0,11.0
417,87,500,12,early_first_window,1,0.0020000000000000018,0.006311645507812491,0.0,11.0
418,88,500,99,early_first_window,1,0.792,-0.018030761718750066,37.0,25.0
419,88,500,99,early_first_window,1,0.792,-0.018030761718750066,37.0,25.0
420,88,500,99,early_first_window,1,0.792,-0.018030761718750066,37.0,25.0
421,88,500,99,early_first_window,1,0.792,-0.018030761718750066,37.0,25.0
422,88,500,99,early_first_window,1,0.792,-0.018030761718750066,37.0,25.0
423,88,500,99,early_first_window,1,0.792,-0.018030761718750066,37.0,25.0
424,88,500,99,early_first_window,1,0.792,-0.018030761718750066,37.0,25.0
425,88,500,99,early_first_window,1,0.792,-0.018030761718750066,37.0,25.0
426,88,500,99,early_first_window,1,0.792,-0.018030761718750066,37.0,25.0
427,88,500,99,early_first_window,1,0.792,-0.018030761718750066,37.0,25.0
428,88,500,99,early_first_window,1,0.792,-0.018030761718750066,37.0,25.0
429,89,500,12,early_first_window,1,0.0020000000000000018,0.006311645507812491,0.0,11.0
430,89,500,12,early_first_window,1,0.0020000000000000018,0.006311645507812491,0.0,11.0
431,89,500,12,early_first_window,1,0.0020000000000000018,0.006311645507812491,0.0,11.0
432,89,500,12,early_first_window,1,0.0020000000000000018,0.006311645507812491,0.0,11.0
433,89,500,12,early_first_window,1,0.0020000000000000018,0.006311645507812491,0.0,11.0
434,89,500,12,early_first_window,1,0.0020000000000000018,0.006311645507812491,0.0,11.0
435,89,500,12,early_first_window,1,0.0020000000000000018,0.006311645507812491,0.0,11.0
436,89,500,12,early_first_window,1,0.0020000000000000018,0.006311645507812491,0.0,11.0
437,89,500,12,early_first_window,1,0.0020000000000000018,0.006311645507812491,0.0,11.0
438,89,500,12,early_first_window,1,0.0020000000000000018,0.006311645507812491,0.0,11.0
439,89,500,12,early_first_window,1,0.0020000000000000018,0.006311645507812491,0.0,11.0
440,90,500,100,early_first_window,1,0.604,-0.2381455078125001,56.0,18.0
441,90,500,100,early_first_window,1,0.604,-0.2381455078125001,56.0,18.0
442,90,500,100,early_first_window,1,0.604,-0.2381455078125001,56.0,18.0
443,90,500,100,early_first_window,1,0.604,-0.2381455078125001,56.0,18.0
444,90,500,100,early_first_window,1,0.604,-0.2381455078125001,56.0,18.0
445,90,500,100,early_first_window,1,0.604,-0.2381455078125001,56.0,18.0
446,90,500,100,early_first_window,1,0.604,-0.2381455078125001,56.0,18.0
447,90,500,100,early_first_window,1,0.604,-0.2381455078125001,56.0,18.0
448,90,500,100,early_first_window,1,0.604,-0.2381455078125001,56.0,18.0
449,90,500,100,early_first_window,1,0.604,-0.2381455078125001,56.0,18.0
450,90,500,100,early_first_window,1,0.604,-0.2381455078125001,56.0,18.0
451,91,500,12,early_first_window,1,0.0020000000000000018,0.006311645507812491,0.0,11.0
452,91,500,12,early_first_window,1,0.0020000000000000018,0.006311645507812491,0.0,11.0
453,91,500,12,early_first_window,1,0.0020000000000000018,0.006311645507812491,0.0,11.0
454,91,500,12,early_first_window,1,0.0020000000000000018,0.006311645507812491,0.0,11.0
455,91,500,12,early_first_window,1,0.0020000000000000018,0.006311645507812491,0.0,11.0
456,91,500,12,early_first_window,1,0.0020000000000000018,0.006311645507812491,0.0,11.0
457,91,500,12,early_first_window,1,0.0020000000000000018,0.006311645507812491,0.0,11.0
458,91,500,12,early_first_window,1,0.0020000000000000018,0.006311645507812491,0.0,11.0
459,91,500,12,early_first_window,1,0.0020000000000000018,0.006311645507812491,0.0,11.0
460,91,500,12,early_first_window,1,0.0020000000000000018,0.006311645507812491,0.0,11.0
461,91,500,12,early_first_window,1,0.0020000000000000018,0.006311645507812491,0.0,11.0
462,92,500,16,early_first_window,1,0.0020000000000000018,0.005555053710937452,0.0,15.0
463,92,500,139,early_first_window,1,0.748,-0.72483154296875,98.0,18.0
464,92,500,139,early_first_window,1,0.748,-0.72483154296875,98.0,18.0
465,92,500,139,early_first_window,1,0.748,-0.72483154296875,98.0,18.0
466,92,500,139,early_first_window,1,0.748,-0.72483154296875,98.0,18.0
467,92,500,139,early_first_window,1,0.748,-0.72483154296875,98.0,18.0
468,92,500,139,early_first_window,1,0.748,-0.72483154296875,98.0,18.0
469,92,500,139,early_first_window,1,0.748,-0.72483154296875,98.0,18.0
470,92,500,139,early_first_window,1,0.748,-0.72483154296875,98.0,18.0
471,92,500,139,early_first_window,1,0.748,-0.72483154296875,98.0,18.0
472,92,500,139,early_first_window,1,0.748,-0.72483154296875,98.0,18.0
473,93,500,92,early_first_window,1,0.772,0.005281982421875053,39.0,25.0
474,93,500,92,early_first_window,1,0.772,0.005281982421875053,39.0,25.0
475,93,500,92,early_first_window,1,0.772,0.005281982421875053,39.0,25.0
476,93,500,92,early_first_window,1,0.772,0.005281982421875053,39.0,25.0
477,93,500,92,early_first_window,1,0.772,0.005281982421875053,39.0,25.0
478,93,500,92,early_first_window,1,0.772,0.005281982421875053,39.0,25.0
479,93,500,92,early_first_window,1,0.772,0.005281982421875053,39.0,25.0
480,93,500,92,early_first_window,1,0.772,0.005281982421875053,39.0,25.0
481,93,500,92,early_first_window,1,0.772,0.005281982421875053,39.0,25.0
482,93,500,92,early_first_window,1,0.772,0.005281982421875053,39.0,25.0
483,93,500,92,early_first_window,1,0.772,0.005281982421875053,39.0,25.0
484,94,500,17,early_first_window,1,0.0040000000000000036,0.02463928222656253,4.0,16.0
485,94,500,17,early_first_window,1,0.0040000000000000036,0.02463928222656253,4.0,16.0
486,94,500,17,early_first_window,1,0.0040000000000000036,0.02463928222656253,4.0,16.0
487,94,500,17,early_first_window,1,0.0040000000000000036,0.02463928222656253,4.0,16.0
488,94,500,17,early_first_window,1,0.0040000000000000036,0.02463928222656253,4.0,16.0
489,94,500,17,early_first_window,1,0.0040000000000000036,0.02463928222656253,4.0,16.0
490,94,500,17,early_first_window,1,0.0040000000000000036,0.02463928222656253,4.0,16.0
491,94,500,17,early_first_window,1,0.0040000000000000036,0.02463928222656253,4.0,16.0
492,94,500,17,early_first_window,1,0.0040000000000000036,0.02463928222656253,4.0,16.0
493,94,500,17,early_first_window,1,0.0040000000000000036,0.02463928222656253,4.0,16.0
494,94,500,17,early_first_window,1,0.0040000000000000036,0.02463928222656253,4.0,16.0
495,95,500,90,early_first_window,1,0.71,-0.023643310546874963,39.0,26.0
496,95,500,90,early_first_window,1,0.718,-0.023643310546874963,39.0,26.0
497,95,500,90,early_first_window,1,0.718,-0.023643310546874963,39.0,26.0
498,95,500,90,early_first_window,1,0.718,-0.023643310546874963,39.0,26.0
499,95,500,90,early_first_window,1,0.718,-0.023643310546874963,39.0,26.0
500,95,500,90,early_first_window,1,0.718,-0.023643310546874963,39.0,26.0
501,95,500,90,early_first_window,1,0.718,-0.023643310546874963,39.0,26.0
502,95,500,90,early_first_window,1,0.718,-0.023643310546874963,39.0,26.0
503,95,500,90,early_first_window,1,0.718,-0.023643310546874963,39.0,26.0
504,95,500,90,early_first_window,1,0.718,-0.023643310546874963,39.0,26.0
505,95,500,90,early_first_window,1,0.718,-0.023643310546874963,39.0,26.0
506,96,500,110,early_first_window,1,0.738,-0.3237714843749999,61.0,18.0
507,96,500,110,early_first_window,1,0.738,-0.3237714843749999,61.0,18.0
508,96,500,110,early_first_window,1,0.738,-0.3237714843749999,61.0,18.0
509,96,500,110,early_first_window,1,0.738,-0.3237714843749999,61.0,18.0
510,96,500,110,early_first_window,1,0.738,-0.3237714843749999,61.0,18.0
511,96,500,110,early_first_window,1,0.738,-0.3237714843749999,61.0,18.0
512,96,500,110,early_first_window,1,0.738,-0.3237714843749999,61.0,18.0
513,96,500,110,early_first_window,1,0.738,-0.3237714843749999,61.0,18.0
514,96,500,110,early_first_window,1,0.738,-0.3237714843749999,61.0,18.0
515,96,500,110,early_first_window,1,0.738,-0.3237714843749999,61.0,18.0
516,96,500,110,early_first_window,1,0.738,-0.3237714843749999,61.0,18.0
517,97,500,86,early_first_window,1,0.6759999999999999,-0.0008359374999999947,46.0,25.0
518,97,500,86,early_first_window,1,0.6759999999999999,-0.0008359374999999947,46.0,25.0
519,97,500,86,early_first_window,1,0.6759999999999999,-0.0008359374999999947,46.0,25.0
520,97,500,86,early_first_window,1,0.6759999999999999,-0.0008359374999999947,46.0,25.0
521,97,500,86,early_first_window,1,0.6759999999999999,-0.0008359374999999947,46.0,25.0
522,97,500,86,early_first_window,1,0.6759999999999999,-0.0008359374999999947,46.0,25.0
523,97,500,86,early_first_window,1,0.6759999999999999,-0.0008359374999999947,46.0,25.0
524,97,500,86,early_first_window,1,0.6759999999999999,-0.0008359374999999947,46.0,25.0
525,97,500,86,early_first_window,1,0.6759999999999999,-0.0008359374999999947,46.0,25.0
526,97,500,86,early_first_window,1,0.6759999999999999,-0.0008359374999999947,46.0,25.0
527,97,500,86,early_first_window,1,0.6759999999999999,-0.0008359374999999947,46.0,25.0
528,98,500,105,early_first_window,1,0.718,-0.04568798828124998,58.0,28.0
529,98,500,105,early_first_window,1,0.718,-0.04568798828124998,58.0,28.0
530,98,500,105,early_first_window,1,0.718,-0.04568798828124998,58.0,28.0
531,98,500,105,early_first_window,1,0.718,-0.04568798828124998,58.0,28.0
532,98,500,105,early_first_window,1,0.718,-0.04568798828124998,58.0,28.0
533,98,500,105,early_first_window,1,0.718,-0.04568798828124998,58.0,28.0
534,98,500,105,early_first_window,1,0.718,-0.04568798828124998,58.0,28.0
535,98,500,105,early_first_window,1,0.718,-0.04568798828124998,58.0,28.0
536,98,500,105,early_first_window,1,0.718,-0.04568798828124998,58.0,28.0
537,98,500,105,early_first_window,1,0.718,-0.04568798828124998,58.0,28.0
538,98,500,105,early_first_window,1,0.718,-0.04568798828124998,58.0,28.0
539,99,500,105,early_first_window,1,0.6799999999999999,0.0024429931640624902,49.0,25.0
540,99,500,105,early_first_window,1,0.6799999999999999,0.0024429931640624902,49.0,25.0
541,99,500,105,early_first_window,1,0.6799999999999999,0.0024429931640624902,49.0,25.0
542,99,500,105,early_first_window,1,0.6799999999999999,0.0024429931640624902,49.0,25.0
543,99,500,105,early_first_window,1,0.6799999999999999,0.0024429931640624902,49.0,25.0
544,99,500,105,early_first_window,1,0.6799999999999999,0.0024429931640624902,49.0,25.0
545,99,500,105,early_first_window,1,0.6799999999999999,0.0024429931640624902,49.0,25.0
546,99,500,105,early_first_window,1,0.6799999999999999,0.0024429931640624902,49.0,25.0
547,99,500,105,early_first_window,1,0.6799999999999999,0.0024429931640624902,49.0,25.0
548,99,500,105,early_first_window,1,0.6799999999999999,0.0024429931640624902,49.0,25.0
549,99,500,105,early_first_window,1,0.6799999999999999,0.0024429931640624902,49.0,25.0
550,100,500,12,early_first_window,1,0.0020000000000000018,0.006311645507812491,0.0,11.0
551,100,500,12,early_first_window,1,0.0020000000000000018,0.006311645507812491,0.0,11.0
552,100,500,12,early_first_window,1,0.0020000000000000018,0.006311645507812491,0.0,11.0
553,100,500,12,early_first_window,1,0.0020000000000000018,0.006311645507812491,0.0,11.0
554,100,500,12,early_first_window,1,0.0020000000000000018,0.006311645507812491,0.0,11.0
555,100,500,12,early_first_window,1,0.0020000000000000018,0.006311645507812491,0.0,11.0
556,100,500,12,early_first_window,1,0.0020000000000000018,0.006311645507812491,0.0,11.0
557,100,500,12,early_first_window,1,0.0020000000000000018,0.006311645507812491,0.0,11.0
558,100,500,12,early_first_window,1,0.0020000000000000018,0.006311645507812491,0.0,11.0
559,100,500,12,early_first_window,1,0.0020000000000000018,0.006311645507812491,0.0,11.0
560,100,500,12,early_first_window,1,0.0020000000000000018,0.006311645507812491,0.0,11.0
561,101,500,89,early_first_window,1,0.762,-0.17327258300781256,51.0,18.0
562,101,500,89,early_first_window,1,0.762,-0.17327258300781256,51.0,18.0
563,101,500,89,early_first_window,1,0.762,-0.17327258300781256,51.0,18.0
564,101,500,89,early_first_window,1,0.762,-0.17327258300781256,51.0,18.0
565,101,500,89,early_first_window,1,0.762,-0.17327258300781256,51.0,18.0
566,101,500,89,early_first_window,1,0.762,-0.17327258300781256,51.0,18.0
567,101,500,89,early_first_window,1,0.762,-0.17327258300781256,51.0,18.0
568,101,500,89,early_first_window,1,0.762,-0.17327258300781256,51.0,18.0
569,101,500,89,early_first_window,1,0.762,-0.17327258300781256,51.0,18.0
570,101,500,89,early_first_window,1,0.762,-0.17327258300781256,51.0,18.0
571,101,500,89,early_first_window,1,0.762,-0.17327258300781256,51.0,18.0
572,102,500,123,early_first_window,1,0.714,-0.11734399414062491,54.0,26.0
573,102,500,123,early_first_window,1,0.708,-0.11734399414062491,54.0,26.0
574,102,500,123,early_first_window,1,0.708,-0.11734399414062491,54.0,26.0
575,102,500,123,early_first_window,1,0.708,-0.11734399414062491,54.0,26.0
576,102,500,123,early_first_window,1,0.708,-0.11734399414062491,54.0,26.0
577,102,500,123,early_first_window,1,0.708,-0.11734399414062491,54.0,26.0
578,102,500,123,early_first_window,1,0.708,-0.11734399414062491,54.0,26.0
579,102,500,123,early_first_window,1,0.708,-0.11734399414062491,54.0,26.0
580,102,500,123,early_first_window,1,0.708,-0.11734399414062491,54.0,26.0
581,102,500,123,early_first_window,1,0.708,-0.11734399414062491,54.0,26.0
582,102,500,123,early_first_window,1,0.708,-0.11734399414062491,54.0,26.0
583,103,500,18,early_first_window,1,0.0040000000000000036,0.005375610351562532,5.0,17.0
584,103,500,18,early_first_window,1,0.0040000000000000036,0.005375610351562532,5.0,17.0
585,103,500,18,early_first_window,1,0.0040000000000000036,0.005375610351562532,5.0,17.0
586,103,500,18,early_first_window,1,0.0040000000000000036,0.005375610351562532,5.0,17.0
587,103,500,18,early_first_window,1,0.0040000000000000036,0.005375610351562532,5.0,17.0
588,103,500,18,early_first_window,1,0.0040000000000000036,0.005375610351562532,5.0,17.0
589,103,500,18,early_first_window,1,0.0040000000000000036,0.005375610351562532,5.0,17.0
590,103,500,18,early_first_window,1,0.0040000000000000036,0.005375610351562532,5.0,17.0
591,103,500,18,early_first_window,1,0.0040000000000000036,0.005375610351562532,5.0,17.0
592,103,500,18,early_first_window,1,0.0040000000000000036,0.005375610351562532,5.0,17.0
593,103,500,18,early_first_window,1,0.0040000000000000036,0.005375610351562532,5.0,17.0
594,104,500,115,early_first_window,1,0.65,-0.019394531249999902,39.0,25.0
595,104,500,115,early_first_window,1,0.65,-0.019394531249999902,39.0,25.0
596,104,500,115,early_first_window,1,0.65,-0.019394531249999902,39.0,25.0
597,104,500,115,early_first_window,1,0.65,-0.019394531249999902,39.0,25.0
598,104,500,115,early_first_window,1,0.65,-0.019394531249999902,39.0,25.0
599,104,500,115,early_first_window,1,0.65,-0.019394531249999902,39.0,25.0
600,104,500,115,early_first_window,1,0.65,-0.019394531249999902,39.0,25.0
601,104,500,115,early_first_window,1,0.65,-0.019394531249999902,39.0,25.0
602,104,500,115,early_first_window,1,0.65,-0.019394531249999902,39.0,25.0
603,104,500,115,early_first_window,1,0.65,-0.019394531249999902,39.0,25.0
604,104,500,115,early_first_window,1,0.65,-0.019394531249999902,39.0,25.0
605,105,500,37,early_first_window,1,0.020000000000000018,0.008176208496093795,9.0,25.0
606,105,500,37,early_first_window,1,0.020000000000000018,0.008176208496093795,9.0,25.0
607,105,500,37,early_first_window,1,0.020000000000000018,0.008176208496093795,9.0,25.0
608,105,500,37,early_first_window,1,0.020000000000000018,0.008176208496093795,9.0,25.0
609,105,500,37,early_first_window,1,0.020000000000000018,0.008176208496093795,9.0,25.0
610,105,500,37,early_first_window,1,0.020000000000000018,0.008176208496093795,9.0,25.0
611,105,500,37,early_first_window,1,0.020000000000000018,0.008176208496093795,9.0,25.0
612,105,500,37,early_first_window,1,0.020000000000000018,0.008176208496093795,9.0,25.0
613,105,500,37,early_first_window,1,0.020000000000000018,0.008176208496093795,9.0,25.0
614,105,500,37,early_first_window,1,0.020000000000000018,0.008176208496093795,9.0,25.0
615,105,500,37,early_first_window,1,0.020000000000000018,0.008176208496093795,9.0,25.0
616,106,500,76,early_first_window,1,0.734,0.01621801757812502,34.0,25.0
617,106,500,76,early_first_window,1,0.734,0.01621801757812502,34.0,25.0
618,106,500,76,early_first_window,1,0.734,0.01621801757812502,34.0,25.0
619,106,500,76,early_first_window,1,0.734,0.01621801757812502,34.0,25.0
620,106,500,76,early_first_window,1,0.734,0.01621801757812502,34.0,25.0
621,106,500,76,early_first_window,1,0.734,0.01621801757812502,34.0,25.0
622,106,500,76,early_first_window,1,0.734,0.01621801757812502,34.0,25.0
623,106,500,76,early_first_window,1,0.734,0.01621801757812502,34.0,25.0
624,106,500,76,early_first_window,1,0.738,0.01621801757812502,34.0,25.0
625,106,500,76,early_first_window,1,0.738,0.01621801757812502,34.0,25.0
626,106,500,76,early_first_window,1,0.738,0.01621801757812502,34.0,25.0
627,107,500,12,early_first_window,1,0.0020000000000000018,0.006311645507812491,0.0,11.0
628,107,500,12,early_first_window,1,0.0020000000000000018,0.006311645507812491,0.0,11.0
629,107,500,12,early_first_window,1,0.0020000000000000018,0.006311645507812491,0.0,11.0
630,107,500,12,early_first_window,1,0.0020000000000000018,0.006311645507812491,0.0,11.0
631,107,500,12,early_first_window,1,0.0020000000000000018,0.006311645507812491,0.0,11.0
632,107,500,12,early_first_window,1,0.0020000000000000018,0.006311645507812491,0.0,11.0
633,107,500,12,early_first_window,1,0.0020000000000000018,0.006311645507812491,0.0,11.0
634,107,500,12,early_first_window,1,0.0020000000000000018,0.006311645507812491,0.0,11.0
635,107,500,12,early_first_window,1,0.0020000000000000018,0.006311645507812491,0.0,11.0
636,107,500,12,early_first_window,1,0.0020000000000000018,0.006311645507812491,0.0,11.0
637,107,500,12,early_first_window,1,0.0020000000000000018,0.006311645507812491,0.0,11.0
638,108,500,23,early_first_window,1,0.006000000000000005,0.003806518554687499,10.0,18.0
639,108,500,23,early_first_window,1,0.006000000000000005,0.003806518554687499,10.0,18.0
640,108,500,23,early_first_window,1,0.006000000000000005,0.003806518554687499,10.0,18.0
641,108,500,23,early_first_window,1,0.006000000000000005,0.003806518554687499,10.0,18.0
642,108,500,23,early_first_window,1,0.006000000000000005,0.003806518554687499,10.0,18.0
643,108,500,23,early_first_window,1,0.006000000000000005,0.003806518554687499,10.0,18.0
644,108,500,23,early_first_window,1,0.006000000000000005,0.003806518554687499,10.0,18.0
645,108,500,23,early_first_window,1,0.006000000000000005,0.003806518554687499,10.0,18.0
646,108,500,23,early_first_window,1,0.006000000000000005,0.003806518554687499,10.0,18.0
647,108,500,23,early_first_window,1,0.006000000000000005,0.003806518554687499,10.0,18.0
648,108,500,23,early_first_window,1,0.006000000000000005,0.003806518554687499,10.0,18.0
649,109,500,108,early_first_window,1,0.704,-0.12392749023437499,49.0,12.0
650,109,500,108,early_first_window,1,0.704,-0.12392749023437499,49.0,12.0
651,109,500,108,early_first_window,1,0.704,-0.12392749023437499,49.0,12.0
652,109,500,108,early_first_window,1,0.706,-0.12392749023437499,49.0,12.0
653,109,500,108,early_first_window,1,0.706,-0.12392749023437499,49.0,12.0
654,109,500,108,early_first_window,1,0.706,-0.12392749023437499,49.0,12.0
655,109,500,108,early_first_window,1,0.706,-0.12392749023437499,49.0,12.0
656,109,500,108,early_first_window,1,0.706,-0.12392749023437499,49.0,12.0
657,109,500,108,early_first_window,1,0.706,-0.12392749023437499,49.0,12.0
658,109,500,108,early_first_window,1,0.706,-0.12392749023437499,49.0,12.0
659,109,500,108,early_first_window,1,0.706,-0.12392749023437499,49.0,12.0
660,110,500,118,early_first_window,1,0.6639999999999999,-0.40588513183593755,46.0,18.0
661,110,500,118,early_first_window,1,0.6659999999999999,-0.40588513183593755,46.0,18.0
662,110,500,118,early_first_window,1,0.6659999999999999,-0.40588513183593755,46.0,18.0
663,110,500,118,early_first_window,1,0.6659999999999999,-0.40588513183593755,46.0,18.0
664,110,500,118,early_first_window,1,0.6659999999999999,-0.40588513183593755,46.0,18.0
665,110,500,118,early_first_window,1,0.6659999999999999,-0.40588513183593755,46.0,18.0
666,110,500,118,early_first_window,1,0.6659999999999999,-0.40588513183593755,46.0,18.0
667,110,500,118,early_first_window,1,0.6659999999999999,-0.40588513183593755,46.0,18.0
668,110,500,118,early_first_window,1,0.6659999999999999,-0.40588513183593755,46.0,18.0
669,110,500,118,early_first_window,1,0.6659999999999999,-0.40588513183593755,46.0,18.0
670,110,500,118,early_first_window,1,0.6659999999999999,-0.40588513183593755,46.0,18.0
671,111,500,103,early_first_window,1,0.6699999999999999,-0.034425781249999954,59.0,27.0
672,111,500,103,early_first_window,1,0.6699999999999999,-0.034425781249999954,59.0,27.0
673,111,500,103,early_first_window,1,0.6699999999999999,-0.034425781249999954,59.0,27.0
674,111,500,103,early_first_window,1,0.6699999999999999,-0.034425781249999954,59.0,27.0
675,111,500,103,early_first_window,1,0.6699999999999999,-0.034425781249999954,59.0,27.0
676,111,500,103,early_first_window,1,0.6699999999999999,-0.034425781249999954,59.0,27.0
677,111,500,103,early_first_window,1,0.6699999999999999,-0.034425781249999954,59.0,27.0
678,111,500,103,early_first_window,1,0.6699999999999999,-0.034425781249999954,59.0,27.0
679,111,500,103,early_first_window,1,0.6699999999999999,-0.034425781249999954,59.0,27.0
680,111,500,103,early_first_window,1,0.6699999999999999,-0.034425781249999954,59.0,27.0
681,111,500,103,early_first_window,1,0.6699999999999999,-0.034425781249999954,59.0,27.0
682,112,500,23,early_first_window,1,0.01200000000000001,0.02748687744140621,11.0,21.0
683,112,500,23,early_first_window,1,0.01200000000000001,0.02748687744140621,11.0,21.0
684,112,500,23,early_first_window,1,0.01200000000000001,0.02748687744140621,11.0,21.0
685,112,500,23,early_first_window,1,0.01200000000000001,0.02748687744140621,11.0,21.0
686,112,500,23,early_first_window,1,0.01200000000000001,0.02748687744140621,11.0,21.0
687,112,500,23,early_first_window,1,0.01200000000000001,0.02748687744140621,11.0,21.0
688,112,500,23,early_first_window,1,0.01200000000000001,0.02748687744140621,11.0,21.0
689,112,500,23,early_first_window,1,0.01200000000000001,0.02748687744140621,11.0,21.0
690,112,500,23,early_first_window,1,0.01200000000000001,0.02748687744140621,11.0,21.0
691,112,500,23,early_first_window,1,0.01200000000000001,0.02748687744140621,11.0,21.0
692,112,500,23,early_first_window,1,0.01200000000000001,0.02748687744140621,11.0,21.0
693,113,500,12,early_first_window,1,0.0020000000000000018,0.006311645507812491,0.0,11.0
694,113,500,12,early_first_window,1,0.0020000000000000018,0.006311645507812491,0.0,11.0
695,113,500,12,early_first_window,1,0.0020000000000000018,0.006311645507812491,0.0,11.0
696,113,500,12,early_first_window,1,0.0020000000000000018,0.006311645507812491,0.0,11.0
697,113,500,12,early_first_window,1,0.0020000000000000018,0.006311645507812491,0.0,11.0
698,113,500,12,early_first_window,1,0.0020000000000000018,0.006311645507812491,0.0,11.0
699,113,500,12,early_first_window,1,0.0020000000000000018,0.006311645507812491,0.0,11.0
700,113,500,12,early_first_window,1,0.0020000000000000018,0.006311645507812491,0.0,11.0
701,113,500,12,early_first_window,1,0.0020000000000000018,0.006311645507812491,0.0,11.0
702,113,500,12,early_first_window,1,0.0020000000000000018,0.006311645507812491,0.0,11.0
703,113,500,12,early_first_window,1,0.0020000000000000018,0.006311645507812491,0.0,11.0
704,114,500,12,early_first_window,1,0.0020000000000000018,0.006311645507812491,0.0,11.0
705,114,500,12,early_first_window,1,0.0020000000000000018,0.006311645507812491,0.0,11.0
706,114,500,12,early_first_window,1,0.0020000000000000018,0.006311645507812491,0.0,11.0
707,114,500,12,early_first_window,1,0.0020000000000000018,0.006311645507812491,0.0,11.0
708,114,500,12,early_first_window,1,0.0020000000000000018,0.006311645507812491,0.0,11.0
709,114,500,12,early_first_window,1,0.0020000000000000018,0.006311645507812491,0.0,11.0
710,114,500,12,early_first_window,1,0.0020000000000000018,0.006311645507812491,0.0,11.0
711,114,500,12,early_first_window,1,0.0020000000000000018,0.006311645507812491,0.0,11.0
712,114,500,12,early_first_window,1,0.0020000000000000018,0.006311645507812491,0.0,11.0
713,114,500,12,early_first_window,1,0.0020000000000000018,0.006311645507812491,0.0,11.0
714,114,500,12,early_first_window,1,0.0020000000000000018,0.006311645507812491,0.0,11.0
715,115,500,120,early_first_window,1,0.692,-0.10437524414062493,47.0,26.0
716,115,500,120,early_first_window,1,0.692,-0.10437524414062493,47.0,26.0
717,115,500,120,early_first_window,1,0.692,-0.10437524414062493,47.0,26.0
718,115,500,120,early_first_window,1,0.692,-0.10437524414062493,47.0,26.0
719,115,500,120,early_first_window,1,0.692,-0.10437524414062493,47.0,26.0
720,115,500,120,early_first_window,1,0.692,-0.10437524414062493,47.0,26.0
721,115,500,120,early_first_window,1,0.692,-0.10437524414062493,47.0,26.0
722,115,500,120,early_first_window,1,0.692,-0.10437524414062493,47.0,26.0
723,115,500,120,early_first_window,1,0.692,-0.10437524414062493,47.0,26.0
724,115,500,120,early_first_window,1,0.692,-0.10437524414062493,47.0,26.0
725,115,500,120,early_first_window,1,0.692,-0.10437524414062493,47.0,26.0
726,116,500,88,early_first_window,1,0.69,-0.16793945312500003,42.0,18.0
727,116,500,88,early_first_window,1,0.69,-0.16793945312500003,42.0,18.0
728,116,500,88,early_first_window,1,0.69,-0.16793945312500003,42.0,18.0
729,116,500,88,early_first_window,1,0.69,-0.16793945312500003,42.0,18.0
730,116,500,88,early_first_window,1,0.69,-0.16793945312500003,42.0,18.0
731,116,500,88,early_first_window,1,0.69,-0.16793945312500003,42.0,18.0
732,116,500,88,early_first_window,1,0.69,-0.16793945312500003,42.0,18.0
733,116,500,88,early_first_window,1,0.69,-0.16793945312500003,42.0,18.0
734,116,500,88,early_first_window,1,0.69,-0.16793945312500003,42.0,18.0
735,116,500,88,early_first_window,1,0.69,-0.16793945312500003,42.0,18.0
736,116,500,88,early_first_window,1,0.69,-0.16793945312500003,42.0,18.0
737,117,500,132,early_first_window,1,0.708,-0.07501196289062495,69.0,25.0
738,117,500,132,early_first_window,1,0.706,-0.07501196289062495,69.0,25.0
739,117,500,132,early_first_window,1,0.706,-0.07501196289062495,69.0,25.0
740,117,500,132,early_first_window,1,0.706,-0.07501196289062495,69.0,25.0
741,117,500,132,early_first_window,1,0.706,-0.07501196289062495,69.0,25.0
742,117,500,132,early_first_window,1,0.706,-0.07501196289062495,69.0,25.0
743,117,500,132,early_first_window,1,0.706,-0.07501196289062495,69.0,25.0
744,117,500,132,early_first_window,1,0.706,-0.07501196289062495,69.0,25.0
745,117,500,132,early_first_window,1,0.706,-0.07501196289062495,69.0,25.0
746,117,500,132,early_first_window,1,0.706,-0.07501196289062495,69.0,25.0
747,117,500,132,early_first_window,1,0.706,-0.07501196289062495,69.0,25.0
748,118,500,12,early_first_window,1,0.0020000000000000018,0.006311645507812491,0.0,11.0
749,118,500,12,early_first_window,1,0.0020000000000000018,0.006311645507812491,0.0,11.0
750,118,500,12,early_first_window,1,0.0020000000000000018,0.006311645507812491,0.0,11.0
751,118,500,12,early_first_window,1,0.0020000000000000018,0.006311645507812491,0.0,11.0
752,118,500,12,early_first_window,1,0.0020000000000000018,0.006311645507812491,0.0,11.0
753,118,500,12,early_first_window,1,0.0020000000000000018,0.006311645507812491,0.0,11.0
754,118,500,12,early_first_window,1,0.0020000000000000018,0.006311645507812491,0.0,11.0
755,118,500,12,early_first_window,1,0.0020000000000000018,0.006311645507812491,0.0,11.0
756,118,500,12,early_first_window,1,0.0020000000000000018,0.006311645507812491,0.0,11.0
757,118,500,12,early_first_window,1,0.0020000000000000018,0.006311645507812491,0.0,11.0
758,118,500,12,early_first_window,1,0.0020000000000000018,0.006311645507812491,0.0,11.0
759,119,500,95,early_first_window,1,0.71,-0.011854431152343858,48.0,25.0
760,119,500,95,early_first_window,1,0.71,-0.011854431152343858,48.0,25.0
761,119,500,95,early_first_window,1,0.71,-0.011854431152343858,48.0,25.0
762,119,500,95,early_first_window,1,0.71,-0.011854431152343858,48.0,25.0
763,119,500,95,early_first_window,1,0.71,-0.011854431152343858,48.0,25.0
764,119,500,95,early_first_window,1,0.71,-0.011854431152343858,48.0,25.0
765,119,500,95,early_first_window,1,0.71,-0.011854431152343858,48.0,25.0
766,119,500,95,early_first_window,1,0.71,-0.011854431152343858,48.0,25.0
767,119,500,95,early_first_window,1,0.71,-0.011854431152343858,48.0,25.0
768,119,500,95,early_first_window,1,0.71,-0.011854431152343858,48.0,25.0
769,119,500,95,early_first_window,1,0.71,-0.011854431152343858,48.0,25.0
770,120,500,17,early_first_window,1,0.0040000000000000036,0.02463928222656253,4.0,16.0
771,120,500,17,early_first_window,1,0.0040000000000000036,0.02463928222656253,4.0,16.0
772,120,500,17,early_first_window,1,0.0040000000000000036,0.02463928222656253,4.0,16.0
773,120,500,17,early_first_window,1,0.0040000000000000036,0.02463928222656253,4.0,16.0
774,120,500,17,early_first_window,1,0.0040000000000000036,0.02463928222656253,4.0,16.0
775,120,500,17,early_first_window,1,0.0040000000000000036,0.02463928222656253,4.0,16.0
776,120,500,17,early_first_window,1,0.0040000000000000036,0.02463928222656253,4.0,16.0
777,120,500,17,early_first_window,1,0.0040000000000000036,0.02463928222656253,4.0,16.0
778,120,500,17,early_first_window,1,0.0040000000000000036,0.02463928222656253,4.0,16.0
779,120,500,17,early_first_window,1,0.0040000000000000036,0.02463928222656253,4.0,16.0
780,120,500,17,early_first_window,1,0.0040000000000000036,0.02463928222656253,4.0,16.0
781,121,500,96,early_first_window,1,0.644,-0.018421875000000032,48.0,25.0
782,121,500,96,early_first_window,1,0.646,-0.018421875000000032,48.0,25.0
783,121,500,96,early_first_window,1,0.646,-0.018421875000000032,48.0,25.0
784,121,500,96,early_first_window,1,0.646,-0.018421875000000032,48.0,25.0
785,121,500,96,early_first_window,1,0.646,-0.018421875000000032,48.0,25.0
786,121,500,96,early_first_window,1,0.646,-0.018421875000000032,48.0,25.0
787,121,500,96,early_first_window,1,0.646,-0.018421875000000032,48.0,25.0
788,121,500,96,early_first_window,1,0.646,-0.018421875000000032,48.0,25.0
789,121,500,96,early_first_window,1,0.646,-0.018421875000000032,48.0,25.0
790,121,500,96,early_first_window,1,0.646,-0.018421875000000032,48.0,25.0
791,121,500,96,early_first_window,1,0.646,-0.018421875000000032,48.0,25.0
792,122,500,85,early_first_window,1,0.6819999999999999,-0.02458007812500007,36.0,26.0
793,122,500,85,early_first_window,1,0.6819999999999999,-0.02458007812500007,36.0,26.0
794,122,500,85,early_first_window,1,0.6819999999999999,-0.02458007812500007,36.0,26.0
795,122,500,85,early_first_window,1,0.6819999999999999,-0.02458007812500007,36.0,26.0
796,122,500,85,early_first_window,1,0.6819999999999999,-0.02458007812500007,36.0,26.0
797,122,500,85,early_first_window,1,0.6819999999999999,-0.02458007812500007,36.0,26.0
798,122,500,85,early_first_window,1,0.6819999999999999,-0.02458007812500007,36.0,26.0
799,122,500,85,early_first_window,1,0.6819999999999999,-0.02458007812500007,36.0,26.0
800,122,500,85,early_first_window,1,0.6819999999999999,-0.02458007812500007,36.0,26.0
801,122,500,85,early_first_window,1,0.6819999999999999,-0.02458007812500007,36.0,26.0
802,122,500,85,early_first_window,1,0.6819999999999999,-0.02458007812500007,36.0,26.0
803,123,500,12,early_first_window,1,0.0020000000000000018,0.006311645507812491,0.0,11.0
804,123,500,12,early_first_window,1,0.0020000000000000018,0.006311645507812491,0.0,11.0
805,123,500,12,early_first_window,1,0.0020000000000000018,0.006311645507812491,0.0,11.0
806,123,500,12,early_first_window,1,0.0020000000000000018,0.006311645507812491,0.0,11.0
807,123,500,12,early_first_window,1,0.0020000000000000018,0.006311645507812491,0.0,11.0
808,123,500,12,early_first_window,1,0.0020000000000000018,0.006311645507812491,0.0,11.0
809,123,500,12,early_first_window,1,0.0020000000000000018,0.006311645507812491,0.0,11.0
810,123,500,12,early_first_window,1,0.0020000000000000018,0.006311645507812491,0.0,11.0
811,123,500,12,early_first_window,1,0.0020000000000000018,0.006311645507812491,0.0,11.0
812,123,500,12,early_first_window,1,0.0020000000000000018,0.006311645507812491,0.0,11.0
813,123,500,12,early_first_window,1,0.0020000000000000018,0.006311645507812491,0.0,11.0
814,124,500,91,early_first_window,1,0.758,-0.05069458007812511,42.0,12.0
815,124,500,91,early_first_window,1,0.758,-0.05069458007812511,42.0,12.0
816,124,500,91,early_first_window,1,0.758,-0.05069458007812511,42.0,12.0
817,124,500,91,early_first_window,1,0.758,-0.05069458007812511,42.0,12.0
818,124,500,91,early_first_window,1,0.758,-0.05069458007812511,42.0,12.0
819,124,500,91,early_first_window,1,0.76,-0.05069458007812511,42.0,12.0
820,124,500,91,early_first_window,1,0.76,-0.05069458007812511,42.0,12.0
821,124,500,91,early_first_window,1,0.76,-0.05069458007812511,42.0,12.0
822,124,500,91,early_first_window,1,0.76,-0.05069458007812511,42.0,12.0
823,124,500,91,early_first_window,1,0.76,-0.05069458007812511,42.0,12.0
824,124,500,91,early_first_window,1,0.76,-0.05069458007812511,42.0,12.0
825,125,500,12,early_first_window,1,0.0020000000000000018,0.006311645507812491,0.0,11.0
826,125,500,12,early_first_window,1,0.0020000000000000018,0.006311645507812491,0.0,11.0
827,125,500,12,early_first_window,1,0.0020000000000000018,0.006311645507812491,0.0,11.0
828,125,500,12,early_first_window,1,0.0020000000000000018,0.006311645507812491,0.0,11.0
829,125,500,12,early_first_window,1,0.0020000000000000018,0.006311645507812491,0.0,11.0
830,125,500,12,early_first_window,1,0.0020000000000000018,0.006311645507812491,0.0,11.0
831,125,500,12,early_first_window,1,0.0020000000000000018,0.006311645507812491,0.0,11.0
832,125,500,12,early_first_window,1,0.0020000000000000018,0.006311645507812491,0.0,11.0
833,125,500,12,early_first_window,1,0.0020000000000000018,0.006311645507812491,0.0,11.0
834,125,500,12,early_first_window,1,0.0020000000000000018,0.006311645507812491,0.0,11.0
835,125,500,12,early_first_window,1,0.0020000000000000018,0.006311645507812491,0.0,11.0
836,126,500,89,early_first_window,1,0.73,0.024805419921875016,43.0,25.0
837,126,500,89,early_first_window,1,0.73,0.024805419921875016,43.0,25.0
838,126,500,89,early_first_window,1,0.73,0.024805419921875016,43.0,25.0
839,126,500,89,early_first_window,1,0.73,0.024805419921875016,43.0,25.0
840,126,500,89,early_first_window,1,0.73,0.024805419921875016,43.0,25.0
841,126,500,89,early_first_window,1,0.73,0.024805419921875016,43.0,25.0
842,126,500,89,early_first_window,1,0.73,0.024805419921875016,43.0,25.0
843,126,500,89,early_first_window,1,0.73,0.024805419921875016,43.0,25.0
844,126,500,89,early_first_window,1,0.73,0.024805419921875016,43.0,25.0
845,126,500,89,early_first_window,1,0.73,0.024805419921875016,43.0,25.0
846,126,500,89,early_first_window,1,0.73,0.024805419921875016,43.0,25.0
847,127,500,119,early_first_window,1,0.6679999999999999,-0.08324768066406252,50.0,27.0
848,127,500,119,early_first_window,1,0.6679999999999999,-0.08324768066406252,50.0,27.0
849,127,500,119,early_first_window,1,0.6679999999999999,-0.08324768066406252,50.0,27.0
850,127,500,119,early_first_window,1,0.6699999999999999,-0.08324768066406252,50.0,27.0
851,127,500,119,early_first_window,1,0.6699999999999999,-0.08324768066406252,50.0,27.0
852,127,500,119,early_first_window,1,0.6699999999999999,-0.08324768066406252,50.0,27.0
853,127,500,119,early_first_window,1,0.6699999999999999,-0.08324768066406252,50.0,27.0
854,127,500,119,early_first_window,1,0.6699999999999999,-0.08324768066406252,50.0,27.0
855,127,500,119,early_first_window,1,0.6699999999999999,-0.08324768066406252,50.0,27.0
856,127,500,119,early_first_window,1,0.6699999999999999,-0.08324768066406252,50.0,27.0
857,127,500,119,early_first_window,1,0.6699999999999999,-0.08324768066406252,50.0,27.0
858,128,500,112,early_first_window,1,0.736,-0.08547399902343744,61.0,26.0
859,128,500,112,early_first_window,1,0.736,-0.08547399902343744,61.0,26.0
860,128,500,112,early_first_window,1,0.736,-0.08547399902343744,61.0,26.0
861,128,500,112,early_first_window,1,0.736,-0.08547399902343744,61.0,26.0
862,128,500,112,early_first_window,1,0.736,-0.08547399902343744,61.0,26.0
863,128,500,112,early_first_window,1,0.736,-0.08547399902343744,61.0,26.0
864,128,500,112,early_first_window,1,0.736,-0.08547399902343744,61.0,26.0
865,128,500,112,early_first_window,1,0.736,-0.08547399902343744,61.0,26.0
866,128,500,112,early_first_window,1,0.736,-0.08547399902343744,61.0,26.0
867,128,500,94,early_first_window,1,0.792,-0.0348789062499999,59.0,26.0
868,128,500,94,early_first_window,1,0.792,-0.0348789062499999,59.0,26.0
869,129,500,28,early_first_window,1,0.016000000000000014,0.027866333007812494,15.0,26.0
870,129,500,28,early_first_window,1,0.016000000000000014,0.027866333007812494,15.0,26.0
871,129,500,28,early_first_window,1,0.016000000000000014,0.027866333007812494,15.0,26.0
872,129,500,28,early_first_window,1,0.016000000000000014,0.027866333007812494,15.0,26.0
873,129,500,28,early_first_window,1,0.016000000000000014,0.027866333007812494,15.0,26.0
874,129,500,28,early_first_window,1,0.016000000000000014,0.027866333007812494,15.0,26.0
875,129,500,28,early_first_window,1,0.016000000000000014,0.027866333007812494,15.0,26.0
876,129,500,28,early_first_window,1,0.016000000000000014,0.027866333007812494,15.0,26.0
877,129,500,28,early_first_window,1,0.016000000000000014,0.027866333007812494,15.0,26.0
878,129,500,28,early_first_window,1,0.016000000000000014,0.027866333007812494,15.0,26.0
879,129,500,28,early_first_window,1,0.016000000000000014,0.027866333007812494,15.0,26.0
880,130,500,90,early_first_window,1,0.706,0.006989257812500038,49.0,25.0
881,130,500,90,early_first_window,1,0.706,0.006989257812500038,49.0,25.0
882,130,500,90,early_first_window,1,0.706,0.006989257812500038,49.0,25.0
883,130,500,90,early_first_window,1,0.706,0.006989257812500038,49.0,25.0
884,130,500,90,early_first_window,1,0.706,0.006989257812500038,49.0,25.0
885,130,500,90,early_first_window,1,0.706,0.006989257812500038,49.0,25.0
886,130,500,90,early_first_window,1,0.706,0.006989257812500038,49.0,25.0
887,130,500,90,early_first_window,1,0.706,0.006989257812500038,49.0,25.0
888,130,500,90,early_first_window,1,0.706,0.006989257812500038,49.0,25.0
889,130,500,90,early_first_window,1,0.708,0.006989257812500038,49.0,25.0
890,130,500,90,early_first_window,1,0.708,0.006989257812500038,49.0,25.0
891,131,500,86,early_first_window,1,0.802,-0.0008359374999999947,43.0,25.0
892,131,500,86,early_first_window,1,0.802,-0.0008359374999999947,43.0,25.0
893,131,500,86,early_first_window,1,0.802,-0.0008359374999999947,43.0,25.0
894,131,500,86,early_first_window,1,0.802,-0.0008359374999999947,43.0,25.0
895,131,500,86,early_first_window,1,0.802,-0.0008359374999999947,43.0,25.0
896,131,500,86,early_first_window,1,0.802,-0.0008359374999999947,43.0,25.0
897,131,500,86,early_first_window,1,0.802,-0.0008359374999999947,43.0,25.0
898,131,500,86,early_first_window,1,0.802,-0.0008359374999999947,43.0,25.0
899,131,500,86,early_first_window,1,0.802,-0.0008359374999999947,43.0,25.0
900,131,500,86,early_first_window,1,0.802,-0.0008359374999999947,43.0,25.0
901,131,500,86,early_first_window,1,0.802,-0.0008359374999999947,43.0,25.0
902,132,500,128,early_first_window,1,0.746,-0.09233544921875003,55.0,25.0
903,132,500,128,early_first_window,1,0.746,-0.09233544921875003,55.0,25.0
904,132,500,128,early_first_window,1,0.746,-0.09233544921875003,55.0,25.0
905,132,500,128,early_first_window,1,0.746,-0.09233544921875003,55.0,25.0
906,132,500,128,early_first_window,1,0.746,-0.09233544921875003,55.0,25.0
907,132,500,128,early_first_window,1,0.746,-0.09233544921875003,55.0,25.0
908,132,500,128,early_first_window,1,0.746,-0.09233544921875003,55.0,25.0
909,132,500,128,early_first_window,1,0.746,-0.09233544921875003,55.0,25.0
910,132,500,128,early_first_window,1,0.746,-0.09233544921875003,55.0,25.0
911,132,500,128,early_first_window,1,0.746,-0.09233544921875003,55.0,25.0
912,132,500,128,early_first_window,1,0.746,-0.09233544921875003,55.0,25.0
913,133,500,86,early_first_window,1,0.6659999999999999,-0.157515380859375,39.0,18.0
914,133,500,86,early_first_window,1,0.6659999999999999,-0.157515380859375,39.0,18.0
915,133,500,86,early_first_window,1,0.6659999999999999,-0.157515380859375,39.0,18.0
916,133,500,86,early_first_window,1,0.6659999999999999,-0.157515380859375,39.0,18.0
917,133,500,86,early_first_window,1,0.6659999999999999,-0.157515380859375,39.0,18.0
918,133,500,86,early_first_window,1,0.6659999999999999,-0.157515380859375,39.0,18.0
919,133,500,86,early_first_window,1,0.6659999999999999,-0.157515380859375,39.0,18.0
920,133,500,86,early_first_window,1,0.6659999999999999,-0.157515380859375,39.0,18.0
921,133,500,86,early_first_window,1,0.6659999999999999,-0.157515380859375,39.0,18.0
922,133,500,86,early_first_window,1,0.6659999999999999,-0.157515380859375,39.0,18.0
923,133,500,86,early_first_window,1,0.6659999999999999,-0.157515380859375,39.0,18.0
924,134,500,105,early_first_window,1,0.746,-0.004089233398437475,68.0,25.0
925,134,500,105,early_first_window,1,0.746,-0.004089233398437475,68.0,25.0
926,134,500,105,early_first_window,1,0.746,-0.004089233398437475,68.0,25.0
927,134,500,105,early_first_window,1,0.746,-0.004089233398437475,68.0,25.0
928,134,500,105,early_first_window,1,0.746,-0.004089233398437475,68.0,25.0
929,134,500,105,early_first_window,1,0.746,-0.004089233398437475,68.0,25.0
930,134,500,105,early_first_window,1,0.746,-0.004089233398437475,68.0,25.0
931,134,500,105,early_first_window,1,0.746,-0.004089233398437475,68.0,25.0
932,134,500,105,early_first_window,1,0.746,-0.004089233398437475,68.0,25.0
933,134,500,105,early_first_window,1,0.746,-0.004089233398437475,68.0,25.0
934,134,500,105,early_first_window,1,0.746,-0.004089233398437475,68.0,25.0
935,135,500,89,early_first_window,1,0.744,0.024805419921875016,44.0,25.0
936,135,500,89,early_first_window,1,0.75,0.024805419921875016,44.0,25.0
937,135,500,89,early_first_window,1,0.75,0.024805419921875016,44.0,25.0
938,135,500,89,early_first_window,1,0.75,0.024805419921875016,44.0,25.0
939,135,500,89,early_first_window,1,0.75,0.024805419921875016,44.0,25.0
940,135,500,89,early_first_window,1,0.75,0.024805419921875016,44.0,25.0
941,135,500,89,early_first_window,1,0.75,0.024805419921875016,44.0,25.0
942,135,500,89,early_first_window,1,0.75,0.024805419921875016,44.0,25.0
943,135,500,89,early_first_window,1,0.75,0.024805419921875016,44.0,25.0
944,135,500,89,early_first_window,1,0.75,0.024805419921875016,44.0,25.0
945,135,500,89,early_first_window,1,0.75,0.024805419921875016,44.0,25.0
946,136,500,12,early_first_window,1,0.0020000000000000018,0.006311645507812491,0.0,11.0
947,136,500,12,early_first_window,1,0.0020000000000000018,0.006311645507812491,0.0,11.0
948,136,500,12,early_first_window,1,0.0020000000000000018,0.006311645507812491,0.0,11.0
949,136,500,12,early_first_window,1,0.0020000000000000018,0.006311645507812491,0.0,11.0
950,136,500,12,early_first_window,1,0.0020000000000000018,0.006311645507812491,0.0,11.0
951,136,500,12,early_first_window,1,0.0020000000000000018,0.006311645507812491,0.0,11.0
952,136,500,12,early_first_window,1,0.0020000000000000018,0.006311645507812491,0.0,11.0
953,136,500,12,early_first_window,1,0.0020000000000000018,0.006311645507812491,0.0,11.0
954,136,500,12,early_first_window,1,0.0020000000000000018,0.006311645507812491,0.0,11.0
955,136,500,12,early_first_window,1,0.0020000000000000018,0.006311645507812491,0.0,11.0
956,136,500,12,early_first_window,1,0.0020000000000000018,0.006311645507812491,0.0,11.0
957,137,500,87,early_first_window,1,0.748,0.06370190429687494,31.0,86.0
958,137,500,87,early_first_window,1,0.748,0.06370190429687494,31.0,86.0
959,137,500,87,early_first_window,1,0.748,0.06370190429687494,31.0,86.0
960,137,500,87,early_first_window,1,0.752,0.06370190429687494,33.0,86.0
961,137,500,87,early_first_window,1,0.752,0.06370190429687494,33.0,86.0
962,137,500,87,early_first_window,1,0.752,0.06370190429687494,33.0,86.0
963,137,500,87,early_first_window,1,0.752,0.06370190429687494,33.0,86.0
964,137,500,87,early_first_window,1,0.752,0.06370190429687494,33.0,86.0
965,137,500,87,early_first_window,1,0.754,0.06370190429687494,33.0,86.0
966,137,500,87,early_first_window,1,0.754,0.06370190429687494,33.0,86.0
967,137,500,87,early_first_window,1,0.754,0.06370190429687494,33.0,86.0
968,138,500,98,early_first_window,1,0.6779999999999999,-0.02319470214843755,44.0,25.0
969,138,500,98,early_first_window,1,0.6779999999999999,-0.02319470214843755,44.0,25.0
970,138,500,98,early_first_window,1,0.6779999999999999,-0.02319470214843755,44.0,25.0
971,138,500,98,early_first_window,1,0.7,-0.02319470214843755,44.0,25.0
972,138,500,98,early_first_window,1,0.7,-0.02319470214843755,44.0,25.0
973,138,500,98,early_first_window,1,0.7,-0.02319470214843755,44.0,25.0
974,138,500,98,early_first_window,1,0.7,-0.02319470214843755,44.0,25.0
975,138,500,98,early_first_window,1,0.7,-0.02319470214843755,44.0,25.0
976,138,500,98,early_first_window,1,0.7,-0.02319470214843755,44.0,25.0
977,138,500,98,early_first_window,1,0.7,-0.02319470214843755,44.0,25.0
978,138,500,98,early_first_window,1,0.7,-0.02319470214843755,44.0,25.0
979,139,500,12,early_first_window,1,0.0020000000000000018,0.006311645507812491,0.0,11.0
980,139,500,12,early_first_window,1,0.0020000000000000018,0.006311645507812491,0.0,11.0
981,139,500,12,early_first_window,1,0.0020000000000000018,0.006311645507812491,0.0,11.0
982,139,500,12,early_first_window,1,0.0020000000000000018,0.006311645507812491,0.0,11.0
983,139,500,12,early_first_window,1,0.0020000000000000018,0.006311645507812491,0.0,11.0
984,139,500,12,early_first_window,1,0.0020000000000000018,0.006311645507812491,0.0,11.0
985,139,500,12,early_first_window,1,0.0020000000000000018,0.006311645507812491,0.0,11.0
986,139,500,12,early_first_window,1,0.0020000000000000018,0.006311645507812491,0.0,11.0
987,139,500,12,early_first_window,1,0.0020000000000000018,0.006311645507812491,0.0,11.0
988,139,500,12,early_first_window,1,0.0020000000000000018,0.006311645507812491,0.0,11.0
989,139,500,12,early_first_window,1,0.0020000000000000018,0.006311645507812491,0.0,11.0
990,140,500,149,early_first_window,1,0.786,-0.2634510498046876,76.0,26.0
991,140,500,149,early_first_window,1,0.786,-0.2634510498046876,76.0,26.0
992,140,500,149,early_first_window,1,0.786,-0.2634510498046876,76.0,26.0
993,140,500,149,early_first_window,1,0.786,-0.2634510498046876,76.0,26.0
994,140,500,149,early_first_window,1,0.786,-0.2634510498046876,76.0,26.0
995,140,500,149,early_first_window,1,0.786,-0.2634510498046876,76.0,26.0
996,140,500,149,early_first_window,1,0.786,-0.2634510498046876,76.0,26.0
997,140,500,149,early_first_window,1,0.786,-0.2634510498046876,76.0,26.0
998,140,500,149,early_first_window,1,0.786,-0.2634510498046876,76.0,26.0
999,140,500,149,early_first_window,1,0.786,-0.2634510498046876,76.0,26.0
1000,140,500,149,early_first_window,1,0.786,-0.2634510498046876,76.0,26.0
1001,141,500,94,early_first_window,1,0.78,-0.006285766601562548,48.0,25.0
1002,141,500,94,early_first_window,1,0.78,-0.006285766601562548,48.0,25.0
1003,141,500,94,early_first_window,1,0.78,-0.006285766601562548,48.0,25.0
1004,141,500,94,early_first_window,1,0.78,-0.006285766601562548,48.0,25.0
1005,141,500,94,early_first_window,1,0.78,-0.006285766601562548,48.0,25.0
1006,141,500,94,early_first_window,1,0.78,-0.006285766601562548,48.0,25.0
1007,141,500,94,early_first_window,1,0.78,-0.006285766601562548,48.0,25.0
1008,141,500,94,early_first_window,1,0.78,-0.006285766601562548,48.0,25.0
1009,141,500,94,early_first_window,1,0.78,-0.006285766601562548,48.0,25.0
1010,141,500,94,early_first_window,1,0.78,-0.006285766601562548,48.0,25.0
1011,141,500,94,early_first_window,1,0.78,-0.006285766601562548,48.0,25.0
1012,142,500,12,early_first_window,1,0.0020000000000000018,0.006311645507812491,0.0,11.0
1013,142,500,12,early_first_window,1,0.0020000000000000018,0.006311645507812491,0.0,11.0
1014,142,500,12,early_first_window,1,0.0020000000000000018,0.006311645507812491,0.0,11.0
1015,142,500,12,early_first_window,1,0.0020000000000000018,0.006311645507812491,0.0,11.0
1016,142,500,12,early_first_window,1,0.0020000000000000018,0.006311645507812491,0.0,11.0
1017,142,500,12,early_first_window,1,0.0020000000000000018,0.006311645507812491,0.0,11.0
1018,142,500,12,early_first_window,1,0.0020000000000000018,0.006311645507812491,0.0,11.0
1019,142,500,12,early_first_window,1,0.0020000000000000018,0.006311645507812491,0.0,11.0
1020,142,500,12,early_first_window,1,0.0020000000000000018,0.006311645507812491,0.0,11.0
1021,142,500,12,early_first_window,1,0.0020000000000000018,0.006311645507812491,0.0,11.0
1022,142,500,12,early_first_window,1,0.0020000000000000018,0.006311645507812491,0.0,11.0
1023,143,500,98,early_first_window,1,0.738,-0.05001342773437489,46.0,26.0
1024,143,500,98,early_first_window,1,0.738,-0.05001342773437489,46.0,26.0
1025,143,500,98,early_first_window,1,0.738,-0.05001342773437489,46.0,26.0
1026,143,500,98,early_first_window,1,0.738,-0.05001342773437489,46.0,26.0
1027,143,500,98,early_first_window,1,0.738,-0.05001342773437489,46.0,26.0
1028,143,500,98,early_first_window,1,0.738,-0.05001342773437489,46.0,26.0
1029,143,500,98,early_first_window,1,0.738,-0.05001342773437489,46.0,26.0
1030,143,500,98,early_first_window,1,0.738,-0.05001342773437489,46.0,26.0
1031,143,500,98,early_first_window,1,0.738,-0.05001342773437489,46.0,26.0
1032,143,500,98,early_first_window,1,0.738,-0.05001342773437489,46.0,26.0
1033,143,500,98,early_first_window,1,0.738,-0.05001342773437489,46.0,26.0
1034,144,500,118,early_first_window,1,0.716,-0.033297973632812505,73.0,25.0
1035,144,500,118,early_first_window,1,0.716,-0.033297973632812505,73.0,25.0
1036,144,500,118,early_first_window,1,0.714,-0.033297973632812505,72.0,25.0
1037,144,500,118,early_first_window,1,0.714,-0.033297973632812505,72.0,25.0
1038,144,500,118,early_first_window,1,0.714,-0.033297973632812505,72.0,25.0
1039,144,500,118,early_first_window,1,0.714,-0.033297973632812505,72.0,25.0
1040,144,500,118,early_first_window,1,0.714,-0.033297973632812505,72.0,25.0
1041,144,500,118,early_first_window,1,0.714,-0.033297973632812505,72.0,25.0
1042,144,500,118,early_first_window,1,0.714,-0.033297973632812505,72.0,25.0
1043,144,500,118,early_first_window,1,0.714,-0.033297973632812505,72.0,25.0
1044,144,500,118,early_first_window,1,0.714,-0.033297973632812505,72.0,25.0
1045,145,500,40,early_first_window,1,0.014000000000000012,0.01400994873046879,19.0,27.0
1046,145,500,40,early_first_window,1,0.014000000000000012,0.01400994873046879,19.0,27.0
1047,145,500,40,early_first_window,1,0.014000000000000012,0.01400994873046879,19.0,27.0
1048,145,500,40,early_first_window,1,0.014000000000000012,0.01400994873046879,19.0,27.0
1049,145,500,40,early_first_window,1,0.014000000000000012,0.01400994873046879,19.0,27.0
1050,145,500,40,early_first_window,1,0.014000000000000012,0.01400994873046879,19.0,27.0
1051,145,500,40,early_first_window,1,0.014000000000000012,0.01400994873046879,19.0,27.0
1052,145,500,40,early_first_window,1,0.014000000000000012,0.01400994873046879,19.0,27.0
1053,145,500,40,early_first_window,1,0.014000000000000012,0.01400994873046879,19.0,27.0
1054,145,500,40,early_first_window,1,0.014000000000000012,0.01400994873046879,19.0,27.0
1055,145,500,40,early_first_window,1,0.014000000000000012,0.01400994873046879,19.0,27.0
1056,146,500,12,early_first_window,1,0.0020000000000000018,0.006311645507812491,0.0,11.0
1057,146,500,12,early_first_window,1,0.0020000000000000018,0.006311645507812491,0.0,11.0
1058,146,500,12,early_first_window,1,0.0020000000000000018,0.006311645507812491,0.0,11.0
1059,146,500,12,early_first_window,1,0.0020000000000000018,0.006311645507812491,0.0,11.0
1060,146,500,12,early_first_window,1,0.0020000000000000018,0.006311645507812491,0.0,11.0
1061,146,500,12,early_first_window,1,0.0020000000000000018,0.006311645507812491,0.0,11.0
1062,146,500,12,early_first_window,1,0.0020000000000000018,0.006311645507812491,0.0,11.0
1063,146,500,12,early_first_window,1,0.0020000000000000018,0.006311645507812491,0.0,11.0
1064,146,500,12,early_first_window,1,0.0020000000000000018,0.006311645507812491,0.0,11.0
1065,146,500,12,early_first_window,1,0.0020000000000000018,0.006311645507812491,0.0,11.0
1066,146,500,12,early_first_window,1,0.0020000000000000018,0.006311645507812491,0.0,11.0
1067,147,500,89,early_first_window,1,0.716,-0.024436523437499913,42.0,26.0
1068,147,500,89,early_first_window,1,0.716,-0.024436523437499913,42.0,26.0
1069,147,500,89,early_first_window,1,0.716,-0.024436523437499913,42.0,26.0
1070,147,500,89,early_first_window,1,0.718,-0.024436523437499913,42.0,26.0
1071,147,500,89,early_first_window,1,0.718,-0.024436523437499913,42.0,26.0
1072,147,500,89,early_first_window,1,0.718,-0.024436523437499913,42.0,26.0
1073,147,500,89,early_first_window,1,0.718,-0.024436523437499913,42.0,26.0
1074,147,500,89,early_first_window,1,0.718,-0.024436523437499913,42.0,26.0
1075,147,500,89,early_first_window,1,0.718,-0.024436523437499913,42.0,26.0
1076,147,500,89,early_first_window,1,0.718,-0.024436523437499913,42.0,26.0
1077,147,500,89,early_first_window,1,0.718,-0.024436523437499913,42.0,26.0
1078,148,500,90,early_first_window,1,0.748,0.003966003417968711,55.0,25.0
1079,148,500,90,early_first_window,1,0.748,0.003966003417968711,55.0,25.0
1080,148,500,90,early_first_window,1,0.748,0.003966003417968711,55.0,25.0
1081,148,500,90,early_first_window,1,0.748,0.003966003417968711,55.0,25.0
1082,148,500,90,early_first_window,1,0.748,0.003966003417968711,55.0,25.0
1083,148,500,90,early_first_window,1,0.75,0.003966003417968711,55.0,25.0
1084,148,500,90,early_first_window,1,0.75,0.003966003417968711,55.0,25.0
1085,148,500,90,early_first_window,1,0.75,0.003966003417968711,55.0,25.0
1086,148,500,90,early_first_window,1,0.75,0.003966003417968711,55.0,25.0
1087,148,500,90,early_first_window,1,0.75,0.003966003417968711,55.0,25.0
1088,148,500,90,early_first_window,1,0.75,0.003966003417968711,55.0,25.0
1089,149,500,86,early_first_window,1,0.764,-0.0021179199218750444,44.0,25.0
1090,149,500,86,early_first_window,1,0.764,-0.0021179199218750444,44.0,25.0
1091,149,500,86,early_first_window,1,0.764,-0.0021179199218750444,44.0,25.0
1092,149,500,86,early_first_window,1,0.764,-0.0021179199218750444,44.0,25.0
1093,149,500,86,early_first_window,1,0.764,-0.0021179199218750444,44.0,25.0
1094,149,500,86,early_first_window,1,0.764,-0.0021179199218750444,44.0,25.0
1095,149,500,86,early_first_window,1,0.766,-0.0021179199218750444,44.0,25.0
1096,149,500,86,early_first_window,1,0.766,-0.0021179199218750444,44.0,25.0
1097,149,500,86,early_first_window,1,0.766,-0.0021179199218750444,44.0,25.0
1098,149,500,86,early_first_window,1,0.766,-0.0021179199218750444,44.0,25.0
1099,149,500,86,early_first_window,1,0.766,-0.0021179199218750444,44.0,25.0
1100,150,500,12,early_first_window,1,0.0020000000000000018,0.006311645507812491,0.0,11.0
1101,150,500,12,early_first_window,1,0.0020000000000000018,0.006311645507812491,0.0,11.0
1102,150,500,12,early_first_window,1,0.0020000000000000018,0.006311645507812491,0.0,11.0
1103,150,500,12,early_first_window,1,0.0020000000000000018,0.006311645507812491,0.0,11.0
1104,150,500,12,early_first_window,1,0.0020000000000000018,0.006311645507812491,0.0,11.0
1105,150,500,12,early_first_window,1,0.0020000000000000018,0.006311645507812491,0.0,11.0
1106,150,500,12,early_first_window,1,0.0020000000000000018,0.006311645507812491,0.0,11.0
1107,150,500,12,early_first_window,1,0.0020000000000000018,0.006311645507812491,0.0,11.0
1108,150,500,12,early_first_window,1,0.0020000000000000018,0.006311645507812491,0.0,11.0
1109,150,500,12,early_first_window,1,0.0020000000000000018,0.006311645507812491,0.0,11.0
1110,150,500,12,early_first_window,1,0.0020000000000000018,0.006311645507812491,0.0,11.0
1111,151,500,21,early_first_window,1,0.0020000000000000018,0.010953125000000008,0.0,13.0
1112,151,500,21,early_first_window,1,0.0020000000000000018,0.010953125000000008,0.0,13.0
1113,151,500,21,early_first_window,1,0.0020000000000000018,0.010953125000000008,0.0,13.0
1114,151,500,21,early_first_window,1,0.0020000000000000018,0.010953125000000008,0.0,13.0
1115,151,500,21,early_first_window,1,0.0020000000000000018,0.010953125000000008,0.0,13.0
1116,151,500,21,early_first_window,1,0.0020000000000000018,0.010953125000000008,0.0,13.0
1117,151,500,21,early_first_window,1,0.0020000000000000018,0.010953125000000008,0.0,13.0
1118,151,500,21,early_first_window,1,0.0020000000000000018,0.010953125000000008,0.0,13.0
1119,151,500,21,early_first_window,1,0.0020000000000000018,0.010953125000000008,0.0,13.0
1120,151,500,21,early_first_window,1,0.0020000000000000018,0.010953125000000008,0.0,13.0
1121,151,500,21,early_first_window,1,0.0020000000000000018,0.010953125000000008,0.0,13.0
1122,152,500,12,early_first_window,1,0.0020000000000000018,0.006311645507812491,0.0,11.0
1123,152,500,12,early_first_window,1,0.0020000000000000018,0.006311645507812491,0.0,11.0
1124,152,500,12,early_first_window,1,0.0020000000000000018,0.006311645507812491,0.0,11.0
1125,152,500,12,early_first_window,1,0.0020000000000000018,0.006311645507812491,0.0,11.0
1126,152,500,12,early_first_window,1,0.0020000000000000018,0.006311645507812491,0.0,11.0
1127,152,500,12,early_first_window,1,0.0020000000000000018,0.006311645507812491,0.0,11.0
1128,152,500,12,early_first_window,1,0.0020000000000000018,0.006311645507812491,0.0,11.0
1129,152,500,12,early_first_window,1,0.0020000000000000018,0.006311645507812491,0.0,11.0
1130,152,500,12,early_first_window,1,0.0020000000000000018,0.006311645507812491,0.0,11.0
1131,152,500,12,early_first_window,1,0.0020000000000000018,0.006311645507812491,0.0,11.0
1132,152,500,12,early_first_window,1,0.0020000000000000018,0.006311645507812491,0.0,11.0
1133,153,500,12,early_first_window,1,0.0020000000000000018,0.006311645507812491,0.0,11.0
1134,153,500,12,early_first_window,1,0.0020000000000000018,0.006311645507812491,0.0,11.0
1135,153,500,12,early_first_window,1,0.0020000000000000018,0.006311645507812491,0.0,11.0
1136,153,500,12,early_first_window,1,0.0020000000000000018,0.006311645507812491,0.0,11.0
1137,153,500,12,early_first_window,1,0.0020000000000000018,0.006311645507812491,0.0,11.0
1138,153,500,12,early_first_window,1,0.0020000000000000018,0.006311645507812491,0.0,11.0
1139,153,500,12,early_first_window,1,0.0020000000000000018,0.006311645507812491,0.0,11.0
1140,153,500,12,early_first_window,1,0.0020000000000000018,0.006311645507812491,0.0,11.0
1141,153,500,12,early_first_window,1,0.0020000000000000018,0.006311645507812491,0.0,11.0
1142,153,500,12,early_first_window,1,0.0020000000000000018,0.006311645507812491,0.0,11.0
1143,153,500,12,early_first_window,1,0.0020000000000000018,0.006311645507812491,0.0,11.0
1144,154,500,12,early_first_window,1,0.0020000000000000018,0.006311645507812491,0.0,11.0
1145,154,500,12,early_first_window,1,0.0020000000000000018,0.006311645507812491,0.0,11.0
1146,154,500,12,early_first_window,1,0.0020000000000000018,0.006311645507812491,0.0,11.0
1147,154,500,12,early_first_window,1,0.0020000000000000018,0.006311645507812491,0.0,11.0
1148,154,500,12,early_first_window,1,0.0020000000000000018,0.006311645507812491,0.0,11.0
1149,154,500,12,early_first_window,1,0.0020000000000000018,0.006311645507812491,0.0,11.0
1150,154,500,12,early_first_window,1,0.0020000000000000018,0.006311645507812491,0.0,11.0
1151,154,500,12,early_first_window,1,0.0020000000000000018,0.006311645507812491,0.0,11.0
1152,154,500,12,early_first_window,1,0.0020000000000000018,0.006311645507812491,0.0,11.0
1153,154,500,12,early_first_window,1,0.0020000000000000018,0.006311645507812491,0.0,11.0
1154,154,500,12,early_first_window,1,0.0020000000000000018,0.006311645507812491,0.0,11.0
1155,155,500,117,early_first_window,1,0.8280000000000001,-0.092268798828125,65.0,26.0
1156,155,500,117,early_first_window,1,0.8280000000000001,-0.092268798828125,65.0,26.0
1157,155,500,117,early_first_window,1,0.8280000000000001,-0.092268798828125,65.0,26.0
1158,155,500,117,early_first_window,1,0.83,-0.092268798828125,65.0,26.0
1159,155,500,117,early_first_window,1,0.83,-0.092268798828125,65.0,26.0
1160,155,500,117,early_first_window,1,0.83,-0.092268798828125,65.0,26.0
1161,155,500,117,early_first_window,1,0.83,-0.092268798828125,65.0,26.0
1162,155,500,117,early_first_window,1,0.83,-0.092268798828125,65.0,26.0
1163,155,500,117,early_first_window,1,0.83,-0.092268798828125,65.0,26.0
1164,155,500,117,early_first_window,1,0.83,-0.092268798828125,65.0,26.0
1165,155,500,117,early_first_window,1,0.83,-0.092268798828125,65.0,26.0
1166,156,500,25,early_first_window,1,0.006000000000000005,0.029194091796875044,8.0,24.0
1167,156,500,25,early_first_window,1,0.006000000000000005,0.029194091796875044,8.0,24.0
1168,156,500,25,early_first_window,1,0.006000000000000005,0.029194091796875044,8.0,24.0
1169,156,500,25,early_first_window,1,0.006000000000000005,0.029194091796875044,8.0,24.0
1170,156,500,25,early_first_window,1,0.006000000000000005,0.029194091796875044,8.0,24.0
1171,156,500,25,early_first_window,1,0.006000000000000005,0.029194091796875044,8.0,24.0
1172,156,500,25,early_first_window,1,0.006000000000000005,0.029194091796875044,8.0,24.0
1173,156,500,25,early_first_window,1,0.006000000000000005,0.029194091796875044,8.0,24.0
1174,156,500,25,early_first_window,1,0.006000000000000005,0.029194091796875044,8.0,24.0
1175,156,500,25,early_first_window,1,0.006000000000000005,0.029194091796875044,8.0,24.0
1176,156,500,25,early_first_window,1,0.006000000000000005,0.029194091796875044,8.0,24.0
1177,157,500,112,early_first_window,1,0.71,-0.18346630859375002,41.0,12.0
1178,157,500,112,early_first_window,1,0.71,-0.18346630859375002,41.0,12.0
1179,157,500,112,early_first_window,1,0.71,-0.18346630859375002,41.0,12.0
1180,157,500,112,early_first_window,1,0.71,-0.18346630859375002,41.0,12.0
1181,157,500,112,early_first_window,1,0.71,-0.18346630859375002,41.0,12.0
1182,157,500,112,early_first_window,1,0.71,-0.18346630859375002,41.0,12.0
1183,157,500,112,early_first_window,1,0.71,-0.18346630859375002,41.0,12.0
1184,157,500,112,early_first_window,1,0.71,-0.18346630859375002,41.0,12.0
1185,157,500,112,early_first_window,1,0.71,-0.18346630859375002,41.0,12.0
1186,157,500,112,early_first_window,1,0.71,-0.18346630859375002,41.0,12.0
1187,157,500,112,early_first_window,1,0.71,-0.18346630859375002,41.0,12.0
1188,158,500,118,early_first_window,1,0.6859999999999999,-0.083740234375,44.0,27.0
1189,158,500,118,early_first_window,1,0.6859999999999999,-0.083740234375,44.0,27.0
1190,158,500,118,early_first_window,1,0.6859999999999999,-0.083740234375,44.0,27.0
1191,158,500,118,early_first_window,1,0.688,-0.083740234375,44.0,27.0
1192,158,500,118,early_first_window,1,0.688,-0.083740234375,44.0,27.0
1193,158,500,118,early_first_window,1,0.688,-0.083740234375,44.0,27.0
1194,158,500,118,early_first_window,1,0.688,-0.083740234375,44.0,27.0
1195,158,500,118,early_first_window,1,0.688,-0.083740234375,44.0,27.0
1196,158,500,118,early_first_window,1,0.688,-0.083740234375,44.0,27.0
1197,158,500,118,early_first_window,1,0.69,-0.083740234375,44.0,27.0
1198,158,500,118,early_first_window,1,0.69,-0.083740234375,44.0,27.0
1199,159,500,22,early_first_window,1,0.01200000000000001,0.035690185546874975,9.0,21.0
1200,159,500,22,early_first_window,1,0.01200000000000001,0.035690185546874975,9.0,21.0
1201,159,500,22,early_first_window,1,0.01200000000000001,0.035690185546874975,9.0,21.0
1202,159,500,22,early_first_window,1,0.01200000000000001,0.035690185546874975,9.0,21.0
1203,159,500,22,early_first_window,1,0.01200000000000001,0.035690185546874975,9.0,21.0
1204,159,500,22,early_first_window,1,0.01200000000000001,0.035690185546874975,9.0,21.0
1205,159,500,22,early_first_window,1,0.01200000000000001,0.035690185546874975,9.0,21.0
1206,159,500,22,early_first_window,1,0.01200000000000001,0.035690185546874975,9.0,21.0
1207,159,500,22,early_first_window,1,0.01200000000000001,0.035690185546874975,9.0,21.0
1208,159,500,22,early_first_window,1,0.01200000000000001,0.035690185546874975,9.0,21.0
1209,159,500,22,early_first_window,1,0.01200000000000001,0.035690185546874975,9.0,21.0
1210,160,500,87,early_first_window,1,0.762,-0.023386840820312393,40.0,26.0
1211,160,500,87,early_first_window,1,0.762,-0.023386840820312393,40.0,26.0
1212,160,500,87,early_first_window,1,0.762,-0.023386840820312393,40.0,26.0
1213,160,500,87,early_first_window,1,0.762,-0.023386840820312393,40.0,26.0
1214,160,500,87,early_first_window,1,0.762,-0.023386840820312393,40.0,26.0
1215,160,500,87,early_first_window,1,0.762,-0.023386840820312393,40.0,26.0
1216,160,500,87,early_first_window,1,0.762,-0.023386840820312393,40.0,26.0
1217,160,500,87,early_first_window,1,0.762,-0.023386840820312393,40.0,26.0
1218,160,500,87,early_first_window,1,0.762,-0.023386840820312393,40.0,26.0
1219,160,500,87,early_first_window,1,0.762,-0.023386840820312393,40.0,26.0
1220,160,500,87,early_first_window,1,0.762,-0.023386840820312393,40.0,26.0
1221,161,500,101,early_first_window,1,0.688,-0.24528198242187504,45.0,18.0
1222,161,500,101,early_first_window,1,0.688,-0.24528198242187504,45.0,18.0
1223,161,500,101,early_first_window,1,0.688,-0.24528198242187504,45.0,18.0
1224,161,500,101,early_first_window,1,0.688,-0.24528198242187504,45.0,18.0
1225,161,500,101,early_first_window,1,0.688,-0.24528198242187504,45.0,18.0
1226,161,500,101,early_first_window,1,0.688,-0.24528198242187504,45.0,18.0
1227,161,500,101,early_first_window,1,0.688,-0.24528198242187504,45.0,18.0
1228,161,500,101,early_first_window,1,0.688,-0.24528198242187504,45.0,18.0
1229,161,500,101,early_first_window,1,0.688,-0.24528198242187504,45.0,18.0
1230,161,500,101,early_first_window,1,0.688,-0.24528198242187504,45.0,18.0
1231,161,500,101,early_first_window,1,0.688,-0.24528198242187504,45.0,18.0
1232,162,500,131,early_first_window,1,0.704,-0.16181372070312494,71.0,26.0
1233,162,500,131,early_first_window,1,0.704,-0.16181372070312494,71.0,26.0
1234,162,500,131,early_first_window,1,0.704,-0.16181372070312494,71.0,26.0
1235,162,500,131,early_first_window,1,0.704,-0.16181372070312494,71.0,26.0
1236,162,500,131,early_first_window,1,0.704,-0.16181372070312494,71.0,26.0
1237,162,500,131,early_first_window,1,0.704,-0.16181372070312494,71.0,26.0
1238,162,500,131,early_first_window,1,0.704,-0.16181372070312494,71.0,26.0
1239,162,500,131,early_first_window,1,0.704,-0.16181372070312494,71.0,26.0
1240,162,500,131,early_first_window,1,0.704,-0.16181372070312494,71.0,26.0
1241,162,500,131,early_first_window,1,0.704,-0.16181372070312494,71.0,26.0
1242,162,500,131,early_first_window,1,0.704,-0.16181372070312494,71.0,26.0
1243,163,500,21,early_first_window,1,0.0040000000000000036,0.016351196289062453,3.0,13.0
1244,163,500,21,early_first_window,1,0.0040000000000000036,0.016351196289062453,3.0,13.0
1245,163,500,21,early_first_window,1,0.0040000000000000036,0.016351196289062453,3.0,13.0
1246,163,500,21,early_first_window,1,0.0040000000000000036,0.016351196289062453,3.0,13.0
1247,163,500,21,early_first_window,1,0.0040000000000000036,0.016351196289062453,3.0,13.0
1248,163,500,21,early_first_window,1,0.0040000000000000036,0.016351196289062453,3.0,13.0
1249,163,500,21,early_first_window,1,0.0040000000000000036,0.016351196289062453,3.0,13.0
1250,163,500,21,early_first_window,1,0.0040000000000000036,0.016351196289062453,3.0,13.0
1251,163,500,21,early_first_window,1,0.0040000000000000036,0.016351196289062453,3.0,13.0
1252,163,500,21,early_first_window,1,0.0040000000000000036,0.016351196289062453,3.0,13.0
1253,163,500,21,early_first_window,1,0.0040000000000000036,0.016351196289062453,3.0,13.0
1254,164,500,17,early_first_window,1,0.0040000000000000036,0.02463928222656253,4.0,16.0
1255,164,500,17,early_first_window,1,0.0040000000000000036,0.02463928222656253,4.0,16.0
1256,164,500,17,early_first_window,1,0.0040000000000000036,0.02463928222656253,4.0,16.0
1257,164,500,17,early_first_window,1,0.0040000000000000036,0.02463928222656253,4.0,16.0
1258,164,500,17,early_first_window,1,0.0040000000000000036,0.02463928222656253,4.0,16.0
1259,164,500,17,early_first_window,1,0.0040000000000000036,0.02463928222656253,4.0,16.0
1260,164,500,17,early_first_window,1,0.0040000000000000036,0.02463928222656253,4.0,16.0
1261,164,500,17,early_first_window,1,0.0040000000000000036,0.02463928222656253,4.0,16.0
1262,164,500,17,early_first_window,1,0.0040000000000000036,0.02463928222656253,4.0,16.0
1263,164,500,17,early_first_window,1,0.0040000000000000036,0.02463928222656253,4.0,16.0
1264,164,500,17,early_first_window,1,0.0040000000000000036,0.02463928222656253,4.0,16.0
1265,165,500,83,early_first_window,1,0.772,-0.02670153808593745,45.0,26.0
1266,165,500,83,early_first_window,1,0.772,-0.02670153808593745,45.0,26.0
1267,165,500,83,early_first_window,1,0.772,-0.02670153808593745,45.0,26.0
1268,165,500,83,early_first_window,1,0.772,-0.02670153808593745,45.0,26.0
1269,165,500,83,early_first_window,1,0.772,-0.02670153808593745,45.0,26.0
1270,165,500,83,early_first_window,1,0.772,-0.02670153808593745,45.0,26.0
1271,165,500,83,early_first_window,1,0.772,-0.02670153808593745,45.0,26.0
1272,165,500,83,early_first_window,1,0.772,-0.02670153808593745,45.0,26.0
1273,165,500,83,early_first_window,1,0.772,-0.02670153808593745,45.0,26.0
1274,165,500,83,early_first_window,1,0.772,-0.02670153808593745,45.0,26.0
1275,165,500,83,early_first_window,1,0.772,-0.02670153808593745,45.0,26.0
1276,166,500,12,early_first_window,1,0.0020000000000000018,0.006311645507812491,0.0,11.0
1277,166,500,12,early_first_window,1,0.0020000000000000018,0.006311645507812491,0.0,11.0
1278,166,500,12,early_first_window,1,0.0020000000000000018,0.006311645507812491,0.0,11.0
1279,166,500,12,early_first_window,1,0.0020000000000000018,0.006311645507812491,0.0,11.0
1280,166,500,12,early_first_window,1,0.0020000000000000018,0.006311645507812491,0.0,11.0
1281,166,500,12,early_first_window,1,0.0020000000000000018,0.006311645507812491,0.0,11.0
1282,166,500,12,early_first_window,1,0.0020000000000000018,0.006311645507812491,0.0,11.0
1283,166,500,12,early_first_window,1,0.0020000000000000018,0.006311645507812491,0.0,11.0
1284,166,500,12,early_first_window,1,0.0020000000000000018,0.006311645507812491,0.0,11.0
1285,166,500,12,early_first_window,1,0.0020000000000000018,0.006311645507812491,0.0,11.0
1286,166,500,12,early_first_window,1,0.0020000000000000018,0.006311645507812491,0.0,11.0
1287,167,500,86,early_first_window,1,0.75,-0.157515380859375,41.0,18.0
1288,167,500,86,early_first_window,1,0.75,-0.157515380859375,41.0,18.0
1289,167,500,86,early_first_window,1,0.75,-0.157515380859375,41.0,18.0
1290,167,500,86,early_first_window,1,0.75,-0.157515380859375,41.0,18.0
1291,167,500,86,early_first_window,1,0.75,-0.157515380859375,41.0,18.0
1292,167,500,86,early_first_window,1,0.75,-0.157515380859375,41.0,18.0
1293,167,500,86,early_first_window,1,0.75,-0.157515380859375,41.0,18.0
1294,167,500,86,early_first_window,1,0.75,-0.157515380859375,41.0,18.0
1295,167,500,86,early_first_window,1,0.75,-0.157515380859375,41.0,18.0
1296,167,500,86,early_first_window,1,0.75,-0.157515380859375,41.0,18.0
1297,167,500,86,early_first_window,1,0.75,-0.157515380859375,41.0,18.0
1298,168,500,102,early_first_window,1,0.6699999999999999,-0.0073152465820311985,53.0,25.0
1299,168,500,102,early_first_window,1,0.6699999999999999,-0.0073152465820311985,53.0,25.0
1300,168,500,102,early_first_window,1,0.6699999999999999,-0.0073152465820311985,53.0,25.0
1301,168,500,102,early_first_window,1,0.6699999999999999,-0.0073152465820311985,53.0,25.0
1302,168,500,102,early_first_window,1,0.6699999999999999,-0.0073152465820311985,53.0,25.0
1303,168,500,102,early_first_window,1,0.6699999999999999,-0.0073152465820311985,53.0,25.0
1304,168,500,102,early_first_window,1,0.6699999999999999,-0.0073152465820311985,53.0,25.0
1305,168,500,102,early_first_window,1,0.6699999999999999,-0.0073152465820311985,53.0,25.0
1306,168,500,102,early_first_window,1,0.6699999999999999,-0.0073152465820311985,53.0,25.0
1307,168,500,102,early_first_window,1,0.6699999999999999,-0.0073152465820311985,53.0,25.0
1308,168,500,102,early_first_window,1,0.6699999999999999,-0.0073152465820311985,53.0,25.0
1309,169,500,106,early_first_window,1,0.758,0.0022176513671875453,57.0,25.0
1310,169,500,106,early_first_window,1,0.758,0.0022176513671875453,57.0,25.0
1311,169,500,106,early_first_window,1,0.758,0.0022176513671875453,57.0,25.0
1312,169,500,106,early_first_window,1,0.758,0.0022176513671875453,57.0,25.0
1313,169,500,106,early_first_window,1,0.758,0.0022176513671875453,57.0,25.0
1314,169,500,106,early_first_window,1,0.758,0.0022176513671875453,57.0,25.0
1315,169,500,106,early_first_window,1,0.758,0.0022176513671875453,57.0,25.0
1316,169,500,106,early_first_window,1,0.758,0.0022176513671875453,57.0,25.0
1317,169,500,106,early_first_window,1,0.758,0.0022176513671875453,57.0,25.0
1318,169,500,106,early_first_window,1,0.758,0.0022176513671875453,57.0,25.0
1319,169,500,106,early_first_window,1,0.758,0.0022176513671875453,57.0,25.0
1320,170,500,12,early_first_window,1,0.0020000000000000018,0.006311645507812491,0.0,11.0
1321,170,500,12,early_first_window,1,0.0020000000000000018,0.006311645507812491,0.0,11.0
1322,170,500,12,early_first_window,1,0.0020000000000000018,0.006311645507812491,0.0,11.0
1323,170,500,12,early_first_window,1,0.0020000000000000018,0.006311645507812491,0.0,11.0
1324,170,500,12,early_first_window,1,0.0020000000000000018,0.006311645507812491,0.0,11.0
1325,170,500,12,early_first_window,1,0.0020000000000000018,0.006311645507812491,0.0,11.0
1326,170,500,12,early_first_window,1,0.0020000000000000018,0.006311645507812491,0.0,11.0
1327,170,500,12,early_first_window,1,0.0020000000000000018,0.006311645507812491,0.0,11.0
1328,170,500,12,early_first_window,1,0.0020000000000000018,0.006311645507812491,0.0,11.0
1329,170,500,12,early_first_window,1,0.0020000000000000018,0.006311645507812491,0.0,11.0
1330,170,500,12,early_first_window,1,0.0020000000000000018,0.006311645507812491,0.0,11.0
1331,171,500,110,early_first_window,1,0.734,-0.0727218017578124,54.0,26.0
1332,171,500,110,early_first_window,1,0.734,-0.0727218017578124,54.0,26.0
1333,171,500,110,early_first_window,1,0.734,-0.0727218017578124,54.0,26.0
1334,171,500,110,early_first_window,1,0.734,-0.0727218017578124,54.0,26.0
1335,171,500,110,early_first_window,1,0.734,-0.0727218017578124,54.0,26.0
1336,171,500,110,early_first_window,1,0.734,-0.0727218017578124,54.0,26.0
1337,171,500,110,early_first_window,1,0.734,-0.0727218017578124,54.0,26.0
1338,171,500,110,early_first_window,1,0.734,-0.0727218017578124,54.0,26.0
1339,171,500,110,early_first_window,1,0.734,-0.0727218017578124,54.0,26.0
1340,171,500,110,early_first_window,1,0.734,-0.0727218017578124,54.0,26.0
1341,171,500,110,early_first_window,1,0.734,-0.0727218017578124,54.0,26.0
1342,172,500,90,early_first_window,1,0.72,-0.05068200683593749,48.0,26.0
1343,172,500,90,early_first_window,1,0.72,-0.05068200683593749,48.0,26.0
1344,172,500,90,early_first_window,1,0.72,-0.05068200683593749,48.0,26.0
1345,172,500,90,early_first_window,1,0.72,-0.05068200683593749,48.0,26.0
1346,172,500,90,early_first_window,1,0.72,-0.05068200683593749,48.0,26.0
1347,172,500,90,early_first_window,1,0.72,-0.05068200683593749,48.0,26.0
1348,172,500,90,early_first_window,1,0.72,-0.05068200683593749,48.0,26.0
1349,172,500,90,early_first_window,1,0.72,-0.05068200683593749,48.0,26.0
1350,172,500,90,early_first_window,1,0.72,-0.05068200683593749,48.0,26.0
1351,172,500,90,early_first_window,1,0.72,-0.05068200683593749,48.0,26.0
1352,172,500,90,early_first_window,1,0.72,-0.05068200683593749,48.0,26.0
1353,173,500,12,early_first_window,1,0.0020000000000000018,0.006311645507812491,0.0,11.0
1354,173,500,12,early_first_window,1,0.0020000000000000018,0.006311645507812491,0.0,11.0
1355,173,500,12,early_first_window,1,0.0020000000000000018,0.006311645507812491,0.0,11.0
1356,173,500,12,early_first_window,1,0.0020000000000000018,0.006311645507812491,0.0,11.0
1357,173,500,12,early_first_window,1,0.0020000000000000018,0.006311645507812491,0.0,11.0
1358,173,500,12,early_first_window,1,0.0020000000000000018,0.006311645507812491,0.0,11.0
1359,173,500,12,early_first_window,1,0.0020000000000000018,0.006311645507812491,0.0,11.0
1360,173,500,12,early_first_window,1,0.0020000000000000018,0.006311645507812491,0.0,11.0
1361,173,500,12,early_first_window,1,0.0020000000000000018,0.006311645507812491,0.0,11.0
1362,173,500,12,early_first_window,1,0.0020000000000000018,0.006311645507812491,0.0,11.0
1363,173,500,12,early_first_window,1,0.0020000000000000018,0.006311645507812491,0.0,11.0
1364,174,500,26,early_first_window,1,0.006000000000000005,0.029865844726562507,9.0,25.0
1365,174,500,26,early_first_window,1,0.006000000000000005,0.029865844726562507,9.0,25.0
1366,174,500,26,early_first_window,1,0.006000000000000005,0.029865844726562507,9.0,25.0
1367,174,500,26,early_first_window,1,0.006000000000000005,0.029865844726562507,9.0,25.0
1368,174,500,26,early_first_window,1,0.006000000000000005,0.029865844726562507,9.0,25.0
1369,174,500,26,early_first_window,1,0.006000000000000005,0.029865844726562507,9.0,25.0
1370,174,500,26,early_first_window,1,0.006000000000000005,0.029865844726562507,9.0,25.0
1371,174,500,26,early_first_window,1,0.006000000000000005,0.029865844726562507,9.0,25.0
1372,174,500,26,early_first_window,1,0.006000000000000005,0.029865844726562507,9.0,25.0
1373,174,500,26,early_first_window,1,0.006000000000000005,0.029865844726562507,9.0,25.0
1374,174,500,26,early_first_window,1,0.006000000000000005,0.029865844726562507,9.0,25.0
1375,175,500,110,early_first_window,1,0.65,-0.14792163085937493,57.0,26.0
1376,175,500,110,early_first_window,1,0.65,-0.14792163085937493,57.0,26.0
1377,175,500,110,early_first_window,1,0.65,-0.14792163085937493,57.0,26.0
1378,175,500,110,early_first_window,1,0.65,-0.14792163085937493,57.0,26.0
1379,175,500,110,early_first_window,1,0.65,-0.14792163085937493,57.0,26.0
1380,175,500,110,early_first_window,1,0.65,-0.14792163085937493,57.0,26.0
1381,175,500,110,early_first_window,1,0.65,-0.14792163085937493,57.0,26.0
1382,175,500,110,early_first_window,1,0.65,-0.14792163085937493,57.0,26.0
1383,175,500,110,early_first_window,1,0.65,-0.14792163085937493,57.0,26.0
1384,175,500,110,early_first_window,1,0.65,-0.14792163085937493,57.0,26.0
1385,175,500,110,early_first_window,1,0.65,-0.14792163085937493,57.0,26.0
1386,176,500,104,early_first_window,1,0.5920000000000001,-0.04938403320312501,54.0,26.0
1387,176,500,104,early_first_window,1,0.5920000000000001,-0.04938403320312501,54.0,26.0
1388,176,500,104,early_first_window,1,0.5920000000000001,-0.04938403320312501,54.0,26.0
1389,176,500,104,early_first_window,1,0.5920000000000001,-0.04938403320312501,54.0,26.0
1390,176,500,104,early_first_window,1,0.5920000000000001,-0.04938403320312501,54.0,26.0
1391,176,500,104,early_first_window,1,0.5920000000000001,-0.04938403320312501,54.0,26.0
1392,176,500,104,early_first_window,1,0.5920000000000001,-0.04938403320312501,54.0,26.0
1393,176,500,104,early_first_window,1,0.5920000000000001,-0.04938403320312501,54.0,26.0
1394,176,500,104,early_first_window,1,0.5920000000000001,-0.04938403320312501,54.0,26.0
1395,176,500,104,early_first_window,1,0.5920000000000001,-0.04938403320312501,54.0,26.0
1396,176,500,104,early_first_window,1,0.5920000000000001,-0.04938403320312501,54.0,26.0
1397,177,500,18,early_first_window,1,0.0040000000000000036,0.005375610351562532,5.0,17.0
1398,177,500,18,early_first_window,1,0.0040000000000000036,0.005375610351562532,5.0,17.0
1399,177,500,123,early_first_window,1,0.6699999999999999,-0.4710537109374999,46.0,18.0
1400,177,500,123,early_first_window,1,0.6699999999999999,-0.4710537109374999,46.0,18.0
1401,177,500,123,early_first_window,1,0.6699999999999999,-0.4710537109374999,46.0,18.0
1402,177,500,123,early_first_window,1,0.6699999999999999,-0.4710537109374999,46.0,18.0
1403,177,500,123,early_first_window,1,0.6699999999999999,-0.4710537109374999,46.0,18.0
1404,177,500,123,early_first_window,1,0.6699999999999999,-0.4710537109374999,46.0,18.0
1405,177,500,123,early_first_window,1,0.6699999999999999,-0.4710537109374999,46.0,18.0
1406,177,500,123,early_first_window,1,0.6699999999999999,-0.4710537109374999,46.0,18.0
1407,177,500,123,early_first_window,1,0.6699999999999999,-0.4710537109374999,46.0,18.0
1408,178,500,106,early_first_window,1,0.6819999999999999,-0.050420654296875034,55.0,26.0
1409,178,500,106,early_first_window,1,0.6819999999999999,-0.050420654296875034,55.0,26.0
1410,178,500,106,early_first_window,1,0.6819999999999999,-0.050420654296875034,55.0,26.0
1411,178,500,106,early_first_window,1,0.6819999999999999,-0.050420654296875034,55.0,26.0
1412,178,500,106,early_first_window,1,0.6819999999999999,-0.050420654296875034,55.0,26.0
1413,178,500,106,early_first_window,1,0.6819999999999999,-0.050420654296875034,55.0,26.0
1414,178,500,106,early_first_window,1,0.6819999999999999,-0.050420654296875034,55.0,26.0
1415,178,500,106,early_first_window,1,0.6819999999999999,-0.050420654296875034,55.0,26.0
1416,178,500,106,early_first_window,1,0.6819999999999999,-0.050420654296875034,55.0,26.0
1417,178,500,106,early_first_window,1,0.6819999999999999,-0.050420654296875034,55.0,26.0
1418,178,500,106,early_first_window,1,0.6819999999999999,-0.050420654296875034,55.0,26.0
1419,179,500,114,early_first_window,1,0.626,-0.0524471435546876,71.0,25.0
1420,179,500,114,early_first_window,1,0.626,-0.0524471435546876,71.0,25.0
1421,179,500,114,early_first_window,1,0.626,-0.0524471435546876,71.0,25.0
1422,179,500,114,early_first_window,1,0.626,-0.0524471435546876,71.0,25.0
1423,179,500,114,early_first_window,1,0.626,-0.0524471435546876,71.0,25.0
1424,179,500,114,early_first_window,1,0.626,-0.0524471435546876,71.0,25.0
1425,179,500,114,early_first_window,1,0.626,-0.0524471435546876,71.0,25.0
1426,179,500,114,early_first_window,1,0.626,-0.0524471435546876,71.0,25.0
1427,179,500,114,early_first_window,1,0.626,-0.0524471435546876,71.0,25.0
1428,179,500,114,early_first_window,1,0.626,-0.0524471435546876,71.0,25.0
1429,179,500,114,early_first_window,1,0.626,-0.0524471435546876,71.0,25.0
1430,180,500,104,early_first_window,1,0.762,-0.268875,41.0,18.0
1431,180,500,104,early_first_window,1,0.762,-0.268875,41.0,18.0
1432,180,500,104,early_first_window,1,0.762,-0.268875,41.0,18.0
1433,180,500,104,early_first_window,1,0.762,-0.268875,41.0,18.0
1434,180,500,104,early_first_window,1,0.762,-0.268875,41.0,18.0
1435,180,500,104,early_first_window,1,0.762,-0.268875,41.0,18.0
1436,180,500,104,early_first_window,1,0.762,-0.268875,41.0,18.0
1437,180,500,104,early_first_window,1,0.762,-0.268875,41.0,18.0
1438,180,500,104,early_first_window,1,0.762,-0.268875,41.0,18.0
1439,180,500,104,early_first_window,1,0.762,-0.268875,41.0,18.0
1440,180,500,104,early_first_window,1,0.762,-0.268875,41.0,18.0
1441,181,500,12,early_first_window,1,0.0020000000000000018,0.006311645507812491,0.0,11.0
1442,181,500,12,early_first_window,1,0.0020000000000000018,0.006311645507812491,0.0,11.0
1443,181,500,12,early_first_window,1,0.0020000000000000018,0.006311645507812491,0.0,11.0
1444,181,500,12,early_first_window,1,0.0020000000000000018,0.006311645507812491,0.0,11.0
1445,181,500,12,early_first_window,1,0.0020000000000000018,0.006311645507812491,0.0,11.0
1446,181,500,12,early_first_window,1,0.0020000000000000018,0.006311645507812491,0.0,11.0
1447,181,500,12,early_first_window,1,0.0020000000000000018,0.006311645507812491,0.0,11.0
1448,181,500,12,early_first_window,1,0.0020000000000000018,0.006311645507812491,0.0,11.0
1449,181,500,12,early_first_window,1,0.0020000000000000018,0.006311645507812491,0.0,11.0
1450,181,500,12,early_first_window,1,0.0020000000000000018,0.006311645507812491,0.0,11.0
1451,181,500,12,early_first_window,1,0.0020000000000000018,0.006311645507812491,0.0,11.0
1452,182,500,12,early_first_window,1,0.0020000000000000018,0.006311645507812491,0.0,11.0
1453,182,500,12,early_first_window,1,0.0020000000000000018,0.006311645507812491,0.0,11.0
1454,182,500,12,early_first_window,1,0.0020000000000000018,0.006311645507812491,0.0,11.0
1455,182,500,12,early_first_window,1,0.0020000000000000018,0.006311645507812491,0.0,11.0
1456,182,500,12,early_first_window,1,0.0020000000000000018,0.006311645507812491,0.0,11.0
1457,182,500,12,early_first_window,1,0.0020000000000000018,0.006311645507812491,0.0,11.0
1458,182,500,12,early_first_window,1,0.0020000000000000018,0.006311645507812491,0.0,11.0
1459,182,500,12,early_first_window,1,0.0020000000000000018,0.006311645507812491,0.0,11.0
1460,182,500,12,early_first_window,1,0.0020000000000000018,0.006311645507812491,0.0,11.0
1461,182,500,12,early_first_window,1,0.0020000000000000018,0.006311645507812491,0.0,11.0
1462,182,500,12,early_first_window,1,0.0020000000000000018,0.006311645507812491,0.0,11.0
1463,183,500,148,early_first_window,1,0.714,-0.25738281249999995,43.0,26.0
1464,183,500,148,early_first_window,1,0.714,-0.25738281249999995,43.0,26.0
1465,183,500,148,early_first_window,1,0.714,-0.25738281249999995,43.0,26.0
1466,183,500,148,early_first_window,1,0.714,-0.25738281249999995,43.0,26.0
1467,183,500,148,early_first_window,1,0.714,-0.25738281249999995,43.0,26.0
1468,183,500,148,early_first_window,1,0.714,-0.25738281249999995,43.0,26.0
1469,183,500,148,early_first_window,1,0.714,-0.25738281249999995,43.0,26.0
1470,183,500,148,early_first_window,1,0.714,-0.25738281249999995,43.0,26.0
1471,183,500,148,early_first_window,1,0.714,-0.25738281249999995,43.0,26.0
1472,183,500,148,early_first_window,1,0.714,-0.25738281249999995,43.0,26.0
1473,183,500,148,early_first_window,1,0.714,-0.25738281249999995,43.0,26.0
1474,184,500,12,early_first_window,1,0.0020000000000000018,0.006311645507812491,0.0,11.0
1475,184,500,12,early_first_window,1,0.0020000000000000018,0.006311645507812491,0.0,11.0
1476,184,500,12,early_first_window,1,0.0020000000000000018,0.006311645507812491,0.0,11.0
1477,184,500,12,early_first_window,1,0.0020000000000000018,0.006311645507812491,0.0,11.0
1478,184,500,12,early_first_window,1,0.0020000000000000018,0.006311645507812491,0.0,11.0
1479,184,500,12,early_first_window,1,0.0020000000000000018,0.006311645507812491,0.0,11.0
1480,184,500,12,early_first_window,1,0.0020000000000000018,0.006311645507812491,0.0,11.0
1481,184,500,12,early_first_window,1,0.0020000000000000018,0.006311645507812491,0.0,11.0
1482,184,500,12,early_first_window,1,0.0020000000000000018,0.006311645507812491,0.0,11.0
1483,184,500,12,early_first_window,1,0.0020000000000000018,0.006311645507812491,0.0,11.0
1484,184,500,12,early_first_window,1,0.0020000000000000018,0.006311645507812491,0.0,11.0
1485,185,500,12,early_first_window,1,0.0020000000000000018,0.006311645507812491,0.0,11.0
1486,185,500,12,early_first_window,1,0.0020000000000000018,0.006311645507812491,0.0,11.0
1487,185,500,12,early_first_window,1,0.0020000000000000018,0.006311645507812491,0.0,11.0
1488,185,500,12,early_first_window,1,0.0020000000000000018,0.006311645507812491,0.0,11.0
1489,185,500,12,early_first_window,1,0.0020000000000000018,0.006311645507812491,0.0,11.0
1490,185,500,12,early_first_window,1,0.0020000000000000018,0.006311645507812491,0.0,11.0
1491,185,500,12,early_first_window,1,0.0020000000000000018,0.006311645507812491,0.0,11.0
1492,185,500,12,early_first_window,1,0.0020000000000000018,0.006311645507812491,0.0,11.0
1493,185,500,12,early_first_window,1,0.0020000000000000018,0.006311645507812491,0.0,11.0
1494,185,500,12,early_first_window,1,0.0020000000000000018,0.006311645507812491,0.0,11.0
1495,185,500,12,early_first_window,1,0.0020000000000000018,0.006311645507812491,0.0,11.0
1496,186,500,12,early_first_window,1,0.0020000000000000018,0.006311645507812491,0.0,11.0
1497,186,500,12,early_first_window,1,0.0020000000000000018,0.006311645507812491,0.0,11.0
1498,186,500,12,early_first_window,1,0.0020000000000000018,0.006311645507812491,0.0,11.0
1499,186,500,12,early_first_window,1,0.0020000000000000018,0.006311645507812491,0.0,11.0
1500,186,500,12,early_first_window,1,0.0020000000000000018,0.006311645507812491,0.0,11.0
1501,186,500,12,early_first_window,1,0.0020000000000000018,0.006311645507812491,0.0,11.0
1502,186,500,12,early_first_window,1,0.0020000000000000018,0.006311645507812491,0.0,11.0
1503,186,500,12,early_first_window,1,0.0020000000000000018,0.006311645507812491,0.0,11.0
1504,186,500,12,early_first_window,1,0.0020000000000000018,0.006311645507812491,0.0,11.0
1505,186,500,12,early_first_window,1,0.0020000000000000018,0.006311645507812491,0.0,11.0
1506,186,500,12,early_first_window,1,0.0020000000000000018,0.006311645507812491,0.0,11.0
1507,187,500,12,early_first_window,1,0.0020000000000000018,0.006311645507812491,0.0,11.0
1508,187,500,12,early_first_window,1,0.0020000000000000018,0.006311645507812491,0.0,11.0
1509,187,500,12,early_first_window,1,0.0020000000000000018,0.006311645507812491,0.0,11.0
1510,187,500,12,early_first_window,1,0.0020000000000000018,0.006311645507812491,0.0,11.0
1511,187,500,12,early_first_window,1,0.0020000000000000018,0.006311645507812491,0.0,11.0
1512,187,500,12,early_first_window,1,0.0020000000000000018,0.006311645507812491,0.0,11.0
1513,187,500,12,early_first_window,1,0.0020000000000000018,0.006311645507812491,0.0,11.0
1514,187,500,12,early_first_window,1,0.0020000000000000018,0.006311645507812491,0.0,11.0
1515,187,500,12,early_first_window,1,0.0020000000000000018,0.006311645507812491,0.0,11.0
1516,187,500,12,early_first_window,1,0.0020000000000000018,0.006311645507812491,0.0,11.0
1517,187,500,12,early_first_window,1,0.0020000000000000018,0.006311645507812491,0.0,11.0
1518,188,500,112,early_first_window,1,0.778,-0.045859619140625085,58.0,25.0
1519,188,500,112,early_first_window,1,0.778,-0.045859619140625085,58.0,25.0
1520,188,500,112,early_first_window,1,0.778,-0.045859619140625085,58.0,25.0
1521,188,500,112,early_first_window,1,0.778,-0.045859619140625085,58.0,25.0
1522,188,500,112,early_first_window,1,0.778,-0.045859619140625085,58.0,25.0
1523,188,500,112,early_first_window,1,0.778,-0.045859619140625085,58.0,25.0
1524,188,500,112,early_first_window,1,0.778,-0.045859619140625085,58.0,25.0
1525,188,500,112,early_first_window,1,0.778,-0.045859619140625085,58.0,25.0
1526,188,500,112,early_first_window,1,0.778,-0.045859619140625085,58.0,25.0
1527,188,500,112,early_first_window,1,0.778,-0.045859619140625085,58.0,25.0
1528,188,500,112,early_first_window,1,0.778,-0.045859619140625085,58.0,25.0
1529,189,500,105,early_first_window,1,0.722,-0.09650329589843754,53.0,26.0
1530,189,500,105,early_first_window,1,0.722,-0.09650329589843754,53.0,26.0
1531,189,500,105,early_first_window,1,0.722,-0.09650329589843754,53.0,26.0
1532,189,500,105,early_first_window,1,0.722,-0.09650329589843754,53.0,26.0
1533,189,500,105,early_first_window,1,0.722,-0.09650329589843754,53.0,26.0
1534,189,500,105,early_first_window,1,0.722,-0.09650329589843754,53.0,26.0
1535,189,500,105,early_first_window,1,0.722,-0.09650329589843754,53.0,26.0
1536,189,500,105,early_first_window,1,0.722,-0.09650329589843754,53.0,26.0
1537,189,500,105,early_first_window,1,0.722,-0.09650329589843754,53.0,26.0
1538,189,500,105,early_first_window,1,0.722,-0.09650329589843754,53.0,26.0
1539,189,500,105,early_first_window,1,0.722,-0.09650329589843754,53.0,26.0
1540,190,500,26,early_first_window,1,0.02400000000000002,0.0723958740234375,13.0,25.0
1541,190,500,26,early_first_window,1,0.02400000000000002,0.0723958740234375,13.0,25.0
1542,190,500,26,early_first_window,1,0.02400000000000002,0.0723958740234375,13.0,25.0
1543,190,500,26,early_first_window,1,0.02400000000000002,0.0723958740234375,13.0,25.0
1544,190,500,26,early_first_window,1,0.02400000000000002,0.0723958740234375,13.0,25.0
1545,190,500,26,early_first_window,1,0.02400000000000002,0.0723958740234375,13.0,25.0
1546,190,500,26,early_first_window,1,0.02400000000000002,0.0723958740234375,13.0,25.0
1547,190,500,26,early_first_window,1,0.02400000000000002,0.0723958740234375,13.0,25.0
1548,190,500,26,early_first_window,1,0.02400000000000002,0.0723958740234375,13.0,25.0
1549,190,500,26,early_first_window,1,0.02400000000000002,0.0723958740234375,13.0,25.0
1550,190,500,26,early_first_window,1,0.02400000000000002,0.0723958740234375,13.0,25.0
1551,191,500,12,early_first_window,1,0.0020000000000000018,0.006311645507812491,0.0,11.0
1552,191,500,12,early_first_window,1,0.0020000000000000018,0.006311645507812491,0.0,11.0
1553,191,500,12,early_first_window,1,0.0020000000000000018,0.006311645507812491,0.0,11.0
1554,191,500,12,early_first_window,1,0.0020000000000000018,0.006311645507812491,0.0,11.0
1555,191,500,12,early_first_window,1,0.0020000000000000018,0.006311645507812491,0.0,11.0
1556,191,500,12,early_first_window,1,0.0020000000000000018,0.006311645507812491,0.0,11.0
1557,191,500,12,early_first_window,1,0.0020000000000000018,0.006311645507812491,0.0,11.0
1558,191,500,12,early_first_window,1,0.0020000000000000018,0.006311645507812491,0.0,11.0
1559,191,500,12,early_first_window,1,0.0020000000000000018,0.006311645507812491,0.0,11.0
1560,191,500,12,early_first_window,1,0.0020000000000000018,0.006311645507812491,0.0,11.0
1561,191,500,12,early_first_window,1,0.0020000000000000018,0.006311645507812491,0.0,11.0
1562,192,500,120,early_first_window,1,0.758,-0.10437524414062493,41.0,26.0
1563,192,500,120,early_first_window,1,0.758,-0.10437524414062493,41.0,26.0
1564,192,500,120,early_first_window,1,0.758,-0.10437524414062493,41.0,26.0
1565,192,500,120,early_first_window,1,0.758,-0.10437524414062493,41.0,26.0
1566,192,500,120,early_first_window,1,0.758,-0.10437524414062493,41.0,26.0
1567,192,500,120,early_first_window,1,0.758,-0.10437524414062493,41.0,26.0
1568,192,500,120,early_first_window,1,0.758,-0.10437524414062493,41.0,26.0
1569,192,500,120,early_first_window,1,0.758,-0.10437524414062493,41.0,26.0
1570,192,500,120,early_first_window,1,0.758,-0.10437524414062493,41.0,26.0
1571,192,500,120,early_first_window,1,0.758,-0.10437524414062493,41.0,26.0
1572,192,500,120,early_first_window,1,0.758,-0.10437524414062493,41.0,26.0
1573,193,500,128,early_first_window,1,0.718,-0.09233544921875003,73.0,25.0
1574,193,500,128,early_first_window,1,0.718,-0.09233544921875003,73.0,25.0
1575,193,500,128,early_first_window,1,0.718,-0.09233544921875003,73.0,25.0
1576,193,500,128,early_first_window,1,0.718,-0.09233544921875003,73.0,25.0
1577,193,500,128,early_first_window,1,0.718,-0.09233544921875003,73.0,25.0
1578,193,500,128,early_first_window,1,0.718,-0.09233544921875003,73.0,25.0
1579,193,500,128,early_first_window,1,0.718,-0.09233544921875003,73.0,25.0
1580,193,500,128,early_first_window,1,0.718,-0.09233544921875003,73.0,25.0
1581,193,500,128,early_first_window,1,0.718,-0.09233544921875003,73.0,25.0
1582,193,500,128,early_first_window,1,0.718,-0.09233544921875003,73.0,25.0
1583,193,500,128,early_first_window,1,0.718,-0.09233544921875003,73.0,25.0
1584,194,500,12,early_first_window,1,0.0020000000000000018,0.006311645507812491,0.0,11.0
1585,194,500,12,early_first_window,1,0.0020000000000000018,0.006311645507812491,0.0,11.0
1586,194,500,12,early_first_window,1,0.0020000000000000018,0.006311645507812491,0.0,11.0
1587,194,500,12,early_first_window,1,0.0020000000000000018,0.006311645507812491,0.0,11.0
1588,194,500,12,early_first_window,1,0.0020000000000000018,0.006311645507812491,0.0,11.0
1589,194,500,12,early_first_window,1,0.0020000000000000018,0.006311645507812491,0.0,11.0
1590,194,500,12,early_first_window,1,0.0020000000000000018,0.006311645507812491,0.0,11.0
1591,194,500,12,early_first_window,1,0.0020000000000000018,0.006311645507812491,0.0,11.0
1592,194,500,12,early_first_window,1,0.0020000000000000018,0.006311645507812491,0.0,11.0
1593,194,500,12,early_first_window,1,0.0020000000000000018,0.006311645507812491,0.0,11.0
1594,194,500,12,early_first_window,1,0.0020000000000000018,0.006311645507812491,0.0,11.0
1595,195,500,12,early_first_window,1,0.0020000000000000018,0.006311645507812491,0.0,11.0
1596,195,500,12,early_first_window,1,0.0020000000000000018,0.006311645507812491,0.0,11.0
1597,195,500,12,early_first_window,1,0.0020000000000000018,0.006311645507812491,0.0,11.0
1598,195,500,12,early_first_window,1,0.0020000000000000018,0.006311645507812491,0.0,11.0
1599,195,500,12,early_first_window,1,0.0020000000000000018,0.006311645507812491,0.0,11.0
1600,195,500,12,early_first_window,1,0.0020000000000000018,0.006311645507812491,0.0,11.0
1601,195,500,12,early_first_window,1,0.0020000000000000018,0.006311645507812491,0.0,11.0
1602,195,500,12,early_first_window,1,0.0020000000000000018,0.006311645507812491,0.0,11.0
1603,195,500,12,early_first_window,1,0.0020000000000000018,0.006311645507812491,0.0,11.0
1604,195,500,12,early_first_window,1,0.0020000000000000018,0.006311645507812491,0.0,11.0
1605,195,500,12,early_first_window,1,0.0020000000000000018,0.006311645507812491,0.0,11.0
1606,196,500,12,early_first_window,1,0.0020000000000000018,0.006311645507812491,0.0,11.0
1607,196,500,12,early_first_window,1,0.0020000000000000018,0.006311645507812491,0.0,11.0
1608,196,500,12,early_first_window,1,0.0020000000000000018,0.006311645507812491,0.0,11.0
1609,196,500,12,early_first_window,1,0.0020000000000000018,0.006311645507812491,0.0,11.0
1610,196,500,12,early_first_window,1,0.0020000000000000018,0.006311645507812491,0.0,11.0
1611,196,500,12,early_first_window,1,0.0020000000000000018,0.006311645507812491,0.0,11.0
1612,196,500,12,early_first_window,1,0.0020000000000000018,0.006311645507812491,0.0,11.0
1613,196,500,12,early_first_window,1,0.0020000000000000018,0.006311645507812491,0.0,11.0
1614,196,500,12,early_first_window,1,0.0020000000000000018,0.006311645507812491,0.0,11.0
1615,196,500,12,early_first_window,1,0.0020000000000000018,0.006311645507812491,0.0,11.0
1616,196,500,12,early_first_window,1,0.0020000000000000018,0.006311645507812491,0.0,11.0
1617,197,500,18,early_first_window,1,0.0040000000000000036,0.005375610351562532,5.0,17.0
1618,197,500,18,early_first_window,1,0.0040000000000000036,0.005375610351562532,5.0,17.0
1619,197,500,18,early_first_window,1,0.0040000000000000036,0.005375610351562532,5.0,17.0
1620,197,500,18,early_first_window,1,0.0040000000000000036,0.005375610351562532,5.0,17.0
1621,197,500,18,early_first_window,1,0.0040000000000000036,0.005375610351562532,5.0,17.0
1622,197,500,18,early_first_window,1,0.0040000000000000036,0.005375610351562532,5.0,17.0
1623,197,500,18,early_first_window,1,0.0040000000000000036,0.005375610351562532,5.0,17.0
1624,197,500,18,early_first_window,1,0.0040000000000000036,0.005375610351562532,5.0,17.0
1625,197,500,18,early_first_window,1,0.0040000000000000036,0.005375610351562532,5.0,17.0
1626,197,500,18,early_first_window,1,0.0040000000000000036,0.005375610351562532,5.0,17.0
1627,197,500,18,early_first_window,1,0.0040000000000000036,0.005375610351562532,5.0,17.0
1628,198,500,12,early_first_window,1,0.0020000000000000018,0.006311645507812491,0.0,11.0
1629,198,500,12,early_first_window,1,0.0020000000000000018,0.006311645507812491,0.0,11.0
1630,198,500,12,early_first_window,1,0.0020000000000000018,0.006311645507812491,0.0,11.0
1631,198,500,12,early_first_window,1,0.0020000000000000018,0.006311645507812491,0.0,11.0
1632,198,500,12,early_first_window,1,0.0020000000000000018,0.006311645507812491,0.0,11.0
1633,198,500,12,early_first_window,1,0.0020000000000000018,0.006311645507812491,0.0,11.0
1634,198,500,12,early_first_window,1,0.0020000000000000018,0.006311645507812491,0.0,11.0
1635,198,500,12,early_first_window,1,0.0020000000000000018,0.006311645507812491,0.0,11.0
1636,198,500,12,early_first_window,1,0.0020000000000000018,0.006311645507812491,0.0,11.0
1637,198,500,12,early_first_window,1,0.0020000000000000018,0.006311645507812491,0.0,11.0
1638,198,500,12,early_first_window,1,0.0020000000000000018,0.006311645507812491,0.0,11.0
1639,199,500,12,early_first_window,1,0.0020000000000000018,0.006311645507812491,0.0,11.0
1640,199,500,12,early_first_window,1,0.0020000000000000018,0.006311645507812491,0.0,11.0
1641,199,500,12,early_first_window,1,0.0020000000000000018,0.006311645507812491,0.0,11.0
1642,199,500,12,early_first_window,1,0.0020000000000000018,0.006311645507812491,0.0,11.0
1643,199,500,12,early_first_window,1,0.0020000000000000018,0.006311645507812491,0.0,11.0
1644,199,500,12,early_first_window,1,0.0020000000000000018,0.006311645507812491,0.0,11.0
1645,199,500,12,early_first_window,1,0.0020000000000000018,0.006311645507812491,0.0,11.0
1646,199,500,12,early_first_window,1,0.0020000000000000018,0.006311645507812491,0.0,11.0
1647,199,500,12,early_first_window,1,0.0020000000000000018,0.006311645507812491,0.0,11.0
1648,199,500,12,early_first_window,1,0.0020000000000000018,0.006311645507812491,0.0,11.0
1649,199,500,12,early_first_window,1,0.0020000000000000018,0.006311645507812491,0.0,11.0
1650,200,500,107,early_first_window,1,0.732,-0.000841918945312603,54.0,25.0
1651,200,500,107,early_first_window,1,0.732,-0.000841918945312603,54.0,25.0
1652,200,500,107,early_first_window,1,0.736,-0.000841918945312603,54.0,25.0
1653,200,500,107,early_first_window,1,0.736,-0.000841918945312603,54.0,25.0
1654,200,500,107,early_first_window,1,0.736,-0.000841918945312603,54.0,25.0
1655,200,500,107,early_first_window,1,0.736,-0.000841918945312603,54.0,25.0
1656,200,500,107,early_first_window,1,0.736,-0.000841918945312603,54.0,25.0
1657,200,500,107,early_first_window,1,0.736,-0.000841918945312603,54.0,25.0
1658,200,500,107,early_first_window,1,0.736,-0.000841918945312603,54.0,25.0
1659,200,500,107,early_first_window,1,0.736,-0.000841918945312603,54.0,25.0
1660,200,500,107,early_first_window,1,0.736,-0.000841918945312603,54.0,25.0
1661,201,500,12,early_first_window,1,0.0020000000000000018,0.006311645507812491,0.0,11.0
1662,201,500,12,early_first_window,1,0.0020000000000000018,0.006311645507812491,0.0,11.0
1663,201,500,12,early_first_window,1,0.0020000000000000018,0.006311645507812491,0.0,11.0
1664,201,500,12,early_first_window,1,0.0020000000000000018,0.006311645507812491,0.0,11.0
1665,201,500,12,early_first_window,1,0.0020000000000000018,0.006311645507812491,0.0,11.0
1666,201,500,12,early_first_window,1,0.0020000000000000018,0.006311645507812491,0.0,11.0
1667,201,500,12,early_first_window,1,0.0020000000000000018,0.006311645507812491,0.0,11.0
1668,201,500,12,early_first_window,1,0.0020000000000000018,0.006311645507812491,0.0,11.0
1669,201,500,12,early_first_window,1,0.0020000000000000018,0.006311645507812491,0.0,11.0
1670,201,500,12,early_first_window,1,0.0020000000000000018,0.006311645507812491,0.0,11.0
1671,201,500,12,early_first_window,1,0.0020000000000000018,0.006311645507812491,0.0,11.0
1672,202,500,99,early_first_window,1,0.8240000000000001,-0.05089379882812506,59.0,26.0
1673,202,500,99,early_first_window,1,0.8240000000000001,-0.05089379882812506,59.0,26.0
1674,202,500,99,early_first_window,1,0.8240000000000001,-0.05089379882812506,59.0,26.0
1675,202,500,99,early_first_window,1,0.8240000000000001,-0.05089379882812506,59.0,26.0
1676,202,500,99,early_first_window,1,0.8240000000000001,-0.05089379882812506,59.0,26.0
1677,202,500,99,early_first_window,1,0.8240000000000001,-0.05089379882812506,59.0,26.0
1678,202,500,99,early_first_window,1,0.8240000000000001,-0.05089379882812506,59.0,26.0
1679,202,500,99,early_first_window,1,0.8240000000000001,-0.05089379882812506,59.0,26.0
1680,202,500,99,early_first_window,1,0.8240000000000001,-0.05089379882812506,59.0,26.0
1681,202,500,99,early_first_window,1,0.8240000000000001,-0.05089379882812506,59.0,26.0
1682,202,500,99,early_first_window,1,0.8240000000000001,-0.05089379882812506,59.0,26.0
1683,203,500,97,early_first_window,1,0.748,-0.21867285156250005,46.0,18.0
1684,203,500,97,early_first_window,1,0.748,-0.21867285156250005,46.0,18.0
1685,203,500,97,early_first_window,1,0.748,-0.21867285156250005,46.0,18.0
1686,203,500,97,early_first_window,1,0.748,-0.21867285156250005,46.0,18.0
1687,203,500,97,early_first_window,1,0.748,-0.21867285156250005,46.0,18.0
1688,203,500,97,early_first_window,1,0.748,-0.21867285156250005,46.0,18.0
1689,203,500,97,early_first_window,1,0.748,-0.21867285156250005,46.0,18.0
1690,203,500,93,early_first_window,1,0.746,-0.19554443359374996,46.0,18.0
1691,203,500,93,early_first_window,1,0.746,-0.19554443359374996,46.0,18.0
1692,203,500,93,early_first_window,1,0.746,-0.19554443359374996,46.0,18.0
1693,203,500,93,early_first_window,1,0.746,-0.19554443359374996,46.0,18.0
1694,204,500,12,early_first_window,1,0.0020000000000000018,0.006311645507812491,0.0,11.0
1695,204,500,12,early_first_window,1,0.0020000000000000018,0.006311645507812491,0.0,11.0
1696,204,500,12,early_first_window,1,0.0020000000000000018,0.006311645507812491,0.0,11.0
1697,204,500,12,early_first_window,1,0.0020000000000000018,0.006311645507812491,0.0,11.0
1698,204,500,12,early_first_window,1,0.0020000000000000018,0.006311645507812491,0.0,11.0
1699,204,500,12,early_first_window,1,0.0020000000000000018,0.006311645507812491,0.0,11.0
1700,204,500,12,early_first_window,1,0.0020000000000000018,0.006311645507812491,0.0,11.0
1701,204,500,12,early_first_window,1,0.0020000000000000018,0.006311645507812491,0.0,11.0
1702,204,500,12,early_first_window,1,0.0020000000000000018,0.006311645507812491,0.0,11.0
1703,204,500,12,early_first_window,1,0.0020000000000000018,0.006311645507812491,0.0,11.0
1704,204,500,12,early_first_window,1,0.0020000000000000018,0.006311645507812491,0.0,11.0
1705,205,500,96,early_first_window,1,0.774,-0.018421875000000032,56.0,25.0
1706,205,500,96,early_first_window,1,0.774,-0.018421875000000032,56.0,25.0
1707,205,500,96,early_first_window,1,0.774,-0.018421875000000032,56.0,25.0
1708,205,500,96,early_first_window,1,0.774,-0.018421875000000032,56.0,25.0
1709,205,500,96,early_first_window,1,0.774,-0.018421875000000032,56.0,25.0
1710,205,500,96,early_first_window,1,0.774,-0.018421875000000032,56.0,25.0
1711,205,500,96,early_first_window,1,0.774,-0.018421875000000032,56.0,25.0
1712,205,500,96,early_first_window,1,0.774,-0.018421875000000032,56.0,25.0
1713,205,500,96,early_first_window,1,0.774,-0.018421875000000032,56.0,25.0
1714,205,500,96,early_first_window,1,0.774,-0.018421875000000032,56.0,25.0
1715,205,500,96,early_first_window,1,0.774,-0.018421875000000032,56.0,25.0
1716,206,500,27,early_first_window,1,0.01200000000000001,0.029463562011718736,10.0,26.0
1717,206,500,27,early_first_window,1,0.01200000000000001,0.029463562011718736,10.0,26.0
1718,206,500,27,early_first_window,1,0.01200000000000001,0.029463562011718736,10.0,26.0
1719,206,500,27,early_first_window,1,0.01200000000000001,0.029463562011718736,10.0,26.0
1720,206,500,27,early_first_window,1,0.01200000000000001,0.029463562011718736,10.0,26.0
1721,206,500,27,early_first_window,1,0.01200000000000001,0.029463562011718736,10.0,26.0
1722,206,500,27,early_first_window,1,0.01200000000000001,0.029463562011718736,10.0,26.0
1723,206,500,27,early_first_window,1,0.01200000000000001,0.029463562011718736,10.0,26.0
1724,206,500,27,early_first_window,1,0.01200000000000001,0.029463562011718736,10.0,26.0
1725,206,500,27,early_first_window,1,0.01200000000000001,0.029463562011718736,10.0,26.0
1726,206,500,27,early_first_window,1,0.01200000000000001,0.029463562011718736,10.0,26.0
1727,207,500,89,early_first_window,1,0.764,-0.0474564208984376,42.0,12.0
1728,207,500,89,early_first_window,1,0.764,-0.0474564208984376,42.0,12.0
1729,207,500,89,early_first_window,1,0.764,-0.0474564208984376,42.0,12.0
1730,207,500,89,early_first_window,1,0.764,-0.0474564208984376,42.0,12.0
1731,207,500,89,early_first_window,1,0.764,-0.0474564208984376,42.0,12.0
1732,207,500,89,early_first_window,1,0.764,-0.0474564208984376,42.0,12.0
1733,207,500,89,early_first_window,1,0.764,-0.0474564208984376,42.0,12.0
1734,207,500,89,early_first_window,1,0.764,-0.0474564208984376,42.0,12.0
1735,207,500,89,early_first_window,1,0.764,-0.0474564208984376,42.0,12.0
1736,207,500,89,early_first_window,1,0.764,-0.0474564208984376,42.0,12.0
1737,207,500,89,early_first_window,1,0.764,-0.0474564208984376,42.0,12.0
1738,208,500,12,early_first_window,1,0.0020000000000000018,0.006311645507812491,0.0,11.0
1739,208,500,12,early_first_window,1,0.0020000000000000018,0.006311645507812491,0.0,11.0
1740,208,500,12,early_first_window,1,0.0020000000000000018,0.006311645507812491,0.0,11.0
1741,208,500,12,early_first_window,1,0.0020000000000000018,0.006311645507812491,0.0,11.0
1742,208,500,12,early_first_window,1,0.0020000000000000018,0.006311645507812491,0.0,11.0
1743,208,500,12,early_first_window,1,0.0020000000000000018,0.006311645507812491,0.0,11.0
1744,208,500,12,early_first_window,1,0.0020000000000000018,0.006311645507812491,0.0,11.0
1745,208,500,12,early_first_window,1,0.0020000000000000018,0.006311645507812491,0.0,11.0
1746,208,500,12,early_first_window,1,0.0020000000000000018,0.006311645507812491,0.0,11.0
1747,208,500,12,early_first_window,1,0.0020000000000000018,0.006311645507812491,0.0,11.0
1748,208,500,12,early_first_window,1,0.0020000000000000018,0.006311645507812491,0.0,11.0
1749,209,500,12,early_first_window,1,0.0020000000000000018,0.006311645507812491,0.0,11.0
1750,209,500,12,early_first_window,1,0.0020000000000000018,0.006311645507812491,0.0,11.0
1751,209,500,12,early_first_window,1,0.0020000000000000018,0.006311645507812491,0.0,11.0
1752,209,500,12,early_first_window,1,0.0020000000000000018,0.006311645507812491,0.0,11.0
1753,209,500,12,early_first_window,1,0.0020000000000000018,0.006311645507812491,0.0,11.0
1754,209,500,12,early_first_window,1,0.0020000000000000018,0.006311645507812491,0.0,11.0
1755,209,500,12,early_first_window,1,0.0020000000000000018,0.006311645507812491,0.0,11.0
1756,209,500,12,early_first_window,1,0.0020000000000000018,0.006311645507812491,0.0,11.0
1757,209,500,12,early_first_window,1,0.0020000000000000018,0.006311645507812491,0.0,11.0
1758,209,500,12,early_first_window,1,0.0020000000000000018,0.006311645507812491,0.0,11.0
1759,209,500,12,early_first_window,1,0.0020000000000000018,0.006311645507812491,0.0,11.0
1760,210,500,113,early_first_window,1,0.738,-0.05048059082031253,43.0,25.0
1761,210,500,113,early_first_window,1,0.74,-0.05048059082031253,43.0,25.0
1762,210,500,113,early_first_window,1,0.74,-0.05048059082031253,43.0,25.0
1763,210,500,113,early_first_window,1,0.74,-0.05048059082031253,43.0,25.0
1764,210,500,113,early_first_window,1,0.74,-0.05048059082031253,43.0,25.0
1765,210,500,113,early_first_window,1,0.74,-0.05048059082031253,43.0,25.0
1766,210,500,113,early_first_window,1,0.744,-0.05048059082031253,43.0,25.0
1767,210,500,113,early_first_window,1,0.744,-0.05048059082031253,43.0,25.0
1768,210,500,113,early_first_window,1,0.744,-0.05048059082031253,43.0,25.0
1769,210,500,113,early_first_window,1,0.744,-0.05048059082031253,43.0,25.0
1770,210,500,113,early_first_window,1,0.744,-0.05048059082031253,43.0,25.0
1771,211,500,100,early_first_window,1,0.806,-0.10905920410156256,53.0,12.0
1772,211,500,100,early_first_window,1,0.792,-0.10905920410156256,53.0,12.0
1773,211,500,100,early_first_window,1,0.792,-0.10905920410156256,53.0,12.0
1774,211,500,100,early_first_window,1,0.792,-0.10905920410156256,53.0,12.0
1775,211,500,100,early_first_window,1,0.792,-0.10905920410156256,53.0,12.0
1776,211,500,100,early_first_window,1,0.792,-0.10905920410156256,53.0,12.0
1777,211,500,100,early_first_window,1,0.792,-0.10905920410156256,53.0,12.0
1778,211,500,100,early_first_window,1,0.792,-0.10905920410156256,53.0,12.0
1779,211,500,100,early_first_window,1,0.792,-0.10905920410156256,53.0,12.0
1780,211,500,100,early_first_window,1,0.792,-0.10905920410156256,53.0,12.0
1781,211,500,100,early_first_window,1,0.792,-0.10905920410156256,53.0,12.0
1782,212,500,79,early_first_window,1,0.6799999999999999,0.03973327636718749,40.0,58.0
1783,212,500,79,early_first_window,1,0.6799999999999999,0.03973327636718749,40.0,58.0
1784,212,500,79,early_first_window,1,0.6799999999999999,0.03973327636718749,40.0,58.0
1785,212,500,79,early_first_window,1,0.6799999999999999,0.03973327636718749,40.0,58.0
1786,212,500,79,early_first_window,1,0.6799999999999999,0.03973327636718749,40.0,58.0
1787,212,500,79,early_first_window,1,0.6799999999999999,0.03973327636718749,40.0,58.0
1788,212,500,79,early_first_window,1,0.6799999999999999,0.03973327636718749,40.0,58.0
1789,212,500,79,early_first_window,1,0.6799999999999999,0.03973327636718749,40.0,58.0
1790,212,500,79,early_first_window,1,0.6799999999999999,0.03973327636718749,40.0,58.0
1791,212,500,79,early_first_window,1,0.6799999999999999,0.03973327636718749,40.0,58.0
1792,212,500,79,early_first_window,1,0.6799999999999999,0.03973327636718749,40.0,58.0
1793,213,500,12,early_first_window,1,0.0020000000000000018,0.006311645507812491,0.0,11.0
1794,213,500,12,early_first_window,1,0.0020000000000000018,0.006311645507812491,0.0,11.0
1795,213,500,12,early_first_window,1,0.0020000000000000018,0.006311645507812491,0.0,11.0
1796,213,500,12,early_first_window,1,0.0020000000000000018,0.006311645507812491,0.0,11.0
1797,213,500,12,early_first_window,1,0.0020000000000000018,0.006311645507812491,0.0,11.0
1798,213,500,12,early_first_window,1,0.0020000000000000018,0.006311645507812491,0.0,11.0
1799,213,500,12,early_first_window,1,0.0020000000000000018,0.006311645507812491,0.0,11.0
1800,213,500,12,early_first_window,1,0.0020000000000000018,0.006311645507812491,0.0,11.0
1801,213,500,12,early_first_window,1,0.0020000000000000018,0.006311645507812491,0.0,11.0
1802,213,500,12,early_first_window,1,0.0020000000000000018,0.006311645507812491,0.0,11.0
1803,213,500,12,early_first_window,1,0.0020000000000000018,0.006311645507812491,0.0,11.0
1804,214,500,12,early_first_window,1,0.0020000000000000018,0.006311645507812491,0.0,11.0
1805,214,500,12,early_first_window,1,0.0020000000000000018,0.006311645507812491,0.0,11.0
1806,214,500,12,early_first_window,1,0.0020000000000000018,0.006311645507812491,0.0,11.0
1807,214,500,12,early_first_window,1,0.0020000000000000018,0.006311645507812491,0.0,11.0
1808,214,500,12,early_first_window,1,0.0020000000000000018,0.006311645507812491,0.0,11.0
1809,214,500,12,early_first_window,1,0.0020000000000000018,0.006311645507812491,0.0,11.0
1810,214,500,12,early_first_window,1,0.0020000000000000018,0.006311645507812491,0.0,11.0
1811,214,500,12,early_first_window,1,0.0020000000000000018,0.006311645507812491,0.0,11.0
1812,214,500,12,early_first_window,1,0.0020000000000000018,0.006311645507812491,0.0,11.0
1813,214,500,12,early_first_window,1,0.0020000000000000018,0.006311645507812491,0.0,11.0
1814,214,500,12,early_first_window,1,0.0020000000000000018,0.006311645507812491,0.0,11.0
1815,215,500,12,early_first_window,1,0.0020000000000000018,0.006311645507812491,0.0,11.0
1816,215,500,12,early_first_window,1,0.0020000000000000018,0.006311645507812491,0.0,11.0
1817,215,500,12,early_first_window,1,0.0020000000000000018,0.006311645507812491,0.0,11.0
1818,215,500,12,early_first_window,1,0.0020000000000000018,0.006311645507812491,0.0,11.0
1819,215,500,12,early_first_window,1,0.0020000000000000018,0.006311645507812491,0.0,11.0
1820,215,500,12,early_first_window,1,0.0020000000000000018,0.006311645507812491,0.0,11.0
1821,215,500,12,early_first_window,1,0.0020000000000000018,0.006311645507812491,0.0,11.0
1822,215,500,12,early_first_window,1,0.0020000000000000018,0.006311645507812491,0.0,11.0
1823,215,500,12,early_first_window,1,0.0020000000000000018,0.006311645507812491,0.0,11.0
1824,215,500,12,early_first_window,1,0.0020000000000000018,0.006311645507812491,0.0,11.0
1825,215,500,12,early_first_window,1,0.0020000000000000018,0.006311645507812491,0.0,11.0
1826,216,500,22,early_first_window,1,0.010000000000000009,0.02767260742187505,9.0,21.0
1827,216,500,22,early_first_window,1,0.010000000000000009,0.02767260742187505,9.0,21.0
1828,216,500,22,early_first_window,1,0.010000000000000009,0.02767260742187505,9.0,21.0
1829,216,500,22,early_first_window,1,0.010000000000000009,0.02767260742187505,9.0,21.0
1830,216,500,22,early_first_window,1,0.010000000000000009,0.02767260742187505,9.0,21.0
1831,216,500,22,early_first_window,1,0.010000000000000009,0.02767260742187505,9.0,21.0
1832,216,500,22,early_first_window,1,0.010000000000000009,0.02767260742187505,9.0,21.0
1833,216,500,22,early_first_window,1,0.010000000000000009,0.02767260742187505,9.0,21.0
1834,216,500,22,early_first_window,1,0.010000000000000009,0.02767260742187505,9.0,21.0
1835,216,500,22,early_first_window,1,0.010000000000000009,0.02767260742187505,9.0,21.0
1836,216,500,22,early_first_window,1,0.010000000000000009,0.02767260742187505,9.0,21.0
1837,217,500,12,early_first_window,1,0.0020000000000000018,0.006311645507812491,0.0,11.0
1838,217,500,12,early_first_window,1,0.0020000000000000018,0.006311645507812491,0.0,11.0
1839,217,500,12,early_first_window,1,0.0020000000000000018,0.006311645507812491,0.0,11.0
1840,217,500,12,early_first_window,1,0.0020000000000000018,0.006311645507812491,0.0,11.0
1841,217,500,12,early_first_window,1,0.0020000000000000018,0.006311645507812491,0.0,11.0
1842,217,500,12,early_first_window,1,0.0020000000000000018,0.006311645507812491,0.0,11.0
1843,217,500,12,early_first_window,1,0.0020000000000000018,0.006311645507812491,0.0,11.0
1844,217,500,12,early_first_window,1,0.0020000000000000018,0.006311645507812491,0.0,11.0
1845,217,500,12,early_first_window,1,0.0020000000000000018,0.006311645507812491,0.0,11.0
1846,217,500,12,early_first_window,1,0.0020000000000000018,0.006311645507812491,0.0,11.0
1847,217,500,12,early_first_window,1,0.0020000000000000018,0.006311645507812491,0.0,11.0
1848,218,500,12,early_first_window,1,0.0020000000000000018,0.006311645507812491,0.0,11.0
1849,218,500,12,early_first_window,1,0.0020000000000000018,0.006311645507812491,0.0,11.0
1850,218,500,12,early_first_window,1,0.0020000000000000018,0.006311645507812491,0.0,11.0
1851,218,500,12,early_first_window,1,0.0020000000000000018,0.006311645507812491,0.0,11.0
1852,218,500,12,early_first_window,1,0.0020000000000000018,0.006311645507812491,0.0,11.0
1853,218,500,12,early_first_window,1,0.0020000000000000018,0.006311645507812491,0.0,11.0
1854,218,500,12,early_first_window,1,0.0020000000000000018,0.006311645507812491,0.0,11.0
1855,218,500,12,early_first_window,1,0.0020000000000000018,0.006311645507812491,0.0,11.0
1856,218,500,12,early_first_window,1,0.0020000000000000018,0.006311645507812491,0.0,11.0
1857,218,500,12,early_first_window,1,0.0020000000000000018,0.006311645507812491,0.0,11.0
1858,218,500,12,early_first_window,1,0.0020000000000000018,0.006311645507812491,0.0,11.0
1859,219,500,118,early_first_window,1,0.79,-0.039657470703124975,42.0,25.0
1860,219,500,118,early_first_window,1,0.79,-0.039657470703124975,42.0,25.0
1861,219,500,118,early_first_window,1,0.79,-0.039657470703124975,42.0,25.0
1862,219,500,118,early_first_window,1,0.79,-0.039657470703124975,42.0,25.0
1863,219,500,118,early_first_window,1,0.79,-0.039657470703124975,42.0,25.0
1864,219,500,118,early_first_window,1,0.79,-0.039657470703124975,42.0,25.0
1865,219,500,118,early_first_window,1,0.79,-0.039657470703124975,42.0,25.0
1866,219,500,118,early_first_window,1,0.79,-0.039657470703124975,42.0,25.0
1867,219,500,118,early_first_window,1,0.79,-0.039657470703124975,42.0,25.0
1868,219,500,118,early_first_window,1,0.79,-0.039657470703124975,42.0,25.0
1869,219,500,118,early_first_window,1,0.79,-0.039657470703124975,42.0,25.0
1870,220,500,109,early_first_window,1,0.648,-0.05045507812499994,67.0,27.0
1871,220,500,109,early_first_window,1,0.648,-0.05045507812499994,67.0,27.0
1872,220,500,109,early_first_window,1,0.648,-0.05045507812499994,67.0,27.0
1873,220,500,109,early_first_window,1,0.648,-0.05045507812499994,67.0,27.0
1874,220,500,109,early_first_window,1,0.648,-0.05045507812499994,67.0,27.0
1875,220,500,109,early_first_window,1,0.648,-0.05045507812499994,67.0,27.0
1876,220,500,109,early_first_window,1,0.648,-0.05045507812499994,67.0,27.0
1877,220,500,109,early_first_window,1,0.648,-0.05045507812499994,67.0,27.0
1878,220,500,109,early_first_window,1,0.648,-0.05045507812499994,67.0,27.0
1879,220,500,109,early_first_window,1,0.648,-0.05045507812499994,67.0,27.0
1880,220,500,109,early_first_window,1,0.648,-0.05045507812499994,67.0,27.0
1881,221,500,156,early_first_window,1,0.728,-1.1344414062500001,43.0,18.0
1882,221,500,156,early_first_window,1,0.73,-1.1344414062500001,43.0,18.0
1883,221,500,156,early_first_window,1,0.73,-1.1344414062500001,43.0,18.0
1884,221,500,156,early_first_window,1,0.73,-1.1344414062500001,43.0,18.0
1885,221,500,156,early_first_window,1,0.73,-1.1344414062500001,43.0,18.0
1886,221,500,156,early_first_window,1,0.73,-1.1344414062500001,43.0,18.0
1887,221,500,156,early_first_window,1,0.73,-1.1344414062500001,43.0,18.0
1888,221,500,156,early_first_window,1,0.736,-1.1344414062500001,43.0,18.0
1889,221,500,156,early_first_window,1,0.736,-1.1344414062500001,43.0,18.0
1890,221,500,156,early_first_window,1,0.736,-1.1344414062500001,43.0,18.0
1891,221,500,156,early_first_window,1,0.736,-1.1344414062500001,43.0,18.0
1892,222,500,12,early_first_window,1,0.0020000000000000018,0.006311645507812491,0.0,11.0
1893,222,500,12,early_first_window,1,0.0020000000000000018,0.006311645507812491,0.0,11.0
1894,222,500,12,early_first_window,1,0.0020000000000000018,0.006311645507812491,0.0,11.0
1895,222,500,12,early_first_window,1,0.0020000000000000018,0.006311645507812491,0.0,11.0
1896,222,500,12,early_first_window,1,0.0020000000000000018,0.006311645507812491,0.0,11.0
1897,222,500,12,early_first_window,1,0.0020000000000000018,0.006311645507812491,0.0,11.0
1898,222,500,12,early_first_window,1,0.0020000000000000018,0.006311645507812491,0.0,11.0
1899,222,500,12,early_first_window,1,0.0020000000000000018,0.006311645507812491,0.0,11.0
1900,222,500,12,early_first_window,1,0.0020000000000000018,0.006311645507812491,0.0,11.0
1901,222,500,12,early_first_window,1,0.0020000000000000018,0.006311645507812491,0.0,11.0
1902,222,500,12,early_first_window,1,0.0020000000000000018,0.006311645507812491,0.0,11.0
1903,223,500,88,early_first_window,1,0.746,0.002034912109375009,40.0,25.0
1904,223,500,88,early_first_window,1,0.746,0.002034912109375009,40.0,25.0
1905,223,500,88,early_first_window,1,0.746,0.002034912109375009,40.0,25.0
1906,223,500,88,early_first_window,1,0.746,0.002034912109375009,40.0,25.0
1907,223,500,88,early_first_window,1,0.748,0.002034912109375009,40.0,25.0
1908,223,500,88,early_first_window,1,0.748,0.002034912109375009,40.0,25.0
1909,223,500,88,early_first_window,1,0.754,0.002034912109375009,40.0,25.0
1910,223,500,88,early_first_window,1,0.754,0.002034912109375009,40.0,25.0
1911,223,500,88,early_first_window,1,0.754,0.002034912109375009,40.0,25.0
1912,223,500,88,early_first_window,1,0.754,0.002034912109375009,40.0,25.0
1913,223,500,88,early_first_window,1,0.754,0.002034912109375009,40.0,25.0
1914,224,500,12,early_first_window,1,0.0020000000000000018,0.006311645507812491,0.0,11.0
1915,224,500,12,early_first_window,1,0.0020000000000000018,0.006311645507812491,0.0,11.0
1916,224,500,12,early_first_window,1,0.0020000000000000018,0.006311645507812491,0.0,11.0
1917,224,500,12,early_first_window,1,0.0020000000000000018,0.006311645507812491,0.0,11.0
1918,224,500,12,early_first_window,1,0.0020000000000000018,0.006311645507812491,0.0,11.0
1919,224,500,12,early_first_window,1,0.0020000000000000018,0.006311645507812491,0.0,11.0
1920,224,500,12,early_first_window,1,0.0020000000000000018,0.006311645507812491,0.0,11.0
1921,224,500,12,early_first_window,1,0.0020000000000000018,0.006311645507812491,0.0,11.0
1922,224,500,12,early_first_window,1,0.0020000000000000018,0.006311645507812491,0.0,11.0
1923,224,500,12,early_first_window,1,0.0020000000000000018,0.006311645507812491,0.0,11.0
1924,224,500,12,early_first_window,1,0.0020000000000000018,0.006311645507812491,0.0,11.0
1925,225,500,17,early_first_window,1,0.0040000000000000036,0.02463928222656253,4.0,16.0
1926,225,500,17,early_first_window,1,0.0040000000000000036,0.02463928222656253,4.0,16.0
1927,225,500,17,early_first_window,1,0.0040000000000000036,0.02463928222656253,4.0,16.0
1928,225,500,17,early_first_window,1,0.0040000000000000036,0.02463928222656253,4.0,16.0
1929,225,500,17,early_first_window,1,0.0040000000000000036,0.02463928222656253,4.0,16.0
1930,225,500,17,early_first_window,1,0.0040000000000000036,0.02463928222656253,4.0,16.0
1931,225,500,17,early_first_window,1,0.0040000000000000036,0.02463928222656253,4.0,16.0
1932,225,500,17,early_first_window,1,0.0040000000000000036,0.02463928222656253,4.0,16.0
1933,225,500,17,early_first_window,1,0.0040000000000000036,0.02463928222656253,4.0,16.0
1934,225,500,17,early_first_window,1,0.0040000000000000036,0.02463928222656253,4.0,16.0
1935,225,500,17,early_first_window,1,0.0040000000000000036,0.02463928222656253,4.0,16.0
1936,226,500,110,early_first_window,1,0.736,-0.005935241699218663,46.0,25.0
1937,226,500,110,early_first_window,1,0.736,-0.005935241699218663,46.0,25.0
1938,226,500,110,early_first_window,1,0.736,-0.005935241699218663,46.0,25.0
1939,226,500,110,early_first_window,1,0.736,-0.005935241699218663,46.0,25.0
1940,226,500,110,early_first_window,1,0.736,-0.005935241699218663,46.0,25.0
1941,226,500,110,early_first_window,1,0.736,-0.005935241699218663,46.0,25.0
1942,226,500,110,early_first_window,1,0.736,-0.005935241699218663,46.0,25.0
1943,226,500,110,early_first_window,1,0.736,-0.005935241699218663,46.0,25.0
1944,226,500,110,early_first_window,1,0.736,-0.005935241699218663,46.0,25.0
1945,226,500,110,early_first_window,1,0.736,-0.005935241699218663,46.0,25.0
1946,226,500,110,early_first_window,1,0.736,-0.005935241699218663,46.0,25.0
1947,227,500,100,early_first_window,1,0.63,-0.015427490234374952,60.0,25.0
1948,227,500,100,early_first_window,1,0.63,-0.015427490234374952,60.0,25.0
1949,227,500,100,early_first_window,1,0.63,-0.015427490234374952,60.0,25.0
1950,227,500,100,early_first_window,1,0.63,-0.015427490234374952,60.0,25.0
1951,227,500,100,early_first_window,1,0.63,-0.015427490234374952,60.0,25.0
1952,227,500,100,early_first_window,1,0.63,-0.015427490234374952,60.0,25.0
1953,227,500,100,early_first_window,1,0.63,-0.015427490234374952,60.0,25.0
1954,227,500,100,early_first_window,1,0.63,-0.015427490234374952,60.0,25.0
1955,227,500,100,early_first_window,1,0.63,-0.015427490234374952,60.0,25.0
1956,227,500,100,early_first_window,1,0.63,-0.015427490234374952,60.0,25.0
1957,227,500,100,early_first_window,1,0.63,-0.015427490234374952,60.0,25.0
1958,228,500,93,early_first_window,1,0.778,-0.061582275390624996,50.0,12.0
1959,228,500,93,early_first_window,1,0.778,-0.061582275390624996,50.0,12.0
1960,228,500,93,early_first_window,1,0.778,-0.061582275390624996,50.0,12.0
1961,228,500,93,early_first_window,1,0.778,-0.061582275390624996,50.0,12.0
1962,228,500,93,early_first_window,1,0.778,-0.061582275390624996,50.0,12.0
1963,228,500,93,early_first_window,1,0.778,-0.061582275390624996,50.0,12.0
1964,228,500,93,early_first_window,1,0.778,-0.061582275390624996,50.0,12.0
1965,228,500,93,early_first_window,1,0.778,-0.061582275390624996,50.0,12.0
1966,228,500,93,early_first_window,1,0.778,-0.061582275390624996,50.0,12.0
1967,228,500,93,early_first_window,1,0.778,-0.061582275390624996,50.0,12.0
1968,228,500,93,early_first_window,1,0.778,-0.061582275390624996,50.0,12.0
1969,229,500,16,early_first_window,1,0.0020000000000000018,0.005555053710937452,0.0,15.0
1970,229,500,16,early_first_window,1,0.0020000000000000018,0.005555053710937452,0.0,15.0
1971,229,500,16,early_first_window,1,0.0020000000000000018,0.005555053710937452,0.0,15.0
1972,229,500,16,early_first_window,1,0.0020000000000000018,0.005555053710937452,0.0,15.0
1973,229,500,16,early_first_window,1,0.0020000000000000018,0.005555053710937452,0.0,15.0
1974,229,500,16,early_first_window,1,0.0020000000000000018,0.005555053710937452,0.0,15.0
1975,229,500,16,early_first_window,1,0.0020000000000000018,0.005555053710937452,0.0,15.0
1976,229,500,16,early_first_window,1,0.0020000000000000018,0.005555053710937452,0.0,15.0
1977,229,500,16,early_first_window,1,0.0020000000000000018,0.005555053710937452,0.0,15.0
1978,229,500,16,early_first_window,1,0.0020000000000000018,0.005555053710937452,0.0,15.0
1979,229,500,16,early_first_window,1,0.0020000000000000018,0.005555053710937452,0.0,15.0
1980,230,500,12,early_first_window,1,0.0020000000000000018,0.006311645507812491,0.0,11.0
1981,230,500,12,early_first_window,1,0.0020000000000000018,0.006311645507812491,0.0,11.0
1982,230,500,12,early_first_window,1,0.0020000000000000018,0.006311645507812491,0.0,11.0
1983,230,500,12,early_first_window,1,0.0020000000000000018,0.006311645507812491,0.0,11.0
1984,230,500,12,early_first_window,1,0.0020000000000000018,0.006311645507812491,0.0,11.0
1985,230,500,12,early_first_window,1,0.0020000000000000018,0.006311645507812491,0.0,11.0
1986,230,500,12,early_first_window,1,0.0020000000000000018,0.006311645507812491,0.0,11.0
1987,230,500,12,early_first_window,1,0.0020000000000000018,0.006311645507812491,0.0,11.0
1988,230,500,12,early_first_window,1,0.0020000000000000018,0.006311645507812491,0.0,11.0
1989,230,500,12,early_first_window,1,0.0020000000000000018,0.006311645507812491,0.0,11.0
1990,230,500,12,early_first_window,1,0.0020000000000000018,0.006311645507812491,0.0,11.0
1991,231,500,12,early_first_window,1,0.0020000000000000018,0.006311645507812491,0.0,11.0
1992,231,500,12,early_first_window,1,0.0020000000000000018,0.006311645507812491,0.0,11.0
1993,231,500,12,early_first_window,1,0.0020000000000000018,0.006311645507812491,0.0,11.0
1994,231,500,12,early_first_window,1,0.0020000000000000018,0.006311645507812491,0.0,11.0
1995,231,500,12,early_first_window,1,0.0020000000000000018,0.006311645507812491,0.0,11.0
1996,231,500,12,early_first_window,1,0.0020000000000000018,0.006311645507812491,0.0,11.0
1997,231,500,12,early_first_window,1,0.0020000000000000018,0.006311645507812491,0.0,11.0
1998,231,500,12,early_first_window,1,0.0020000000000000018,0.006311645507812491,0.0,11.0
1999,231,500,12,early_first_window,1,0.0020000000000000018,0.006311645507812491,0.0,11.0
2000,231,500,12,early_first_window,1,0.0020000000000000018,0.006311645507812491,0.0,11.0
2001,231,500,12,early_first_window,1,0.0020000000000000018,0.006311645507812491,0.0,11.0
2002,232,500,28,early_first_window,1,0.01200000000000001,0.022390075683593746,11.0,26.0
2003,232,500,28,early_first_window,1,0.01200000000000001,0.022390075683593746,11.0,26.0
2004,232,500,28,early_first_window,1,0.01200000000000001,0.022390075683593746,11.0,26.0
2005,232,500,28,early_first_window,1,0.01200000000000001,0.022390075683593746,11.0,26.0
2006,232,500,28,early_first_window,1,0.01200000000000001,0.022390075683593746,11.0,26.0
2007,232,500,28,early_first_window,1,0.01200000000000001,0.022390075683593746,11.0,26.0
2008,232,500,28,early_first_window,1,0.01200000000000001,0.022390075683593746,11.0,26.0
2009,232,500,28,early_first_window,1,0.01200000000000001,0.022390075683593746,11.0,26.0
2010,232,500,28,early_first_window,1,0.01200000000000001,0.022390075683593746,11.0,26.0
2011,232,500,28,early_first_window,1,0.01200000000000001,0.022390075683593746,11.0,26.0
2012,232,500,28,early_first_window,1,0.01200000000000001,0.022390075683593746,11.0,26.0
2013,233,500,12,early_first_window,1,0.0020000000000000018,0.006311645507812491,0.0,11.0
2014,233,500,12,early_first_window,1,0.0020000000000000018,0.006311645507812491,0.0,11.0
2015,233,500,12,early_first_window,1,0.0020000000000000018,0.006311645507812491,0.0,11.0
2016,233,500,12,early_first_window,1,0.0020000000000000018,0.006311645507812491,0.0,11.0
2017,233,500,12,early_first_window,1,0.0020000000000000018,0.006311645507812491,0.0,11.0
2018,233,500,12,early_first_window,1,0.0020000000000000018,0.006311645507812491,0.0,11.0
2019,233,500,12,early_first_window,1,0.0020000000000000018,0.006311645507812491,0.0,11.0
2020,233,500,12,early_first_window,1,0.0020000000000000018,0.006311645507812491,0.0,11.0
2021,233,500,12,early_first_window,1,0.0020000000000000018,0.006311645507812491,0.0,11.0
2022,233,500,12,early_first_window,1,0.0020000000000000018,0.006311645507812491,0.0,11.0
2023,233,500,12,early_first_window,1,0.0020000000000000018,0.006311645507812491,0.0,11.0
2024,234,500,109,early_first_window,1,0.724,-0.021442626953124932,49.0,25.0
2025,234,500,109,early_first_window,1,0.724,-0.021442626953124932,49.0,25.0
2026,234,500,109,early_first_window,1,0.724,-0.021442626953124932,49.0,25.0
2027,234,500,109,early_first_window,1,0.724,-0.021442626953124932,49.0,25.0
2028,234,500,109,early_first_window,1,0.724,-0.021442626953124932,49.0,25.0
2029,234,500,109,early_first_window,1,0.724,-0.021442626953124932,49.0,25.0
2030,234,500,109,early_first_window,1,0.724,-0.021442626953124932,49.0,25.0
2031,234,500,109,early_first_window,1,0.724,-0.021442626953124932,49.0,25.0
2032,234,500,109,early_first_window,1,0.724,-0.021442626953124932,49.0,25.0
2033,234,500,109,early_first_window,1,0.724,-0.021442626953124932,49.0,25.0
2034,234,500,109,early_first_window,1,0.724,-0.021442626953124932,49.0,25.0
2035,235,500,124,early_first_window,1,0.762,-0.05118823242187509,52.0,25.0
2036,235,500,124,early_first_window,1,0.762,-0.05118823242187509,52.0,25.0
2037,235,500,124,early_first_window,1,0.762,-0.05118823242187509,52.0,25.0
2038,235,500,124,early_first_window,1,0.762,-0.05118823242187509,52.0,25.0
2039,235,500,124,early_first_window,1,0.762,-0.05118823242187509,52.0,25.0
2040,235,500,124,early_first_window,1,0.762,-0.05118823242187509,52.0,25.0
2041,235,500,124,early_first_window,1,0.762,-0.05118823242187509,52.0,25.0
2042,235,500,124,early_first_window,1,0.762,-0.05118823242187509,52.0,25.0
2043,235,500,124,early_first_window,1,0.762,-0.05118823242187509,52.0,25.0
2044,235,500,124,early_first_window,1,0.762,-0.05118823242187509,52.0,25.0
2045,235,500,124,early_first_window,1,0.762,-0.05118823242187509,52.0,25.0
2046,236,500,100,early_first_window,1,0.772,-0.015427490234374952,45.0,25.0
2047,236,500,100,early_first_window,1,0.772,-0.015427490234374952,45.0,25.0
2048,236,500,100,early_first_window,1,0.772,-0.015427490234374952,45.0,25.0
2049,236,500,100,early_first_window,1,0.772,-0.015427490234374952,45.0,25.0
2050,236,500,100,early_first_window,1,0.772,-0.015427490234374952,45.0,25.0
2051,236,500,100,early_first_window,1,0.772,-0.015427490234374952,45.0,25.0
2052,236,500,100,early_first_window,1,0.772,-0.015427490234374952,45.0,25.0
2053,236,500,100,early_first_window,1,0.772,-0.015427490234374952,45.0,25.0
2054,236,500,100,early_first_window,1,0.772,-0.015427490234374952,45.0,25.0
2055,236,500,100,early_first_window,1,0.772,-0.015427490234374952,45.0,25.0
2056,236,500,100,early_first_window,1,0.772,-0.015427490234374952,45.0,25.0
2057,237,500,106,early_first_window,1,0.768,-0.050420654296875034,41.0,26.0
2058,237,500,106,early_first_window,1,0.768,-0.050420654296875034,41.0,26.0
2059,237,500,106,early_first_window,1,0.768,-0.050420654296875034,41.0,26.0
2060,237,500,106,early_first_window,1,0.768,-0.050420654296875034,41.0,26.0
2061,237,500,106,early_first_window,1,0.768,-0.050420654296875034,41.0,26.0
2062,237,500,106,early_first_window,1,0.768,-0.050420654296875034,41.0,26.0
2063,237,500,106,early_first_window,1,0.768,-0.050420654296875034,41.0,26.0
2064,237,500,91,early_first_window,1,0.75,-0.025074829101562557,41.0,26.0
2065,237,500,91,early_first_window,1,0.75,-0.025074829101562557,41.0,26.0
2066,237,500,91,early_first_window,1,0.75,-0.025074829101562557,41.0,26.0
2067,237,500,91,early_first_window,1,0.75,-0.025074829101562557,41.0,26.0
2068,238,500,134,early_first_window,1,0.722,-0.16724926757812497,45.0,26.0
2069,238,500,134,early_first_window,1,0.722,-0.16724926757812497,45.0,26.0
2070,238,500,134,early_first_window,1,0.722,-0.16724926757812497,45.0,26.0
2071,238,500,134,early_first_window,1,0.722,-0.16724926757812497,45.0,26.0
2072,238,500,134,early_first_window,1,0.722,-0.16724926757812497,45.0,26.0
2073,238,500,134,early_first_window,1,0.722,-0.16724926757812497,45.0,26.0
2074,238,500,134,early_first_window,1,0.722,-0.16724926757812497,45.0,26.0
2075,238,500,134,early_first_window,1,0.722,-0.16724926757812497,45.0,26.0
2076,238,500,134,early_first_window,1,0.722,-0.16724926757812497,45.0,26.0
2077,238,500,134,early_first_window,1,0.722,-0.16724926757812497,45.0,26.0
2078,238,500,134,early_first_window,1,0.722,-0.16724926757812497,45.0,26.0
2079,239,500,114,early_first_window,1,0.794,-0.0524471435546876,63.0,25.0
2080,239,500,114,early_first_window,1,0.794,-0.0524471435546876,63.0,25.0
2081,239,500,114,early_first_window,1,0.794,-0.0524471435546876,63.0,25.0
2082,239,500,114,early_first_window,1,0.794,-0.0524471435546876,63.0,25.0
2083,239,500,114,early_first_window,1,0.794,-0.0524471435546876,63.0,25.0
2084,239,500,114,early_first_window,1,0.794,-0.0524471435546876,63.0,25.0
2085,239,500,114,early_first_window,1,0.794,-0.0524471435546876,63.0,25.0
2086,239,500,114,early_first_window,1,0.794,-0.0524471435546876,63.0,25.0
2087,239,500,114,early_first_window,1,0.794,-0.0524471435546876,63.0,25.0
2088,239,500,114,early_first_window,1,0.794,-0.0524471435546876,63.0,25.0
2089,239,500,114,early_first_window,1,0.794,-0.0524471435546876,63.0,25.0
2090,240,500,127,early_first_window,1,0.71,-0.08665429687499993,74.0,25.0
2091,240,500,127,early_first_window,1,0.71,-0.08665429687499993,74.0,25.0
2092,240,500,127,early_first_window,1,0.71,-0.08665429687499993,74.0,25.0
2093,240,500,127,early_first_window,1,0.71,-0.08665429687499993,74.0,25.0
2094,240,500,127,early_first_window,1,0.71,-0.08665429687499993,74.0,25.0
2095,240,500,134,early_first_window,1,0.6619999999999999,-0.08181738281249995,69.0,25.0
2096,240,500,134,early_first_window,1,0.6619999999999999,-0.08181738281249995,69.0,25.0
2097,240,500,134,early_first_window,1,0.6619999999999999,-0.08181738281249995,69.0,25.0
2098,240,500,134,early_first_window,1,0.6619999999999999,-0.08181738281249995,69.0,25.0
2099,240,500,134,early_first_window,1,0.6619999999999999,-0.08181738281249995,69.0,25.0
2100,240,500,134,early_first_window,1,0.6619999999999999,-0.08181738281249995,69.0,25.0
2101,241,500,12,early_first_window,1,0.0020000000000000018,0.006311645507812491,0.0,11.0
2102,241,500,12,early_first_window,1,0.0020000000000000018,0.006311645507812491,0.0,11.0
2103,241,500,12,early_first_window,1,0.0020000000000000018,0.006311645507812491,0.0,11.0
2104,241,500,12,early_first_window,1,0.0020000000000000018,0.006311645507812491,0.0,11.0
2105,241,500,12,early_first_window,1,0.0020000000000000018,0.006311645507812491,0.0,11.0
2106,241,500,12,early_first_window,1,0.0020000000000000018,0.006311645507812491,0.0,11.0
2107,241,500,12,early_first_window,1,0.0020000000000000018,0.006311645507812491,0.0,11.0
2108,241,500,12,early_first_window,1,0.0020000000000000018,0.006311645507812491,0.0,11.0
2109,241,500,12,early_first_window,1,0.0020000000000000018,0.006311645507812491,0.0,11.0
2110,241,500,12,early_first_window,1,0.0020000000000000018,0.006311645507812491,0.0,11.0
2111,241,500,12,early_first_window,1,0.0020000000000000018,0.006311645507812491,0.0,11.0
2112,242,500,12,early_first_window,1,0.0020000000000000018,0.006311645507812491,0.0,11.0
2113,242,500,12,early_first_window,1,0.0020000000000000018,0.006311645507812491,0.0,11.0
2114,242,500,12,early_first_window,1,0.0020000000000000018,0.006311645507812491,0.0,11.0
2115,242,500,12,early_first_window,1,0.0020000000000000018,0.006311645507812491,0.0,11.0
2116,242,500,12,early_first_window,1,0.0020000000000000018,0.006311645507812491,0.0,11.0
2117,242,500,12,early_first_window,1,0.0020000000000000018,0.006311645507812491,0.0,11.0
2118,242,500,12,early_first_window,1,0.0020000000000000018,0.006311645507812491,0.0,11.0
2119,242,500,12,early_first_window,1,0.0020000000000000018,0.006311645507812491,0.0,11.0
2120,242,500,12,early_first_window,1,0.0020000000000000018,0.006311645507812491,0.0,11.0
2121,242,500,12,early_first_window,1,0.0020000000000000018,0.006311645507812491,0.0,11.0
2122,242,500,12,early_first_window,1,0.0020000000000000018,0.006311645507812491,0.0,11.0
2123,243,500,12,early_first_window,1,0.0020000000000000018,0.006311645507812491,0.0,11.0
2124,243,500,12,early_first_window,1,0.0020000000000000018,0.006311645507812491,0.0,11.0
2125,243,500,12,early_first_window,1,0.0020000000000000018,0.006311645507812491,0.0,11.0
2126,243,500,12,early_first_window,1,0.0020000000000000018,0.006311645507812491,0.0,11.0
2127,243,500,12,early_first_window,1,0.0020000000000000018,0.006311645507812491,0.0,11.0
2128,243,500,12,early_first_window,1,0.0020000000000000018,0.006311645507812491,0.0,11.0
2129,243,500,12,early_first_window,1,0.0020000000000000018,0.006311645507812491,0.0,11.0
2130,243,500,12,early_first_window,1,0.0020000000000000018,0.006311645507812491,0.0,11.0
2131,243,500,12,early_first_window,1,0.0020000000000000018,0.006311645507812491,0.0,11.0
2132,243,500,12,early_first_window,1,0.0020000000000000018,0.006311645507812491,0.0,11.0
2133,243,500,12,early_first_window,1,0.0020000000000000018,0.006311645507812491,0.0,11.0
2134,244,500,106,early_first_window,1,0.716,-0.28655480957031254,73.0,18.0
2135,244,500,106,early_first_window,1,0.716,-0.28655480957031254,73.0,18.0
2136,244,500,106,early_first_window,1,0.716,-0.28655480957031254,73.0,18.0
2137,244,500,106,early_first_window,1,0.716,-0.28655480957031254,73.0,18.0
2138,244,500,106,early_first_window,1,0.716,-0.28655480957031254,73.0,18.0
2139,244,500,106,early_first_window,1,0.716,-0.28655480957031254,73.0,18.0
2140,244,500,106,early_first_window,1,0.716,-0.28655480957031254,73.0,18.0
2141,244,500,106,early_first_window,1,0.716,-0.28655480957031254,73.0,18.0
2142,244,500,106,early_first_window,1,0.716,-0.28655480957031254,73.0,18.0
2143,244,500,106,early_first_window,1,0.716,-0.28655480957031254,73.0,18.0
2144,244,500,106,early_first_window,1,0.716,-0.28655480957031254,73.0,18.0
2145,245,500,100,early_first_window,1,0.754,-0.0494074707031249,48.0,26.0
2146,245,500,100,early_first_window,1,0.754,-0.0494074707031249,48.0,26.0
2147,245,500,100,early_first_window,1,0.754,-0.0494074707031249,48.0,26.0
2148,245,500,100,early_first_window,1,0.754,-0.0494074707031249,48.0,26.0
2149,245,500,100,early_first_window,1,0.754,-0.0494074707031249,48.0,26.0
2150,245,500,100,early_first_window,1,0.754,-0.0494074707031249,48.0,26.0
2151,245,500,100,early_first_window,1,0.754,-0.0494074707031249,48.0,26.0
2152,245,500,100,early_first_window,1,0.754,-0.0494074707031249,48.0,26.0
2153,245,500,100,early_first_window,1,0.754,-0.0494074707031249,48.0,26.0
2154,245,500,100,early_first_window,1,0.754,-0.0494074707031249,48.0,26.0
2155,245,500,100,early_first_window,1,0.756,-0.0494074707031249,48.0,26.0
2156,246,500,12,early_first_window,1,0.0020000000000000018,0.006311645507812491,0.0,11.0
2157,246,500,12,early_first_window,1,0.0020000000000000018,0.006311645507812491,0.0,11.0
2158,246,500,12,early_first_window,1,0.0020000000000000018,0.006311645507812491,0.0,11.0
2159,246,500,12,early_first_window,1,0.0020000000000000018,0.006311645507812491,0.0,11.0
2160,246,500,12,early_first_window,1,0.0020000000000000018,0.006311645507812491,0.0,11.0
2161,246,500,12,early_first_window,1,0.0020000000000000018,0.006311645507812491,0.0,11.0
2162,246,500,12,early_first_window,1,0.0020000000000000018,0.006311645507812491,0.0,11.0
2163,246,500,12,early_first_window,1,0.0020000000000000018,0.006311645507812491,0.0,11.0
2164,246,500,12,early_first_window,1,0.0020000000000000018,0.006311645507812491,0.0,11.0
2165,246,500,12,early_first_window,1,0.0020000000000000018,0.006311645507812491,0.0,11.0
2166,246,500,12,early_first_window,1,0.0020000000000000018,0.006311645507812491,0.0,11.0
2167,247,500,113,early_first_window,1,0.78,-0.19237451171875009,45.0,12.0
2168,247,500,113,early_first_window,1,0.78,-0.19237451171875009,45.0,12.0
2169,247,500,113,early_first_window,1,0.78,-0.19237451171875009,45.0,12.0
2170,247,500,113,early_first_window,1,0.78,-0.19237451171875009,45.0,12.0
2171,247,500,113,early_first_window,1,0.78,-0.19237451171875009,45.0,12.0
2172,247,500,113,early_first_window,1,0.78,-0.19237451171875009,45.0,12.0
2173,247,500,113,early_first_window,1,0.78,-0.19237451171875009,45.0,12.0
2174,247,500,113,early_first_window,1,0.78,-0.19237451171875009,45.0,12.0
2175,247,500,113,early_first_window,1,0.78,-0.19237451171875009,45.0,12.0
2176,247,500,113,early_first_window,1,0.78,-0.19237451171875009,45.0,12.0
2177,247,500,113,early_first_window,1,0.78,-0.19237451171875009,45.0,12.0
2178,248,500,100,early_first_window,1,0.6699999999999999,-0.015427490234374952,54.0,25.0
2179,248,500,100,early_first_window,1,0.6699999999999999,-0.015427490234374952,54.0,25.0
2180,248,500,100,early_first_window,1,0.6699999999999999,-0.015427490234374952,54.0,25.0
2181,248,500,100,early_first_window,1,0.6699999999999999,-0.015427490234374952,54.0,25.0
2182,248,500,100,early_first_window,1,0.6699999999999999,-0.015427490234374952,54.0,25.0
2183,248,500,100,early_first_window,1,0.6699999999999999,-0.015427490234374952,54.0,25.0
2184,248,500,100,early_first_window,1,0.6699999999999999,-0.015427490234374952,54.0,25.0
2185,248,500,100,early_first_window,1,0.6699999999999999,-0.015427490234374952,54.0,25.0
2186,248,500,100,early_first_window,1,0.6699999999999999,-0.015427490234374952,54.0,25.0
2187,248,500,100,early_first_window,1,0.6699999999999999,-0.015427490234374952,54.0,25.0
2188,248,500,100,early_first_window,1,0.6699999999999999,-0.015427490234374952,54.0,25.0
2189,249,500,12,early_first_window,1,0.0020000000000000018,0.006311645507812491,0.0,11.0
2190,249,500,12,early_first_window,1,0.0020000000000000018,0.006311645507812491,0.0,11.0
2191,249,500,12,early_first_window,1,0.0020000000000000018,0.006311645507812491,0.0,11.0
2192,249,500,12,early_first_window,1,0.0020000000000000018,0.006311645507812491,0.0,11.0
2193,249,500,12,early_first_window,1,0.0020000000000000018,0.006311645507812491,0.0,11.0
2194,249,500,12,early_first_window,1,0.0020000000000000018,0.006311645507812491,0.0,11.0
2195,249,500,12,early_first_window,1,0.0020000000000000018,0.006311645507812491,0.0,11.0
2196,249,500,12,early_first_window,1,0.0020000000000000018,0.006311645507812491,0.0,11.0
2197,249,500,12,early_first_window,1,0.0020000000000000018,0.006311645507812491,0.0,11.0
2198,249,500,12,early_first_window,1,0.0020000000000000018,0.006311645507812491,0.0,11.0
2199,249,500,12,early_first_window,1,0.0020000000000000018,0.006311645507812491,0.0,11.0
2200,50,500,37,early_first_window,1,0.02400000000000002,0.007801635742187507,15.0,26.0
2201,50,500,37,early_first_window,1,0.02400000000000002,0.007801635742187507,15.0,26.0
2202,50,500,37,early_first_window,1,0.02400000000000002,0.007801635742187507,15.0,26.0
2203,50,500,37,early_first_window,1,0.02400000000000002,0.007801635742187507,15.0,26.0
2204,50,500,37,early_first_window,1,0.02400000000000002,0.007801635742187507,15.0,26.0
2205,50,500,37,early_first_window,1,0.02400000000000002,0.007801635742187507,15.0,26.0
2206,50,500,37,early_first_window,1,0.02400000000000002,0.007801635742187507,15.0,26.0
2207,50,500,37,early_first_window,1,0.02400000000000002,0.007801635742187507,15.0,26.0
2208,50,500,37,early_first_window,1,0.02400000000000002,0.007801635742187507,15.0,26.0
2209,50,500,37,early_first_window,1,0.02400000000000002,0.007801635742187507,15.0,26.0
2210,50,500,37,early_first_window,1,0.02400000000000002,0.007801635742187507,15.0,26.0
2211,50,500,37,early_first_window,1,0.02400000000000002,0.007801635742187507,15.0,26.0
2212,50,500,37,early_first_window,1,0.02400000000000002,0.007801635742187507,15.0,26.0
2213,50,500,37,early_first_window,1,0.02400000000000002,0.007801635742187507,15.0,26.0
2214,50,500,37,early_first_window,1,0.02400000000000002,0.007801635742187507,15.0,26.0
2215,50,500,37,early_first_window,1,0.02400000000000002,0.007801635742187507,15.0,26.0
2216,50,500,37,early_first_window,1,0.02400000000000002,0.007801635742187507,15.0,26.0
2217,50,500,37,early_first_window,1,0.02400000000000002,0.007801635742187507,15.0,26.0
2218,50,500,84,early_first_window,1,0.782,-0.026362792968749993,47.0,26.0
2219,50,500,84,early_first_window,1,0.782,-0.026362792968749993,47.0,26.0
2220,50,500,84,early_first_window,1,0.782,-0.026362792968749993,47.0,26.0
2221,50,500,84,early_first_window,1,0.782,-0.026362792968749993,47.0,26.0
2222,50,500,84,early_first_window,1,0.782,-0.026362792968749993,47.0,26.0
2223,50,500,84,early_first_window,1,0.782,-0.026362792968749993,47.0,26.0
2224,50,500,84,early_first_window,1,0.782,-0.026362792968749993,47.0,26.0
2225,50,500,84,early_first_window,1,0.782,-0.026362792968749993,47.0,26.0
2226,50,500,84,early_first_window,1,0.782,-0.026362792968749993,47.0,26.0
2227,50,500,84,early_first_window,1,0.782,-0.026362792968749993,47.0,26.0
2228,50,500,84,early_first_window,1,0.782,-0.026362792968749993,47.0,26.0
2229,50,500,84,early_first_window,1,0.782,-0.026362792968749993,47.0,26.0
2230,50,500,84,early_first_window,1,0.782,-0.026362792968749993,47.0,26.0
2231,50,500,84,early_first_window,1,0.782,-0.026362792968749993,47.0,26.0
2232,50,500,84,early_first_window,1,0.782,-0.026362792968749993,47.0,26.0
2233,50,500,84,early_first_window,1,0.782,-0.026362792968749993,47.0,26.0
2234,50,500,84,early_first_window,1,0.782,-0.026362792968749993,47.0,26.0
2235,50,500,84,early_first_window,1,0.782,-0.026362792968749993,47.0,26.0
2236,50,500,84,early_first_window,1,0.782,-0.026362792968749993,47.0,26.0
2237,50,500,84,early_first_window,1,0.782,-0.026362792968749993,47.0,26.0
2238,50,500,84,early_first_window,1,0.782,-0.026362792968749993,47.0,26.0
2239,50,500,84,early_first_window,1,0.782,-0.026362792968749993,47.0,26.0
2240,51,500,12,early_first_window,1,0.0020000000000000018,0.006311645507812491,0.0,11.0
2241,51,500,12,early_first_window,1,0.0020000000000000018,0.006311645507812491,0.0,11.0
2242,51,500,12,early_first_window,1,0.0020000000000000018,0.006311645507812491,0.0,11.0
2243,51,500,12,early_first_window,1,0.0020000000000000018,0.006311645507812491,0.0,11.0
2244,51,500,12,early_first_window,1,0.0020000000000000018,0.006311645507812491,0.0,11.0
2245,51,500,12,early_first_window,1,0.0020000000000000018,0.006311645507812491,0.0,11.0
2246,51,500,12,early_first_window,1,0.0020000000000000018,0.006311645507812491,0.0,11.0
2247,51,500,12,early_first_window,1,0.0020000000000000018,0.006311645507812491,0.0,11.0
2248,51,500,12,early_first_window,1,0.0020000000000000018,0.006311645507812491,0.0,11.0
2249,51,500,12,early_first_window,1,0.0020000000000000018,0.006311645507812491,0.0,11.0
2250,51,500,12,early_first_window,1,0.0020000000000000018,0.006311645507812491,0.0,11.0
2251,51,500,12,early_first_window,1,0.0020000000000000018,0.006311645507812491,0.0,11.0
2252,51,500,12,early_first_window,1,0.0020000000000000018,0.006311645507812491,0.0,11.0
2253,51,500,12,early_first_window,1,0.0020000000000000018,0.006311645507812491,0.0,11.0
2254,51,500,12,early_first_window,1,0.0020000000000000018,0.006311645507812491,0.0,11.0
2255,51,500,12,early_first_window,1,0.0020000000000000018,0.006311645507812491,0.0,11.0
2256,51,500,12,early_first_window,1,0.0020000000000000018,0.006311645507812491,0.0,11.0
2257,51,500,12,early_first_window,1,0.0020000000000000018,0.006311645507812491,0.0,11.0
2258,51,500,12,early_first_window,1,0.0020000000000000018,0.006311645507812491,0.0,11.0
2259,51,500,12,early_first_window,1,0.0020000000000000018,0.006311645507812491,0.0,11.0
2260,51,500,12,early_first_window,1,0.0020000000000000018,0.006311645507812491,0.0,11.0
2261,51,500,12,early_first_window,1,0.0020000000000000018,0.006311645507812491,0.0,11.0
2262,51,500,12,early_first_window,1,0.0020000000000000018,0.006311645507812491,0.0,11.0
2263,51,500,12,early_first_window,1,0.0020000000000000018,0.006311645507812491,0.0,11.0
2264,51,500,12,early_first_window,1,0.0020000000000000018,0.006311645507812491,0.0,11.0
2265,51,500,12,early_first_window,1,0.0020000000000000018,0.006311645507812491,0.0,11.0
2266,51,500,12,early_first_window,1,0.0020000000000000018,0.006311645507812491,0.0,11.0
2267,51,500,12,early_first_window,1,0.0020000000000000018,0.006311645507812491,0.0,11.0
2268,51,500,12,early_first_window,1,0.0020000000000000018,0.006311645507812491,0.0,11.0
2269,51,500,12,early_first_window,1,0.0020000000000000018,0.006311645507812491,0.0,11.0
2270,51,500,12,early_first_window,1,0.0020000000000000018,0.006311645507812491,0.0,11.0
2271,51,500,12,early_first_window,1,0.0020000000000000018,0.006311645507812491,0.0,11.0
2272,51,500,12,early_first_window,1,0.0020000000000000018,0.006311645507812491,0.0,11.0
2273,51,500,12,early_first_window,1,0.0020000000000000018,0.006311645507812491,0.0,11.0
2274,51,500,12,early_first_window,1,0.0020000000000000018,0.006311645507812491,0.0,11.0
2275,51,500,12,early_first_window,1,0.0020000000000000018,0.006311645507812491,0.0,11.0
2276,51,500,12,early_first_window,1,0.0020000000000000018,0.006311645507812491,0.0,11.0
2277,51,500,12,early_first_window,1,0.0020000000000000018,0.006311645507812491,0.0,11.0
2278,51,500,12,early_first_window,1,0.0020000000000000018,0.006311645507812491,0.0,11.0
2279,51,500,12,early_first_window,1,0.0020000000000000018,0.006311645507812491,0.0,11.0
2280,52,500,90,early_first_window,1,0.738,-0.04789367675781242,52.0,12.0
2281,52,500,90,early_first_window,1,0.738,-0.04789367675781242,52.0,12.0
2282,52,500,90,early_first_window,1,0.738,-0.04789367675781242,52.0,12.0
2283,52,500,90,early_first_window,1,0.738,-0.04789367675781242,52.0,12.0
2284,52,500,90,early_first_window,1,0.738,-0.04789367675781242,52.0,12.0
2285,52,500,90,early_first_window,1,0.738,-0.04789367675781242,52.0,12.0
2286,52,500,90,early_first_window,1,0.738,-0.04789367675781242,52.0,12.0
2287,52,500,90,early_first_window,1,0.738,-0.04789367675781242,52.0,12.0
2288,52,500,90,early_first_window,1,0.738,-0.04789367675781242,52.0,12.0
2289,52,500,90,early_first_window,1,0.738,-0.04789367675781242,52.0,12.0
2290,52,500,90,early_first_window,1,0.738,-0.04789367675781242,52.0,12.0
2291,52,500,90,early_first_window,1,0.738,-0.04789367675781242,52.0,12.0
2292,52,500,90,early_first_window,1,0.738,-0.04789367675781242,52.0,12.0
2293,52,500,90,early_first_window,1,0.738,-0.04789367675781242,52.0,12.0
2294,52,500,90,early_first_window,1,0.738,-0.04789367675781242,52.0,12.0
2295,52,500,90,early_first_window,1,0.738,-0.04789367675781242,52.0,12.0
2296,52,500,90,early_first_window,1,0.738,-0.04789367675781242,52.0,12.0
2297,52,500,90,early_first_window,1,0.738,-0.04789367675781242,52.0,12.0
2298,52,500,90,early_first_window,1,0.738,-0.04789367675781242,52.0,12.0
2299,52,500,90,early_first_window,1,0.738,-0.04789367675781242,52.0,12.0
2300,52,500,90,early_first_window,1,0.738,-0.04789367675781242,52.0,12.0
2301,52,500,90,early_first_window,1,0.738,-0.04789367675781242,52.0,12.0
2302,52,500,90,early_first_window,1,0.738,-0.04789367675781242,52.0,12.0
2303,52,500,90,early_first_window,1,0.738,-0.04789367675781242,52.0,12.0
2304,52,500,90,early_first_window,1,0.738,-0.04789367675781242,52.0,12.0
2305,52,500,90,early_first_window,1,0.738,-0.04789367675781242,52.0,12.0
2306,52,500,90,early_first_window,1,0.738,-0.04789367675781242,52.0,12.0
2307,52,500,90,early_first_window,1,0.738,-0.04789367675781242,52.0,12.0
2308,52,500,90,early_first_window,1,0.738,-0.04789367675781242,52.0,12.0
2309,52,500,90,early_first_window,1,0.738,-0.04789367675781242,52.0,12.0
2310,52,500,90,early_first_window,1,0.738,-0.04789367675781242,52.0,12.0
2311,52,500,90,early_first_window,1,0.738,-0.04789367675781242,52.0,12.0
2312,52,500,90,early_first_window,1,0.738,-0.04789367675781242,52.0,12.0
2313,52,500,90,early_first_window,1,0.738,-0.04789367675781242,52.0,12.0
2314,52,500,90,early_first_window,1,0.738,-0.04789367675781242,52.0,12.0
2315,52,500,90,early_first_window,1,0.738,-0.04789367675781242,52.0,12.0
2316,52,500,90,early_first_window,1,0.738,-0.04789367675781242,52.0,12.0
2317,52,500,90,early_first_window,1,0.738,-0.04789367675781242,52.0,12.0
2318,52,500,90,early_first_window,1,0.738,-0.04789367675781242,52.0,12.0
2319,52,500,90,early_first_window,1,0.738,-0.04789367675781242,52.0,12.0
2320,53,500,16,early_first_window,1,0.0020000000000000018,0.005555053710937452,0.0,15.0
2321,53,500,16,early_first_window,1,0.0020000000000000018,0.005555053710937452,0.0,15.0
2322,53,500,16,early_first_window,1,0.0020000000000000018,0.005555053710937452,0.0,15.0
2323,53,500,16,early_first_window,1,0.0020000000000000018,0.005555053710937452,0.0,15.0
2324,53,500,16,early_first_window,1,0.0020000000000000018,0.005555053710937452,0.0,15.0
2325,53,500,16,early_first_window,1,0.0020000000000000018,0.005555053710937452,0.0,15.0
2326,53,500,16,early_first_window,1,0.0020000000000000018,0.005555053710937452,0.0,15.0
2327,53,500,16,early_first_window,1,0.0020000000000000018,0.005555053710937452,0.0,15.0
2328,53,500,16,early_first_window,1,0.0020000000000000018,0.005555053710937452,0.0,15.0
2329,53,500,16,early_first_window,1,0.0020000000000000018,0.005555053710937452,0.0,15.0
2330,53,500,16,early_first_window,1,0.0020000000000000018,0.005555053710937452,0.0,15.0
2331,53,500,16,early_first_window,1,0.0020000000000000018,0.005555053710937452,0.0,15.0
2332,53,500,16,early_first_window,1,0.0020000000000000018,0.005555053710937452,0.0,15.0
2333,53,500,16,early_first_window,1,0.0020000000000000018,0.005555053710937452,0.0,15.0
2334,53,500,16,early_first_window,1,0.0020000000000000018,0.005555053710937452,0.0,15.0
2335,53,500,16,early_first_window,1,0.0020000000000000018,0.005555053710937452,0.0,15.0
2336,53,500,16,early_first_window,1,0.0020000000000000018,0.005555053710937452,0.0,15.0
2337,53,500,16,early_first_window,1,0.0020000000000000018,0.005555053710937452,0.0,15.0
2338,53,500,16,early_first_window,1,0.0020000000000000018,0.005555053710937452,0.0,15.0
2339,53,500,16,early_first_window,1,0.0020000000000000018,0.005555053710937452,0.0,15.0
2340,53,500,16,early_first_window,1,0.0020000000000000018,0.005555053710937452,0.0,15.0
2341,53,500,16,early_first_window,1,0.0020000000000000018,0.005555053710937452,0.0,15.0
2342,53,500,16,early_first_window,1,0.0020000000000000018,0.005555053710937452,0.0,15.0
2343,53,500,16,early_first_window,1,0.0020000000000000018,0.005555053710937452,0.0,15.0
2344,53,500,16,early_first_window,1,0.0020000000000000018,0.005555053710937452,0.0,15.0
2345,53,500,16,early_first_window,1,0.0020000000000000018,0.005555053710937452,0.0,15.0
2346,53,500,16,early_first_window,1,0.0020000000000000018,0.005555053710937452,0.0,15.0
2347,53,500,16,early_first_window,1,0.0020000000000000018,0.005555053710937452,0.0,15.0
2348,53,500,16,early_first_window,1,0.0020000000000000018,0.005555053710937452,0.0,15.0
2349,53,500,16,early_first_window,1,0.0020000000000000018,0.005555053710937452,0.0,15.0
2350,53,500,16,early_first_window,1,0.0020000000000000018,0.005555053710937452,0.0,15.0
2351,53,500,16,early_first_window,1,0.0020000000000000018,0.005555053710937452,0.0,15.0
2352,53,500,16,early_first_window,1,0.0020000000000000018,0.005555053710937452,0.0,15.0
2353,53,500,16,early_first_window,1,0.0020000000000000018,0.005555053710937452,0.0,15.0
2354,53,500,16,early_first_window,1,0.0020000000000000018,0.005555053710937452,0.0,15.0
2355,53,500,16,early_first_window,1,0.0020000000000000018,0.005555053710937452,0.0,15.0
2356,53,500,16,early_first_window,1,0.0020000000000000018,0.005555053710937452,0.0,15.0
2357,53,500,16,early_first_window,1,0.0020000000000000018,0.005555053710937452,0.0,15.0
2358,53,500,16,early_first_window,1,0.0020000000000000018,0.005555053710937452,0.0,15.0
2359,53,500,16,early_first_window,1,0.0020000000000000018,0.005555053710937452,0.0,15.0
2360,54,500,12,early_first_window,1,0.0020000000000000018,0.006311645507812491,0.0,11.0
2361,54,500,12,early_first_window,1,0.0020000000000000018,0.006311645507812491,0.0,11.0
2362,54,500,12,early_first_window,1,0.0020000000000000018,0.006311645507812491,0.0,11.0
2363,54,500,12,early_first_window,1,0.0020000000000000018,0.006311645507812491,0.0,11.0
2364,54,500,12,early_first_window,1,0.0020000000000000018,0.006311645507812491,0.0,11.0
2365,54,500,12,early_first_window,1,0.0020000000000000018,0.006311645507812491,0.0,11.0
2366,54,500,12,early_first_window,1,0.0020000000000000018,0.006311645507812491,0.0,11.0
2367,54,500,12,early_first_window,1,0.0020000000000000018,0.006311645507812491,0.0,11.0
2368,54,500,12,early_first_window,1,0.0020000000000000018,0.006311645507812491,0.0,11.0
2369,54,500,12,early_first_window,1,0.0020000000000000018,0.006311645507812491,0.0,11.0
2370,54,500,12,early_first_window,1,0.0020000000000000018,0.006311645507812491,0.0,11.0
2371,54,500,12,early_first_window,1,0.0020000000000000018,0.006311645507812491,0.0,11.0
2372,54,500,12,early_first_window,1,0.0020000000000000018,0.006311645507812491,0.0,11.0
2373,54,500,12,early_first_window,1,0.0020000000000000018,0.006311645507812491,0.0,11.0
2374,54,500,12,early_first_window,1,0.0020000000000000018,0.006311645507812491,0.0,11.0
2375,54,500,12,early_first_window,1,0.0020000000000000018,0.006311645507812491,0.0,11.0
2376,54,500,12,early_first_window,1,0.0020000000000000018,0.006311645507812491,0.0,11.0
2377,54,500,12,early_first_window,1,0.0020000000000000018,0.006311645507812491,0.0,11.0
2378,54,500,12,early_first_window,1,0.0020000000000000018,0.006311645507812491,0.0,11.0
2379,54,500,12,early_first_window,1,0.0020000000000000018,0.006311645507812491,0.0,11.0
2380,54,500,12,early_first_window,1,0.0020000000000000018,0.006311645507812491,0.0,11.0
2381,54,500,12,early_first_window,1,0.0020000000000000018,0.006311645507812491,0.0,11.0
2382,54,500,12,early_first_window,1,0.0020000000000000018,0.006311645507812491,0.0,11.0
2383,54,500,12,early_first_window,1,0.0020000000000000018,0.006311645507812491,0.0,11.0
2384,54,500,12,early_first_window,1,0.0020000000000000018,0.006311645507812491,0.0,11.0
2385,54,500,12,early_first_window,1,0.0020000000000000018,0.006311645507812491,0.0,11.0
2386,54,500,12,early_first_window,1,0.0020000000000000018,0.006311645507812491,0.0,11.0
2387,54,500,12,early_first_window,1,0.0020000000000000018,0.006311645507812491,0.0,11.0
2388,54,500,12,early_first_window,1,0.0020000000000000018,0.006311645507812491,0.0,11.0
2389,54,500,12,early_first_window,1,0.0020000000000000018,0.006311645507812491,0.0,11.0
2390,54,500,12,early_first_window,1,0.0020000000000000018,0.006311645507812491,0.0,11.0
2391,54,500,12,early_first_window,1,0.0020000000000000018,0.006311645507812491,0.0,11.0
2392,54,500,12,early_first_window,1,0.0020000000000000018,0.006311645507812491,0.0,11.0
2393,54,500,12,early_first_window,1,0.0020000000000000018,0.006311645507812491,0.0,11.0
2394,54,500,12,early_first_window,1,0.0020000000000000018,0.006311645507812491,0.0,11.0
2395,54,500,12,early_first_window,1,0.0020000000000000018,0.006311645507812491,0.0,11.0
2396,54,500,12,early_first_window,1,0.0020000000000000018,0.006311645507812491,0.0,11.0
2397,54,500,12,early_first_window,1,0.0020000000000000018,0.006311645507812491,0.0,11.0
2398,54,500,12,early_first_window,1,0.0020000000000000018,0.006311645507812491,0.0,11.0
2399,54,500,12,early_first_window,1,0.0020000000000000018,0.006311645507812491,0.0,11.0
2400,55,500,12,early_first_window,1,0.0020000000000000018,0.006311645507812491,0.0,11.0
2401,55,500,12,early_first_window,1,0.0020000000000000018,0.006311645507812491,0.0,11.0
2402,55,500,12,early_first_window,1,0.0020000000000000018,0.006311645507812491,0.0,11.0
2403,55,500,12,early_first_window,1,0.0020000000000000018,0.006311645507812491,0.0,11.0
2404,55,500,12,early_first_window,1,0.0020000000000000018,0.006311645507812491,0.0,11.0
2405,55,500,12,early_first_window,1,0.0020000000000000018,0.006311645507812491,0.0,11.0
2406,55,500,12,early_first_window,1,0.0020000000000000018,0.006311645507812491,0.0,11.0
2407,55,500,12,early_first_window,1,0.0020000000000000018,0.006311645507812491,0.0,11.0
2408,55,500,12,early_first_window,1,0.0020000000000000018,0.006311645507812491,0.0,11.0
2409,55,500,12,early_first_window,1,0.0020000000000000018,0.006311645507812491,0.0,11.0
2410,55,500,12,early_first_window,1,0.0020000000000000018,0.006311645507812491,0.0,11.0
2411,55,500,12,early_first_window,1,0.0020000000000000018,0.006311645507812491,0.0,11.0
2412,55,500,12,early_first_window,1,0.0020000000000000018,0.006311645507812491,0.0,11.0
2413,55,500,12,early_first_window,1,0.0020000000000000018,0.006311645507812491,0.0,11.0
2414,55,500,12,early_first_window,1,0.0020000000000000018,0.006311645507812491,0.0,11.0
2415,55,500,12,early_first_window,1,0.0020000000000000018,0.006311645507812491,0.0,11.0
2416,55,500,12,early_first_window,1,0.0020000000000000018,0.006311645507812491,0.0,11.0
2417,55,500,12,early_first_window,1,0.0020000000000000018,0.006311645507812491,0.0,11.0
2418,55,500,12,early_first_window,1,0.0020000000000000018,0.006311645507812491,0.0,11.0
2419,55,500,12,early_first_window,1,0.0020000000000000018,0.006311645507812491,0.0,11.0
2420,55,500,12,early_first_window,1,0.0020000000000000018,0.006311645507812491,0.0,11.0
2421,55,500,12,early_first_window,1,0.0020000000000000018,0.006311645507812491,0.0,11.0
2422,55,500,12,early_first_window,1,0.0020000000000000018,0.006311645507812491,0.0,11.0
2423,55,500,12,early_first_window,1,0.0020000000000000018,0.006311645507812491,0.0,11.0
2424,55,500,12,early_first_window,1,0.0020000000000000018,0.006311645507812491,0.0,11.0
2425,55,500,12,early_first_window,1,0.0020000000000000018,0.006311645507812491,0.0,11.0
2426,55,500,12,early_first_window,1,0.0020000000000000018,0.006311645507812491,0.0,11.0
2427,55,500,12,early_first_window,1,0.0020000000000000018,0.006311645507812491,0.0,11.0
2428,55,500,12,early_first_window,1,0.0020000000000000018,0.006311645507812491,0.0,11.0
2429,55,500,12,early_first_window,1,0.0020000000000000018,0.006311645507812491,0.0,11.0
2430,55,500,12,early_first_window,1,0.0020000000000000018,0.006311645507812491,0.0,11.0
2431,55,500,12,early_first_window,1,0.0020000000000000018,0.006311645507812491,0.0,11.0
2432,55,500,12,early_first_window,1,0.0020000000000000018,0.006311645507812491,0.0,11.0
2433,55,500,12,early_first_window,1,0.0020000000000000018,0.006311645507812491,0.0,11.0
2434,55,500,12,early_first_window,1,0.0020000000000000018,0.006311645507812491,0.0,11.0
2435,55,500,12,early_first_window,1,0.0020000000000000018,0.006311645507812491,0.0,11.0
2436,55,500,12,early_first_window,1,0.0020000000000000018,0.006311645507812491,0.0,11.0
2437,55,500,12,early_first_window,1,0.0020000000000000018,0.006311645507812491,0.0,11.0
2438,55,500,12,early_first_window,1,0.0020000000000000018,0.006311645507812491,0.0,11.0
2439,55,500,12,early_first_window,1,0.0020000000000000018,0.006311645507812491,0.0,11.0
2440,56,500,98,early_first_window,1,0.654,-0.02319470214843755,44.0,25.0
2441,56,500,98,early_first_window,1,0.654,-0.02319470214843755,44.0,25.0
2442,56,500,98,early_first_window,1,0.654,-0.02319470214843755,44.0,25.0
2443,56,500,98,early_first_window,1,0.654,-0.02319470214843755,44.0,25.0
2444,56,500,98,early_first_window,1,0.654,-0.02319470214843755,44.0,25.0
2445,56,500,98,early_first_window,1,0.654,-0.02319470214843755,44.0,25.0
2446,56,500,98,early_first_window,1,0.654,-0.02319470214843755,44.0,25.0
2447,56,500,98,early_first_window,1,0.654,-0.02319470214843755,44.0,25.0
2448,56,500,98,early_first_window,1,0.654,-0.02319470214843755,44.0,25.0
2449,56,500,98,early_first_window,1,0.654,-0.02319470214843755,44.0,25.0
2450,56,500,98,early_first_window,1,0.654,-0.02319470214843755,44.0,25.0
2451,56,500,98,early_first_window,1,0.654,-0.02319470214843755,44.0,25.0
2452,56,500,98,early_first_window,1,0.654,-0.02319470214843755,44.0,25.0
2453,56,500,98,early_first_window,1,0.654,-0.02319470214843755,44.0,25.0
2454,56,500,98,early_first_window,1,0.654,-0.02319470214843755,44.0,25.0
2455,56,500,98,early_first_window,1,0.654,-0.02319470214843755,44.0,25.0
2456,56,500,98,early_first_window,1,0.654,-0.02319470214843755,44.0,25.0
2457,56,500,98,early_first_window,1,0.654,-0.02319470214843755,44.0,25.0
2458,56,500,98,early_first_window,1,0.654,-0.02319470214843755,44.0,25.0
2459,56,500,98,early_first_window,1,0.654,-0.02319470214843755,44.0,25.0
2460,56,500,98,early_first_window,1,0.654,-0.02319470214843755,44.0,25.0
2461,56,500,98,early_first_window,1,0.654,-0.02319470214843755,44.0,25.0
2462,56,500,98,early_first_window,1,0.654,-0.02319470214843755,44.0,25.0
2463,56,500,98,early_first_window,1,0.654,-0.02319470214843755,44.0,25.0
2464,56,500,98,early_first_window,1,0.654,-0.02319470214843755,44.0,25.0
2465,56,500,98,early_first_window,1,0.654,-0.02319470214843755,44.0,25.0
2466,56,500,98,early_first_window,1,0.654,-0.02319470214843755,44.0,25.0
2467,56,500,98,early_first_window,1,0.654,-0.02319470214843755,44.0,25.0
2468,56,500,98,early_first_window,1,0.654,-0.02319470214843755,44.0,25.0
2469,56,500,98,early_first_window,1,0.654,-0.02319470214843755,44.0,25.0
2470,56,500,98,early_first_window,1,0.656,-0.02319470214843755,44.0,25.0
2471,56,500,98,early_first_window,1,0.656,-0.02319470214843755,44.0,25.0
2472,56,500,98,early_first_window,1,0.656,-0.02319470214843755,44.0,25.0
2473,56,500,98,early_first_window,1,0.656,-0.02319470214843755,44.0,25.0
2474,56,500,98,early_first_window,1,0.656,-0.02319470214843755,44.0,25.0
2475,56,500,98,early_first_window,1,0.656,-0.02319470214843755,44.0,25.0
2476,56,500,98,early_first_window,1,0.656,-0.02319470214843755,44.0,25.0
2477,56,500,98,early_first_window,1,0.656,-0.02319470214843755,44.0,25.0
2478,56,500,98,early_first_window,1,0.656,-0.02319470214843755,44.0,25.0
2479,56,500,98,early_first_window,1,0.656,-0.02319470214843755,44.0,25.0
2480,57,500,81,early_first_window,1,0.79,-0.06803649902343745,42.0,12.0
2481,57,500,81,early_first_window,1,0.79,-0.06803649902343745,42.0,12.0
2482,57,500,81,early_first_window,1,0.79,-0.06803649902343745,42.0,12.0
2483,57,500,81,early_first_window,1,0.79,-0.06803649902343745,42.0,12.0
2484,57,500,81,early_first_window,1,0.79,-0.06803649902343745,42.0,12.0
2485,57,500,81,early_first_window,1,0.79,-0.06803649902343745,42.0,12.0
2486,57,500,81,early_first_window,1,0.79,-0.06803649902343745,42.0,12.0
2487,57,500,81,early_first_window,1,0.79,-0.06803649902343745,42.0,12.0
2488,57,500,81,early_first_window,1,0.79,-0.06803649902343745,42.0,12.0
2489,57,500,81,early_first_window,1,0.79,-0.06803649902343745,42.0,12.0
2490,57,500,81,early_first_window,1,0.79,-0.06803649902343745,42.0,12.0
2491,57,500,81,early_first_window,1,0.79,-0.06803649902343745,42.0,12.0
2492,57,500,81,early_first_window,1,0.79,-0.06803649902343745,42.0,12.0
2493,57,500,81,early_first_window,1,0.79,-0.06803649902343745,42.0,12.0
2494,57,500,81,early_first_window,1,0.79,-0.06803649902343745,42.0,12.0
2495,57,500,81,early_first_window,1,0.79,-0.06803649902343745,42.0,12.0
2496,57,500,81,early_first_window,1,0.79,-0.06803649902343745,42.0,12.0
2497,57,500,81,early_first_window,1,0.79,-0.06803649902343745,42.0,12.0
2498,57,500,81,early_first_window,1,0.79,-0.06803649902343745,42.0,12.0
2499,57,500,81,early_first_window,1,0.79,-0.06803649902343745,42.0,12.0
2500,57,500,81,early_first_window,1,0.79,-0.06803649902343745,42.0,12.0
2501,57,500,81,early_first_window,1,0.79,-0.06803649902343745,42.0,12.0
2502,57,500,81,early_first_window,1,0.79,-0.06803649902343745,42.0,12.0
2503,57,500,81,early_first_window,1,0.79,-0.06803649902343745,42.0,12.0
2504,57,500,81,early_first_window,1,0.79,-0.06803649902343745,42.0,12.0
2505,57,500,81,early_first_window,1,0.79,-0.06803649902343745,42.0,12.0
2506,57,500,81,early_first_window,1,0.79,-0.06803649902343745,42.0,12.0
2507,57,500,81,early_first_window,1,0.79,-0.06803649902343745,42.0,12.0
2508,57,500,81,early_first_window,1,0.79,-0.06803649902343745,42.0,12.0
2509,57,500,81,early_first_window,1,0.79,-0.06803649902343745,42.0,12.0
2510,57,500,81,early_first_window,1,0.79,-0.06803649902343745,42.0,12.0
2511,57,500,81,early_first_window,1,0.79,-0.06803649902343745,42.0,12.0
2512,57,500,81,early_first_window,1,0.79,-0.06803649902343745,42.0,12.0
2513,57,500,81,early_first_window,1,0.79,-0.06803649902343745,42.0,12.0
2514,57,500,81,early_first_window,1,0.79,-0.06803649902343745,42.0,12.0
2515,57,500,81,early_first_window,1,0.79,-0.06803649902343745,42.0,12.0
2516,57,500,81,early_first_window,1,0.79,-0.06803649902343745,42.0,12.0
2517,57,500,81,early_first_window,1,0.79,-0.06803649902343745,42.0,12.0
2518,57,500,81,early_first_window,1,0.79,-0.06803649902343745,42.0,12.0
2519,57,500,81,early_first_window,1,0.79,-0.06803649902343745,42.0,12.0
2520,58,500,12,early_first_window,1,0.0020000000000000018,0.006311645507812491,0.0,11.0
2521,58,500,12,early_first_window,1,0.0020000000000000018,0.006311645507812491,0.0,11.0
2522,58,500,12,early_first_window,1,0.0020000000000000018,0.006311645507812491,0.0,11.0
2523,58,500,12,early_first_window,1,0.0020000000000000018,0.006311645507812491,0.0,11.0
2524,58,500,12,early_first_window,1,0.0020000000000000018,0.006311645507812491,0.0,11.0
2525,58,500,12,early_first_window,1,0.0020000000000000018,0.006311645507812491,0.0,11.0
2526,58,500,12,early_first_window,1,0.0020000000000000018,0.006311645507812491,0.0,11.0
2527,58,500,12,early_first_window,1,0.0020000000000000018,0.006311645507812491,0.0,11.0
2528,58,500,12,early_first_window,1,0.0020000000000000018,0.006311645507812491,0.0,11.0
2529,58,500,12,early_first_window,1,0.0020000000000000018,0.006311645507812491,0.0,11.0
2530,58,500,12,early_first_window,1,0.0020000000000000018,0.006311645507812491,0.0,11.0
2531,58,500,12,early_first_window,1,0.0020000000000000018,0.006311645507812491,0.0,11.0
2532,58,500,12,early_first_window,1,0.0020000000000000018,0.006311645507812491,0.0,11.0
2533,58,500,12,early_first_window,1,0.0020000000000000018,0.006311645507812491,0.0,11.0
2534,58,500,12,early_first_window,1,0.0020000000000000018,0.006311645507812491,0.0,11.0
2535,58,500,12,early_first_window,1,0.0020000000000000018,0.006311645507812491,0.0,11.0
2536,58,500,12,early_first_window,1,0.0020000000000000018,0.006311645507812491,0.0,11.0
2537,58,500,12,early_first_window,1,0.0020000000000000018,0.006311645507812491,0.0,11.0
2538,58,500,12,early_first_window,1,0.0020000000000000018,0.006311645507812491,0.0,11.0
2539,58,500,12,early_first_window,1,0.0020000000000000018,0.006311645507812491,0.0,11.0
2540,58,500,12,early_first_window,1,0.0020000000000000018,0.006311645507812491,0.0,11.0
2541,58,500,12,early_first_window,1,0.0020000000000000018,0.006311645507812491,0.0,11.0
2542,58,500,12,early_first_window,1,0.0020000000000000018,0.006311645507812491,0.0,11.0
2543,58,500,12,early_first_window,1,0.0020000000000000018,0.006311645507812491,0.0,11.0
2544,58,500,12,early_first_window,1,0.0020000000000000018,0.006311645507812491,0.0,11.0
2545,58,500,12,early_first_window,1,0.0020000000000000018,0.006311645507812491,0.0,11.0
2546,58,500,12,early_first_window,1,0.0020000000000000018,0.006311645507812491,0.0,11.0
2547,58,500,12,early_first_window,1,0.0020000000000000018,0.006311645507812491,0.0,11.0
2548,58,500,12,early_first_window,1,0.0020000000000000018,0.006311645507812491,0.0,11.0
2549,58,500,12,early_first_window,1,0.0020000000000000018,0.006311645507812491,0.0,11.0
2550,58,500,12,early_first_window,1,0.0020000000000000018,0.006311645507812491,0.0,11.0
2551,58,500,12,early_first_window,1,0.0020000000000000018,0.006311645507812491,0.0,11.0
2552,58,500,12,early_first_window,1,0.0020000000000000018,0.006311645507812491,0.0,11.0
2553,58,500,12,early_first_window,1,0.0020000000000000018,0.006311645507812491,0.0,11.0
2554,58,500,12,early_first_window,1,0.0020000000000000018,0.006311645507812491,0.0,11.0
2555,58,500,12,early_first_window,1,0.0020000000000000018,0.006311645507812491,0.0,11.0
2556,58,500,12,early_first_window,1,0.0020000000000000018,0.006311645507812491,0.0,11.0
2557,58,500,12,early_first_window,1,0.0020000000000000018,0.006311645507812491,0.0,11.0
2558,58,500,12,early_first_window,1,0.0020000000000000018,0.006311645507812491,0.0,11.0
2559,58,500,12,early_first_window,1,0.0020000000000000018,0.006311645507812491,0.0,11.0
2560,59,500,12,early_first_window,1,0.0020000000000000018,0.006311645507812491,0.0,11.0
2561,59,500,12,early_first_window,1,0.0020000000000000018,0.006311645507812491,0.0,11.0
2562,59,500,12,early_first_window,1,0.0020000000000000018,0.006311645507812491,0.0,11.0
2563,59,500,12,early_first_window,1,0.0020000000000000018,0.006311645507812491,0.0,11.0
2564,59,500,12,early_first_window,1,0.0020000000000000018,0.006311645507812491,0.0,11.0
2565,59,500,12,early_first_window,1,0.0020000000000000018,0.006311645507812491,0.0,11.0
2566,59,500,12,early_first_window,1,0.0020000000000000018,0.006311645507812491,0.0,11.0
2567,59,500,12,early_first_window,1,0.0020000000000000018,0.006311645507812491,0.0,11.0
2568,59,500,12,early_first_window,1,0.0020000000000000018,0.006311645507812491,0.0,11.0
2569,59,500,12,early_first_window,1,0.0020000000000000018,0.006311645507812491,0.0,11.0
2570,59,500,12,early_first_window,1,0.0020000000000000018,0.006311645507812491,0.0,11.0
2571,59,500,12,early_first_window,1,0.0020000000000000018,0.006311645507812491,0.0,11.0
2572,59,500,12,early_first_window,1,0.0020000000000000018,0.006311645507812491,0.0,11.0
2573,59,500,12,early_first_window,1,0.0020000000000000018,0.006311645507812491,0.0,11.0
2574,59,500,12,early_first_window,1,0.0020000000000000018,0.006311645507812491,0.0,11.0
2575,59,500,12,early_first_window,1,0.0020000000000000018,0.006311645507812491,0.0,11.0
2576,59,500,12,early_first_window,1,0.0020000000000000018,0.006311645507812491,0.0,11.0
2577,59,500,12,early_first_window,1,0.0020000000000000018,0.006311645507812491,0.0,11.0
2578,59,500,12,early_first_window,1,0.0020000000000000018,0.006311645507812491,0.0,11.0
2579,59,500,12,early_first_window,1,0.0020000000000000018,0.006311645507812491,0.0,11.0
2580,59,500,12,early_first_window,1,0.0020000000000000018,0.006311645507812491,0.0,11.0
2581,59,500,12,early_first_window,1,0.0020000000000000018,0.006311645507812491,0.0,11.0
2582,59,500,12,early_first_window,1,0.0020000000000000018,0.006311645507812491,0.0,11.0
2583,59,500,12,early_first_window,1,0.0020000000000000018,0.006311645507812491,0.0,11.0
2584,59,500,12,early_first_window,1,0.0020000000000000018,0.006311645507812491,0.0,11.0
2585,59,500,12,early_first_window,1,0.0020000000000000018,0.006311645507812491,0.0,11.0
2586,59,500,12,early_first_window,1,0.0020000000000000018,0.006311645507812491,0.0,11.0
2587,59,500,12,early_first_window,1,0.0020000000000000018,0.006311645507812491,0.0,11.0
2588,59,500,12,early_first_window,1,0.0020000000000000018,0.006311645507812491,0.0,11.0
2589,59,500,12,early_first_window,1,0.0020000000000000018,0.006311645507812491,0.0,11.0
2590,59,500,12,early_first_window,1,0.0020000000000000018,0.006311645507812491,0.0,11.0
2591,59,500,12,early_first_window,1,0.0020000000000000018,0.006311645507812491,0.0,11.0
2592,59,500,12,early_first_window,1,0.0020000000000000018,0.006311645507812491,0.0,11.0
2593,59,500,12,early_first_window,1,0.0020000000000000018,0.006311645507812491,0.0,11.0
2594,59,500,12,early_first_window,1,0.0020000000000000018,0.006311645507812491,0.0,11.0
2595,59,500,12,early_first_window,1,0.0020000000000000018,0.006311645507812491,0.0,11.0
2596,59,500,12,early_first_window,1,0.0020000000000000018,0.006311645507812491,0.0,11.0
2597,59,500,12,early_first_window,1,0.0020000000000000018,0.006311645507812491,0.0,11.0
2598,59,500,12,early_first_window,1,0.0020000000000000018,0.006311645507812491,0.0,11.0
2599,59,500,12,early_first_window,1,0.0020000000000000018,0.006311645507812491,0.0,11.0
2600,60,500,35,early_first_window,1,0.016000000000000014,-0.00013586425781242362,19.0,26.0
2601,60,500,35,early_first_window,1,0.016000000000000014,-0.00013586425781242362,19.0,26.0
2602,60,500,35,early_first_window,1,0.016000000000000014,-0.00013586425781242362,19.0,26.0
2603,60,500,35,early_first_window,1,0.016000000000000014,-0.00013586425781242362,19.0,26.0
2604,60,500,35,early_first_window,1,0.016000000000000014,-0.00013586425781242362,19.0,26.0
2605,60,500,35,early_first_window,1,0.016000000000000014,-0.00013586425781242362,19.0,26.0
2606,60,500,35,early_first_window,1,0.016000000000000014,-0.00013586425781242362,19.0,26.0
2607,60,500,35,early_first_window,1,0.016000000000000014,-0.00013586425781242362,19.0,26.0
2608,60,500,35,early_first_window,1,0.016000000000000014,-0.00013586425781242362,19.0,26.0
2609,60,500,35,early_first_window,1,0.016000000000000014,-0.00013586425781242362,19.0,26.0
2610,60,500,35,early_first_window,1,0.016000000000000014,-0.00013586425781242362,19.0,26.0
2611,60,500,35,early_first_window,1,0.016000000000000014,-0.00013586425781242362,19.0,26.0
2612,60,500,35,early_first_window,1,0.016000000000000014,-0.00013586425781242362,19.0,26.0
2613,60,500,35,early_first_window,1,0.016000000000000014,-0.00013586425781242362,19.0,26.0
2614,60,500,35,early_first_window,1,0.016000000000000014,-0.00013586425781242362,19.0,26.0
2615,60,500,35,early_first_window,1,0.016000000000000014,-0.00013586425781242362,19.0,26.0
2616,60,500,35,early_first_window,1,0.016000000000000014,-0.00013586425781242362,19.0,26.0
2617,60,500,35,early_first_window,1,0.016000000000000014,-0.00013586425781242362,19.0,26.0
2618,60,500,35,early_first_window,1,0.016000000000000014,-0.00013586425781242362,19.0,26.0
2619,60,500,35,early_first_window,1,0.016000000000000014,-0.00013586425781242362,19.0,26.0
2620,60,500,35,early_first_window,1,0.016000000000000014,-0.00013586425781242362,19.0,26.0
2621,60,500,35,early_first_window,1,0.016000000000000014,-0.00013586425781242362,19.0,26.0
2622,60,500,35,early_first_window,1,0.016000000000000014,-0.00013586425781242362,19.0,26.0
2623,60,500,35,early_first_window,1,0.016000000000000014,-0.00013586425781242362,19.0,26.0
2624,60,500,35,early_first_window,1,0.016000000000000014,-0.00013586425781242362,19.0,26.0
2625,60,500,35,early_first_window,1,0.016000000000000014,-0.00013586425781242362,19.0,26.0
2626,60,500,35,early_first_window,1,0.016000000000000014,-0.00013586425781242362,19.0,26.0
2627,60,500,35,early_first_window,1,0.016000000000000014,-0.00013586425781242362,19.0,26.0
2628,60,500,35,early_first_window,1,0.016000000000000014,-0.00013586425781242362,19.0,26.0
2629,60,500,35,early_first_window,1,0.016000000000000014,-0.00013586425781242362,19.0,26.0
2630,60,500,35,early_first_window,1,0.016000000000000014,-0.00013586425781242362,19.0,26.0
2631,60,500,35,early_first_window,1,0.016000000000000014,-0.00013586425781242362,19.0,26.0
2632,60,500,35,early_first_window,1,0.016000000000000014,-0.00013586425781242362,19.0,26.0
2633,60,500,35,early_first_window,1,0.016000000000000014,-0.00013586425781242362,19.0,26.0
2634,60,500,35,early_first_window,1,0.016000000000000014,-0.00013586425781242362,19.0,26.0
2635,60,500,35,early_first_window,1,0.016000000000000014,-0.00013586425781242362,19.0,26.0
2636,60,500,35,early_first_window,1,0.016000000000000014,-0.00013586425781242362,19.0,26.0
2637,60,500,35,early_first_window,1,0.016000000000000014,-0.00013586425781242362,19.0,26.0
2638,60,500,35,early_first_window,1,0.016000000000000014,-0.00013586425781242362,19.0,26.0
2639,60,500,35,early_first_window,1,0.016000000000000014,-0.00013586425781242362,19.0,26.0
2640,61,500,12,early_first_window,1,0.0020000000000000018,0.006311645507812491,0.0,11.0
2641,61,500,12,early_first_window,1,0.0020000000000000018,0.006311645507812491,0.0,11.0
2642,61,500,12,early_first_window,1,0.0020000000000000018,0.006311645507812491,0.0,11.0
2643,61,500,12,early_first_window,1,0.0020000000000000018,0.006311645507812491,0.0,11.0
2644,61,500,12,early_first_window,1,0.0020000000000000018,0.006311645507812491,0.0,11.0
2645,61,500,12,early_first_window,1,0.0020000000000000018,0.006311645507812491,0.0,11.0
2646,61,500,12,early_first_window,1,0.0020000000000000018,0.006311645507812491,0.0,11.0
2647,61,500,12,early_first_window,1,0.0020000000000000018,0.006311645507812491,0.0,11.0
2648,61,500,12,early_first_window,1,0.0020000000000000018,0.006311645507812491,0.0,11.0
2649,61,500,12,early_first_window,1,0.0020000000000000018,0.006311645507812491,0.0,11.0
2650,61,500,12,early_first_window,1,0.0020000000000000018,0.006311645507812491,0.0,11.0
2651,61,500,12,early_first_window,1,0.0020000000000000018,0.006311645507812491,0.0,11.0
2652,61,500,12,early_first_window,1,0.0020000000000000018,0.006311645507812491,0.0,11.0
2653,61,500,12,early_first_window,1,0.0020000000000000018,0.006311645507812491,0.0,11.0
2654,61,500,12,early_first_window,1,0.0020000000000000018,0.006311645507812491,0.0,11.0
2655,61,500,12,early_first_window,1,0.0020000000000000018,0.006311645507812491,0.0,11.0
2656,61,500,12,early_first_window,1,0.0020000000000000018,0.006311645507812491,0.0,11.0
2657,61,500,12,early_first_window,1,0.0020000000000000018,0.006311645507812491,0.0,11.0
2658,61,500,12,early_first_window,1,0.0020000000000000018,0.006311645507812491,0.0,11.0
2659,61,500,12,early_first_window,1,0.0020000000000000018,0.006311645507812491,0.0,11.0
2660,61,500,12,early_first_window,1,0.0020000000000000018,0.006311645507812491,0.0,11.0
2661,61,500,12,early_first_window,1,0.0020000000000000018,0.006311645507812491,0.0,11.0
2662,61,500,12,early_first_window,1,0.0020000000000000018,0.006311645507812491,0.0,11.0
2663,61,500,12,early_first_window,1,0.0020000000000000018,0.006311645507812491,0.0,11.0
2664,61,500,12,early_first_window,1,0.0020000000000000018,0.006311645507812491,0.0,11.0
2665,61,500,12,early_first_window,1,0.0020000000000000018,0.006311645507812491,0.0,11.0
2666,61,500,12,early_first_window,1,0.0020000000000000018,0.006311645507812491,0.0,11.0
2667,61,500,12,early_first_window,1,0.0020000000000000018,0.006311645507812491,0.0,11.0
2668,61,500,12,early_first_window,1,0.0020000000000000018,0.006311645507812491,0.0,11.0
2669,61,500,12,early_first_window,1,0.0020000000000000018,0.006311645507812491,0.0,11.0
2670,61,500,12,early_first_window,1,0.0020000000000000018,0.006311645507812491,0.0,11.0
2671,61,500,12,early_first_window,1,0.0020000000000000018,0.006311645507812491,0.0,11.0
2672,61,500,12,early_first_window,1,0.0020000000000000018,0.006311645507812491,0.0,11.0
2673,61,500,12,early_first_window,1,0.0020000000000000018,0.006311645507812491,0.0,11.0
2674,61,500,12,early_first_window,1,0.0020000000000000018,0.006311645507812491,0.0,11.0
2675,61,500,12,early_first_window,1,0.0020000000000000018,0.006311645507812491,0.0,11.0
2676,61,500,12,early_first_window,1,0.0020000000000000018,0.006311645507812491,0.0,11.0
2677,61,500,12,early_first_window,1,0.0020000000000000018,0.006311645507812491,0.0,11.0
2678,61,500,12,early_first_window,1,0.0020000000000000018,0.006311645507812491,0.0,11.0
2679,61,500,12,early_first_window,1,0.0020000000000000018,0.006311645507812491,0.0,11.0
2680,62,500,31,early_first_window,1,0.014000000000000012,-0.006919677734374963,18.0,18.0
2681,62,500,31,early_first_window,1,0.014000000000000012,-0.006919677734374963,18.0,18.0
2682,62,500,31,early_first_window,1,0.014000000000000012,-0.006919677734374963,18.0,18.0
2683,62,500,31,early_first_window,1,0.014000000000000012,-0.006919677734374963,18.0,18.0
2684,62,500,31,early_first_window,1,0.014000000000000012,-0.006919677734374963,18.0,18.0
2685,62,500,31,early_first_window,1,0.014000000000000012,-0.006919677734374963,18.0,18.0
2686,62,500,31,early_first_window,1,0.014000000000000012,-0.006919677734374963,18.0,18.0
2687,62,500,31,early_first_window,1,0.014000000000000012,-0.006919677734374963,18.0,18.0
2688,62,500,31,early_first_window,1,0.014000000000000012,-0.006919677734374963,18.0,18.0
2689,62,500,31,early_first_window,1,0.014000000000000012,-0.006919677734374963,18.0,18.0
2690,62,500,31,early_first_window,1,0.014000000000000012,-0.006919677734374963,18.0,18.0
2691,62,500,31,early_first_window,1,0.014000000000000012,-0.006919677734374963,18.0,18.0
2692,62,500,31,early_first_window,1,0.014000000000000012,-0.006919677734374963,18.0,18.0
2693,62,500,31,early_first_window,1,0.014000000000000012,-0.006919677734374963,18.0,18.0
2694,62,500,31,early_first_window,1,0.014000000000000012,-0.006919677734374963,18.0,18.0
2695,62,500,31,early_first_window,1,0.014000000000000012,-0.006919677734374963,18.0,18.0
2696,62,500,31,early_first_window,1,0.014000000000000012,-0.006919677734374963,18.0,18.0
2697,62,500,31,early_first_window,1,0.014000000000000012,-0.006919677734374963,18.0,18.0
2698,62,500,31,early_first_window,1,0.014000000000000012,-0.006919677734374963,18.0,18.0
2699,62,500,31,early_first_window,1,0.014000000000000012,-0.006919677734374963,18.0,18.0
2700,62,500,31,early_first_window,1,0.014000000000000012,-0.006919677734374963,18.0,18.0
2701,62,500,31,early_first_window,1,0.014000000000000012,-0.006919677734374963,18.0,18.0
2702,62,500,31,early_first_window,1,0.014000000000000012,-0.006919677734374963,18.0,18.0
2703,62,500,31,early_first_window,1,0.014000000000000012,-0.006919677734374963,18.0,18.0
2704,62,500,31,early_first_window,1,0.014000000000000012,-0.006919677734374963,18.0,18.0
2705,62,500,31,early_first_window,1,0.014000000000000012,-0.006919677734374963,18.0,18.0
2706,62,500,31,early_first_window,1,0.014000000000000012,-0.006919677734374963,18.0,18.0
2707,62,500,31,early_first_window,1,0.014000000000000012,-0.006919677734374963,18.0,18.0
2708,62,500,31,early_first_window,1,0.014000000000000012,-0.006919677734374963,18.0,18.0
2709,62,500,31,early_first_window,1,0.014000000000000012,-0.006919677734374963,18.0,18.0
2710,62,500,31,early_first_window,1,0.014000000000000012,-0.006919677734374963,18.0,18.0
2711,62,500,31,early_first_window,1,0.014000000000000012,-0.006919677734374963,18.0,18.0
2712,62,500,31,early_first_window,1,0.014000000000000012,-0.006919677734374963,18.0,18.0
2713,62,500,31,early_first_window,1,0.014000000000000012,-0.006919677734374963,18.0,18.0
2714,62,500,31,early_first_window,1,0.014000000000000012,-0.006919677734374963,18.0,18.0
2715,62,500,31,early_first_window,1,0.014000000000000012,-0.006919677734374963,18.0,18.0
2716,62,500,31,early_first_window,1,0.014000000000000012,-0.006919677734374963,18.0,18.0
2717,62,500,31,early_first_window,1,0.014000000000000012,-0.006919677734374963,18.0,18.0
2718,62,500,31,early_first_window,1,0.014000000000000012,-0.006919677734374963,18.0,18.0
2719,62,500,31,early_first_window,1,0.014000000000000012,-0.006919677734374963,18.0,18.0
2720,63,500,12,early_first_window,1,0.0020000000000000018,0.006311645507812491,0.0,11.0
2721,63,500,12,early_first_window,1,0.0020000000000000018,0.006311645507812491,0.0,11.0
2722,63,500,12,early_first_window,1,0.0020000000000000018,0.006311645507812491,0.0,11.0
2723,63,500,12,early_first_window,1,0.0020000000000000018,0.006311645507812491,0.0,11.0
2724,63,500,12,early_first_window,1,0.0020000000000000018,0.006311645507812491,0.0,11.0
2725,63,500,12,early_first_window,1,0.0020000000000000018,0.006311645507812491,0.0,11.0
2726,63,500,12,early_first_window,1,0.0020000000000000018,0.006311645507812491,0.0,11.0
2727,63,500,12,early_first_window,1,0.0020000000000000018,0.006311645507812491,0.0,11.0
2728,63,500,12,early_first_window,1,0.0020000000000000018,0.006311645507812491,0.0,11.0
2729,63,500,12,early_first_window,1,0.0020000000000000018,0.006311645507812491,0.0,11.0
2730,63,500,12,early_first_window,1,0.0020000000000000018,0.006311645507812491,0.0,11.0
2731,63,500,12,early_first_window,1,0.0020000000000000018,0.006311645507812491,0.0,11.0
2732,63,500,12,early_first_window,1,0.0020000000000000018,0.006311645507812491,0.0,11.0
2733,63,500,12,early_first_window,1,0.0020000000000000018,0.006311645507812491,0.0,11.0
2734,63,500,12,early_first_window,1,0.0020000000000000018,0.006311645507812491,0.0,11.0
2735,63,500,12,early_first_window,1,0.0020000000000000018,0.006311645507812491,0.0,11.0
2736,63,500,12,early_first_window,1,0.0020000000000000018,0.006311645507812491,0.0,11.0
2737,63,500,12,early_first_window,1,0.0020000000000000018,0.006311645507812491,0.0,11.0
2738,63,500,12,early_first_window,1,0.0020000000000000018,0.006311645507812491,0.0,11.0
2739,63,500,12,early_first_window,1,0.0020000000000000018,0.006311645507812491,0.0,11.0
2740,63,500,12,early_first_window,1,0.0020000000000000018,0.006311645507812491,0.0,11.0
2741,63,500,12,early_first_window,1,0.0020000000000000018,0.006311645507812491,0.0,11.0
2742,63,500,12,early_first_window,1,0.0020000000000000018,0.006311645507812491,0.0,11.0
2743,63,500,12,early_first_window,1,0.0020000000000000018,0.006311645507812491,0.0,11.0
2744,63,500,12,early_first_window,1,0.0020000000000000018,0.006311645507812491,0.0,11.0
2745,63,500,12,early_first_window,1,0.0020000000000000018,0.006311645507812491,0.0,11.0
2746,63,500,12,early_first_window,1,0.0020000000000000018,0.006311645507812491,0.0,11.0
2747,63,500,12,early_first_window,1,0.0020000000000000018,0.006311645507812491,0.0,11.0
2748,63,500,12,early_first_window,1,0.0020000000000000018,0.006311645507812491,0.0,11.0
2749,63,500,12,early_first_window,1,0.0020000000000000018,0.006311645507812491,0.0,11.0
2750,63,500,12,early_first_window,1,0.0020000000000000018,0.006311645507812491,0.0,11.0
2751,63,500,12,early_first_window,1,0.0020000000000000018,0.006311645507812491,0.0,11.0
2752,63,500,12,early_first_window,1,0.0020000000000000018,0.006311645507812491,0.0,11.0
2753,63,500,12,early_first_window,1,0.0020000000000000018,0.006311645507812491,0.0,11.0
2754,63,500,12,early_first_window,1,0.0020000000000000018,0.006311645507812491,0.0,11.0
2755,63,500,12,early_first_window,1,0.0020000000000000018,0.006311645507812491,0.0,11.0
2756,63,500,12,early_first_window,1,0.0020000000000000018,0.006311645507812491,0.0,11.0
2757,63,500,12,early_first_window,1,0.0020000000000000018,0.006311645507812491,0.0,11.0
2758,63,500,12,early_first_window,1,0.0020000000000000018,0.006311645507812491,0.0,11.0
2759,63,500,12,early_first_window,1,0.0020000000000000018,0.006311645507812491,0.0,11.0
2760,64,500,12,early_first_window,1,0.0020000000000000018,0.006311645507812491,0.0,11.0
2761,64,500,12,early_first_window,1,0.0020000000000000018,0.006311645507812491,0.0,11.0
2762,64,500,12,early_first_window,1,0.0020000000000000018,0.006311645507812491,0.0,11.0
2763,64,500,12,early_first_window,1,0.0020000000000000018,0.006311645507812491,0.0,11.0
2764,64,500,12,early_first_window,1,0.0020000000000000018,0.006311645507812491,0.0,11.0
2765,64,500,12,early_first_window,1,0.0020000000000000018,0.006311645507812491,0.0,11.0
2766,64,500,12,early_first_window,1,0.0020000000000000018,0.006311645507812491,0.0,11.0
2767,64,500,12,early_first_window,1,0.0020000000000000018,0.006311645507812491,0.0,11.0
2768,64,500,12,early_first_window,1,0.0020000000000000018,0.006311645507812491,0.0,11.0
2769,64,500,12,early_first_window,1,0.0020000000000000018,0.006311645507812491,0.0,11.0
2770,64,500,12,early_first_window,1,0.0020000000000000018,0.006311645507812491,0.0,11.0
2771,64,500,12,early_first_window,1,0.0020000000000000018,0.006311645507812491,0.0,11.0
2772,64,500,12,early_first_window,1,0.0020000000000000018,0.006311645507812491,0.0,11.0
2773,64,500,12,early_first_window,1,0.0020000000000000018,0.006311645507812491,0.0,11.0
2774,64,500,12,early_first_window,1,0.0020000000000000018,0.006311645507812491,0.0,11.0
2775,64,500,12,early_first_window,1,0.0020000000000000018,0.006311645507812491,0.0,11.0
2776,64,500,12,early_first_window,1,0.0020000000000000018,0.006311645507812491,0.0,11.0
2777,64,500,12,early_first_window,1,0.0020000000000000018,0.006311645507812491,0.0,11.0
2778,64,500,12,early_first_window,1,0.0020000000000000018,0.006311645507812491,0.0,11.0
2779,64,500,12,early_first_window,1,0.0020000000000000018,0.006311645507812491,0.0,11.0
2780,64,500,12,early_first_window,1,0.0020000000000000018,0.006311645507812491,0.0,11.0
2781,64,500,12,early_first_window,1,0.0020000000000000018,0.006311645507812491,0.0,11.0
2782,64,500,12,early_first_window,1,0.0020000000000000018,0.006311645507812491,0.0,11.0
2783,64,500,12,early_first_window,1,0.0020000000000000018,0.006311645507812491,0.0,11.0
2784,64,500,12,early_first_window,1,0.0020000000000000018,0.006311645507812491,0.0,11.0
2785,64,500,12,early_first_window,1,0.0020000000000000018,0.006311645507812491,0.0,11.0
2786,64,500,12,early_first_window,1,0.0020000000000000018,0.006311645507812491,0.0,11.0
2787,64,500,12,early_first_window,1,0.0020000000000000018,0.006311645507812491,0.0,11.0
2788,64,500,12,early_first_window,1,0.0020000000000000018,0.006311645507812491,0.0,11.0
2789,64,500,12,early_first_window,1,0.0020000000000000018,0.006311645507812491,0.0,11.0
2790,64,500,12,early_first_window,1,0.0020000000000000018,0.006311645507812491,0.0,11.0
2791,64,500,12,early_first_window,1,0.0020000000000000018,0.006311645507812491,0.0,11.0
2792,64,500,12,early_first_window,1,0.0020000000000000018,0.006311645507812491,0.0,11.0
2793,64,500,12,early_first_window,1,0.0020000000000000018,0.006311645507812491,0.0,11.0
2794,64,500,12,early_first_window,1,0.0020000000000000018,0.006311645507812491,0.0,11.0
2795,64,500,12,early_first_window,1,0.0020000000000000018,0.006311645507812491,0.0,11.0
2796,64,500,12,early_first_window,1,0.0020000000000000018,0.006311645507812491,0.0,11.0
2797,64,500,12,early_first_window,1,0.0020000000000000018,0.006311645507812491,0.0,11.0
2798,64,500,12,early_first_window,1,0.0020000000000000018,0.006311645507812491,0.0,11.0
2799,64,500,12,early_first_window,1,0.0020000000000000018,0.006311645507812491,0.0,11.0
2800,65,500,12,early_first_window,1,0.0020000000000000018,0.006311645507812491,0.0,11.0
2801,65,500,12,early_first_window,1,0.0020000000000000018,0.006311645507812491,0.0,11.0
2802,65,500,12,early_first_window,1,0.0020000000000000018,0.006311645507812491,0.0,11.0
2803,65,500,12,early_first_window,1,0.0020000000000000018,0.006311645507812491,0.0,11.0
2804,65,500,12,early_first_window,1,0.0020000000000000018,0.006311645507812491,0.0,11.0
2805,65,500,12,early_first_window,1,0.0020000000000000018,0.006311645507812491,0.0,11.0
2806,65,500,12,early_first_window,1,0.0020000000000000018,0.006311645507812491,0.0,11.0
2807,65,500,12,early_first_window,1,0.0020000000000000018,0.006311645507812491,0.0,11.0
2808,65,500,12,early_first_window,1,0.0020000000000000018,0.006311645507812491,0.0,11.0
2809,65,500,12,early_first_window,1,0.0020000000000000018,0.006311645507812491,0.0,11.0
2810,65,500,12,early_first_window,1,0.0020000000000000018,0.006311645507812491,0.0,11.0
2811,65,500,12,early_first_window,1,0.0020000000000000018,0.006311645507812491,0.0,11.0
2812,65,500,12,early_first_window,1,0.0020000000000000018,0.006311645507812491,0.0,11.0
2813,65,500,12,early_first_window,1,0.0020000000000000018,0.006311645507812491,0.0,11.0
2814,65,500,12,early_first_window,1,0.0020000000000000018,0.006311645507812491,0.0,11.0
2815,65,500,12,early_first_window,1,0.0020000000000000018,0.006311645507812491,0.0,11.0
2816,65,500,12,early_first_window,1,0.0020000000000000018,0.006311645507812491,0.0,11.0
2817,65,500,12,early_first_window,1,0.0020000000000000018,0.006311645507812491,0.0,11.0
2818,65,500,12,early_first_window,1,0.0020000000000000018,0.006311645507812491,0.0,11.0
2819,65,500,12,early_first_window,1,0.0020000000000000018,0.006311645507812491,0.0,11.0
2820,65,500,12,early_first_window,1,0.0020000000000000018,0.006311645507812491,0.0,11.0
2821,65,500,12,early_first_window,1,0.0020000000000000018,0.006311645507812491,0.0,11.0
2822,65,500,12,early_first_window,1,0.0020000000000000018,0.006311645507812491,0.0,11.0
2823,65,500,12,early_first_window,1,0.0020000000000000018,0.006311645507812491,0.0,11.0
2824,65,500,12,early_first_window,1,0.0020000000000000018,0.006311645507812491,0.0,11.0
2825,65,500,12,early_first_window,1,0.0020000000000000018,0.006311645507812491,0.0,11.0
2826,65,500,12,early_first_window,1,0.0020000000000000018,0.006311645507812491,0.0,11.0
2827,65,500,12,early_first_window,1,0.0020000000000000018,0.006311645507812491,0.0,11.0
2828,65,500,12,early_first_window,1,0.0020000000000000018,0.006311645507812491,0.0,11.0
2829,65,500,12,early_first_window,1,0.0020000000000000018,0.006311645507812491,0.0,11.0
2830,65,500,12,early_first_window,1,0.0020000000000000018,0.006311645507812491,0.0,11.0
2831,65,500,12,early_first_window,1,0.0020000000000000018,0.006311645507812491,0.0,11.0
2832,65,500,12,early_first_window,1,0.0020000000000000018,0.006311645507812491,0.0,11.0
2833,65,500,12,early_first_window,1,0.0020000000000000018,0.006311645507812491,0.0,11.0
2834,65,500,12,early_first_window,1,0.0020000000000000018,0.006311645507812491,0.0,11.0
2835,65,500,12,early_first_window,1,0.0020000000000000018,0.006311645507812491,0.0,11.0
2836,65,500,12,early_first_window,1,0.0020000000000000018,0.006311645507812491,0.0,11.0
2837,65,500,12,early_first_window,1,0.0020000000000000018,0.006311645507812491,0.0,11.0
2838,65,500,12,early_first_window,1,0.0020000000000000018,0.006311645507812491,0.0,11.0
2839,65,500,12,early_first_window,1,0.0020000000000000018,0.006311645507812491,0.0,11.0
2840,66,500,18,early_first_window,1,0.008000000000000007,0.025410278320312507,5.0,17.0
2841,66,500,18,early_first_window,1,0.008000000000000007,0.025410278320312507,5.0,17.0
2842,66,500,18,early_first_window,1,0.008000000000000007,0.025410278320312507,5.0,17.0
2843,66,500,18,early_first_window,1,0.008000000000000007,0.025410278320312507,5.0,17.0
2844,66,500,18,early_first_window,1,0.008000000000000007,0.025410278320312507,5.0,17.0
2845,66,500,18,early_first_window,1,0.008000000000000007,0.025410278320312507,5.0,17.0
2846,66,500,18,early_first_window,1,0.008000000000000007,0.025410278320312507,5.0,17.0
2847,66,500,18,early_first_window,1,0.008000000000000007,0.025410278320312507,5.0,17.0
2848,66,500,18,early_first_window,1,0.008000000000000007,0.025410278320312507,5.0,17.0
2849,66,500,18,early_first_window,1,0.008000000000000007,0.025410278320312507,5.0,17.0
2850,66,500,18,early_first_window,1,0.008000000000000007,0.025410278320312507,5.0,17.0
2851,66,500,18,early_first_window,1,0.008000000000000007,0.025410278320312507,5.0,17.0
2852,66,500,18,early_first_window,1,0.008000000000000007,0.025410278320312507,5.0,17.0
2853,66,500,18,early_first_window,1,0.008000000000000007,0.025410278320312507,5.0,17.0
2854,66,500,18,early_first_window,1,0.008000000000000007,0.025410278320312507,5.0,17.0
2855,66,500,18,early_first_window,1,0.008000000000000007,0.025410278320312507,5.0,17.0
2856,66,500,18,early_first_window,1,0.008000000000000007,0.025410278320312507,5.0,17.0
2857,66,500,18,early_first_window,1,0.008000000000000007,0.025410278320312507,5.0,17.0
2858,66,500,18,early_first_window,1,0.008000000000000007,0.025410278320312507,5.0,17.0
2859,66,500,18,early_first_window,1,0.008000000000000007,0.025410278320312507,5.0,17.0
2860,66,500,18,early_first_window,1,0.008000000000000007,0.025410278320312507,5.0,17.0
2861,66,500,18,early_first_window,1,0.008000000000000007,0.025410278320312507,5.0,17.0
2862,66,500,18,early_first_window,1,0.008000000000000007,0.025410278320312507,5.0,17.0
2863,66,500,18,early_first_window,1,0.008000000000000007,0.025410278320312507,5.0,17.0
2864,66,500,18,early_first_window,1,0.008000000000000007,0.025410278320312507,5.0,17.0
2865,66,500,18,early_first_window,1,0.008000000000000007,0.025410278320312507,5.0,17.0
2866,66,500,18,early_first_window,1,0.008000000000000007,0.025410278320312507,5.0,17.0
2867,66,500,18,early_first_window,1,0.008000000000000007,0.025410278320312507,5.0,17.0
2868,66,500,18,early_first_window,1,0.008000000000000007,0.025410278320312507,5.0,17.0
2869,66,500,18,early_first_window,1,0.008000000000000007,0.025410278320312507,5.0,17.0
2870,66,500,18,early_first_window,1,0.008000000000000007,0.025410278320312507,5.0,17.0
2871,66,500,18,early_first_window,1,0.008000000000000007,0.025410278320312507,5.0,17.0
2872,66,500,18,early_first_window,1,0.008000000000000007,0.025410278320312507,5.0,17.0
2873,66,500,18,early_first_window,1,0.008000000000000007,0.025410278320312507,5.0,17.0
2874,66,500,18,early_first_window,1,0.008000000000000007,0.025410278320312507,5.0,17.0
2875,66,500,18,early_first_window,1,0.008000000000000007,0.025410278320312507,5.0,17.0
2876,66,500,18,early_first_window,1,0.008000000000000007,0.025410278320312507,5.0,17.0
2877,66,500,18,early_first_window,1,0.008000000000000007,0.025410278320312507,5.0,17.0
2878,66,500,18,early_first_window,1,0.008000000000000007,0.025410278320312507,5.0,17.0
2879,66,500,18,early_first_window,1,0.008000000000000007,0.025410278320312507,5.0,17.0
2880,67,500,117,early_first_window,1,0.728,-0.092268798828125,73.0,26.0
2881,67,500,117,early_first_window,1,0.728,-0.092268798828125,73.0,26.0
2882,67,500,117,early_first_window,1,0.728,-0.092268798828125,73.0,26.0
2883,67,500,117,early_first_window,1,0.728,-0.092268798828125,73.0,26.0
2884,67,500,117,early_first_window,1,0.728,-0.092268798828125,73.0,26.0
2885,67,500,117,early_first_window,1,0.728,-0.092268798828125,73.0,26.0
2886,67,500,117,early_first_window,1,0.728,-0.092268798828125,73.0,26.0
2887,67,500,117,early_first_window,1,0.728,-0.092268798828125,73.0,26.0
2888,67,500,117,early_first_window,1,0.728,-0.092268798828125,73.0,26.0
2889,67,500,117,early_first_window,1,0.728,-0.092268798828125,73.0,26.0
2890,67,500,117,early_first_window,1,0.73,-0.092268798828125,73.0,26.0
2891,67,500,117,early_first_window,1,0.73,-0.092268798828125,73.0,26.0
2892,67,500,117,early_first_window,1,0.73,-0.092268798828125,73.0,26.0
2893,67,500,117,early_first_window,1,0.73,-0.092268798828125,73.0,26.0
2894,67,500,117,early_first_window,1,0.73,-0.092268798828125,73.0,26.0
2895,67,500,117,early_first_window,1,0.73,-0.092268798828125,73.0,26.0
2896,67,500,117,early_first_window,1,0.73,-0.092268798828125,73.0,26.0
2897,67,500,117,early_first_window,1,0.73,-0.092268798828125,73.0,26.0
2898,67,500,117,early_first_window,1,0.73,-0.092268798828125,73.0,26.0
2899,67,500,117,early_first_window,1,0.73,-0.092268798828125,73.0,26.0
2900,67,500,117,early_first_window,1,0.73,-0.092268798828125,73.0,26.0
2901,67,500,117,early_first_window,1,0.73,-0.092268798828125,73.0,26.0
2902,67,500,117,early_first_window,1,0.73,-0.092268798828125,73.0,26.0
2903,67,500,117,early_first_window,1,0.73,-0.092268798828125,73.0,26.0
2904,67,500,117,early_first_window,1,0.73,-0.092268798828125,73.0,26.0
2905,67,500,117,early_first_window,1,0.73,-0.092268798828125,73.0,26.0
2906,67,500,117,early_first_window,1,0.73,-0.092268798828125,73.0,26.0
2907,67,500,117,early_first_window,1,0.73,-0.092268798828125,73.0,26.0
2908,67,500,117,early_first_window,1,0.73,-0.092268798828125,73.0,26.0
2909,67,500,117,early_first_window,1,0.73,-0.092268798828125,73.0,26.0
2910,67,500,117,early_first_window,1,0.73,-0.092268798828125,73.0,26.0
2911,67,500,117,early_first_window,1,0.73,-0.092268798828125,73.0,26.0
2912,67,500,117,early_first_window,1,0.73,-0.092268798828125,73.0,26.0
2913,67,500,117,early_first_window,1,0.73,-0.092268798828125,73.0,26.0
2914,67,500,117,early_first_window,1,0.73,-0.092268798828125,73.0,26.0
2915,67,500,117,early_first_window,1,0.73,-0.092268798828125,73.0,26.0
2916,67,500,117,early_first_window,1,0.73,-0.092268798828125,73.0,26.0
2917,67,500,117,early_first_window,1,0.73,-0.092268798828125,73.0,26.0
2918,67,500,117,early_first_window,1,0.73,-0.092268798828125,73.0,26.0
2919,67,500,117,early_first_window,1,0.73,-0.092268798828125,73.0,26.0
2920,68,500,93,early_first_window,1,0.8140000000000001,-0.002317077636718734,53.0,25.0
2921,68,500,93,early_first_window,1,0.8140000000000001,-0.002317077636718734,53.0,25.0
2922,68,500,93,early_first_window,1,0.8140000000000001,-0.002317077636718734,53.0,25.0
2923,68,500,93,early_first_window,1,0.8140000000000001,-0.002317077636718734,53.0,25.0
2924,68,500,93,early_first_window,1,0.8140000000000001,-0.002317077636718734,53.0,25.0
2925,68,500,93,early_first_window,1,0.8140000000000001,-0.002317077636718734,53.0,25.0
2926,68,500,93,early_first_window,1,0.8140000000000001,-0.002317077636718734,53.0,25.0
2927,68,500,93,early_first_window,1,0.8140000000000001,-0.002317077636718734,53.0,25.0
2928,68,500,93,early_first_window,1,0.8140000000000001,-0.002317077636718734,53.0,25.0
2929,68,500,93,early_first_window,1,0.8140000000000001,-0.002317077636718734,53.0,25.0
2930,68,500,93,early_first_window,1,0.8140000000000001,-0.002317077636718734,53.0,25.0
2931,68,500,93,early_first_window,1,0.8140000000000001,-0.002317077636718734,53.0,25.0
2932,68,500,93,early_first_window,1,0.8140000000000001,-0.002317077636718734,53.0,25.0
2933,68,500,93,early_first_window,1,0.8140000000000001,-0.002317077636718734,53.0,25.0
2934,68,500,93,early_first_window,1,0.8140000000000001,-0.002317077636718734,53.0,25.0
2935,68,500,93,early_first_window,1,0.8140000000000001,-0.002317077636718734,53.0,25.0
2936,68,500,93,early_first_window,1,0.8140000000000001,-0.002317077636718734,53.0,25.0
2937,68,500,93,early_first_window,1,0.8140000000000001,-0.002317077636718734,53.0,25.0
2938,68,500,93,early_first_window,1,0.8140000000000001,-0.002317077636718734,53.0,25.0
2939,68,500,93,early_first_window,1,0.8140000000000001,-0.002317077636718734,53.0,25.0
2940,68,500,93,early_first_window,1,0.8140000000000001,-0.002317077636718734,53.0,25.0
2941,68,500,93,early_first_window,1,0.8140000000000001,-0.002317077636718734,53.0,25.0
2942,68,500,93,early_first_window,1,0.8140000000000001,-0.002317077636718734,53.0,25.0
2943,68,500,93,early_first_window,1,0.8140000000000001,-0.002317077636718734,53.0,25.0
2944,68,500,93,early_first_window,1,0.8140000000000001,-0.002317077636718734,53.0,25.0
2945,68,500,93,early_first_window,1,0.8140000000000001,-0.002317077636718734,53.0,25.0
2946,68,500,93,early_first_window,1,0.8140000000000001,-0.002317077636718734,53.0,25.0
2947,68,500,93,early_first_window,1,0.8140000000000001,-0.002317077636718734,53.0,25.0
2948,68,500,93,early_first_window,1,0.8140000000000001,-0.002317077636718734,53.0,25.0
2949,68,500,93,early_first_window,1,0.8140000000000001,-0.002317077636718734,53.0,25.0
2950,68,500,93,early_first_window,1,0.8140000000000001,-0.002317077636718734,53.0,25.0
2951,68,500,93,early_first_window,1,0.8140000000000001,-0.002317077636718734,53.0,25.0
2952,68,500,93,early_first_window,1,0.8240000000000001,-0.002317077636718734,53.0,25.0
2953,68,500,93,early_first_window,1,0.8240000000000001,-0.002317077636718734,53.0,25.0
2954,68,500,93,early_first_window,1,0.8240000000000001,-0.002317077636718734,53.0,25.0
2955,68,500,93,early_first_window,1,0.8240000000000001,-0.002317077636718734,53.0,25.0
2956,68,500,93,early_first_window,1,0.8240000000000001,-0.002317077636718734,53.0,25.0
2957,68,500,93,early_first_window,1,0.8240000000000001,-0.002317077636718734,53.0,25.0
2958,68,500,93,early_first_window,1,0.8240000000000001,-0.002317077636718734,53.0,25.0
2959,68,500,93,early_first_window,1,0.8240000000000001,-0.002317077636718734,53.0,25.0
2960,69,500,17,early_first_window,1,0.006000000000000005,0.02463928222656253,5.0,16.0
2961,69,500,17,early_first_window,1,0.006000000000000005,0.02463928222656253,5.0,16.0
2962,69,500,17,early_first_window,1,0.006000000000000005,0.02463928222656253,5.0,16.0
2963,69,500,17,early_first_window,1,0.006000000000000005,0.02463928222656253,5.0,16.0
2964,69,500,17,early_first_window,1,0.006000000000000005,0.02463928222656253,5.0,16.0
2965,69,500,17,early_first_window,1,0.006000000000000005,0.02463928222656253,5.0,16.0
2966,69,500,17,early_first_window,1,0.006000000000000005,0.02463928222656253,5.0,16.0
2967,69,500,17,early_first_window,1,0.006000000000000005,0.02463928222656253,5.0,16.0
2968,69,500,17,early_first_window,1,0.006000000000000005,0.02463928222656253,5.0,16.0
2969,69,500,17,early_first_window,1,0.006000000000000005,0.02463928222656253,5.0,16.0
2970,69,500,17,early_first_window,1,0.006000000000000005,0.02463928222656253,5.0,16.0
2971,69,500,17,early_first_window,1,0.006000000000000005,0.02463928222656253,5.0,16.0
2972,69,500,17,early_first_window,1,0.006000000000000005,0.02463928222656253,5.0,16.0
2973,69,500,17,early_first_window,1,0.006000000000000005,0.02463928222656253,5.0,16.0
2974,69,500,17,early_first_window,1,0.006000000000000005,0.02463928222656253,5.0,16.0
2975,69,500,17,early_first_window,1,0.006000000000000005,0.02463928222656253,5.0,16.0
2976,69,500,17,early_first_window,1,0.006000000000000005,0.02463928222656253,5.0,16.0
2977,69,500,17,early_first_window,1,0.006000000000000005,0.02463928222656253,5.0,16.0
2978,69,500,17,early_first_window,1,0.006000000000000005,0.02463928222656253,5.0,16.0
2979,69,500,17,early_first_window,1,0.006000000000000005,0.02463928222656253,5.0,16.0
2980,69,500,17,early_first_window,1,0.006000000000000005,0.02463928222656253,5.0,16.0
2981,69,500,17,early_first_window,1,0.006000000000000005,0.02463928222656253,5.0,16.0
2982,69,500,17,early_first_window,1,0.006000000000000005,0.02463928222656253,5.0,16.0
2983,69,500,17,early_first_window,1,0.006000000000000005,0.02463928222656253,5.0,16.0
2984,69,500,17,early_first_window,1,0.006000000000000005,0.02463928222656253,5.0,16.0
2985,69,500,17,early_first_window,1,0.006000000000000005,0.02463928222656253,5.0,16.0
2986,69,500,17,early_first_window,1,0.006000000000000005,0.02463928222656253,5.0,16.0
2987,69,500,17,early_first_window,1,0.006000000000000005,0.02463928222656253,5.0,16.0
2988,69,500,17,early_first_window,1,0.006000000000000005,0.02463928222656253,5.0,16.0
2989,69,500,17,early_first_window,1,0.006000000000000005,0.02463928222656253,5.0,16.0
2990,69,500,17,early_first_window,1,0.006000000000000005,0.02463928222656253,5.0,16.0
2991,69,500,17,early_first_window,1,0.006000000000000005,0.02463928222656253,5.0,16.0
2992,69,500,17,early_first_window,1,0.006000000000000005,0.02463928222656253,5.0,16.0
2993,69,500,17,early_first_window,1,0.006000000000000005,0.02463928222656253,5.0,16.0
2994,69,500,17,early_first_window,1,0.006000000000000005,0.02463928222656253,5.0,16.0
2995,69,500,17,early_first_window,1,0.006000000000000005,0.02463928222656253,5.0,16.0
2996,69,500,17,early_first_window,1,0.006000000000000005,0.02463928222656253,5.0,16.0
2997,69,500,17,early_first_window,1,0.006000000000000005,0.02463928222656253,5.0,16.0
2998,69,500,17,early_first_window,1,0.006000000000000005,0.02463928222656253,5.0,16.0
2999,69,500,17,early_first_window,1,0.006000000000000005,0.02463928222656253,5.0,16.0
3000,70,500,12,early_first_window,1,0.0020000000000000018,0.006311645507812491,0.0,11.0
3001,70,500,12,early_first_window,1,0.0020000000000000018,0.006311645507812491,0.0,11.0
3002,70,500,12,early_first_window,1,0.0020000000000000018,0.006311645507812491,0.0,11.0
3003,70,500,12,early_first_window,1,0.0020000000000000018,0.006311645507812491,0.0,11.0
3004,70,500,12,early_first_window,1,0.0020000000000000018,0.006311645507812491,0.0,11.0
3005,70,500,12,early_first_window,1,0.0020000000000000018,0.006311645507812491,0.0,11.0
3006,70,500,12,early_first_window,1,0.0020000000000000018,0.006311645507812491,0.0,11.0
3007,70,500,12,early_first_window,1,0.0020000000000000018,0.006311645507812491,0.0,11.0
3008,70,500,12,early_first_window,1,0.0020000000000000018,0.006311645507812491,0.0,11.0
3009,70,500,12,early_first_window,1,0.0020000000000000018,0.006311645507812491,0.0,11.0
3010,70,500,12,early_first_window,1,0.0020000000000000018,0.006311645507812491,0.0,11.0
3011,70,500,12,early_first_window,1,0.0020000000000000018,0.006311645507812491,0.0,11.0
3012,70,500,12,early_first_window,1,0.0020000000000000018,0.006311645507812491,0.0,11.0
3013,70,500,12,early_first_window,1,0.0020000000000000018,0.006311645507812491,0.0,11.0
3014,70,500,12,early_first_window,1,0.0020000000000000018,0.006311645507812491,0.0,11.0
3015,70,500,12,early_first_window,1,0.0020000000000000018,0.006311645507812491,0.0,11.0
3016,70,500,12,early_first_window,1,0.0020000000000000018,0.006311645507812491,0.0,11.0
3017,70,500,12,early_first_window,1,0.0020000000000000018,0.006311645507812491,0.0,11.0
3018,70,500,12,early_first_window,1,0.0020000000000000018,0.006311645507812491,0.0,11.0
3019,70,500,12,early_first_window,1,0.0020000000000000018,0.006311645507812491,0.0,11.0
3020,70,500,12,early_first_window,1,0.0020000000000000018,0.006311645507812491,0.0,11.0
3021,70,500,12,early_first_window,1,0.0020000000000000018,0.006311645507812491,0.0,11.0
3022,70,500,12,early_first_window,1,0.0020000000000000018,0.006311645507812491,0.0,11.0
3023,70,500,12,early_first_window,1,0.0020000000000000018,0.006311645507812491,0.0,11.0
3024,70,500,12,early_first_window,1,0.0020000000000000018,0.006311645507812491,0.0,11.0
3025,70,500,12,early_first_window,1,0.0020000000000000018,0.006311645507812491,0.0,11.0
3026,70,500,12,early_first_window,1,0.0020000000000000018,0.006311645507812491,0.0,11.0
3027,70,500,12,early_first_window,1,0.0020000000000000018,0.006311645507812491,0.0,11.0
3028,70,500,12,early_first_window,1,0.0020000000000000018,0.006311645507812491,0.0,11.0
3029,70,500,12,early_first_window,1,0.0020000000000000018,0.006311645507812491,0.0,11.0
3030,70,500,12,early_first_window,1,0.0020000000000000018,0.006311645507812491,0.0,11.0
3031,70,500,12,early_first_window,1,0.0020000000000000018,0.006311645507812491,0.0,11.0
3032,70,500,12,early_first_window,1,0.0020000000000000018,0.006311645507812491,0.0,11.0
3033,70,500,12,early_first_window,1,0.0020000000000000018,0.006311645507812491,0.0,11.0
3034,70,500,12,early_first_window,1,0.0020000000000000018,0.006311645507812491,0.0,11.0
3035,70,500,12,early_first_window,1,0.0020000000000000018,0.006311645507812491,0.0,11.0
3036,70,500,12,early_first_window,1,0.0020000000000000018,0.006311645507812491,0.0,11.0
3037,70,500,12,early_first_window,1,0.0020000000000000018,0.006311645507812491,0.0,11.0
3038,70,500,12,early_first_window,1,0.0020000000000000018,0.006311645507812491,0.0,11.0
3039,70,500,12,early_first_window,1,0.0020000000000000018,0.006311645507812491,0.0,11.0
3040,71,500,99,early_first_window,1,0.632,-0.11222070312499999,28.0,12.0
3041,71,500,99,early_first_window,1,0.632,-0.11222070312499999,28.0,12.0
3042,71,500,99,early_first_window,1,0.632,-0.11222070312499999,28.0,12.0
3043,71,500,99,early_first_window,1,0.632,-0.11222070312499999,28.0,12.0
3044,71,500,99,early_first_window,1,0.632,-0.11222070312499999,28.0,12.0
3045,71,500,99,early_first_window,1,0.632,-0.11222070312499999,28.0,12.0
3046,71,500,99,early_first_window,1,0.632,-0.11222070312499999,28.0,12.0
3047,71,500,99,early_first_window,1,0.632,-0.11222070312499999,28.0,12.0
3048,71,500,99,early_first_window,1,0.632,-0.11222070312499999,28.0,12.0
3049,71,500,99,early_first_window,1,0.632,-0.11222070312499999,28.0,12.0
3050,71,500,99,early_first_window,1,0.632,-0.11222070312499999,28.0,12.0
3051,71,500,99,early_first_window,1,0.632,-0.11222070312499999,28.0,12.0
3052,71,500,99,early_first_window,1,0.632,-0.11222070312499999,28.0,12.0
3053,71,500,99,early_first_window,1,0.632,-0.11222070312499999,28.0,12.0
3054,71,500,99,early_first_window,1,0.632,-0.11222070312499999,28.0,12.0
3055,71,500,99,early_first_window,1,0.632,-0.11222070312499999,28.0,12.0
3056,71,500,99,early_first_window,1,0.632,-0.11222070312499999,28.0,12.0
3057,71,500,99,early_first_window,1,0.632,-0.11222070312499999,28.0,12.0
3058,71,500,99,early_first_window,1,0.632,-0.11222070312499999,28.0,12.0
3059,71,500,99,early_first_window,1,0.632,-0.11222070312499999,28.0,12.0
3060,71,500,99,early_first_window,1,0.632,-0.11222070312499999,28.0,12.0
3061,71,500,99,early_first_window,1,0.632,-0.11222070312499999,28.0,12.0
3062,71,500,99,early_first_window,1,0.632,-0.11222070312499999,28.0,12.0
3063,71,500,99,early_first_window,1,0.632,-0.11222070312499999,28.0,12.0
3064,71,500,99,early_first_window,1,0.632,-0.11222070312499999,28.0,12.0
3065,71,500,99,early_first_window,1,0.632,-0.11222070312499999,28.0,12.0
3066,71,500,99,early_first_window,1,0.632,-0.11222070312499999,28.0,12.0
3067,71,500,99,early_first_window,1,0.632,-0.11222070312499999,28.0,12.0
3068,71,500,99,early_first_window,1,0.632,-0.11222070312499999,28.0,12.0
3069,71,500,99,early_first_window,1,0.632,-0.11222070312499999,28.0,12.0
3070,71,500,99,early_first_window,1,0.632,-0.11222070312499999,28.0,12.0
3071,71,500,99,early_first_window,1,0.632,-0.11222070312499999,28.0,12.0
3072,71,500,99,early_first_window,1,0.632,-0.11222070312499999,28.0,12.0
3073,71,500,99,early_first_window,1,0.632,-0.11222070312499999,28.0,12.0
3074,71,500,99,early_first_window,1,0.632,-0.11222070312499999,28.0,12.0
3075,71,500,99,early_first_window,1,0.632,-0.11222070312499999,28.0,12.0
3076,71,500,99,early_first_window,1,0.632,-0.11222070312499999,28.0,12.0
3077,71,500,99,early_first_window,1,0.632,-0.11222070312499999,28.0,12.0
3078,71,500,99,early_first_window,1,0.632,-0.11222070312499999,28.0,12.0
3079,71,500,99,early_first_window,1,0.632,-0.11222070312499999,28.0,12.0
3080,72,500,72,early_first_window,1,0.748,0.019294067382812474,34.0,25.0
3081,72,500,72,early_first_window,1,0.748,0.019294067382812474,34.0,25.0
3082,72,500,72,early_first_window,1,0.748,0.019294067382812474,34.0,25.0
3083,72,500,72,early_first_window,1,0.748,0.019294067382812474,34.0,25.0
3084,72,500,72,early_first_window,1,0.748,0.019294067382812474,34.0,25.0
3085,72,500,72,early_first_window,1,0.748,0.019294067382812474,34.0,25.0
3086,72,500,72,early_first_window,1,0.748,0.019294067382812474,34.0,25.0
3087,72,500,72,early_first_window,1,0.748,0.019294067382812474,34.0,25.0
3088,72,500,72,early_first_window,1,0.748,0.019294067382812474,34.0,25.0
3089,72,500,72,early_first_window,1,0.748,0.019294067382812474,34.0,25.0
3090,72,500,72,early_first_window,1,0.748,0.019294067382812474,34.0,25.0
3091,72,500,72,early_first_window,1,0.748,0.019294067382812474,34.0,25.0
3092,72,500,72,early_first_window,1,0.748,0.019294067382812474,34.0,25.0
3093,72,500,72,early_first_window,1,0.748,0.019294067382812474,34.0,25.0
3094,72,500,72,early_first_window,1,0.748,0.019294067382812474,34.0,25.0
3095,72,500,72,early_first_window,1,0.748,0.019294067382812474,34.0,25.0
3096,72,500,72,early_first_window,1,0.748,0.019294067382812474,34.0,25.0
3097,72,500,72,early_first_window,1,0.752,0.019294067382812474,34.0,25.0
3098,72,500,72,early_first_window,1,0.752,0.019294067382812474,34.0,25.0
3099,72,500,72,early_first_window,1,0.752,0.019294067382812474,34.0,25.0
3100,72,500,72,early_first_window,1,0.752,0.019294067382812474,34.0,25.0
3101,72,500,72,early_first_window,1,0.752,0.019294067382812474,34.0,25.0
3102,72,500,72,early_first_window,1,0.752,0.019294067382812474,34.0,25.0
3103,72,500,72,early_first_window,1,0.752,0.019294067382812474,34.0,25.0
3104,72,500,72,early_first_window,1,0.752,0.019294067382812474,34.0,25.0
3105,72,500,72,early_first_window,1,0.752,0.019294067382812474,34.0,25.0
3106,72,500,72,early_first_window,1,0.752,0.019294067382812474,34.0,25.0
3107,72,500,72,early_first_window,1,0.752,0.019294067382812474,34.0,25.0
3108,72,500,72,early_first_window,1,0.752,0.019294067382812474,34.0,25.0
3109,72,500,72,early_first_window,1,0.752,0.019294067382812474,34.0,25.0
3110,72,500,72,early_first_window,1,0.752,0.019294067382812474,34.0,25.0
3111,72,500,72,early_first_window,1,0.752,0.019294067382812474,34.0,25.0
3112,72,500,72,early_first_window,1,0.752,0.019294067382812474,34.0,25.0
3113,72,500,72,early_first_window,1,0.752,0.019294067382812474,34.0,25.0
3114,72,500,72,early_first_window,1,0.752,0.019294067382812474,34.0,25.0
3115,72,500,72,early_first_window,1,0.752,0.019294067382812474,34.0,25.0
3116,72,500,72,early_first_window,1,0.752,0.019294067382812474,34.0,25.0
3117,72,500,72,early_first_window,1,0.752,0.019294067382812474,34.0,25.0
3118,72,500,72,early_first_window,1,0.752,0.019294067382812474,34.0,25.0
3119,72,500,72,early_first_window,1,0.752,0.019294067382812474,34.0,25.0
3120,73,500,12,early_first_window,1,0.0020000000000000018,0.006311645507812491,0.0,11.0
3121,73,500,12,early_first_window,1,0.0020000000000000018,0.006311645507812491,0.0,11.0
3122,73,500,12,early_first_window,1,0.0020000000000000018,0.006311645507812491,0.0,11.0
3123,73,500,12,early_first_window,1,0.0020000000000000018,0.006311645507812491,0.0,11.0
3124,73,500,12,early_first_window,1,0.0020000000000000018,0.006311645507812491,0.0,11.0
3125,73,500,12,early_first_window,1,0.0020000000000000018,0.006311645507812491,0.0,11.0
3126,73,500,12,early_first_window,1,0.0020000000000000018,0.006311645507812491,0.0,11.0
3127,73,500,12,early_first_window,1,0.0020000000000000018,0.006311645507812491,0.0,11.0
3128,73,500,12,early_first_window,1,0.0020000000000000018,0.006311645507812491,0.0,11.0
3129,73,500,12,early_first_window,1,0.0020000000000000018,0.006311645507812491,0.0,11.0
3130,73,500,12,early_first_window,1,0.0020000000000000018,0.006311645507812491,0.0,11.0
3131,73,500,12,early_first_window,1,0.0020000000000000018,0.006311645507812491,0.0,11.0
3132,73,500,12,early_first_window,1,0.0020000000000000018,0.006311645507812491,0.0,11.0
3133,73,500,12,early_first_window,1,0.0020000000000000018,0.006311645507812491,0.0,11.0
3134,73,500,12,early_first_window,1,0.0020000000000000018,0.006311645507812491,0.0,11.0
3135,73,500,12,early_first_window,1,0.0020000000000000018,0.006311645507812491,0.0,11.0
3136,73,500,12,early_first_window,1,0.0020000000000000018,0.006311645507812491,0.0,11.0
3137,73,500,12,early_first_window,1,0.0020000000000000018,0.006311645507812491,0.0,11.0
3138,73,500,12,early_first_window,1,0.0020000000000000018,0.006311645507812491,0.0,11.0
3139,73,500,12,early_first_window,1,0.0020000000000000018,0.006311645507812491,0.0,11.0
3140,73,500,12,early_first_window,1,0.0020000000000000018,0.006311645507812491,0.0,11.0
3141,73,500,12,early_first_window,1,0.0020000000000000018,0.006311645507812491,0.0,11.0
3142,73,500,12,early_first_window,1,0.0020000000000000018,0.006311645507812491,0.0,11.0
3143,73,500,12,early_first_window,1,0.0020000000000000018,0.006311645507812491,0.0,11.0
3144,73,500,12,early_first_window,1,0.0020000000000000018,0.006311645507812491,0.0,11.0
3145,73,500,12,early_first_window,1,0.0020000000000000018,0.006311645507812491,0.0,11.0
3146,73,500,12,early_first_window,1,0.0020000000000000018,0.006311645507812491,0.0,11.0
3147,73,500,12,early_first_window,1,0.0020000000000000018,0.006311645507812491,0.0,11.0
3148,73,500,12,early_first_window,1,0.0020000000000000018,0.006311645507812491,0.0,11.0
3149,73,500,12,early_first_window,1,0.0020000000000000018,0.006311645507812491,0.0,11.0
3150,73,500,12,early_first_window,1,0.0020000000000000018,0.006311645507812491,0.0,11.0
3151,73,500,12,early_first_window,1,0.0020000000000000018,0.006311645507812491,0.0,11.0
3152,73,500,12,early_first_window,1,0.0020000000000000018,0.006311645507812491,0.0,11.0
3153,73,500,12,early_first_window,1,0.0020000000000000018,0.006311645507812491,0.0,11.0
3154,73,500,12,early_first_window,1,0.0020000000000000018,0.006311645507812491,0.0,11.0
3155,73,500,12,early_first_window,1,0.0020000000000000018,0.006311645507812491,0.0,11.0
3156,73,500,12,early_first_window,1,0.0020000000000000018,0.006311645507812491,0.0,11.0
3157,73,500,12,early_first_window,1,0.0020000000000000018,0.006311645507812491,0.0,11.0
3158,73,500,12,early_first_window,1,0.0020000000000000018,0.006311645507812491,0.0,11.0
3159,73,500,12,early_first_window,1,0.0020000000000000018,0.006311645507812491,0.0,11.0
3160,74,500,93,early_first_window,1,0.762,-0.19554443359374996,39.0,18.0
3161,74,500,93,early_first_window,1,0.762,-0.19554443359374996,39.0,18.0
3162,74,500,93,early_first_window,1,0.762,-0.19554443359374996,39.0,18.0
3163,74,500,93,early_first_window,1,0.762,-0.19554443359374996,39.0,18.0
3164,74,500,93,early_first_window,1,0.762,-0.19554443359374996,39.0,18.0
3165,74,500,93,early_first_window,1,0.762,-0.19554443359374996,39.0,18.0
3166,74,500,93,early_first_window,1,0.762,-0.19554443359374996,39.0,18.0
3167,74,500,93,early_first_window,1,0.762,-0.19554443359374996,39.0,18.0
3168,74,500,93,early_first_window,1,0.762,-0.19554443359374996,39.0,18.0
3169,74,500,93,early_first_window,1,0.762,-0.19554443359374996,39.0,18.0
3170,74,500,93,early_first_window,1,0.762,-0.19554443359374996,39.0,18.0
3171,74,500,93,early_first_window,1,0.762,-0.19554443359374996,39.0,18.0
3172,74,500,93,early_first_window,1,0.762,-0.19554443359374996,39.0,18.0
3173,74,500,93,early_first_window,1,0.762,-0.19554443359374996,39.0,18.0
3174,74,500,93,early_first_window,1,0.762,-0.19554443359374996,39.0,18.0
3175,74,500,93,early_first_window,1,0.762,-0.19554443359374996,39.0,18.0
3176,74,500,93,early_first_window,1,0.762,-0.19554443359374996,39.0,18.0
3177,74,500,93,early_first_window,1,0.762,-0.19554443359374996,39.0,18.0
3178,74,500,93,early_first_window,1,0.762,-0.19554443359374996,39.0,18.0
3179,74,500,93,early_first_window,1,0.762,-0.19554443359374996,39.0,18.0
3180,74,500,93,early_first_window,1,0.762,-0.19554443359374996,39.0,18.0
3181,74,500,93,early_first_window,1,0.762,-0.19554443359374996,39.0,18.0
3182,74,500,93,early_first_window,1,0.762,-0.19554443359374996,39.0,18.0
3183,74,500,93,early_first_window,1,0.762,-0.19554443359374996,39.0,18.0
3184,74,500,93,early_first_window,1,0.762,-0.19554443359374996,39.0,18.0
3185,74,500,93,early_first_window,1,0.762,-0.19554443359374996,39.0,18.0
3186,74,500,93,early_first_window,1,0.762,-0.19554443359374996,39.0,18.0
3187,74,500,93,early_first_window,1,0.762,-0.19554443359374996,39.0,18.0
3188,74,500,93,early_first_window,1,0.762,-0.19554443359374996,39.0,18.0
3189,74,500,93,early_first_window,1,0.762,-0.19554443359374996,39.0,18.0
3190,74,500,93,early_first_window,1,0.762,-0.19554443359374996,39.0,18.0
3191,74,500,93,early_first_window,1,0.762,-0.19554443359374996,39.0,18.0
3192,74,500,93,early_first_window,1,0.762,-0.19554443359374996,39.0,18.0
3193,74,500,93,early_first_window,1,0.762,-0.19554443359374996,39.0,18.0
3194,74,500,93,early_first_window,1,0.762,-0.19554443359374996,39.0,18.0
3195,74,500,93,early_first_window,1,0.762,-0.19554443359374996,39.0,18.0
3196,74,500,93,early_first_window,1,0.762,-0.19554443359374996,39.0,18.0
3197,74,500,93,early_first_window,1,0.762,-0.19554443359374996,39.0,18.0
3198,74,500,93,early_first_window,1,0.762,-0.19554443359374996,39.0,18.0
3199,74,500,93,early_first_window,1,0.762,-0.19554443359374996,39.0,18.0
3200,75,500,97,early_first_window,1,0.718,-0.21867285156250005,54.0,18.0
3201,75,500,97,early_first_window,1,0.718,-0.21867285156250005,54.0,18.0
3202,75,500,97,early_first_window,1,0.718,-0.21867285156250005,54.0,18.0
3203,75,500,97,early_first_window,1,0.718,-0.21867285156250005,54.0,18.0
3204,75,500,97,early_first_window,1,0.718,-0.21867285156250005,54.0,18.0
3205,75,500,97,early_first_window,1,0.718,-0.21867285156250005,54.0,18.0
3206,75,500,97,early_first_window,1,0.718,-0.21867285156250005,54.0,18.0
3207,75,500,97,early_first_window,1,0.718,-0.21867285156250005,54.0,18.0
3208,75,500,97,early_first_window,1,0.718,-0.21867285156250005,54.0,18.0
3209,75,500,97,early_first_window,1,0.718,-0.21867285156250005,54.0,18.0
3210,75,500,97,early_first_window,1,0.718,-0.21867285156250005,54.0,18.0
3211,75,500,97,early_first_window,1,0.718,-0.21867285156250005,54.0,18.0
3212,75,500,97,early_first_window,1,0.718,-0.21867285156250005,54.0,18.0
3213,75,500,97,early_first_window,1,0.718,-0.21867285156250005,54.0,18.0
3214,75,500,97,early_first_window,1,0.718,-0.21867285156250005,54.0,18.0
3215,75,500,97,early_first_window,1,0.718,-0.21867285156250005,54.0,18.0
3216,75,500,97,early_first_window,1,0.718,-0.21867285156250005,54.0,18.0
3217,75,500,97,early_first_window,1,0.718,-0.21867285156250005,54.0,18.0
3218,75,500,97,early_first_window,1,0.718,-0.21867285156250005,54.0,18.0
3219,75,500,97,early_first_window,1,0.718,-0.21867285156250005,54.0,18.0
3220,75,500,97,early_first_window,1,0.718,-0.21867285156250005,54.0,18.0
3221,75,500,97,early_first_window,1,0.718,-0.21867285156250005,54.0,18.0
3222,75,500,97,early_first_window,1,0.718,-0.21867285156250005,54.0,18.0
3223,75,500,97,early_first_window,1,0.718,-0.21867285156250005,54.0,18.0
3224,75,500,97,early_first_window,1,0.718,-0.21867285156250005,54.0,18.0
3225,75,500,97,early_first_window,1,0.718,-0.21867285156250005,54.0,18.0
3226,75,500,97,early_first_window,1,0.718,-0.21867285156250005,54.0,18.0
3227,75,500,97,early_first_window,1,0.718,-0.21867285156250005,54.0,18.0
3228,75,500,97,early_first_window,1,0.718,-0.21867285156250005,54.0,18.0
3229,75,500,97,early_first_window,1,0.718,-0.21867285156250005,54.0,18.0
3230,75,500,97,early_first_window,1,0.718,-0.21867285156250005,54.0,18.0
3231,75,500,97,early_first_window,1,0.718,-0.21867285156250005,54.0,18.0
3232,75,500,97,early_first_window,1,0.718,-0.21867285156250005,54.0,18.0
3233,75,500,97,early_first_window,1,0.718,-0.21867285156250005,54.0,18.0
3234,75,500,97,early_first_window,1,0.718,-0.21867285156250005,54.0,18.0
3235,75,500,97,early_first_window,1,0.718,-0.21867285156250005,54.0,18.0
3236,75,500,97,early_first_window,1,0.718,-0.21867285156250005,54.0,18.0
3237,75,500,97,early_first_window,1,0.718,-0.21867285156250005,54.0,18.0
3238,75,500,97,early_first_window,1,0.718,-0.21867285156250005,54.0,18.0
3239,75,500,97,early_first_window,1,0.718,-0.21867285156250005,54.0,18.0
3240,76,500,82,early_first_window,1,0.726,-0.13827832031249998,47.0,18.0
3241,76,500,82,early_first_window,1,0.726,-0.13827832031249998,47.0,18.0
3242,76,500,82,early_first_window,1,0.726,-0.13827832031249998,47.0,18.0
3243,76,500,82,early_first_window,1,0.726,-0.13827832031249998,47.0,18.0
3244,76,500,82,early_first_window,1,0.726,-0.13827832031249998,47.0,18.0
3245,76,500,82,early_first_window,1,0.726,-0.13827832031249998,47.0,18.0
3246,76,500,82,early_first_window,1,0.726,-0.13827832031249998,47.0,18.0
3247,76,500,82,early_first_window,1,0.726,-0.13827832031249998,47.0,18.0
3248,76,500,82,early_first_window,1,0.726,-0.13827832031249998,47.0,18.0
3249,76,500,82,early_first_window,1,0.726,-0.13827832031249998,47.0,18.0
3250,76,500,82,early_first_window,1,0.726,-0.13827832031249998,47.0,18.0
3251,76,500,82,early_first_window,1,0.726,-0.13827832031249998,47.0,18.0
3252,76,500,82,early_first_window,1,0.726,-0.13827832031249998,47.0,18.0
3253,76,500,82,early_first_window,1,0.726,-0.13827832031249998,47.0,18.0
3254,76,500,82,early_first_window,1,0.726,-0.13827832031249998,47.0,18.0
3255,76,500,82,early_first_window,1,0.726,-0.13827832031249998,47.0,18.0
3256,76,500,82,early_first_window,1,0.726,-0.13827832031249998,47.0,18.0
3257,76,500,82,early_first_window,1,0.726,-0.13827832031249998,47.0,18.0
3258,76,500,82,early_first_window,1,0.726,-0.13827832031249998,47.0,18.0
3259,76,500,82,early_first_window,1,0.726,-0.13827832031249998,47.0,18.0
3260,76,500,82,early_first_window,1,0.726,-0.13827832031249998,47.0,18.0
3261,76,500,82,early_first_window,1,0.726,-0.13827832031249998,47.0,18.0
3262,76,500,82,early_first_window,1,0.726,-0.13827832031249998,47.0,18.0
3263,76,500,82,early_first_window,1,0.726,-0.13827832031249998,47.0,18.0
3264,76,500,82,early_first_window,1,0.726,-0.13827832031249998,47.0,18.0
3265,76,500,82,early_first_window,1,0.726,-0.13827832031249998,47.0,18.0
3266,76,500,82,early_first_window,1,0.726,-0.13827832031249998,47.0,18.0
3267,76,500,82,early_first_window,1,0.726,-0.13827832031249998,47.0,18.0
3268,76,500,82,early_first_window,1,0.726,-0.13827832031249998,47.0,18.0
3269,76,500,82,early_first_window,1,0.726,-0.13827832031249998,47.0,18.0
3270,76,500,82,early_first_window,1,0.726,-0.13827832031249998,47.0,18.0
3271,76,500,82,early_first_window,1,0.726,-0.13827832031249998,47.0,18.0
3272,76,500,82,early_first_window,1,0.726,-0.13827832031249998,47.0,18.0
3273,76,500,82,early_first_window,1,0.726,-0.13827832031249998,47.0,18.0
3274,76,500,82,early_first_window,1,0.726,-0.13827832031249998,47.0,18.0
3275,76,500,82,early_first_window,1,0.726,-0.13827832031249998,47.0,18.0
3276,76,500,82,early_first_window,1,0.726,-0.13827832031249998,47.0,18.0
3277,76,500,82,early_first_window,1,0.726,-0.13827832031249998,47.0,18.0
3278,76,500,82,early_first_window,1,0.726,-0.13827832031249998,47.0,18.0
3279,76,500,82,early_first_window,1,0.726,-0.13827832031249998,47.0,18.0
3280,77,500,16,early_first_window,1,0.0020000000000000018,0.005555053710937452,0.0,15.0
3281,77,500,16,early_first_window,1,0.0020000000000000018,0.005555053710937452,0.0,15.0
3282,77,500,16,early_first_window,1,0.0020000000000000018,0.005555053710937452,0.0,15.0
3283,77,500,16,early_first_window,1,0.0020000000000000018,0.005555053710937452,0.0,15.0
3284,77,500,16,early_first_window,1,0.0020000000000000018,0.005555053710937452,0.0,15.0
3285,77,500,16,early_first_window,1,0.0020000000000000018,0.005555053710937452,0.0,15.0
3286,77,500,16,early_first_window,1,0.0020000000000000018,0.005555053710937452,0.0,15.0
3287,77,500,16,early_first_window,1,0.0020000000000000018,0.005555053710937452,0.0,15.0
3288,77,500,16,early_first_window,1,0.0020000000000000018,0.005555053710937452,0.0,15.0
3289,77,500,16,early_first_window,1,0.0020000000000000018,0.005555053710937452,0.0,15.0
3290,77,500,16,early_first_window,1,0.0020000000000000018,0.005555053710937452,0.0,15.0
3291,77,500,16,early_first_window,1,0.0020000000000000018,0.005555053710937452,0.0,15.0
3292,77,500,16,early_first_window,1,0.0020000000000000018,0.005555053710937452,0.0,15.0
3293,77,500,16,early_first_window,1,0.0020000000000000018,0.005555053710937452,0.0,15.0
3294,77,500,16,early_first_window,1,0.0020000000000000018,0.005555053710937452,0.0,15.0
3295,77,500,16,early_first_window,1,0.0020000000000000018,0.005555053710937452,0.0,15.0
3296,77,500,16,early_first_window,1,0.0020000000000000018,0.005555053710937452,0.0,15.0
3297,77,500,16,early_first_window,1,0.0020000000000000018,0.005555053710937452,0.0,15.0
3298,77,500,16,early_first_window,1,0.0020000000000000018,0.005555053710937452,0.0,15.0
3299,77,500,16,early_first_window,1,0.0020000000000000018,0.005555053710937452,0.0,15.0
3300,77,500,16,early_first_window,1,0.0020000000000000018,0.005555053710937452,0.0,15.0
3301,77,500,16,early_first_window,1,0.0020000000000000018,0.005555053710937452,0.0,15.0
3302,77,500,16,early_first_window,1,0.0020000000000000018,0.005555053710937452,0.0,15.0
3303,77,500,16,early_first_window,1,0.0020000000000000018,0.005555053710937452,0.0,15.0
3304,77,500,16,early_first_window,1,0.0020000000000000018,0.005555053710937452,0.0,15.0
3305,77,500,16,early_first_window,1,0.0020000000000000018,0.005555053710937452,0.0,15.0
3306,77,500,16,early_first_window,1,0.0020000000000000018,0.005555053710937452,0.0,15.0
3307,77,500,16,early_first_window,1,0.0020000000000000018,0.005555053710937452,0.0,15.0
3308,77,500,16,early_first_window,1,0.0020000000000000018,0.005555053710937452,0.0,15.0
3309,77,500,16,early_first_window,1,0.0020000000000000018,0.005555053710937452,0.0,15.0
3310,77,500,16,early_first_window,1,0.0020000000000000018,0.005555053710937452,0.0,15.0
3311,77,500,16,early_first_window,1,0.0020000000000000018,0.005555053710937452,0.0,15.0
3312,77,500,16,early_first_window,1,0.0020000000000000018,0.005555053710937452,0.0,15.0
3313,77,500,16,early_first_window,1,0.0020000000000000018,0.005555053710937452,0.0,15.0
3314,77,500,16,early_first_window,1,0.0020000000000000018,0.005555053710937452,0.0,15.0
3315,77,500,16,early_first_window,1,0.0020000000000000018,0.005555053710937452,0.0,15.0
3316,77,500,16,early_first_window,1,0.0020000000000000018,0.005555053710937452,0.0,15.0
3317,77,500,16,early_first_window,1,0.0020000000000000018,0.005555053710937452,0.0,15.0
3318,77,500,16,early_first_window,1,0.0020000000000000018,0.005555053710937452,0.0,15.0
3319,77,500,16,early_first_window,1,0.0020000000000000018,0.005555053710937452,0.0,15.0
3320,78,500,12,early_first_window,1,0.0020000000000000018,0.006311645507812491,0.0,11.0
3321,78,500,12,early_first_window,1,0.0020000000000000018,0.006311645507812491,0.0,11.0
3322,78,500,12,early_first_window,1,0.0020000000000000018,0.006311645507812491,0.0,11.0
3323,78,500,12,early_first_window,1,0.0020000000000000018,0.006311645507812491,0.0,11.0
3324,78,500,12,early_first_window,1,0.0020000000000000018,0.006311645507812491,0.0,11.0
3325,78,500,12,early_first_window,1,0.0020000000000000018,0.006311645507812491,0.0,11.0
3326,78,500,12,early_first_window,1,0.0020000000000000018,0.006311645507812491,0.0,11.0
3327,78,500,12,early_first_window,1,0.0020000000000000018,0.006311645507812491,0.0,11.0
3328,78,500,12,early_first_window,1,0.0020000000000000018,0.006311645507812491,0.0,11.0
3329,78,500,12,early_first_window,1,0.0020000000000000018,0.006311645507812491,0.0,11.0
3330,78,500,12,early_first_window,1,0.0020000000000000018,0.006311645507812491,0.0,11.0
3331,78,500,12,early_first_window,1,0.0020000000000000018,0.006311645507812491,0.0,11.0
3332,78,500,12,early_first_window,1,0.0020000000000000018,0.006311645507812491,0.0,11.0
3333,78,500,12,early_first_window,1,0.0020000000000000018,0.006311645507812491,0.0,11.0
3334,78,500,12,early_first_window,1,0.0020000000000000018,0.006311645507812491,0.0,11.0
3335,78,500,12,early_first_window,1,0.0020000000000000018,0.006311645507812491,0.0,11.0
3336,78,500,12,early_first_window,1,0.0020000000000000018,0.006311645507812491,0.0,11.0
3337,78,500,12,early_first_window,1,0.0020000000000000018,0.006311645507812491,0.0,11.0
3338,78,500,12,early_first_window,1,0.0020000000000000018,0.006311645507812491,0.0,11.0
3339,78,500,12,early_first_window,1,0.0020000000000000018,0.006311645507812491,0.0,11.0
3340,78,500,12,early_first_window,1,0.0020000000000000018,0.006311645507812491,0.0,11.0
3341,78,500,12,early_first_window,1,0.0020000000000000018,0.006311645507812491,0.0,11.0
3342,78,500,12,early_first_window,1,0.0020000000000000018,0.006311645507812491,0.0,11.0
3343,78,500,12,early_first_window,1,0.0020000000000000018,0.006311645507812491,0.0,11.0
3344,78,500,12,early_first_window,1,0.0020000000000000018,0.006311645507812491,0.0,11.0
3345,78,500,12,early_first_window,1,0.0020000000000000018,0.006311645507812491,0.0,11.0
3346,78,500,12,early_first_window,1,0.0020000000000000018,0.006311645507812491,0.0,11.0
3347,78,500,12,early_first_window,1,0.0020000000000000018,0.006311645507812491,0.0,11.0
3348,78,500,12,early_first_window,1,0.0020000000000000018,0.006311645507812491,0.0,11.0
3349,78,500,12,early_first_window,1,0.0020000000000000018,0.006311645507812491,0.0,11.0
3350,78,500,12,early_first_window,1,0.0020000000000000018,0.006311645507812491,0.0,11.0
3351,78,500,12,early_first_window,1,0.0020000000000000018,0.006311645507812491,0.0,11.0
3352,78,500,12,early_first_window,1,0.0020000000000000018,0.006311645507812491,0.0,11.0
3353,78,500,12,early_first_window,1,0.0020000000000000018,0.006311645507812491,0.0,11.0
3354,78,500,12,early_first_window,1,0.0020000000000000018,0.006311645507812491,0.0,11.0
3355,78,500,12,early_first_window,1,0.0020000000000000018,0.006311645507812491,0.0,11.0
3356,78,500,12,early_first_window,1,0.0020000000000000018,0.006311645507812491,0.0,11.0
3357,78,500,12,early_first_window,1,0.0020000000000000018,0.006311645507812491,0.0,11.0
3358,78,500,12,early_first_window,1,0.0020000000000000018,0.006311645507812491,0.0,11.0
3359,78,500,12,early_first_window,1,0.0020000000000000018,0.006311645507812491,0.0,11.0
3360,79,500,123,early_first_window,1,0.734,-0.046271606445312585,63.0,25.0
3361,79,500,123,early_first_window,1,0.734,-0.046271606445312585,63.0,25.0
3362,79,500,123,early_first_window,1,0.734,-0.046271606445312585,63.0,25.0
3363,79,500,123,early_first_window,1,0.734,-0.046271606445312585,63.0,25.0
3364,79,500,123,early_first_window,1,0.734,-0.046271606445312585,63.0,25.0
3365,79,500,123,early_first_window,1,0.734,-0.046271606445312585,63.0,25.0
3366,79,500,123,early_first_window,1,0.734,-0.046271606445312585,63.0,25.0
3367,79,500,123,early_first_window,1,0.734,-0.046271606445312585,63.0,25.0
3368,79,500,123,early_first_window,1,0.734,-0.046271606445312585,63.0,25.0
3369,79,500,123,early_first_window,1,0.734,-0.046271606445312585,63.0,25.0
3370,79,500,123,early_first_window,1,0.734,-0.046271606445312585,63.0,25.0
3371,79,500,123,early_first_window,1,0.734,-0.046271606445312585,63.0,25.0
3372,79,500,123,early_first_window,1,0.734,-0.046271606445312585,63.0,25.0
3373,79,500,123,early_first_window,1,0.734,-0.046271606445312585,63.0,25.0
3374,79,500,123,early_first_window,1,0.734,-0.046271606445312585,63.0,25.0
3375,79,500,123,early_first_window,1,0.734,-0.046271606445312585,63.0,25.0
3376,79,500,123,early_first_window,1,0.734,-0.046271606445312585,63.0,25.0
3377,79,500,123,early_first_window,1,0.734,-0.046271606445312585,63.0,25.0
3378,79,500,123,early_first_window,1,0.734,-0.046271606445312585,63.0,25.0
3379,79,500,123,early_first_window,1,0.734,-0.046271606445312585,63.0,25.0
3380,79,500,123,early_first_window,1,0.734,-0.046271606445312585,63.0,25.0
3381,79,500,123,early_first_window,1,0.734,-0.046271606445312585,63.0,25.0
3382,79,500,123,early_first_window,1,0.734,-0.046271606445312585,63.0,25.0
3383,79,500,123,early_first_window,1,0.734,-0.046271606445312585,63.0,25.0
3384,79,500,123,early_first_window,1,0.734,-0.046271606445312585,63.0,25.0
3385,79,500,123,early_first_window,1,0.734,-0.046271606445312585,63.0,25.0
3386,79,500,123,early_first_window,1,0.734,-0.046271606445312585,63.0,25.0
3387,79,500,123,early_first_window,1,0.734,-0.046271606445312585,63.0,25.0
3388,79,500,123,early_first_window,1,0.734,-0.046271606445312585,63.0,25.0
3389,79,500,123,early_first_window,1,0.734,-0.046271606445312585,63.0,25.0
3390,79,500,123,early_first_window,1,0.734,-0.046271606445312585,63.0,25.0
3391,79,500,123,early_first_window,1,0.734,-0.046271606445312585,63.0,25.0
3392,79,500,123,early_first_window,1,0.734,-0.046271606445312585,63.0,25.0
3393,79,500,123,early_first_window,1,0.734,-0.046271606445312585,63.0,25.0
3394,79,500,123,early_first_window,1,0.734,-0.046271606445312585,63.0,25.0
3395,79,500,123,early_first_window,1,0.734,-0.046271606445312585,63.0,25.0
3396,79,500,123,early_first_window,1,0.734,-0.046271606445312585,63.0,25.0
3397,79,500,123,early_first_window,1,0.734,-0.046271606445312585,63.0,25.0
3398,79,500,123,early_first_window,1,0.734,-0.046271606445312585,63.0,25.0
3399,79,500,123,early_first_window,1,0.734,-0.046271606445312585,63.0,25.0
3400,80,500,106,early_first_window,1,0.692,-0.050420654296875034,43.0,26.0
3401,80,500,106,early_first_window,1,0.692,-0.050420654296875034,43.0,26.0
3402,80,500,106,early_first_window,1,0.692,-0.050420654296875034,43.0,26.0
3403,80,500,106,early_first_window,1,0.692,-0.050420654296875034,43.0,26.0
3404,80,500,106,early_first_window,1,0.692,-0.050420654296875034,43.0,26.0
3405,80,500,106,early_first_window,1,0.692,-0.050420654296875034,43.0,26.0
3406,80,500,106,early_first_window,1,0.692,-0.050420654296875034,43.0,26.0
3407,80,500,106,early_first_window,1,0.692,-0.050420654296875034,43.0,26.0
3408,80,500,106,early_first_window,1,0.692,-0.050420654296875034,43.0,26.0
3409,80,500,106,early_first_window,1,0.692,-0.050420654296875034,43.0,26.0
3410,80,500,106,early_first_window,1,0.692,-0.050420654296875034,43.0,26.0
3411,80,500,106,early_first_window,1,0.692,-0.050420654296875034,43.0,26.0
3412,80,500,106,early_first_window,1,0.692,-0.050420654296875034,43.0,26.0
3413,80,500,106,early_first_window,1,0.692,-0.050420654296875034,43.0,26.0
3414,80,500,106,early_first_window,1,0.692,-0.050420654296875034,43.0,26.0
3415,80,500,106,early_first_window,1,0.692,-0.050420654296875034,43.0,26.0
3416,80,500,106,early_first_window,1,0.692,-0.050420654296875034,43.0,26.0
3417,80,500,106,early_first_window,1,0.692,-0.050420654296875034,43.0,26.0
3418,80,500,106,early_first_window,1,0.692,-0.050420654296875034,43.0,26.0
3419,80,500,106,early_first_window,1,0.692,-0.050420654296875034,43.0,26.0
3420,80,500,106,early_first_window,1,0.692,-0.050420654296875034,43.0,26.0
3421,80,500,106,early_first_window,1,0.692,-0.050420654296875034,43.0,26.0
3422,80,500,106,early_first_window,1,0.692,-0.050420654296875034,43.0,26.0
3423,80,500,106,early_first_window,1,0.692,-0.050420654296875034,43.0,26.0
3424,80,500,106,early_first_window,1,0.692,-0.050420654296875034,43.0,26.0
3425,80,500,106,early_first_window,1,0.692,-0.050420654296875034,43.0,26.0
3426,80,500,106,early_first_window,1,0.692,-0.050420654296875034,43.0,26.0
3427,80,500,106,early_first_window,1,0.694,-0.050420654296875034,43.0,26.0
3428,80,500,106,early_first_window,1,0.694,-0.050420654296875034,43.0,26.0
3429,80,500,106,early_first_window,1,0.694,-0.050420654296875034,43.0,26.0
3430,80,500,106,early_first_window,1,0.694,-0.050420654296875034,43.0,26.0
3431,80,500,106,early_first_window,1,0.694,-0.050420654296875034,43.0,26.0
3432,80,500,106,early_first_window,1,0.694,-0.050420654296875034,43.0,26.0
3433,80,500,106,early_first_window,1,0.694,-0.050420654296875034,43.0,26.0
3434,80,500,106,early_first_window,1,0.694,-0.050420654296875034,43.0,26.0
3435,80,500,106,early_first_window,1,0.694,-0.050420654296875034,43.0,26.0
3436,80,500,106,early_first_window,1,0.694,-0.050420654296875034,43.0,26.0
3437,80,500,106,early_first_window,1,0.694,-0.050420654296875034,43.0,26.0
3438,80,500,106,early_first_window,1,0.694,-0.050420654296875034,43.0,26.0
3439,80,500,106,early_first_window,1,0.694,-0.050420654296875034,43.0,26.0
3440,81,500,116,early_first_window,1,0.77,-0.38293920898437506,61.0,18.0
3441,81,500,116,early_first_window,1,0.77,-0.38293920898437506,61.0,18.0
3442,81,500,116,early_first_window,1,0.77,-0.38293920898437506,61.0,18.0
3443,81,500,116,early_first_window,1,0.77,-0.38293920898437506,61.0,18.0
3444,81,500,116,early_first_window,1,0.77,-0.38293920898437506,61.0,18.0
3445,81,500,116,early_first_window,1,0.77,-0.38293920898437506,61.0,18.0
3446,81,500,116,early_first_window,1,0.77,-0.38293920898437506,61.0,18.0
3447,81,500,116,early_first_window,1,0.77,-0.38293920898437506,61.0,18.0
3448,81,500,116,early_first_window,1,0.77,-0.38293920898437506,61.0,18.0
3449,81,500,116,early_first_window,1,0.77,-0.38293920898437506,61.0,18.0
3450,81,500,116,early_first_window,1,0.77,-0.38293920898437506,61.0,18.0
3451,81,500,116,early_first_window,1,0.77,-0.38293920898437506,61.0,18.0
3452,81,500,116,early_first_window,1,0.77,-0.38293920898437506,61.0,18.0
3453,81,500,116,early_first_window,1,0.77,-0.38293920898437506,61.0,18.0
3454,81,500,116,early_first_window,1,0.77,-0.38293920898437506,61.0,18.0
3455,81,500,116,early_first_window,1,0.77,-0.38293920898437506,61.0,18.0
3456,81,500,116,early_first_window,1,0.77,-0.38293920898437506,61.0,18.0
3457,81,500,116,early_first_window,1,0.77,-0.38293920898437506,61.0,18.0
3458,81,500,116,early_first_window,1,0.77,-0.38293920898437506,61.0,18.0
3459,81,500,116,early_first_window,1,0.77,-0.38293920898437506,61.0,18.0
3460,81,500,116,early_first_window,1,0.77,-0.38293920898437506,61.0,18.0
3461,81,500,116,early_first_window,1,0.77,-0.38293920898437506,61.0,18.0
3462,81,500,116,early_first_window,1,0.77,-0.38293920898437506,61.0,18.0
3463,81,500,116,early_first_window,1,0.77,-0.38293920898437506,61.0,18.0
3464,81,500,116,early_first_window,1,0.77,-0.38293920898437506,61.0,18.0
3465,81,500,116,early_first_window,1,0.77,-0.38293920898437506,61.0,18.0
3466,81,500,116,early_first_window,1,0.77,-0.38293920898437506,61.0,18.0
3467,81,500,116,early_first_window,1,0.77,-0.38293920898437506,61.0,18.0
3468,81,500,116,early_first_window,1,0.77,-0.38293920898437506,61.0,18.0
3469,81,500,116,early_first_window,1,0.77,-0.38293920898437506,61.0,18.0
3470,81,500,116,early_first_window,1,0.77,-0.38293920898437506,61.0,18.0
3471,81,500,116,early_first_window,1,0.77,-0.38293920898437506,61.0,18.0
3472,81,500,116,early_first_window,1,0.77,-0.38293920898437506,61.0,18.0
3473,81,500,116,early_first_window,1,0.77,-0.38293920898437506,61.0,18.0
3474,81,500,116,early_first_window,1,0.77,-0.38293920898437506,61.0,18.0
3475,81,500,116,early_first_window,1,0.77,-0.38293920898437506,61.0,18.0
3476,81,500,116,early_first_window,1,0.77,-0.38293920898437506,61.0,18.0
3477,81,500,116,early_first_window,1,0.77,-0.38293920898437506,61.0,18.0
3478,81,500,116,early_first_window,1,0.77,-0.38293920898437506,61.0,18.0
3479,81,500,116,early_first_window,1,0.77,-0.38293920898437506,61.0,18.0
3480,82,500,101,early_first_window,1,0.746,-0.24528198242187504,59.0,18.0
3481,82,500,101,early_first_window,1,0.746,-0.24528198242187504,59.0,18.0
3482,82,500,101,early_first_window,1,0.746,-0.24528198242187504,59.0,18.0
3483,82,500,101,early_first_window,1,0.746,-0.24528198242187504,59.0,18.0
3484,82,500,101,early_first_window,1,0.746,-0.24528198242187504,59.0,18.0
3485,82,500,101,early_first_window,1,0.746,-0.24528198242187504,59.0,18.0
3486,82,500,101,early_first_window,1,0.746,-0.24528198242187504,59.0,18.0
3487,82,500,101,early_first_window,1,0.746,-0.24528198242187504,59.0,18.0
3488,82,500,101,early_first_window,1,0.746,-0.24528198242187504,59.0,18.0
3489,82,500,101,early_first_window,1,0.746,-0.24528198242187504,59.0,18.0
3490,82,500,101,early_first_window,1,0.746,-0.24528198242187504,59.0,18.0
3491,82,500,101,early_first_window,1,0.746,-0.24528198242187504,59.0,18.0
3492,82,500,101,early_first_window,1,0.746,-0.24528198242187504,59.0,18.0
3493,82,500,101,early_first_window,1,0.746,-0.24528198242187504,59.0,18.0
3494,82,500,101,early_first_window,1,0.746,-0.24528198242187504,59.0,18.0
3495,82,500,101,early_first_window,1,0.746,-0.24528198242187504,59.0,18.0
3496,82,500,101,early_first_window,1,0.748,-0.24528198242187504,59.0,18.0
3497,82,500,101,early_first_window,1,0.748,-0.24528198242187504,59.0,18.0
3498,82,500,101,early_first_window,1,0.748,-0.24528198242187504,59.0,18.0
3499,82,500,101,early_first_window,1,0.748,-0.24528198242187504,59.0,18.0
3500,82,500,101,early_first_window,1,0.748,-0.24528198242187504,59.0,18.0
3501,82,500,101,early_first_window,1,0.748,-0.24528198242187504,59.0,18.0
3502,82,500,101,early_first_window,1,0.748,-0.24528198242187504,59.0,18.0
3503,82,500,101,early_first_window,1,0.748,-0.24528198242187504,59.0,18.0
3504,82,500,101,early_first_window,1,0.748,-0.24528198242187504,59.0,18.0
3505,82,500,101,early_first_window,1,0.748,-0.24528198242187504,59.0,18.0
3506,82,500,101,early_first_window,1,0.748,-0.24528198242187504,59.0,18.0
3507,82,500,101,early_first_window,1,0.748,-0.24528198242187504,59.0,18.0
3508,82,500,101,early_first_window,1,0.748,-0.24528198242187504,59.0,18.0
3509,82,500,101,early_first_window,1,0.748,-0.24528198242187504,59.0,18.0
3510,82,500,101,early_first_window,1,0.748,-0.24528198242187504,59.0,18.0
3511,82,500,101,early_first_window,1,0.748,-0.24528198242187504,59.0,18.0
3512,82,500,101,early_first_window,1,0.748,-0.24528198242187504,59.0,18.0
3513,82,500,101,early_first_window,1,0.748,-0.24528198242187504,59.0,18.0
3514,82,500,101,early_first_window,1,0.748,-0.24528198242187504,59.0,18.0
3515,82,500,101,early_first_window,1,0.748,-0.24528198242187504,59.0,18.0
3516,82,500,101,early_first_window,1,0.748,-0.24528198242187504,59.0,18.0
3517,82,500,101,early_first_window,1,0.748,-0.24528198242187504,59.0,18.0
3518,82,500,101,early_first_window,1,0.748,-0.24528198242187504,59.0,18.0
3519,82,500,101,early_first_window,1,0.748,-0.24528198242187504,59.0,18.0
3520,83,500,30,early_first_window,1,0.016000000000000014,0.030361938476562544,13.0,25.0
3521,83,500,30,early_first_window,1,0.016000000000000014,0.030361938476562544,13.0,25.0
3522,83,500,30,early_first_window,1,0.016000000000000014,0.030361938476562544,13.0,25.0
3523,83,500,30,early_first_window,1,0.016000000000000014,0.030361938476562544,13.0,25.0
3524,83,500,30,early_first_window,1,0.016000000000000014,0.030361938476562544,13.0,25.0
3525,83,500,30,early_first_window,1,0.016000000000000014,0.030361938476562544,13.0,25.0
3526,83,500,30,early_first_window,1,0.016000000000000014,0.030361938476562544,13.0,25.0
3527,83,500,30,early_first_window,1,0.016000000000000014,0.030361938476562544,13.0,25.0
3528,83,500,30,early_first_window,1,0.016000000000000014,0.030361938476562544,13.0,25.0
3529,83,500,30,early_first_window,1,0.016000000000000014,0.030361938476562544,13.0,25.0
3530,83,500,30,early_first_window,1,0.016000000000000014,0.030361938476562544,13.0,25.0
3531,83,500,30,early_first_window,1,0.016000000000000014,0.030361938476562544,13.0,25.0
3532,83,500,30,early_first_window,1,0.016000000000000014,0.030361938476562544,13.0,25.0
3533,83,500,30,early_first_window,1,0.016000000000000014,0.030361938476562544,13.0,25.0
3534,83,500,30,early_first_window,1,0.016000000000000014,0.030361938476562544,13.0,25.0
3535,83,500,30,early_first_window,1,0.016000000000000014,0.030361938476562544,13.0,25.0
3536,83,500,30,early_first_window,1,0.016000000000000014,0.030361938476562544,13.0,25.0
3537,83,500,30,early_first_window,1,0.016000000000000014,0.030361938476562544,13.0,25.0
3538,83,500,30,early_first_window,1,0.016000000000000014,0.030361938476562544,13.0,25.0
3539,83,500,30,early_first_window,1,0.016000000000000014,0.030361938476562544,13.0,25.0
3540,83,500,30,early_first_window,1,0.016000000000000014,0.030361938476562544,13.0,25.0
3541,83,500,30,early_first_window,1,0.016000000000000014,0.030361938476562544,13.0,25.0
3542,83,500,30,early_first_window,1,0.016000000000000014,0.030361938476562544,13.0,25.0
3543,83,500,30,early_first_window,1,0.016000000000000014,0.030361938476562544,13.0,25.0
3544,83,500,30,early_first_window,1,0.016000000000000014,0.030361938476562544,13.0,25.0
3545,83,500,30,early_first_window,1,0.016000000000000014,0.030361938476562544,13.0,25.0
3546,83,500,30,early_first_window,1,0.016000000000000014,0.030361938476562544,13.0,25.0
3547,83,500,30,early_first_window,1,0.016000000000000014,0.030361938476562544,13.0,25.0
3548,83,500,30,early_first_window,1,0.016000000000000014,0.030361938476562544,13.0,25.0
3549,83,500,30,early_first_window,1,0.016000000000000014,0.030361938476562544,13.0,25.0
3550,83,500,30,early_first_window,1,0.016000000000000014,0.030361938476562544,13.0,25.0
3551,83,500,30,early_first_window,1,0.016000000000000014,0.030361938476562544,13.0,25.0
3552,83,500,30,early_first_window,1,0.016000000000000014,0.030361938476562544,13.0,25.0
3553,83,500,30,early_first_window,1,0.016000000000000014,0.030361938476562544,13.0,25.0
3554,83,500,30,early_first_window,1,0.016000000000000014,0.030361938476562544,13.0,25.0
3555,83,500,30,early_first_window,1,0.016000000000000014,0.030361938476562544,13.0,25.0
3556,83,500,30,early_first_window,1,0.016000000000000014,0.030361938476562544,13.0,25.0
3557,83,500,30,early_first_window,1,0.016000000000000014,0.030361938476562544,13.0,25.0
3558,83,500,30,early_first_window,1,0.016000000000000014,0.030361938476562544,13.0,25.0
3559,83,500,30,early_first_window,1,0.016000000000000014,0.030361938476562544,13.0,25.0
3560,84,500,132,early_first_window,1,0.774,-0.016640869140625014,69.0,25.0
3561,84,500,132,early_first_window,1,0.774,-0.016640869140625014,69.0,25.0
3562,84,500,132,early_first_window,1,0.774,-0.016640869140625014,69.0,25.0
3563,84,500,132,early_first_window,1,0.774,-0.016640869140625014,69.0,25.0
3564,84,500,132,early_first_window,1,0.774,-0.016640869140625014,69.0,25.0
3565,84,500,132,early_first_window,1,0.774,-0.016640869140625014,69.0,25.0
3566,84,500,132,early_first_window,1,0.774,-0.016640869140625014,69.0,25.0
3567,84,500,132,early_first_window,1,0.774,-0.016640869140625014,69.0,25.0
3568,84,500,132,early_first_window,1,0.774,-0.016640869140625014,69.0,25.0
3569,84,500,132,early_first_window,1,0.774,-0.016640869140625014,69.0,25.0
3570,84,500,132,early_first_window,1,0.774,-0.016640869140625014,69.0,25.0
3571,84,500,132,early_first_window,1,0.774,-0.016640869140625014,69.0,25.0
3572,84,500,132,early_first_window,1,0.774,-0.016640869140625014,69.0,25.0
3573,84,500,132,early_first_window,1,0.774,-0.016640869140625014,69.0,25.0
3574,84,500,132,early_first_window,1,0.774,-0.016640869140625014,69.0,25.0
3575,84,500,132,early_first_window,1,0.774,-0.016640869140625014,69.0,25.0
3576,84,500,132,early_first_window,1,0.774,-0.016640869140625014,69.0,25.0
3577,84,500,132,early_first_window,1,0.774,-0.016640869140625014,69.0,25.0
3578,84,500,132,early_first_window,1,0.774,-0.016640869140625014,69.0,25.0
3579,84,500,132,early_first_window,1,0.774,-0.016640869140625014,69.0,25.0
3580,84,500,132,early_first_window,1,0.774,-0.016640869140625014,69.0,25.0
3581,84,500,132,early_first_window,1,0.774,-0.016640869140625014,69.0,25.0
3582,84,500,132,early_first_window,1,0.774,-0.016640869140625014,69.0,25.0
3583,84,500,132,early_first_window,1,0.774,-0.016640869140625014,69.0,25.0
3584,84,500,132,early_first_window,1,0.774,-0.016640869140625014,69.0,25.0
3585,84,500,132,early_first_window,1,0.774,-0.016640869140625014,69.0,25.0
3586,84,500,132,early_first_window,1,0.774,-0.016640869140625014,69.0,25.0
3587,84,500,132,early_first_window,1,0.774,-0.016640869140625014,69.0,25.0
3588,84,500,132,early_first_window,1,0.774,-0.016640869140625014,69.0,25.0
3589,84,500,132,early_first_window,1,0.774,-0.016640869140625014,69.0,25.0
3590,84,500,132,early_first_window,1,0.774,-0.016640869140625014,69.0,25.0
3591,84,500,132,early_first_window,1,0.774,-0.016640869140625014,69.0,25.0
3592,84,500,132,early_first_window,1,0.774,-0.016640869140625014,69.0,25.0
3593,84,500,132,early_first_window,1,0.774,-0.016640869140625014,69.0,25.0
3594,84,500,132,early_first_window,1,0.774,-0.016640869140625014,69.0,25.0
3595,84,500,132,early_first_window,1,0.778,-0.016640869140625014,69.0,25.0
3596,84,500,132,early_first_window,1,0.778,-0.016640869140625014,69.0,25.0
3597,84,500,132,early_first_window,1,0.778,-0.016640869140625014,69.0,25.0
3598,84,500,132,early_first_window,1,0.778,-0.016640869140625014,69.0,25.0
3599,84,500,132,early_first_window,1,0.778,-0.016640869140625014,69.0,25.0
3600,85,500,12,early_first_window,1,0.0020000000000000018,0.006311645507812491,0.0,11.0
3601,85,500,12,early_first_window,1,0.0020000000000000018,0.006311645507812491,0.0,11.0
3602,85,500,12,early_first_window,1,0.0020000000000000018,0.006311645507812491,0.0,11.0
3603,85,500,12,early_first_window,1,0.0020000000000000018,0.006311645507812491,0.0,11.0
3604,85,500,12,early_first_window,1,0.0020000000000000018,0.006311645507812491,0.0,11.0
3605,85,500,12,early_first_window,1,0.0020000000000000018,0.006311645507812491,0.0,11.0
3606,85,500,12,early_first_window,1,0.0020000000000000018,0.006311645507812491,0.0,11.0
3607,85,500,12,early_first_window,1,0.0020000000000000018,0.006311645507812491,0.0,11.0
3608,85,500,12,early_first_window,1,0.0020000000000000018,0.006311645507812491,0.0,11.0
3609,85,500,12,early_first_window,1,0.0020000000000000018,0.006311645507812491,0.0,11.0
3610,85,500,12,early_first_window,1,0.0020000000000000018,0.006311645507812491,0.0,11.0
3611,85,500,12,early_first_window,1,0.0020000000000000018,0.006311645507812491,0.0,11.0
3612,85,500,12,early_first_window,1,0.0020000000000000018,0.006311645507812491,0.0,11.0
3613,85,500,12,early_first_window,1,0.0020000000000000018,0.006311645507812491,0.0,11.0
3614,85,500,12,early_first_window,1,0.0020000000000000018,0.006311645507812491,0.0,11.0
3615,85,500,12,early_first_window,1,0.0020000000000000018,0.006311645507812491,0.0,11.0
3616,85,500,12,early_first_window,1,0.0020000000000000018,0.006311645507812491,0.0,11.0
3617,85,500,12,early_first_window,1,0.0020000000000000018,0.006311645507812491,0.0,11.0
3618,85,500,12,early_first_window,1,0.0020000000000000018,0.006311645507812491,0.0,11.0
3619,85,500,12,early_first_window,1,0.0020000000000000018,0.006311645507812491,0.0,11.0
3620,85,500,12,early_first_window,1,0.0020000000000000018,0.006311645507812491,0.0,11.0
3621,85,500,12,early_first_window,1,0.0020000000000000018,0.006311645507812491,0.0,11.0
3622,85,500,12,early_first_window,1,0.0020000000000000018,0.006311645507812491,0.0,11.0
3623,85,500,12,early_first_window,1,0.0020000000000000018,0.006311645507812491,0.0,11.0
3624,85,500,12,early_first_window,1,0.0020000000000000018,0.006311645507812491,0.0,11.0
3625,85,500,12,early_first_window,1,0.0020000000000000018,0.006311645507812491,0.0,11.0
3626,85,500,12,early_first_window,1,0.0020000000000000018,0.006311645507812491,0.0,11.0
3627,85,500,12,early_first_window,1,0.0020000000000000018,0.006311645507812491,0.0,11.0
3628,85,500,12,early_first_window,1,0.0020000000000000018,0.006311645507812491,0.0,11.0
3629,85,500,12,early_first_window,1,0.0020000000000000018,0.006311645507812491,0.0,11.0
3630,85,500,12,early_first_window,1,0.0020000000000000018,0.006311645507812491,0.0,11.0
3631,85,500,12,early_first_window,1,0.0020000000000000018,0.006311645507812491,0.0,11.0
3632,85,500,12,early_first_window,1,0.0020000000000000018,0.006311645507812491,0.0,11.0
3633,85,500,12,early_first_window,1,0.0020000000000000018,0.006311645507812491,0.0,11.0
3634,85,500,12,early_first_window,1,0.0020000000000000018,0.006311645507812491,0.0,11.0
3635,85,500,12,early_first_window,1,0.0020000000000000018,0.006311645507812491,0.0,11.0
3636,85,500,12,early_first_window,1,0.0020000000000000018,0.006311645507812491,0.0,11.0
3637,85,500,12,early_first_window,1,0.0020000000000000018,0.006311645507812491,0.0,11.0
3638,85,500,12,early_first_window,1,0.0020000000000000018,0.006311645507812491,0.0,11.0
3639,85,500,12,early_first_window,1,0.0020000000000000018,0.006311645507812491,0.0,11.0
3640,86,500,12,early_first_window,1,0.0020000000000000018,0.006311645507812491,0.0,11.0
3641,86,500,12,early_first_window,1,0.0020000000000000018,0.006311645507812491,0.0,11.0
3642,86,500,12,early_first_window,1,0.0020000000000000018,0.006311645507812491,0.0,11.0
3643,86,500,12,early_first_window,1,0.0020000000000000018,0.006311645507812491,0.0,11.0
3644,86,500,12,early_first_window,1,0.0020000000000000018,0.006311645507812491,0.0,11.0
3645,86,500,12,early_first_window,1,0.0020000000000000018,0.006311645507812491,0.0,11.0
3646,86,500,12,early_first_window,1,0.0020000000000000018,0.006311645507812491,0.0,11.0
3647,86,500,12,early_first_window,1,0.0020000000000000018,0.006311645507812491,0.0,11.0
3648,86,500,12,early_first_window,1,0.0020000000000000018,0.006311645507812491,0.0,11.0
3649,86,500,12,early_first_window,1,0.0020000000000000018,0.006311645507812491,0.0,11.0
3650,86,500,12,early_first_window,1,0.0020000000000000018,0.006311645507812491,0.0,11.0
3651,86,500,12,early_first_window,1,0.0020000000000000018,0.006311645507812491,0.0,11.0
3652,86,500,12,early_first_window,1,0.0020000000000000018,0.006311645507812491,0.0,11.0
3653,86,500,12,early_first_window,1,0.0020000000000000018,0.006311645507812491,0.0,11.0
3654,86,500,12,early_first_window,1,0.0020000000000000018,0.006311645507812491,0.0,11.0
3655,86,500,12,early_first_window,1,0.0020000000000000018,0.006311645507812491,0.0,11.0
3656,86,500,12,early_first_window,1,0.0020000000000000018,0.006311645507812491,0.0,11.0
3657,86,500,12,early_first_window,1,0.0020000000000000018,0.006311645507812491,0.0,11.0
3658,86,500,12,early_first_window,1,0.0020000000000000018,0.006311645507812491,0.0,11.0
3659,86,500,12,early_first_window,1,0.0020000000000000018,0.006311645507812491,0.0,11.0
3660,86,500,12,early_first_window,1,0.0020000000000000018,0.006311645507812491,0.0,11.0
3661,86,500,12,early_first_window,1,0.0020000000000000018,0.006311645507812491,0.0,11.0
3662,86,500,12,early_first_window,1,0.0020000000000000018,0.006311645507812491,0.0,11.0
3663,86,500,12,early_first_window,1,0.0020000000000000018,0.006311645507812491,0.0,11.0
3664,86,500,12,early_first_window,1,0.0020000000000000018,0.006311645507812491,0.0,11.0
3665,86,500,12,early_first_window,1,0.0020000000000000018,0.006311645507812491,0.0,11.0
3666,86,500,12,early_first_window,1,0.0020000000000000018,0.006311645507812491,0.0,11.0
3667,86,500,12,early_first_window,1,0.0020000000000000018,0.006311645507812491,0.0,11.0
3668,86,500,12,early_first_window,1,0.0020000000000000018,0.006311645507812491,0.0,11.0
3669,86,500,12,early_first_window,1,0.0020000000000000018,0.006311645507812491,0.0,11.0
3670,86,500,12,early_first_window,1,0.0020000000000000018,0.006311645507812491,0.0,11.0
3671,86,500,12,early_first_window,1,0.0020000000000000018,0.006311645507812491,0.0,11.0
3672,86,500,12,early_first_window,1,0.0020000000000000018,0.006311645507812491,0.0,11.0
3673,86,500,12,early_first_window,1,0.0020000000000000018,0.006311645507812491,0.0,11.0
3674,86,500,12,early_first_window,1,0.0020000000000000018,0.006311645507812491,0.0,11.0
3675,86,500,12,early_first_window,1,0.0020000000000000018,0.006311645507812491,0.0,11.0
3676,86,500,12,early_first_window,1,0.0020000000000000018,0.006311645507812491,0.0,11.0
3677,86,500,12,early_first_window,1,0.0020000000000000018,0.006311645507812491,0.0,11.0
3678,86,500,12,early_first_window,1,0.0020000000000000018,0.006311645507812491,0.0,11.0
3679,86,500,12,early_first_window,1,0.0020000000000000018,0.006311645507812491,0.0,11.0
3680,87,500,12,early_first_window,1,0.0020000000000000018,0.006311645507812491,0.0,11.0
3681,87,500,12,early_first_window,1,0.0020000000000000018,0.006311645507812491,0.0,11.0
3682,87,500,12,early_first_window,1,0.0020000000000000018,0.006311645507812491,0.0,11.0
3683,87,500,12,early_first_window,1,0.0020000000000000018,0.006311645507812491,0.0,11.0
3684,87,500,12,early_first_window,1,0.0020000000000000018,0.006311645507812491,0.0,11.0
3685,87,500,12,early_first_window,1,0.0020000000000000018,0.006311645507812491,0.0,11.0
3686,87,500,12,early_first_window,1,0.0020000000000000018,0.006311645507812491,0.0,11.0
3687,87,500,12,early_first_window,1,0.0020000000000000018,0.006311645507812491,0.0,11.0
3688,87,500,12,early_first_window,1,0.0020000000000000018,0.006311645507812491,0.0,11.0
3689,87,500,12,early_first_window,1,0.0020000000000000018,0.006311645507812491,0.0,11.0
3690,87,500,12,early_first_window,1,0.0020000000000000018,0.006311645507812491,0.0,11.0
3691,87,500,12,early_first_window,1,0.0020000000000000018,0.006311645507812491,0.0,11.0
3692,87,500,12,early_first_window,1,0.0020000000000000018,0.006311645507812491,0.0,11.0
3693,87,500,12,early_first_window,1,0.0020000000000000018,0.006311645507812491,0.0,11.0
3694,87,500,12,early_first_window,1,0.0020000000000000018,0.006311645507812491,0.0,11.0
3695,87,500,12,early_first_window,1,0.0020000000000000018,0.006311645507812491,0.0,11.0
3696,87,500,12,early_first_window,1,0.0020000000000000018,0.006311645507812491,0.0,11.0
3697,87,500,12,early_first_window,1,0.0020000000000000018,0.006311645507812491,0.0,11.0
3698,87,500,12,early_first_window,1,0.0020000000000000018,0.006311645507812491,0.0,11.0
3699,87,500,12,early_first_window,1,0.0020000000000000018,0.006311645507812491,0.0,11.0
3700,87,500,12,early_first_window,1,0.0020000000000000018,0.006311645507812491,0.0,11.0
3701,87,500,12,early_first_window,1,0.0020000000000000018,0.006311645507812491,0.0,11.0
3702,87,500,12,early_first_window,1,0.0020000000000000018,0.006311645507812491,0.0,11.0
3703,87,500,12,early_first_window,1,0.0020000000000000018,0.006311645507812491,0.0,11.0
3704,87,500,12,early_first_window,1,0.0020000000000000018,0.006311645507812491,0.0,11.0
3705,87,500,12,early_first_window,1,0.0020000000000000018,0.006311645507812491,0.0,11.0
3706,87,500,12,early_first_window,1,0.0020000000000000018,0.006311645507812491,0.0,11.0
3707,87,500,12,early_first_window,1,0.0020000000000000018,0.006311645507812491,0.0,11.0
3708,87,500,12,early_first_window,1,0.0020000000000000018,0.006311645507812491,0.0,11.0
3709,87,500,12,early_first_window,1,0.0020000000000000018,0.006311645507812491,0.0,11.0
3710,87,500,12,early_first_window,1,0.0020000000000000018,0.006311645507812491,0.0,11.0
3711,87,500,12,early_first_window,1,0.0020000000000000018,0.006311645507812491,0.0,11.0
3712,87,500,12,early_first_window,1,0.0020000000000000018,0.006311645507812491,0.0,11.0
3713,87,500,12,early_first_window,1,0.0020000000000000018,0.006311645507812491,0.0,11.0
3714,87,500,12,early_first_window,1,0.0020000000000000018,0.006311645507812491,0.0,11.0
3715,87,500,12,early_first_window,1,0.0020000000000000018,0.006311645507812491,0.0,11.0
3716,87,500,12,early_first_window,1,0.0020000000000000018,0.006311645507812491,0.0,11.0
3717,87,500,12,early_first_window,1,0.0020000000000000018,0.006311645507812491,0.0,11.0
3718,87,500,12,early_first_window,1,0.0020000000000000018,0.006311645507812491,0.0,11.0
3719,87,500,12,early_first_window,1,0.0020000000000000018,0.006311645507812491,0.0,11.0
3720,88,500,99,early_first_window,1,0.792,-0.018030761718750066,37.0,25.0
3721,88,500,99,early_first_window,1,0.792,-0.018030761718750066,37.0,25.0
3722,88,500,99,early_first_window,1,0.792,-0.018030761718750066,37.0,25.0
3723,88,500,99,early_first_window,1,0.792,-0.018030761718750066,37.0,25.0
3724,88,500,99,early_first_window,1,0.792,-0.018030761718750066,37.0,25.0
3725,88,500,99,early_first_window,1,0.792,-0.018030761718750066,37.0,25.0
3726,88,500,99,early_first_window,1,0.792,-0.018030761718750066,37.0,25.0
3727,88,500,99,early_first_window,1,0.792,-0.018030761718750066,37.0,25.0
3728,88,500,99,early_first_window,1,0.792,-0.018030761718750066,37.0,25.0
3729,88,500,99,early_first_window,1,0.792,-0.018030761718750066,37.0,25.0
3730,88,500,99,early_first_window,1,0.792,-0.018030761718750066,37.0,25.0
3731,88,500,99,early_first_window,1,0.792,-0.018030761718750066,37.0,25.0
3732,88,500,99,early_first_window,1,0.792,-0.018030761718750066,37.0,25.0
3733,88,500,99,early_first_window,1,0.792,-0.018030761718750066,37.0,25.0
3734,88,500,99,early_first_window,1,0.792,-0.018030761718750066,37.0,25.0
3735,88,500,99,early_first_window,1,0.792,-0.018030761718750066,37.0,25.0
3736,88,500,99,early_first_window,1,0.792,-0.018030761718750066,37.0,25.0
3737,88,500,99,early_first_window,1,0.792,-0.018030761718750066,37.0,25.0
3738,88,500,99,early_first_window,1,0.792,-0.018030761718750066,37.0,25.0
3739,88,500,99,early_first_window,1,0.792,-0.018030761718750066,37.0,25.0
3740,88,500,99,early_first_window,1,0.792,-0.018030761718750066,37.0,25.0
3741,88,500,99,early_first_window,1,0.792,-0.018030761718750066,37.0,25.0
3742,88,500,99,early_first_window,1,0.792,-0.018030761718750066,37.0,25.0
3743,88,500,99,early_first_window,1,0.792,-0.018030761718750066,37.0,25.0
3744,88,500,99,early_first_window,1,0.792,-0.018030761718750066,37.0,25.0
3745,88,500,99,early_first_window,1,0.792,-0.018030761718750066,37.0,25.0
3746,88,500,99,early_first_window,1,0.792,-0.018030761718750066,37.0,25.0
3747,88,500,99,early_first_window,1,0.792,-0.018030761718750066,37.0,25.0
3748,88,500,99,early_first_window,1,0.792,-0.018030761718750066,37.0,25.0
3749,88,500,99,early_first_window,1,0.792,-0.018030761718750066,37.0,25.0
3750,88,500,99,early_first_window,1,0.792,-0.018030761718750066,37.0,25.0
3751,88,500,99,early_first_window,1,0.792,-0.018030761718750066,37.0,25.0
3752,88,500,99,early_first_window,1,0.792,-0.018030761718750066,37.0,25.0
3753,88,500,99,early_first_window,1,0.792,-0.018030761718750066,37.0,25.0
3754,88,500,99,early_first_window,1,0.792,-0.018030761718750066,37.0,25.0
3755,88,500,99,early_first_window,1,0.792,-0.018030761718750066,37.0,25.0
3756,88,500,99,early_first_window,1,0.792,-0.018030761718750066,37.0,25.0
3757,88,500,99,early_first_window,1,0.792,-0.018030761718750066,37.0,25.0
3758,88,500,99,early_first_window,1,0.792,-0.018030761718750066,37.0,25.0
3759,88,500,99,early_first_window,1,0.792,-0.018030761718750066,37.0,25.0
3760,89,500,12,early_first_window,1,0.0020000000000000018,0.006311645507812491,0.0,11.0
3761,89,500,12,early_first_window,1,0.0020000000000000018,0.006311645507812491,0.0,11.0
3762,89,500,12,early_first_window,1,0.0020000000000000018,0.006311645507812491,0.0,11.0
3763,89,500,12,early_first_window,1,0.0020000000000000018,0.006311645507812491,0.0,11.0
3764,89,500,12,early_first_window,1,0.0020000000000000018,0.006311645507812491,0.0,11.0
3765,89,500,12,early_first_window,1,0.0020000000000000018,0.006311645507812491,0.0,11.0
3766,89,500,12,early_first_window,1,0.0020000000000000018,0.006311645507812491,0.0,11.0
3767,89,500,12,early_first_window,1,0.0020000000000000018,0.006311645507812491,0.0,11.0
3768,89,500,12,early_first_window,1,0.0020000000000000018,0.006311645507812491,0.0,11.0
3769,89,500,12,early_first_window,1,0.0020000000000000018,0.006311645507812491,0.0,11.0
3770,89,500,12,early_first_window,1,0.0020000000000000018,0.006311645507812491,0.0,11.0
3771,89,500,12,early_first_window,1,0.0020000000000000018,0.006311645507812491,0.0,11.0
3772,89,500,12,early_first_window,1,0.0020000000000000018,0.006311645507812491,0.0,11.0
3773,89,500,12,early_first_window,1,0.0020000000000000018,0.006311645507812491,0.0,11.0
3774,89,500,12,early_first_window,1,0.0020000000000000018,0.006311645507812491,0.0,11.0
3775,89,500,12,early_first_window,1,0.0020000000000000018,0.006311645507812491,0.0,11.0
3776,89,500,12,early_first_window,1,0.0020000000000000018,0.006311645507812491,0.0,11.0
3777,89,500,12,early_first_window,1,0.0020000000000000018,0.006311645507812491,0.0,11.0
3778,89,500,12,early_first_window,1,0.0020000000000000018,0.006311645507812491,0.0,11.0
3779,89,500,12,early_first_window,1,0.0020000000000000018,0.006311645507812491,0.0,11.0
3780,89,500,12,early_first_window,1,0.0020000000000000018,0.006311645507812491,0.0,11.0
3781,89,500,12,early_first_window,1,0.0020000000000000018,0.006311645507812491,0.0,11.0
3782,89,500,12,early_first_window,1,0.0020000000000000018,0.006311645507812491,0.0,11.0
3783,89,500,12,early_first_window,1,0.0020000000000000018,0.006311645507812491,0.0,11.0
3784,89,500,12,early_first_window,1,0.0020000000000000018,0.006311645507812491,0.0,11.0
3785,89,500,12,early_first_window,1,0.0020000000000000018,0.006311645507812491,0.0,11.0
3786,89,500,12,early_first_window,1,0.0020000000000000018,0.006311645507812491,0.0,11.0
3787,89,500,12,early_first_window,1,0.0020000000000000018,0.006311645507812491,0.0,11.0
3788,89,500,12,early_first_window,1,0.0020000000000000018,0.006311645507812491,0.0,11.0
3789,89,500,12,early_first_window,1,0.0020000000000000018,0.006311645507812491,0.0,11.0
3790,89,500,12,early_first_window,1,0.0020000000000000018,0.006311645507812491,0.0,11.0
3791,89,500,12,early_first_window,1,0.0020000000000000018,0.006311645507812491,0.0,11.0
3792,89,500,12,early_first_window,1,0.0020000000000000018,0.006311645507812491,0.0,11.0
3793,89,500,12,early_first_window,1,0.0020000000000000018,0.006311645507812491,0.0,11.0
3794,89,500,12,early_first_window,1,0.0020000000000000018,0.006311645507812491,0.0,11.0
3795,89,500,12,early_first_window,1,0.0020000000000000018,0.006311645507812491,0.0,11.0
3796,89,500,12,early_first_window,1,0.0020000000000000018,0.006311645507812491,0.0,11.0
3797,89,500,12,early_first_window,1,0.0020000000000000018,0.006311645507812491,0.0,11.0
3798,89,500,12,early_first_window,1,0.0020000000000000018,0.006311645507812491,0.0,11.0
3799,89,500,12,early_first_window,1,0.0020000000000000018,0.006311645507812491,0.0,11.0
3800,90,500,100,early_first_window,1,0.604,-0.2381455078125001,56.0,18.0
3801,90,500,100,early_first_window,1,0.604,-0.2381455078125001,56.0,18.0
3802,90,500,100,early_first_window,1,0.604,-0.2381455078125001,56.0,18.0
3803,90,500,100,early_first_window,1,0.604,-0.2381455078125001,56.0,18.0
3804,90,500,100,early_first_window,1,0.604,-0.2381455078125001,56.0,18.0
3805,90,500,100,early_first_window,1,0.604,-0.2381455078125001,56.0,18.0
3806,90,500,100,early_first_window,1,0.604,-0.2381455078125001,56.0,18.0
3807,90,500,100,early_first_window,1,0.604,-0.2381455078125001,56.0,18.0
3808,90,500,100,early_first_window,1,0.604,-0.2381455078125001,56.0,18.0
3809,90,500,100,early_first_window,1,0.604,-0.2381455078125001,56.0,18.0
3810,90,500,100,early_first_window,1,0.604,-0.2381455078125001,56.0,18.0
3811,90,500,100,early_first_window,1,0.604,-0.2381455078125001,56.0,18.0
3812,90,500,100,early_first_window,1,0.604,-0.2381455078125001,56.0,18.0
3813,90,500,100,early_first_window,1,0.604,-0.2381455078125001,56.0,18.0
3814,90,500,100,early_first_window,1,0.604,-0.2381455078125001,56.0,18.0
3815,90,500,100,early_first_window,1,0.604,-0.2381455078125001,56.0,18.0
3816,90,500,100,early_first_window,1,0.604,-0.2381455078125001,56.0,18.0
3817,90,500,100,early_first_window,1,0.604,-0.2381455078125001,56.0,18.0
3818,90,500,100,early_first_window,1,0.604,-0.2381455078125001,56.0,18.0
3819,90,500,100,early_first_window,1,0.604,-0.2381455078125001,56.0,18.0
3820,90,500,100,early_first_window,1,0.604,-0.2381455078125001,56.0,18.0
3821,90,500,100,early_first_window,1,0.604,-0.2381455078125001,56.0,18.0
3822,90,500,100,early_first_window,1,0.604,-0.2381455078125001,56.0,18.0
3823,90,500,100,early_first_window,1,0.604,-0.2381455078125001,56.0,18.0
3824,90,500,100,early_first_window,1,0.604,-0.2381455078125001,56.0,18.0
3825,90,500,100,early_first_window,1,0.604,-0.2381455078125001,56.0,18.0
3826,90,500,100,early_first_window,1,0.604,-0.2381455078125001,56.0,18.0
3827,90,500,100,early_first_window,1,0.604,-0.2381455078125001,56.0,18.0
3828,90,500,100,early_first_window,1,0.604,-0.2381455078125001,56.0,18.0
3829,90,500,100,early_first_window,1,0.604,-0.2381455078125001,56.0,18.0
3830,90,500,100,early_first_window,1,0.604,-0.2381455078125001,56.0,18.0
3831,90,500,100,early_first_window,1,0.604,-0.2381455078125001,56.0,18.0
3832,90,500,100,early_first_window,1,0.604,-0.2381455078125001,56.0,18.0
3833,90,500,100,early_first_window,1,0.604,-0.2381455078125001,56.0,18.0
3834,90,500,100,early_first_window,1,0.604,-0.2381455078125001,56.0,18.0
3835,90,500,100,early_first_window,1,0.604,-0.2381455078125001,56.0,18.0
3836,90,500,100,early_first_window,1,0.604,-0.2381455078125001,56.0,18.0
3837,90,500,100,early_first_window,1,0.604,-0.2381455078125001,56.0,18.0
3838,90,500,100,early_first_window,1,0.604,-0.2381455078125001,56.0,18.0
3839,90,500,100,early_first_window,1,0.604,-0.2381455078125001,56.0,18.0
3840,91,500,12,early_first_window,1,0.0020000000000000018,0.006311645507812491,0.0,11.0
3841,91,500,12,early_first_window,1,0.0020000000000000018,0.006311645507812491,0.0,11.0
3842,91,500,12,early_first_window,1,0.0020000000000000018,0.006311645507812491,0.0,11.0
3843,91,500,12,early_first_window,1,0.0020000000000000018,0.006311645507812491,0.0,11.0
3844,91,500,12,early_first_window,1,0.0020000000000000018,0.006311645507812491,0.0,11.0
3845,91,500,12,early_first_window,1,0.0020000000000000018,0.006311645507812491,0.0,11.0
3846,91,500,12,early_first_window,1,0.0020000000000000018,0.006311645507812491,0.0,11.0
3847,91,500,12,early_first_window,1,0.0020000000000000018,0.006311645507812491,0.0,11.0
3848,91,500,12,early_first_window,1,0.0020000000000000018,0.006311645507812491,0.0,11.0
3849,91,500,12,early_first_window,1,0.0020000000000000018,0.006311645507812491,0.0,11.0
3850,91,500,12,early_first_window,1,0.0020000000000000018,0.006311645507812491,0.0,11.0
3851,91,500,12,early_first_window,1,0.0020000000000000018,0.006311645507812491,0.0,11.0
3852,91,500,12,early_first_window,1,0.0020000000000000018,0.006311645507812491,0.0,11.0
3853,91,500,12,early_first_window,1,0.0020000000000000018,0.006311645507812491,0.0,11.0
3854,91,500,12,early_first_window,1,0.0020000000000000018,0.006311645507812491,0.0,11.0
3855,91,500,12,early_first_window,1,0.0020000000000000018,0.006311645507812491,0.0,11.0
3856,91,500,12,early_first_window,1,0.0020000000000000018,0.006311645507812491,0.0,11.0
3857,91,500,12,early_first_window,1,0.0020000000000000018,0.006311645507812491,0.0,11.0
3858,91,500,12,early_first_window,1,0.0020000000000000018,0.006311645507812491,0.0,11.0
3859,91,500,12,early_first_window,1,0.0020000000000000018,0.006311645507812491,0.0,11.0
3860,91,500,12,early_first_window,1,0.0020000000000000018,0.006311645507812491,0.0,11.0
3861,91,500,12,early_first_window,1,0.0020000000000000018,0.006311645507812491,0.0,11.0
3862,91,500,12,early_first_window,1,0.0020000000000000018,0.006311645507812491,0.0,11.0
3863,91,500,12,early_first_window,1,0.0020000000000000018,0.006311645507812491,0.0,11.0
3864,91,500,12,early_first_window,1,0.0020000000000000018,0.006311645507812491,0.0,11.0
3865,91,500,12,early_first_window,1,0.0020000000000000018,0.006311645507812491,0.0,11.0
3866,91,500,12,early_first_window,1,0.0020000000000000018,0.006311645507812491,0.0,11.0
3867,91,500,12,early_first_window,1,0.0020000000000000018,0.006311645507812491,0.0,11.0
3868,91,500,12,early_first_window,1,0.0020000000000000018,0.006311645507812491,0.0,11.0
3869,91,500,12,early_first_window,1,0.0020000000000000018,0.006311645507812491,0.0,11.0
3870,91,500,12,early_first_window,1,0.0020000000000000018,0.006311645507812491,0.0,11.0
3871,91,500,12,early_first_window,1,0.0020000000000000018,0.006311645507812491,0.0,11.0
3872,91,500,12,early_first_window,1,0.0020000000000000018,0.006311645507812491,0.0,11.0
3873,91,500,12,early_first_window,1,0.0020000000000000018,0.006311645507812491,0.0,11.0
3874,91,500,12,early_first_window,1,0.0020000000000000018,0.006311645507812491,0.0,11.0
3875,91,500,12,early_first_window,1,0.0020000000000000018,0.006311645507812491,0.0,11.0
3876,91,500,12,early_first_window,1,0.0020000000000000018,0.006311645507812491,0.0,11.0
3877,91,500,12,early_first_window,1,0.0020000000000000018,0.006311645507812491,0.0,11.0
3878,91,500,12,early_first_window,1,0.0020000000000000018,0.006311645507812491,0.0,11.0
3879,91,500,12,early_first_window,1,0.0020000000000000018,0.006311645507812491,0.0,11.0
3880,92,500,16,early_first_window,1,0.0020000000000000018,0.005555053710937452,0.0,15.0
3881,92,500,139,early_first_window,1,0.748,-0.72483154296875,98.0,18.0
3882,92,500,139,early_first_window,1,0.748,-0.72483154296875,98.0,18.0
3883,92,500,139,early_first_window,1,0.748,-0.72483154296875,98.0,18.0
3884,92,500,139,early_first_window,1,0.748,-0.72483154296875,98.0,18.0
3885,92,500,139,early_first_window,1,0.748,-0.72483154296875,98.0,18.0
3886,92,500,139,early_first_window,1,0.748,-0.72483154296875,98.0,18.0
3887,92,500,139,early_first_window,1,0.748,-0.72483154296875,98.0,18.0
3888,92,500,139,early_first_window,1,0.748,-0.72483154296875,98.0,18.0
3889,92,500,139,early_first_window,1,0.748,-0.72483154296875,98.0,18.0
3890,92,500,139,early_first_window,1,0.748,-0.72483154296875,98.0,18.0
3891,92,500,139,early_first_window,1,0.748,-0.72483154296875,98.0,18.0
3892,92,500,139,early_first_window,1,0.748,-0.72483154296875,98.0,18.0
3893,92,500,139,early_first_window,1,0.748,-0.72483154296875,98.0,18.0
3894,92,500,139,early_first_window,1,0.748,-0.72483154296875,98.0,18.0
3895,92,500,139,early_first_window,1,0.748,-0.72483154296875,98.0,18.0
3896,92,500,139,early_first_window,1,0.748,-0.72483154296875,98.0,18.0
3897,92,500,139,early_first_window,1,0.748,-0.72483154296875,98.0,18.0
3898,92,500,139,early_first_window,1,0.748,-0.72483154296875,98.0,18.0
3899,92,500,139,early_first_window,1,0.748,-0.72483154296875,98.0,18.0
3900,92,500,139,early_first_window,1,0.748,-0.72483154296875,98.0,18.0
3901,92,500,139,early_first_window,1,0.748,-0.72483154296875,98.0,18.0
3902,92,500,139,early_first_window,1,0.748,-0.72483154296875,98.0,18.0
3903,92,500,139,early_first_window,1,0.748,-0.72483154296875,98.0,18.0
3904,92,500,139,early_first_window,1,0.748,-0.72483154296875,98.0,18.0
3905,92,500,139,early_first_window,1,0.748,-0.72483154296875,98.0,18.0
3906,92,500,139,early_first_window,1,0.748,-0.72483154296875,98.0,18.0
3907,92,500,139,early_first_window,1,0.748,-0.72483154296875,98.0,18.0
3908,92,500,139,early_first_window,1,0.748,-0.72483154296875,98.0,18.0
3909,92,500,139,early_first_window,1,0.748,-0.72483154296875,98.0,18.0
3910,92,500,139,early_first_window,1,0.748,-0.72483154296875,98.0,18.0
3911,92,500,139,early_first_window,1,0.748,-0.72483154296875,98.0,18.0
3912,92,500,139,early_first_window,1,0.748,-0.72483154296875,98.0,18.0
3913,92,500,139,early_first_window,1,0.748,-0.72483154296875,98.0,18.0
3914,92,500,139,early_first_window,1,0.748,-0.72483154296875,98.0,18.0
3915,92,500,139,early_first_window,1,0.748,-0.72483154296875,98.0,18.0
3916,92,500,139,early_first_window,1,0.748,-0.72483154296875,98.0,18.0
3917,92,500,139,early_first_window,1,0.748,-0.72483154296875,98.0,18.0
3918,92,500,139,early_first_window,1,0.748,-0.72483154296875,98.0,18.0
3919,92,500,139,early_first_window,1,0.748,-0.72483154296875,98.0,18.0
3920,93,500,92,early_first_window,1,0.772,0.005281982421875053,39.0,25.0
3921,93,500,92,early_first_window,1,0.772,0.005281982421875053,39.0,25.0
3922,93,500,92,early_first_window,1,0.772,0.005281982421875053,39.0,25.0
3923,93,500,92,early_first_window,1,0.772,0.005281982421875053,39.0,25.0
3924,93,500,92,early_first_window,1,0.772,0.005281982421875053,39.0,25.0
3925,93,500,92,early_first_window,1,0.772,0.005281982421875053,39.0,25.0
3926,93,500,92,early_first_window,1,0.772,0.005281982421875053,39.0,25.0
3927,93,500,92,early_first_window,1,0.772,0.005281982421875053,39.0,25.0
3928,93,500,92,early_first_window,1,0.772,0.005281982421875053,39.0,25.0
3929,93,500,92,early_first_window,1,0.772,0.005281982421875053,39.0,25.0
3930,93,500,92,early_first_window,1,0.772,0.005281982421875053,39.0,25.0
3931,93,500,92,early_first_window,1,0.772,0.005281982421875053,39.0,25.0
3932,93,500,92,early_first_window,1,0.772,0.005281982421875053,39.0,25.0
3933,93,500,92,early_first_window,1,0.772,0.005281982421875053,39.0,25.0
3934,93,500,92,early_first_window,1,0.772,0.005281982421875053,39.0,25.0
3935,93,500,92,early_first_window,1,0.772,0.005281982421875053,39.0,25.0
3936,93,500,92,early_first_window,1,0.772,0.005281982421875053,39.0,25.0
3937,93,500,92,early_first_window,1,0.772,0.005281982421875053,39.0,25.0
3938,93,500,92,early_first_window,1,0.772,0.005281982421875053,39.0,25.0
3939,93,500,92,early_first_window,1,0.772,0.005281982421875053,39.0,25.0
3940,93,500,92,early_first_window,1,0.772,0.005281982421875053,39.0,25.0
3941,93,500,92,early_first_window,1,0.772,0.005281982421875053,39.0,25.0
3942,93,500,92,early_first_window,1,0.772,0.005281982421875053,39.0,25.0
3943,93,500,92,early_first_window,1,0.772,0.005281982421875053,39.0,25.0
3944,93,500,92,early_first_window,1,0.772,0.005281982421875053,39.0,25.0
3945,93,500,92,early_first_window,1,0.772,0.005281982421875053,39.0,25.0
3946,93,500,92,early_first_window,1,0.772,0.005281982421875053,39.0,25.0
3947,93,500,92,early_first_window,1,0.772,0.005281982421875053,39.0,25.0
3948,93,500,92,early_first_window,1,0.772,0.005281982421875053,39.0,25.0
3949,93,500,92,early_first_window,1,0.772,0.005281982421875053,39.0,25.0
3950,93,500,92,early_first_window,1,0.772,0.005281982421875053,39.0,25.0
3951,93,500,92,early_first_window,1,0.772,0.005281982421875053,39.0,25.0
3952,93,500,92,early_first_window,1,0.772,0.005281982421875053,39.0,25.0
3953,93,500,92,early_first_window,1,0.772,0.005281982421875053,39.0,25.0
3954,93,500,92,early_first_window,1,0.772,0.005281982421875053,39.0,25.0
3955,93,500,92,early_first_window,1,0.772,0.005281982421875053,39.0,25.0
3956,93,500,92,early_first_window,1,0.772,0.005281982421875053,39.0,25.0
3957,93,500,92,early_first_window,1,0.772,0.005281982421875053,39.0,25.0
3958,93,500,92,early_first_window,1,0.772,0.005281982421875053,39.0,25.0
3959,93,500,92,early_first_window,1,0.772,0.005281982421875053,39.0,25.0
3960,94,500,17,early_first_window,1,0.0040000000000000036,0.02463928222656253,4.0,16.0
3961,94,500,17,early_first_window,1,0.0040000000000000036,0.02463928222656253,4.0,16.0
3962,94,500,17,early_first_window,1,0.0040000000000000036,0.02463928222656253,4.0,16.0
3963,94,500,17,early_first_window,1,0.0040000000000000036,0.02463928222656253,4.0,16.0
3964,94,500,17,early_first_window,1,0.0040000000000000036,0.02463928222656253,4.0,16.0
3965,94,500,17,early_first_window,1,0.0040000000000000036,0.02463928222656253,4.0,16.0
3966,94,500,17,early_first_window,1,0.0040000000000000036,0.02463928222656253,4.0,16.0
3967,94,500,17,early_first_window,1,0.0040000000000000036,0.02463928222656253,4.0,16.0
3968,94,500,17,early_first_window,1,0.0040000000000000036,0.02463928222656253,4.0,16.0
3969,94,500,17,early_first_window,1,0.0040000000000000036,0.02463928222656253,4.0,16.0
3970,94,500,17,early_first_window,1,0.0040000000000000036,0.02463928222656253,4.0,16.0
3971,94,500,17,early_first_window,1,0.0040000000000000036,0.02463928222656253,4.0,16.0
3972,94,500,17,early_first_window,1,0.0040000000000000036,0.02463928222656253,4.0,16.0
3973,94,500,17,early_first_window,1,0.0040000000000000036,0.02463928222656253,4.0,16.0
3974,94,500,17,early_first_window,1,0.0040000000000000036,0.02463928222656253,4.0,16.0
3975,94,500,17,early_first_window,1,0.0040000000000000036,0.02463928222656253,4.0,16.0
3976,94,500,17,early_first_window,1,0.0040000000000000036,0.02463928222656253,4.0,16.0
3977,94,500,17,early_first_window,1,0.0040000000000000036,0.02463928222656253,4.0,16.0
3978,94,500,17,early_first_window,1,0.0040000000000000036,0.02463928222656253,4.0,16.0
3979,94,500,17,early_first_window,1,0.0040000000000000036,0.02463928222656253,4.0,16.0
3980,94,500,17,early_first_window,1,0.0040000000000000036,0.02463928222656253,4.0,16.0
3981,94,500,17,early_first_window,1,0.0040000000000000036,0.02463928222656253,4.0,16.0
3982,94,500,17,early_first_window,1,0.0040000000000000036,0.02463928222656253,4.0,16.0
3983,94,500,17,early_first_window,1,0.0040000000000000036,0.02463928222656253,4.0,16.0
3984,94,500,17,early_first_window,1,0.0040000000000000036,0.02463928222656253,4.0,16.0
3985,94,500,17,early_first_window,1,0.0040000000000000036,0.02463928222656253,4.0,16.0
3986,94,500,17,early_first_window,1,0.0040000000000000036,0.02463928222656253,4.0,16.0
3987,94,500,17,early_first_window,1,0.0040000000000000036,0.02463928222656253,4.0,16.0
3988,94,500,17,early_first_window,1,0.0040000000000000036,0.02463928222656253,4.0,16.0
3989,94,500,17,early_first_window,1,0.0040000000000000036,0.02463928222656253,4.0,16.0
3990,94,500,17,early_first_window,1,0.0040000000000000036,0.02463928222656253,4.0,16.0
3991,94,500,17,early_first_window,1,0.0040000000000000036,0.02463928222656253,4.0,16.0
3992,94,500,17,early_first_window,1,0.0040000000000000036,0.02463928222656253,4.0,16.0
3993,94,500,17,early_first_window,1,0.0040000000000000036,0.02463928222656253,4.0,16.0
3994,94,500,17,early_first_window,1,0.0040000000000000036,0.02463928222656253,4.0,16.0
3995,94,500,17,early_first_window,1,0.0040000000000000036,0.02463928222656253,4.0,16.0
3996,94,500,17,early_first_window,1,0.0040000000000000036,0.02463928222656253,4.0,16.0
3997,94,500,17,early_first_window,1,0.0040000000000000036,0.02463928222656253,4.0,16.0
3998,94,500,17,early_first_window,1,0.0040000000000000036,0.02463928222656253,4.0,16.0
3999,94,500,17,early_first_window,1,0.0040000000000000036,0.02463928222656253,4.0,16.0
4000,95,500,90,early_first_window,1,0.71,-0.023643310546874963,39.0,26.0
4001,95,500,90,early_first_window,1,0.71,-0.023643310546874963,39.0,26.0
4002,95,500,90,early_first_window,1,0.71,-0.023643310546874963,39.0,26.0
4003,95,500,90,early_first_window,1,0.71,-0.023643310546874963,39.0,26.0
4004,95,500,90,early_first_window,1,0.718,-0.023643310546874963,39.0,26.0
4005,95,500,90,early_first_window,1,0.718,-0.023643310546874963,39.0,26.0
4006,95,500,90,early_first_window,1,0.718,-0.023643310546874963,39.0,26.0
4007,95,500,90,early_first_window,1,0.718,-0.023643310546874963,39.0,26.0
4008,95,500,90,early_first_window,1,0.718,-0.023643310546874963,39.0,26.0
4009,95,500,90,early_first_window,1,0.718,-0.023643310546874963,39.0,26.0
4010,95,500,90,early_first_window,1,0.718,-0.023643310546874963,39.0,26.0
4011,95,500,90,early_first_window,1,0.718,-0.023643310546874963,39.0,26.0
4012,95,500,90,early_first_window,1,0.718,-0.023643310546874963,39.0,26.0
4013,95,500,90,early_first_window,1,0.718,-0.023643310546874963,39.0,26.0
4014,95,500,90,early_first_window,1,0.718,-0.023643310546874963,39.0,26.0
4015,95,500,90,early_first_window,1,0.718,-0.023643310546874963,39.0,26.0
4016,95,500,90,early_first_window,1,0.718,-0.023643310546874963,39.0,26.0
4017,95,500,90,early_first_window,1,0.718,-0.023643310546874963,39.0,26.0
4018,95,500,90,early_first_window,1,0.718,-0.023643310546874963,39.0,26.0
4019,95,500,90,early_first_window,1,0.718,-0.023643310546874963,39.0,26.0
4020,95,500,90,early_first_window,1,0.718,-0.023643310546874963,39.0,26.0
4021,95,500,90,early_first_window,1,0.718,-0.023643310546874963,39.0,26.0
4022,95,500,90,early_first_window,1,0.718,-0.023643310546874963,39.0,26.0
4023,95,500,90,early_first_window,1,0.718,-0.023643310546874963,39.0,26.0
4024,95,500,90,early_first_window,1,0.718,-0.023643310546874963,39.0,26.0
4025,95,500,90,early_first_window,1,0.718,-0.023643310546874963,39.0,26.0
4026,95,500,90,early_first_window,1,0.718,-0.023643310546874963,39.0,26.0
4027,95,500,90,early_first_window,1,0.718,-0.023643310546874963,39.0,26.0
4028,95,500,90,early_first_window,1,0.718,-0.023643310546874963,39.0,26.0
4029,95,500,90,early_first_window,1,0.718,-0.023643310546874963,39.0,26.0
4030,95,500,90,early_first_window,1,0.718,-0.023643310546874963,39.0,26.0
4031,95,500,90,early_first_window,1,0.718,-0.023643310546874963,39.0,26.0
4032,95,500,90,early_first_window,1,0.718,-0.023643310546874963,39.0,26.0
4033,95,500,90,early_first_window,1,0.718,-0.023643310546874963,39.0,26.0
4034,95,500,90,early_first_window,1,0.718,-0.023643310546874963,39.0,26.0
4035,95,500,90,early_first_window,1,0.718,-0.023643310546874963,39.0,26.0
4036,95,500,90,early_first_window,1,0.718,-0.023643310546874963,39.0,26.0
4037,95,500,90,early_first_window,1,0.718,-0.023643310546874963,39.0,26.0
4038,95,500,90,early_first_window,1,0.718,-0.023643310546874963,39.0,26.0
4039,95,500,90,early_first_window,1,0.718,-0.023643310546874963,39.0,26.0
4040,96,500,110,early_first_window,1,0.738,-0.3237714843749999,61.0,18.0
4041,96,500,110,early_first_window,1,0.738,-0.3237714843749999,61.0,18.0
4042,96,500,110,early_first_window,1,0.738,-0.3237714843749999,61.0,18.0
4043,96,500,110,early_first_window,1,0.738,-0.3237714843749999,61.0,18.0
4044,96,500,110,early_first_window,1,0.738,-0.3237714843749999,61.0,18.0
4045,96,500,110,early_first_window,1,0.738,-0.3237714843749999,61.0,18.0
4046,96,500,110,early_first_window,1,0.738,-0.3237714843749999,61.0,18.0
4047,96,500,110,early_first_window,1,0.738,-0.3237714843749999,61.0,18.0
4048,96,500,110,early_first_window,1,0.738,-0.3237714843749999,61.0,18.0
4049,96,500,110,early_first_window,1,0.738,-0.3237714843749999,61.0,18.0
4050,96,500,110,early_first_window,1,0.738,-0.3237714843749999,61.0,18.0
4051,96,500,110,early_first_window,1,0.738,-0.3237714843749999,61.0,18.0
4052,96,500,110,early_first_window,1,0.738,-0.3237714843749999,61.0,18.0
4053,96,500,110,early_first_window,1,0.738,-0.3237714843749999,61.0,18.0
4054,96,500,110,early_first_window,1,0.738,-0.3237714843749999,61.0,18.0
4055,96,500,110,early_first_window,1,0.738,-0.3237714843749999,61.0,18.0
4056,96,500,110,early_first_window,1,0.738,-0.3237714843749999,61.0,18.0
4057,96,500,110,early_first_window,1,0.738,-0.3237714843749999,61.0,18.0
4058,96,500,110,early_first_window,1,0.738,-0.3237714843749999,61.0,18.0
4059,96,500,110,early_first_window,1,0.738,-0.3237714843749999,61.0,18.0
4060,96,500,110,early_first_window,1,0.738,-0.3237714843749999,61.0,18.0
4061,96,500,110,early_first_window,1,0.738,-0.3237714843749999,61.0,18.0
4062,96,500,110,early_first_window,1,0.738,-0.3237714843749999,61.0,18.0
4063,96,500,110,early_first_window,1,0.738,-0.3237714843749999,61.0,18.0
4064,96,500,110,early_first_window,1,0.738,-0.3237714843749999,61.0,18.0
4065,96,500,110,early_first_window,1,0.738,-0.3237714843749999,61.0,18.0
4066,96,500,110,early_first_window,1,0.738,-0.3237714843749999,61.0,18.0
4067,96,500,110,early_first_window,1,0.738,-0.3237714843749999,61.0,18.0
4068,96,500,110,early_first_window,1,0.738,-0.3237714843749999,61.0,18.0
4069,96,500,110,early_first_window,1,0.738,-0.3237714843749999,61.0,18.0
4070,96,500,110,early_first_window,1,0.738,-0.3237714843749999,61.0,18.0
4071,96,500,110,early_first_window,1,0.738,-0.3237714843749999,61.0,18.0
4072,96,500,110,early_first_window,1,0.738,-0.3237714843749999,61.0,18.0
4073,96,500,110,early_first_window,1,0.738,-0.3237714843749999,61.0,18.0
4074,96,500,110,early_first_window,1,0.738,-0.3237714843749999,61.0,18.0
4075,96,500,110,early_first_window,1,0.738,-0.3237714843749999,61.0,18.0
4076,96,500,110,early_first_window,1,0.738,-0.3237714843749999,61.0,18.0
4077,96,500,110,early_first_window,1,0.738,-0.3237714843749999,61.0,18.0
4078,96,500,110,early_first_window,1,0.738,-0.3237714843749999,61.0,18.0
4079,96,500,110,early_first_window,1,0.738,-0.3237714843749999,61.0,18.0
4080,97,500,86,early_first_window,1,0.6759999999999999,-0.0008359374999999947,46.0,25.0
4081,97,500,86,early_first_window,1,0.6759999999999999,-0.0008359374999999947,46.0,25.0
4082,97,500,86,early_first_window,1,0.6759999999999999,-0.0008359374999999947,46.0,25.0
4083,97,500,86,early_first_window,1,0.6759999999999999,-0.0008359374999999947,46.0,25.0
4084,97,500,86,early_first_window,1,0.6759999999999999,-0.0008359374999999947,46.0,25.0
4085,97,500,86,early_first_window,1,0.6759999999999999,-0.0008359374999999947,46.0,25.0
4086,97,500,86,early_first_window,1,0.6759999999999999,-0.0008359374999999947,46.0,25.0
4087,97,500,86,early_first_window,1,0.6759999999999999,-0.0008359374999999947,46.0,25.0
4088,97,500,86,early_first_window,1,0.6759999999999999,-0.0008359374999999947,46.0,25.0
4089,97,500,86,early_first_window,1,0.6759999999999999,-0.0008359374999999947,46.0,25.0
4090,97,500,86,early_first_window,1,0.6759999999999999,-0.0008359374999999947,46.0,25.0
4091,97,500,86,early_first_window,1,0.6759999999999999,-0.0008359374999999947,46.0,25.0
4092,97,500,86,early_first_window,1,0.6759999999999999,-0.0008359374999999947,46.0,25.0
4093,97,500,86,early_first_window,1,0.6759999999999999,-0.0008359374999999947,46.0,25.0
4094,97,500,86,early_first_window,1,0.6759999999999999,-0.0008359374999999947,46.0,25.0
4095,97,500,86,early_first_window,1,0.6759999999999999,-0.0008359374999999947,46.0,25.0
4096,97,500,86,early_first_window,1,0.6759999999999999,-0.0008359374999999947,46.0,25.0
4097,97,500,86,early_first_window,1,0.6759999999999999,-0.0008359374999999947,46.0,25.0
4098,97,500,86,early_first_window,1,0.6759999999999999,-0.0008359374999999947,46.0,25.0
4099,97,500,86,early_first_window,1,0.6759999999999999,-0.0008359374999999947,46.0,25.0
4100,97,500,86,early_first_window,1,0.6759999999999999,-0.0008359374999999947,46.0,25.0
4101,97,500,86,early_first_window,1,0.6759999999999999,-0.0008359374999999947,46.0,25.0
4102,97,500,86,early_first_window,1,0.6759999999999999,-0.0008359374999999947,46.0,25.0
4103,97,500,86,early_first_window,1,0.6759999999999999,-0.0008359374999999947,46.0,25.0
4104,97,500,86,early_first_window,1,0.6759999999999999,-0.0008359374999999947,46.0,25.0
4105,97,500,86,early_first_window,1,0.6759999999999999,-0.0008359374999999947,46.0,25.0
4106,97,500,86,early_first_window,1,0.6759999999999999,-0.0008359374999999947,46.0,25.0
4107,97,500,86,early_first_window,1,0.6759999999999999,-0.0008359374999999947,46.0,25.0
4108,97,500,86,early_first_window,1,0.6759999999999999,-0.0008359374999999947,46.0,25.0
4109,97,500,86,early_first_window,1,0.6759999999999999,-0.0008359374999999947,46.0,25.0
4110,97,500,86,early_first_window,1,0.6759999999999999,-0.0008359374999999947,46.0,25.0
4111,97,500,86,early_first_window,1,0.6759999999999999,-0.0008359374999999947,46.0,25.0
4112,97,500,86,early_first_window,1,0.6759999999999999,-0.0008359374999999947,46.0,25.0
4113,97,500,86,early_first_window,1,0.6759999999999999,-0.0008359374999999947,46.0,25.0
4114,97,500,86,early_first_window,1,0.6759999999999999,-0.0008359374999999947,46.0,25.0
4115,97,500,86,early_first_window,1,0.6759999999999999,-0.0008359374999999947,46.0,25.0
4116,97,500,86,early_first_window,1,0.6759999999999999,-0.0008359374999999947,46.0,25.0
4117,97,500,86,early_first_window,1,0.6759999999999999,-0.0008359374999999947,46.0,25.0
4118,97,500,86,early_first_window,1,0.6759999999999999,-0.0008359374999999947,46.0,25.0
4119,97,500,86,early_first_window,1,0.6759999999999999,-0.0008359374999999947,46.0,25.0
4120,98,500,105,early_first_window,1,0.718,-0.04568798828124998,58.0,28.0
4121,98,500,105,early_first_window,1,0.718,-0.04568798828124998,58.0,28.0
4122,98,500,105,early_first_window,1,0.718,-0.04568798828124998,58.0,28.0
4123,98,500,105,early_first_window,1,0.718,-0.04568798828124998,58.0,28.0
4124,98,500,105,early_first_window,1,0.718,-0.04568798828124998,58.0,28.0
4125,98,500,105,early_first_window,1,0.718,-0.04568798828124998,58.0,28.0
4126,98,500,105,early_first_window,1,0.718,-0.04568798828124998,58.0,28.0
4127,98,500,105,early_first_window,1,0.718,-0.04568798828124998,58.0,28.0
4128,98,500,105,early_first_window,1,0.718,-0.04568798828124998,58.0,28.0
4129,98,500,105,early_first_window,1,0.718,-0.04568798828124998,58.0,28.0
4130,98,500,105,early_first_window,1,0.718,-0.04568798828124998,58.0,28.0
4131,98,500,105,early_first_window,1,0.718,-0.04568798828124998,58.0,28.0
4132,98,500,105,early_first_window,1,0.718,-0.04568798828124998,58.0,28.0
4133,98,500,105,early_first_window,1,0.718,-0.04568798828124998,58.0,28.0
4134,98,500,105,early_first_window,1,0.718,-0.04568798828124998,58.0,28.0
4135,98,500,105,early_first_window,1,0.718,-0.04568798828124998,58.0,28.0
4136,98,500,105,early_first_window,1,0.718,-0.04568798828124998,58.0,28.0
4137,98,500,105,early_first_window,1,0.718,-0.04568798828124998,58.0,28.0
4138,98,500,105,early_first_window,1,0.718,-0.04568798828124998,58.0,28.0
4139,98,500,105,early_first_window,1,0.718,-0.04568798828124998,58.0,28.0
4140,98,500,105,early_first_window,1,0.718,-0.04568798828124998,58.0,28.0
4141,98,500,105,early_first_window,1,0.718,-0.04568798828124998,58.0,28.0
4142,98,500,105,early_first_window,1,0.718,-0.04568798828124998,58.0,28.0
4143,98,500,105,early_first_window,1,0.718,-0.04568798828124998,58.0,28.0
4144,98,500,105,early_first_window,1,0.718,-0.04568798828124998,58.0,28.0
4145,98,500,105,early_first_window,1,0.718,-0.04568798828124998,58.0,28.0
4146,98,500,105,early_first_window,1,0.718,-0.04568798828124998,58.0,28.0
4147,98,500,105,early_first_window,1,0.718,-0.04568798828124998,58.0,28.0
4148,98,500,105,early_first_window,1,0.718,-0.04568798828124998,58.0,28.0
4149,98,500,105,early_first_window,1,0.718,-0.04568798828124998,58.0,28.0
4150,98,500,105,early_first_window,1,0.718,-0.04568798828124998,58.0,28.0
4151,98,500,105,early_first_window,1,0.718,-0.04568798828124998,58.0,28.0
4152,98,500,105,early_first_window,1,0.718,-0.04568798828124998,58.0,28.0
4153,98,500,105,early_first_window,1,0.718,-0.04568798828124998,58.0,28.0
4154,98,500,105,early_first_window,1,0.718,-0.04568798828124998,58.0,28.0
4155,98,500,105,early_first_window,1,0.718,-0.04568798828124998,58.0,28.0
4156,98,500,105,early_first_window,1,0.718,-0.04568798828124998,58.0,28.0
4157,98,500,105,early_first_window,1,0.718,-0.04568798828124998,58.0,28.0
4158,98,500,105,early_first_window,1,0.718,-0.04568798828124998,58.0,28.0
4159,98,500,105,early_first_window,1,0.718,-0.04568798828124998,58.0,28.0
4160,99,500,105,early_first_window,1,0.6799999999999999,0.0024429931640624902,49.0,25.0
4161,99,500,105,early_first_window,1,0.6799999999999999,0.0024429931640624902,49.0,25.0
4162,99,500,105,early_first_window,1,0.6799999999999999,0.0024429931640624902,49.0,25.0
4163,99,500,105,early_first_window,1,0.6799999999999999,0.0024429931640624902,49.0,25.0
4164,99,500,105,early_first_window,1,0.6799999999999999,0.0024429931640624902,49.0,25.0
4165,99,500,105,early_first_window,1,0.6799999999999999,0.0024429931640624902,49.0,25.0
4166,99,500,105,early_first_window,1,0.6799999999999999,0.0024429931640624902,49.0,25.0
4167,99,500,105,early_first_window,1,0.6799999999999999,0.0024429931640624902,49.0,25.0
4168,99,500,105,early_first_window,1,0.6799999999999999,0.0024429931640624902,49.0,25.0
4169,99,500,105,early_first_window,1,0.6799999999999999,0.0024429931640624902,49.0,25.0
4170,99,500,105,early_first_window,1,0.6799999999999999,0.0024429931640624902,49.0,25.0
4171,99,500,105,early_first_window,1,0.6799999999999999,0.0024429931640624902,49.0,25.0
4172,99,500,105,early_first_window,1,0.6799999999999999,0.0024429931640624902,49.0,25.0
4173,99,500,105,early_first_window,1,0.6799999999999999,0.0024429931640624902,49.0,25.0
4174,99,500,105,early_first_window,1,0.6799999999999999,0.0024429931640624902,49.0,25.0
4175,99,500,105,early_first_window,1,0.6799999999999999,0.0024429931640624902,49.0,25.0
4176,99,500,105,early_first_window,1,0.6799999999999999,0.0024429931640624902,49.0,25.0
4177,99,500,105,early_first_window,1,0.6799999999999999,0.0024429931640624902,49.0,25.0
4178,99,500,105,early_first_window,1,0.6799999999999999,0.0024429931640624902,49.0,25.0
4179,99,500,105,early_first_window,1,0.6799999999999999,0.0024429931640624902,49.0,25.0
4180,99,500,105,early_first_window,1,0.6799999999999999,0.0024429931640624902,49.0,25.0
4181,99,500,105,early_first_window,1,0.6799999999999999,0.0024429931640624902,49.0,25.0
4182,99,500,105,early_first_window,1,0.6799999999999999,0.0024429931640624902,49.0,25.0
4183,99,500,105,early_first_window,1,0.6799999999999999,0.0024429931640624902,49.0,25.0
4184,99,500,105,early_first_window,1,0.6799999999999999,0.0024429931640624902,49.0,25.0
4185,99,500,105,early_first_window,1,0.6799999999999999,0.0024429931640624902,49.0,25.0
4186,99,500,105,early_first_window,1,0.6799999999999999,0.0024429931640624902,49.0,25.0
4187,99,500,105,early_first_window,1,0.6799999999999999,0.0024429931640624902,49.0,25.0
4188,99,500,105,early_first_window,1,0.6799999999999999,0.0024429931640624902,49.0,25.0
4189,99,500,105,early_first_window,1,0.6799999999999999,0.0024429931640624902,49.0,25.0
4190,99,500,105,early_first_window,1,0.6799999999999999,0.0024429931640624902,49.0,25.0
4191,99,500,105,early_first_window,1,0.6799999999999999,0.0024429931640624902,49.0,25.0
4192,99,500,105,early_first_window,1,0.6799999999999999,0.0024429931640624902,49.0,25.0
4193,99,500,105,early_first_window,1,0.6799999999999999,0.0024429931640624902,49.0,25.0
4194,99,500,105,early_first_window,1,0.6799999999999999,0.0024429931640624902,49.0,25.0
4195,99,500,105,early_first_window,1,0.6799999999999999,0.0024429931640624902,49.0,25.0
4196,99,500,105,early_first_window,1,0.6799999999999999,0.0024429931640624902,49.0,25.0
4197,99,500,105,early_first_window,1,0.6799999999999999,0.0024429931640624902,49.0,25.0
4198,99,500,105,early_first_window,1,0.6799999999999999,0.0024429931640624902,49.0,25.0
4199,99,500,105,early_first_window,1,0.6799999999999999,0.0024429931640624902,49.0,25.0
4200,100,500,12,early_first_window,1,0.0020000000000000018,0.006311645507812491,0.0,11.0
4201,100,500,12,early_first_window,1,0.0020000000000000018,0.006311645507812491,0.0,11.0
4202,100,500,12,early_first_window,1,0.0020000000000000018,0.006311645507812491,0.0,11.0
4203,100,500,12,early_first_window,1,0.0020000000000000018,0.006311645507812491,0.0,11.0
4204,100,500,12,early_first_window,1,0.0020000000000000018,0.006311645507812491,0.0,11.0
4205,100,500,12,early_first_window,1,0.0020000000000000018,0.006311645507812491,0.0,11.0
4206,100,500,12,early_first_window,1,0.0020000000000000018,0.006311645507812491,0.0,11.0
4207,100,500,12,early_first_window,1,0.0020000000000000018,0.006311645507812491,0.0,11.0
4208,100,500,12,early_first_window,1,0.0020000000000000018,0.006311645507812491,0.0,11.0
4209,100,500,12,early_first_window,1,0.0020000000000000018,0.006311645507812491,0.0,11.0
4210,100,500,12,early_first_window,1,0.0020000000000000018,0.006311645507812491,0.0,11.0
4211,100,500,12,early_first_window,1,0.0020000000000000018,0.006311645507812491,0.0,11.0
4212,100,500,12,early_first_window,1,0.0020000000000000018,0.006311645507812491,0.0,11.0
4213,100,500,12,early_first_window,1,0.0020000000000000018,0.006311645507812491,0.0,11.0
4214,100,500,12,early_first_window,1,0.0020000000000000018,0.006311645507812491,0.0,11.0
4215,100,500,12,early_first_window,1,0.0020000000000000018,0.006311645507812491,0.0,11.0
4216,100,500,12,early_first_window,1,0.0020000000000000018,0.006311645507812491,0.0,11.0
4217,100,500,12,early_first_window,1,0.0020000000000000018,0.006311645507812491,0.0,11.0
4218,100,500,12,early_first_window,1,0.0020000000000000018,0.006311645507812491,0.0,11.0
4219,100,500,12,early_first_window,1,0.0020000000000000018,0.006311645507812491,0.0,11.0
4220,100,500,12,early_first_window,1,0.0020000000000000018,0.006311645507812491,0.0,11.0
4221,100,500,12,early_first_window,1,0.0020000000000000018,0.006311645507812491,0.0,11.0
4222,100,500,12,early_first_window,1,0.0020000000000000018,0.006311645507812491,0.0,11.0
4223,100,500,12,early_first_window,1,0.0020000000000000018,0.006311645507812491,0.0,11.0
4224,100,500,12,early_first_window,1,0.0020000000000000018,0.006311645507812491,0.0,11.0
4225,100,500,12,early_first_window,1,0.0020000000000000018,0.006311645507812491,0.0,11.0
4226,100,500,12,early_first_window,1,0.0020000000000000018,0.006311645507812491,0.0,11.0
4227,100,500,12,early_first_window,1,0.0020000000000000018,0.006311645507812491,0.0,11.0
4228,100,500,12,early_first_window,1,0.0020000000000000018,0.006311645507812491,0.0,11.0
4229,100,500,12,early_first_window,1,0.0020000000000000018,0.006311645507812491,0.0,11.0
4230,100,500,12,early_first_window,1,0.0020000000000000018,0.006311645507812491,0.0,11.0
4231,100,500,12,early_first_window,1,0.0020000000000000018,0.006311645507812491,0.0,11.0
4232,100,500,12,early_first_window,1,0.0020000000000000018,0.006311645507812491,0.0,11.0
4233,100,500,12,early_first_window,1,0.0020000000000000018,0.006311645507812491,0.0,11.0
4234,100,500,12,early_first_window,1,0.0020000000000000018,0.006311645507812491,0.0,11.0
4235,100,500,12,early_first_window,1,0.0020000000000000018,0.006311645507812491,0.0,11.0
4236,100,500,12,early_first_window,1,0.0020000000000000018,0.006311645507812491,0.0,11.0
4237,100,500,12,early_first_window,1,0.0020000000000000018,0.006311645507812491,0.0,11.0
4238,100,500,12,early_first_window,1,0.0020000000000000018,0.006311645507812491,0.0,11.0
4239,100,500,12,early_first_window,1,0.0020000000000000018,0.006311645507812491,0.0,11.0
4240,101,500,89,early_first_window,1,0.762,-0.17327258300781256,51.0,18.0
4241,101,500,89,early_first_window,1,0.762,-0.17327258300781256,51.0,18.0
4242,101,500,89,early_first_window,1,0.762,-0.17327258300781256,51.0,18.0
4243,101,500,89,early_first_window,1,0.762,-0.17327258300781256,51.0,18.0
4244,101,500,89,early_first_window,1,0.762,-0.17327258300781256,51.0,18.0
4245,101,500,89,early_first_window,1,0.762,-0.17327258300781256,51.0,18.0
4246,101,500,89,early_first_window,1,0.762,-0.17327258300781256,51.0,18.0
4247,101,500,89,early_first_window,1,0.762,-0.17327258300781256,51.0,18.0
4248,101,500,89,early_first_window,1,0.762,-0.17327258300781256,51.0,18.0
4249,101,500,89,early_first_window,1,0.762,-0.17327258300781256,51.0,18.0
4250,101,500,89,early_first_window,1,0.762,-0.17327258300781256,51.0,18.0
4251,101,500,89,early_first_window,1,0.762,-0.17327258300781256,51.0,18.0
4252,101,500,89,early_first_window,1,0.762,-0.17327258300781256,51.0,18.0
4253,101,500,89,early_first_window,1,0.762,-0.17327258300781256,51.0,18.0
4254,101,500,89,early_first_window,1,0.762,-0.17327258300781256,51.0,18.0
4255,101,500,89,early_first_window,1,0.762,-0.17327258300781256,51.0,18.0
4256,101,500,89,early_first_window,1,0.762,-0.17327258300781256,51.0,18.0
4257,101,500,89,early_first_window,1,0.762,-0.17327258300781256,51.0,18.0
4258,101,500,89,early_first_window,1,0.762,-0.17327258300781256,51.0,18.0
4259,101,500,89,early_first_window,1,0.762,-0.17327258300781256,51.0,18.0
4260,101,500,89,early_first_window,1,0.762,-0.17327258300781256,51.0,18.0
4261,101,500,89,early_first_window,1,0.762,-0.17327258300781256,51.0,18.0
4262,101,500,89,early_first_window,1,0.762,-0.17327258300781256,51.0,18.0
4263,101,500,89,early_first_window,1,0.762,-0.17327258300781256,51.0,18.0
4264,101,500,89,early_first_window,1,0.762,-0.17327258300781256,51.0,18.0
4265,101,500,89,early_first_window,1,0.762,-0.17327258300781256,51.0,18.0
4266,101,500,89,early_first_window,1,0.762,-0.17327258300781256,51.0,18.0
4267,101,500,89,early_first_window,1,0.762,-0.17327258300781256,51.0,18.0
4268,101,500,89,early_first_window,1,0.762,-0.17327258300781256,51.0,18.0
4269,101,500,89,early_first_window,1,0.762,-0.17327258300781256,51.0,18.0
4270,101,500,89,early_first_window,1,0.762,-0.17327258300781256,51.0,18.0
4271,101,500,89,early_first_window,1,0.762,-0.17327258300781256,51.0,18.0
4272,101,500,89,early_first_window,1,0.762,-0.17327258300781256,51.0,18.0
4273,101,500,89,early_first_window,1,0.762,-0.17327258300781256,51.0,18.0
4274,101,500,89,early_first_window,1,0.762,-0.17327258300781256,51.0,18.0
4275,101,500,89,early_first_window,1,0.762,-0.17327258300781256,51.0,18.0
4276,101,500,89,early_first_window,1,0.762,-0.17327258300781256,51.0,18.0
4277,101,500,89,early_first_window,1,0.762,-0.17327258300781256,51.0,18.0
4278,101,500,89,early_first_window,1,0.762,-0.17327258300781256,51.0,18.0
4279,101,500,89,early_first_window,1,0.762,-0.17327258300781256,51.0,18.0
4280,102,500,123,early_first_window,1,0.714,-0.11734399414062491,54.0,26.0
4281,102,500,123,early_first_window,1,0.708,-0.11734399414062491,54.0,26.0
4282,102,500,123,early_first_window,1,0.708,-0.11734399414062491,54.0,26.0
4283,102,500,123,early_first_window,1,0.708,-0.11734399414062491,54.0,26.0
4284,102,500,123,early_first_window,1,0.708,-0.11734399414062491,54.0,26.0
4285,102,500,123,early_first_window,1,0.708,-0.11734399414062491,54.0,26.0
4286,102,500,123,early_first_window,1,0.708,-0.11734399414062491,54.0,26.0
4287,102,500,123,early_first_window,1,0.708,-0.11734399414062491,54.0,26.0
4288,102,500,123,early_first_window,1,0.708,-0.11734399414062491,54.0,26.0
4289,102,500,123,early_first_window,1,0.708,-0.11734399414062491,54.0,26.0
4290,102,500,123,early_first_window,1,0.708,-0.11734399414062491,54.0,26.0
4291,102,500,123,early_first_window,1,0.708,-0.11734399414062491,54.0,26.0
4292,102,500,123,early_first_window,1,0.708,-0.11734399414062491,54.0,26.0
4293,102,500,123,early_first_window,1,0.708,-0.11734399414062491,54.0,26.0
4294,102,500,123,early_first_window,1,0.708,-0.11734399414062491,54.0,26.0
4295,102,500,123,early_first_window,1,0.708,-0.11734399414062491,54.0,26.0
4296,102,500,123,early_first_window,1,0.708,-0.11734399414062491,54.0,26.0
4297,102,500,123,early_first_window,1,0.708,-0.11734399414062491,54.0,26.0
4298,102,500,123,early_first_window,1,0.708,-0.11734399414062491,54.0,26.0
4299,102,500,123,early_first_window,1,0.708,-0.11734399414062491,54.0,26.0
4300,102,500,123,early_first_window,1,0.708,-0.11734399414062491,54.0,26.0
4301,102,500,123,early_first_window,1,0.708,-0.11734399414062491,54.0,26.0
4302,102,500,123,early_first_window,1,0.708,-0.11734399414062491,54.0,26.0
4303,102,500,123,early_first_window,1,0.708,-0.11734399414062491,54.0,26.0
4304,102,500,123,early_first_window,1,0.708,-0.11734399414062491,54.0,26.0
4305,102,500,123,early_first_window,1,0.708,-0.11734399414062491,54.0,26.0
4306,102,500,123,early_first_window,1,0.708,-0.11734399414062491,54.0,26.0
4307,102,500,123,early_first_window,1,0.708,-0.11734399414062491,54.0,26.0
4308,102,500,123,early_first_window,1,0.708,-0.11734399414062491,54.0,26.0
4309,102,500,123,early_first_window,1,0.708,-0.11734399414062491,54.0,26.0
4310,102,500,123,early_first_window,1,0.708,-0.11734399414062491,54.0,26.0
4311,102,500,123,early_first_window,1,0.708,-0.11734399414062491,54.0,26.0
4312,102,500,123,early_first_window,1,0.708,-0.11734399414062491,54.0,26.0
4313,102,500,123,early_first_window,1,0.708,-0.11734399414062491,54.0,26.0
4314,102,500,123,early_first_window,1,0.708,-0.11734399414062491,54.0,26.0
4315,102,500,123,early_first_window,1,0.708,-0.11734399414062491,54.0,26.0
4316,102,500,123,early_first_window,1,0.708,-0.11734399414062491,54.0,26.0
4317,102,500,123,early_first_window,1,0.708,-0.11734399414062491,54.0,26.0
4318,102,500,123,early_first_window,1,0.708,-0.11734399414062491,54.0,26.0
4319,102,500,123,early_first_window,1,0.708,-0.11734399414062491,54.0,26.0
4320,103,500,18,early_first_window,1,0.0040000000000000036,0.005375610351562532,5.0,17.0
4321,103,500,18,early_first_window,1,0.0040000000000000036,0.005375610351562532,5.0,17.0
4322,103,500,18,early_first_window,1,0.0040000000000000036,0.005375610351562532,5.0,17.0
4323,103,500,18,early_first_window,1,0.0040000000000000036,0.005375610351562532,5.0,17.0
4324,103,500,18,early_first_window,1,0.0040000000000000036,0.005375610351562532,5.0,17.0
4325,103,500,18,early_first_window,1,0.0040000000000000036,0.005375610351562532,5.0,17.0
4326,103,500,18,early_first_window,1,0.0040000000000000036,0.005375610351562532,5.0,17.0
4327,103,500,18,early_first_window,1,0.0040000000000000036,0.005375610351562532,5.0,17.0
4328,103,500,18,early_first_window,1,0.0040000000000000036,0.005375610351562532,5.0,17.0
4329,103,500,18,early_first_window,1,0.0040000000000000036,0.005375610351562532,5.0,17.0
4330,103,500,18,early_first_window,1,0.0040000000000000036,0.005375610351562532,5.0,17.0
4331,103,500,18,early_first_window,1,0.0040000000000000036,0.005375610351562532,5.0,17.0
4332,103,500,18,early_first_window,1,0.0040000000000000036,0.005375610351562532,5.0,17.0
4333,103,500,18,early_first_window,1,0.0040000000000000036,0.005375610351562532,5.0,17.0
4334,103,500,18,early_first_window,1,0.0040000000000000036,0.005375610351562532,5.0,17.0
4335,103,500,18,early_first_window,1,0.0040000000000000036,0.005375610351562532,5.0,17.0
4336,103,500,18,early_first_window,1,0.0040000000000000036,0.005375610351562532,5.0,17.0
4337,103,500,18,early_first_window,1,0.0040000000000000036,0.005375610351562532,5.0,17.0
4338,103,500,18,early_first_window,1,0.0040000000000000036,0.005375610351562532,5.0,17.0
4339,103,500,18,early_first_window,1,0.0040000000000000036,0.005375610351562532,5.0,17.0
4340,103,500,18,early_first_window,1,0.0040000000000000036,0.005375610351562532,5.0,17.0
4341,103,500,18,early_first_window,1,0.0040000000000000036,0.005375610351562532,5.0,17.0
4342,103,500,18,early_first_window,1,0.0040000000000000036,0.005375610351562532,5.0,17.0
4343,103,500,18,early_first_window,1,0.0040000000000000036,0.005375610351562532,5.0,17.0
4344,103,500,18,early_first_window,1,0.0040000000000000036,0.005375610351562532,5.0,17.0
4345,103,500,18,early_first_window,1,0.0040000000000000036,0.005375610351562532,5.0,17.0
4346,103,500,18,early_first_window,1,0.0040000000000000036,0.005375610351562532,5.0,17.0
4347,103,500,18,early_first_window,1,0.0040000000000000036,0.005375610351562532,5.0,17.0
4348,103,500,18,early_first_window,1,0.0040000000000000036,0.005375610351562532,5.0,17.0
4349,103,500,18,early_first_window,1,0.0040000000000000036,0.005375610351562532,5.0,17.0
4350,103,500,18,early_first_window,1,0.0040000000000000036,0.005375610351562532,5.0,17.0
4351,103,500,18,early_first_window,1,0.0040000000000000036,0.005375610351562532,5.0,17.0
4352,103,500,18,early_first_window,1,0.0040000000000000036,0.005375610351562532,5.0,17.0
4353,103,500,18,early_first_window,1,0.0040000000000000036,0.005375610351562532,5.0,17.0
4354,103,500,18,early_first_window,1,0.0040000000000000036,0.005375610351562532,5.0,17.0
4355,103,500,18,early_first_window,1,0.0040000000000000036,0.005375610351562532,5.0,17.0
4356,103,500,18,early_first_window,1,0.0040000000000000036,0.005375610351562532,5.0,17.0
4357,103,500,18,early_first_window,1,0.0040000000000000036,0.005375610351562532,5.0,17.0
4358,103,500,18,early_first_window,1,0.0040000000000000036,0.005375610351562532,5.0,17.0
4359,103,500,18,early_first_window,1,0.0040000000000000036,0.005375610351562532,5.0,17.0
4360,104,500,115,early_first_window,1,0.65,-0.019394531249999902,39.0,25.0
4361,104,500,115,early_first_window,1,0.65,-0.019394531249999902,39.0,25.0
4362,104,500,115,early_first_window,1,0.65,-0.019394531249999902,39.0,25.0
4363,104,500,115,early_first_window,1,0.65,-0.019394531249999902,39.0,25.0
4364,104,500,115,early_first_window,1,0.65,-0.019394531249999902,39.0,25.0
4365,104,500,115,early_first_window,1,0.65,-0.019394531249999902,39.0,25.0
4366,104,500,115,early_first_window,1,0.65,-0.019394531249999902,39.0,25.0
4367,104,500,115,early_first_window,1,0.65,-0.019394531249999902,39.0,25.0
4368,104,500,115,early_first_window,1,0.65,-0.019394531249999902,39.0,25.0
4369,104,500,115,early_first_window,1,0.65,-0.019394531249999902,39.0,25.0
4370,104,500,115,early_first_window,1,0.65,-0.019394531249999902,39.0,25.0
4371,104,500,115,early_first_window,1,0.65,-0.019394531249999902,39.0,25.0
4372,104,500,115,early_first_window,1,0.65,-0.019394531249999902,39.0,25.0
4373,104,500,115,early_first_window,1,0.65,-0.019394531249999902,39.0,25.0
4374,104,500,115,early_first_window,1,0.65,-0.019394531249999902,39.0,25.0
4375,104,500,115,early_first_window,1,0.65,-0.019394531249999902,39.0,25.0
4376,104,500,115,early_first_window,1,0.65,-0.019394531249999902,39.0,25.0
4377,104,500,115,early_first_window,1,0.65,-0.019394531249999902,39.0,25.0
4378,104,500,115,early_first_window,1,0.65,-0.019394531249999902,39.0,25.0
4379,104,500,115,early_first_window,1,0.65,-0.019394531249999902,39.0,25.0
4380,104,500,115,early_first_window,1,0.65,-0.019394531249999902,39.0,25.0
4381,104,500,115,early_first_window,1,0.65,-0.019394531249999902,39.0,25.0
4382,104,500,115,early_first_window,1,0.65,-0.019394531249999902,39.0,25.0
4383,104,500,115,early_first_window,1,0.65,-0.019394531249999902,39.0,25.0
4384,104,500,115,early_first_window,1,0.65,-0.019394531249999902,39.0,25.0
4385,104,500,115,early_first_window,1,0.65,-0.019394531249999902,39.0,25.0
4386,104,500,115,early_first_window,1,0.65,-0.019394531249999902,39.0,25.0
4387,104,500,115,early_first_window,1,0.65,-0.019394531249999902,39.0,25.0
4388,104,500,115,early_first_window,1,0.65,-0.019394531249999902,39.0,25.0
4389,104,500,115,early_first_window,1,0.65,-0.019394531249999902,39.0,25.0
4390,104,500,115,early_first_window,1,0.65,-0.019394531249999902,39.0,25.0
4391,104,500,115,early_first_window,1,0.65,-0.019394531249999902,39.0,25.0
4392,104,500,115,early_first_window,1,0.65,-0.019394531249999902,39.0,25.0
4393,104,500,115,early_first_window,1,0.65,-0.019394531249999902,39.0,25.0
4394,104,500,115,early_first_window,1,0.65,-0.019394531249999902,39.0,25.0
4395,104,500,115,early_first_window,1,0.65,-0.019394531249999902,39.0,25.0
4396,104,500,115,early_first_window,1,0.65,-0.019394531249999902,39.0,25.0
4397,104,500,115,early_first_window,1,0.65,-0.019394531249999902,39.0,25.0
4398,104,500,115,early_first_window,1,0.65,-0.019394531249999902,39.0,25.0
4399,104,500,115,early_first_window,1,0.65,-0.019394531249999902,39.0,25.0
4400,105,500,37,early_first_window,1,0.020000000000000018,0.008176208496093795,9.0,25.0
4401,105,500,37,early_first_window,1,0.020000000000000018,0.008176208496093795,9.0,25.0
4402,105,500,37,early_first_window,1,0.020000000000000018,0.008176208496093795,9.0,25.0
4403,105,500,37,early_first_window,1,0.020000000000000018,0.008176208496093795,9.0,25.0
4404,105,500,37,early_first_window,1,0.020000000000000018,0.008176208496093795,9.0,25.0
4405,105,500,37,early_first_window,1,0.020000000000000018,0.008176208496093795,9.0,25.0
4406,105,500,37,early_first_window,1,0.020000000000000018,0.008176208496093795,9.0,25.0
4407,105,500,37,early_first_window,1,0.020000000000000018,0.008176208496093795,9.0,25.0
4408,105,500,37,early_first_window,1,0.020000000000000018,0.008176208496093795,9.0,25.0
4409,105,500,37,early_first_window,1,0.020000000000000018,0.008176208496093795,9.0,25.0
4410,105,500,37,early_first_window,1,0.020000000000000018,0.008176208496093795,9.0,25.0
4411,105,500,37,early_first_window,1,0.020000000000000018,0.008176208496093795,9.0,25.0
4412,105,500,37,early_first_window,1,0.020000000000000018,0.008176208496093795,9.0,25.0
4413,105,500,37,early_first_window,1,0.020000000000000018,0.008176208496093795,9.0,25.0
4414,105,500,37,early_first_window,1,0.020000000000000018,0.008176208496093795,9.0,25.0
4415,105,500,37,early_first_window,1,0.020000000000000018,0.008176208496093795,9.0,25.0
4416,105,500,37,early_first_window,1,0.020000000000000018,0.008176208496093795,9.0,25.0
4417,105,500,37,early_first_window,1,0.020000000000000018,0.008176208496093795,9.0,25.0
4418,105,500,37,early_first_window,1,0.020000000000000018,0.008176208496093795,9.0,25.0
4419,105,500,37,early_first_window,1,0.020000000000000018,0.008176208496093795,9.0,25.0
4420,105,500,37,early_first_window,1,0.020000000000000018,0.008176208496093795,9.0,25.0
4421,105,500,37,early_first_window,1,0.020000000000000018,0.008176208496093795,9.0,25.0
4422,105,500,37,early_first_window,1,0.020000000000000018,0.008176208496093795,9.0,25.0
4423,105,500,37,early_first_window,1,0.020000000000000018,0.008176208496093795,9.0,25.0
4424,105,500,37,early_first_window,1,0.020000000000000018,0.008176208496093795,9.0,25.0
4425,105,500,37,early_first_window,1,0.020000000000000018,0.008176208496093795,9.0,25.0
4426,105,500,37,early_first_window,1,0.020000000000000018,0.008176208496093795,9.0,25.0
4427,105,500,37,early_first_window,1,0.020000000000000018,0.008176208496093795,9.0,25.0
4428,105,500,37,early_first_window,1,0.020000000000000018,0.008176208496093795,9.0,25.0
4429,105,500,37,early_first_window,1,0.020000000000000018,0.008176208496093795,9.0,25.0
4430,105,500,37,early_first_window,1,0.020000000000000018,0.008176208496093795,9.0,25.0
4431,105,500,37,early_first_window,1,0.020000000000000018,0.008176208496093795,9.0,25.0
4432,105,500,37,early_first_window,1,0.020000000000000018,0.008176208496093795,9.0,25.0
4433,105,500,37,early_first_window,1,0.020000000000000018,0.008176208496093795,9.0,25.0
4434,105,500,37,early_first_window,1,0.020000000000000018,0.008176208496093795,9.0,25.0
4435,105,500,37,early_first_window,1,0.020000000000000018,0.008176208496093795,9.0,25.0
4436,105,500,37,early_first_window,1,0.020000000000000018,0.008176208496093795,9.0,25.0
4437,105,500,37,early_first_window,1,0.020000000000000018,0.008176208496093795,9.0,25.0
4438,105,500,37,early_first_window,1,0.020000000000000018,0.008176208496093795,9.0,25.0
4439,105,500,37,early_first_window,1,0.020000000000000018,0.008176208496093795,9.0,25.0
4440,106,500,76,early_first_window,1,0.734,0.01621801757812502,34.0,25.0
4441,106,500,76,early_first_window,1,0.734,0.01621801757812502,34.0,25.0
4442,106,500,76,early_first_window,1,0.734,0.01621801757812502,34.0,25.0
4443,106,500,76,early_first_window,1,0.734,0.01621801757812502,34.0,25.0
4444,106,500,76,early_first_window,1,0.734,0.01621801757812502,34.0,25.0
4445,106,500,76,early_first_window,1,0.734,0.01621801757812502,34.0,25.0
4446,106,500,76,early_first_window,1,0.734,0.01621801757812502,34.0,25.0
4447,106,500,76,early_first_window,1,0.734,0.01621801757812502,34.0,25.0
4448,106,500,76,early_first_window,1,0.734,0.01621801757812502,34.0,25.0
4449,106,500,76,early_first_window,1,0.734,0.01621801757812502,34.0,25.0
4450,106,500,76,early_first_window,1,0.734,0.01621801757812502,34.0,25.0
4451,106,500,76,early_first_window,1,0.734,0.01621801757812502,34.0,25.0
4452,106,500,76,early_first_window,1,0.734,0.01621801757812502,34.0,25.0
4453,106,500,76,early_first_window,1,0.734,0.01621801757812502,34.0,25.0
4454,106,500,76,early_first_window,1,0.734,0.01621801757812502,34.0,25.0
4455,106,500,76,early_first_window,1,0.734,0.01621801757812502,34.0,25.0
4456,106,500,76,early_first_window,1,0.734,0.01621801757812502,34.0,25.0
4457,106,500,76,early_first_window,1,0.734,0.01621801757812502,34.0,25.0
4458,106,500,76,early_first_window,1,0.734,0.01621801757812502,34.0,25.0
4459,106,500,76,early_first_window,1,0.734,0.01621801757812502,34.0,25.0
4460,106,500,76,early_first_window,1,0.734,0.01621801757812502,34.0,25.0
4461,106,500,76,early_first_window,1,0.734,0.01621801757812502,34.0,25.0
4462,106,500,76,early_first_window,1,0.734,0.01621801757812502,34.0,25.0
4463,106,500,76,early_first_window,1,0.734,0.01621801757812502,34.0,25.0
4464,106,500,76,early_first_window,1,0.734,0.01621801757812502,34.0,25.0
4465,106,500,76,early_first_window,1,0.734,0.01621801757812502,34.0,25.0
4466,106,500,76,early_first_window,1,0.734,0.01621801757812502,34.0,25.0
4467,106,500,76,early_first_window,1,0.734,0.01621801757812502,34.0,25.0
4468,106,500,76,early_first_window,1,0.734,0.01621801757812502,34.0,25.0
4469,106,500,76,early_first_window,1,0.738,0.01621801757812502,34.0,25.0
4470,106,500,76,early_first_window,1,0.738,0.01621801757812502,34.0,25.0
4471,106,500,76,early_first_window,1,0.738,0.01621801757812502,34.0,25.0
4472,106,500,76,early_first_window,1,0.738,0.01621801757812502,34.0,25.0
4473,106,500,76,early_first_window,1,0.738,0.01621801757812502,34.0,25.0
4474,106,500,76,early_first_window,1,0.738,0.01621801757812502,34.0,25.0
4475,106,500,76,early_first_window,1,0.738,0.01621801757812502,34.0,25.0
4476,106,500,76,early_first_window,1,0.738,0.01621801757812502,34.0,25.0
4477,106,500,76,early_first_window,1,0.738,0.01621801757812502,34.0,25.0
4478,106,500,76,early_first_window,1,0.738,0.01621801757812502,34.0,25.0
4479,106,500,76,early_first_window,1,0.738,0.01621801757812502,34.0,25.0
4480,107,500,12,early_first_window,1,0.0020000000000000018,0.006311645507812491,0.0,11.0
4481,107,500,12,early_first_window,1,0.0020000000000000018,0.006311645507812491,0.0,11.0
4482,107,500,12,early_first_window,1,0.0020000000000000018,0.006311645507812491,0.0,11.0
4483,107,500,12,early_first_window,1,0.0020000000000000018,0.006311645507812491,0.0,11.0
4484,107,500,12,early_first_window,1,0.0020000000000000018,0.006311645507812491,0.0,11.0
4485,107,500,12,early_first_window,1,0.0020000000000000018,0.006311645507812491,0.0,11.0
4486,107,500,12,early_first_window,1,0.0020000000000000018,0.006311645507812491,0.0,11.0
4487,107,500,12,early_first_window,1,0.0020000000000000018,0.006311645507812491,0.0,11.0
4488,107,500,12,early_first_window,1,0.0020000000000000018,0.006311645507812491,0.0,11.0
4489,107,500,12,early_first_window,1,0.0020000000000000018,0.006311645507812491,0.0,11.0
4490,107,500,12,early_first_window,1,0.0020000000000000018,0.006311645507812491,0.0,11.0
4491,107,500,12,early_first_window,1,0.0020000000000000018,0.006311645507812491,0.0,11.0
4492,107,500,12,early_first_window,1,0.0020000000000000018,0.006311645507812491,0.0,11.0
4493,107,500,12,early_first_window,1,0.0020000000000000018,0.006311645507812491,0.0,11.0
4494,107,500,12,early_first_window,1,0.0020000000000000018,0.006311645507812491,0.0,11.0
4495,107,500,12,early_first_window,1,0.0020000000000000018,0.006311645507812491,0.0,11.0
4496,107,500,12,early_first_window,1,0.0020000000000000018,0.006311645507812491,0.0,11.0
4497,107,500,12,early_first_window,1,0.0020000000000000018,0.006311645507812491,0.0,11.0
4498,107,500,12,early_first_window,1,0.0020000000000000018,0.006311645507812491,0.0,11.0
4499,107,500,12,early_first_window,1,0.0020000000000000018,0.006311645507812491,0.0,11.0
4500,107,500,12,early_first_window,1,0.0020000000000000018,0.006311645507812491,0.0,11.0
4501,107,500,12,early_first_window,1,0.0020000000000000018,0.006311645507812491,0.0,11.0
4502,107,500,12,early_first_window,1,0.0020000000000000018,0.006311645507812491,0.0,11.0
4503,107,500,12,early_first_window,1,0.0020000000000000018,0.006311645507812491,0.0,11.0
4504,107,500,12,early_first_window,1,0.0020000000000000018,0.006311645507812491,0.0,11.0
4505,107,500,12,early_first_window,1,0.0020000000000000018,0.006311645507812491,0.0,11.0
4506,107,500,12,early_first_window,1,0.0020000000000000018,0.006311645507812491,0.0,11.0
4507,107,500,12,early_first_window,1,0.0020000000000000018,0.006311645507812491,0.0,11.0
4508,107,500,12,early_first_window,1,0.0020000000000000018,0.006311645507812491,0.0,11.0
4509,107,500,12,early_first_window,1,0.0020000000000000018,0.006311645507812491,0.0,11.0
4510,107,500,12,early_first_window,1,0.0020000000000000018,0.006311645507812491,0.0,11.0
4511,107,500,12,early_first_window,1,0.0020000000000000018,0.006311645507812491,0.0,11.0
4512,107,500,12,early_first_window,1,0.0020000000000000018,0.006311645507812491,0.0,11.0
4513,107,500,12,early_first_window,1,0.0020000000000000018,0.006311645507812491,0.0,11.0
4514,107,500,12,early_first_window,1,0.0020000000000000018,0.006311645507812491,0.0,11.0
4515,107,500,12,early_first_window,1,0.0020000000000000018,0.006311645507812491,0.0,11.0
4516,107,500,12,early_first_window,1,0.0020000000000000018,0.006311645507812491,0.0,11.0
4517,107,500,12,early_first_window,1,0.0020000000000000018,0.006311645507812491,0.0,11.0
4518,107,500,12,early_first_window,1,0.0020000000000000018,0.006311645507812491,0.0,11.0
4519,107,500,12,early_first_window,1,0.0020000000000000018,0.006311645507812491,0.0,11.0
4520,108,500,23,early_first_window,1,0.006000000000000005,0.003806518554687499,10.0,18.0
4521,108,500,23,early_first_window,1,0.006000000000000005,0.003806518554687499,10.0,18.0
4522,108,500,23,early_first_window,1,0.006000000000000005,0.003806518554687499,10.0,18.0
4523,108,500,23,early_first_window,1,0.006000000000000005,0.003806518554687499,10.0,18.0
4524,108,500,23,early_first_window,1,0.006000000000000005,0.003806518554687499,10.0,18.0
4525,108,500,23,early_first_window,1,0.006000000000000005,0.003806518554687499,10.0,18.0
4526,108,500,23,early_first_window,1,0.006000000000000005,0.003806518554687499,10.0,18.0
4527,108,500,23,early_first_window,1,0.006000000000000005,0.003806518554687499,10.0,18.0
4528,108,500,23,early_first_window,1,0.006000000000000005,0.003806518554687499,10.0,18.0
4529,108,500,23,early_first_window,1,0.006000000000000005,0.003806518554687499,10.0,18.0
4530,108,500,23,early_first_window,1,0.006000000000000005,0.003806518554687499,10.0,18.0
4531,108,500,23,early_first_window,1,0.006000000000000005,0.003806518554687499,10.0,18.0
4532,108,500,23,early_first_window,1,0.006000000000000005,0.003806518554687499,10.0,18.0
4533,108,500,23,early_first_window,1,0.006000000000000005,0.003806518554687499,10.0,18.0
4534,108,500,23,early_first_window,1,0.006000000000000005,0.003806518554687499,10.0,18.0
4535,108,500,23,early_first_window,1,0.006000000000000005,0.003806518554687499,10.0,18.0
4536,108,500,23,early_first_window,1,0.006000000000000005,0.003806518554687499,10.0,18.0
4537,108,500,23,early_first_window,1,0.006000000000000005,0.003806518554687499,10.0,18.0
4538,108,500,23,early_first_window,1,0.006000000000000005,0.003806518554687499,10.0,18.0
4539,108,500,23,early_first_window,1,0.006000000000000005,0.003806518554687499,10.0,18.0
4540,108,500,23,early_first_window,1,0.006000000000000005,0.003806518554687499,10.0,18.0
4541,108,500,23,early_first_window,1,0.006000000000000005,0.003806518554687499,10.0,18.0
4542,108,500,23,early_first_window,1,0.006000000000000005,0.003806518554687499,10.0,18.0
4543,108,500,23,early_first_window,1,0.006000000000000005,0.003806518554687499,10.0,18.0
4544,108,500,23,early_first_window,1,0.006000000000000005,0.003806518554687499,10.0,18.0
4545,108,500,23,early_first_window,1,0.006000000000000005,0.003806518554687499,10.0,18.0
4546,108,500,23,early_first_window,1,0.006000000000000005,0.003806518554687499,10.0,18.0
4547,108,500,23,early_first_window,1,0.006000000000000005,0.003806518554687499,10.0,18.0
4548,108,500,23,early_first_window,1,0.006000000000000005,0.003806518554687499,10.0,18.0
4549,108,500,23,early_first_window,1,0.006000000000000005,0.003806518554687499,10.0,18.0
4550,108,500,23,early_first_window,1,0.006000000000000005,0.003806518554687499,10.0,18.0
4551,108,500,23,early_first_window,1,0.006000000000000005,0.003806518554687499,10.0,18.0
4552,108,500,23,early_first_window,1,0.006000000000000005,0.003806518554687499,10.0,18.0
4553,108,500,23,early_first_window,1,0.006000000000000005,0.003806518554687499,10.0,18.0
4554,108,500,23,early_first_window,1,0.006000000000000005,0.003806518554687499,10.0,18.0
4555,108,500,23,early_first_window,1,0.006000000000000005,0.003806518554687499,10.0,18.0
4556,108,500,23,early_first_window,1,0.006000000000000005,0.003806518554687499,10.0,18.0
4557,108,500,23,early_first_window,1,0.006000000000000005,0.003806518554687499,10.0,18.0
4558,108,500,23,early_first_window,1,0.006000000000000005,0.003806518554687499,10.0,18.0
4559,108,500,23,early_first_window,1,0.006000000000000005,0.003806518554687499,10.0,18.0
4560,109,500,108,early_first_window,1,0.704,-0.12392749023437499,49.0,12.0
4561,109,500,108,early_first_window,1,0.704,-0.12392749023437499,49.0,12.0
4562,109,500,108,early_first_window,1,0.704,-0.12392749023437499,49.0,12.0
4563,109,500,108,early_first_window,1,0.704,-0.12392749023437499,49.0,12.0
4564,109,500,108,early_first_window,1,0.704,-0.12392749023437499,49.0,12.0
4565,109,500,108,early_first_window,1,0.704,-0.12392749023437499,49.0,12.0
4566,109,500,108,early_first_window,1,0.704,-0.12392749023437499,49.0,12.0
4567,109,500,108,early_first_window,1,0.704,-0.12392749023437499,49.0,12.0
4568,109,500,108,early_first_window,1,0.704,-0.12392749023437499,49.0,12.0
4569,109,500,108,early_first_window,1,0.704,-0.12392749023437499,49.0,12.0
4570,109,500,108,early_first_window,1,0.704,-0.12392749023437499,49.0,12.0
4571,109,500,108,early_first_window,1,0.706,-0.12392749023437499,49.0,12.0
4572,109,500,108,early_first_window,1,0.706,-0.12392749023437499,49.0,12.0
4573,109,500,108,early_first_window,1,0.706,-0.12392749023437499,49.0,12.0
4574,109,500,108,early_first_window,1,0.706,-0.12392749023437499,49.0,12.0
4575,109,500,108,early_first_window,1,0.706,-0.12392749023437499,49.0,12.0
4576,109,500,108,early_first_window,1,0.706,-0.12392749023437499,49.0,12.0
4577,109,500,108,early_first_window,1,0.706,-0.12392749023437499,49.0,12.0
4578,109,500,108,early_first_window,1,0.706,-0.12392749023437499,49.0,12.0
4579,109,500,108,early_first_window,1,0.706,-0.12392749023437499,49.0,12.0
4580,109,500,108,early_first_window,1,0.706,-0.12392749023437499,49.0,12.0
4581,109,500,108,early_first_window,1,0.706,-0.12392749023437499,49.0,12.0
4582,109,500,108,early_first_window,1,0.706,-0.12392749023437499,49.0,12.0
4583,109,500,108,early_first_window,1,0.706,-0.12392749023437499,49.0,12.0
4584,109,500,108,early_first_window,1,0.706,-0.12392749023437499,49.0,12.0
4585,109,500,108,early_first_window,1,0.706,-0.12392749023437499,49.0,12.0
4586,109,500,108,early_first_window,1,0.706,-0.12392749023437499,49.0,12.0
4587,109,500,108,early_first_window,1,0.706,-0.12392749023437499,49.0,12.0
4588,109,500,108,early_first_window,1,0.706,-0.12392749023437499,49.0,12.0
4589,109,500,108,early_first_window,1,0.706,-0.12392749023437499,49.0,12.0
4590,109,500,108,early_first_window,1,0.706,-0.12392749023437499,49.0,12.0
4591,109,500,108,early_first_window,1,0.706,-0.12392749023437499,49.0,12.0
4592,109,500,108,early_first_window,1,0.706,-0.12392749023437499,49.0,12.0
4593,109,500,108,early_first_window,1,0.706,-0.12392749023437499,49.0,12.0
4594,109,500,108,early_first_window,1,0.706,-0.12392749023437499,49.0,12.0
4595,109,500,108,early_first_window,1,0.706,-0.12392749023437499,49.0,12.0
4596,109,500,108,early_first_window,1,0.706,-0.12392749023437499,49.0,12.0
4597,109,500,108,early_first_window,1,0.706,-0.12392749023437499,49.0,12.0
4598,109,500,108,early_first_window,1,0.706,-0.12392749023437499,49.0,12.0
4599,109,500,108,early_first_window,1,0.706,-0.12392749023437499,49.0,12.0
4600,110,500,118,early_first_window,1,0.6639999999999999,-0.40588513183593755,46.0,18.0
4601,110,500,118,early_first_window,1,0.6659999999999999,-0.40588513183593755,46.0,18.0
4602,110,500,118,early_first_window,1,0.6659999999999999,-0.40588513183593755,46.0,18.0
4603,110,500,118,early_first_window,1,0.6659999999999999,-0.40588513183593755,46.0,18.0
4604,110,500,118,early_first_window,1,0.6659999999999999,-0.40588513183593755,46.0,18.0
4605,110,500,118,early_first_window,1,0.6659999999999999,-0.40588513183593755,46.0,18.0
4606,110,500,118,early_first_window,1,0.6659999999999999,-0.40588513183593755,46.0,18.0
4607,110,500,118,early_first_window,1,0.6659999999999999,-0.40588513183593755,46.0,18.0
4608,110,500,118,early_first_window,1,0.6659999999999999,-0.40588513183593755,46.0,18.0
4609,110,500,118,early_first_window,1,0.6659999999999999,-0.40588513183593755,46.0,18.0
4610,110,500,118,early_first_window,1,0.6659999999999999,-0.40588513183593755,46.0,18.0
4611,110,500,118,early_first_window,1,0.6659999999999999,-0.40588513183593755,46.0,18.0
4612,110,500,118,early_first_window,1,0.6659999999999999,-0.40588513183593755,46.0,18.0
4613,110,500,118,early_first_window,1,0.6659999999999999,-0.40588513183593755,46.0,18.0
4614,110,500,118,early_first_window,1,0.6659999999999999,-0.40588513183593755,46.0,18.0
4615,110,500,118,early_first_window,1,0.6659999999999999,-0.40588513183593755,46.0,18.0
4616,110,500,118,early_first_window,1,0.6659999999999999,-0.40588513183593755,46.0,18.0
4617,110,500,118,early_first_window,1,0.6659999999999999,-0.40588513183593755,46.0,18.0
4618,110,500,118,early_first_window,1,0.6659999999999999,-0.40588513183593755,46.0,18.0
4619,110,500,118,early_first_window,1,0.6659999999999999,-0.40588513183593755,46.0,18.0
4620,110,500,118,early_first_window,1,0.6659999999999999,-0.40588513183593755,46.0,18.0
4621,110,500,118,early_first_window,1,0.6659999999999999,-0.40588513183593755,46.0,18.0
4622,110,500,118,early_first_window,1,0.6659999999999999,-0.40588513183593755,46.0,18.0
4623,110,500,118,early_first_window,1,0.6659999999999999,-0.40588513183593755,46.0,18.0
4624,110,500,118,early_first_window,1,0.6659999999999999,-0.40588513183593755,46.0,18.0
4625,110,500,118,early_first_window,1,0.6659999999999999,-0.40588513183593755,46.0,18.0
4626,110,500,118,early_first_window,1,0.6659999999999999,-0.40588513183593755,46.0,18.0
4627,110,500,118,early_first_window,1,0.6659999999999999,-0.40588513183593755,46.0,18.0
4628,110,500,118,early_first_window,1,0.6659999999999999,-0.40588513183593755,46.0,18.0
4629,110,500,118,early_first_window,1,0.6659999999999999,-0.40588513183593755,46.0,18.0
4630,110,500,118,early_first_window,1,0.6659999999999999,-0.40588513183593755,46.0,18.0
4631,110,500,118,early_first_window,1,0.6659999999999999,-0.40588513183593755,46.0,18.0
4632,110,500,118,early_first_window,1,0.6659999999999999,-0.40588513183593755,46.0,18.0
4633,110,500,118,early_first_window,1,0.6659999999999999,-0.40588513183593755,46.0,18.0
4634,110,500,118,early_first_window,1,0.6659999999999999,-0.40588513183593755,46.0,18.0
4635,110,500,118,early_first_window,1,0.6659999999999999,-0.40588513183593755,46.0,18.0
4636,110,500,118,early_first_window,1,0.6659999999999999,-0.40588513183593755,46.0,18.0
4637,110,500,118,early_first_window,1,0.6659999999999999,-0.40588513183593755,46.0,18.0
4638,110,500,118,early_first_window,1,0.6659999999999999,-0.40588513183593755,46.0,18.0
4639,110,500,118,early_first_window,1,0.6659999999999999,-0.40588513183593755,46.0,18.0
4640,111,500,103,early_first_window,1,0.6699999999999999,-0.034425781249999954,59.0,27.0
4641,111,500,103,early_first_window,1,0.6699999999999999,-0.034425781249999954,59.0,27.0
4642,111,500,103,early_first_window,1,0.6699999999999999,-0.034425781249999954,59.0,27.0
4643,111,500,103,early_first_window,1,0.6699999999999999,-0.034425781249999954,59.0,27.0
4644,111,500,103,early_first_window,1,0.6699999999999999,-0.034425781249999954,59.0,27.0
4645,111,500,103,early_first_window,1,0.6699999999999999,-0.034425781249999954,59.0,27.0
4646,111,500,103,early_first_window,1,0.6699999999999999,-0.034425781249999954,59.0,27.0
4647,111,500,103,early_first_window,1,0.6699999999999999,-0.034425781249999954,59.0,27.0
4648,111,500,103,early_first_window,1,0.6699999999999999,-0.034425781249999954,59.0,27.0
4649,111,500,103,early_first_window,1,0.6699999999999999,-0.034425781249999954,59.0,27.0
4650,111,500,103,early_first_window,1,0.6699999999999999,-0.034425781249999954,59.0,27.0
4651,111,500,103,early_first_window,1,0.6699999999999999,-0.034425781249999954,59.0,27.0
4652,111,500,103,early_first_window,1,0.6699999999999999,-0.034425781249999954,59.0,27.0
4653,111,500,103,early_first_window,1,0.6699999999999999,-0.034425781249999954,59.0,27.0
4654,111,500,103,early_first_window,1,0.6699999999999999,-0.034425781249999954,59.0,27.0
4655,111,500,103,early_first_window,1,0.6699999999999999,-0.034425781249999954,59.0,27.0
4656,111,500,103,early_first_window,1,0.6699999999999999,-0.034425781249999954,59.0,27.0
4657,111,500,103,early_first_window,1,0.6699999999999999,-0.034425781249999954,59.0,27.0
4658,111,500,103,early_first_window,1,0.6699999999999999,-0.034425781249999954,59.0,27.0
4659,111,500,103,early_first_window,1,0.6699999999999999,-0.034425781249999954,59.0,27.0
4660,111,500,103,early_first_window,1,0.6699999999999999,-0.034425781249999954,59.0,27.0
4661,111,500,103,early_first_window,1,0.6699999999999999,-0.034425781249999954,59.0,27.0
4662,111,500,103,early_first_window,1,0.6699999999999999,-0.034425781249999954,59.0,27.0
4663,111,500,103,early_first_window,1,0.6699999999999999,-0.034425781249999954,59.0,27.0
4664,111,500,103,early_first_window,1,0.6699999999999999,-0.034425781249999954,59.0,27.0
4665,111,500,103,early_first_window,1,0.6699999999999999,-0.034425781249999954,59.0,27.0
4666,111,500,103,early_first_window,1,0.6699999999999999,-0.034425781249999954,59.0,27.0
4667,111,500,103,early_first_window,1,0.6699999999999999,-0.034425781249999954,59.0,27.0
4668,111,500,103,early_first_window,1,0.6699999999999999,-0.034425781249999954,59.0,27.0
4669,111,500,103,early_first_window,1,0.6699999999999999,-0.034425781249999954,59.0,27.0
4670,111,500,103,early_first_window,1,0.6699999999999999,-0.034425781249999954,59.0,27.0
4671,111,500,103,early_first_window,1,0.6699999999999999,-0.034425781249999954,59.0,27.0
4672,111,500,103,early_first_window,1,0.6699999999999999,-0.034425781249999954,59.0,27.0
4673,111,500,103,early_first_window,1,0.6699999999999999,-0.034425781249999954,59.0,27.0
4674,111,500,103,early_first_window,1,0.6699999999999999,-0.034425781249999954,59.0,27.0
4675,111,500,103,early_first_window,1,0.6699999999999999,-0.034425781249999954,59.0,27.0
4676,111,500,103,early_first_window,1,0.6699999999999999,-0.034425781249999954,59.0,27.0
4677,111,500,103,early_first_window,1,0.6699999999999999,-0.034425781249999954,59.0,27.0
4678,111,500,103,early_first_window,1,0.6699999999999999,-0.034425781249999954,59.0,27.0
4679,111,500,103,early_first_window,1,0.6699999999999999,-0.034425781249999954,59.0,27.0
4680,112,500,23,early_first_window,1,0.01200000000000001,0.02748687744140621,11.0,21.0
4681,112,500,23,early_first_window,1,0.01200000000000001,0.02748687744140621,11.0,21.0
4682,112,500,23,early_first_window,1,0.01200000000000001,0.02748687744140621,11.0,21.0
4683,112,500,23,early_first_window,1,0.01200000000000001,0.02748687744140621,11.0,21.0
4684,112,500,23,early_first_window,1,0.01200000000000001,0.02748687744140621,11.0,21.0
4685,112,500,23,early_first_window,1,0.01200000000000001,0.02748687744140621,11.0,21.0
4686,112,500,23,early_first_window,1,0.01200000000000001,0.02748687744140621,11.0,21.0
4687,112,500,23,early_first_window,1,0.01200000000000001,0.02748687744140621,11.0,21.0
4688,112,500,23,early_first_window,1,0.01200000000000001,0.02748687744140621,11.0,21.0
4689,112,500,23,early_first_window,1,0.01200000000000001,0.02748687744140621,11.0,21.0
4690,112,500,23,early_first_window,1,0.01200000000000001,0.02748687744140621,11.0,21.0
4691,112,500,23,early_first_window,1,0.01200000000000001,0.02748687744140621,11.0,21.0
4692,112,500,23,early_first_window,1,0.01200000000000001,0.02748687744140621,11.0,21.0
4693,112,500,23,early_first_window,1,0.01200000000000001,0.02748687744140621,11.0,21.0
4694,112,500,23,early_first_window,1,0.01200000000000001,0.02748687744140621,11.0,21.0
4695,112,500,23,early_first_window,1,0.01200000000000001,0.02748687744140621,11.0,21.0
4696,112,500,23,early_first_window,1,0.01200000000000001,0.02748687744140621,11.0,21.0
4697,112,500,23,early_first_window,1,0.01200000000000001,0.02748687744140621,11.0,21.0
4698,112,500,23,early_first_window,1,0.01200000000000001,0.02748687744140621,11.0,21.0
4699,112,500,23,early_first_window,1,0.01200000000000001,0.02748687744140621,11.0,21.0
4700,112,500,23,early_first_window,1,0.01200000000000001,0.02748687744140621,11.0,21.0
4701,112,500,23,early_first_window,1,0.01200000000000001,0.02748687744140621,11.0,21.0
4702,112,500,23,early_first_window,1,0.01200000000000001,0.02748687744140621,11.0,21.0
4703,112,500,23,early_first_window,1,0.01200000000000001,0.02748687744140621,11.0,21.0
4704,112,500,23,early_first_window,1,0.01200000000000001,0.02748687744140621,11.0,21.0
4705,112,500,23,early_first_window,1,0.01200000000000001,0.02748687744140621,11.0,21.0
4706,112,500,23,early_first_window,1,0.01200000000000001,0.02748687744140621,11.0,21.0
4707,112,500,23,early_first_window,1,0.01200000000000001,0.02748687744140621,11.0,21.0
4708,112,500,23,early_first_window,1,0.01200000000000001,0.02748687744140621,11.0,21.0
4709,112,500,23,early_first_window,1,0.01200000000000001,0.02748687744140621,11.0,21.0
4710,112,500,23,early_first_window,1,0.01200000000000001,0.02748687744140621,11.0,21.0
4711,112,500,23,early_first_window,1,0.01200000000000001,0.02748687744140621,11.0,21.0
4712,112,500,23,early_first_window,1,0.01200000000000001,0.02748687744140621,11.0,21.0
4713,112,500,23,early_first_window,1,0.01200000000000001,0.02748687744140621,11.0,21.0
4714,112,500,23,early_first_window,1,0.01200000000000001,0.02748687744140621,11.0,21.0
4715,112,500,23,early_first_window,1,0.01200000000000001,0.02748687744140621,11.0,21.0
4716,112,500,23,early_first_window,1,0.01200000000000001,0.02748687744140621,11.0,21.0
4717,112,500,23,early_first_window,1,0.01200000000000001,0.02748687744140621,11.0,21.0
4718,112,500,23,early_first_window,1,0.01200000000000001,0.02748687744140621,11.0,21.0
4719,112,500,23,early_first_window,1,0.01200000000000001,0.02748687744140621,11.0,21.0
4720,113,500,12,early_first_window,1,0.0020000000000000018,0.006311645507812491,0.0,11.0
4721,113,500,12,early_first_window,1,0.0020000000000000018,0.006311645507812491,0.0,11.0
4722,113,500,12,early_first_window,1,0.0020000000000000018,0.006311645507812491,0.0,11.0
4723,113,500,12,early_first_window,1,0.0020000000000000018,0.006311645507812491,0.0,11.0
4724,113,500,12,early_first_window,1,0.0020000000000000018,0.006311645507812491,0.0,11.0
4725,113,500,12,early_first_window,1,0.0020000000000000018,0.006311645507812491,0.0,11.0
4726,113,500,12,early_first_window,1,0.0020000000000000018,0.006311645507812491,0.0,11.0
4727,113,500,12,early_first_window,1,0.0020000000000000018,0.006311645507812491,0.0,11.0
4728,113,500,12,early_first_window,1,0.0020000000000000018,0.006311645507812491,0.0,11.0
4729,113,500,12,early_first_window,1,0.0020000000000000018,0.006311645507812491,0.0,11.0
4730,113,500,12,early_first_window,1,0.0020000000000000018,0.006311645507812491,0.0,11.0
4731,113,500,12,early_first_window,1,0.0020000000000000018,0.006311645507812491,0.0,11.0
4732,113,500,12,early_first_window,1,0.0020000000000000018,0.006311645507812491,0.0,11.0
4733,113,500,12,early_first_window,1,0.0020000000000000018,0.006311645507812491,0.0,11.0
4734,113,500,12,early_first_window,1,0.0020000000000000018,0.006311645507812491,0.0,11.0
4735,113,500,12,early_first_window,1,0.0020000000000000018,0.006311645507812491,0.0,11.0
4736,113,500,12,early_first_window,1,0.0020000000000000018,0.006311645507812491,0.0,11.0
4737,113,500,12,early_first_window,1,0.0020000000000000018,0.006311645507812491,0.0,11.0
4738,113,500,12,early_first_window,1,0.0020000000000000018,0.006311645507812491,0.0,11.0
4739,113,500,12,early_first_window,1,0.0020000000000000018,0.006311645507812491,0.0,11.0
4740,113,500,12,early_first_window,1,0.0020000000000000018,0.006311645507812491,0.0,11.0
4741,113,500,12,early_first_window,1,0.0020000000000000018,0.006311645507812491,0.0,11.0
4742,113,500,12,early_first_window,1,0.0020000000000000018,0.006311645507812491,0.0,11.0
4743,113,500,12,early_first_window,1,0.0020000000000000018,0.006311645507812491,0.0,11.0
4744,113,500,12,early_first_window,1,0.0020000000000000018,0.006311645507812491,0.0,11.0
4745,113,500,12,early_first_window,1,0.0020000000000000018,0.006311645507812491,0.0,11.0
4746,113,500,12,early_first_window,1,0.0020000000000000018,0.006311645507812491,0.0,11.0
4747,113,500,12,early_first_window,1,0.0020000000000000018,0.006311645507812491,0.0,11.0
4748,113,500,12,early_first_window,1,0.0020000000000000018,0.006311645507812491,0.0,11.0
4749,113,500,12,early_first_window,1,0.0020000000000000018,0.006311645507812491,0.0,11.0
4750,113,500,12,early_first_window,1,0.0020000000000000018,0.006311645507812491,0.0,11.0
4751,113,500,12,early_first_window,1,0.0020000000000000018,0.006311645507812491,0.0,11.0
4752,113,500,12,early_first_window,1,0.0020000000000000018,0.006311645507812491,0.0,11.0
4753,113,500,12,early_first_window,1,0.0020000000000000018,0.006311645507812491,0.0,11.0
4754,113,500,12,early_first_window,1,0.0020000000000000018,0.006311645507812491,0.0,11.0
4755,113,500,12,early_first_window,1,0.0020000000000000018,0.006311645507812491,0.0,11.0
4756,113,500,12,early_first_window,1,0.0020000000000000018,0.006311645507812491,0.0,11.0
4757,113,500,12,early_first_window,1,0.0020000000000000018,0.006311645507812491,0.0,11.0
4758,113,500,12,early_first_window,1,0.0020000000000000018,0.006311645507812491,0.0,11.0
4759,113,500,12,early_first_window,1,0.0020000000000000018,0.006311645507812491,0.0,11.0
4760,114,500,12,early_first_window,1,0.0020000000000000018,0.006311645507812491,0.0,11.0
4761,114,500,12,early_first_window,1,0.0020000000000000018,0.006311645507812491,0.0,11.0
4762,114,500,12,early_first_window,1,0.0020000000000000018,0.006311645507812491,0.0,11.0
4763,114,500,12,early_first_window,1,0.0020000000000000018,0.006311645507812491,0.0,11.0
4764,114,500,12,early_first_window,1,0.0020000000000000018,0.006311645507812491,0.0,11.0
4765,114,500,12,early_first_window,1,0.0020000000000000018,0.006311645507812491,0.0,11.0
4766,114,500,12,early_first_window,1,0.0020000000000000018,0.006311645507812491,0.0,11.0
4767,114,500,12,early_first_window,1,0.0020000000000000018,0.006311645507812491,0.0,11.0
4768,114,500,12,early_first_window,1,0.0020000000000000018,0.006311645507812491,0.0,11.0
4769,114,500,12,early_first_window,1,0.0020000000000000018,0.006311645507812491,0.0,11.0
4770,114,500,12,early_first_window,1,0.0020000000000000018,0.006311645507812491,0.0,11.0
4771,114,500,12,early_first_window,1,0.0020000000000000018,0.006311645507812491,0.0,11.0
4772,114,500,12,early_first_window,1,0.0020000000000000018,0.006311645507812491,0.0,11.0
4773,114,500,12,early_first_window,1,0.0020000000000000018,0.006311645507812491,0.0,11.0
4774,114,500,12,early_first_window,1,0.0020000000000000018,0.006311645507812491,0.0,11.0
4775,114,500,12,early_first_window,1,0.0020000000000000018,0.006311645507812491,0.0,11.0
4776,114,500,12,early_first_window,1,0.0020000000000000018,0.006311645507812491,0.0,11.0
4777,114,500,12,early_first_window,1,0.0020000000000000018,0.006311645507812491,0.0,11.0
4778,114,500,12,early_first_window,1,0.0020000000000000018,0.006311645507812491,0.0,11.0
4779,114,500,12,early_first_window,1,0.0020000000000000018,0.006311645507812491,0.0,11.0
4780,114,500,12,early_first_window,1,0.0020000000000000018,0.006311645507812491,0.0,11.0
4781,114,500,12,early_first_window,1,0.0020000000000000018,0.006311645507812491,0.0,11.0
4782,114,500,12,early_first_window,1,0.0020000000000000018,0.006311645507812491,0.0,11.0
4783,114,500,12,early_first_window,1,0.0020000000000000018,0.006311645507812491,0.0,11.0
4784,114,500,12,early_first_window,1,0.0020000000000000018,0.006311645507812491,0.0,11.0
4785,114,500,12,early_first_window,1,0.0020000000000000018,0.006311645507812491,0.0,11.0
4786,114,500,12,early_first_window,1,0.0020000000000000018,0.006311645507812491,0.0,11.0
4787,114,500,12,early_first_window,1,0.0020000000000000018,0.006311645507812491,0.0,11.0
4788,114,500,12,early_first_window,1,0.0020000000000000018,0.006311645507812491,0.0,11.0
4789,114,500,12,early_first_window,1,0.0020000000000000018,0.006311645507812491,0.0,11.0
4790,114,500,12,early_first_window,1,0.0020000000000000018,0.006311645507812491,0.0,11.0
4791,114,500,12,early_first_window,1,0.0020000000000000018,0.006311645507812491,0.0,11.0
4792,114,500,12,early_first_window,1,0.0020000000000000018,0.006311645507812491,0.0,11.0
4793,114,500,12,early_first_window,1,0.0020000000000000018,0.006311645507812491,0.0,11.0
4794,114,500,12,early_first_window,1,0.0020000000000000018,0.006311645507812491,0.0,11.0
4795,114,500,12,early_first_window,1,0.0020000000000000018,0.006311645507812491,0.0,11.0
4796,114,500,12,early_first_window,1,0.0020000000000000018,0.006311645507812491,0.0,11.0
4797,114,500,12,early_first_window,1,0.0020000000000000018,0.006311645507812491,0.0,11.0
4798,114,500,12,early_first_window,1,0.0020000000000000018,0.006311645507812491,0.0,11.0
4799,114,500,12,early_first_window,1,0.0020000000000000018,0.006311645507812491,0.0,11.0
4800,115,500,120,early_first_window,1,0.692,-0.10437524414062493,47.0,26.0
4801,115,500,120,early_first_window,1,0.692,-0.10437524414062493,47.0,26.0
4802,115,500,120,early_first_window,1,0.692,-0.10437524414062493,47.0,26.0
4803,115,500,120,early_first_window,1,0.692,-0.10437524414062493,47.0,26.0
4804,115,500,120,early_first_window,1,0.692,-0.10437524414062493,47.0,26.0
4805,115,500,120,early_first_window,1,0.692,-0.10437524414062493,47.0,26.0
4806,115,500,120,early_first_window,1,0.692,-0.10437524414062493,47.0,26.0
4807,115,500,120,early_first_window,1,0.692,-0.10437524414062493,47.0,26.0
4808,115,500,120,early_first_window,1,0.692,-0.10437524414062493,47.0,26.0
4809,115,500,120,early_first_window,1,0.692,-0.10437524414062493,47.0,26.0
4810,115,500,120,early_first_window,1,0.692,-0.10437524414062493,47.0,26.0
4811,115,500,120,early_first_window,1,0.692,-0.10437524414062493,47.0,26.0
4812,115,500,120,early_first_window,1,0.692,-0.10437524414062493,47.0,26.0
4813,115,500,120,early_first_window,1,0.692,-0.10437524414062493,47.0,26.0
4814,115,500,120,early_first_window,1,0.692,-0.10437524414062493,47.0,26.0
4815,115,500,120,early_first_window,1,0.692,-0.10437524414062493,47.0,26.0
4816,115,500,120,early_first_window,1,0.692,-0.10437524414062493,47.0,26.0
4817,115,500,120,early_first_window,1,0.692,-0.10437524414062493,47.0,26.0
4818,115,500,120,early_first_window,1,0.692,-0.10437524414062493,47.0,26.0
4819,115,500,120,early_first_window,1,0.692,-0.10437524414062493,47.0,26.0
4820,115,500,120,early_first_window,1,0.692,-0.10437524414062493,47.0,26.0
4821,115,500,120,early_first_window,1,0.692,-0.10437524414062493,47.0,26.0
4822,115,500,120,early_first_window,1,0.692,-0.10437524414062493,47.0,26.0
4823,115,500,120,early_first_window,1,0.692,-0.10437524414062493,47.0,26.0
4824,115,500,120,early_first_window,1,0.692,-0.10437524414062493,47.0,26.0
4825,115,500,120,early_first_window,1,0.692,-0.10437524414062493,47.0,26.0
4826,115,500,120,early_first_window,1,0.692,-0.10437524414062493,47.0,26.0
4827,115,500,120,early_first_window,1,0.692,-0.10437524414062493,47.0,26.0
4828,115,500,120,early_first_window,1,0.692,-0.10437524414062493,47.0,26.0
4829,115,500,120,early_first_window,1,0.692,-0.10437524414062493,47.0,26.0
4830,115,500,120,early_first_window,1,0.692,-0.10437524414062493,47.0,26.0
4831,115,500,120,early_first_window,1,0.692,-0.10437524414062493,47.0,26.0
4832,115,500,120,early_first_window,1,0.692,-0.10437524414062493,47.0,26.0
4833,115,500,120,early_first_window,1,0.692,-0.10437524414062493,47.0,26.0
4834,115,500,120,early_first_window,1,0.692,-0.10437524414062493,47.0,26.0
4835,115,500,120,early_first_window,1,0.692,-0.10437524414062493,47.0,26.0
4836,115,500,120,early_first_window,1,0.692,-0.10437524414062493,47.0,26.0
4837,115,500,120,early_first_window,1,0.692,-0.10437524414062493,47.0,26.0
4838,115,500,120,early_first_window,1,0.692,-0.10437524414062493,47.0,26.0
4839,115,500,120,early_first_window,1,0.692,-0.10437524414062493,47.0,26.0
4840,116,500,88,early_first_window,1,0.69,-0.16793945312500003,42.0,18.0
4841,116,500,88,early_first_window,1,0.69,-0.16793945312500003,42.0,18.0
4842,116,500,88,early_first_window,1,0.69,-0.16793945312500003,42.0,18.0
4843,116,500,88,early_first_window,1,0.69,-0.16793945312500003,42.0,18.0
4844,116,500,88,early_first_window,1,0.69,-0.16793945312500003,42.0,18.0
4845,116,500,88,early_first_window,1,0.69,-0.16793945312500003,42.0,18.0
4846,116,500,88,early_first_window,1,0.69,-0.16793945312500003,42.0,18.0
4847,116,500,88,early_first_window,1,0.69,-0.16793945312500003,42.0,18.0
4848,116,500,88,early_first_window,1,0.69,-0.16793945312500003,42.0,18.0
4849,116,500,88,early_first_window,1,0.69,-0.16793945312500003,42.0,18.0
4850,116,500,88,early_first_window,1,0.69,-0.16793945312500003,42.0,18.0
4851,116,500,88,early_first_window,1,0.69,-0.16793945312500003,42.0,18.0
4852,116,500,88,early_first_window,1,0.69,-0.16793945312500003,42.0,18.0
4853,116,500,88,early_first_window,1,0.69,-0.16793945312500003,42.0,18.0
4854,116,500,88,early_first_window,1,0.69,-0.16793945312500003,42.0,18.0
4855,116,500,88,early_first_window,1,0.69,-0.16793945312500003,42.0,18.0
4856,116,500,88,early_first_window,1,0.69,-0.16793945312500003,42.0,18.0
4857,116,500,88,early_first_window,1,0.69,-0.16793945312500003,42.0,18.0
4858,116,500,88,early_first_window,1,0.69,-0.16793945312500003,42.0,18.0
4859,116,500,88,early_first_window,1,0.69,-0.16793945312500003,42.0,18.0
4860,116,500,88,early_first_window,1,0.69,-0.16793945312500003,42.0,18.0
4861,116,500,88,early_first_window,1,0.69,-0.16793945312500003,42.0,18.0
4862,116,500,88,early_first_window,1,0.69,-0.16793945312500003,42.0,18.0
4863,116,500,88,early_first_window,1,0.69,-0.16793945312500003,42.0,18.0
4864,116,500,88,early_first_window,1,0.69,-0.16793945312500003,42.0,18.0
4865,116,500,88,early_first_window,1,0.69,-0.16793945312500003,42.0,18.0
4866,116,500,88,early_first_window,1,0.69,-0.16793945312500003,42.0,18.0
4867,116,500,88,early_first_window,1,0.69,-0.16793945312500003,42.0,18.0
4868,116,500,88,early_first_window,1,0.69,-0.16793945312500003,42.0,18.0
4869,116,500,88,early_first_window,1,0.69,-0.16793945312500003,42.0,18.0
4870,116,500,88,early_first_window,1,0.69,-0.16793945312500003,42.0,18.0
4871,116,500,88,early_first_window,1,0.69,-0.16793945312500003,42.0,18.0
4872,116,500,88,early_first_window,1,0.69,-0.16793945312500003,42.0,18.0
4873,116,500,88,early_first_window,1,0.69,-0.16793945312500003,42.0,18.0
4874,116,500,88,early_first_window,1,0.69,-0.16793945312500003,42.0,18.0
4875,116,500,88,early_first_window,1,0.69,-0.16793945312500003,42.0,18.0
4876,116,500,88,early_first_window,1,0.69,-0.16793945312500003,42.0,18.0
4877,116,500,88,early_first_window,1,0.69,-0.16793945312500003,42.0,18.0
4878,116,500,88,early_first_window,1,0.69,-0.16793945312500003,42.0,18.0
4879,116,500,88,early_first_window,1,0.69,-0.16793945312500003,42.0,18.0
4880,117,500,132,early_first_window,1,0.706,-0.07501196289062495,69.0,25.0
4881,117,500,132,early_first_window,1,0.706,-0.07501196289062495,69.0,25.0
4882,117,500,132,early_first_window,1,0.706,-0.07501196289062495,69.0,25.0
4883,117,500,132,early_first_window,1,0.706,-0.07501196289062495,69.0,25.0
4884,117,500,132,early_first_window,1,0.706,-0.07501196289062495,69.0,25.0
4885,117,500,132,early_first_window,1,0.706,-0.07501196289062495,69.0,25.0
4886,117,500,132,early_first_window,1,0.706,-0.07501196289062495,69.0,25.0
4887,117,500,132,early_first_window,1,0.706,-0.07501196289062495,69.0,25.0
4888,117,500,132,early_first_window,1,0.706,-0.07501196289062495,69.0,25.0
4889,117,500,132,early_first_window,1,0.706,-0.07501196289062495,69.0,25.0
4890,117,500,132,early_first_window,1,0.706,-0.07501196289062495,69.0,25.0
4891,117,500,132,early_first_window,1,0.706,-0.07501196289062495,69.0,25.0
4892,117,500,132,early_first_window,1,0.706,-0.07501196289062495,69.0,25.0
4893,117,500,132,early_first_window,1,0.706,-0.07501196289062495,69.0,25.0
4894,117,500,132,early_first_window,1,0.706,-0.07501196289062495,69.0,25.0
4895,117,500,132,early_first_window,1,0.706,-0.07501196289062495,69.0,25.0
4896,117,500,132,early_first_window,1,0.706,-0.07501196289062495,69.0,25.0
4897,117,500,132,early_first_window,1,0.706,-0.07501196289062495,69.0,25.0
4898,117,500,132,early_first_window,1,0.706,-0.07501196289062495,69.0,25.0
4899,117,500,132,early_first_window,1,0.706,-0.07501196289062495,69.0,25.0
4900,117,500,132,early_first_window,1,0.706,-0.07501196289062495,69.0,25.0
4901,117,500,132,early_first_window,1,0.706,-0.07501196289062495,69.0,25.0
4902,117,500,132,early_first_window,1,0.706,-0.07501196289062495,69.0,25.0
4903,117,500,132,early_first_window,1,0.706,-0.07501196289062495,69.0,25.0
4904,117,500,132,early_first_window,1,0.706,-0.07501196289062495,69.0,25.0
4905,117,500,132,early_first_window,1,0.706,-0.07501196289062495,69.0,25.0
4906,117,500,132,early_first_window,1,0.706,-0.07501196289062495,69.0,25.0
4907,117,500,132,early_first_window,1,0.706,-0.07501196289062495,69.0,25.0
4908,117,500,132,early_first_window,1,0.706,-0.07501196289062495,69.0,25.0
4909,117,500,132,early_first_window,1,0.706,-0.07501196289062495,69.0,25.0
4910,117,500,132,early_first_window,1,0.706,-0.07501196289062495,69.0,25.0
4911,117,500,132,early_first_window,1,0.706,-0.07501196289062495,69.0,25.0
4912,117,500,132,early_first_window,1,0.706,-0.07501196289062495,69.0,25.0
4913,117,500,132,early_first_window,1,0.706,-0.07501196289062495,69.0,25.0
4914,117,500,132,early_first_window,1,0.706,-0.07501196289062495,69.0,25.0
4915,117,500,132,early_first_window,1,0.706,-0.07501196289062495,69.0,25.0
4916,117,500,132,early_first_window,1,0.706,-0.07501196289062495,69.0,25.0
4917,117,500,132,early_first_window,1,0.706,-0.07501196289062495,69.0,25.0
4918,117,500,132,early_first_window,1,0.706,-0.07501196289062495,69.0,25.0
4919,117,500,132,early_first_window,1,0.706,-0.07501196289062495,69.0,25.0
4920,118,500,12,early_first_window,1,0.0020000000000000018,0.006311645507812491,0.0,11.0
4921,118,500,12,early_first_window,1,0.0020000000000000018,0.006311645507812491,0.0,11.0
4922,118,500,12,early_first_window,1,0.0020000000000000018,0.006311645507812491,0.0,11.0
4923,118,500,12,early_first_window,1,0.0020000000000000018,0.006311645507812491,0.0,11.0
4924,118,500,12,early_first_window,1,0.0020000000000000018,0.006311645507812491,0.0,11.0
4925,118,500,12,early_first_window,1,0.0020000000000000018,0.006311645507812491,0.0,11.0
4926,118,500,12,early_first_window,1,0.0020000000000000018,0.006311645507812491,0.0,11.0
4927,118,500,12,early_first_window,1,0.0020000000000000018,0.006311645507812491,0.0,11.0
4928,118,500,12,early_first_window,1,0.0020000000000000018,0.006311645507812491,0.0,11.0
4929,118,500,12,early_first_window,1,0.0020000000000000018,0.006311645507812491,0.0,11.0
4930,118,500,12,early_first_window,1,0.0020000000000000018,0.006311645507812491,0.0,11.0
4931,118,500,12,early_first_window,1,0.0020000000000000018,0.006311645507812491,0.0,11.0
4932,118,500,12,early_first_window,1,0.0020000000000000018,0.006311645507812491,0.0,11.0
4933,118,500,12,early_first_window,1,0.0020000000000000018,0.006311645507812491,0.0,11.0
4934,118,500,12,early_first_window,1,0.0020000000000000018,0.006311645507812491,0.0,11.0
4935,118,500,12,early_first_window,1,0.0020000000000000018,0.006311645507812491,0.0,11.0
4936,118,500,12,early_first_window,1,0.0020000000000000018,0.006311645507812491,0.0,11.0
4937,118,500,12,early_first_window,1,0.0020000000000000018,0.006311645507812491,0.0,11.0
4938,118,500,12,early_first_window,1,0.0020000000000000018,0.006311645507812491,0.0,11.0
4939,118,500,12,early_first_window,1,0.0020000000000000018,0.006311645507812491,0.0,11.0
4940,118,500,12,early_first_window,1,0.0020000000000000018,0.006311645507812491,0.0,11.0
4941,118,500,12,early_first_window,1,0.0020000000000000018,0.006311645507812491,0.0,11.0
4942,118,500,12,early_first_window,1,0.0020000000000000018,0.006311645507812491,0.0,11.0
4943,118,500,12,early_first_window,1,0.0020000000000000018,0.006311645507812491,0.0,11.0
4944,118,500,12,early_first_window,1,0.0020000000000000018,0.006311645507812491,0.0,11.0
4945,118,500,12,early_first_window,1,0.0020000000000000018,0.006311645507812491,0.0,11.0
4946,118,500,12,early_first_window,1,0.0020000000000000018,0.006311645507812491,0.0,11.0
4947,118,500,12,early_first_window,1,0.0020000000000000018,0.006311645507812491,0.0,11.0
4948,118,500,12,early_first_window,1,0.0020000000000000018,0.006311645507812491,0.0,11.0
4949,118,500,12,early_first_window,1,0.0020000000000000018,0.006311645507812491,0.0,11.0
4950,118,500,12,early_first_window,1,0.0020000000000000018,0.006311645507812491,0.0,11.0
4951,118,500,12,early_first_window,1,0.0020000000000000018,0.006311645507812491,0.0,11.0
4952,118,500,12,early_first_window,1,0.0020000000000000018,0.006311645507812491,0.0,11.0
4953,118,500,12,early_first_window,1,0.0020000000000000018,0.006311645507812491,0.0,11.0
4954,118,500,12,early_first_window,1,0.0020000000000000018,0.006311645507812491,0.0,11.0
4955,118,500,12,early_first_window,1,0.0020000000000000018,0.006311645507812491,0.0,11.0
4956,118,500,12,early_first_window,1,0.0020000000000000018,0.006311645507812491,0.0,11.0
4957,118,500,12,early_first_window,1,0.0020000000000000018,0.006311645507812491,0.0,11.0
4958,118,500,12,early_first_window,1,0.0020000000000000018,0.006311645507812491,0.0,11.0
4959,118,500,12,early_first_window,1,0.0020000000000000018,0.006311645507812491,0.0,11.0
4960,119,500,95,early_first_window,1,0.71,-0.011854431152343858,48.0,25.0
4961,119,500,95,early_first_window,1,0.71,-0.011854431152343858,48.0,25.0
4962,119,500,95,early_first_window,1,0.71,-0.011854431152343858,48.0,25.0
4963,119,500,95,early_first_window,1,0.71,-0.011854431152343858,48.0,25.0
4964,119,500,95,early_first_window,1,0.71,-0.011854431152343858,48.0,25.0
4965,119,500,95,early_first_window,1,0.71,-0.011854431152343858,48.0,25.0
4966,119,500,95,early_first_window,1,0.71,-0.011854431152343858,48.0,25.0
4967,119,500,95,early_first_window,1,0.71,-0.011854431152343858,48.0,25.0
4968,119,500,95,early_first_window,1,0.71,-0.011854431152343858,48.0,25.0
4969,119,500,95,early_first_window,1,0.71,-0.011854431152343858,48.0,25.0
4970,119,500,95,early_first_window,1,0.71,-0.011854431152343858,48.0,25.0
4971,119,500,95,early_first_window,1,0.71,-0.011854431152343858,48.0,25.0
4972,119,500,95,early_first_window,1,0.71,-0.011854431152343858,48.0,25.0
4973,119,500,95,early_first_window,1,0.71,-0.011854431152343858,48.0,25.0
4974,119,500,95,early_first_window,1,0.71,-0.011854431152343858,48.0,25.0
4975,119,500,95,early_first_window,1,0.71,-0.011854431152343858,48.0,25.0
4976,119,500,95,early_first_window,1,0.71,-0.011854431152343858,48.0,25.0
4977,119,500,95,early_first_window,1,0.71,-0.011854431152343858,48.0,25.0
4978,119,500,95,early_first_window,1,0.71,-0.011854431152343858,48.0,25.0
4979,119,500,95,early_first_window,1,0.71,-0.011854431152343858,48.0,25.0
4980,119,500,95,early_first_window,1,0.71,-0.011854431152343858,48.0,25.0
4981,119,500,95,early_first_window,1,0.71,-0.011854431152343858,48.0,25.0
4982,119,500,95,early_first_window,1,0.71,-0.011854431152343858,48.0,25.0
4983,119,500,95,early_first_window,1,0.71,-0.011854431152343858,48.0,25.0
4984,119,500,95,early_first_window,1,0.71,-0.011854431152343858,48.0,25.0
4985,119,500,95,early_first_window,1,0.71,-0.011854431152343858,48.0,25.0
4986,119,500,95,early_first_window,1,0.71,-0.011854431152343858,48.0,25.0
4987,119,500,95,early_first_window,1,0.71,-0.011854431152343858,48.0,25.0
4988,119,500,95,early_first_window,1,0.71,-0.011854431152343858,48.0,25.0
4989,119,500,95,early_first_window,1,0.71,-0.011854431152343858,48.0,25.0
4990,119,500,95,early_first_window,1,0.71,-0.011854431152343858,48.0,25.0
4991,119,500,95,early_first_window,1,0.71,-0.011854431152343858,48.0,25.0
4992,119,500,95,early_first_window,1,0.71,-0.011854431152343858,48.0,25.0
4993,119,500,95,early_first_window,1,0.71,-0.011854431152343858,48.0,25.0
4994,119,500,95,early_first_window,1,0.71,-0.011854431152343858,48.0,25.0
4995,119,500,95,early_first_window,1,0.71,-0.011854431152343858,48.0,25.0
4996,119,500,95,early_first_window,1,0.71,-0.011854431152343858,48.0,25.0
4997,119,500,95,early_first_window,1,0.71,-0.011854431152343858,48.0,25.0
4998,119,500,95,early_first_window,1,0.71,-0.011854431152343858,48.0,25.0
4999,119,500,95,early_first_window,1,0.71,-0.011854431152343858,48.0,25.0
5000,120,500,17,early_first_window,1,0.0040000000000000036,0.02463928222656253,4.0,16.0
5001,120,500,17,early_first_window,1,0.0040000000000000036,0.02463928222656253,4.0,16.0
5002,120,500,17,early_first_window,1,0.0040000000000000036,0.02463928222656253,4.0,16.0
5003,120,500,17,early_first_window,1,0.0040000000000000036,0.02463928222656253,4.0,16.0
5004,120,500,17,early_first_window,1,0.0040000000000000036,0.02463928222656253,4.0,16.0
5005,120,500,17,early_first_window,1,0.0040000000000000036,0.02463928222656253,4.0,16.0
5006,120,500,17,early_first_window,1,0.0040000000000000036,0.02463928222656253,4.0,16.0
5007,120,500,17,early_first_window,1,0.0040000000000000036,0.02463928222656253,4.0,16.0
5008,120,500,17,early_first_window,1,0.0040000000000000036,0.02463928222656253,4.0,16.0
5009,120,500,17,early_first_window,1,0.0040000000000000036,0.02463928222656253,4.0,16.0
5010,120,500,17,early_first_window,1,0.0040000000000000036,0.02463928222656253,4.0,16.0
5011,120,500,17,early_first_window,1,0.0040000000000000036,0.02463928222656253,4.0,16.0
5012,120,500,17,early_first_window,1,0.0040000000000000036,0.02463928222656253,4.0,16.0
5013,120,500,17,early_first_window,1,0.0040000000000000036,0.02463928222656253,4.0,16.0
5014,120,500,17,early_first_window,1,0.0040000000000000036,0.02463928222656253,4.0,16.0
5015,120,500,17,early_first_window,1,0.0040000000000000036,0.02463928222656253,4.0,16.0
5016,120,500,17,early_first_window,1,0.0040000000000000036,0.02463928222656253,4.0,16.0
5017,120,500,17,early_first_window,1,0.0040000000000000036,0.02463928222656253,4.0,16.0
5018,120,500,17,early_first_window,1,0.0040000000000000036,0.02463928222656253,4.0,16.0
5019,120,500,17,early_first_window,1,0.0040000000000000036,0.02463928222656253,4.0,16.0
5020,120,500,17,early_first_window,1,0.0040000000000000036,0.02463928222656253,4.0,16.0
5021,120,500,17,early_first_window,1,0.0040000000000000036,0.02463928222656253,4.0,16.0
5022,120,500,17,early_first_window,1,0.0040000000000000036,0.02463928222656253,4.0,16.0
5023,120,500,17,early_first_window,1,0.0040000000000000036,0.02463928222656253,4.0,16.0
5024,120,500,17,early_first_window,1,0.0040000000000000036,0.02463928222656253,4.0,16.0
5025,120,500,17,early_first_window,1,0.0040000000000000036,0.02463928222656253,4.0,16.0
5026,120,500,17,early_first_window,1,0.0040000000000000036,0.02463928222656253,4.0,16.0
5027,120,500,17,early_first_window,1,0.0040000000000000036,0.02463928222656253,4.0,16.0
5028,120,500,17,early_first_window,1,0.0040000000000000036,0.02463928222656253,4.0,16.0
5029,120,500,17,early_first_window,1,0.0040000000000000036,0.02463928222656253,4.0,16.0
5030,120,500,17,early_first_window,1,0.0040000000000000036,0.02463928222656253,4.0,16.0
5031,120,500,17,early_first_window,1,0.0040000000000000036,0.02463928222656253,4.0,16.0
5032,120,500,17,early_first_window,1,0.0040000000000000036,0.02463928222656253,4.0,16.0
5033,120,500,17,early_first_window,1,0.0040000000000000036,0.02463928222656253,4.0,16.0
5034,120,500,17,early_first_window,1,0.0040000000000000036,0.02463928222656253,4.0,16.0
5035,120,500,17,early_first_window,1,0.0040000000000000036,0.02463928222656253,4.0,16.0
5036,120,500,17,early_first_window,1,0.0040000000000000036,0.02463928222656253,4.0,16.0
5037,120,500,17,early_first_window,1,0.0040000000000000036,0.02463928222656253,4.0,16.0
5038,120,500,17,early_first_window,1,0.0040000000000000036,0.02463928222656253,4.0,16.0
5039,120,500,17,early_first_window,1,0.0040000000000000036,0.02463928222656253,4.0,16.0
5040,121,500,96,early_first_window,1,0.644,-0.018421875000000032,48.0,25.0
5041,121,500,96,early_first_window,1,0.644,-0.018421875000000032,48.0,25.0
5042,121,500,96,early_first_window,1,0.644,-0.018421875000000032,48.0,25.0
5043,121,500,96,early_first_window,1,0.646,-0.018421875000000032,48.0,25.0
5044,121,500,96,early_first_window,1,0.646,-0.018421875000000032,48.0,25.0
5045,121,500,96,early_first_window,1,0.646,-0.018421875000000032,48.0,25.0
5046,121,500,96,early_first_window,1,0.646,-0.018421875000000032,48.0,25.0
5047,121,500,96,early_first_window,1,0.646,-0.018421875000000032,48.0,25.0
5048,121,500,96,early_first_window,1,0.646,-0.018421875000000032,48.0,25.0
5049,121,500,96,early_first_window,1,0.646,-0.018421875000000032,48.0,25.0
5050,121,500,96,early_first_window,1,0.646,-0.018421875000000032,48.0,25.0
5051,121,500,96,early_first_window,1,0.646,-0.018421875000000032,48.0,25.0
5052,121,500,96,early_first_window,1,0.646,-0.018421875000000032,48.0,25.0
5053,121,500,96,early_first_window,1,0.646,-0.018421875000000032,48.0,25.0
5054,121,500,96,early_first_window,1,0.646,-0.018421875000000032,48.0,25.0
5055,121,500,96,early_first_window,1,0.646,-0.018421875000000032,48.0,25.0
5056,121,500,96,early_first_window,1,0.646,-0.018421875000000032,48.0,25.0
5057,121,500,96,early_first_window,1,0.646,-0.018421875000000032,48.0,25.0
5058,121,500,96,early_first_window,1,0.646,-0.018421875000000032,48.0,25.0
5059,121,500,96,early_first_window,1,0.646,-0.018421875000000032,48.0,25.0
5060,121,500,96,early_first_window,1,0.646,-0.018421875000000032,48.0,25.0
5061,121,500,96,early_first_window,1,0.646,-0.018421875000000032,48.0,25.0
5062,121,500,96,early_first_window,1,0.646,-0.018421875000000032,48.0,25.0
5063,121,500,96,early_first_window,1,0.646,-0.018421875000000032,48.0,25.0
5064,121,500,96,early_first_window,1,0.646,-0.018421875000000032,48.0,25.0
5065,121,500,96,early_first_window,1,0.646,-0.018421875000000032,48.0,25.0
5066,121,500,96,early_first_window,1,0.646,-0.018421875000000032,48.0,25.0
5067,121,500,96,early_first_window,1,0.646,-0.018421875000000032,48.0,25.0
5068,121,500,96,early_first_window,1,0.646,-0.018421875000000032,48.0,25.0
5069,121,500,96,early_first_window,1,0.646,-0.018421875000000032,48.0,25.0
5070,121,500,96,early_first_window,1,0.646,-0.018421875000000032,48.0,25.0
5071,121,500,96,early_first_window,1,0.646,-0.018421875000000032,48.0,25.0
5072,121,500,96,early_first_window,1,0.646,-0.018421875000000032,48.0,25.0
5073,121,500,96,early_first_window,1,0.646,-0.018421875000000032,48.0,25.0
5074,121,500,96,early_first_window,1,0.646,-0.018421875000000032,48.0,25.0
5075,121,500,96,early_first_window,1,0.646,-0.018421875000000032,48.0,25.0
5076,121,500,96,early_first_window,1,0.646,-0.018421875000000032,48.0,25.0
5077,121,500,96,early_first_window,1,0.646,-0.018421875000000032,48.0,25.0
5078,121,500,96,early_first_window,1,0.646,-0.018421875000000032,48.0,25.0
5079,121,500,96,early_first_window,1,0.646,-0.018421875000000032,48.0,25.0
5080,122,500,85,early_first_window,1,0.6819999999999999,-0.02458007812500007,36.0,26.0
5081,122,500,85,early_first_window,1,0.6819999999999999,-0.02458007812500007,36.0,26.0
5082,122,500,85,early_first_window,1,0.6819999999999999,-0.02458007812500007,36.0,26.0
5083,122,500,85,early_first_window,1,0.6819999999999999,-0.02458007812500007,36.0,26.0
5084,122,500,85,early_first_window,1,0.6819999999999999,-0.02458007812500007,36.0,26.0
5085,122,500,85,early_first_window,1,0.6819999999999999,-0.02458007812500007,36.0,26.0
5086,122,500,85,early_first_window,1,0.6819999999999999,-0.02458007812500007,36.0,26.0
5087,122,500,85,early_first_window,1,0.6819999999999999,-0.02458007812500007,36.0,26.0
5088,122,500,85,early_first_window,1,0.6819999999999999,-0.02458007812500007,36.0,26.0
5089,122,500,85,early_first_window,1,0.6819999999999999,-0.02458007812500007,36.0,26.0
5090,122,500,85,early_first_window,1,0.6819999999999999,-0.02458007812500007,36.0,26.0
5091,122,500,85,early_first_window,1,0.6819999999999999,-0.02458007812500007,36.0,26.0
5092,122,500,85,early_first_window,1,0.6819999999999999,-0.02458007812500007,36.0,26.0
5093,122,500,85,early_first_window,1,0.6819999999999999,-0.02458007812500007,36.0,26.0
5094,122,500,85,early_first_window,1,0.6819999999999999,-0.02458007812500007,36.0,26.0
5095,122,500,85,early_first_window,1,0.6819999999999999,-0.02458007812500007,36.0,26.0
5096,122,500,85,early_first_window,1,0.6819999999999999,-0.02458007812500007,36.0,26.0
5097,122,500,85,early_first_window,1,0.6819999999999999,-0.02458007812500007,36.0,26.0
5098,122,500,85,early_first_window,1,0.6819999999999999,-0.02458007812500007,36.0,26.0
5099,122,500,85,early_first_window,1,0.6819999999999999,-0.02458007812500007,36.0,26.0
5100,122,500,85,early_first_window,1,0.6819999999999999,-0.02458007812500007,36.0,26.0
5101,122,500,85,early_first_window,1,0.6819999999999999,-0.02458007812500007,36.0,26.0
5102,122,500,85,early_first_window,1,0.6819999999999999,-0.02458007812500007,36.0,26.0
5103,122,500,85,early_first_window,1,0.6819999999999999,-0.02458007812500007,36.0,26.0
5104,122,500,85,early_first_window,1,0.6819999999999999,-0.02458007812500007,36.0,26.0
5105,122,500,85,early_first_window,1,0.6819999999999999,-0.02458007812500007,36.0,26.0
5106,122,500,85,early_first_window,1,0.6819999999999999,-0.02458007812500007,36.0,26.0
5107,122,500,85,early_first_window,1,0.6819999999999999,-0.02458007812500007,36.0,26.0
5108,122,500,85,early_first_window,1,0.6819999999999999,-0.02458007812500007,36.0,26.0
5109,122,500,85,early_first_window,1,0.6819999999999999,-0.02458007812500007,36.0,26.0
5110,122,500,85,early_first_window,1,0.6819999999999999,-0.02458007812500007,36.0,26.0
5111,122,500,85,early_first_window,1,0.6819999999999999,-0.02458007812500007,36.0,26.0
5112,122,500,85,early_first_window,1,0.6819999999999999,-0.02458007812500007,36.0,26.0
5113,122,500,85,early_first_window,1,0.6819999999999999,-0.02458007812500007,36.0,26.0
5114,122,500,85,early_first_window,1,0.6819999999999999,-0.02458007812500007,36.0,26.0
5115,122,500,85,early_first_window,1,0.6819999999999999,-0.02458007812500007,36.0,26.0
5116,122,500,85,early_first_window,1,0.6819999999999999,-0.02458007812500007,36.0,26.0
5117,122,500,85,early_first_window,1,0.6819999999999999,-0.02458007812500007,36.0,26.0
5118,122,500,85,early_first_window,1,0.6819999999999999,-0.02458007812500007,36.0,26.0
5119,122,500,85,early_first_window,1,0.6819999999999999,-0.02458007812500007,36.0,26.0
5120,123,500,12,early_first_window,1,0.0020000000000000018,0.006311645507812491,0.0,11.0
5121,123,500,12,early_first_window,1,0.0020000000000000018,0.006311645507812491,0.0,11.0
5122,123,500,12,early_first_window,1,0.0020000000000000018,0.006311645507812491,0.0,11.0
5123,123,500,12,early_first_window,1,0.0020000000000000018,0.006311645507812491,0.0,11.0
5124,123,500,12,early_first_window,1,0.0020000000000000018,0.006311645507812491,0.0,11.0
5125,123,500,12,early_first_window,1,0.0020000000000000018,0.006311645507812491,0.0,11.0
5126,123,500,12,early_first_window,1,0.0020000000000000018,0.006311645507812491,0.0,11.0
5127,123,500,12,early_first_window,1,0.0020000000000000018,0.006311645507812491,0.0,11.0
5128,123,500,12,early_first_window,1,0.0020000000000000018,0.006311645507812491,0.0,11.0
5129,123,500,12,early_first_window,1,0.0020000000000000018,0.006311645507812491,0.0,11.0
5130,123,500,12,early_first_window,1,0.0020000000000000018,0.006311645507812491,0.0,11.0
5131,123,500,12,early_first_window,1,0.0020000000000000018,0.006311645507812491,0.0,11.0
5132,123,500,12,early_first_window,1,0.0020000000000000018,0.006311645507812491,0.0,11.0
5133,123,500,12,early_first_window,1,0.0020000000000000018,0.006311645507812491,0.0,11.0
5134,123,500,12,early_first_window,1,0.0020000000000000018,0.006311645507812491,0.0,11.0
5135,123,500,12,early_first_window,1,0.0020000000000000018,0.006311645507812491,0.0,11.0
5136,123,500,12,early_first_window,1,0.0020000000000000018,0.006311645507812491,0.0,11.0
5137,123,500,12,early_first_window,1,0.0020000000000000018,0.006311645507812491,0.0,11.0
5138,123,500,12,early_first_window,1,0.0020000000000000018,0.006311645507812491,0.0,11.0
5139,123,500,12,early_first_window,1,0.0020000000000000018,0.006311645507812491,0.0,11.0
5140,123,500,12,early_first_window,1,0.0020000000000000018,0.006311645507812491,0.0,11.0
5141,123,500,12,early_first_window,1,0.0020000000000000018,0.006311645507812491,0.0,11.0
5142,123,500,12,early_first_window,1,0.0020000000000000018,0.006311645507812491,0.0,11.0
5143,123,500,12,early_first_window,1,0.0020000000000000018,0.006311645507812491,0.0,11.0
5144,123,500,12,early_first_window,1,0.0020000000000000018,0.006311645507812491,0.0,11.0
5145,123,500,12,early_first_window,1,0.0020000000000000018,0.006311645507812491,0.0,11.0
5146,123,500,12,early_first_window,1,0.0020000000000000018,0.006311645507812491,0.0,11.0
5147,123,500,12,early_first_window,1,0.0020000000000000018,0.006311645507812491,0.0,11.0
5148,123,500,12,early_first_window,1,0.0020000000000000018,0.006311645507812491,0.0,11.0
5149,123,500,12,early_first_window,1,0.0020000000000000018,0.006311645507812491,0.0,11.0
5150,123,500,12,early_first_window,1,0.0020000000000000018,0.006311645507812491,0.0,11.0
5151,123,500,12,early_first_window,1,0.0020000000000000018,0.006311645507812491,0.0,11.0
5152,123,500,12,early_first_window,1,0.0020000000000000018,0.006311645507812491,0.0,11.0
5153,123,500,12,early_first_window,1,0.0020000000000000018,0.006311645507812491,0.0,11.0
5154,123,500,12,early_first_window,1,0.0020000000000000018,0.006311645507812491,0.0,11.0
5155,123,500,12,early_first_window,1,0.0020000000000000018,0.006311645507812491,0.0,11.0
5156,123,500,12,early_first_window,1,0.0020000000000000018,0.006311645507812491,0.0,11.0
5157,123,500,12,early_first_window,1,0.0020000000000000018,0.006311645507812491,0.0,11.0
5158,123,500,12,early_first_window,1,0.0020000000000000018,0.006311645507812491,0.0,11.0
5159,123,500,12,early_first_window,1,0.0020000000000000018,0.006311645507812491,0.0,11.0
5160,124,500,91,early_first_window,1,0.758,-0.05069458007812511,42.0,12.0
5161,124,500,91,early_first_window,1,0.758,-0.05069458007812511,42.0,12.0
5162,124,500,91,early_first_window,1,0.758,-0.05069458007812511,42.0,12.0
5163,124,500,91,early_first_window,1,0.758,-0.05069458007812511,42.0,12.0
5164,124,500,91,early_first_window,1,0.758,-0.05069458007812511,42.0,12.0
5165,124,500,91,early_first_window,1,0.758,-0.05069458007812511,42.0,12.0
5166,124,500,91,early_first_window,1,0.758,-0.05069458007812511,42.0,12.0
5167,124,500,91,early_first_window,1,0.758,-0.05069458007812511,42.0,12.0
5168,124,500,91,early_first_window,1,0.758,-0.05069458007812511,42.0,12.0
5169,124,500,91,early_first_window,1,0.758,-0.05069458007812511,42.0,12.0
5170,124,500,91,early_first_window,1,0.758,-0.05069458007812511,42.0,12.0
5171,124,500,91,early_first_window,1,0.758,-0.05069458007812511,42.0,12.0
5172,124,500,91,early_first_window,1,0.758,-0.05069458007812511,42.0,12.0
5173,124,500,91,early_first_window,1,0.758,-0.05069458007812511,42.0,12.0
5174,124,500,91,early_first_window,1,0.758,-0.05069458007812511,42.0,12.0
5175,124,500,91,early_first_window,1,0.758,-0.05069458007812511,42.0,12.0
5176,124,500,91,early_first_window,1,0.758,-0.05069458007812511,42.0,12.0
5177,124,500,91,early_first_window,1,0.76,-0.05069458007812511,42.0,12.0
5178,124,500,91,early_first_window,1,0.76,-0.05069458007812511,42.0,12.0
5179,124,500,91,early_first_window,1,0.76,-0.05069458007812511,42.0,12.0
5180,124,500,91,early_first_window,1,0.76,-0.05069458007812511,42.0,12.0
5181,124,500,91,early_first_window,1,0.76,-0.05069458007812511,42.0,12.0
5182,124,500,91,early_first_window,1,0.76,-0.05069458007812511,42.0,12.0
5183,124,500,91,early_first_window,1,0.76,-0.05069458007812511,42.0,12.0
5184,124,500,91,early_first_window,1,0.76,-0.05069458007812511,42.0,12.0
5185,124,500,91,early_first_window,1,0.76,-0.05069458007812511,42.0,12.0
5186,124,500,91,early_first_window,1,0.76,-0.05069458007812511,42.0,12.0
5187,124,500,91,early_first_window,1,0.76,-0.05069458007812511,42.0,12.0
5188,124,500,91,early_first_window,1,0.76,-0.05069458007812511,42.0,12.0
5189,124,500,91,early_first_window,1,0.76,-0.05069458007812511,42.0,12.0
5190,124,500,91,early_first_window,1,0.76,-0.05069458007812511,42.0,12.0
5191,124,500,91,early_first_window,1,0.76,-0.05069458007812511,42.0,12.0
5192,124,500,91,early_first_window,1,0.76,-0.05069458007812511,42.0,12.0
5193,124,500,91,early_first_window,1,0.76,-0.05069458007812511,42.0,12.0
5194,124,500,91,early_first_window,1,0.76,-0.05069458007812511,42.0,12.0
5195,124,500,91,early_first_window,1,0.76,-0.05069458007812511,42.0,12.0
5196,124,500,91,early_first_window,1,0.76,-0.05069458007812511,42.0,12.0
5197,124,500,91,early_first_window,1,0.76,-0.05069458007812511,42.0,12.0
5198,124,500,91,early_first_window,1,0.76,-0.05069458007812511,42.0,12.0
5199,124,500,91,early_first_window,1,0.76,-0.05069458007812511,42.0,12.0
5200,125,500,12,early_first_window,1,0.0020000000000000018,0.006311645507812491,0.0,11.0
5201,125,500,12,early_first_window,1,0.0020000000000000018,0.006311645507812491,0.0,11.0
5202,125,500,12,early_first_window,1,0.0020000000000000018,0.006311645507812491,0.0,11.0
5203,125,500,12,early_first_window,1,0.0020000000000000018,0.006311645507812491,0.0,11.0
5204,125,500,12,early_first_window,1,0.0020000000000000018,0.006311645507812491,0.0,11.0
5205,125,500,12,early_first_window,1,0.0020000000000000018,0.006311645507812491,0.0,11.0
5206,125,500,12,early_first_window,1,0.0020000000000000018,0.006311645507812491,0.0,11.0
5207,125,500,12,early_first_window,1,0.0020000000000000018,0.006311645507812491,0.0,11.0
5208,125,500,12,early_first_window,1,0.0020000000000000018,0.006311645507812491,0.0,11.0
5209,125,500,12,early_first_window,1,0.0020000000000000018,0.006311645507812491,0.0,11.0
5210,125,500,12,early_first_window,1,0.0020000000000000018,0.006311645507812491,0.0,11.0
5211,125,500,12,early_first_window,1,0.0020000000000000018,0.006311645507812491,0.0,11.0
5212,125,500,12,early_first_window,1,0.0020000000000000018,0.006311645507812491,0.0,11.0
5213,125,500,12,early_first_window,1,0.0020000000000000018,0.006311645507812491,0.0,11.0
5214,125,500,12,early_first_window,1,0.0020000000000000018,0.006311645507812491,0.0,11.0
5215,125,500,12,early_first_window,1,0.0020000000000000018,0.006311645507812491,0.0,11.0
5216,125,500,12,early_first_window,1,0.0020000000000000018,0.006311645507812491,0.0,11.0
5217,125,500,12,early_first_window,1,0.0020000000000000018,0.006311645507812491,0.0,11.0
5218,125,500,12,early_first_window,1,0.0020000000000000018,0.006311645507812491,0.0,11.0
5219,125,500,12,early_first_window,1,0.0020000000000000018,0.006311645507812491,0.0,11.0
5220,125,500,12,early_first_window,1,0.0020000000000000018,0.006311645507812491,0.0,11.0
5221,125,500,12,early_first_window,1,0.0020000000000000018,0.006311645507812491,0.0,11.0
5222,125,500,12,early_first_window,1,0.0020000000000000018,0.006311645507812491,0.0,11.0
5223,125,500,12,early_first_window,1,0.0020000000000000018,0.006311645507812491,0.0,11.0
5224,125,500,12,early_first_window,1,0.0020000000000000018,0.006311645507812491,0.0,11.0
5225,125,500,12,early_first_window,1,0.0020000000000000018,0.006311645507812491,0.0,11.0
5226,125,500,12,early_first_window,1,0.0020000000000000018,0.006311645507812491,0.0,11.0
5227,125,500,12,early_first_window,1,0.0020000000000000018,0.006311645507812491,0.0,11.0
5228,125,500,12,early_first_window,1,0.0020000000000000018,0.006311645507812491,0.0,11.0
5229,125,500,12,early_first_window,1,0.0020000000000000018,0.006311645507812491,0.0,11.0
5230,125,500,12,early_first_window,1,0.0020000000000000018,0.006311645507812491,0.0,11.0
5231,125,500,12,early_first_window,1,0.0020000000000000018,0.006311645507812491,0.0,11.0
5232,125,500,12,early_first_window,1,0.0020000000000000018,0.006311645507812491,0.0,11.0
5233,125,500,12,early_first_window,1,0.0020000000000000018,0.006311645507812491,0.0,11.0
5234,125,500,12,early_first_window,1,0.0020000000000000018,0.006311645507812491,0.0,11.0
5235,125,500,12,early_first_window,1,0.0020000000000000018,0.006311645507812491,0.0,11.0
5236,125,500,12,early_first_window,1,0.0020000000000000018,0.006311645507812491,0.0,11.0
5237,125,500,12,early_first_window,1,0.0020000000000000018,0.006311645507812491,0.0,11.0
5238,125,500,12,early_first_window,1,0.0020000000000000018,0.006311645507812491,0.0,11.0
5239,125,500,12,early_first_window,1,0.0020000000000000018,0.006311645507812491,0.0,11.0
5240,126,500,89,early_first_window,1,0.73,0.024805419921875016,43.0,25.0
5241,126,500,89,early_first_window,1,0.73,0.024805419921875016,43.0,25.0
5242,126,500,89,early_first_window,1,0.73,0.024805419921875016,43.0,25.0
5243,126,500,89,early_first_window,1,0.73,0.024805419921875016,43.0,25.0
5244,126,500,89,early_first_window,1,0.73,0.024805419921875016,43.0,25.0
5245,126,500,89,early_first_window,1,0.73,0.024805419921875016,43.0,25.0
5246,126,500,89,early_first_window,1,0.73,0.024805419921875016,43.0,25.0
5247,126,500,89,early_first_window,1,0.73,0.024805419921875016,43.0,25.0
5248,126,500,89,early_first_window,1,0.73,0.024805419921875016,43.0,25.0
5249,126,500,89,early_first_window,1,0.73,0.024805419921875016,43.0,25.0
5250,126,500,89,early_first_window,1,0.73,0.024805419921875016,43.0,25.0
5251,126,500,89,early_first_window,1,0.73,0.024805419921875016,43.0,25.0
5252,126,500,89,early_first_window,1,0.73,0.024805419921875016,43.0,25.0
5253,126,500,89,early_first_window,1,0.73,0.024805419921875016,43.0,25.0
5254,126,500,89,early_first_window,1,0.73,0.024805419921875016,43.0,25.0
5255,126,500,89,early_first_window,1,0.73,0.024805419921875016,43.0,25.0
5256,126,500,89,early_first_window,1,0.73,0.024805419921875016,43.0,25.0
5257,126,500,89,early_first_window,1,0.73,0.024805419921875016,43.0,25.0
5258,126,500,89,early_first_window,1,0.73,0.024805419921875016,43.0,25.0
5259,126,500,89,early_first_window,1,0.73,0.024805419921875016,43.0,25.0
5260,126,500,89,early_first_window,1,0.73,0.024805419921875016,43.0,25.0
5261,126,500,89,early_first_window,1,0.73,0.024805419921875016,43.0,25.0
5262,126,500,89,early_first_window,1,0.73,0.024805419921875016,43.0,25.0
5263,126,500,89,early_first_window,1,0.73,0.024805419921875016,43.0,25.0
5264,126,500,89,early_first_window,1,0.73,0.024805419921875016,43.0,25.0
5265,126,500,89,early_first_window,1,0.73,0.024805419921875016,43.0,25.0
5266,126,500,89,early_first_window,1,0.73,0.024805419921875016,43.0,25.0
5267,126,500,89,early_first_window,1,0.73,0.024805419921875016,43.0,25.0
5268,126,500,89,early_first_window,1,0.73,0.024805419921875016,43.0,25.0
5269,126,500,89,early_first_window,1,0.73,0.024805419921875016,43.0,25.0
5270,126,500,89,early_first_window,1,0.73,0.024805419921875016,43.0,25.0
5271,126,500,89,early_first_window,1,0.73,0.024805419921875016,43.0,25.0
5272,126,500,89,early_first_window,1,0.73,0.024805419921875016,43.0,25.0
5273,126,500,89,early_first_window,1,0.73,0.024805419921875016,43.0,25.0
5274,126,500,89,early_first_window,1,0.73,0.024805419921875016,43.0,25.0
5275,126,500,89,early_first_window,1,0.73,0.024805419921875016,43.0,25.0
5276,126,500,89,early_first_window,1,0.73,0.024805419921875016,43.0,25.0
5277,126,500,89,early_first_window,1,0.73,0.024805419921875016,43.0,25.0
5278,126,500,89,early_first_window,1,0.73,0.024805419921875016,43.0,25.0
5279,126,500,89,early_first_window,1,0.73,0.024805419921875016,43.0,25.0
5280,127,500,119,early_first_window,1,0.6679999999999999,-0.08324768066406252,50.0,27.0
5281,127,500,119,early_first_window,1,0.6679999999999999,-0.08324768066406252,50.0,27.0
5282,127,500,119,early_first_window,1,0.6679999999999999,-0.08324768066406252,50.0,27.0
5283,127,500,119,early_first_window,1,0.6679999999999999,-0.08324768066406252,50.0,27.0
5284,127,500,119,early_first_window,1,0.6679999999999999,-0.08324768066406252,50.0,27.0
5285,127,500,119,early_first_window,1,0.6679999999999999,-0.08324768066406252,50.0,27.0
5286,127,500,119,early_first_window,1,0.6679999999999999,-0.08324768066406252,50.0,27.0
5287,127,500,119,early_first_window,1,0.6679999999999999,-0.08324768066406252,50.0,27.0
5288,127,500,119,early_first_window,1,0.6679999999999999,-0.08324768066406252,50.0,27.0
5289,127,500,119,early_first_window,1,0.6699999999999999,-0.08324768066406252,50.0,27.0
5290,127,500,119,early_first_window,1,0.6699999999999999,-0.08324768066406252,50.0,27.0
5291,127,500,119,early_first_window,1,0.6699999999999999,-0.08324768066406252,50.0,27.0
5292,127,500,119,early_first_window,1,0.6699999999999999,-0.08324768066406252,50.0,27.0
5293,127,500,119,early_first_window,1,0.6699999999999999,-0.08324768066406252,50.0,27.0
5294,127,500,119,early_first_window,1,0.6699999999999999,-0.08324768066406252,50.0,27.0
5295,127,500,119,early_first_window,1,0.6699999999999999,-0.08324768066406252,50.0,27.0
5296,127,500,119,early_first_window,1,0.6699999999999999,-0.08324768066406252,50.0,27.0
5297,127,500,119,early_first_window,1,0.6699999999999999,-0.08324768066406252,50.0,27.0
5298,127,500,119,early_first_window,1,0.6699999999999999,-0.08324768066406252,50.0,27.0
5299,127,500,119,early_first_window,1,0.6699999999999999,-0.08324768066406252,50.0,27.0
5300,127,500,119,early_first_window,1,0.6699999999999999,-0.08324768066406252,50.0,27.0
5301,127,500,119,early_first_window,1,0.6699999999999999,-0.08324768066406252,50.0,27.0
5302,127,500,119,early_first_window,1,0.6699999999999999,-0.08324768066406252,50.0,27.0
5303,127,500,119,early_first_window,1,0.6699999999999999,-0.08324768066406252,50.0,27.0
5304,127,500,119,early_first_window,1,0.6699999999999999,-0.08324768066406252,50.0,27.0
5305,127,500,119,early_first_window,1,0.6699999999999999,-0.08324768066406252,50.0,27.0
5306,127,500,119,early_first_window,1,0.6699999999999999,-0.08324768066406252,50.0,27.0
5307,127,500,119,early_first_window,1,0.6699999999999999,-0.08324768066406252,50.0,27.0
5308,127,500,119,early_first_window,1,0.6699999999999999,-0.08324768066406252,50.0,27.0
5309,127,500,119,early_first_window,1,0.6699999999999999,-0.08324768066406252,50.0,27.0
5310,127,500,119,early_first_window,1,0.6699999999999999,-0.08324768066406252,50.0,27.0
5311,127,500,119,early_first_window,1,0.6699999999999999,-0.08324768066406252,50.0,27.0
5312,127,500,119,early_first_window,1,0.6699999999999999,-0.08324768066406252,50.0,27.0
5313,127,500,119,early_first_window,1,0.6699999999999999,-0.08324768066406252,50.0,27.0
5314,127,500,119,early_first_window,1,0.6699999999999999,-0.08324768066406252,50.0,27.0
5315,127,500,119,early_first_window,1,0.6699999999999999,-0.08324768066406252,50.0,27.0
5316,127,500,119,early_first_window,1,0.6699999999999999,-0.08324768066406252,50.0,27.0
5317,127,500,119,early_first_window,1,0.6699999999999999,-0.08324768066406252,50.0,27.0
5318,127,500,119,early_first_window,1,0.6699999999999999,-0.08324768066406252,50.0,27.0
5319,127,500,119,early_first_window,1,0.6699999999999999,-0.08324768066406252,50.0,27.0
5320,128,500,112,early_first_window,1,0.736,-0.08547399902343744,61.0,26.0
5321,128,500,112,early_first_window,1,0.736,-0.08547399902343744,61.0,26.0
5322,128,500,112,early_first_window,1,0.736,-0.08547399902343744,61.0,26.0
5323,128,500,112,early_first_window,1,0.736,-0.08547399902343744,61.0,26.0
5324,128,500,112,early_first_window,1,0.736,-0.08547399902343744,61.0,26.0
5325,128,500,112,early_first_window,1,0.736,-0.08547399902343744,61.0,26.0
5326,128,500,112,early_first_window,1,0.736,-0.08547399902343744,61.0,26.0
5327,128,500,112,early_first_window,1,0.736,-0.08547399902343744,61.0,26.0
5328,128,500,112,early_first_window,1,0.736,-0.08547399902343744,61.0,26.0
5329,128,500,112,early_first_window,1,0.736,-0.08547399902343744,61.0,26.0
5330,128,500,112,early_first_window,1,0.736,-0.08547399902343744,61.0,26.0
5331,128,500,112,early_first_window,1,0.736,-0.08547399902343744,61.0,26.0
5332,128,500,112,early_first_window,1,0.736,-0.08547399902343744,61.0,26.0
5333,128,500,112,early_first_window,1,0.736,-0.08547399902343744,61.0,26.0
5334,128,500,112,early_first_window,1,0.736,-0.08547399902343744,61.0,26.0
5335,128,500,112,early_first_window,1,0.736,-0.08547399902343744,61.0,26.0
5336,128,500,112,early_first_window,1,0.736,-0.08547399902343744,61.0,26.0
5337,128,500,112,early_first_window,1,0.736,-0.08547399902343744,61.0,26.0
5338,128,500,112,early_first_window,1,0.736,-0.08547399902343744,61.0,26.0
5339,128,500,112,early_first_window,1,0.736,-0.08547399902343744,61.0,26.0
5340,128,500,112,early_first_window,1,0.736,-0.08547399902343744,61.0,26.0
5341,128,500,112,early_first_window,1,0.736,-0.08547399902343744,61.0,26.0
5342,128,500,112,early_first_window,1,0.736,-0.08547399902343744,61.0,26.0
5343,128,500,112,early_first_window,1,0.736,-0.08547399902343744,61.0,26.0
5344,128,500,112,early_first_window,1,0.736,-0.08547399902343744,61.0,26.0
5345,128,500,112,early_first_window,1,0.736,-0.08547399902343744,61.0,26.0
5346,128,500,112,early_first_window,1,0.736,-0.08547399902343744,61.0,26.0
5347,128,500,112,early_first_window,1,0.736,-0.08547399902343744,61.0,26.0
5348,128,500,112,early_first_window,1,0.736,-0.08547399902343744,61.0,26.0
5349,128,500,112,early_first_window,1,0.736,-0.08547399902343744,61.0,26.0
5350,128,500,112,early_first_window,1,0.736,-0.08547399902343744,61.0,26.0
5351,128,500,112,early_first_window,1,0.736,-0.08547399902343744,61.0,26.0
5352,128,500,112,early_first_window,1,0.736,-0.08547399902343744,61.0,26.0
5353,128,500,112,early_first_window,1,0.736,-0.08547399902343744,61.0,26.0
5354,128,500,102,early_first_window,1,0.81,-0.044702880859375016,61.0,26.0
5355,128,500,94,early_first_window,1,0.792,-0.0348789062499999,59.0,26.0
5356,128,500,94,early_first_window,1,0.792,-0.0348789062499999,59.0,26.0
5357,128,500,94,early_first_window,1,0.792,-0.0348789062499999,59.0,26.0
5358,128,500,94,early_first_window,1,0.792,-0.0348789062499999,59.0,26.0
5359,128,500,94,early_first_window,1,0.792,-0.0348789062499999,59.0,26.0
5360,129,500,28,early_first_window,1,0.016000000000000014,0.027866333007812494,15.0,26.0
5361,129,500,28,early_first_window,1,0.016000000000000014,0.027866333007812494,15.0,26.0
5362,129,500,28,early_first_window,1,0.016000000000000014,0.027866333007812494,15.0,26.0
5363,129,500,28,early_first_window,1,0.016000000000000014,0.027866333007812494,15.0,26.0
5364,129,500,28,early_first_window,1,0.016000000000000014,0.027866333007812494,15.0,26.0
5365,129,500,28,early_first_window,1,0.016000000000000014,0.027866333007812494,15.0,26.0
5366,129,500,28,early_first_window,1,0.016000000000000014,0.027866333007812494,15.0,26.0
5367,129,500,28,early_first_window,1,0.016000000000000014,0.027866333007812494,15.0,26.0
5368,129,500,28,early_first_window,1,0.016000000000000014,0.027866333007812494,15.0,26.0
5369,129,500,28,early_first_window,1,0.016000000000000014,0.027866333007812494,15.0,26.0
5370,129,500,28,early_first_window,1,0.016000000000000014,0.027866333007812494,15.0,26.0
5371,129,500,28,early_first_window,1,0.016000000000000014,0.027866333007812494,15.0,26.0
5372,129,500,28,early_first_window,1,0.016000000000000014,0.027866333007812494,15.0,26.0
5373,129,500,28,early_first_window,1,0.016000000000000014,0.027866333007812494,15.0,26.0
5374,129,500,28,early_first_window,1,0.016000000000000014,0.027866333007812494,15.0,26.0
5375,129,500,28,early_first_window,1,0.016000000000000014,0.027866333007812494,15.0,26.0
5376,129,500,28,early_first_window,1,0.016000000000000014,0.027866333007812494,15.0,26.0
5377,129,500,28,early_first_window,1,0.016000000000000014,0.027866333007812494,15.0,26.0
5378,129,500,28,early_first_window,1,0.016000000000000014,0.027866333007812494,15.0,26.0
5379,129,500,28,early_first_window,1,0.016000000000000014,0.027866333007812494,15.0,26.0
5380,129,500,28,early_first_window,1,0.016000000000000014,0.027866333007812494,15.0,26.0
5381,129,500,28,early_first_window,1,0.016000000000000014,0.027866333007812494,15.0,26.0
5382,129,500,28,early_first_window,1,0.016000000000000014,0.027866333007812494,15.0,26.0
5383,129,500,28,early_first_window,1,0.016000000000000014,0.027866333007812494,15.0,26.0
5384,129,500,28,early_first_window,1,0.016000000000000014,0.027866333007812494,15.0,26.0
5385,129,500,28,early_first_window,1,0.016000000000000014,0.027866333007812494,15.0,26.0
5386,129,500,28,early_first_window,1,0.016000000000000014,0.027866333007812494,15.0,26.0
5387,129,500,28,early_first_window,1,0.016000000000000014,0.027866333007812494,15.0,26.0
5388,129,500,28,early_first_window,1,0.016000000000000014,0.027866333007812494,15.0,26.0
5389,129,500,28,early_first_window,1,0.016000000000000014,0.027866333007812494,15.0,26.0
5390,129,500,28,early_first_window,1,0.016000000000000014,0.027866333007812494,15.0,26.0
5391,129,500,28,early_first_window,1,0.016000000000000014,0.027866333007812494,15.0,26.0
5392,129,500,28,early_first_window,1,0.016000000000000014,0.027866333007812494,15.0,26.0
5393,129,500,28,early_first_window,1,0.016000000000000014,0.027866333007812494,15.0,26.0
5394,129,500,28,early_first_window,1,0.016000000000000014,0.027866333007812494,15.0,26.0
5395,129,500,28,early_first_window,1,0.016000000000000014,0.027866333007812494,15.0,26.0
5396,129,500,28,early_first_window,1,0.016000000000000014,0.027866333007812494,15.0,26.0
5397,129,500,28,early_first_window,1,0.016000000000000014,0.027866333007812494,15.0,26.0
5398,129,500,28,early_first_window,1,0.016000000000000014,0.027866333007812494,15.0,26.0
5399,129,500,28,early_first_window,1,0.016000000000000014,0.027866333007812494,15.0,26.0
5400,130,500,90,early_first_window,1,0.706,0.006989257812500038,49.0,25.0
5401,130,500,90,early_first_window,1,0.706,0.006989257812500038,49.0,25.0
5402,130,500,90,early_first_window,1,0.706,0.006989257812500038,49.0,25.0
5403,130,500,90,early_first_window,1,0.706,0.006989257812500038,49.0,25.0
5404,130,500,90,early_first_window,1,0.706,0.006989257812500038,49.0,25.0
5405,130,500,90,early_first_window,1,0.706,0.006989257812500038,49.0,25.0
5406,130,500,90,early_first_window,1,0.706,0.006989257812500038,49.0,25.0
5407,130,500,90,early_first_window,1,0.706,0.006989257812500038,49.0,25.0
5408,130,500,90,early_first_window,1,0.706,0.006989257812500038,49.0,25.0
5409,130,500,90,early_first_window,1,0.706,0.006989257812500038,49.0,25.0
5410,130,500,90,early_first_window,1,0.706,0.006989257812500038,49.0,25.0
5411,130,500,90,early_first_window,1,0.706,0.006989257812500038,49.0,25.0
5412,130,500,90,early_first_window,1,0.706,0.006989257812500038,49.0,25.0
5413,130,500,90,early_first_window,1,0.706,0.006989257812500038,49.0,25.0
5414,130,500,90,early_first_window,1,0.706,0.006989257812500038,49.0,25.0
5415,130,500,90,early_first_window,1,0.706,0.006989257812500038,49.0,25.0
5416,130,500,90,early_first_window,1,0.706,0.006989257812500038,49.0,25.0
5417,130,500,90,early_first_window,1,0.706,0.006989257812500038,49.0,25.0
5418,130,500,90,early_first_window,1,0.706,0.006989257812500038,49.0,25.0
5419,130,500,90,early_first_window,1,0.706,0.006989257812500038,49.0,25.0
5420,130,500,90,early_first_window,1,0.706,0.006989257812500038,49.0,25.0
5421,130,500,90,early_first_window,1,0.706,0.006989257812500038,49.0,25.0
5422,130,500,90,early_first_window,1,0.706,0.006989257812500038,49.0,25.0
5423,130,500,90,early_first_window,1,0.706,0.006989257812500038,49.0,25.0
5424,130,500,90,early_first_window,1,0.706,0.006989257812500038,49.0,25.0
5425,130,500,90,early_first_window,1,0.706,0.006989257812500038,49.0,25.0
5426,130,500,90,early_first_window,1,0.706,0.006989257812500038,49.0,25.0
5427,130,500,90,early_first_window,1,0.706,0.006989257812500038,49.0,25.0
5428,130,500,90,early_first_window,1,0.706,0.006989257812500038,49.0,25.0
5429,130,500,90,early_first_window,1,0.706,0.006989257812500038,49.0,25.0
5430,130,500,90,early_first_window,1,0.706,0.006989257812500038,49.0,25.0
5431,130,500,90,early_first_window,1,0.706,0.006989257812500038,49.0,25.0
5432,130,500,90,early_first_window,1,0.706,0.006989257812500038,49.0,25.0
5433,130,500,90,early_first_window,1,0.706,0.006989257812500038,49.0,25.0
5434,130,500,90,early_first_window,1,0.708,0.006989257812500038,49.0,25.0
5435,130,500,90,early_first_window,1,0.708,0.006989257812500038,49.0,25.0
5436,130,500,90,early_first_window,1,0.708,0.006989257812500038,49.0,25.0
5437,130,500,90,early_first_window,1,0.708,0.006989257812500038,49.0,25.0
5438,130,500,90,early_first_window,1,0.708,0.006989257812500038,49.0,25.0
5439,130,500,90,early_first_window,1,0.708,0.006989257812500038,49.0,25.0
5440,131,500,86,early_first_window,1,0.802,-0.0008359374999999947,43.0,25.0
5441,131,500,86,early_first_window,1,0.802,-0.0008359374999999947,43.0,25.0
5442,131,500,86,early_first_window,1,0.802,-0.0008359374999999947,43.0,25.0
5443,131,500,86,early_first_window,1,0.802,-0.0008359374999999947,43.0,25.0
5444,131,500,86,early_first_window,1,0.802,-0.0008359374999999947,43.0,25.0
5445,131,500,86,early_first_window,1,0.802,-0.0008359374999999947,43.0,25.0
5446,131,500,86,early_first_window,1,0.802,-0.0008359374999999947,43.0,25.0
5447,131,500,86,early_first_window,1,0.802,-0.0008359374999999947,43.0,25.0
5448,131,500,86,early_first_window,1,0.802,-0.0008359374999999947,43.0,25.0
5449,131,500,86,early_first_window,1,0.802,-0.0008359374999999947,43.0,25.0
5450,131,500,86,early_first_window,1,0.802,-0.0008359374999999947,43.0,25.0
5451,131,500,86,early_first_window,1,0.802,-0.0008359374999999947,43.0,25.0
5452,131,500,86,early_first_window,1,0.802,-0.0008359374999999947,43.0,25.0
5453,131,500,86,early_first_window,1,0.802,-0.0008359374999999947,43.0,25.0
5454,131,500,86,early_first_window,1,0.802,-0.0008359374999999947,43.0,25.0
5455,131,500,86,early_first_window,1,0.802,-0.0008359374999999947,43.0,25.0
5456,131,500,86,early_first_window,1,0.802,-0.0008359374999999947,43.0,25.0
5457,131,500,86,early_first_window,1,0.802,-0.0008359374999999947,43.0,25.0
5458,131,500,86,early_first_window,1,0.802,-0.0008359374999999947,43.0,25.0
5459,131,500,86,early_first_window,1,0.802,-0.0008359374999999947,43.0,25.0
5460,131,500,86,early_first_window,1,0.802,-0.0008359374999999947,43.0,25.0
5461,131,500,86,early_first_window,1,0.802,-0.0008359374999999947,43.0,25.0
5462,131,500,86,early_first_window,1,0.802,-0.0008359374999999947,43.0,25.0
5463,131,500,86,early_first_window,1,0.802,-0.0008359374999999947,43.0,25.0
5464,131,500,86,early_first_window,1,0.802,-0.0008359374999999947,43.0,25.0
5465,131,500,86,early_first_window,1,0.802,-0.0008359374999999947,43.0,25.0
5466,131,500,86,early_first_window,1,0.802,-0.0008359374999999947,43.0,25.0
5467,131,500,86,early_first_window,1,0.802,-0.0008359374999999947,43.0,25.0
5468,131,500,86,early_first_window,1,0.802,-0.0008359374999999947,43.0,25.0
5469,131,500,86,early_first_window,1,0.802,-0.0008359374999999947,43.0,25.0
5470,131,500,86,early_first_window,1,0.802,-0.0008359374999999947,43.0,25.0
5471,131,500,86,early_first_window,1,0.802,-0.0008359374999999947,43.0,25.0
5472,131,500,86,early_first_window,1,0.802,-0.0008359374999999947,43.0,25.0
5473,131,500,86,early_first_window,1,0.802,-0.0008359374999999947,43.0,25.0
5474,131,500,86,early_first_window,1,0.802,-0.0008359374999999947,43.0,25.0
5475,131,500,86,early_first_window,1,0.802,-0.0008359374999999947,43.0,25.0
5476,131,500,86,early_first_window,1,0.802,-0.0008359374999999947,43.0,25.0
5477,131,500,86,early_first_window,1,0.802,-0.0008359374999999947,43.0,25.0
5478,131,500,86,early_first_window,1,0.802,-0.0008359374999999947,43.0,25.0
5479,131,500,86,early_first_window,1,0.802,-0.0008359374999999947,43.0,25.0
5480,132,500,128,early_first_window,1,0.746,-0.09233544921875003,55.0,25.0
5481,132,500,128,early_first_window,1,0.746,-0.09233544921875003,55.0,25.0
5482,132,500,128,early_first_window,1,0.746,-0.09233544921875003,55.0,25.0
5483,132,500,128,early_first_window,1,0.746,-0.09233544921875003,55.0,25.0
5484,132,500,128,early_first_window,1,0.746,-0.09233544921875003,55.0,25.0
5485,132,500,128,early_first_window,1,0.746,-0.09233544921875003,55.0,25.0
5486,132,500,128,early_first_window,1,0.746,-0.09233544921875003,55.0,25.0
5487,132,500,128,early_first_window,1,0.746,-0.09233544921875003,55.0,25.0
5488,132,500,128,early_first_window,1,0.746,-0.09233544921875003,55.0,25.0
5489,132,500,128,early_first_window,1,0.746,-0.09233544921875003,55.0,25.0
5490,132,500,128,early_first_window,1,0.746,-0.09233544921875003,55.0,25.0
5491,132,500,128,early_first_window,1,0.746,-0.09233544921875003,55.0,25.0
5492,132,500,128,early_first_window,1,0.746,-0.09233544921875003,55.0,25.0
5493,132,500,128,early_first_window,1,0.746,-0.09233544921875003,55.0,25.0
5494,132,500,128,early_first_window,1,0.746,-0.09233544921875003,55.0,25.0
5495,132,500,128,early_first_window,1,0.746,-0.09233544921875003,55.0,25.0
5496,132,500,128,early_first_window,1,0.746,-0.09233544921875003,55.0,25.0
5497,132,500,128,early_first_window,1,0.746,-0.09233544921875003,55.0,25.0
5498,132,500,128,early_first_window,1,0.746,-0.09233544921875003,55.0,25.0
5499,132,500,128,early_first_window,1,0.746,-0.09233544921875003,55.0,25.0
5500,132,500,128,early_first_window,1,0.746,-0.09233544921875003,55.0,25.0
5501,132,500,128,early_first_window,1,0.746,-0.09233544921875003,55.0,25.0
5502,132,500,128,early_first_window,1,0.746,-0.09233544921875003,55.0,25.0
5503,132,500,128,early_first_window,1,0.746,-0.09233544921875003,55.0,25.0
5504,132,500,128,early_first_window,1,0.746,-0.09233544921875003,55.0,25.0
5505,132,500,128,early_first_window,1,0.746,-0.09233544921875003,55.0,25.0
5506,132,500,128,early_first_window,1,0.746,-0.09233544921875003,55.0,25.0
5507,132,500,128,early_first_window,1,0.746,-0.09233544921875003,55.0,25.0
5508,132,500,128,early_first_window,1,0.746,-0.09233544921875003,55.0,25.0
5509,132,500,128,early_first_window,1,0.746,-0.09233544921875003,55.0,25.0
5510,132,500,128,early_first_window,1,0.746,-0.09233544921875003,55.0,25.0
5511,132,500,128,early_first_window,1,0.746,-0.09233544921875003,55.0,25.0
5512,132,500,128,early_first_window,1,0.746,-0.09233544921875003,55.0,25.0
5513,132,500,128,early_first_window,1,0.746,-0.09233544921875003,55.0,25.0
5514,132,500,128,early_first_window,1,0.746,-0.09233544921875003,55.0,25.0
5515,132,500,128,early_first_window,1,0.746,-0.09233544921875003,55.0,25.0
5516,132,500,128,early_first_window,1,0.746,-0.09233544921875003,55.0,25.0
5517,132,500,128,early_first_window,1,0.746,-0.09233544921875003,55.0,25.0
5518,132,500,128,early_first_window,1,0.746,-0.09233544921875003,55.0,25.0
5519,132,500,128,early_first_window,1,0.746,-0.09233544921875003,55.0,25.0
5520,133,500,86,early_first_window,1,0.6659999999999999,-0.157515380859375,39.0,18.0
5521,133,500,86,early_first_window,1,0.6659999999999999,-0.157515380859375,39.0,18.0
5522,133,500,86,early_first_window,1,0.6659999999999999,-0.157515380859375,39.0,18.0
5523,133,500,86,early_first_window,1,0.6659999999999999,-0.157515380859375,39.0,18.0
5524,133,500,86,early_first_window,1,0.6659999999999999,-0.157515380859375,39.0,18.0
5525,133,500,86,early_first_window,1,0.6659999999999999,-0.157515380859375,39.0,18.0
5526,133,500,86,early_first_window,1,0.6659999999999999,-0.157515380859375,39.0,18.0
5527,133,500,86,early_first_window,1,0.6659999999999999,-0.157515380859375,39.0,18.0
5528,133,500,86,early_first_window,1,0.6659999999999999,-0.157515380859375,39.0,18.0
5529,133,500,86,early_first_window,1,0.6659999999999999,-0.157515380859375,39.0,18.0
5530,133,500,86,early_first_window,1,0.6659999999999999,-0.157515380859375,39.0,18.0
5531,133,500,86,early_first_window,1,0.6659999999999999,-0.157515380859375,39.0,18.0
5532,133,500,86,early_first_window,1,0.6659999999999999,-0.157515380859375,39.0,18.0
5533,133,500,86,early_first_window,1,0.6659999999999999,-0.157515380859375,39.0,18.0
5534,133,500,86,early_first_window,1,0.6659999999999999,-0.157515380859375,39.0,18.0
5535,133,500,86,early_first_window,1,0.6659999999999999,-0.157515380859375,39.0,18.0
5536,133,500,86,early_first_window,1,0.6659999999999999,-0.157515380859375,39.0,18.0
5537,133,500,86,early_first_window,1,0.6659999999999999,-0.157515380859375,39.0,18.0
5538,133,500,86,early_first_window,1,0.6659999999999999,-0.157515380859375,39.0,18.0
5539,133,500,86,early_first_window,1,0.6659999999999999,-0.157515380859375,39.0,18.0
5540,133,500,86,early_first_window,1,0.6659999999999999,-0.157515380859375,39.0,18.0
5541,133,500,86,early_first_window,1,0.6659999999999999,-0.157515380859375,39.0,18.0
5542,133,500,86,early_first_window,1,0.6659999999999999,-0.157515380859375,39.0,18.0
5543,133,500,86,early_first_window,1,0.6659999999999999,-0.157515380859375,39.0,18.0
5544,133,500,86,early_first_window,1,0.6659999999999999,-0.157515380859375,39.0,18.0
5545,133,500,86,early_first_window,1,0.6659999999999999,-0.157515380859375,39.0,18.0
5546,133,500,86,early_first_window,1,0.6659999999999999,-0.157515380859375,39.0,18.0
5547,133,500,86,early_first_window,1,0.6659999999999999,-0.157515380859375,39.0,18.0
5548,133,500,86,early_first_window,1,0.6659999999999999,-0.157515380859375,39.0,18.0
5549,133,500,86,early_first_window,1,0.6659999999999999,-0.157515380859375,39.0,18.0
5550,133,500,86,early_first_window,1,0.6659999999999999,-0.157515380859375,39.0,18.0
5551,133,500,86,early_first_window,1,0.6659999999999999,-0.157515380859375,39.0,18.0
5552,133,500,86,early_first_window,1,0.6659999999999999,-0.157515380859375,39.0,18.0
5553,133,500,86,early_first_window,1,0.6659999999999999,-0.157515380859375,39.0,18.0
5554,133,500,86,early_first_window,1,0.6659999999999999,-0.157515380859375,39.0,18.0
5555,133,500,86,early_first_window,1,0.6659999999999999,-0.157515380859375,39.0,18.0
5556,133,500,86,early_first_window,1,0.6659999999999999,-0.157515380859375,39.0,18.0
5557,133,500,86,early_first_window,1,0.6659999999999999,-0.157515380859375,39.0,18.0
5558,133,500,86,early_first_window,1,0.6659999999999999,-0.157515380859375,39.0,18.0
5559,133,500,86,early_first_window,1,0.6659999999999999,-0.157515380859375,39.0,18.0
5560,134,500,105,early_first_window,1,0.746,-0.004089233398437475,68.0,25.0
5561,134,500,105,early_first_window,1,0.746,-0.004089233398437475,68.0,25.0
5562,134,500,105,early_first_window,1,0.746,-0.004089233398437475,68.0,25.0
5563,134,500,105,early_first_window,1,0.746,-0.004089233398437475,68.0,25.0
5564,134,500,105,early_first_window,1,0.746,-0.004089233398437475,68.0,25.0
5565,134,500,105,early_first_window,1,0.746,-0.004089233398437475,68.0,25.0
5566,134,500,105,early_first_window,1,0.746,-0.004089233398437475,68.0,25.0
5567,134,500,105,early_first_window,1,0.746,-0.004089233398437475,68.0,25.0
5568,134,500,105,early_first_window,1,0.746,-0.004089233398437475,68.0,25.0
5569,134,500,105,early_first_window,1,0.746,-0.004089233398437475,68.0,25.0
5570,134,500,105,early_first_window,1,0.746,-0.004089233398437475,68.0,25.0
5571,134,500,105,early_first_window,1,0.746,-0.004089233398437475,68.0,25.0
5572,134,500,105,early_first_window,1,0.746,-0.004089233398437475,68.0,25.0
5573,134,500,105,early_first_window,1,0.746,-0.004089233398437475,68.0,25.0
5574,134,500,105,early_first_window,1,0.746,-0.004089233398437475,68.0,25.0
5575,134,500,105,early_first_window,1,0.746,-0.004089233398437475,68.0,25.0
5576,134,500,105,early_first_window,1,0.746,-0.004089233398437475,68.0,25.0
5577,134,500,105,early_first_window,1,0.746,-0.004089233398437475,68.0,25.0
5578,134,500,105,early_first_window,1,0.746,-0.004089233398437475,68.0,25.0
5579,134,500,105,early_first_window,1,0.746,-0.004089233398437475,68.0,25.0
5580,134,500,105,early_first_window,1,0.746,-0.004089233398437475,68.0,25.0
5581,134,500,105,early_first_window,1,0.746,-0.004089233398437475,68.0,25.0
5582,134,500,105,early_first_window,1,0.746,-0.004089233398437475,68.0,25.0
5583,134,500,105,early_first_window,1,0.746,-0.004089233398437475,68.0,25.0
5584,134,500,105,early_first_window,1,0.746,-0.004089233398437475,68.0,25.0
5585,134,500,105,early_first_window,1,0.746,-0.004089233398437475,68.0,25.0
5586,134,500,105,early_first_window,1,0.746,-0.004089233398437475,68.0,25.0
5587,134,500,105,early_first_window,1,0.746,-0.004089233398437475,68.0,25.0
5588,134,500,105,early_first_window,1,0.746,-0.004089233398437475,68.0,25.0
5589,134,500,105,early_first_window,1,0.746,-0.004089233398437475,68.0,25.0
5590,134,500,105,early_first_window,1,0.746,-0.004089233398437475,68.0,25.0
5591,134,500,105,early_first_window,1,0.746,-0.004089233398437475,68.0,25.0
5592,134,500,105,early_first_window,1,0.746,-0.004089233398437475,68.0,25.0
5593,134,500,105,early_first_window,1,0.746,-0.004089233398437475,68.0,25.0
5594,134,500,105,early_first_window,1,0.746,-0.004089233398437475,68.0,25.0
5595,134,500,105,early_first_window,1,0.746,-0.004089233398437475,68.0,25.0
5596,134,500,105,early_first_window,1,0.746,-0.004089233398437475,68.0,25.0
5597,134,500,105,early_first_window,1,0.746,-0.004089233398437475,68.0,25.0
5598,134,500,105,early_first_window,1,0.746,-0.004089233398437475,68.0,25.0
5599,134,500,105,early_first_window,1,0.746,-0.004089233398437475,68.0,25.0
5600,135,500,89,early_first_window,1,0.75,0.024805419921875016,44.0,25.0
5601,135,500,89,early_first_window,1,0.75,0.024805419921875016,44.0,25.0
5602,135,500,89,early_first_window,1,0.75,0.024805419921875016,44.0,25.0
5603,135,500,89,early_first_window,1,0.75,0.024805419921875016,44.0,25.0
5604,135,500,89,early_first_window,1,0.75,0.024805419921875016,44.0,25.0
5605,135,500,89,early_first_window,1,0.75,0.024805419921875016,44.0,25.0
5606,135,500,89,early_first_window,1,0.75,0.024805419921875016,44.0,25.0
5607,135,500,89,early_first_window,1,0.75,0.024805419921875016,44.0,25.0
5608,135,500,89,early_first_window,1,0.75,0.024805419921875016,44.0,25.0
5609,135,500,89,early_first_window,1,0.75,0.024805419921875016,44.0,25.0
5610,135,500,89,early_first_window,1,0.75,0.024805419921875016,44.0,25.0
5611,135,500,89,early_first_window,1,0.75,0.024805419921875016,44.0,25.0
5612,135,500,89,early_first_window,1,0.75,0.024805419921875016,44.0,25.0
5613,135,500,89,early_first_window,1,0.75,0.024805419921875016,44.0,25.0
5614,135,500,89,early_first_window,1,0.75,0.024805419921875016,44.0,25.0
5615,135,500,89,early_first_window,1,0.75,0.024805419921875016,44.0,25.0
5616,135,500,89,early_first_window,1,0.75,0.024805419921875016,44.0,25.0
5617,135,500,89,early_first_window,1,0.75,0.024805419921875016,44.0,25.0
5618,135,500,89,early_first_window,1,0.75,0.024805419921875016,44.0,25.0
5619,135,500,89,early_first_window,1,0.75,0.024805419921875016,44.0,25.0
5620,135,500,89,early_first_window,1,0.75,0.024805419921875016,44.0,25.0
5621,135,500,89,early_first_window,1,0.75,0.024805419921875016,44.0,25.0
5622,135,500,89,early_first_window,1,0.75,0.024805419921875016,44.0,25.0
5623,135,500,89,early_first_window,1,0.75,0.024805419921875016,44.0,25.0
5624,135,500,89,early_first_window,1,0.75,0.024805419921875016,44.0,25.0
5625,135,500,89,early_first_window,1,0.75,0.024805419921875016,44.0,25.0
5626,135,500,89,early_first_window,1,0.75,0.024805419921875016,44.0,25.0
5627,135,500,89,early_first_window,1,0.75,0.024805419921875016,44.0,25.0
5628,135,500,89,early_first_window,1,0.75,0.024805419921875016,44.0,25.0
5629,135,500,89,early_first_window,1,0.75,0.024805419921875016,44.0,25.0
5630,135,500,89,early_first_window,1,0.75,0.024805419921875016,44.0,25.0
5631,135,500,89,early_first_window,1,0.75,0.024805419921875016,44.0,25.0
5632,135,500,89,early_first_window,1,0.75,0.024805419921875016,44.0,25.0
5633,135,500,89,early_first_window,1,0.75,0.024805419921875016,44.0,25.0
5634,135,500,89,early_first_window,1,0.75,0.024805419921875016,44.0,25.0
5635,135,500,89,early_first_window,1,0.75,0.024805419921875016,44.0,25.0
5636,135,500,89,early_first_window,1,0.75,0.024805419921875016,44.0,25.0
5637,135,500,89,early_first_window,1,0.75,0.024805419921875016,44.0,25.0
5638,135,500,89,early_first_window,1,0.75,0.024805419921875016,44.0,25.0
5639,135,500,89,early_first_window,1,0.75,0.024805419921875016,44.0,25.0
5640,136,500,12,early_first_window,1,0.0020000000000000018,0.006311645507812491,0.0,11.0
5641,136,500,12,early_first_window,1,0.0020000000000000018,0.006311645507812491,0.0,11.0
5642,136,500,12,early_first_window,1,0.0020000000000000018,0.006311645507812491,0.0,11.0
5643,136,500,12,early_first_window,1,0.0020000000000000018,0.006311645507812491,0.0,11.0
5644,136,500,12,early_first_window,1,0.0020000000000000018,0.006311645507812491,0.0,11.0
5645,136,500,12,early_first_window,1,0.0020000000000000018,0.006311645507812491,0.0,11.0
5646,136,500,12,early_first_window,1,0.0020000000000000018,0.006311645507812491,0.0,11.0
5647,136,500,12,early_first_window,1,0.0020000000000000018,0.006311645507812491,0.0,11.0
5648,136,500,12,early_first_window,1,0.0020000000000000018,0.006311645507812491,0.0,11.0
5649,136,500,12,early_first_window,1,0.0020000000000000018,0.006311645507812491,0.0,11.0
5650,136,500,12,early_first_window,1,0.0020000000000000018,0.006311645507812491,0.0,11.0
5651,136,500,12,early_first_window,1,0.0020000000000000018,0.006311645507812491,0.0,11.0
5652,136,500,12,early_first_window,1,0.0020000000000000018,0.006311645507812491,0.0,11.0
5653,136,500,12,early_first_window,1,0.0020000000000000018,0.006311645507812491,0.0,11.0
5654,136,500,12,early_first_window,1,0.0020000000000000018,0.006311645507812491,0.0,11.0
5655,136,500,12,early_first_window,1,0.0020000000000000018,0.006311645507812491,0.0,11.0
5656,136,500,12,early_first_window,1,0.0020000000000000018,0.006311645507812491,0.0,11.0
5657,136,500,12,early_first_window,1,0.0020000000000000018,0.006311645507812491,0.0,11.0
5658,136,500,12,early_first_window,1,0.0020000000000000018,0.006311645507812491,0.0,11.0
5659,136,500,12,early_first_window,1,0.0020000000000000018,0.006311645507812491,0.0,11.0
5660,136,500,12,early_first_window,1,0.0020000000000000018,0.006311645507812491,0.0,11.0
5661,136,500,12,early_first_window,1,0.0020000000000000018,0.006311645507812491,0.0,11.0
5662,136,500,12,early_first_window,1,0.0020000000000000018,0.006311645507812491,0.0,11.0
5663,136,500,12,early_first_window,1,0.0020000000000000018,0.006311645507812491,0.0,11.0
5664,136,500,12,early_first_window,1,0.0020000000000000018,0.006311645507812491,0.0,11.0
5665,136,500,12,early_first_window,1,0.0020000000000000018,0.006311645507812491,0.0,11.0
5666,136,500,12,early_first_window,1,0.0020000000000000018,0.006311645507812491,0.0,11.0
5667,136,500,12,early_first_window,1,0.0020000000000000018,0.006311645507812491,0.0,11.0
5668,136,500,12,early_first_window,1,0.0020000000000000018,0.006311645507812491,0.0,11.0
5669,136,500,12,early_first_window,1,0.0020000000000000018,0.006311645507812491,0.0,11.0
5670,136,500,12,early_first_window,1,0.0020000000000000018,0.006311645507812491,0.0,11.0
5671,136,500,12,early_first_window,1,0.0020000000000000018,0.006311645507812491,0.0,11.0
5672,136,500,12,early_first_window,1,0.0020000000000000018,0.006311645507812491,0.0,11.0
5673,136,500,12,early_first_window,1,0.0020000000000000018,0.006311645507812491,0.0,11.0
5674,136,500,12,early_first_window,1,0.0020000000000000018,0.006311645507812491,0.0,11.0
5675,136,500,12,early_first_window,1,0.0020000000000000018,0.006311645507812491,0.0,11.0
5676,136,500,12,early_first_window,1,0.0020000000000000018,0.006311645507812491,0.0,11.0
5677,136,500,12,early_first_window,1,0.0020000000000000018,0.006311645507812491,0.0,11.0
5678,136,500,12,early_first_window,1,0.0020000000000000018,0.006311645507812491,0.0,11.0
5679,136,500,12,early_first_window,1,0.0020000000000000018,0.006311645507812491,0.0,11.0
5680,137,500,87,early_first_window,1,0.748,0.06370190429687494,31.0,86.0
5681,137,500,87,early_first_window,1,0.748,0.06370190429687494,31.0,86.0
5682,137,500,87,early_first_window,1,0.748,0.06370190429687494,31.0,86.0
5683,137,500,87,early_first_window,1,0.748,0.06370190429687494,31.0,86.0
5684,137,500,87,early_first_window,1,0.748,0.06370190429687494,31.0,86.0
5685,137,500,87,early_first_window,1,0.748,0.06370190429687494,31.0,86.0
5686,137,500,87,early_first_window,1,0.748,0.06370190429687494,31.0,86.0
5687,137,500,87,early_first_window,1,0.748,0.06370190429687494,31.0,86.0
5688,137,500,87,early_first_window,1,0.748,0.06370190429687494,31.0,86.0
5689,137,500,87,early_first_window,1,0.752,0.06370190429687494,33.0,86.0
5690,137,500,87,early_first_window,1,0.752,0.06370190429687494,33.0,86.0
5691,137,500,87,early_first_window,1,0.752,0.06370190429687494,33.0,86.0
5692,137,500,87,early_first_window,1,0.752,0.06370190429687494,33.0,86.0
5693,137,500,87,early_first_window,1,0.752,0.06370190429687494,33.0,86.0
5694,137,500,87,early_first_window,1,0.752,0.06370190429687494,33.0,86.0
5695,137,500,87,early_first_window,1,0.752,0.06370190429687494,33.0,86.0
5696,137,500,87,early_first_window,1,0.752,0.06370190429687494,33.0,86.0
5697,137,500,87,early_first_window,1,0.752,0.06370190429687494,33.0,86.0
5698,137,500,87,early_first_window,1,0.752,0.06370190429687494,33.0,86.0
5699,137,500,87,early_first_window,1,0.752,0.06370190429687494,33.0,86.0
5700,137,500,87,early_first_window,1,0.752,0.06370190429687494,33.0,86.0
5701,137,500,87,early_first_window,1,0.752,0.06370190429687494,33.0,86.0
5702,137,500,87,early_first_window,1,0.752,0.06370190429687494,33.0,86.0
5703,137,500,87,early_first_window,1,0.752,0.06370190429687494,33.0,86.0
5704,137,500,87,early_first_window,1,0.752,0.06370190429687494,33.0,86.0
5705,137,500,87,early_first_window,1,0.752,0.06370190429687494,33.0,86.0
5706,137,500,87,early_first_window,1,0.752,0.06370190429687494,33.0,86.0
5707,137,500,87,early_first_window,1,0.752,0.06370190429687494,33.0,86.0
5708,137,500,87,early_first_window,1,0.752,0.06370190429687494,33.0,86.0
5709,137,500,87,early_first_window,1,0.752,0.06370190429687494,33.0,86.0
5710,137,500,87,early_first_window,1,0.754,0.06370190429687494,33.0,86.0
5711,137,500,87,early_first_window,1,0.754,0.06370190429687494,33.0,86.0
5712,137,500,87,early_first_window,1,0.754,0.06370190429687494,33.0,86.0
5713,137,500,87,early_first_window,1,0.754,0.06370190429687494,33.0,86.0
5714,137,500,87,early_first_window,1,0.754,0.06370190429687494,33.0,86.0
5715,137,500,87,early_first_window,1,0.754,0.06370190429687494,33.0,86.0
5716,137,500,87,early_first_window,1,0.754,0.06370190429687494,33.0,86.0
5717,137,500,87,early_first_window,1,0.754,0.06370190429687494,33.0,86.0
5718,137,500,87,early_first_window,1,0.754,0.06370190429687494,33.0,86.0
5719,137,500,87,early_first_window,1,0.754,0.06370190429687494,33.0,86.0
5720,138,500,98,early_first_window,1,0.6779999999999999,-0.02319470214843755,44.0,25.0
5721,138,500,98,early_first_window,1,0.6779999999999999,-0.02319470214843755,44.0,25.0
5722,138,500,98,early_first_window,1,0.6779999999999999,-0.02319470214843755,44.0,25.0
5723,138,500,98,early_first_window,1,0.6779999999999999,-0.02319470214843755,44.0,25.0
5724,138,500,98,early_first_window,1,0.6779999999999999,-0.02319470214843755,44.0,25.0
5725,138,500,98,early_first_window,1,0.6779999999999999,-0.02319470214843755,44.0,25.0
5726,138,500,98,early_first_window,1,0.6779999999999999,-0.02319470214843755,44.0,25.0
5727,138,500,98,early_first_window,1,0.6779999999999999,-0.02319470214843755,44.0,25.0
5728,138,500,98,early_first_window,1,0.6779999999999999,-0.02319470214843755,44.0,25.0
5729,138,500,98,early_first_window,1,0.7,-0.02319470214843755,44.0,25.0
5730,138,500,98,early_first_window,1,0.7,-0.02319470214843755,44.0,25.0
5731,138,500,98,early_first_window,1,0.7,-0.02319470214843755,44.0,25.0
5732,138,500,98,early_first_window,1,0.7,-0.02319470214843755,44.0,25.0
5733,138,500,98,early_first_window,1,0.7,-0.02319470214843755,44.0,25.0
5734,138,500,98,early_first_window,1,0.7,-0.02319470214843755,44.0,25.0
5735,138,500,98,early_first_window,1,0.7,-0.02319470214843755,44.0,25.0
5736,138,500,98,early_first_window,1,0.7,-0.02319470214843755,44.0,25.0
5737,138,500,98,early_first_window,1,0.7,-0.02319470214843755,44.0,25.0
5738,138,500,98,early_first_window,1,0.7,-0.02319470214843755,44.0,25.0
5739,138,500,98,early_first_window,1,0.7,-0.02319470214843755,44.0,25.0
5740,138,500,98,early_first_window,1,0.7,-0.02319470214843755,44.0,25.0
5741,138,500,98,early_first_window,1,0.7,-0.02319470214843755,44.0,25.0
5742,138,500,98,early_first_window,1,0.7,-0.02319470214843755,44.0,25.0
5743,138,500,98,early_first_window,1,0.7,-0.02319470214843755,44.0,25.0
5744,138,500,98,early_first_window,1,0.7,-0.02319470214843755,44.0,25.0
5745,138,500,98,early_first_window,1,0.7,-0.02319470214843755,44.0,25.0
5746,138,500,98,early_first_window,1,0.7,-0.02319470214843755,44.0,25.0
5747,138,500,98,early_first_window,1,0.7,-0.02319470214843755,44.0,25.0
5748,138,500,98,early_first_window,1,0.7,-0.02319470214843755,44.0,25.0
5749,138,500,98,early_first_window,1,0.7,-0.02319470214843755,44.0,25.0
5750,138,500,98,early_first_window,1,0.7,-0.02319470214843755,44.0,25.0
5751,138,500,98,early_first_window,1,0.7,-0.02319470214843755,44.0,25.0
5752,138,500,98,early_first_window,1,0.7,-0.02319470214843755,44.0,25.0
5753,138,500,98,early_first_window,1,0.7,-0.02319470214843755,44.0,25.0
5754,138,500,98,early_first_window,1,0.7,-0.02319470214843755,44.0,25.0
5755,138,500,98,early_first_window,1,0.7,-0.02319470214843755,44.0,25.0
5756,138,500,98,early_first_window,1,0.7,-0.02319470214843755,44.0,25.0
5757,138,500,98,early_first_window,1,0.7,-0.02319470214843755,44.0,25.0
5758,138,500,98,early_first_window,1,0.7,-0.02319470214843755,44.0,25.0
5759,138,500,98,early_first_window,1,0.7,-0.02319470214843755,44.0,25.0
5760,139,500,12,early_first_window,1,0.0020000000000000018,0.006311645507812491,0.0,11.0
5761,139,500,12,early_first_window,1,0.0020000000000000018,0.006311645507812491,0.0,11.0
5762,139,500,12,early_first_window,1,0.0020000000000000018,0.006311645507812491,0.0,11.0
5763,139,500,12,early_first_window,1,0.0020000000000000018,0.006311645507812491,0.0,11.0
5764,139,500,12,early_first_window,1,0.0020000000000000018,0.006311645507812491,0.0,11.0
5765,139,500,12,early_first_window,1,0.0020000000000000018,0.006311645507812491,0.0,11.0
5766,139,500,12,early_first_window,1,0.0020000000000000018,0.006311645507812491,0.0,11.0
5767,139,500,12,early_first_window,1,0.0020000000000000018,0.006311645507812491,0.0,11.0
5768,139,500,12,early_first_window,1,0.0020000000000000018,0.006311645507812491,0.0,11.0
5769,139,500,12,early_first_window,1,0.0020000000000000018,0.006311645507812491,0.0,11.0
5770,139,500,12,early_first_window,1,0.0020000000000000018,0.006311645507812491,0.0,11.0
5771,139,500,12,early_first_window,1,0.0020000000000000018,0.006311645507812491,0.0,11.0
5772,139,500,12,early_first_window,1,0.0020000000000000018,0.006311645507812491,0.0,11.0
5773,139,500,12,early_first_window,1,0.0020000000000000018,0.006311645507812491,0.0,11.0
5774,139,500,12,early_first_window,1,0.0020000000000000018,0.006311645507812491,0.0,11.0
5775,139,500,12,early_first_window,1,0.0020000000000000018,0.006311645507812491,0.0,11.0
5776,139,500,12,early_first_window,1,0.0020000000000000018,0.006311645507812491,0.0,11.0
5777,139,500,12,early_first_window,1,0.0020000000000000018,0.006311645507812491,0.0,11.0
5778,139,500,12,early_first_window,1,0.0020000000000000018,0.006311645507812491,0.0,11.0
5779,139,500,12,early_first_window,1,0.0020000000000000018,0.006311645507812491,0.0,11.0
5780,139,500,12,early_first_window,1,0.0020000000000000018,0.006311645507812491,0.0,11.0
5781,139,500,12,early_first_window,1,0.0020000000000000018,0.006311645507812491,0.0,11.0
5782,139,500,12,early_first_window,1,0.0020000000000000018,0.006311645507812491,0.0,11.0
5783,139,500,12,early_first_window,1,0.0020000000000000018,0.006311645507812491,0.0,11.0
5784,139,500,12,early_first_window,1,0.0020000000000000018,0.006311645507812491,0.0,11.0
5785,139,500,12,early_first_window,1,0.0020000000000000018,0.006311645507812491,0.0,11.0
5786,139,500,12,early_first_window,1,0.0020000000000000018,0.006311645507812491,0.0,11.0
5787,139,500,12,early_first_window,1,0.0020000000000000018,0.006311645507812491,0.0,11.0
5788,139,500,12,early_first_window,1,0.0020000000000000018,0.006311645507812491,0.0,11.0
5789,139,500,12,early_first_window,1,0.0020000000000000018,0.006311645507812491,0.0,11.0
5790,139,500,12,early_first_window,1,0.0020000000000000018,0.006311645507812491,0.0,11.0
5791,139,500,12,early_first_window,1,0.0020000000000000018,0.006311645507812491,0.0,11.0
5792,139,500,12,early_first_window,1,0.0020000000000000018,0.006311645507812491,0.0,11.0
5793,139,500,12,early_first_window,1,0.0020000000000000018,0.006311645507812491,0.0,11.0
5794,139,500,12,early_first_window,1,0.0020000000000000018,0.006311645507812491,0.0,11.0
5795,139,500,12,early_first_window,1,0.0020000000000000018,0.006311645507812491,0.0,11.0
5796,139,500,12,early_first_window,1,0.0020000000000000018,0.006311645507812491,0.0,11.0
5797,139,500,12,early_first_window,1,0.0020000000000000018,0.006311645507812491,0.0,11.0
5798,139,500,12,early_first_window,1,0.0020000000000000018,0.006311645507812491,0.0,11.0
5799,139,500,12,early_first_window,1,0.0020000000000000018,0.006311645507812491,0.0,11.0
5800,140,500,149,early_first_window,1,0.786,-0.2634510498046876,76.0,26.0
5801,140,500,149,early_first_window,1,0.786,-0.2634510498046876,76.0,26.0
5802,140,500,149,early_first_window,1,0.786,-0.2634510498046876,76.0,26.0
5803,140,500,149,early_first_window,1,0.786,-0.2634510498046876,76.0,26.0
5804,140,500,149,early_first_window,1,0.786,-0.2634510498046876,76.0,26.0
5805,140,500,149,early_first_window,1,0.786,-0.2634510498046876,76.0,26.0
5806,140,500,149,early_first_window,1,0.786,-0.2634510498046876,76.0,26.0
5807,140,500,149,early_first_window,1,0.786,-0.2634510498046876,76.0,26.0
5808,140,500,149,early_first_window,1,0.786,-0.2634510498046876,76.0,26.0
5809,140,500,149,early_first_window,1,0.786,-0.2634510498046876,76.0,26.0
5810,140,500,149,early_first_window,1,0.786,-0.2634510498046876,76.0,26.0
5811,140,500,149,early_first_window,1,0.786,-0.2634510498046876,76.0,26.0
5812,140,500,149,early_first_window,1,0.786,-0.2634510498046876,76.0,26.0
5813,140,500,149,early_first_window,1,0.786,-0.2634510498046876,76.0,26.0
5814,140,500,149,early_first_window,1,0.786,-0.2634510498046876,76.0,26.0
5815,140,500,149,early_first_window,1,0.786,-0.2634510498046876,76.0,26.0
5816,140,500,149,early_first_window,1,0.786,-0.2634510498046876,76.0,26.0
5817,140,500,149,early_first_window,1,0.786,-0.2634510498046876,76.0,26.0
5818,140,500,149,early_first_window,1,0.786,-0.2634510498046876,76.0,26.0
5819,140,500,149,early_first_window,1,0.786,-0.2634510498046876,76.0,26.0
5820,140,500,149,early_first_window,1,0.786,-0.2634510498046876,76.0,26.0
5821,140,500,149,early_first_window,1,0.786,-0.2634510498046876,76.0,26.0
5822,140,500,149,early_first_window,1,0.786,-0.2634510498046876,76.0,26.0
5823,140,500,149,early_first_window,1,0.786,-0.2634510498046876,76.0,26.0
5824,140,500,149,early_first_window,1,0.786,-0.2634510498046876,76.0,26.0
5825,140,500,149,early_first_window,1,0.786,-0.2634510498046876,76.0,26.0
5826,140,500,149,early_first_window,1,0.786,-0.2634510498046876,76.0,26.0
5827,140,500,149,early_first_window,1,0.786,-0.2634510498046876,76.0,26.0
5828,140,500,149,early_first_window,1,0.786,-0.2634510498046876,76.0,26.0
5829,140,500,149,early_first_window,1,0.786,-0.2634510498046876,76.0,26.0
5830,140,500,149,early_first_window,1,0.786,-0.2634510498046876,76.0,26.0
5831,140,500,149,early_first_window,1,0.786,-0.2634510498046876,76.0,26.0
5832,140,500,149,early_first_window,1,0.786,-0.2634510498046876,76.0,26.0
5833,140,500,149,early_first_window,1,0.786,-0.2634510498046876,76.0,26.0
5834,140,500,149,early_first_window,1,0.786,-0.2634510498046876,76.0,26.0
5835,140,500,149,early_first_window,1,0.786,-0.2634510498046876,76.0,26.0
5836,140,500,149,early_first_window,1,0.786,-0.2634510498046876,76.0,26.0
5837,140,500,149,early_first_window,1,0.786,-0.2634510498046876,76.0,26.0
5838,140,500,149,early_first_window,1,0.786,-0.2634510498046876,76.0,26.0
5839,140,500,149,early_first_window,1,0.786,-0.2634510498046876,76.0,26.0
5840,141,500,94,early_first_window,1,0.78,-0.006285766601562548,48.0,25.0
5841,141,500,94,early_first_window,1,0.78,-0.006285766601562548,48.0,25.0
5842,141,500,94,early_first_window,1,0.78,-0.006285766601562548,48.0,25.0
5843,141,500,94,early_first_window,1,0.78,-0.006285766601562548,48.0,25.0
5844,141,500,94,early_first_window,1,0.78,-0.006285766601562548,48.0,25.0
5845,141,500,94,early_first_window,1,0.78,-0.006285766601562548,48.0,25.0
5846,141,500,94,early_first_window,1,0.78,-0.006285766601562548,48.0,25.0
5847,141,500,94,early_first_window,1,0.78,-0.006285766601562548,48.0,25.0
5848,141,500,94,early_first_window,1,0.78,-0.006285766601562548,48.0,25.0
5849,141,500,94,early_first_window,1,0.78,-0.006285766601562548,48.0,25.0
5850,141,500,94,early_first_window,1,0.78,-0.006285766601562548,48.0,25.0
5851,141,500,94,early_first_window,1,0.78,-0.006285766601562548,48.0,25.0
5852,141,500,94,early_first_window,1,0.78,-0.006285766601562548,48.0,25.0
5853,141,500,94,early_first_window,1,0.78,-0.006285766601562548,48.0,25.0
5854,141,500,94,early_first_window,1,0.78,-0.006285766601562548,48.0,25.0
5855,141,500,94,early_first_window,1,0.78,-0.006285766601562548,48.0,25.0
5856,141,500,94,early_first_window,1,0.78,-0.006285766601562548,48.0,25.0
5857,141,500,94,early_first_window,1,0.78,-0.006285766601562548,48.0,25.0
5858,141,500,94,early_first_window,1,0.78,-0.006285766601562548,48.0,25.0
5859,141,500,94,early_first_window,1,0.78,-0.006285766601562548,48.0,25.0
5860,141,500,94,early_first_window,1,0.78,-0.006285766601562548,48.0,25.0
5861,141,500,94,early_first_window,1,0.78,-0.006285766601562548,48.0,25.0
5862,141,500,94,early_first_window,1,0.78,-0.006285766601562548,48.0,25.0
5863,141,500,94,early_first_window,1,0.78,-0.006285766601562548,48.0,25.0
5864,141,500,94,early_first_window,1,0.78,-0.006285766601562548,48.0,25.0
5865,141,500,94,early_first_window,1,0.78,-0.006285766601562548,48.0,25.0
5866,141,500,94,early_first_window,1,0.78,-0.006285766601562548,48.0,25.0
5867,141,500,94,early_first_window,1,0.78,-0.006285766601562548,48.0,25.0
5868,141,500,94,early_first_window,1,0.78,-0.006285766601562548,48.0,25.0
5869,141,500,94,early_first_window,1,0.78,-0.006285766601562548,48.0,25.0
5870,141,500,94,early_first_window,1,0.78,-0.006285766601562548,48.0,25.0
5871,141,500,94,early_first_window,1,0.78,-0.006285766601562548,48.0,25.0
5872,141,500,94,early_first_window,1,0.78,-0.006285766601562548,48.0,25.0
5873,141,500,94,early_first_window,1,0.78,-0.006285766601562548,48.0,25.0
5874,141,500,94,early_first_window,1,0.78,-0.006285766601562548,48.0,25.0
5875,141,500,94,early_first_window,1,0.78,-0.006285766601562548,48.0,25.0
5876,141,500,94,early_first_window,1,0.78,-0.006285766601562548,48.0,25.0
5877,141,500,94,early_first_window,1,0.78,-0.006285766601562548,48.0,25.0
5878,141,500,94,early_first_window,1,0.78,-0.006285766601562548,48.0,25.0
5879,141,500,94,early_first_window,1,0.78,-0.006285766601562548,48.0,25.0
5880,142,500,12,early_first_window,1,0.0020000000000000018,0.006311645507812491,0.0,11.0
5881,142,500,12,early_first_window,1,0.0020000000000000018,0.006311645507812491,0.0,11.0
5882,142,500,12,early_first_window,1,0.0020000000000000018,0.006311645507812491,0.0,11.0
5883,142,500,12,early_first_window,1,0.0020000000000000018,0.006311645507812491,0.0,11.0
5884,142,500,12,early_first_window,1,0.0020000000000000018,0.006311645507812491,0.0,11.0
5885,142,500,12,early_first_window,1,0.0020000000000000018,0.006311645507812491,0.0,11.0
5886,142,500,12,early_first_window,1,0.0020000000000000018,0.006311645507812491,0.0,11.0
5887,142,500,12,early_first_window,1,0.0020000000000000018,0.006311645507812491,0.0,11.0
5888,142,500,12,early_first_window,1,0.0020000000000000018,0.006311645507812491,0.0,11.0
5889,142,500,12,early_first_window,1,0.0020000000000000018,0.006311645507812491,0.0,11.0
5890,142,500,12,early_first_window,1,0.0020000000000000018,0.006311645507812491,0.0,11.0
5891,142,500,12,early_first_window,1,0.0020000000000000018,0.006311645507812491,0.0,11.0
5892,142,500,12,early_first_window,1,0.0020000000000000018,0.006311645507812491,0.0,11.0
5893,142,500,12,early_first_window,1,0.0020000000000000018,0.006311645507812491,0.0,11.0
5894,142,500,12,early_first_window,1,0.0020000000000000018,0.006311645507812491,0.0,11.0
5895,142,500,12,early_first_window,1,0.0020000000000000018,0.006311645507812491,0.0,11.0
5896,142,500,12,early_first_window,1,0.0020000000000000018,0.006311645507812491,0.0,11.0
5897,142,500,12,early_first_window,1,0.0020000000000000018,0.006311645507812491,0.0,11.0
5898,142,500,12,early_first_window,1,0.0020000000000000018,0.006311645507812491,0.0,11.0
5899,142,500,12,early_first_window,1,0.0020000000000000018,0.006311645507812491,0.0,11.0
5900,142,500,12,early_first_window,1,0.0020000000000000018,0.006311645507812491,0.0,11.0
5901,142,500,12,early_first_window,1,0.0020000000000000018,0.006311645507812491,0.0,11.0
5902,142,500,12,early_first_window,1,0.0020000000000000018,0.006311645507812491,0.0,11.0
5903,142,500,12,early_first_window,1,0.0020000000000000018,0.006311645507812491,0.0,11.0
5904,142,500,12,early_first_window,1,0.0020000000000000018,0.006311645507812491,0.0,11.0
5905,142,500,12,early_first_window,1,0.0020000000000000018,0.006311645507812491,0.0,11.0
5906,142,500,12,early_first_window,1,0.0020000000000000018,0.006311645507812491,0.0,11.0
5907,142,500,12,early_first_window,1,0.0020000000000000018,0.006311645507812491,0.0,11.0
5908,142,500,12,early_first_window,1,0.0020000000000000018,0.006311645507812491,0.0,11.0
5909,142,500,12,early_first_window,1,0.0020000000000000018,0.006311645507812491,0.0,11.0
5910,142,500,12,early_first_window,1,0.0020000000000000018,0.006311645507812491,0.0,11.0
5911,142,500,12,early_first_window,1,0.0020000000000000018,0.006311645507812491,0.0,11.0
5912,142,500,12,early_first_window,1,0.0020000000000000018,0.006311645507812491,0.0,11.0
5913,142,500,12,early_first_window,1,0.0020000000000000018,0.006311645507812491,0.0,11.0
5914,142,500,12,early_first_window,1,0.0020000000000000018,0.006311645507812491,0.0,11.0
5915,142,500,12,early_first_window,1,0.0020000000000000018,0.006311645507812491,0.0,11.0
5916,142,500,12,early_first_window,1,0.0020000000000000018,0.006311645507812491,0.0,11.0
5917,142,500,12,early_first_window,1,0.0020000000000000018,0.006311645507812491,0.0,11.0
5918,142,500,12,early_first_window,1,0.0020000000000000018,0.006311645507812491,0.0,11.0
5919,142,500,12,early_first_window,1,0.0020000000000000018,0.006311645507812491,0.0,11.0
5920,143,500,98,early_first_window,1,0.738,-0.05001342773437489,46.0,26.0
5921,143,500,98,early_first_window,1,0.738,-0.05001342773437489,46.0,26.0
5922,143,500,98,early_first_window,1,0.738,-0.05001342773437489,46.0,26.0
5923,143,500,98,early_first_window,1,0.738,-0.05001342773437489,46.0,26.0
5924,143,500,98,early_first_window,1,0.738,-0.05001342773437489,46.0,26.0
5925,143,500,98,early_first_window,1,0.738,-0.05001342773437489,46.0,26.0
5926,143,500,98,early_first_window,1,0.738,-0.05001342773437489,46.0,26.0
5927,143,500,98,early_first_window,1,0.738,-0.05001342773437489,46.0,26.0
5928,143,500,98,early_first_window,1,0.738,-0.05001342773437489,46.0,26.0
5929,143,500,98,early_first_window,1,0.738,-0.05001342773437489,46.0,26.0
5930,143,500,98,early_first_window,1,0.738,-0.05001342773437489,46.0,26.0
5931,143,500,98,early_first_window,1,0.738,-0.05001342773437489,46.0,26.0
5932,143,500,98,early_first_window,1,0.738,-0.05001342773437489,46.0,26.0
5933,143,500,98,early_first_window,1,0.738,-0.05001342773437489,46.0,26.0
5934,143,500,98,early_first_window,1,0.738,-0.05001342773437489,46.0,26.0
5935,143,500,98,early_first_window,1,0.738,-0.05001342773437489,46.0,26.0
5936,143,500,98,early_first_window,1,0.738,-0.05001342773437489,46.0,26.0
5937,143,500,98,early_first_window,1,0.738,-0.05001342773437489,46.0,26.0
5938,143,500,98,early_first_window,1,0.738,-0.05001342773437489,46.0,26.0
5939,143,500,98,early_first_window,1,0.738,-0.05001342773437489,46.0,26.0
5940,143,500,98,early_first_window,1,0.738,-0.05001342773437489,46.0,26.0
5941,143,500,98,early_first_window,1,0.738,-0.05001342773437489,46.0,26.0
5942,143,500,98,early_first_window,1,0.738,-0.05001342773437489,46.0,26.0
5943,143,500,98,early_first_window,1,0.738,-0.05001342773437489,46.0,26.0
5944,143,500,98,early_first_window,1,0.738,-0.05001342773437489,46.0,26.0
5945,143,500,98,early_first_window,1,0.738,-0.05001342773437489,46.0,26.0
5946,143,500,98,early_first_window,1,0.738,-0.05001342773437489,46.0,26.0
5947,143,500,98,early_first_window,1,0.738,-0.05001342773437489,46.0,26.0
5948,143,500,98,early_first_window,1,0.738,-0.05001342773437489,46.0,26.0
5949,143,500,98,early_first_window,1,0.738,-0.05001342773437489,46.0,26.0
5950,143,500,98,early_first_window,1,0.738,-0.05001342773437489,46.0,26.0
5951,143,500,98,early_first_window,1,0.738,-0.05001342773437489,46.0,26.0
5952,143,500,98,early_first_window,1,0.738,-0.05001342773437489,46.0,26.0
5953,143,500,98,early_first_window,1,0.738,-0.05001342773437489,46.0,26.0
5954,143,500,98,early_first_window,1,0.738,-0.05001342773437489,46.0,26.0
5955,143,500,98,early_first_window,1,0.738,-0.05001342773437489,46.0,26.0
5956,143,500,98,early_first_window,1,0.738,-0.05001342773437489,46.0,26.0
5957,143,500,98,early_first_window,1,0.738,-0.05001342773437489,46.0,26.0
5958,143,500,98,early_first_window,1,0.738,-0.05001342773437489,46.0,26.0
5959,143,500,98,early_first_window,1,0.738,-0.05001342773437489,46.0,26.0
5960,144,500,118,early_first_window,1,0.716,-0.033297973632812505,73.0,25.0
5961,144,500,118,early_first_window,1,0.716,-0.033297973632812505,73.0,25.0
5962,144,500,118,early_first_window,1,0.716,-0.033297973632812505,73.0,25.0
5963,144,500,118,early_first_window,1,0.716,-0.033297973632812505,73.0,25.0
5964,144,500,118,early_first_window,1,0.716,-0.033297973632812505,73.0,25.0
5965,144,500,118,early_first_window,1,0.716,-0.033297973632812505,73.0,25.0
5966,144,500,118,early_first_window,1,0.716,-0.033297973632812505,73.0,25.0
5967,144,500,118,early_first_window,1,0.716,-0.033297973632812505,73.0,25.0
5968,144,500,118,early_first_window,1,0.714,-0.033297973632812505,72.0,25.0
5969,144,500,118,early_first_window,1,0.714,-0.033297973632812505,72.0,25.0
5970,144,500,118,early_first_window,1,0.714,-0.033297973632812505,72.0,25.0
5971,144,500,118,early_first_window,1,0.714,-0.033297973632812505,72.0,25.0
5972,144,500,118,early_first_window,1,0.714,-0.033297973632812505,72.0,25.0
5973,144,500,118,early_first_window,1,0.714,-0.033297973632812505,72.0,25.0
5974,144,500,118,early_first_window,1,0.714,-0.033297973632812505,72.0,25.0
5975,144,500,118,early_first_window,1,0.714,-0.033297973632812505,72.0,25.0
5976,144,500,118,early_first_window,1,0.714,-0.033297973632812505,72.0,25.0
5977,144,500,118,early_first_window,1,0.714,-0.033297973632812505,72.0,25.0
5978,144,500,118,early_first_window,1,0.714,-0.033297973632812505,72.0,25.0
5979,144,500,118,early_first_window,1,0.714,-0.033297973632812505,72.0,25.0
5980,144,500,118,early_first_window,1,0.714,-0.033297973632812505,72.0,25.0
5981,144,500,118,early_first_window,1,0.714,-0.033297973632812505,72.0,25.0
5982,144,500,118,early_first_window,1,0.714,-0.033297973632812505,72.0,25.0
5983,144,500,118,early_first_window,1,0.714,-0.033297973632812505,72.0,25.0
5984,144,500,118,early_first_window,1,0.714,-0.033297973632812505,72.0,25.0
5985,144,500,118,early_first_window,1,0.714,-0.033297973632812505,72.0,25.0
5986,144,500,118,early_first_window,1,0.714,-0.033297973632812505,72.0,25.0
5987,144,500,118,early_first_window,1,0.714,-0.033297973632812505,72.0,25.0
5988,144,500,118,early_first_window,1,0.714,-0.033297973632812505,72.0,25.0
5989,144,500,118,early_first_window,1,0.714,-0.033297973632812505,72.0,25.0
5990,144,500,118,early_first_window,1,0.714,-0.033297973632812505,72.0,25.0
5991,144,500,118,early_first_window,1,0.714,-0.033297973632812505,72.0,25.0
5992,144,500,118,early_first_window,1,0.714,-0.033297973632812505,72.0,25.0
5993,144,500,118,early_first_window,1,0.714,-0.033297973632812505,72.0,25.0
5994,144,500,118,early_first_window,1,0.714,-0.033297973632812505,72.0,25.0
5995,144,500,118,early_first_window,1,0.714,-0.033297973632812505,72.0,25.0
5996,144,500,118,early_first_window,1,0.714,-0.033297973632812505,72.0,25.0
5997,144,500,118,early_first_window,1,0.714,-0.033297973632812505,72.0,25.0
5998,144,500,118,early_first_window,1,0.714,-0.033297973632812505,72.0,25.0
5999,144,500,118,early_first_window,1,0.714,-0.033297973632812505,72.0,25.0
6000,145,500,40,early_first_window,1,0.014000000000000012,0.01400994873046879,19.0,27.0
6001,145,500,40,early_first_window,1,0.014000000000000012,0.01400994873046879,19.0,27.0
6002,145,500,40,early_first_window,1,0.014000000000000012,0.01400994873046879,19.0,27.0
6003,145,500,40,early_first_window,1,0.014000000000000012,0.01400994873046879,19.0,27.0
6004,145,500,40,early_first_window,1,0.014000000000000012,0.01400994873046879,19.0,27.0
6005,145,500,40,early_first_window,1,0.014000000000000012,0.01400994873046879,19.0,27.0
6006,145,500,40,early_first_window,1,0.014000000000000012,0.01400994873046879,19.0,27.0
6007,145,500,40,early_first_window,1,0.014000000000000012,0.01400994873046879,19.0,27.0
6008,145,500,40,early_first_window,1,0.014000000000000012,0.01400994873046879,19.0,27.0
6009,145,500,40,early_first_window,1,0.014000000000000012,0.01400994873046879,19.0,27.0
6010,145,500,40,early_first_window,1,0.014000000000000012,0.01400994873046879,19.0,27.0
6011,145,500,40,early_first_window,1,0.014000000000000012,0.01400994873046879,19.0,27.0
6012,145,500,40,early_first_window,1,0.014000000000000012,0.01400994873046879,19.0,27.0
6013,145,500,40,early_first_window,1,0.014000000000000012,0.01400994873046879,19.0,27.0
6014,145,500,40,early_first_window,1,0.014000000000000012,0.01400994873046879,19.0,27.0
6015,145,500,40,early_first_window,1,0.014000000000000012,0.01400994873046879,19.0,27.0
6016,145,500,40,early_first_window,1,0.014000000000000012,0.01400994873046879,19.0,27.0
6017,145,500,40,early_first_window,1,0.014000000000000012,0.01400994873046879,19.0,27.0
6018,145,500,40,early_first_window,1,0.014000000000000012,0.01400994873046879,19.0,27.0
6019,145,500,40,early_first_window,1,0.014000000000000012,0.01400994873046879,19.0,27.0
6020,145,500,40,early_first_window,1,0.014000000000000012,0.01400994873046879,19.0,27.0
6021,145,500,40,early_first_window,1,0.014000000000000012,0.01400994873046879,19.0,27.0
6022,145,500,40,early_first_window,1,0.014000000000000012,0.01400994873046879,19.0,27.0
6023,145,500,40,early_first_window,1,0.014000000000000012,0.01400994873046879,19.0,27.0
6024,145,500,40,early_first_window,1,0.014000000000000012,0.01400994873046879,19.0,27.0
6025,145,500,40,early_first_window,1,0.014000000000000012,0.01400994873046879,19.0,27.0
6026,145,500,40,early_first_window,1,0.014000000000000012,0.01400994873046879,19.0,27.0
6027,145,500,40,early_first_window,1,0.014000000000000012,0.01400994873046879,19.0,27.0
6028,145,500,40,early_first_window,1,0.014000000000000012,0.01400994873046879,19.0,27.0
6029,145,500,40,early_first_window,1,0.014000000000000012,0.01400994873046879,19.0,27.0
6030,145,500,40,early_first_window,1,0.014000000000000012,0.01400994873046879,19.0,27.0
6031,145,500,40,early_first_window,1,0.014000000000000012,0.01400994873046879,19.0,27.0
6032,145,500,40,early_first_window,1,0.014000000000000012,0.01400994873046879,19.0,27.0
6033,145,500,40,early_first_window,1,0.014000000000000012,0.01400994873046879,19.0,27.0
6034,145,500,40,early_first_window,1,0.014000000000000012,0.01400994873046879,19.0,27.0
6035,145,500,40,early_first_window,1,0.014000000000000012,0.01400994873046879,19.0,27.0
6036,145,500,40,early_first_window,1,0.014000000000000012,0.01400994873046879,19.0,27.0
6037,145,500,40,early_first_window,1,0.014000000000000012,0.01400994873046879,19.0,27.0
6038,145,500,40,early_first_window,1,0.014000000000000012,0.01400994873046879,19.0,27.0
6039,145,500,40,early_first_window,1,0.014000000000000012,0.01400994873046879,19.0,27.0
6040,146,500,12,early_first_window,1,0.0020000000000000018,0.006311645507812491,0.0,11.0
6041,146,500,12,early_first_window,1,0.0020000000000000018,0.006311645507812491,0.0,11.0
6042,146,500,12,early_first_window,1,0.0020000000000000018,0.006311645507812491,0.0,11.0
6043,146,500,12,early_first_window,1,0.0020000000000000018,0.006311645507812491,0.0,11.0
6044,146,500,12,early_first_window,1,0.0020000000000000018,0.006311645507812491,0.0,11.0
6045,146,500,12,early_first_window,1,0.0020000000000000018,0.006311645507812491,0.0,11.0
6046,146,500,12,early_first_window,1,0.0020000000000000018,0.006311645507812491,0.0,11.0
6047,146,500,12,early_first_window,1,0.0020000000000000018,0.006311645507812491,0.0,11.0
6048,146,500,12,early_first_window,1,0.0020000000000000018,0.006311645507812491,0.0,11.0
6049,146,500,12,early_first_window,1,0.0020000000000000018,0.006311645507812491,0.0,11.0
6050,146,500,12,early_first_window,1,0.0020000000000000018,0.006311645507812491,0.0,11.0
6051,146,500,12,early_first_window,1,0.0020000000000000018,0.006311645507812491,0.0,11.0
6052,146,500,12,early_first_window,1,0.0020000000000000018,0.006311645507812491,0.0,11.0
6053,146,500,12,early_first_window,1,0.0020000000000000018,0.006311645507812491,0.0,11.0
6054,146,500,12,early_first_window,1,0.0020000000000000018,0.006311645507812491,0.0,11.0
6055,146,500,12,early_first_window,1,0.0020000000000000018,0.006311645507812491,0.0,11.0
6056,146,500,12,early_first_window,1,0.0020000000000000018,0.006311645507812491,0.0,11.0
6057,146,500,12,early_first_window,1,0.0020000000000000018,0.006311645507812491,0.0,11.0
6058,146,500,12,early_first_window,1,0.0020000000000000018,0.006311645507812491,0.0,11.0
6059,146,500,12,early_first_window,1,0.0020000000000000018,0.006311645507812491,0.0,11.0
6060,146,500,12,early_first_window,1,0.0020000000000000018,0.006311645507812491,0.0,11.0
6061,146,500,12,early_first_window,1,0.0020000000000000018,0.006311645507812491,0.0,11.0
6062,146,500,12,early_first_window,1,0.0020000000000000018,0.006311645507812491,0.0,11.0
6063,146,500,12,early_first_window,1,0.0020000000000000018,0.006311645507812491,0.0,11.0
6064,146,500,12,early_first_window,1,0.0020000000000000018,0.006311645507812491,0.0,11.0
6065,146,500,12,early_first_window,1,0.0020000000000000018,0.006311645507812491,0.0,11.0
6066,146,500,12,early_first_window,1,0.0020000000000000018,0.006311645507812491,0.0,11.0
6067,146,500,12,early_first_window,1,0.0020000000000000018,0.006311645507812491,0.0,11.0
6068,146,500,12,early_first_window,1,0.0020000000000000018,0.006311645507812491,0.0,11.0
6069,146,500,12,early_first_window,1,0.0020000000000000018,0.006311645507812491,0.0,11.0
6070,146,500,12,early_first_window,1,0.0020000000000000018,0.006311645507812491,0.0,11.0
6071,146,500,12,early_first_window,1,0.0020000000000000018,0.006311645507812491,0.0,11.0
6072,146,500,12,early_first_window,1,0.0020000000000000018,0.006311645507812491,0.0,11.0
6073,146,500,12,early_first_window,1,0.0020000000000000018,0.006311645507812491,0.0,11.0
6074,146,500,12,early_first_window,1,0.0020000000000000018,0.006311645507812491,0.0,11.0
6075,146,500,12,early_first_window,1,0.0020000000000000018,0.006311645507812491,0.0,11.0
6076,146,500,12,early_first_window,1,0.0020000000000000018,0.006311645507812491,0.0,11.0
6077,146,500,12,early_first_window,1,0.0020000000000000018,0.006311645507812491,0.0,11.0
6078,146,500,12,early_first_window,1,0.0020000000000000018,0.006311645507812491,0.0,11.0
6079,146,500,12,early_first_window,1,0.0020000000000000018,0.006311645507812491,0.0,11.0
6080,147,500,89,early_first_window,1,0.716,-0.024436523437499913,42.0,26.0
6081,147,500,89,early_first_window,1,0.716,-0.024436523437499913,42.0,26.0
6082,147,500,89,early_first_window,1,0.716,-0.024436523437499913,42.0,26.0
6083,147,500,89,early_first_window,1,0.716,-0.024436523437499913,42.0,26.0
6084,147,500,89,early_first_window,1,0.716,-0.024436523437499913,42.0,26.0
6085,147,500,89,early_first_window,1,0.716,-0.024436523437499913,42.0,26.0
6086,147,500,89,early_first_window,1,0.716,-0.024436523437499913,42.0,26.0
6087,147,500,89,early_first_window,1,0.716,-0.024436523437499913,42.0,26.0
6088,147,500,89,early_first_window,1,0.716,-0.024436523437499913,42.0,26.0
6089,147,500,89,early_first_window,1,0.718,-0.024436523437499913,42.0,26.0
6090,147,500,89,early_first_window,1,0.718,-0.024436523437499913,42.0,26.0
6091,147,500,89,early_first_window,1,0.718,-0.024436523437499913,42.0,26.0
6092,147,500,89,early_first_window,1,0.718,-0.024436523437499913,42.0,26.0
6093,147,500,89,early_first_window,1,0.718,-0.024436523437499913,42.0,26.0
6094,147,500,89,early_first_window,1,0.718,-0.024436523437499913,42.0,26.0
6095,147,500,89,early_first_window,1,0.718,-0.024436523437499913,42.0,26.0
6096,147,500,89,early_first_window,1,0.718,-0.024436523437499913,42.0,26.0
6097,147,500,89,early_first_window,1,0.718,-0.024436523437499913,42.0,26.0
6098,147,500,89,early_first_window,1,0.718,-0.024436523437499913,42.0,26.0
6099,147,500,89,early_first_window,1,0.718,-0.024436523437499913,42.0,26.0
6100,147,500,89,early_first_window,1,0.718,-0.024436523437499913,42.0,26.0
6101,147,500,89,early_first_window,1,0.718,-0.024436523437499913,42.0,26.0
6102,147,500,89,early_first_window,1,0.718,-0.024436523437499913,42.0,26.0
6103,147,500,89,early_first_window,1,0.718,-0.024436523437499913,42.0,26.0
6104,147,500,89,early_first_window,1,0.718,-0.024436523437499913,42.0,26.0
6105,147,500,89,early_first_window,1,0.718,-0.024436523437499913,42.0,26.0
6106,147,500,89,early_first_window,1,0.718,-0.024436523437499913,42.0,26.0
6107,147,500,89,early_first_window,1,0.718,-0.024436523437499913,42.0,26.0
6108,147,500,89,early_first_window,1,0.718,-0.024436523437499913,42.0,26.0
6109,147,500,89,early_first_window,1,0.718,-0.024436523437499913,42.0,26.0
6110,147,500,89,early_first_window,1,0.718,-0.024436523437499913,42.0,26.0
6111,147,500,89,early_first_window,1,0.718,-0.024436523437499913,42.0,26.0
6112,147,500,89,early_first_window,1,0.718,-0.024436523437499913,42.0,26.0
6113,147,500,89,early_first_window,1,0.718,-0.024436523437499913,42.0,26.0
6114,147,500,89,early_first_window,1,0.718,-0.024436523437499913,42.0,26.0
6115,147,500,89,early_first_window,1,0.718,-0.024436523437499913,42.0,26.0
6116,147,500,89,early_first_window,1,0.718,-0.024436523437499913,42.0,26.0
6117,147,500,89,early_first_window,1,0.718,-0.024436523437499913,42.0,26.0
6118,147,500,89,early_first_window,1,0.718,-0.024436523437499913,42.0,26.0
6119,147,500,89,early_first_window,1,0.718,-0.024436523437499913,42.0,26.0
6120,148,500,90,early_first_window,1,0.748,0.003966003417968711,55.0,25.0
6121,148,500,90,early_first_window,1,0.748,0.003966003417968711,55.0,25.0
6122,148,500,90,early_first_window,1,0.748,0.003966003417968711,55.0,25.0
6123,148,500,90,early_first_window,1,0.748,0.003966003417968711,55.0,25.0
6124,148,500,90,early_first_window,1,0.748,0.003966003417968711,55.0,25.0
6125,148,500,90,early_first_window,1,0.748,0.003966003417968711,55.0,25.0
6126,148,500,90,early_first_window,1,0.748,0.003966003417968711,55.0,25.0
6127,148,500,90,early_first_window,1,0.748,0.003966003417968711,55.0,25.0
6128,148,500,90,early_first_window,1,0.748,0.003966003417968711,55.0,25.0
6129,148,500,90,early_first_window,1,0.748,0.003966003417968711,55.0,25.0
6130,148,500,90,early_first_window,1,0.748,0.003966003417968711,55.0,25.0
6131,148,500,90,early_first_window,1,0.748,0.003966003417968711,55.0,25.0
6132,148,500,90,early_first_window,1,0.748,0.003966003417968711,55.0,25.0
6133,148,500,90,early_first_window,1,0.748,0.003966003417968711,55.0,25.0
6134,148,500,90,early_first_window,1,0.748,0.003966003417968711,55.0,25.0
6135,148,500,90,early_first_window,1,0.748,0.003966003417968711,55.0,25.0
6136,148,500,90,early_first_window,1,0.748,0.003966003417968711,55.0,25.0
6137,148,500,90,early_first_window,1,0.748,0.003966003417968711,55.0,25.0
6138,148,500,90,early_first_window,1,0.75,0.003966003417968711,55.0,25.0
6139,148,500,90,early_first_window,1,0.75,0.003966003417968711,55.0,25.0
6140,148,500,90,early_first_window,1,0.75,0.003966003417968711,55.0,25.0
6141,148,500,90,early_first_window,1,0.75,0.003966003417968711,55.0,25.0
6142,148,500,90,early_first_window,1,0.75,0.003966003417968711,55.0,25.0
6143,148,500,90,early_first_window,1,0.75,0.003966003417968711,55.0,25.0
6144,148,500,90,early_first_window,1,0.75,0.003966003417968711,55.0,25.0
6145,148,500,90,early_first_window,1,0.75,0.003966003417968711,55.0,25.0
6146,148,500,90,early_first_window,1,0.75,0.003966003417968711,55.0,25.0
6147,148,500,90,early_first_window,1,0.75,0.003966003417968711,55.0,25.0
6148,148,500,90,early_first_window,1,0.75,0.003966003417968711,55.0,25.0
6149,148,500,90,early_first_window,1,0.75,0.003966003417968711,55.0,25.0
6150,148,500,90,early_first_window,1,0.75,0.003966003417968711,55.0,25.0
6151,148,500,90,early_first_window,1,0.75,0.003966003417968711,55.0,25.0
6152,148,500,90,early_first_window,1,0.75,0.003966003417968711,55.0,25.0
6153,148,500,90,early_first_window,1,0.75,0.003966003417968711,55.0,25.0
6154,148,500,90,early_first_window,1,0.75,0.003966003417968711,55.0,25.0
6155,148,500,90,early_first_window,1,0.75,0.003966003417968711,55.0,25.0
6156,148,500,90,early_first_window,1,0.75,0.003966003417968711,55.0,25.0
6157,148,500,90,early_first_window,1,0.75,0.003966003417968711,55.0,25.0
6158,148,500,90,early_first_window,1,0.75,0.003966003417968711,55.0,25.0
6159,148,500,90,early_first_window,1,0.75,0.003966003417968711,55.0,25.0
6160,149,500,86,early_first_window,1,0.764,-0.0021179199218750444,44.0,25.0
6161,149,500,86,early_first_window,1,0.764,-0.0021179199218750444,44.0,25.0
6162,149,500,86,early_first_window,1,0.764,-0.0021179199218750444,44.0,25.0
6163,149,500,86,early_first_window,1,0.764,-0.0021179199218750444,44.0,25.0
6164,149,500,86,early_first_window,1,0.764,-0.0021179199218750444,44.0,25.0
6165,149,500,86,early_first_window,1,0.764,-0.0021179199218750444,44.0,25.0
6166,149,500,86,early_first_window,1,0.764,-0.0021179199218750444,44.0,25.0
6167,149,500,86,early_first_window,1,0.764,-0.0021179199218750444,44.0,25.0
6168,149,500,86,early_first_window,1,0.764,-0.0021179199218750444,44.0,25.0
6169,149,500,86,early_first_window,1,0.764,-0.0021179199218750444,44.0,25.0
6170,149,500,86,early_first_window,1,0.764,-0.0021179199218750444,44.0,25.0
6171,149,500,86,early_first_window,1,0.764,-0.0021179199218750444,44.0,25.0
6172,149,500,86,early_first_window,1,0.764,-0.0021179199218750444,44.0,25.0
6173,149,500,86,early_first_window,1,0.764,-0.0021179199218750444,44.0,25.0
6174,149,500,86,early_first_window,1,0.764,-0.0021179199218750444,44.0,25.0
6175,149,500,86,early_first_window,1,0.764,-0.0021179199218750444,44.0,25.0
6176,149,500,86,early_first_window,1,0.764,-0.0021179199218750444,44.0,25.0
6177,149,500,86,early_first_window,1,0.764,-0.0021179199218750444,44.0,25.0
6178,149,500,86,early_first_window,1,0.764,-0.0021179199218750444,44.0,25.0
6179,149,500,86,early_first_window,1,0.764,-0.0021179199218750444,44.0,25.0
6180,149,500,86,early_first_window,1,0.764,-0.0021179199218750444,44.0,25.0
6181,149,500,86,early_first_window,1,0.764,-0.0021179199218750444,44.0,25.0
6182,149,500,86,early_first_window,1,0.766,-0.0021179199218750444,44.0,25.0
6183,149,500,86,early_first_window,1,0.766,-0.0021179199218750444,44.0,25.0
6184,149,500,86,early_first_window,1,0.766,-0.0021179199218750444,44.0,25.0
6185,149,500,86,early_first_window,1,0.766,-0.0021179199218750444,44.0,25.0
6186,149,500,86,early_first_window,1,0.766,-0.0021179199218750444,44.0,25.0
6187,149,500,86,early_first_window,1,0.766,-0.0021179199218750444,44.0,25.0
6188,149,500,86,early_first_window,1,0.766,-0.0021179199218750444,44.0,25.0
6189,149,500,86,early_first_window,1,0.766,-0.0021179199218750444,44.0,25.0
6190,149,500,86,early_first_window,1,0.766,-0.0021179199218750444,44.0,25.0
6191,149,500,86,early_first_window,1,0.766,-0.0021179199218750444,44.0,25.0
6192,149,500,86,early_first_window,1,0.766,-0.0021179199218750444,44.0,25.0
6193,149,500,86,early_first_window,1,0.766,-0.0021179199218750444,44.0,25.0
6194,149,500,86,early_first_window,1,0.766,-0.0021179199218750444,44.0,25.0
6195,149,500,86,early_first_window,1,0.766,-0.0021179199218750444,44.0,25.0
6196,149,500,86,early_first_window,1,0.766,-0.0021179199218750444,44.0,25.0
6197,149,500,86,early_first_window,1,0.766,-0.0021179199218750444,44.0,25.0
6198,149,500,86,early_first_window,1,0.766,-0.0021179199218750444,44.0,25.0
6199,149,500,86,early_first_window,1,0.766,-0.0021179199218750444,44.0,25.0
6200,150,500,12,early_first_window,1,0.0020000000000000018,0.006311645507812491,0.0,11.0
6201,150,500,12,early_first_window,1,0.0020000000000000018,0.006311645507812491,0.0,11.0
6202,150,500,12,early_first_window,1,0.0020000000000000018,0.006311645507812491,0.0,11.0
6203,150,500,12,early_first_window,1,0.0020000000000000018,0.006311645507812491,0.0,11.0
6204,150,500,12,early_first_window,1,0.0020000000000000018,0.006311645507812491,0.0,11.0
6205,150,500,12,early_first_window,1,0.0020000000000000018,0.006311645507812491,0.0,11.0
6206,150,500,12,early_first_window,1,0.0020000000000000018,0.006311645507812491,0.0,11.0
6207,150,500,12,early_first_window,1,0.0020000000000000018,0.006311645507812491,0.0,11.0
6208,150,500,12,early_first_window,1,0.0020000000000000018,0.006311645507812491,0.0,11.0
6209,150,500,12,early_first_window,1,0.0020000000000000018,0.006311645507812491,0.0,11.0
6210,150,500,12,early_first_window,1,0.0020000000000000018,0.006311645507812491,0.0,11.0
6211,150,500,12,early_first_window,1,0.0020000000000000018,0.006311645507812491,0.0,11.0
6212,150,500,12,early_first_window,1,0.0020000000000000018,0.006311645507812491,0.0,11.0
6213,150,500,12,early_first_window,1,0.0020000000000000018,0.006311645507812491,0.0,11.0
6214,150,500,12,early_first_window,1,0.0020000000000000018,0.006311645507812491,0.0,11.0
6215,150,500,12,early_first_window,1,0.0020000000000000018,0.006311645507812491,0.0,11.0
6216,150,500,12,early_first_window,1,0.0020000000000000018,0.006311645507812491,0.0,11.0
6217,150,500,12,early_first_window,1,0.0020000000000000018,0.006311645507812491,0.0,11.0
6218,150,500,12,early_first_window,1,0.0020000000000000018,0.006311645507812491,0.0,11.0
6219,150,500,12,early_first_window,1,0.0020000000000000018,0.006311645507812491,0.0,11.0
6220,150,500,12,early_first_window,1,0.0020000000000000018,0.006311645507812491,0.0,11.0
6221,150,500,12,early_first_window,1,0.0020000000000000018,0.006311645507812491,0.0,11.0
6222,150,500,12,early_first_window,1,0.0020000000000000018,0.006311645507812491,0.0,11.0
6223,150,500,12,early_first_window,1,0.0020000000000000018,0.006311645507812491,0.0,11.0
6224,150,500,12,early_first_window,1,0.0020000000000000018,0.006311645507812491,0.0,11.0
6225,150,500,12,early_first_window,1,0.0020000000000000018,0.006311645507812491,0.0,11.0
6226,150,500,12,early_first_window,1,0.0020000000000000018,0.006311645507812491,0.0,11.0
6227,150,500,12,early_first_window,1,0.0020000000000000018,0.006311645507812491,0.0,11.0
6228,150,500,12,early_first_window,1,0.0020000000000000018,0.006311645507812491,0.0,11.0
6229,150,500,12,early_first_window,1,0.0020000000000000018,0.006311645507812491,0.0,11.0
6230,150,500,12,early_first_window,1,0.0020000000000000018,0.006311645507812491,0.0,11.0
6231,150,500,12,early_first_window,1,0.0020000000000000018,0.006311645507812491,0.0,11.0
6232,150,500,12,early_first_window,1,0.0020000000000000018,0.006311645507812491,0.0,11.0
6233,150,500,12,early_first_window,1,0.0020000000000000018,0.006311645507812491,0.0,11.0
6234,150,500,12,early_first_window,1,0.0020000000000000018,0.006311645507812491,0.0,11.0
6235,150,500,12,early_first_window,1,0.0020000000000000018,0.006311645507812491,0.0,11.0
6236,150,500,12,early_first_window,1,0.0020000000000000018,0.006311645507812491,0.0,11.0
6237,150,500,12,early_first_window,1,0.0020000000000000018,0.006311645507812491,0.0,11.0
6238,150,500,12,early_first_window,1,0.0020000000000000018,0.006311645507812491,0.0,11.0
6239,150,500,12,early_first_window,1,0.0020000000000000018,0.006311645507812491,0.0,11.0
6240,151,500,21,early_first_window,1,0.0020000000000000018,0.010953125000000008,0.0,13.0
6241,151,500,21,early_first_window,1,0.0020000000000000018,0.010953125000000008,0.0,13.0
6242,151,500,21,early_first_window,1,0.0020000000000000018,0.010953125000000008,0.0,13.0
6243,151,500,21,early_first_window,1,0.0020000000000000018,0.010953125000000008,0.0,13.0
6244,151,500,21,early_first_window,1,0.0020000000000000018,0.010953125000000008,0.0,13.0
6245,151,500,21,early_first_window,1,0.0020000000000000018,0.010953125000000008,0.0,13.0
6246,151,500,21,early_first_window,1,0.0020000000000000018,0.010953125000000008,0.0,13.0
6247,151,500,21,early_first_window,1,0.0020000000000000018,0.010953125000000008,0.0,13.0
6248,151,500,21,early_first_window,1,0.0020000000000000018,0.010953125000000008,0.0,13.0
6249,151,500,21,early_first_window,1,0.0020000000000000018,0.010953125000000008,0.0,13.0
6250,151,500,21,early_first_window,1,0.0020000000000000018,0.010953125000000008,0.0,13.0
6251,151,500,21,early_first_window,1,0.0020000000000000018,0.010953125000000008,0.0,13.0
6252,151,500,21,early_first_window,1,0.0020000000000000018,0.010953125000000008,0.0,13.0
6253,151,500,21,early_first_window,1,0.0020000000000000018,0.010953125000000008,0.0,13.0
6254,151,500,21,early_first_window,1,0.0020000000000000018,0.010953125000000008,0.0,13.0
6255,151,500,21,early_first_window,1,0.0020000000000000018,0.010953125000000008,0.0,13.0
6256,151,500,21,early_first_window,1,0.0020000000000000018,0.010953125000000008,0.0,13.0
6257,151,500,21,early_first_window,1,0.0020000000000000018,0.010953125000000008,0.0,13.0
6258,151,500,21,early_first_window,1,0.0020000000000000018,0.010953125000000008,0.0,13.0
6259,151,500,21,early_first_window,1,0.0020000000000000018,0.010953125000000008,0.0,13.0
6260,151,500,21,early_first_window,1,0.0020000000000000018,0.010953125000000008,0.0,13.0
6261,151,500,21,early_first_window,1,0.0020000000000000018,0.010953125000000008,0.0,13.0
6262,151,500,21,early_first_window,1,0.0020000000000000018,0.010953125000000008,0.0,13.0
6263,151,500,21,early_first_window,1,0.0020000000000000018,0.010953125000000008,0.0,13.0
6264,151,500,21,early_first_window,1,0.0020000000000000018,0.010953125000000008,0.0,13.0
6265,151,500,21,early_first_window,1,0.0020000000000000018,0.010953125000000008,0.0,13.0
6266,151,500,21,early_first_window,1,0.0020000000000000018,0.010953125000000008,0.0,13.0
6267,151,500,21,early_first_window,1,0.0020000000000000018,0.010953125000000008,0.0,13.0
6268,151,500,21,early_first_window,1,0.0020000000000000018,0.010953125000000008,0.0,13.0
6269,151,500,21,early_first_window,1,0.0020000000000000018,0.010953125000000008,0.0,13.0
6270,151,500,21,early_first_window,1,0.0020000000000000018,0.010953125000000008,0.0,13.0
6271,151,500,21,early_first_window,1,0.0020000000000000018,0.010953125000000008,0.0,13.0
6272,151,500,21,early_first_window,1,0.0020000000000000018,0.010953125000000008,0.0,13.0
6273,151,500,21,early_first_window,1,0.0020000000000000018,0.010953125000000008,0.0,13.0
6274,151,500,21,early_first_window,1,0.0020000000000000018,0.010953125000000008,0.0,13.0
6275,151,500,21,early_first_window,1,0.0020000000000000018,0.010953125000000008,0.0,13.0
6276,151,500,21,early_first_window,1,0.0020000000000000018,0.010953125000000008,0.0,13.0
6277,151,500,21,early_first_window,1,0.0020000000000000018,0.010953125000000008,0.0,13.0
6278,151,500,21,early_first_window,1,0.0020000000000000018,0.010953125000000008,0.0,13.0
6279,151,500,21,early_first_window,1,0.0020000000000000018,0.010953125000000008,0.0,13.0
6280,152,500,12,early_first_window,1,0.0020000000000000018,0.006311645507812491,0.0,11.0
6281,152,500,12,early_first_window,1,0.0020000000000000018,0.006311645507812491,0.0,11.0
6282,152,500,12,early_first_window,1,0.0020000000000000018,0.006311645507812491,0.0,11.0
6283,152,500,12,early_first_window,1,0.0020000000000000018,0.006311645507812491,0.0,11.0
6284,152,500,12,early_first_window,1,0.0020000000000000018,0.006311645507812491,0.0,11.0
6285,152,500,12,early_first_window,1,0.0020000000000000018,0.006311645507812491,0.0,11.0
6286,152,500,12,early_first_window,1,0.0020000000000000018,0.006311645507812491,0.0,11.0
6287,152,500,12,early_first_window,1,0.0020000000000000018,0.006311645507812491,0.0,11.0
6288,152,500,12,early_first_window,1,0.0020000000000000018,0.006311645507812491,0.0,11.0
6289,152,500,12,early_first_window,1,0.0020000000000000018,0.006311645507812491,0.0,11.0
6290,152,500,12,early_first_window,1,0.0020000000000000018,0.006311645507812491,0.0,11.0
6291,152,500,12,early_first_window,1,0.0020000000000000018,0.006311645507812491,0.0,11.0
6292,152,500,12,early_first_window,1,0.0020000000000000018,0.006311645507812491,0.0,11.0
6293,152,500,12,early_first_window,1,0.0020000000000000018,0.006311645507812491,0.0,11.0
6294,152,500,12,early_first_window,1,0.0020000000000000018,0.006311645507812491,0.0,11.0
6295,152,500,12,early_first_window,1,0.0020000000000000018,0.006311645507812491,0.0,11.0
6296,152,500,12,early_first_window,1,0.0020000000000000018,0.006311645507812491,0.0,11.0
6297,152,500,12,early_first_window,1,0.0020000000000000018,0.006311645507812491,0.0,11.0
6298,152,500,12,early_first_window,1,0.0020000000000000018,0.006311645507812491,0.0,11.0
6299,152,500,12,early_first_window,1,0.0020000000000000018,0.006311645507812491,0.0,11.0
6300,152,500,12,early_first_window,1,0.0020000000000000018,0.006311645507812491,0.0,11.0
6301,152,500,12,early_first_window,1,0.0020000000000000018,0.006311645507812491,0.0,11.0
6302,152,500,12,early_first_window,1,0.0020000000000000018,0.006311645507812491,0.0,11.0
6303,152,500,12,early_first_window,1,0.0020000000000000018,0.006311645507812491,0.0,11.0
6304,152,500,12,early_first_window,1,0.0020000000000000018,0.006311645507812491,0.0,11.0
6305,152,500,12,early_first_window,1,0.0020000000000000018,0.006311645507812491,0.0,11.0
6306,152,500,12,early_first_window,1,0.0020000000000000018,0.006311645507812491,0.0,11.0
6307,152,500,12,early_first_window,1,0.0020000000000000018,0.006311645507812491,0.0,11.0
6308,152,500,12,early_first_window,1,0.0020000000000000018,0.006311645507812491,0.0,11.0
6309,152,500,12,early_first_window,1,0.0020000000000000018,0.006311645507812491,0.0,11.0
6310,152,500,12,early_first_window,1,0.0020000000000000018,0.006311645507812491,0.0,11.0
6311,152,500,12,early_first_window,1,0.0020000000000000018,0.006311645507812491,0.0,11.0
6312,152,500,12,early_first_window,1,0.0020000000000000018,0.006311645507812491,0.0,11.0
6313,152,500,12,early_first_window,1,0.0020000000000000018,0.006311645507812491,0.0,11.0
6314,152,500,12,early_first_window,1,0.0020000000000000018,0.006311645507812491,0.0,11.0
6315,152,500,12,early_first_window,1,0.0020000000000000018,0.006311645507812491,0.0,11.0
6316,152,500,12,early_first_window,1,0.0020000000000000018,0.006311645507812491,0.0,11.0
6317,152,500,12,early_first_window,1,0.0020000000000000018,0.006311645507812491,0.0,11.0
6318,152,500,12,early_first_window,1,0.0020000000000000018,0.006311645507812491,0.0,11.0
6319,152,500,12,early_first_window,1,0.0020000000000000018,0.006311645507812491,0.0,11.0
6320,153,500,12,early_first_window,1,0.0020000000000000018,0.006311645507812491,0.0,11.0
6321,153,500,12,early_first_window,1,0.0020000000000000018,0.006311645507812491,0.0,11.0
6322,153,500,12,early_first_window,1,0.0020000000000000018,0.006311645507812491,0.0,11.0
6323,153,500,12,early_first_window,1,0.0020000000000000018,0.006311645507812491,0.0,11.0
6324,153,500,12,early_first_window,1,0.0020000000000000018,0.006311645507812491,0.0,11.0
6325,153,500,12,early_first_window,1,0.0020000000000000018,0.006311645507812491,0.0,11.0
6326,153,500,12,early_first_window,1,0.0020000000000000018,0.006311645507812491,0.0,11.0
6327,153,500,12,early_first_window,1,0.0020000000000000018,0.006311645507812491,0.0,11.0
6328,153,500,12,early_first_window,1,0.0020000000000000018,0.006311645507812491,0.0,11.0
6329,153,500,12,early_first_window,1,0.0020000000000000018,0.006311645507812491,0.0,11.0
6330,153,500,12,early_first_window,1,0.0020000000000000018,0.006311645507812491,0.0,11.0
6331,153,500,12,early_first_window,1,0.0020000000000000018,0.006311645507812491,0.0,11.0
6332,153,500,12,early_first_window,1,0.0020000000000000018,0.006311645507812491,0.0,11.0
6333,153,500,12,early_first_window,1,0.0020000000000000018,0.006311645507812491,0.0,11.0
6334,153,500,12,early_first_window,1,0.0020000000000000018,0.006311645507812491,0.0,11.0
6335,153,500,12,early_first_window,1,0.0020000000000000018,0.006311645507812491,0.0,11.0
6336,153,500,12,early_first_window,1,0.0020000000000000018,0.006311645507812491,0.0,11.0
6337,153,500,12,early_first_window,1,0.0020000000000000018,0.006311645507812491,0.0,11.0
6338,153,500,12,early_first_window,1,0.0020000000000000018,0.006311645507812491,0.0,11.0
6339,153,500,12,early_first_window,1,0.0020000000000000018,0.006311645507812491,0.0,11.0
6340,153,500,12,early_first_window,1,0.0020000000000000018,0.006311645507812491,0.0,11.0
6341,153,500,12,early_first_window,1,0.0020000000000000018,0.006311645507812491,0.0,11.0
6342,153,500,12,early_first_window,1,0.0020000000000000018,0.006311645507812491,0.0,11.0
6343,153,500,12,early_first_window,1,0.0020000000000000018,0.006311645507812491,0.0,11.0
6344,153,500,12,early_first_window,1,0.0020000000000000018,0.006311645507812491,0.0,11.0
6345,153,500,12,early_first_window,1,0.0020000000000000018,0.006311645507812491,0.0,11.0
6346,153,500,12,early_first_window,1,0.0020000000000000018,0.006311645507812491,0.0,11.0
6347,153,500,12,early_first_window,1,0.0020000000000000018,0.006311645507812491,0.0,11.0
6348,153,500,12,early_first_window,1,0.0020000000000000018,0.006311645507812491,0.0,11.0
6349,153,500,12,early_first_window,1,0.0020000000000000018,0.006311645507812491,0.0,11.0
6350,153,500,12,early_first_window,1,0.0020000000000000018,0.006311645507812491,0.0,11.0
6351,153,500,12,early_first_window,1,0.0020000000000000018,0.006311645507812491,0.0,11.0
6352,153,500,12,early_first_window,1,0.0020000000000000018,0.006311645507812491,0.0,11.0
6353,153,500,12,early_first_window,1,0.0020000000000000018,0.006311645507812491,0.0,11.0
6354,153,500,12,early_first_window,1,0.0020000000000000018,0.006311645507812491,0.0,11.0
6355,153,500,12,early_first_window,1,0.0020000000000000018,0.006311645507812491,0.0,11.0
6356,153,500,12,early_first_window,1,0.0020000000000000018,0.006311645507812491,0.0,11.0
6357,153,500,12,early_first_window,1,0.0020000000000000018,0.006311645507812491,0.0,11.0
6358,153,500,12,early_first_window,1,0.0020000000000000018,0.006311645507812491,0.0,11.0
6359,153,500,12,early_first_window,1,0.0020000000000000018,0.006311645507812491,0.0,11.0
6360,154,500,12,early_first_window,1,0.0020000000000000018,0.006311645507812491,0.0,11.0
6361,154,500,12,early_first_window,1,0.0020000000000000018,0.006311645507812491,0.0,11.0
6362,154,500,12,early_first_window,1,0.0020000000000000018,0.006311645507812491,0.0,11.0
6363,154,500,12,early_first_window,1,0.0020000000000000018,0.006311645507812491,0.0,11.0
6364,154,500,12,early_first_window,1,0.0020000000000000018,0.006311645507812491,0.0,11.0
6365,154,500,12,early_first_window,1,0.0020000000000000018,0.006311645507812491,0.0,11.0
6366,154,500,12,early_first_window,1,0.0020000000000000018,0.006311645507812491,0.0,11.0
6367,154,500,12,early_first_window,1,0.0020000000000000018,0.006311645507812491,0.0,11.0
6368,154,500,12,early_first_window,1,0.0020000000000000018,0.006311645507812491,0.0,11.0
6369,154,500,12,early_first_window,1,0.0020000000000000018,0.006311645507812491,0.0,11.0
6370,154,500,12,early_first_window,1,0.0020000000000000018,0.006311645507812491,0.0,11.0
6371,154,500,12,early_first_window,1,0.0020000000000000018,0.006311645507812491,0.0,11.0
6372,154,500,12,early_first_window,1,0.0020000000000000018,0.006311645507812491,0.0,11.0
6373,154,500,12,early_first_window,1,0.0020000000000000018,0.006311645507812491,0.0,11.0
6374,154,500,12,early_first_window,1,0.0020000000000000018,0.006311645507812491,0.0,11.0
6375,154,500,12,early_first_window,1,0.0020000000000000018,0.006311645507812491,0.0,11.0
6376,154,500,12,early_first_window,1,0.0020000000000000018,0.006311645507812491,0.0,11.0
6377,154,500,12,early_first_window,1,0.0020000000000000018,0.006311645507812491,0.0,11.0
6378,154,500,12,early_first_window,1,0.0020000000000000018,0.006311645507812491,0.0,11.0
6379,154,500,12,early_first_window,1,0.0020000000000000018,0.006311645507812491,0.0,11.0
6380,154,500,12,early_first_window,1,0.0020000000000000018,0.006311645507812491,0.0,11.0
6381,154,500,12,early_first_window,1,0.0020000000000000018,0.006311645507812491,0.0,11.0
6382,154,500,12,early_first_window,1,0.0020000000000000018,0.006311645507812491,0.0,11.0
6383,154,500,12,early_first_window,1,0.0020000000000000018,0.006311645507812491,0.0,11.0
6384,154,500,12,early_first_window,1,0.0020000000000000018,0.006311645507812491,0.0,11.0
6385,154,500,12,early_first_window,1,0.0020000000000000018,0.006311645507812491,0.0,11.0
6386,154,500,12,early_first_window,1,0.0020000000000000018,0.006311645507812491,0.0,11.0
6387,154,500,12,early_first_window,1,0.0020000000000000018,0.006311645507812491,0.0,11.0
6388,154,500,12,early_first_window,1,0.0020000000000000018,0.006311645507812491,0.0,11.0
6389,154,500,12,early_first_window,1,0.0020000000000000018,0.006311645507812491,0.0,11.0
6390,154,500,12,early_first_window,1,0.0020000000000000018,0.006311645507812491,0.0,11.0
6391,154,500,12,early_first_window,1,0.0020000000000000018,0.006311645507812491,0.0,11.0
6392,154,500,12,early_first_window,1,0.0020000000000000018,0.006311645507812491,0.0,11.0
6393,154,500,12,early_first_window,1,0.0020000000000000018,0.006311645507812491,0.0,11.0
6394,154,500,12,early_first_window,1,0.0020000000000000018,0.006311645507812491,0.0,11.0
6395,154,500,12,early_first_window,1,0.0020000000000000018,0.006311645507812491,0.0,11.0
6396,154,500,12,early_first_window,1,0.0020000000000000018,0.006311645507812491,0.0,11.0
6397,154,500,12,early_first_window,1,0.0020000000000000018,0.006311645507812491,0.0,11.0
6398,154,500,12,early_first_window,1,0.0020000000000000018,0.006311645507812491,0.0,11.0
6399,154,500,12,early_first_window,1,0.0020000000000000018,0.006311645507812491,0.0,11.0
6400,155,500,117,early_first_window,1,0.8280000000000001,-0.092268798828125,65.0,26.0
6401,155,500,117,early_first_window,1,0.8280000000000001,-0.092268798828125,65.0,26.0
6402,155,500,117,early_first_window,1,0.8280000000000001,-0.092268798828125,65.0,26.0
6403,155,500,117,early_first_window,1,0.8280000000000001,-0.092268798828125,65.0,26.0
6404,155,500,117,early_first_window,1,0.8280000000000001,-0.092268798828125,65.0,26.0
6405,155,500,117,early_first_window,1,0.8280000000000001,-0.092268798828125,65.0,26.0
6406,155,500,117,early_first_window,1,0.8280000000000001,-0.092268798828125,65.0,26.0
6407,155,500,117,early_first_window,1,0.8280000000000001,-0.092268798828125,65.0,26.0
6408,155,500,117,early_first_window,1,0.8280000000000001,-0.092268798828125,65.0,26.0
6409,155,500,117,early_first_window,1,0.8280000000000001,-0.092268798828125,65.0,26.0
6410,155,500,117,early_first_window,1,0.83,-0.092268798828125,65.0,26.0
6411,155,500,117,early_first_window,1,0.83,-0.092268798828125,65.0,26.0
6412,155,500,117,early_first_window,1,0.83,-0.092268798828125,65.0,26.0
6413,155,500,117,early_first_window,1,0.83,-0.092268798828125,65.0,26.0
6414,155,500,117,early_first_window,1,0.83,-0.092268798828125,65.0,26.0
6415,155,500,117,early_first_window,1,0.83,-0.092268798828125,65.0,26.0
6416,155,500,117,early_first_window,1,0.83,-0.092268798828125,65.0,26.0
6417,155,500,117,early_first_window,1,0.83,-0.092268798828125,65.0,26.0
6418,155,500,117,early_first_window,1,0.83,-0.092268798828125,65.0,26.0
6419,155,500,117,early_first_window,1,0.83,-0.092268798828125,65.0,26.0
6420,155,500,117,early_first_window,1,0.83,-0.092268798828125,65.0,26.0
6421,155,500,117,early_first_window,1,0.83,-0.092268798828125,65.0,26.0
6422,155,500,117,early_first_window,1,0.83,-0.092268798828125,65.0,26.0
6423,155,500,117,early_first_window,1,0.83,-0.092268798828125,65.0,26.0
6424,155,500,117,early_first_window,1,0.83,-0.092268798828125,65.0,26.0
6425,155,500,117,early_first_window,1,0.83,-0.092268798828125,65.0,26.0
6426,155,500,117,early_first_window,1,0.83,-0.092268798828125,65.0,26.0
6427,155,500,117,early_first_window,1,0.83,-0.092268798828125,65.0,26.0
6428,155,500,117,early_first_window,1,0.83,-0.092268798828125,65.0,26.0
6429,155,500,117,early_first_window,1,0.83,-0.092268798828125,65.0,26.0
6430,155,500,117,early_first_window,1,0.83,-0.092268798828125,65.0,26.0
6431,155,500,117,early_first_window,1,0.83,-0.092268798828125,65.0,26.0
6432,155,500,117,early_first_window,1,0.83,-0.092268798828125,65.0,26.0
6433,155,500,117,early_first_window,1,0.83,-0.092268798828125,65.0,26.0
6434,155,500,117,early_first_window,1,0.83,-0.092268798828125,65.0,26.0
6435,155,500,117,early_first_window,1,0.83,-0.092268798828125,65.0,26.0
6436,155,500,117,early_first_window,1,0.83,-0.092268798828125,65.0,26.0
6437,155,500,117,early_first_window,1,0.83,-0.092268798828125,65.0,26.0
6438,155,500,117,early_first_window,1,0.83,-0.092268798828125,65.0,26.0
6439,155,500,117,early_first_window,1,0.83,-0.092268798828125,65.0,26.0
6440,156,500,25,early_first_window,1,0.006000000000000005,0.029194091796875044,8.0,24.0
6441,156,500,25,early_first_window,1,0.006000000000000005,0.029194091796875044,8.0,24.0
6442,156,500,25,early_first_window,1,0.006000000000000005,0.029194091796875044,8.0,24.0
6443,156,500,25,early_first_window,1,0.006000000000000005,0.029194091796875044,8.0,24.0
6444,156,500,25,early_first_window,1,0.006000000000000005,0.029194091796875044,8.0,24.0
6445,156,500,25,early_first_window,1,0.006000000000000005,0.029194091796875044,8.0,24.0
6446,156,500,25,early_first_window,1,0.006000000000000005,0.029194091796875044,8.0,24.0
6447,156,500,25,early_first_window,1,0.006000000000000005,0.029194091796875044,8.0,24.0
6448,156,500,25,early_first_window,1,0.006000000000000005,0.029194091796875044,8.0,24.0
6449,156,500,25,early_first_window,1,0.006000000000000005,0.029194091796875044,8.0,24.0
6450,156,500,25,early_first_window,1,0.006000000000000005,0.029194091796875044,8.0,24.0
6451,156,500,25,early_first_window,1,0.006000000000000005,0.029194091796875044,8.0,24.0
6452,156,500,25,early_first_window,1,0.006000000000000005,0.029194091796875044,8.0,24.0
6453,156,500,25,early_first_window,1,0.006000000000000005,0.029194091796875044,8.0,24.0
6454,156,500,25,early_first_window,1,0.006000000000000005,0.029194091796875044,8.0,24.0
6455,156,500,25,early_first_window,1,0.006000000000000005,0.029194091796875044,8.0,24.0
6456,156,500,25,early_first_window,1,0.006000000000000005,0.029194091796875044,8.0,24.0
6457,156,500,25,early_first_window,1,0.006000000000000005,0.029194091796875044,8.0,24.0
6458,156,500,25,early_first_window,1,0.006000000000000005,0.029194091796875044,8.0,24.0
6459,156,500,25,early_first_window,1,0.006000000000000005,0.029194091796875044,8.0,24.0
6460,156,500,25,early_first_window,1,0.006000000000000005,0.029194091796875044,8.0,24.0
6461,156,500,25,early_first_window,1,0.006000000000000005,0.029194091796875044,8.0,24.0
6462,156,500,25,early_first_window,1,0.006000000000000005,0.029194091796875044,8.0,24.0
6463,156,500,25,early_first_window,1,0.006000000000000005,0.029194091796875044,8.0,24.0
6464,156,500,25,early_first_window,1,0.006000000000000005,0.029194091796875044,8.0,24.0
6465,156,500,25,early_first_window,1,0.006000000000000005,0.029194091796875044,8.0,24.0
6466,156,500,25,early_first_window,1,0.006000000000000005,0.029194091796875044,8.0,24.0
6467,156,500,25,early_first_window,1,0.006000000000000005,0.029194091796875044,8.0,24.0
6468,156,500,25,early_first_window,1,0.006000000000000005,0.029194091796875044,8.0,24.0
6469,156,500,25,early_first_window,1,0.006000000000000005,0.029194091796875044,8.0,24.0
6470,156,500,25,early_first_window,1,0.006000000000000005,0.029194091796875044,8.0,24.0
6471,156,500,25,early_first_window,1,0.006000000000000005,0.029194091796875044,8.0,24.0
6472,156,500,25,early_first_window,1,0.006000000000000005,0.029194091796875044,8.0,24.0
6473,156,500,25,early_first_window,1,0.006000000000000005,0.029194091796875044,8.0,24.0
6474,156,500,25,early_first_window,1,0.006000000000000005,0.029194091796875044,8.0,24.0
6475,156,500,25,early_first_window,1,0.006000000000000005,0.029194091796875044,8.0,24.0
6476,156,500,25,early_first_window,1,0.006000000000000005,0.029194091796875044,8.0,24.0
6477,156,500,25,early_first_window,1,0.006000000000000005,0.029194091796875044,8.0,24.0
6478,156,500,25,early_first_window,1,0.006000000000000005,0.029194091796875044,8.0,24.0
6479,156,500,25,early_first_window,1,0.006000000000000005,0.029194091796875044,8.0,24.0
6480,157,500,112,early_first_window,1,0.71,-0.18346630859375002,41.0,12.0
6481,157,500,112,early_first_window,1,0.71,-0.18346630859375002,41.0,12.0
6482,157,500,112,early_first_window,1,0.71,-0.18346630859375002,41.0,12.0
6483,157,500,112,early_first_window,1,0.71,-0.18346630859375002,41.0,12.0
6484,157,500,112,early_first_window,1,0.71,-0.18346630859375002,41.0,12.0
6485,157,500,112,early_first_window,1,0.71,-0.18346630859375002,41.0,12.0
6486,157,500,112,early_first_window,1,0.71,-0.18346630859375002,41.0,12.0
6487,157,500,112,early_first_window,1,0.71,-0.18346630859375002,41.0,12.0
6488,157,500,112,early_first_window,1,0.71,-0.18346630859375002,41.0,12.0
6489,157,500,112,early_first_window,1,0.71,-0.18346630859375002,41.0,12.0
6490,157,500,112,early_first_window,1,0.71,-0.18346630859375002,41.0,12.0
6491,157,500,112,early_first_window,1,0.71,-0.18346630859375002,41.0,12.0
6492,157,500,112,early_first_window,1,0.71,-0.18346630859375002,41.0,12.0
6493,157,500,112,early_first_window,1,0.71,-0.18346630859375002,41.0,12.0
6494,157,500,112,early_first_window,1,0.71,-0.18346630859375002,41.0,12.0
6495,157,500,112,early_first_window,1,0.71,-0.18346630859375002,41.0,12.0
6496,157,500,112,early_first_window,1,0.71,-0.18346630859375002,41.0,12.0
6497,157,500,112,early_first_window,1,0.71,-0.18346630859375002,41.0,12.0
6498,157,500,112,early_first_window,1,0.71,-0.18346630859375002,41.0,12.0
6499,157,500,112,early_first_window,1,0.71,-0.18346630859375002,41.0,12.0
6500,157,500,112,early_first_window,1,0.71,-0.18346630859375002,41.0,12.0
6501,157,500,112,early_first_window,1,0.71,-0.18346630859375002,41.0,12.0
6502,157,500,112,early_first_window,1,0.71,-0.18346630859375002,41.0,12.0
6503,157,500,112,early_first_window,1,0.71,-0.18346630859375002,41.0,12.0
6504,157,500,112,early_first_window,1,0.71,-0.18346630859375002,41.0,12.0
6505,157,500,112,early_first_window,1,0.71,-0.18346630859375002,41.0,12.0
6506,157,500,112,early_first_window,1,0.71,-0.18346630859375002,41.0,12.0
6507,157,500,112,early_first_window,1,0.71,-0.18346630859375002,41.0,12.0
6508,157,500,112,early_first_window,1,0.71,-0.18346630859375002,41.0,12.0
6509,157,500,112,early_first_window,1,0.71,-0.18346630859375002,41.0,12.0
6510,157,500,112,early_first_window,1,0.71,-0.18346630859375002,41.0,12.0
6511,157,500,112,early_first_window,1,0.71,-0.18346630859375002,41.0,12.0
6512,157,500,112,early_first_window,1,0.71,-0.18346630859375002,41.0,12.0
6513,157,500,112,early_first_window,1,0.71,-0.18346630859375002,41.0,12.0
6514,157,500,112,early_first_window,1,0.71,-0.18346630859375002,41.0,12.0
6515,157,500,112,early_first_window,1,0.71,-0.18346630859375002,41.0,12.0
6516,157,500,112,early_first_window,1,0.71,-0.18346630859375002,41.0,12.0
6517,157,500,112,early_first_window,1,0.71,-0.18346630859375002,41.0,12.0
6518,157,500,112,early_first_window,1,0.71,-0.18346630859375002,41.0,12.0
6519,157,500,112,early_first_window,1,0.71,-0.18346630859375002,41.0,12.0
6520,158,500,118,early_first_window,1,0.6859999999999999,-0.083740234375,44.0,27.0
6521,158,500,118,early_first_window,1,0.6859999999999999,-0.083740234375,44.0,27.0
6522,158,500,118,early_first_window,1,0.6859999999999999,-0.083740234375,44.0,27.0
6523,158,500,118,early_first_window,1,0.6859999999999999,-0.083740234375,44.0,27.0
6524,158,500,118,early_first_window,1,0.6859999999999999,-0.083740234375,44.0,27.0
6525,158,500,118,early_first_window,1,0.6859999999999999,-0.083740234375,44.0,27.0
6526,158,500,118,early_first_window,1,0.6859999999999999,-0.083740234375,44.0,27.0
6527,158,500,118,early_first_window,1,0.6859999999999999,-0.083740234375,44.0,27.0
6528,158,500,118,early_first_window,1,0.688,-0.083740234375,44.0,27.0
6529,158,500,118,early_first_window,1,0.688,-0.083740234375,44.0,27.0
6530,158,500,118,early_first_window,1,0.688,-0.083740234375,44.0,27.0
6531,158,500,118,early_first_window,1,0.688,-0.083740234375,44.0,27.0
6532,158,500,118,early_first_window,1,0.688,-0.083740234375,44.0,27.0
6533,158,500,118,early_first_window,1,0.688,-0.083740234375,44.0,27.0
6534,158,500,118,early_first_window,1,0.688,-0.083740234375,44.0,27.0
6535,158,500,118,early_first_window,1,0.688,-0.083740234375,44.0,27.0
6536,158,500,118,early_first_window,1,0.688,-0.083740234375,44.0,27.0
6537,158,500,118,early_first_window,1,0.688,-0.083740234375,44.0,27.0
6538,158,500,118,early_first_window,1,0.688,-0.083740234375,44.0,27.0
6539,158,500,118,early_first_window,1,0.688,-0.083740234375,44.0,27.0
6540,158,500,118,early_first_window,1,0.688,-0.083740234375,44.0,27.0
6541,158,500,118,early_first_window,1,0.688,-0.083740234375,44.0,27.0
6542,158,500,118,early_first_window,1,0.688,-0.083740234375,44.0,27.0
6543,158,500,118,early_first_window,1,0.688,-0.083740234375,44.0,27.0
6544,158,500,118,early_first_window,1,0.688,-0.083740234375,44.0,27.0
6545,158,500,118,early_first_window,1,0.688,-0.083740234375,44.0,27.0
6546,158,500,118,early_first_window,1,0.688,-0.083740234375,44.0,27.0
6547,158,500,118,early_first_window,1,0.688,-0.083740234375,44.0,27.0
6548,158,500,118,early_first_window,1,0.688,-0.083740234375,44.0,27.0
6549,158,500,118,early_first_window,1,0.688,-0.083740234375,44.0,27.0
6550,158,500,118,early_first_window,1,0.688,-0.083740234375,44.0,27.0
6551,158,500,118,early_first_window,1,0.688,-0.083740234375,44.0,27.0
6552,158,500,118,early_first_window,1,0.69,-0.083740234375,44.0,27.0
6553,158,500,118,early_first_window,1,0.69,-0.083740234375,44.0,27.0
6554,158,500,118,early_first_window,1,0.69,-0.083740234375,44.0,27.0
6555,158,500,118,early_first_window,1,0.69,-0.083740234375,44.0,27.0
6556,158,500,118,early_first_window,1,0.69,-0.083740234375,44.0,27.0
6557,158,500,118,early_first_window,1,0.69,-0.083740234375,44.0,27.0
6558,158,500,118,early_first_window,1,0.69,-0.083740234375,44.0,27.0
6559,158,500,118,early_first_window,1,0.69,-0.083740234375,44.0,27.0
6560,159,500,22,early_first_window,1,0.01200000000000001,0.035690185546874975,9.0,21.0
6561,159,500,22,early_first_window,1,0.01200000000000001,0.035690185546874975,9.0,21.0
6562,159,500,22,early_first_window,1,0.01200000000000001,0.035690185546874975,9.0,21.0
6563,159,500,22,early_first_window,1,0.01200000000000001,0.035690185546874975,9.0,21.0
6564,159,500,22,early_first_window,1,0.01200000000000001,0.035690185546874975,9.0,21.0
6565,159,500,22,early_first_window,1,0.01200000000000001,0.035690185546874975,9.0,21.0
6566,159,500,22,early_first_window,1,0.01200000000000001,0.035690185546874975,9.0,21.0
6567,159,500,22,early_first_window,1,0.01200000000000001,0.035690185546874975,9.0,21.0
6568,159,500,22,early_first_window,1,0.01200000000000001,0.035690185546874975,9.0,21.0
6569,159,500,22,early_first_window,1,0.01200000000000001,0.035690185546874975,9.0,21.0
6570,159,500,22,early_first_window,1,0.01200000000000001,0.035690185546874975,9.0,21.0
6571,159,500,22,early_first_window,1,0.01200000000000001,0.035690185546874975,9.0,21.0
6572,159,500,22,early_first_window,1,0.01200000000000001,0.035690185546874975,9.0,21.0
6573,159,500,22,early_first_window,1,0.01200000000000001,0.035690185546874975,9.0,21.0
6574,159,500,22,early_first_window,1,0.01200000000000001,0.035690185546874975,9.0,21.0
6575,159,500,22,early_first_window,1,0.01200000000000001,0.035690185546874975,9.0,21.0
6576,159,500,22,early_first_window,1,0.01200000000000001,0.035690185546874975,9.0,21.0
6577,159,500,22,early_first_window,1,0.01200000000000001,0.035690185546874975,9.0,21.0
6578,159,500,22,early_first_window,1,0.01200000000000001,0.035690185546874975,9.0,21.0
6579,159,500,22,early_first_window,1,0.01200000000000001,0.035690185546874975,9.0,21.0
6580,159,500,22,early_first_window,1,0.01200000000000001,0.035690185546874975,9.0,21.0
6581,159,500,22,early_first_window,1,0.01200000000000001,0.035690185546874975,9.0,21.0
6582,159,500,22,early_first_window,1,0.01200000000000001,0.035690185546874975,9.0,21.0
6583,159,500,22,early_first_window,1,0.01200000000000001,0.035690185546874975,9.0,21.0
6584,159,500,22,early_first_window,1,0.01200000000000001,0.035690185546874975,9.0,21.0
6585,159,500,22,early_first_window,1,0.01200000000000001,0.035690185546874975,9.0,21.0
6586,159,500,22,early_first_window,1,0.01200000000000001,0.035690185546874975,9.0,21.0
6587,159,500,22,early_first_window,1,0.01200000000000001,0.035690185546874975,9.0,21.0
6588,159,500,22,early_first_window,1,0.01200000000000001,0.035690185546874975,9.0,21.0
6589,159,500,22,early_first_window,1,0.01200000000000001,0.035690185546874975,9.0,21.0
6590,159,500,22,early_first_window,1,0.01200000000000001,0.035690185546874975,9.0,21.0
6591,159,500,22,early_first_window,1,0.01200000000000001,0.035690185546874975,9.0,21.0
6592,159,500,22,early_first_window,1,0.01200000000000001,0.035690185546874975,9.0,21.0
6593,159,500,22,early_first_window,1,0.01200000000000001,0.035690185546874975,9.0,21.0
6594,159,500,22,early_first_window,1,0.01200000000000001,0.035690185546874975,9.0,21.0
6595,159,500,22,early_first_window,1,0.01200000000000001,0.035690185546874975,9.0,21.0
6596,159,500,22,early_first_window,1,0.01200000000000001,0.035690185546874975,9.0,21.0
6597,159,500,22,early_first_window,1,0.01200000000000001,0.035690185546874975,9.0,21.0
6598,159,500,22,early_first_window,1,0.01200000000000001,0.035690185546874975,9.0,21.0
6599,159,500,22,early_first_window,1,0.01200000000000001,0.035690185546874975,9.0,21.0
6600,160,500,87,early_first_window,1,0.762,-0.023386840820312393,40.0,26.0
6601,160,500,87,early_first_window,1,0.762,-0.023386840820312393,40.0,26.0
6602,160,500,87,early_first_window,1,0.762,-0.023386840820312393,40.0,26.0
6603,160,500,87,early_first_window,1,0.762,-0.023386840820312393,40.0,26.0
6604,160,500,87,early_first_window,1,0.762,-0.023386840820312393,40.0,26.0
6605,160,500,87,early_first_window,1,0.762,-0.023386840820312393,40.0,26.0
6606,160,500,87,early_first_window,1,0.762,-0.023386840820312393,40.0,26.0
6607,160,500,87,early_first_window,1,0.762,-0.023386840820312393,40.0,26.0
6608,160,500,87,early_first_window,1,0.762,-0.023386840820312393,40.0,26.0
6609,160,500,87,early_first_window,1,0.762,-0.023386840820312393,40.0,26.0
6610,160,500,87,early_first_window,1,0.762,-0.023386840820312393,40.0,26.0
6611,160,500,87,early_first_window,1,0.762,-0.023386840820312393,40.0,26.0
6612,160,500,87,early_first_window,1,0.762,-0.023386840820312393,40.0,26.0
6613,160,500,87,early_first_window,1,0.762,-0.023386840820312393,40.0,26.0
6614,160,500,87,early_first_window,1,0.762,-0.023386840820312393,40.0,26.0
6615,160,500,87,early_first_window,1,0.762,-0.023386840820312393,40.0,26.0
6616,160,500,87,early_first_window,1,0.762,-0.023386840820312393,40.0,26.0
6617,160,500,87,early_first_window,1,0.762,-0.023386840820312393,40.0,26.0
6618,160,500,87,early_first_window,1,0.762,-0.023386840820312393,40.0,26.0
6619,160,500,87,early_first_window,1,0.762,-0.023386840820312393,40.0,26.0
6620,160,500,87,early_first_window,1,0.762,-0.023386840820312393,40.0,26.0
6621,160,500,87,early_first_window,1,0.762,-0.023386840820312393,40.0,26.0
6622,160,500,87,early_first_window,1,0.762,-0.023386840820312393,40.0,26.0
6623,160,500,87,early_first_window,1,0.762,-0.023386840820312393,40.0,26.0
6624,160,500,87,early_first_window,1,0.762,-0.023386840820312393,40.0,26.0
6625,160,500,87,early_first_window,1,0.762,-0.023386840820312393,40.0,26.0
6626,160,500,87,early_first_window,1,0.762,-0.023386840820312393,40.0,26.0
6627,160,500,87,early_first_window,1,0.762,-0.023386840820312393,40.0,26.0
6628,160,500,87,early_first_window,1,0.762,-0.023386840820312393,40.0,26.0
6629,160,500,87,early_first_window,1,0.762,-0.023386840820312393,40.0,26.0
6630,160,500,87,early_first_window,1,0.762,-0.023386840820312393,40.0,26.0
6631,160,500,87,early_first_window,1,0.762,-0.023386840820312393,40.0,26.0
6632,160,500,87,early_first_window,1,0.762,-0.023386840820312393,40.0,26.0
6633,160,500,87,early_first_window,1,0.762,-0.023386840820312393,40.0,26.0
6634,160,500,87,early_first_window,1,0.762,-0.023386840820312393,40.0,26.0
6635,160,500,87,early_first_window,1,0.762,-0.023386840820312393,40.0,26.0
6636,160,500,87,early_first_window,1,0.762,-0.023386840820312393,40.0,26.0
6637,160,500,87,early_first_window,1,0.762,-0.023386840820312393,40.0,26.0
6638,160,500,87,early_first_window,1,0.762,-0.023386840820312393,40.0,26.0
6639,160,500,87,early_first_window,1,0.762,-0.023386840820312393,40.0,26.0
6640,161,500,101,early_first_window,1,0.688,-0.24528198242187504,45.0,18.0
6641,161,500,101,early_first_window,1,0.688,-0.24528198242187504,45.0,18.0
6642,161,500,101,early_first_window,1,0.688,-0.24528198242187504,45.0,18.0
6643,161,500,101,early_first_window,1,0.688,-0.24528198242187504,45.0,18.0
6644,161,500,101,early_first_window,1,0.688,-0.24528198242187504,45.0,18.0
6645,161,500,101,early_first_window,1,0.688,-0.24528198242187504,45.0,18.0
6646,161,500,101,early_first_window,1,0.688,-0.24528198242187504,45.0,18.0
6647,161,500,101,early_first_window,1,0.688,-0.24528198242187504,45.0,18.0
6648,161,500,101,early_first_window,1,0.688,-0.24528198242187504,45.0,18.0
6649,161,500,101,early_first_window,1,0.688,-0.24528198242187504,45.0,18.0
6650,161,500,101,early_first_window,1,0.688,-0.24528198242187504,45.0,18.0
6651,161,500,101,early_first_window,1,0.688,-0.24528198242187504,45.0,18.0
6652,161,500,101,early_first_window,1,0.688,-0.24528198242187504,45.0,18.0
6653,161,500,101,early_first_window,1,0.688,-0.24528198242187504,45.0,18.0
6654,161,500,101,early_first_window,1,0.688,-0.24528198242187504,45.0,18.0
6655,161,500,101,early_first_window,1,0.688,-0.24528198242187504,45.0,18.0
6656,161,500,101,early_first_window,1,0.688,-0.24528198242187504,45.0,18.0
6657,161,500,101,early_first_window,1,0.688,-0.24528198242187504,45.0,18.0
6658,161,500,101,early_first_window,1,0.688,-0.24528198242187504,45.0,18.0
6659,161,500,101,early_first_window,1,0.688,-0.24528198242187504,45.0,18.0
6660,161,500,101,early_first_window,1,0.688,-0.24528198242187504,45.0,18.0
6661,161,500,101,early_first_window,1,0.688,-0.24528198242187504,45.0,18.0
6662,161,500,101,early_first_window,1,0.688,-0.24528198242187504,45.0,18.0
6663,161,500,101,early_first_window,1,0.688,-0.24528198242187504,45.0,18.0
6664,161,500,101,early_first_window,1,0.688,-0.24528198242187504,45.0,18.0
6665,161,500,101,early_first_window,1,0.688,-0.24528198242187504,45.0,18.0
6666,161,500,101,early_first_window,1,0.688,-0.24528198242187504,45.0,18.0
6667,161,500,101,early_first_window,1,0.688,-0.24528198242187504,45.0,18.0
6668,161,500,101,early_first_window,1,0.688,-0.24528198242187504,45.0,18.0
6669,161,500,101,early_first_window,1,0.688,-0.24528198242187504,45.0,18.0
6670,161,500,101,early_first_window,1,0.688,-0.24528198242187504,45.0,18.0
6671,161,500,101,early_first_window,1,0.688,-0.24528198242187504,45.0,18.0
6672,161,500,101,early_first_window,1,0.688,-0.24528198242187504,45.0,18.0
6673,161,500,101,early_first_window,1,0.688,-0.24528198242187504,45.0,18.0
6674,161,500,101,early_first_window,1,0.688,-0.24528198242187504,45.0,18.0
6675,161,500,101,early_first_window,1,0.688,-0.24528198242187504,45.0,18.0
6676,161,500,101,early_first_window,1,0.688,-0.24528198242187504,45.0,18.0
6677,161,500,101,early_first_window,1,0.688,-0.24528198242187504,45.0,18.0
6678,161,500,101,early_first_window,1,0.688,-0.24528198242187504,45.0,18.0
6679,161,500,101,early_first_window,1,0.688,-0.24528198242187504,45.0,18.0
6680,162,500,131,early_first_window,1,0.704,-0.16181372070312494,71.0,26.0
6681,162,500,131,early_first_window,1,0.704,-0.16181372070312494,71.0,26.0
6682,162,500,131,early_first_window,1,0.704,-0.16181372070312494,71.0,26.0
6683,162,500,131,early_first_window,1,0.704,-0.16181372070312494,71.0,26.0
6684,162,500,131,early_first_window,1,0.704,-0.16181372070312494,71.0,26.0
6685,162,500,131,early_first_window,1,0.704,-0.16181372070312494,71.0,26.0
6686,162,500,131,early_first_window,1,0.704,-0.16181372070312494,71.0,26.0
6687,162,500,131,early_first_window,1,0.704,-0.16181372070312494,71.0,26.0
6688,162,500,131,early_first_window,1,0.704,-0.16181372070312494,71.0,26.0
6689,162,500,131,early_first_window,1,0.704,-0.16181372070312494,71.0,26.0
6690,162,500,131,early_first_window,1,0.704,-0.16181372070312494,71.0,26.0
6691,162,500,131,early_first_window,1,0.704,-0.16181372070312494,71.0,26.0
6692,162,500,131,early_first_window,1,0.704,-0.16181372070312494,71.0,26.0
6693,162,500,131,early_first_window,1,0.704,-0.16181372070312494,71.0,26.0
6694,162,500,131,early_first_window,1,0.704,-0.16181372070312494,71.0,26.0
6695,162,500,131,early_first_window,1,0.704,-0.16181372070312494,71.0,26.0
6696,162,500,131,early_first_window,1,0.704,-0.16181372070312494,71.0,26.0
6697,162,500,131,early_first_window,1,0.704,-0.16181372070312494,71.0,26.0
6698,162,500,131,early_first_window,1,0.704,-0.16181372070312494,71.0,26.0
6699,162,500,131,early_first_window,1,0.704,-0.16181372070312494,71.0,26.0
6700,162,500,131,early_first_window,1,0.704,-0.16181372070312494,71.0,26.0
6701,162,500,131,early_first_window,1,0.704,-0.16181372070312494,71.0,26.0
6702,162,500,131,early_first_window,1,0.704,-0.16181372070312494,71.0,26.0
6703,162,500,131,early_first_window,1,0.704,-0.16181372070312494,71.0,26.0
6704,162,500,131,early_first_window,1,0.704,-0.16181372070312494,71.0,26.0
6705,162,500,131,early_first_window,1,0.704,-0.16181372070312494,71.0,26.0
6706,162,500,131,early_first_window,1,0.704,-0.16181372070312494,71.0,26.0
6707,162,500,131,early_first_window,1,0.704,-0.16181372070312494,71.0,26.0
6708,162,500,131,early_first_window,1,0.704,-0.16181372070312494,71.0,26.0
6709,162,500,131,early_first_window,1,0.704,-0.16181372070312494,71.0,26.0
6710,162,500,131,early_first_window,1,0.704,-0.16181372070312494,71.0,26.0
6711,162,500,131,early_first_window,1,0.704,-0.16181372070312494,71.0,26.0
6712,162,500,131,early_first_window,1,0.704,-0.16181372070312494,71.0,26.0
6713,162,500,131,early_first_window,1,0.704,-0.16181372070312494,71.0,26.0
6714,162,500,131,early_first_window,1,0.704,-0.16181372070312494,71.0,26.0
6715,162,500,131,early_first_window,1,0.704,-0.16181372070312494,71.0,26.0
6716,162,500,131,early_first_window,1,0.704,-0.16181372070312494,71.0,26.0
6717,162,500,131,early_first_window,1,0.704,-0.16181372070312494,71.0,26.0
6718,162,500,131,early_first_window,1,0.704,-0.16181372070312494,71.0,26.0
6719,162,500,131,early_first_window,1,0.704,-0.16181372070312494,71.0,26.0
6720,163,500,21,early_first_window,1,0.0040000000000000036,0.016351196289062453,3.0,13.0
6721,163,500,21,early_first_window,1,0.0040000000000000036,0.016351196289062453,3.0,13.0
6722,163,500,21,early_first_window,1,0.0040000000000000036,0.016351196289062453,3.0,13.0
6723,163,500,21,early_first_window,1,0.0040000000000000036,0.016351196289062453,3.0,13.0
6724,163,500,21,early_first_window,1,0.0040000000000000036,0.016351196289062453,3.0,13.0
6725,163,500,21,early_first_window,1,0.0040000000000000036,0.016351196289062453,3.0,13.0
6726,163,500,21,early_first_window,1,0.0040000000000000036,0.016351196289062453,3.0,13.0
6727,163,500,21,early_first_window,1,0.0040000000000000036,0.016351196289062453,3.0,13.0
6728,163,500,21,early_first_window,1,0.0040000000000000036,0.016351196289062453,3.0,13.0
6729,163,500,21,early_first_window,1,0.0040000000000000036,0.016351196289062453,3.0,13.0
6730,163,500,21,early_first_window,1,0.0040000000000000036,0.016351196289062453,3.0,13.0
6731,163,500,21,early_first_window,1,0.0040000000000000036,0.016351196289062453,3.0,13.0
6732,163,500,21,early_first_window,1,0.0040000000000000036,0.016351196289062453,3.0,13.0
6733,163,500,21,early_first_window,1,0.0040000000000000036,0.016351196289062453,3.0,13.0
6734,163,500,21,early_first_window,1,0.0040000000000000036,0.016351196289062453,3.0,13.0
6735,163,500,21,early_first_window,1,0.0040000000000000036,0.016351196289062453,3.0,13.0
6736,163,500,21,early_first_window,1,0.0040000000000000036,0.016351196289062453,3.0,13.0
6737,163,500,21,early_first_window,1,0.0040000000000000036,0.016351196289062453,3.0,13.0
6738,163,500,21,early_first_window,1,0.0040000000000000036,0.016351196289062453,3.0,13.0
6739,163,500,21,early_first_window,1,0.0040000000000000036,0.016351196289062453,3.0,13.0
6740,163,500,21,early_first_window,1,0.0040000000000000036,0.016351196289062453,3.0,13.0
6741,163,500,21,early_first_window,1,0.0040000000000000036,0.016351196289062453,3.0,13.0
6742,163,500,21,early_first_window,1,0.0040000000000000036,0.016351196289062453,3.0,13.0
6743,163,500,21,early_first_window,1,0.0040000000000000036,0.016351196289062453,3.0,13.0
6744,163,500,21,early_first_window,1,0.0040000000000000036,0.016351196289062453,3.0,13.0
6745,163,500,21,early_first_window,1,0.0040000000000000036,0.016351196289062453,3.0,13.0
6746,163,500,21,early_first_window,1,0.0040000000000000036,0.016351196289062453,3.0,13.0
6747,163,500,21,early_first_window,1,0.0040000000000000036,0.016351196289062453,3.0,13.0
6748,163,500,21,early_first_window,1,0.0040000000000000036,0.016351196289062453,3.0,13.0
6749,163,500,21,early_first_window,1,0.0040000000000000036,0.016351196289062453,3.0,13.0
6750,163,500,21,early_first_window,1,0.0040000000000000036,0.016351196289062453,3.0,13.0
6751,163,500,21,early_first_window,1,0.0040000000000000036,0.016351196289062453,3.0,13.0
6752,163,500,21,early_first_window,1,0.0040000000000000036,0.016351196289062453,3.0,13.0
6753,163,500,21,early_first_window,1,0.0040000000000000036,0.016351196289062453,3.0,13.0
6754,163,500,21,early_first_window,1,0.0040000000000000036,0.016351196289062453,3.0,13.0
6755,163,500,21,early_first_window,1,0.0040000000000000036,0.016351196289062453,3.0,13.0
6756,163,500,21,early_first_window,1,0.0040000000000000036,0.016351196289062453,3.0,13.0
6757,163,500,21,early_first_window,1,0.0040000000000000036,0.016351196289062453,3.0,13.0
6758,163,500,21,early_first_window,1,0.0040000000000000036,0.016351196289062453,3.0,13.0
6759,163,500,21,early_first_window,1,0.0040000000000000036,0.016351196289062453,3.0,13.0
6760,164,500,17,early_first_window,1,0.0040000000000000036,0.02463928222656253,4.0,16.0
6761,164,500,17,early_first_window,1,0.0040000000000000036,0.02463928222656253,4.0,16.0
6762,164,500,17,early_first_window,1,0.0040000000000000036,0.02463928222656253,4.0,16.0
6763,164,500,17,early_first_window,1,0.0040000000000000036,0.02463928222656253,4.0,16.0
6764,164,500,17,early_first_window,1,0.0040000000000000036,0.02463928222656253,4.0,16.0
6765,164,500,17,early_first_window,1,0.0040000000000000036,0.02463928222656253,4.0,16.0
6766,164,500,17,early_first_window,1,0.0040000000000000036,0.02463928222656253,4.0,16.0
6767,164,500,17,early_first_window,1,0.0040000000000000036,0.02463928222656253,4.0,16.0
6768,164,500,17,early_first_window,1,0.0040000000000000036,0.02463928222656253,4.0,16.0
6769,164,500,17,early_first_window,1,0.0040000000000000036,0.02463928222656253,4.0,16.0
6770,164,500,17,early_first_window,1,0.0040000000000000036,0.02463928222656253,4.0,16.0
6771,164,500,17,early_first_window,1,0.0040000000000000036,0.02463928222656253,4.0,16.0
6772,164,500,17,early_first_window,1,0.0040000000000000036,0.02463928222656253,4.0,16.0
6773,164,500,17,early_first_window,1,0.0040000000000000036,0.02463928222656253,4.0,16.0
6774,164,500,17,early_first_window,1,0.0040000000000000036,0.02463928222656253,4.0,16.0
6775,164,500,17,early_first_window,1,0.0040000000000000036,0.02463928222656253,4.0,16.0
6776,164,500,17,early_first_window,1,0.0040000000000000036,0.02463928222656253,4.0,16.0
6777,164,500,17,early_first_window,1,0.0040000000000000036,0.02463928222656253,4.0,16.0
6778,164,500,17,early_first_window,1,0.0040000000000000036,0.02463928222656253,4.0,16.0
6779,164,500,17,early_first_window,1,0.0040000000000000036,0.02463928222656253,4.0,16.0
6780,164,500,17,early_first_window,1,0.0040000000000000036,0.02463928222656253,4.0,16.0
6781,164,500,17,early_first_window,1,0.0040000000000000036,0.02463928222656253,4.0,16.0
6782,164,500,17,early_first_window,1,0.0040000000000000036,0.02463928222656253,4.0,16.0
6783,164,500,17,early_first_window,1,0.0040000000000000036,0.02463928222656253,4.0,16.0
6784,164,500,17,early_first_window,1,0.0040000000000000036,0.02463928222656253,4.0,16.0
6785,164,500,17,early_first_window,1,0.0040000000000000036,0.02463928222656253,4.0,16.0
6786,164,500,17,early_first_window,1,0.0040000000000000036,0.02463928222656253,4.0,16.0
6787,164,500,17,early_first_window,1,0.0040000000000000036,0.02463928222656253,4.0,16.0
6788,164,500,17,early_first_window,1,0.0040000000000000036,0.02463928222656253,4.0,16.0
6789,164,500,17,early_first_window,1,0.0040000000000000036,0.02463928222656253,4.0,16.0
6790,164,500,17,early_first_window,1,0.0040000000000000036,0.02463928222656253,4.0,16.0
6791,164,500,17,early_first_window,1,0.0040000000000000036,0.02463928222656253,4.0,16.0
6792,164,500,17,early_first_window,1,0.0040000000000000036,0.02463928222656253,4.0,16.0
6793,164,500,17,early_first_window,1,0.0040000000000000036,0.02463928222656253,4.0,16.0
6794,164,500,17,early_first_window,1,0.0040000000000000036,0.02463928222656253,4.0,16.0
6795,164,500,17,early_first_window,1,0.0040000000000000036,0.02463928222656253,4.0,16.0
6796,164,500,17,early_first_window,1,0.0040000000000000036,0.02463928222656253,4.0,16.0
6797,164,500,17,early_first_window,1,0.0040000000000000036,0.02463928222656253,4.0,16.0
6798,164,500,17,early_first_window,1,0.0040000000000000036,0.02463928222656253,4.0,16.0
6799,164,500,17,early_first_window,1,0.0040000000000000036,0.02463928222656253,4.0,16.0
6800,165,500,83,early_first_window,1,0.772,-0.02670153808593745,45.0,26.0
6801,165,500,83,early_first_window,1,0.772,-0.02670153808593745,45.0,26.0
6802,165,500,83,early_first_window,1,0.772,-0.02670153808593745,45.0,26.0
6803,165,500,83,early_first_window,1,0.772,-0.02670153808593745,45.0,26.0
6804,165,500,83,early_first_window,1,0.772,-0.02670153808593745,45.0,26.0
6805,165,500,83,early_first_window,1,0.772,-0.02670153808593745,45.0,26.0
6806,165,500,83,early_first_window,1,0.772,-0.02670153808593745,45.0,26.0
6807,165,500,83,early_first_window,1,0.772,-0.02670153808593745,45.0,26.0
6808,165,500,83,early_first_window,1,0.772,-0.02670153808593745,45.0,26.0
6809,165,500,83,early_first_window,1,0.772,-0.02670153808593745,45.0,26.0
6810,165,500,83,early_first_window,1,0.772,-0.02670153808593745,45.0,26.0
6811,165,500,83,early_first_window,1,0.772,-0.02670153808593745,45.0,26.0
6812,165,500,83,early_first_window,1,0.772,-0.02670153808593745,45.0,26.0
6813,165,500,83,early_first_window,1,0.772,-0.02670153808593745,45.0,26.0
6814,165,500,83,early_first_window,1,0.772,-0.02670153808593745,45.0,26.0
6815,165,500,83,early_first_window,1,0.772,-0.02670153808593745,45.0,26.0
6816,165,500,83,early_first_window,1,0.772,-0.02670153808593745,45.0,26.0
6817,165,500,83,early_first_window,1,0.772,-0.02670153808593745,45.0,26.0
6818,165,500,83,early_first_window,1,0.772,-0.02670153808593745,45.0,26.0
6819,165,500,83,early_first_window,1,0.772,-0.02670153808593745,45.0,26.0
6820,165,500,83,early_first_window,1,0.772,-0.02670153808593745,45.0,26.0
6821,165,500,83,early_first_window,1,0.772,-0.02670153808593745,45.0,26.0
6822,165,500,83,early_first_window,1,0.772,-0.02670153808593745,45.0,26.0
6823,165,500,83,early_first_window,1,0.772,-0.02670153808593745,45.0,26.0
6824,165,500,83,early_first_window,1,0.772,-0.02670153808593745,45.0,26.0
6825,165,500,83,early_first_window,1,0.772,-0.02670153808593745,45.0,26.0
6826,165,500,83,early_first_window,1,0.772,-0.02670153808593745,45.0,26.0
6827,165,500,83,early_first_window,1,0.772,-0.02670153808593745,45.0,26.0
6828,165,500,83,early_first_window,1,0.772,-0.02670153808593745,45.0,26.0
6829,165,500,83,early_first_window,1,0.772,-0.02670153808593745,45.0,26.0
6830,165,500,83,early_first_window,1,0.772,-0.02670153808593745,45.0,26.0
6831,165,500,83,early_first_window,1,0.772,-0.02670153808593745,45.0,26.0
6832,165,500,83,early_first_window,1,0.772,-0.02670153808593745,45.0,26.0
6833,165,500,83,early_first_window,1,0.772,-0.02670153808593745,45.0,26.0
6834,165,500,83,early_first_window,1,0.772,-0.02670153808593745,45.0,26.0
6835,165,500,83,early_first_window,1,0.772,-0.02670153808593745,45.0,26.0
6836,165,500,83,early_first_window,1,0.772,-0.02670153808593745,45.0,26.0
6837,165,500,83,early_first_window,1,0.772,-0.02670153808593745,45.0,26.0
6838,165,500,83,early_first_window,1,0.772,-0.02670153808593745,45.0,26.0
6839,165,500,83,early_first_window,1,0.772,-0.02670153808593745,45.0,26.0
6840,166,500,12,early_first_window,1,0.0020000000000000018,0.006311645507812491,0.0,11.0
6841,166,500,12,early_first_window,1,0.0020000000000000018,0.006311645507812491,0.0,11.0
6842,166,500,12,early_first_window,1,0.0020000000000000018,0.006311645507812491,0.0,11.0
6843,166,500,12,early_first_window,1,0.0020000000000000018,0.006311645507812491,0.0,11.0
6844,166,500,12,early_first_window,1,0.0020000000000000018,0.006311645507812491,0.0,11.0
6845,166,500,12,early_first_window,1,0.0020000000000000018,0.006311645507812491,0.0,11.0
6846,166,500,12,early_first_window,1,0.0020000000000000018,0.006311645507812491,0.0,11.0
6847,166,500,12,early_first_window,1,0.0020000000000000018,0.006311645507812491,0.0,11.0
6848,166,500,12,early_first_window,1,0.0020000000000000018,0.006311645507812491,0.0,11.0
6849,166,500,12,early_first_window,1,0.0020000000000000018,0.006311645507812491,0.0,11.0
6850,166,500,12,early_first_window,1,0.0020000000000000018,0.006311645507812491,0.0,11.0
6851,166,500,12,early_first_window,1,0.0020000000000000018,0.006311645507812491,0.0,11.0
6852,166,500,12,early_first_window,1,0.0020000000000000018,0.006311645507812491,0.0,11.0
6853,166,500,12,early_first_window,1,0.0020000000000000018,0.006311645507812491,0.0,11.0
6854,166,500,12,early_first_window,1,0.0020000000000000018,0.006311645507812491,0.0,11.0
6855,166,500,12,early_first_window,1,0.0020000000000000018,0.006311645507812491,0.0,11.0
6856,166,500,12,early_first_window,1,0.0020000000000000018,0.006311645507812491,0.0,11.0
6857,166,500,12,early_first_window,1,0.0020000000000000018,0.006311645507812491,0.0,11.0
6858,166,500,12,early_first_window,1,0.0020000000000000018,0.006311645507812491,0.0,11.0
6859,166,500,12,early_first_window,1,0.0020000000000000018,0.006311645507812491,0.0,11.0
6860,166,500,12,early_first_window,1,0.0020000000000000018,0.006311645507812491,0.0,11.0
6861,166,500,12,early_first_window,1,0.0020000000000000018,0.006311645507812491,0.0,11.0
6862,166,500,12,early_first_window,1,0.0020000000000000018,0.006311645507812491,0.0,11.0
6863,166,500,12,early_first_window,1,0.0020000000000000018,0.006311645507812491,0.0,11.0
6864,166,500,12,early_first_window,1,0.0020000000000000018,0.006311645507812491,0.0,11.0
6865,166,500,12,early_first_window,1,0.0020000000000000018,0.006311645507812491,0.0,11.0
6866,166,500,12,early_first_window,1,0.0020000000000000018,0.006311645507812491,0.0,11.0
6867,166,500,12,early_first_window,1,0.0020000000000000018,0.006311645507812491,0.0,11.0
6868,166,500,12,early_first_window,1,0.0020000000000000018,0.006311645507812491,0.0,11.0
6869,166,500,12,early_first_window,1,0.0020000000000000018,0.006311645507812491,0.0,11.0
6870,166,500,12,early_first_window,1,0.0020000000000000018,0.006311645507812491,0.0,11.0
6871,166,500,12,early_first_window,1,0.0020000000000000018,0.006311645507812491,0.0,11.0
6872,166,500,12,early_first_window,1,0.0020000000000000018,0.006311645507812491,0.0,11.0
6873,166,500,12,early_first_window,1,0.0020000000000000018,0.006311645507812491,0.0,11.0
6874,166,500,12,early_first_window,1,0.0020000000000000018,0.006311645507812491,0.0,11.0
6875,166,500,12,early_first_window,1,0.0020000000000000018,0.006311645507812491,0.0,11.0
6876,166,500,12,early_first_window,1,0.0020000000000000018,0.006311645507812491,0.0,11.0
6877,166,500,12,early_first_window,1,0.0020000000000000018,0.006311645507812491,0.0,11.0
6878,166,500,12,early_first_window,1,0.0020000000000000018,0.006311645507812491,0.0,11.0
6879,166,500,12,early_first_window,1,0.0020000000000000018,0.006311645507812491,0.0,11.0
6880,167,500,86,early_first_window,1,0.75,-0.157515380859375,41.0,18.0
6881,167,500,86,early_first_window,1,0.75,-0.157515380859375,41.0,18.0
6882,167,500,86,early_first_window,1,0.75,-0.157515380859375,41.0,18.0
6883,167,500,86,early_first_window,1,0.75,-0.157515380859375,41.0,18.0
6884,167,500,86,early_first_window,1,0.75,-0.157515380859375,41.0,18.0
6885,167,500,86,early_first_window,1,0.75,-0.157515380859375,41.0,18.0
6886,167,500,86,early_first_window,1,0.75,-0.157515380859375,41.0,18.0
6887,167,500,86,early_first_window,1,0.75,-0.157515380859375,41.0,18.0
6888,167,500,86,early_first_window,1,0.75,-0.157515380859375,41.0,18.0
6889,167,500,86,early_first_window,1,0.75,-0.157515380859375,41.0,18.0
6890,167,500,86,early_first_window,1,0.75,-0.157515380859375,41.0,18.0
6891,167,500,86,early_first_window,1,0.75,-0.157515380859375,41.0,18.0
6892,167,500,86,early_first_window,1,0.75,-0.157515380859375,41.0,18.0
6893,167,500,86,early_first_window,1,0.75,-0.157515380859375,41.0,18.0
6894,167,500,86,early_first_window,1,0.75,-0.157515380859375,41.0,18.0
6895,167,500,86,early_first_window,1,0.75,-0.157515380859375,41.0,18.0
6896,167,500,86,early_first_window,1,0.75,-0.157515380859375,41.0,18.0
6897,167,500,86,early_first_window,1,0.75,-0.157515380859375,41.0,18.0
6898,167,500,86,early_first_window,1,0.75,-0.157515380859375,41.0,18.0
6899,167,500,86,early_first_window,1,0.75,-0.157515380859375,41.0,18.0
6900,167,500,86,early_first_window,1,0.75,-0.157515380859375,41.0,18.0
6901,167,500,86,early_first_window,1,0.75,-0.157515380859375,41.0,18.0
6902,167,500,86,early_first_window,1,0.75,-0.157515380859375,41.0,18.0
6903,167,500,86,early_first_window,1,0.75,-0.157515380859375,41.0,18.0
6904,167,500,86,early_first_window,1,0.75,-0.157515380859375,41.0,18.0
6905,167,500,86,early_first_window,1,0.75,-0.157515380859375,41.0,18.0
6906,167,500,86,early_first_window,1,0.75,-0.157515380859375,41.0,18.0
6907,167,500,86,early_first_window,1,0.75,-0.157515380859375,41.0,18.0
6908,167,500,86,early_first_window,1,0.75,-0.157515380859375,41.0,18.0
6909,167,500,86,early_first_window,1,0.75,-0.157515380859375,41.0,18.0
6910,167,500,86,early_first_window,1,0.75,-0.157515380859375,41.0,18.0
6911,167,500,86,early_first_window,1,0.75,-0.157515380859375,41.0,18.0
6912,167,500,86,early_first_window,1,0.75,-0.157515380859375,41.0,18.0
6913,167,500,86,early_first_window,1,0.75,-0.157515380859375,41.0,18.0
6914,167,500,86,early_first_window,1,0.75,-0.157515380859375,41.0,18.0
6915,167,500,86,early_first_window,1,0.75,-0.157515380859375,41.0,18.0
6916,167,500,86,early_first_window,1,0.75,-0.157515380859375,41.0,18.0
6917,167,500,86,early_first_window,1,0.75,-0.157515380859375,41.0,18.0
6918,167,500,86,early_first_window,1,0.75,-0.157515380859375,41.0,18.0
6919,167,500,86,early_first_window,1,0.75,-0.157515380859375,41.0,18.0
6920,168,500,102,early_first_window,1,0.6699999999999999,-0.0073152465820311985,53.0,25.0
6921,168,500,102,early_first_window,1,0.6699999999999999,-0.0073152465820311985,53.0,25.0
6922,168,500,102,early_first_window,1,0.6699999999999999,-0.0073152465820311985,53.0,25.0
6923,168,500,102,early_first_window,1,0.6699999999999999,-0.0073152465820311985,53.0,25.0
6924,168,500,102,early_first_window,1,0.6699999999999999,-0.0073152465820311985,53.0,25.0
6925,168,500,102,early_first_window,1,0.6699999999999999,-0.0073152465820311985,53.0,25.0
6926,168,500,102,early_first_window,1,0.6699999999999999,-0.0073152465820311985,53.0,25.0
6927,168,500,102,early_first_window,1,0.6699999999999999,-0.0073152465820311985,53.0,25.0
6928,168,500,102,early_first_window,1,0.6699999999999999,-0.0073152465820311985,53.0,25.0
6929,168,500,102,early_first_window,1,0.6699999999999999,-0.0073152465820311985,53.0,25.0
6930,168,500,102,early_first_window,1,0.6699999999999999,-0.0073152465820311985,53.0,25.0
6931,168,500,102,early_first_window,1,0.6699999999999999,-0.0073152465820311985,53.0,25.0
6932,168,500,102,early_first_window,1,0.6699999999999999,-0.0073152465820311985,53.0,25.0
6933,168,500,102,early_first_window,1,0.6699999999999999,-0.0073152465820311985,53.0,25.0
6934,168,500,102,early_first_window,1,0.6699999999999999,-0.0073152465820311985,53.0,25.0
6935,168,500,102,early_first_window,1,0.6699999999999999,-0.0073152465820311985,53.0,25.0
6936,168,500,102,early_first_window,1,0.6699999999999999,-0.0073152465820311985,53.0,25.0
6937,168,500,102,early_first_window,1,0.6699999999999999,-0.0073152465820311985,53.0,25.0
6938,168,500,102,early_first_window,1,0.6699999999999999,-0.0073152465820311985,53.0,25.0
6939,168,500,102,early_first_window,1,0.6699999999999999,-0.0073152465820311985,53.0,25.0
6940,168,500,102,early_first_window,1,0.6699999999999999,-0.0073152465820311985,53.0,25.0
6941,168,500,102,early_first_window,1,0.6699999999999999,-0.0073152465820311985,53.0,25.0
6942,168,500,102,early_first_window,1,0.6699999999999999,-0.0073152465820311985,53.0,25.0
6943,168,500,102,early_first_window,1,0.6699999999999999,-0.0073152465820311985,53.0,25.0
6944,168,500,102,early_first_window,1,0.6699999999999999,-0.0073152465820311985,53.0,25.0
6945,168,500,102,early_first_window,1,0.6699999999999999,-0.0073152465820311985,53.0,25.0
6946,168,500,102,early_first_window,1,0.6699999999999999,-0.0073152465820311985,53.0,25.0
6947,168,500,102,early_first_window,1,0.6699999999999999,-0.0073152465820311985,53.0,25.0
6948,168,500,102,early_first_window,1,0.6699999999999999,-0.0073152465820311985,53.0,25.0
6949,168,500,102,early_first_window,1,0.6699999999999999,-0.0073152465820311985,53.0,25.0
6950,168,500,102,early_first_window,1,0.6699999999999999,-0.0073152465820311985,53.0,25.0
6951,168,500,102,early_first_window,1,0.6699999999999999,-0.0073152465820311985,53.0,25.0
6952,168,500,102,early_first_window,1,0.6699999999999999,-0.0073152465820311985,53.0,25.0
6953,168,500,102,early_first_window,1,0.6699999999999999,-0.0073152465820311985,53.0,25.0
6954,168,500,102,early_first_window,1,0.6699999999999999,-0.0073152465820311985,53.0,25.0
6955,168,500,102,early_first_window,1,0.6699999999999999,-0.0073152465820311985,53.0,25.0
6956,168,500,102,early_first_window,1,0.6699999999999999,-0.0073152465820311985,53.0,25.0
6957,168,500,102,early_first_window,1,0.6699999999999999,-0.0073152465820311985,53.0,25.0
6958,168,500,102,early_first_window,1,0.6699999999999999,-0.0073152465820311985,53.0,25.0
6959,168,500,102,early_first_window,1,0.6699999999999999,-0.0073152465820311985,53.0,25.0
6960,169,500,106,early_first_window,1,0.758,0.0022176513671875453,57.0,25.0
6961,169,500,106,early_first_window,1,0.758,0.0022176513671875453,57.0,25.0
6962,169,500,106,early_first_window,1,0.758,0.0022176513671875453,57.0,25.0
6963,169,500,106,early_first_window,1,0.758,0.0022176513671875453,57.0,25.0
6964,169,500,106,early_first_window,1,0.758,0.0022176513671875453,57.0,25.0
6965,169,500,106,early_first_window,1,0.758,0.0022176513671875453,57.0,25.0
6966,169,500,106,early_first_window,1,0.758,0.0022176513671875453,57.0,25.0
6967,169,500,106,early_first_window,1,0.758,0.0022176513671875453,57.0,25.0
6968,169,500,106,early_first_window,1,0.758,0.0022176513671875453,57.0,25.0
6969,169,500,106,early_first_window,1,0.758,0.0022176513671875453,57.0,25.0
6970,169,500,106,early_first_window,1,0.758,0.0022176513671875453,57.0,25.0
6971,169,500,106,early_first_window,1,0.758,0.0022176513671875453,57.0,25.0
6972,169,500,106,early_first_window,1,0.758,0.0022176513671875453,57.0,25.0
6973,169,500,106,early_first_window,1,0.758,0.0022176513671875453,57.0,25.0
6974,169,500,106,early_first_window,1,0.758,0.0022176513671875453,57.0,25.0
6975,169,500,106,early_first_window,1,0.758,0.0022176513671875453,57.0,25.0
6976,169,500,106,early_first_window,1,0.758,0.0022176513671875453,57.0,25.0
6977,169,500,106,early_first_window,1,0.758,0.0022176513671875453,57.0,25.0
6978,169,500,106,early_first_window,1,0.758,0.0022176513671875453,57.0,25.0
6979,169,500,106,early_first_window,1,0.758,0.0022176513671875453,57.0,25.0
6980,169,500,106,early_first_window,1,0.758,0.0022176513671875453,57.0,25.0
6981,169,500,106,early_first_window,1,0.758,0.0022176513671875453,57.0,25.0
6982,169,500,106,early_first_window,1,0.758,0.0022176513671875453,57.0,25.0
6983,169,500,106,early_first_window,1,0.758,0.0022176513671875453,57.0,25.0
6984,169,500,106,early_first_window,1,0.758,0.0022176513671875453,57.0,25.0
6985,169,500,106,early_first_window,1,0.758,0.0022176513671875453,57.0,25.0
6986,169,500,106,early_first_window,1,0.758,0.0022176513671875453,57.0,25.0
6987,169,500,106,early_first_window,1,0.758,0.0022176513671875453,57.0,25.0
6988,169,500,106,early_first_window,1,0.758,0.0022176513671875453,57.0,25.0
6989,169,500,106,early_first_window,1,0.758,0.0022176513671875453,57.0,25.0
6990,169,500,106,early_first_window,1,0.758,0.0022176513671875453,57.0,25.0
6991,169,500,106,early_first_window,1,0.758,0.0022176513671875453,57.0,25.0
6992,169,500,106,early_first_window,1,0.758,0.0022176513671875453,57.0,25.0
6993,169,500,106,early_first_window,1,0.758,0.0022176513671875453,57.0,25.0
6994,169,500,106,early_first_window,1,0.758,0.0022176513671875453,57.0,25.0
6995,169,500,106,early_first_window,1,0.758,0.0022176513671875453,57.0,25.0
6996,169,500,106,early_first_window,1,0.758,0.0022176513671875453,57.0,25.0
6997,169,500,106,early_first_window,1,0.758,0.0022176513671875453,57.0,25.0
6998,169,500,106,early_first_window,1,0.758,0.0022176513671875453,57.0,25.0
6999,169,500,106,early_first_window,1,0.758,0.0022176513671875453,57.0,25.0
7000,170,500,12,early_first_window,1,0.0020000000000000018,0.006311645507812491,0.0,11.0
7001,170,500,12,early_first_window,1,0.0020000000000000018,0.006311645507812491,0.0,11.0
7002,170,500,12,early_first_window,1,0.0020000000000000018,0.006311645507812491,0.0,11.0
7003,170,500,12,early_first_window,1,0.0020000000000000018,0.006311645507812491,0.0,11.0
7004,170,500,12,early_first_window,1,0.0020000000000000018,0.006311645507812491,0.0,11.0
7005,170,500,12,early_first_window,1,0.0020000000000000018,0.006311645507812491,0.0,11.0
7006,170,500,12,early_first_window,1,0.0020000000000000018,0.006311645507812491,0.0,11.0
7007,170,500,12,early_first_window,1,0.0020000000000000018,0.006311645507812491,0.0,11.0
7008,170,500,12,early_first_window,1,0.0020000000000000018,0.006311645507812491,0.0,11.0
7009,170,500,12,early_first_window,1,0.0020000000000000018,0.006311645507812491,0.0,11.0
7010,170,500,12,early_first_window,1,0.0020000000000000018,0.006311645507812491,0.0,11.0
7011,170,500,12,early_first_window,1,0.0020000000000000018,0.006311645507812491,0.0,11.0
7012,170,500,12,early_first_window,1,0.0020000000000000018,0.006311645507812491,0.0,11.0
7013,170,500,12,early_first_window,1,0.0020000000000000018,0.006311645507812491,0.0,11.0
7014,170,500,12,early_first_window,1,0.0020000000000000018,0.006311645507812491,0.0,11.0
7015,170,500,12,early_first_window,1,0.0020000000000000018,0.006311645507812491,0.0,11.0
7016,170,500,12,early_first_window,1,0.0020000000000000018,0.006311645507812491,0.0,11.0
7017,170,500,12,early_first_window,1,0.0020000000000000018,0.006311645507812491,0.0,11.0
7018,170,500,12,early_first_window,1,0.0020000000000000018,0.006311645507812491,0.0,11.0
7019,170,500,12,early_first_window,1,0.0020000000000000018,0.006311645507812491,0.0,11.0
7020,170,500,12,early_first_window,1,0.0020000000000000018,0.006311645507812491,0.0,11.0
7021,170,500,12,early_first_window,1,0.0020000000000000018,0.006311645507812491,0.0,11.0
7022,170,500,12,early_first_window,1,0.0020000000000000018,0.006311645507812491,0.0,11.0
7023,170,500,12,early_first_window,1,0.0020000000000000018,0.006311645507812491,0.0,11.0
7024,170,500,12,early_first_window,1,0.0020000000000000018,0.006311645507812491,0.0,11.0
7025,170,500,12,early_first_window,1,0.0020000000000000018,0.006311645507812491,0.0,11.0
7026,170,500,12,early_first_window,1,0.0020000000000000018,0.006311645507812491,0.0,11.0
7027,170,500,12,early_first_window,1,0.0020000000000000018,0.006311645507812491,0.0,11.0
7028,170,500,12,early_first_window,1,0.0020000000000000018,0.006311645507812491,0.0,11.0
7029,170,500,12,early_first_window,1,0.0020000000000000018,0.006311645507812491,0.0,11.0
7030,170,500,12,early_first_window,1,0.0020000000000000018,0.006311645507812491,0.0,11.0
7031,170,500,12,early_first_window,1,0.0020000000000000018,0.006311645507812491,0.0,11.0
7032,170,500,12,early_first_window,1,0.0020000000000000018,0.006311645507812491,0.0,11.0
7033,170,500,12,early_first_window,1,0.0020000000000000018,0.006311645507812491,0.0,11.0
7034,170,500,12,early_first_window,1,0.0020000000000000018,0.006311645507812491,0.0,11.0
7035,170,500,12,early_first_window,1,0.0020000000000000018,0.006311645507812491,0.0,11.0
7036,170,500,12,early_first_window,1,0.0020000000000000018,0.006311645507812491,0.0,11.0
7037,170,500,12,early_first_window,1,0.0020000000000000018,0.006311645507812491,0.0,11.0
7038,170,500,12,early_first_window,1,0.0020000000000000018,0.006311645507812491,0.0,11.0
7039,170,500,12,early_first_window,1,0.0020000000000000018,0.006311645507812491,0.0,11.0
7040,171,500,110,early_first_window,1,0.734,-0.0727218017578124,54.0,26.0
7041,171,500,110,early_first_window,1,0.734,-0.0727218017578124,54.0,26.0
7042,171,500,110,early_first_window,1,0.734,-0.0727218017578124,54.0,26.0
7043,171,500,110,early_first_window,1,0.734,-0.0727218017578124,54.0,26.0
7044,171,500,110,early_first_window,1,0.734,-0.0727218017578124,54.0,26.0
7045,171,500,110,early_first_window,1,0.734,-0.0727218017578124,54.0,26.0
7046,171,500,110,early_first_window,1,0.734,-0.0727218017578124,54.0,26.0
7047,171,500,110,early_first_window,1,0.734,-0.0727218017578124,54.0,26.0
7048,171,500,110,early_first_window,1,0.734,-0.0727218017578124,54.0,26.0
7049,171,500,110,early_first_window,1,0.734,-0.0727218017578124,54.0,26.0
7050,171,500,110,early_first_window,1,0.734,-0.0727218017578124,54.0,26.0
7051,171,500,110,early_first_window,1,0.734,-0.0727218017578124,54.0,26.0
7052,171,500,110,early_first_window,1,0.734,-0.0727218017578124,54.0,26.0
7053,171,500,110,early_first_window,1,0.734,-0.0727218017578124,54.0,26.0
7054,171,500,110,early_first_window,1,0.734,-0.0727218017578124,54.0,26.0
7055,171,500,110,early_first_window,1,0.734,-0.0727218017578124,54.0,26.0
7056,171,500,110,early_first_window,1,0.734,-0.0727218017578124,54.0,26.0
7057,171,500,110,early_first_window,1,0.734,-0.0727218017578124,54.0,26.0
7058,171,500,110,early_first_window,1,0.734,-0.0727218017578124,54.0,26.0
7059,171,500,110,early_first_window,1,0.734,-0.0727218017578124,54.0,26.0
7060,171,500,110,early_first_window,1,0.734,-0.0727218017578124,54.0,26.0
7061,171,500,110,early_first_window,1,0.734,-0.0727218017578124,54.0,26.0
7062,171,500,110,early_first_window,1,0.734,-0.0727218017578124,54.0,26.0
7063,171,500,110,early_first_window,1,0.734,-0.0727218017578124,54.0,26.0
7064,171,500,110,early_first_window,1,0.734,-0.0727218017578124,54.0,26.0
7065,171,500,110,early_first_window,1,0.734,-0.0727218017578124,54.0,26.0
7066,171,500,110,early_first_window,1,0.734,-0.0727218017578124,54.0,26.0
7067,171,500,110,early_first_window,1,0.734,-0.0727218017578124,54.0,26.0
7068,171,500,110,early_first_window,1,0.734,-0.0727218017578124,54.0,26.0
7069,171,500,110,early_first_window,1,0.734,-0.0727218017578124,54.0,26.0
7070,171,500,110,early_first_window,1,0.734,-0.0727218017578124,54.0,26.0
7071,171,500,110,early_first_window,1,0.734,-0.0727218017578124,54.0,26.0
7072,171,500,110,early_first_window,1,0.734,-0.0727218017578124,54.0,26.0
7073,171,500,110,early_first_window,1,0.734,-0.0727218017578124,54.0,26.0
7074,171,500,110,early_first_window,1,0.734,-0.0727218017578124,54.0,26.0
7075,171,500,110,early_first_window,1,0.734,-0.0727218017578124,54.0,26.0
7076,171,500,110,early_first_window,1,0.734,-0.0727218017578124,54.0,26.0
7077,171,500,110,early_first_window,1,0.734,-0.0727218017578124,54.0,26.0
7078,171,500,110,early_first_window,1,0.734,-0.0727218017578124,54.0,26.0
7079,171,500,110,early_first_window,1,0.734,-0.0727218017578124,54.0,26.0
7080,172,500,90,early_first_window,1,0.72,-0.05068200683593749,48.0,26.0
7081,172,500,90,early_first_window,1,0.72,-0.05068200683593749,48.0,26.0
7082,172,500,90,early_first_window,1,0.72,-0.05068200683593749,48.0,26.0
7083,172,500,90,early_first_window,1,0.72,-0.05068200683593749,48.0,26.0
7084,172,500,90,early_first_window,1,0.72,-0.05068200683593749,48.0,26.0
7085,172,500,90,early_first_window,1,0.72,-0.05068200683593749,48.0,26.0
7086,172,500,90,early_first_window,1,0.72,-0.05068200683593749,48.0,26.0
7087,172,500,90,early_first_window,1,0.72,-0.05068200683593749,48.0,26.0
7088,172,500,90,early_first_window,1,0.72,-0.05068200683593749,48.0,26.0
7089,172,500,90,early_first_window,1,0.72,-0.05068200683593749,48.0,26.0
7090,172,500,90,early_first_window,1,0.72,-0.05068200683593749,48.0,26.0
7091,172,500,90,early_first_window,1,0.72,-0.05068200683593749,48.0,26.0
7092,172,500,90,early_first_window,1,0.72,-0.05068200683593749,48.0,26.0
7093,172,500,90,early_first_window,1,0.72,-0.05068200683593749,48.0,26.0
7094,172,500,90,early_first_window,1,0.72,-0.05068200683593749,48.0,26.0
7095,172,500,90,early_first_window,1,0.72,-0.05068200683593749,48.0,26.0
7096,172,500,90,early_first_window,1,0.72,-0.05068200683593749,48.0,26.0
7097,172,500,90,early_first_window,1,0.72,-0.05068200683593749,48.0,26.0
7098,172,500,90,early_first_window,1,0.72,-0.05068200683593749,48.0,26.0
7099,172,500,90,early_first_window,1,0.72,-0.05068200683593749,48.0,26.0
7100,172,500,90,early_first_window,1,0.72,-0.05068200683593749,48.0,26.0
7101,172,500,90,early_first_window,1,0.72,-0.05068200683593749,48.0,26.0
7102,172,500,90,early_first_window,1,0.72,-0.05068200683593749,48.0,26.0
7103,172,500,90,early_first_window,1,0.72,-0.05068200683593749,48.0,26.0
7104,172,500,90,early_first_window,1,0.72,-0.05068200683593749,48.0,26.0
7105,172,500,90,early_first_window,1,0.72,-0.05068200683593749,48.0,26.0
7106,172,500,90,early_first_window,1,0.72,-0.05068200683593749,48.0,26.0
7107,172,500,90,early_first_window,1,0.72,-0.05068200683593749,48.0,26.0
7108,172,500,90,early_first_window,1,0.72,-0.05068200683593749,48.0,26.0
7109,172,500,90,early_first_window,1,0.72,-0.05068200683593749,48.0,26.0
7110,172,500,90,early_first_window,1,0.72,-0.05068200683593749,48.0,26.0
7111,172,500,90,early_first_window,1,0.72,-0.05068200683593749,48.0,26.0
7112,172,500,90,early_first_window,1,0.72,-0.05068200683593749,48.0,26.0
7113,172,500,90,early_first_window,1,0.72,-0.05068200683593749,48.0,26.0
7114,172,500,90,early_first_window,1,0.72,-0.05068200683593749,48.0,26.0
7115,172,500,90,early_first_window,1,0.72,-0.05068200683593749,48.0,26.0
7116,172,500,90,early_first_window,1,0.72,-0.05068200683593749,48.0,26.0
7117,172,500,90,early_first_window,1,0.72,-0.05068200683593749,48.0,26.0
7118,172,500,90,early_first_window,1,0.72,-0.05068200683593749,48.0,26.0
7119,172,500,90,early_first_window,1,0.72,-0.05068200683593749,48.0,26.0
7120,173,500,12,early_first_window,1,0.0020000000000000018,0.006311645507812491,0.0,11.0
7121,173,500,12,early_first_window,1,0.0020000000000000018,0.006311645507812491,0.0,11.0
7122,173,500,12,early_first_window,1,0.0020000000000000018,0.006311645507812491,0.0,11.0
7123,173,500,12,early_first_window,1,0.0020000000000000018,0.006311645507812491,0.0,11.0
7124,173,500,12,early_first_window,1,0.0020000000000000018,0.006311645507812491,0.0,11.0
7125,173,500,12,early_first_window,1,0.0020000000000000018,0.006311645507812491,0.0,11.0
7126,173,500,12,early_first_window,1,0.0020000000000000018,0.006311645507812491,0.0,11.0
7127,173,500,12,early_first_window,1,0.0020000000000000018,0.006311645507812491,0.0,11.0
7128,173,500,12,early_first_window,1,0.0020000000000000018,0.006311645507812491,0.0,11.0
7129,173,500,12,early_first_window,1,0.0020000000000000018,0.006311645507812491,0.0,11.0
7130,173,500,12,early_first_window,1,0.0020000000000000018,0.006311645507812491,0.0,11.0
7131,173,500,12,early_first_window,1,0.0020000000000000018,0.006311645507812491,0.0,11.0
7132,173,500,12,early_first_window,1,0.0020000000000000018,0.006311645507812491,0.0,11.0
7133,173,500,12,early_first_window,1,0.0020000000000000018,0.006311645507812491,0.0,11.0
7134,173,500,12,early_first_window,1,0.0020000000000000018,0.006311645507812491,0.0,11.0
7135,173,500,12,early_first_window,1,0.0020000000000000018,0.006311645507812491,0.0,11.0
7136,173,500,12,early_first_window,1,0.0020000000000000018,0.006311645507812491,0.0,11.0
7137,173,500,12,early_first_window,1,0.0020000000000000018,0.006311645507812491,0.0,11.0
7138,173,500,12,early_first_window,1,0.0020000000000000018,0.006311645507812491,0.0,11.0
7139,173,500,12,early_first_window,1,0.0020000000000000018,0.006311645507812491,0.0,11.0
7140,173,500,12,early_first_window,1,0.0020000000000000018,0.006311645507812491,0.0,11.0
7141,173,500,12,early_first_window,1,0.0020000000000000018,0.006311645507812491,0.0,11.0
7142,173,500,12,early_first_window,1,0.0020000000000000018,0.006311645507812491,0.0,11.0
7143,173,500,12,early_first_window,1,0.0020000000000000018,0.006311645507812491,0.0,11.0
7144,173,500,12,early_first_window,1,0.0020000000000000018,0.006311645507812491,0.0,11.0
7145,173,500,12,early_first_window,1,0.0020000000000000018,0.006311645507812491,0.0,11.0
7146,173,500,12,early_first_window,1,0.0020000000000000018,0.006311645507812491,0.0,11.0
7147,173,500,12,early_first_window,1,0.0020000000000000018,0.006311645507812491,0.0,11.0
7148,173,500,12,early_first_window,1,0.0020000000000000018,0.006311645507812491,0.0,11.0
7149,173,500,12,early_first_window,1,0.0020000000000000018,0.006311645507812491,0.0,11.0
7150,173,500,12,early_first_window,1,0.0020000000000000018,0.006311645507812491,0.0,11.0
7151,173,500,12,early_first_window,1,0.0020000000000000018,0.006311645507812491,0.0,11.0
7152,173,500,12,early_first_window,1,0.0020000000000000018,0.006311645507812491,0.0,11.0
7153,173,500,12,early_first_window,1,0.0020000000000000018,0.006311645507812491,0.0,11.0
7154,173,500,12,early_first_window,1,0.0020000000000000018,0.006311645507812491,0.0,11.0
7155,173,500,12,early_first_window,1,0.0020000000000000018,0.006311645507812491,0.0,11.0
7156,173,500,12,early_first_window,1,0.0020000000000000018,0.006311645507812491,0.0,11.0
7157,173,500,12,early_first_window,1,0.0020000000000000018,0.006311645507812491,0.0,11.0
7158,173,500,12,early_first_window,1,0.0020000000000000018,0.006311645507812491,0.0,11.0
7159,173,500,12,early_first_window,1,0.0020000000000000018,0.006311645507812491,0.0,11.0
7160,174,500,26,early_first_window,1,0.006000000000000005,0.029865844726562507,9.0,25.0
7161,174,500,26,early_first_window,1,0.006000000000000005,0.029865844726562507,9.0,25.0
7162,174,500,26,early_first_window,1,0.006000000000000005,0.029865844726562507,9.0,25.0
7163,174,500,26,early_first_window,1,0.006000000000000005,0.029865844726562507,9.0,25.0
7164,174,500,26,early_first_window,1,0.006000000000000005,0.029865844726562507,9.0,25.0
7165,174,500,26,early_first_window,1,0.006000000000000005,0.029865844726562507,9.0,25.0
7166,174,500,26,early_first_window,1,0.006000000000000005,0.029865844726562507,9.0,25.0
7167,174,500,26,early_first_window,1,0.006000000000000005,0.029865844726562507,9.0,25.0
7168,174,500,26,early_first_window,1,0.006000000000000005,0.029865844726562507,9.0,25.0
7169,174,500,26,early_first_window,1,0.006000000000000005,0.029865844726562507,9.0,25.0
7170,174,500,26,early_first_window,1,0.006000000000000005,0.029865844726562507,9.0,25.0
7171,174,500,26,early_first_window,1,0.006000000000000005,0.029865844726562507,9.0,25.0
7172,174,500,26,early_first_window,1,0.006000000000000005,0.029865844726562507,9.0,25.0
7173,174,500,26,early_first_window,1,0.006000000000000005,0.029865844726562507,9.0,25.0
7174,174,500,26,early_first_window,1,0.006000000000000005,0.029865844726562507,9.0,25.0
7175,174,500,26,early_first_window,1,0.006000000000000005,0.029865844726562507,9.0,25.0
7176,174,500,26,early_first_window,1,0.006000000000000005,0.029865844726562507,9.0,25.0
7177,174,500,26,early_first_window,1,0.006000000000000005,0.029865844726562507,9.0,25.0
7178,174,500,26,early_first_window,1,0.006000000000000005,0.029865844726562507,9.0,25.0
7179,174,500,26,early_first_window,1,0.006000000000000005,0.029865844726562507,9.0,25.0
7180,174,500,26,early_first_window,1,0.006000000000000005,0.029865844726562507,9.0,25.0
7181,174,500,26,early_first_window,1,0.006000000000000005,0.029865844726562507,9.0,25.0
7182,174,500,26,early_first_window,1,0.006000000000000005,0.029865844726562507,9.0,25.0
7183,174,500,26,early_first_window,1,0.006000000000000005,0.029865844726562507,9.0,25.0
7184,174,500,26,early_first_window,1,0.006000000000000005,0.029865844726562507,9.0,25.0
7185,174,500,26,early_first_window,1,0.006000000000000005,0.029865844726562507,9.0,25.0
7186,174,500,26,early_first_window,1,0.006000000000000005,0.029865844726562507,9.0,25.0
7187,174,500,26,early_first_window,1,0.006000000000000005,0.029865844726562507,9.0,25.0
7188,174,500,26,early_first_window,1,0.006000000000000005,0.029865844726562507,9.0,25.0
7189,174,500,26,early_first_window,1,0.006000000000000005,0.029865844726562507,9.0,25.0
7190,174,500,26,early_first_window,1,0.006000000000000005,0.029865844726562507,9.0,25.0
7191,174,500,26,early_first_window,1,0.006000000000000005,0.029865844726562507,9.0,25.0
7192,174,500,26,early_first_window,1,0.006000000000000005,0.029865844726562507,9.0,25.0
7193,174,500,26,early_first_window,1,0.006000000000000005,0.029865844726562507,9.0,25.0
7194,174,500,26,early_first_window,1,0.006000000000000005,0.029865844726562507,9.0,25.0
7195,174,500,26,early_first_window,1,0.006000000000000005,0.029865844726562507,9.0,25.0
7196,174,500,26,early_first_window,1,0.006000000000000005,0.029865844726562507,9.0,25.0
7197,174,500,26,early_first_window,1,0.006000000000000005,0.029865844726562507,9.0,25.0
7198,174,500,26,early_first_window,1,0.006000000000000005,0.029865844726562507,9.0,25.0
7199,174,500,26,early_first_window,1,0.006000000000000005,0.029865844726562507,9.0,25.0
7200,175,500,110,early_first_window,1,0.65,-0.14792163085937493,57.0,26.0
7201,175,500,110,early_first_window,1,0.65,-0.14792163085937493,57.0,26.0
7202,175,500,110,early_first_window,1,0.65,-0.14792163085937493,57.0,26.0
7203,175,500,110,early_first_window,1,0.65,-0.14792163085937493,57.0,26.0
7204,175,500,110,early_first_window,1,0.65,-0.14792163085937493,57.0,26.0
7205,175,500,110,early_first_window,1,0.65,-0.14792163085937493,57.0,26.0
7206,175,500,110,early_first_window,1,0.65,-0.14792163085937493,57.0,26.0
7207,175,500,110,early_first_window,1,0.65,-0.14792163085937493,57.0,26.0
7208,175,500,110,early_first_window,1,0.65,-0.14792163085937493,57.0,26.0
7209,175,500,110,early_first_window,1,0.65,-0.14792163085937493,57.0,26.0
7210,175,500,110,early_first_window,1,0.65,-0.14792163085937493,57.0,26.0
7211,175,500,110,early_first_window,1,0.65,-0.14792163085937493,57.0,26.0
7212,175,500,110,early_first_window,1,0.65,-0.14792163085937493,57.0,26.0
7213,175,500,110,early_first_window,1,0.65,-0.14792163085937493,57.0,26.0
7214,175,500,110,early_first_window,1,0.65,-0.14792163085937493,57.0,26.0
7215,175,500,110,early_first_window,1,0.65,-0.14792163085937493,57.0,26.0
7216,175,500,110,early_first_window,1,0.65,-0.14792163085937493,57.0,26.0
7217,175,500,110,early_first_window,1,0.65,-0.14792163085937493,57.0,26.0
7218,175,500,110,early_first_window,1,0.65,-0.14792163085937493,57.0,26.0
7219,175,500,110,early_first_window,1,0.65,-0.14792163085937493,57.0,26.0
7220,175,500,110,early_first_window,1,0.65,-0.14792163085937493,57.0,26.0
7221,175,500,110,early_first_window,1,0.65,-0.14792163085937493,57.0,26.0
7222,175,500,110,early_first_window,1,0.65,-0.14792163085937493,57.0,26.0
7223,175,500,110,early_first_window,1,0.65,-0.14792163085937493,57.0,26.0
7224,175,500,110,early_first_window,1,0.65,-0.14792163085937493,57.0,26.0
7225,175,500,110,early_first_window,1,0.65,-0.14792163085937493,57.0,26.0
7226,175,500,110,early_first_window,1,0.65,-0.14792163085937493,57.0,26.0
7227,175,500,110,early_first_window,1,0.65,-0.14792163085937493,57.0,26.0
7228,175,500,110,early_first_window,1,0.65,-0.14792163085937493,57.0,26.0
7229,175,500,110,early_first_window,1,0.65,-0.14792163085937493,57.0,26.0
7230,175,500,110,early_first_window,1,0.65,-0.14792163085937493,57.0,26.0
7231,175,500,110,early_first_window,1,0.65,-0.14792163085937493,57.0,26.0
7232,175,500,110,early_first_window,1,0.65,-0.14792163085937493,57.0,26.0
7233,175,500,110,early_first_window,1,0.65,-0.14792163085937493,57.0,26.0
7234,175,500,110,early_first_window,1,0.65,-0.14792163085937493,57.0,26.0
7235,175,500,110,early_first_window,1,0.65,-0.14792163085937493,57.0,26.0
7236,175,500,110,early_first_window,1,0.65,-0.14792163085937493,57.0,26.0
7237,175,500,110,early_first_window,1,0.65,-0.14792163085937493,57.0,26.0
7238,175,500,110,early_first_window,1,0.65,-0.14792163085937493,57.0,26.0
7239,175,500,110,early_first_window,1,0.65,-0.14792163085937493,57.0,26.0
7240,176,500,104,early_first_window,1,0.5920000000000001,-0.04938403320312501,54.0,26.0
7241,176,500,104,early_first_window,1,0.5920000000000001,-0.04938403320312501,54.0,26.0
7242,176,500,104,early_first_window,1,0.5920000000000001,-0.04938403320312501,54.0,26.0
7243,176,500,104,early_first_window,1,0.5920000000000001,-0.04938403320312501,54.0,26.0
7244,176,500,104,early_first_window,1,0.5920000000000001,-0.04938403320312501,54.0,26.0
7245,176,500,104,early_first_window,1,0.5920000000000001,-0.04938403320312501,54.0,26.0
7246,176,500,104,early_first_window,1,0.5920000000000001,-0.04938403320312501,54.0,26.0
7247,176,500,104,early_first_window,1,0.5920000000000001,-0.04938403320312501,54.0,26.0
7248,176,500,104,early_first_window,1,0.5920000000000001,-0.04938403320312501,54.0,26.0
7249,176,500,104,early_first_window,1,0.5920000000000001,-0.04938403320312501,54.0,26.0
7250,176,500,104,early_first_window,1,0.5920000000000001,-0.04938403320312501,54.0,26.0
7251,176,500,104,early_first_window,1,0.5920000000000001,-0.04938403320312501,54.0,26.0
7252,176,500,104,early_first_window,1,0.5920000000000001,-0.04938403320312501,54.0,26.0
7253,176,500,104,early_first_window,1,0.5920000000000001,-0.04938403320312501,54.0,26.0
7254,176,500,104,early_first_window,1,0.5920000000000001,-0.04938403320312501,54.0,26.0
7255,176,500,104,early_first_window,1,0.5920000000000001,-0.04938403320312501,54.0,26.0
7256,176,500,104,early_first_window,1,0.5920000000000001,-0.04938403320312501,54.0,26.0
7257,176,500,104,early_first_window,1,0.5920000000000001,-0.04938403320312501,54.0,26.0
7258,176,500,104,early_first_window,1,0.5920000000000001,-0.04938403320312501,54.0,26.0
7259,176,500,104,early_first_window,1,0.5920000000000001,-0.04938403320312501,54.0,26.0
7260,176,500,104,early_first_window,1,0.5920000000000001,-0.04938403320312501,54.0,26.0
7261,176,500,104,early_first_window,1,0.5920000000000001,-0.04938403320312501,54.0,26.0
7262,176,500,104,early_first_window,1,0.5920000000000001,-0.04938403320312501,54.0,26.0
7263,176,500,104,early_first_window,1,0.5920000000000001,-0.04938403320312501,54.0,26.0
7264,176,500,104,early_first_window,1,0.5920000000000001,-0.04938403320312501,54.0,26.0
7265,176,500,104,early_first_window,1,0.5920000000000001,-0.04938403320312501,54.0,26.0
7266,176,500,104,early_first_window,1,0.5920000000000001,-0.04938403320312501,54.0,26.0
7267,176,500,104,early_first_window,1,0.5920000000000001,-0.04938403320312501,54.0,26.0
7268,176,500,104,early_first_window,1,0.5920000000000001,-0.04938403320312501,54.0,26.0
7269,176,500,104,early_first_window,1,0.5920000000000001,-0.04938403320312501,54.0,26.0
7270,176,500,104,early_first_window,1,0.5920000000000001,-0.04938403320312501,54.0,26.0
7271,176,500,104,early_first_window,1,0.5920000000000001,-0.04938403320312501,54.0,26.0
7272,176,500,104,early_first_window,1,0.5920000000000001,-0.04938403320312501,54.0,26.0
7273,176,500,104,early_first_window,1,0.5920000000000001,-0.04938403320312501,54.0,26.0
7274,176,500,104,early_first_window,1,0.5920000000000001,-0.04938403320312501,54.0,26.0
7275,176,500,104,early_first_window,1,0.5920000000000001,-0.04938403320312501,54.0,26.0
7276,176,500,104,early_first_window,1,0.5920000000000001,-0.04938403320312501,54.0,26.0
7277,176,500,104,early_first_window,1,0.5920000000000001,-0.04938403320312501,54.0,26.0
7278,176,500,104,early_first_window,1,0.5920000000000001,-0.04938403320312501,54.0,26.0
7279,176,500,104,early_first_window,1,0.5920000000000001,-0.04938403320312501,54.0,26.0
7280,177,500,18,early_first_window,1,0.0040000000000000036,0.005375610351562532,5.0,17.0
7281,177,500,18,early_first_window,1,0.0040000000000000036,0.005375610351562532,5.0,17.0
7282,177,500,18,early_first_window,1,0.0040000000000000036,0.005375610351562532,5.0,17.0
7283,177,500,18,early_first_window,1,0.0040000000000000036,0.005375610351562532,5.0,17.0
7284,177,500,123,early_first_window,1,0.6699999999999999,-0.4710537109374999,46.0,18.0
7285,177,500,123,early_first_window,1,0.6699999999999999,-0.4710537109374999,46.0,18.0
7286,177,500,123,early_first_window,1,0.6699999999999999,-0.4710537109374999,46.0,18.0
7287,177,500,123,early_first_window,1,0.6699999999999999,-0.4710537109374999,46.0,18.0
7288,177,500,123,early_first_window,1,0.6699999999999999,-0.4710537109374999,46.0,18.0
7289,177,500,123,early_first_window,1,0.6699999999999999,-0.4710537109374999,46.0,18.0
7290,177,500,123,early_first_window,1,0.6699999999999999,-0.4710537109374999,46.0,18.0
7291,177,500,123,early_first_window,1,0.6699999999999999,-0.4710537109374999,46.0,18.0
7292,177,500,123,early_first_window,1,0.6699999999999999,-0.4710537109374999,46.0,18.0
7293,177,500,123,early_first_window,1,0.6699999999999999,-0.4710537109374999,46.0,18.0
7294,177,500,123,early_first_window,1,0.6699999999999999,-0.4710537109374999,46.0,18.0
7295,177,500,123,early_first_window,1,0.6699999999999999,-0.4710537109374999,46.0,18.0
7296,177,500,123,early_first_window,1,0.6699999999999999,-0.4710537109374999,46.0,18.0
7297,177,500,123,early_first_window,1,0.6699999999999999,-0.4710537109374999,46.0,18.0
7298,177,500,123,early_first_window,1,0.6699999999999999,-0.4710537109374999,46.0,18.0
7299,177,500,123,early_first_window,1,0.6699999999999999,-0.4710537109374999,46.0,18.0
7300,177,500,123,early_first_window,1,0.6699999999999999,-0.4710537109374999,46.0,18.0
7301,177,500,123,early_first_window,1,0.6699999999999999,-0.4710537109374999,46.0,18.0
7302,177,500,123,early_first_window,1,0.6699999999999999,-0.4710537109374999,46.0,18.0
7303,177,500,123,early_first_window,1,0.6699999999999999,-0.4710537109374999,46.0,18.0
7304,177,500,123,early_first_window,1,0.6699999999999999,-0.4710537109374999,46.0,18.0
7305,177,500,123,early_first_window,1,0.6699999999999999,-0.4710537109374999,46.0,18.0
7306,177,500,123,early_first_window,1,0.6699999999999999,-0.4710537109374999,46.0,18.0
7307,177,500,123,early_first_window,1,0.6699999999999999,-0.4710537109374999,46.0,18.0
7308,177,500,123,early_first_window,1,0.6699999999999999,-0.4710537109374999,46.0,18.0
7309,177,500,123,early_first_window,1,0.6699999999999999,-0.4710537109374999,46.0,18.0
7310,177,500,123,early_first_window,1,0.6699999999999999,-0.4710537109374999,46.0,18.0
7311,177,500,123,early_first_window,1,0.6699999999999999,-0.4710537109374999,46.0,18.0
7312,177,500,123,early_first_window,1,0.6699999999999999,-0.4710537109374999,46.0,18.0
7313,177,500,123,early_first_window,1,0.6699999999999999,-0.4710537109374999,46.0,18.0
7314,177,500,123,early_first_window,1,0.6699999999999999,-0.4710537109374999,46.0,18.0
7315,177,500,123,early_first_window,1,0.6699999999999999,-0.4710537109374999,46.0,18.0
7316,177,500,123,early_first_window,1,0.6699999999999999,-0.4710537109374999,46.0,18.0
7317,177,500,123,early_first_window,1,0.6699999999999999,-0.4710537109374999,46.0,18.0
7318,177,500,123,early_first_window,1,0.6699999999999999,-0.4710537109374999,46.0,18.0
7319,177,500,123,early_first_window,1,0.6699999999999999,-0.4710537109374999,46.0,18.0
7320,178,500,106,early_first_window,1,0.6819999999999999,-0.050420654296875034,55.0,26.0
7321,178,500,106,early_first_window,1,0.6819999999999999,-0.050420654296875034,55.0,26.0
7322,178,500,106,early_first_window,1,0.6819999999999999,-0.050420654296875034,55.0,26.0
7323,178,500,106,early_first_window,1,0.6819999999999999,-0.050420654296875034,55.0,26.0
7324,178,500,106,early_first_window,1,0.6819999999999999,-0.050420654296875034,55.0,26.0
7325,178,500,106,early_first_window,1,0.6819999999999999,-0.050420654296875034,55.0,26.0
7326,178,500,106,early_first_window,1,0.6819999999999999,-0.050420654296875034,55.0,26.0
7327,178,500,106,early_first_window,1,0.6819999999999999,-0.050420654296875034,55.0,26.0
7328,178,500,106,early_first_window,1,0.6819999999999999,-0.050420654296875034,55.0,26.0
7329,178,500,106,early_first_window,1,0.6819999999999999,-0.050420654296875034,55.0,26.0
7330,178,500,106,early_first_window,1,0.6819999999999999,-0.050420654296875034,55.0,26.0
7331,178,500,106,early_first_window,1,0.6819999999999999,-0.050420654296875034,55.0,26.0
7332,178,500,106,early_first_window,1,0.6819999999999999,-0.050420654296875034,55.0,26.0
7333,178,500,106,early_first_window,1,0.6819999999999999,-0.050420654296875034,55.0,26.0
7334,178,500,106,early_first_window,1,0.6819999999999999,-0.050420654296875034,55.0,26.0
7335,178,500,106,early_first_window,1,0.6819999999999999,-0.050420654296875034,55.0,26.0
7336,178,500,106,early_first_window,1,0.6819999999999999,-0.050420654296875034,55.0,26.0
7337,178,500,106,early_first_window,1,0.6819999999999999,-0.050420654296875034,55.0,26.0
7338,178,500,106,early_first_window,1,0.6819999999999999,-0.050420654296875034,55.0,26.0
7339,178,500,106,early_first_window,1,0.6819999999999999,-0.050420654296875034,55.0,26.0
7340,178,500,106,early_first_window,1,0.6819999999999999,-0.050420654296875034,55.0,26.0
7341,178,500,106,early_first_window,1,0.6819999999999999,-0.050420654296875034,55.0,26.0
7342,178,500,106,early_first_window,1,0.6819999999999999,-0.050420654296875034,55.0,26.0
7343,178,500,106,early_first_window,1,0.6819999999999999,-0.050420654296875034,55.0,26.0
7344,178,500,106,early_first_window,1,0.6819999999999999,-0.050420654296875034,55.0,26.0
7345,178,500,106,early_first_window,1,0.6819999999999999,-0.050420654296875034,55.0,26.0
7346,178,500,106,early_first_window,1,0.6819999999999999,-0.050420654296875034,55.0,26.0
7347,178,500,106,early_first_window,1,0.6819999999999999,-0.050420654296875034,55.0,26.0
7348,178,500,106,early_first_window,1,0.6819999999999999,-0.050420654296875034,55.0,26.0
7349,178,500,106,early_first_window,1,0.6819999999999999,-0.050420654296875034,55.0,26.0
7350,178,500,106,early_first_window,1,0.6819999999999999,-0.050420654296875034,55.0,26.0
7351,178,500,106,early_first_window,1,0.6819999999999999,-0.050420654296875034,55.0,26.0
7352,178,500,106,early_first_window,1,0.6819999999999999,-0.050420654296875034,55.0,26.0
7353,178,500,106,early_first_window,1,0.6819999999999999,-0.050420654296875034,55.0,26.0
7354,178,500,106,early_first_window,1,0.6819999999999999,-0.050420654296875034,55.0,26.0
7355,178,500,106,early_first_window,1,0.6819999999999999,-0.050420654296875034,55.0,26.0
7356,178,500,106,early_first_window,1,0.6819999999999999,-0.050420654296875034,55.0,26.0
7357,178,500,106,early_first_window,1,0.6819999999999999,-0.050420654296875034,55.0,26.0
7358,178,500,106,early_first_window,1,0.6819999999999999,-0.050420654296875034,55.0,26.0
7359,178,500,106,early_first_window,1,0.6819999999999999,-0.050420654296875034,55.0,26.0
7360,179,500,114,early_first_window,1,0.626,-0.0524471435546876,71.0,25.0
7361,179,500,114,early_first_window,1,0.626,-0.0524471435546876,71.0,25.0
7362,179,500,114,early_first_window,1,0.626,-0.0524471435546876,71.0,25.0
7363,179,500,114,early_first_window,1,0.626,-0.0524471435546876,71.0,25.0
7364,179,500,114,early_first_window,1,0.626,-0.0524471435546876,71.0,25.0
7365,179,500,114,early_first_window,1,0.626,-0.0524471435546876,71.0,25.0
7366,179,500,114,early_first_window,1,0.626,-0.0524471435546876,71.0,25.0
7367,179,500,114,early_first_window,1,0.626,-0.0524471435546876,71.0,25.0
7368,179,500,114,early_first_window,1,0.626,-0.0524471435546876,71.0,25.0
7369,179,500,114,early_first_window,1,0.626,-0.0524471435546876,71.0,25.0
7370,179,500,114,early_first_window,1,0.626,-0.0524471435546876,71.0,25.0
7371,179,500,114,early_first_window,1,0.626,-0.0524471435546876,71.0,25.0
7372,179,500,114,early_first_window,1,0.626,-0.0524471435546876,71.0,25.0
7373,179,500,114,early_first_window,1,0.626,-0.0524471435546876,71.0,25.0
7374,179,500,114,early_first_window,1,0.626,-0.0524471435546876,71.0,25.0
7375,179,500,114,early_first_window,1,0.626,-0.0524471435546876,71.0,25.0
7376,179,500,114,early_first_window,1,0.626,-0.0524471435546876,71.0,25.0
7377,179,500,114,early_first_window,1,0.626,-0.0524471435546876,71.0,25.0
7378,179,500,114,early_first_window,1,0.626,-0.0524471435546876,71.0,25.0
7379,179,500,114,early_first_window,1,0.626,-0.0524471435546876,71.0,25.0
7380,179,500,114,early_first_window,1,0.626,-0.0524471435546876,71.0,25.0
7381,179,500,114,early_first_window,1,0.626,-0.0524471435546876,71.0,25.0
7382,179,500,114,early_first_window,1,0.626,-0.0524471435546876,71.0,25.0
7383,179,500,114,early_first_window,1,0.626,-0.0524471435546876,71.0,25.0
7384,179,500,114,early_first_window,1,0.626,-0.0524471435546876,71.0,25.0
7385,179,500,114,early_first_window,1,0.626,-0.0524471435546876,71.0,25.0
7386,179,500,114,early_first_window,1,0.626,-0.0524471435546876,71.0,25.0
7387,179,500,114,early_first_window,1,0.626,-0.0524471435546876,71.0,25.0
7388,179,500,114,early_first_window,1,0.626,-0.0524471435546876,71.0,25.0
7389,179,500,114,early_first_window,1,0.626,-0.0524471435546876,71.0,25.0
7390,179,500,114,early_first_window,1,0.626,-0.0524471435546876,71.0,25.0
7391,179,500,114,early_first_window,1,0.626,-0.0524471435546876,71.0,25.0
7392,179,500,114,early_first_window,1,0.626,-0.0524471435546876,71.0,25.0
7393,179,500,114,early_first_window,1,0.626,-0.0524471435546876,71.0,25.0
7394,179,500,114,early_first_window,1,0.626,-0.0524471435546876,71.0,25.0
7395,179,500,114,early_first_window,1,0.626,-0.0524471435546876,71.0,25.0
7396,179,500,114,early_first_window,1,0.626,-0.0524471435546876,71.0,25.0
7397,179,500,114,early_first_window,1,0.626,-0.0524471435546876,71.0,25.0
7398,179,500,114,early_first_window,1,0.626,-0.0524471435546876,71.0,25.0
7399,179,500,114,early_first_window,1,0.626,-0.0524471435546876,71.0,25.0
7400,180,500,104,early_first_window,1,0.762,-0.268875,41.0,18.0
7401,180,500,104,early_first_window,1,0.762,-0.268875,41.0,18.0
7402,180,500,104,early_first_window,1,0.762,-0.268875,41.0,18.0
7403,180,500,104,early_first_window,1,0.762,-0.268875,41.0,18.0
7404,180,500,104,early_first_window,1,0.762,-0.268875,41.0,18.0
7405,180,500,104,early_first_window,1,0.762,-0.268875,41.0,18.0
7406,180,500,104,early_first_window,1,0.762,-0.268875,41.0,18.0
7407,180,500,104,early_first_window,1,0.762,-0.268875,41.0,18.0
7408,180,500,104,early_first_window,1,0.762,-0.268875,41.0,18.0
7409,180,500,104,early_first_window,1,0.762,-0.268875,41.0,18.0
7410,180,500,104,early_first_window,1,0.762,-0.268875,41.0,18.0
7411,180,500,104,early_first_window,1,0.762,-0.268875,41.0,18.0
7412,180,500,104,early_first_window,1,0.762,-0.268875,41.0,18.0
7413,180,500,104,early_first_window,1,0.762,-0.268875,41.0,18.0
7414,180,500,104,early_first_window,1,0.762,-0.268875,41.0,18.0
7415,180,500,104,early_first_window,1,0.762,-0.268875,41.0,18.0
7416,180,500,104,early_first_window,1,0.762,-0.268875,41.0,18.0
7417,180,500,104,early_first_window,1,0.762,-0.268875,41.0,18.0
7418,180,500,104,early_first_window,1,0.762,-0.268875,41.0,18.0
7419,180,500,104,early_first_window,1,0.762,-0.268875,41.0,18.0
7420,180,500,104,early_first_window,1,0.762,-0.268875,41.0,18.0
7421,180,500,104,early_first_window,1,0.762,-0.268875,41.0,18.0
7422,180,500,104,early_first_window,1,0.762,-0.268875,41.0,18.0
7423,180,500,104,early_first_window,1,0.762,-0.268875,41.0,18.0
7424,180,500,104,early_first_window,1,0.762,-0.268875,41.0,18.0
7425,180,500,104,early_first_window,1,0.762,-0.268875,41.0,18.0
7426,180,500,104,early_first_window,1,0.762,-0.268875,41.0,18.0
7427,180,500,104,early_first_window,1,0.762,-0.268875,41.0,18.0
7428,180,500,104,early_first_window,1,0.762,-0.268875,41.0,18.0
7429,180,500,104,early_first_window,1,0.762,-0.268875,41.0,18.0
7430,180,500,104,early_first_window,1,0.762,-0.268875,41.0,18.0
7431,180,500,104,early_first_window,1,0.762,-0.268875,41.0,18.0
7432,180,500,104,early_first_window,1,0.762,-0.268875,41.0,18.0
7433,180,500,104,early_first_window,1,0.762,-0.268875,41.0,18.0
7434,180,500,104,early_first_window,1,0.762,-0.268875,41.0,18.0
7435,180,500,104,early_first_window,1,0.762,-0.268875,41.0,18.0
7436,180,500,104,early_first_window,1,0.762,-0.268875,41.0,18.0
7437,180,500,104,early_first_window,1,0.762,-0.268875,41.0,18.0
7438,180,500,104,early_first_window,1,0.762,-0.268875,41.0,18.0
7439,180,500,104,early_first_window,1,0.762,-0.268875,41.0,18.0
7440,181,500,12,early_first_window,1,0.0020000000000000018,0.006311645507812491,0.0,11.0
7441,181,500,12,early_first_window,1,0.0020000000000000018,0.006311645507812491,0.0,11.0
7442,181,500,12,early_first_window,1,0.0020000000000000018,0.006311645507812491,0.0,11.0
7443,181,500,12,early_first_window,1,0.0020000000000000018,0.006311645507812491,0.0,11.0
7444,181,500,12,early_first_window,1,0.0020000000000000018,0.006311645507812491,0.0,11.0
7445,181,500,12,early_first_window,1,0.0020000000000000018,0.006311645507812491,0.0,11.0
7446,181,500,12,early_first_window,1,0.0020000000000000018,0.006311645507812491,0.0,11.0
7447,181,500,12,early_first_window,1,0.0020000000000000018,0.006311645507812491,0.0,11.0
7448,181,500,12,early_first_window,1,0.0020000000000000018,0.006311645507812491,0.0,11.0
7449,181,500,12,early_first_window,1,0.0020000000000000018,0.006311645507812491,0.0,11.0
7450,181,500,12,early_first_window,1,0.0020000000000000018,0.006311645507812491,0.0,11.0
7451,181,500,12,early_first_window,1,0.0020000000000000018,0.006311645507812491,0.0,11.0
7452,181,500,12,early_first_window,1,0.0020000000000000018,0.006311645507812491,0.0,11.0
7453,181,500,12,early_first_window,1,0.0020000000000000018,0.006311645507812491,0.0,11.0
7454,181,500,12,early_first_window,1,0.0020000000000000018,0.006311645507812491,0.0,11.0
7455,181,500,12,early_first_window,1,0.0020000000000000018,0.006311645507812491,0.0,11.0
7456,181,500,12,early_first_window,1,0.0020000000000000018,0.006311645507812491,0.0,11.0
7457,181,500,12,early_first_window,1,0.0020000000000000018,0.006311645507812491,0.0,11.0
7458,181,500,12,early_first_window,1,0.0020000000000000018,0.006311645507812491,0.0,11.0
7459,181,500,12,early_first_window,1,0.0020000000000000018,0.006311645507812491,0.0,11.0
7460,181,500,12,early_first_window,1,0.0020000000000000018,0.006311645507812491,0.0,11.0
7461,181,500,12,early_first_window,1,0.0020000000000000018,0.006311645507812491,0.0,11.0
7462,181,500,12,early_first_window,1,0.0020000000000000018,0.006311645507812491,0.0,11.0
7463,181,500,12,early_first_window,1,0.0020000000000000018,0.006311645507812491,0.0,11.0
7464,181,500,12,early_first_window,1,0.0020000000000000018,0.006311645507812491,0.0,11.0
7465,181,500,12,early_first_window,1,0.0020000000000000018,0.006311645507812491,0.0,11.0
7466,181,500,12,early_first_window,1,0.0020000000000000018,0.006311645507812491,0.0,11.0
7467,181,500,12,early_first_window,1,0.0020000000000000018,0.006311645507812491,0.0,11.0
7468,181,500,12,early_first_window,1,0.0020000000000000018,0.006311645507812491,0.0,11.0
7469,181,500,12,early_first_window,1,0.0020000000000000018,0.006311645507812491,0.0,11.0
7470,181,500,12,early_first_window,1,0.0020000000000000018,0.006311645507812491,0.0,11.0
7471,181,500,12,early_first_window,1,0.0020000000000000018,0.006311645507812491,0.0,11.0
7472,181,500,12,early_first_window,1,0.0020000000000000018,0.006311645507812491,0.0,11.0
7473,181,500,12,early_first_window,1,0.0020000000000000018,0.006311645507812491,0.0,11.0
7474,181,500,12,early_first_window,1,0.0020000000000000018,0.006311645507812491,0.0,11.0
7475,181,500,12,early_first_window,1,0.0020000000000000018,0.006311645507812491,0.0,11.0
7476,181,500,12,early_first_window,1,0.0020000000000000018,0.006311645507812491,0.0,11.0
7477,181,500,12,early_first_window,1,0.0020000000000000018,0.006311645507812491,0.0,11.0
7478,181,500,12,early_first_window,1,0.0020000000000000018,0.006311645507812491,0.0,11.0
7479,181,500,12,early_first_window,1,0.0020000000000000018,0.006311645507812491,0.0,11.0
7480,182,500,12,early_first_window,1,0.0020000000000000018,0.006311645507812491,0.0,11.0
7481,182,500,12,early_first_window,1,0.0020000000000000018,0.006311645507812491,0.0,11.0
7482,182,500,12,early_first_window,1,0.0020000000000000018,0.006311645507812491,0.0,11.0
7483,182,500,12,early_first_window,1,0.0020000000000000018,0.006311645507812491,0.0,11.0
7484,182,500,12,early_first_window,1,0.0020000000000000018,0.006311645507812491,0.0,11.0
7485,182,500,12,early_first_window,1,0.0020000000000000018,0.006311645507812491,0.0,11.0
7486,182,500,12,early_first_window,1,0.0020000000000000018,0.006311645507812491,0.0,11.0
7487,182,500,12,early_first_window,1,0.0020000000000000018,0.006311645507812491,0.0,11.0
7488,182,500,12,early_first_window,1,0.0020000000000000018,0.006311645507812491,0.0,11.0
7489,182,500,12,early_first_window,1,0.0020000000000000018,0.006311645507812491,0.0,11.0
7490,182,500,12,early_first_window,1,0.0020000000000000018,0.006311645507812491,0.0,11.0
7491,182,500,12,early_first_window,1,0.0020000000000000018,0.006311645507812491,0.0,11.0
7492,182,500,12,early_first_window,1,0.0020000000000000018,0.006311645507812491,0.0,11.0
7493,182,500,12,early_first_window,1,0.0020000000000000018,0.006311645507812491,0.0,11.0
7494,182,500,12,early_first_window,1,0.0020000000000000018,0.006311645507812491,0.0,11.0
7495,182,500,12,early_first_window,1,0.0020000000000000018,0.006311645507812491,0.0,11.0
7496,182,500,12,early_first_window,1,0.0020000000000000018,0.006311645507812491,0.0,11.0
7497,182,500,12,early_first_window,1,0.0020000000000000018,0.006311645507812491,0.0,11.0
7498,182,500,12,early_first_window,1,0.0020000000000000018,0.006311645507812491,0.0,11.0
7499,182,500,12,early_first_window,1,0.0020000000000000018,0.006311645507812491,0.0,11.0
7500,182,500,12,early_first_window,1,0.0020000000000000018,0.006311645507812491,0.0,11.0
7501,182,500,12,early_first_window,1,0.0020000000000000018,0.006311645507812491,0.0,11.0
7502,182,500,12,early_first_window,1,0.0020000000000000018,0.006311645507812491,0.0,11.0
7503,182,500,12,early_first_window,1,0.0020000000000000018,0.006311645507812491,0.0,11.0
7504,182,500,12,early_first_window,1,0.0020000000000000018,0.006311645507812491,0.0,11.0
7505,182,500,12,early_first_window,1,0.0020000000000000018,0.006311645507812491,0.0,11.0
7506,182,500,12,early_first_window,1,0.0020000000000000018,0.006311645507812491,0.0,11.0
7507,182,500,12,early_first_window,1,0.0020000000000000018,0.006311645507812491,0.0,11.0
7508,182,500,12,early_first_window,1,0.0020000000000000018,0.006311645507812491,0.0,11.0
7509,182,500,12,early_first_window,1,0.0020000000000000018,0.006311645507812491,0.0,11.0
7510,182,500,12,early_first_window,1,0.0020000000000000018,0.006311645507812491,0.0,11.0
7511,182,500,12,early_first_window,1,0.0020000000000000018,0.006311645507812491,0.0,11.0
7512,182,500,12,early_first_window,1,0.0020000000000000018,0.006311645507812491,0.0,11.0
7513,182,500,12,early_first_window,1,0.0020000000000000018,0.006311645507812491,0.0,11.0
7514,182,500,12,early_first_window,1,0.0020000000000000018,0.006311645507812491,0.0,11.0
7515,182,500,12,early_first_window,1,0.0020000000000000018,0.006311645507812491,0.0,11.0
7516,182,500,12,early_first_window,1,0.0020000000000000018,0.006311645507812491,0.0,11.0
7517,182,500,12,early_first_window,1,0.0020000000000000018,0.006311645507812491,0.0,11.0
7518,182,500,12,early_first_window,1,0.0020000000000000018,0.006311645507812491,0.0,11.0
7519,182,500,12,early_first_window,1,0.0020000000000000018,0.006311645507812491,0.0,11.0
7520,183,500,148,early_first_window,1,0.714,-0.25738281249999995,43.0,26.0
7521,183,500,148,early_first_window,1,0.714,-0.25738281249999995,43.0,26.0
7522,183,500,148,early_first_window,1,0.714,-0.25738281249999995,43.0,26.0
7523,183,500,148,early_first_window,1,0.714,-0.25738281249999995,43.0,26.0
7524,183,500,148,early_first_window,1,0.714,-0.25738281249999995,43.0,26.0
7525,183,500,148,early_first_window,1,0.714,-0.25738281249999995,43.0,26.0
7526,183,500,148,early_first_window,1,0.714,-0.25738281249999995,43.0,26.0
7527,183,500,148,early_first_window,1,0.714,-0.25738281249999995,43.0,26.0
7528,183,500,148,early_first_window,1,0.714,-0.25738281249999995,43.0,26.0
7529,183,500,148,early_first_window,1,0.714,-0.25738281249999995,43.0,26.0
7530,183,500,148,early_first_window,1,0.714,-0.25738281249999995,43.0,26.0
7531,183,500,148,early_first_window,1,0.714,-0.25738281249999995,43.0,26.0
7532,183,500,148,early_first_window,1,0.714,-0.25738281249999995,43.0,26.0
7533,183,500,148,early_first_window,1,0.714,-0.25738281249999995,43.0,26.0
7534,183,500,148,early_first_window,1,0.714,-0.25738281249999995,43.0,26.0
7535,183,500,148,early_first_window,1,0.714,-0.25738281249999995,43.0,26.0
7536,183,500,148,early_first_window,1,0.714,-0.25738281249999995,43.0,26.0
7537,183,500,148,early_first_window,1,0.714,-0.25738281249999995,43.0,26.0
7538,183,500,148,early_first_window,1,0.714,-0.25738281249999995,43.0,26.0
7539,183,500,148,early_first_window,1,0.714,-0.25738281249999995,43.0,26.0
7540,183,500,148,early_first_window,1,0.714,-0.25738281249999995,43.0,26.0
7541,183,500,148,early_first_window,1,0.714,-0.25738281249999995,43.0,26.0
7542,183,500,148,early_first_window,1,0.714,-0.25738281249999995,43.0,26.0
7543,183,500,148,early_first_window,1,0.714,-0.25738281249999995,43.0,26.0
7544,183,500,148,early_first_window,1,0.714,-0.25738281249999995,43.0,26.0
7545,183,500,148,early_first_window,1,0.714,-0.25738281249999995,43.0,26.0
7546,183,500,148,early_first_window,1,0.714,-0.25738281249999995,43.0,26.0
7547,183,500,148,early_first_window,1,0.714,-0.25738281249999995,43.0,26.0
7548,183,500,148,early_first_window,1,0.714,-0.25738281249999995,43.0,26.0
7549,183,500,148,early_first_window,1,0.714,-0.25738281249999995,43.0,26.0
7550,183,500,148,early_first_window,1,0.714,-0.25738281249999995,43.0,26.0
7551,183,500,148,early_first_window,1,0.714,-0.25738281249999995,43.0,26.0
7552,183,500,148,early_first_window,1,0.714,-0.25738281249999995,43.0,26.0
7553,183,500,148,early_first_window,1,0.714,-0.25738281249999995,43.0,26.0
7554,183,500,148,early_first_window,1,0.714,-0.25738281249999995,43.0,26.0
7555,183,500,148,early_first_window,1,0.714,-0.25738281249999995,43.0,26.0
7556,183,500,148,early_first_window,1,0.714,-0.25738281249999995,43.0,26.0
7557,183,500,148,early_first_window,1,0.714,-0.25738281249999995,43.0,26.0
7558,183,500,148,early_first_window,1,0.714,-0.25738281249999995,43.0,26.0
7559,183,500,148,early_first_window,1,0.714,-0.25738281249999995,43.0,26.0
7560,184,500,12,early_first_window,1,0.0020000000000000018,0.006311645507812491,0.0,11.0
7561,184,500,12,early_first_window,1,0.0020000000000000018,0.006311645507812491,0.0,11.0
7562,184,500,12,early_first_window,1,0.0020000000000000018,0.006311645507812491,0.0,11.0
7563,184,500,12,early_first_window,1,0.0020000000000000018,0.006311645507812491,0.0,11.0
7564,184,500,12,early_first_window,1,0.0020000000000000018,0.006311645507812491,0.0,11.0
7565,184,500,12,early_first_window,1,0.0020000000000000018,0.006311645507812491,0.0,11.0
7566,184,500,12,early_first_window,1,0.0020000000000000018,0.006311645507812491,0.0,11.0
7567,184,500,12,early_first_window,1,0.0020000000000000018,0.006311645507812491,0.0,11.0
7568,184,500,12,early_first_window,1,0.0020000000000000018,0.006311645507812491,0.0,11.0
7569,184,500,12,early_first_window,1,0.0020000000000000018,0.006311645507812491,0.0,11.0
7570,184,500,12,early_first_window,1,0.0020000000000000018,0.006311645507812491,0.0,11.0
7571,184,500,12,early_first_window,1,0.0020000000000000018,0.006311645507812491,0.0,11.0
7572,184,500,12,early_first_window,1,0.0020000000000000018,0.006311645507812491,0.0,11.0
7573,184,500,12,early_first_window,1,0.0020000000000000018,0.006311645507812491,0.0,11.0
7574,184,500,12,early_first_window,1,0.0020000000000000018,0.006311645507812491,0.0,11.0
7575,184,500,12,early_first_window,1,0.0020000000000000018,0.006311645507812491,0.0,11.0
7576,184,500,12,early_first_window,1,0.0020000000000000018,0.006311645507812491,0.0,11.0
7577,184,500,12,early_first_window,1,0.0020000000000000018,0.006311645507812491,0.0,11.0
7578,184,500,12,early_first_window,1,0.0020000000000000018,0.006311645507812491,0.0,11.0
7579,184,500,12,early_first_window,1,0.0020000000000000018,0.006311645507812491,0.0,11.0
7580,184,500,12,early_first_window,1,0.0020000000000000018,0.006311645507812491,0.0,11.0
7581,184,500,12,early_first_window,1,0.0020000000000000018,0.006311645507812491,0.0,11.0
7582,184,500,12,early_first_window,1,0.0020000000000000018,0.006311645507812491,0.0,11.0
7583,184,500,12,early_first_window,1,0.0020000000000000018,0.006311645507812491,0.0,11.0
7584,184,500,12,early_first_window,1,0.0020000000000000018,0.006311645507812491,0.0,11.0
7585,184,500,12,early_first_window,1,0.0020000000000000018,0.006311645507812491,0.0,11.0
7586,184,500,12,early_first_window,1,0.0020000000000000018,0.006311645507812491,0.0,11.0
7587,184,500,12,early_first_window,1,0.0020000000000000018,0.006311645507812491,0.0,11.0
7588,184,500,12,early_first_window,1,0.0020000000000000018,0.006311645507812491,0.0,11.0
7589,184,500,12,early_first_window,1,0.0020000000000000018,0.006311645507812491,0.0,11.0
7590,184,500,12,early_first_window,1,0.0020000000000000018,0.006311645507812491,0.0,11.0
7591,184,500,12,early_first_window,1,0.0020000000000000018,0.006311645507812491,0.0,11.0
7592,184,500,12,early_first_window,1,0.0020000000000000018,0.006311645507812491,0.0,11.0
7593,184,500,12,early_first_window,1,0.0020000000000000018,0.006311645507812491,0.0,11.0
7594,184,500,12,early_first_window,1,0.0020000000000000018,0.006311645507812491,0.0,11.0
7595,184,500,12,early_first_window,1,0.0020000000000000018,0.006311645507812491,0.0,11.0
7596,184,500,12,early_first_window,1,0.0020000000000000018,0.006311645507812491,0.0,11.0
7597,184,500,12,early_first_window,1,0.0020000000000000018,0.006311645507812491,0.0,11.0
7598,184,500,12,early_first_window,1,0.0020000000000000018,0.006311645507812491,0.0,11.0
7599,184,500,12,early_first_window,1,0.0020000000000000018,0.006311645507812491,0.0,11.0
7600,185,500,12,early_first_window,1,0.0020000000000000018,0.006311645507812491,0.0,11.0
7601,185,500,12,early_first_window,1,0.0020000000000000018,0.006311645507812491,0.0,11.0
7602,185,500,12,early_first_window,1,0.0020000000000000018,0.006311645507812491,0.0,11.0
7603,185,500,12,early_first_window,1,0.0020000000000000018,0.006311645507812491,0.0,11.0
7604,185,500,12,early_first_window,1,0.0020000000000000018,0.006311645507812491,0.0,11.0
7605,185,500,12,early_first_window,1,0.0020000000000000018,0.006311645507812491,0.0,11.0
7606,185,500,12,early_first_window,1,0.0020000000000000018,0.006311645507812491,0.0,11.0
7607,185,500,12,early_first_window,1,0.0020000000000000018,0.006311645507812491,0.0,11.0
7608,185,500,12,early_first_window,1,0.0020000000000000018,0.006311645507812491,0.0,11.0
7609,185,500,12,early_first_window,1,0.0020000000000000018,0.006311645507812491,0.0,11.0
7610,185,500,12,early_first_window,1,0.0020000000000000018,0.006311645507812491,0.0,11.0
7611,185,500,12,early_first_window,1,0.0020000000000000018,0.006311645507812491,0.0,11.0
7612,185,500,12,early_first_window,1,0.0020000000000000018,0.006311645507812491,0.0,11.0
7613,185,500,12,early_first_window,1,0.0020000000000000018,0.006311645507812491,0.0,11.0
7614,185,500,12,early_first_window,1,0.0020000000000000018,0.006311645507812491,0.0,11.0
7615,185,500,12,early_first_window,1,0.0020000000000000018,0.006311645507812491,0.0,11.0
7616,185,500,12,early_first_window,1,0.0020000000000000018,0.006311645507812491,0.0,11.0
7617,185,500,12,early_first_window,1,0.0020000000000000018,0.006311645507812491,0.0,11.0
7618,185,500,12,early_first_window,1,0.0020000000000000018,0.006311645507812491,0.0,11.0
7619,185,500,12,early_first_window,1,0.0020000000000000018,0.006311645507812491,0.0,11.0
7620,185,500,12,early_first_window,1,0.0020000000000000018,0.006311645507812491,0.0,11.0
7621,185,500,12,early_first_window,1,0.0020000000000000018,0.006311645507812491,0.0,11.0
7622,185,500,12,early_first_window,1,0.0020000000000000018,0.006311645507812491,0.0,11.0
7623,185,500,12,early_first_window,1,0.0020000000000000018,0.006311645507812491,0.0,11.0
7624,185,500,12,early_first_window,1,0.0020000000000000018,0.006311645507812491,0.0,11.0
7625,185,500,12,early_first_window,1,0.0020000000000000018,0.006311645507812491,0.0,11.0
7626,185,500,12,early_first_window,1,0.0020000000000000018,0.006311645507812491,0.0,11.0
7627,185,500,12,early_first_window,1,0.0020000000000000018,0.006311645507812491,0.0,11.0
7628,185,500,12,early_first_window,1,0.0020000000000000018,0.006311645507812491,0.0,11.0
7629,185,500,12,early_first_window,1,0.0020000000000000018,0.006311645507812491,0.0,11.0
7630,185,500,12,early_first_window,1,0.0020000000000000018,0.006311645507812491,0.0,11.0
7631,185,500,12,early_first_window,1,0.0020000000000000018,0.006311645507812491,0.0,11.0
7632,185,500,12,early_first_window,1,0.0020000000000000018,0.006311645507812491,0.0,11.0
7633,185,500,12,early_first_window,1,0.0020000000000000018,0.006311645507812491,0.0,11.0
7634,185,500,12,early_first_window,1,0.0020000000000000018,0.006311645507812491,0.0,11.0
7635,185,500,12,early_first_window,1,0.0020000000000000018,0.006311645507812491,0.0,11.0
7636,185,500,12,early_first_window,1,0.0020000000000000018,0.006311645507812491,0.0,11.0
7637,185,500,12,early_first_window,1,0.0020000000000000018,0.006311645507812491,0.0,11.0
7638,185,500,12,early_first_window,1,0.0020000000000000018,0.006311645507812491,0.0,11.0
7639,185,500,12,early_first_window,1,0.0020000000000000018,0.006311645507812491,0.0,11.0
7640,186,500,12,early_first_window,1,0.0020000000000000018,0.006311645507812491,0.0,11.0
7641,186,500,12,early_first_window,1,0.0020000000000000018,0.006311645507812491,0.0,11.0
7642,186,500,12,early_first_window,1,0.0020000000000000018,0.006311645507812491,0.0,11.0
7643,186,500,12,early_first_window,1,0.0020000000000000018,0.006311645507812491,0.0,11.0
7644,186,500,12,early_first_window,1,0.0020000000000000018,0.006311645507812491,0.0,11.0
7645,186,500,12,early_first_window,1,0.0020000000000000018,0.006311645507812491,0.0,11.0
7646,186,500,12,early_first_window,1,0.0020000000000000018,0.006311645507812491,0.0,11.0
7647,186,500,12,early_first_window,1,0.0020000000000000018,0.006311645507812491,0.0,11.0
7648,186,500,12,early_first_window,1,0.0020000000000000018,0.006311645507812491,0.0,11.0
7649,186,500,12,early_first_window,1,0.0020000000000000018,0.006311645507812491,0.0,11.0
7650,186,500,12,early_first_window,1,0.0020000000000000018,0.006311645507812491,0.0,11.0
7651,186,500,12,early_first_window,1,0.0020000000000000018,0.006311645507812491,0.0,11.0
7652,186,500,12,early_first_window,1,0.0020000000000000018,0.006311645507812491,0.0,11.0
7653,186,500,12,early_first_window,1,0.0020000000000000018,0.006311645507812491,0.0,11.0
7654,186,500,12,early_first_window,1,0.0020000000000000018,0.006311645507812491,0.0,11.0
7655,186,500,12,early_first_window,1,0.0020000000000000018,0.006311645507812491,0.0,11.0
7656,186,500,12,early_first_window,1,0.0020000000000000018,0.006311645507812491,0.0,11.0
7657,186,500,12,early_first_window,1,0.0020000000000000018,0.006311645507812491,0.0,11.0
7658,186,500,12,early_first_window,1,0.0020000000000000018,0.006311645507812491,0.0,11.0
7659,186,500,12,early_first_window,1,0.0020000000000000018,0.006311645507812491,0.0,11.0
7660,186,500,12,early_first_window,1,0.0020000000000000018,0.006311645507812491,0.0,11.0
7661,186,500,12,early_first_window,1,0.0020000000000000018,0.006311645507812491,0.0,11.0
7662,186,500,12,early_first_window,1,0.0020000000000000018,0.006311645507812491,0.0,11.0
7663,186,500,12,early_first_window,1,0.0020000000000000018,0.006311645507812491,0.0,11.0
7664,186,500,12,early_first_window,1,0.0020000000000000018,0.006311645507812491,0.0,11.0
7665,186,500,12,early_first_window,1,0.0020000000000000018,0.006311645507812491,0.0,11.0
7666,186,500,12,early_first_window,1,0.0020000000000000018,0.006311645507812491,0.0,11.0
7667,186,500,12,early_first_window,1,0.0020000000000000018,0.006311645507812491,0.0,11.0
7668,186,500,12,early_first_window,1,0.0020000000000000018,0.006311645507812491,0.0,11.0
7669,186,500,12,early_first_window,1,0.0020000000000000018,0.006311645507812491,0.0,11.0
7670,186,500,12,early_first_window,1,0.0020000000000000018,0.006311645507812491,0.0,11.0
7671,186,500,12,early_first_window,1,0.0020000000000000018,0.006311645507812491,0.0,11.0
7672,186,500,12,early_first_window,1,0.0020000000000000018,0.006311645507812491,0.0,11.0
7673,186,500,12,early_first_window,1,0.0020000000000000018,0.006311645507812491,0.0,11.0
7674,186,500,12,early_first_window,1,0.0020000000000000018,0.006311645507812491,0.0,11.0
7675,186,500,12,early_first_window,1,0.0020000000000000018,0.006311645507812491,0.0,11.0
7676,186,500,12,early_first_window,1,0.0020000000000000018,0.006311645507812491,0.0,11.0
7677,186,500,12,early_first_window,1,0.0020000000000000018,0.006311645507812491,0.0,11.0
7678,186,500,12,early_first_window,1,0.0020000000000000018,0.006311645507812491,0.0,11.0
7679,186,500,12,early_first_window,1,0.0020000000000000018,0.006311645507812491,0.0,11.0
7680,187,500,12,early_first_window,1,0.0020000000000000018,0.006311645507812491,0.0,11.0
7681,187,500,12,early_first_window,1,0.0020000000000000018,0.006311645507812491,0.0,11.0
7682,187,500,12,early_first_window,1,0.0020000000000000018,0.006311645507812491,0.0,11.0
7683,187,500,12,early_first_window,1,0.0020000000000000018,0.006311645507812491,0.0,11.0
7684,187,500,12,early_first_window,1,0.0020000000000000018,0.006311645507812491,0.0,11.0
7685,187,500,12,early_first_window,1,0.0020000000000000018,0.006311645507812491,0.0,11.0
7686,187,500,12,early_first_window,1,0.0020000000000000018,0.006311645507812491,0.0,11.0
7687,187,500,12,early_first_window,1,0.0020000000000000018,0.006311645507812491,0.0,11.0
7688,187,500,12,early_first_window,1,0.0020000000000000018,0.006311645507812491,0.0,11.0
7689,187,500,12,early_first_window,1,0.0020000000000000018,0.006311645507812491,0.0,11.0
7690,187,500,12,early_first_window,1,0.0020000000000000018,0.006311645507812491,0.0,11.0
7691,187,500,12,early_first_window,1,0.0020000000000000018,0.006311645507812491,0.0,11.0
7692,187,500,12,early_first_window,1,0.0020000000000000018,0.006311645507812491,0.0,11.0
7693,187,500,12,early_first_window,1,0.0020000000000000018,0.006311645507812491,0.0,11.0
7694,187,500,12,early_first_window,1,0.0020000000000000018,0.006311645507812491,0.0,11.0
7695,187,500,12,early_first_window,1,0.0020000000000000018,0.006311645507812491,0.0,11.0
7696,187,500,12,early_first_window,1,0.0020000000000000018,0.006311645507812491,0.0,11.0
7697,187,500,12,early_first_window,1,0.0020000000000000018,0.006311645507812491,0.0,11.0
7698,187,500,12,early_first_window,1,0.0020000000000000018,0.006311645507812491,0.0,11.0
7699,187,500,12,early_first_window,1,0.0020000000000000018,0.006311645507812491,0.0,11.0
7700,187,500,12,early_first_window,1,0.0020000000000000018,0.006311645507812491,0.0,11.0
7701,187,500,12,early_first_window,1,0.0020000000000000018,0.006311645507812491,0.0,11.0
7702,187,500,12,early_first_window,1,0.0020000000000000018,0.006311645507812491,0.0,11.0
7703,187,500,12,early_first_window,1,0.0020000000000000018,0.006311645507812491,0.0,11.0
7704,187,500,12,early_first_window,1,0.0020000000000000018,0.006311645507812491,0.0,11.0
7705,187,500,12,early_first_window,1,0.0020000000000000018,0.006311645507812491,0.0,11.0
7706,187,500,12,early_first_window,1,0.0020000000000000018,0.006311645507812491,0.0,11.0
7707,187,500,12,early_first_window,1,0.0020000000000000018,0.006311645507812491,0.0,11.0
7708,187,500,12,early_first_window,1,0.0020000000000000018,0.006311645507812491,0.0,11.0
7709,187,500,12,early_first_window,1,0.0020000000000000018,0.006311645507812491,0.0,11.0
7710,187,500,12,early_first_window,1,0.0020000000000000018,0.006311645507812491,0.0,11.0
7711,187,500,12,early_first_window,1,0.0020000000000000018,0.006311645507812491,0.0,11.0
7712,187,500,12,early_first_window,1,0.0020000000000000018,0.006311645507812491,0.0,11.0
7713,187,500,12,early_first_window,1,0.0020000000000000018,0.006311645507812491,0.0,11.0
7714,187,500,12,early_first_window,1,0.0020000000000000018,0.006311645507812491,0.0,11.0
7715,187,500,12,early_first_window,1,0.0020000000000000018,0.006311645507812491,0.0,11.0
7716,187,500,12,early_first_window,1,0.0020000000000000018,0.006311645507812491,0.0,11.0
7717,187,500,12,early_first_window,1,0.0020000000000000018,0.006311645507812491,0.0,11.0
7718,187,500,12,early_first_window,1,0.0020000000000000018,0.006311645507812491,0.0,11.0
7719,187,500,12,early_first_window,1,0.0020000000000000018,0.006311645507812491,0.0,11.0
7720,188,500,112,early_first_window,1,0.778,-0.045859619140625085,58.0,25.0
7721,188,500,112,early_first_window,1,0.778,-0.045859619140625085,58.0,25.0
7722,188,500,112,early_first_window,1,0.778,-0.045859619140625085,58.0,25.0
7723,188,500,112,early_first_window,1,0.778,-0.045859619140625085,58.0,25.0
7724,188,500,112,early_first_window,1,0.778,-0.045859619140625085,58.0,25.0
7725,188,500,112,early_first_window,1,0.778,-0.045859619140625085,58.0,25.0
7726,188,500,112,early_first_window,1,0.778,-0.045859619140625085,58.0,25.0
7727,188,500,112,early_first_window,1,0.778,-0.045859619140625085,58.0,25.0
7728,188,500,112,early_first_window,1,0.778,-0.045859619140625085,58.0,25.0
7729,188,500,112,early_first_window,1,0.778,-0.045859619140625085,58.0,25.0
7730,188,500,112,early_first_window,1,0.778,-0.045859619140625085,58.0,25.0
7731,188,500,112,early_first_window,1,0.778,-0.045859619140625085,58.0,25.0
7732,188,500,112,early_first_window,1,0.778,-0.045859619140625085,58.0,25.0
7733,188,500,112,early_first_window,1,0.778,-0.045859619140625085,58.0,25.0
7734,188,500,112,early_first_window,1,0.778,-0.045859619140625085,58.0,25.0
7735,188,500,112,early_first_window,1,0.778,-0.045859619140625085,58.0,25.0
7736,188,500,112,early_first_window,1,0.778,-0.045859619140625085,58.0,25.0
7737,188,500,112,early_first_window,1,0.778,-0.045859619140625085,58.0,25.0
7738,188,500,112,early_first_window,1,0.778,-0.045859619140625085,58.0,25.0
7739,188,500,112,early_first_window,1,0.778,-0.045859619140625085,58.0,25.0
7740,188,500,112,early_first_window,1,0.778,-0.045859619140625085,58.0,25.0
7741,188,500,112,early_first_window,1,0.778,-0.045859619140625085,58.0,25.0
7742,188,500,112,early_first_window,1,0.778,-0.045859619140625085,58.0,25.0
7743,188,500,112,early_first_window,1,0.778,-0.045859619140625085,58.0,25.0
7744,188,500,112,early_first_window,1,0.778,-0.045859619140625085,58.0,25.0
7745,188,500,112,early_first_window,1,0.778,-0.045859619140625085,58.0,25.0
7746,188,500,112,early_first_window,1,0.778,-0.045859619140625085,58.0,25.0
7747,188,500,112,early_first_window,1,0.778,-0.045859619140625085,58.0,25.0
7748,188,500,112,early_first_window,1,0.778,-0.045859619140625085,58.0,25.0
7749,188,500,112,early_first_window,1,0.778,-0.045859619140625085,58.0,25.0
7750,188,500,112,early_first_window,1,0.778,-0.045859619140625085,58.0,25.0
7751,188,500,112,early_first_window,1,0.778,-0.045859619140625085,58.0,25.0
7752,188,500,112,early_first_window,1,0.778,-0.045859619140625085,58.0,25.0
7753,188,500,112,early_first_window,1,0.778,-0.045859619140625085,58.0,25.0
7754,188,500,112,early_first_window,1,0.778,-0.045859619140625085,58.0,25.0
7755,188,500,112,early_first_window,1,0.778,-0.045859619140625085,58.0,25.0
7756,188,500,112,early_first_window,1,0.778,-0.045859619140625085,58.0,25.0
7757,188,500,112,early_first_window,1,0.778,-0.045859619140625085,58.0,25.0
7758,188,500,112,early_first_window,1,0.778,-0.045859619140625085,58.0,25.0
7759,188,500,112,early_first_window,1,0.778,-0.045859619140625085,58.0,25.0
7760,189,500,105,early_first_window,1,0.722,-0.09650329589843754,53.0,26.0
7761,189,500,105,early_first_window,1,0.722,-0.09650329589843754,53.0,26.0
7762,189,500,105,early_first_window,1,0.722,-0.09650329589843754,53.0,26.0
7763,189,500,105,early_first_window,1,0.722,-0.09650329589843754,53.0,26.0
7764,189,500,105,early_first_window,1,0.722,-0.09650329589843754,53.0,26.0
7765,189,500,105,early_first_window,1,0.722,-0.09650329589843754,53.0,26.0
7766,189,500,105,early_first_window,1,0.722,-0.09650329589843754,53.0,26.0
7767,189,500,105,early_first_window,1,0.722,-0.09650329589843754,53.0,26.0
7768,189,500,105,early_first_window,1,0.722,-0.09650329589843754,53.0,26.0
7769,189,500,105,early_first_window,1,0.722,-0.09650329589843754,53.0,26.0
7770,189,500,105,early_first_window,1,0.722,-0.09650329589843754,53.0,26.0
7771,189,500,105,early_first_window,1,0.722,-0.09650329589843754,53.0,26.0
7772,189,500,105,early_first_window,1,0.722,-0.09650329589843754,53.0,26.0
7773,189,500,105,early_first_window,1,0.722,-0.09650329589843754,53.0,26.0
7774,189,500,105,early_first_window,1,0.722,-0.09650329589843754,53.0,26.0
7775,189,500,105,early_first_window,1,0.722,-0.09650329589843754,53.0,26.0
7776,189,500,105,early_first_window,1,0.722,-0.09650329589843754,53.0,26.0
7777,189,500,105,early_first_window,1,0.722,-0.09650329589843754,53.0,26.0
7778,189,500,105,early_first_window,1,0.722,-0.09650329589843754,53.0,26.0
7779,189,500,105,early_first_window,1,0.722,-0.09650329589843754,53.0,26.0
7780,189,500,105,early_first_window,1,0.722,-0.09650329589843754,53.0,26.0
7781,189,500,105,early_first_window,1,0.722,-0.09650329589843754,53.0,26.0
7782,189,500,105,early_first_window,1,0.722,-0.09650329589843754,53.0,26.0
7783,189,500,105,early_first_window,1,0.722,-0.09650329589843754,53.0,26.0
7784,189,500,105,early_first_window,1,0.722,-0.09650329589843754,53.0,26.0
7785,189,500,105,early_first_window,1,0.722,-0.09650329589843754,53.0,26.0
7786,189,500,105,early_first_window,1,0.722,-0.09650329589843754,53.0,26.0
7787,189,500,105,early_first_window,1,0.722,-0.09650329589843754,53.0,26.0
7788,189,500,105,early_first_window,1,0.722,-0.09650329589843754,53.0,26.0
7789,189,500,105,early_first_window,1,0.722,-0.09650329589843754,53.0,26.0
7790,189,500,105,early_first_window,1,0.722,-0.09650329589843754,53.0,26.0
7791,189,500,105,early_first_window,1,0.722,-0.09650329589843754,53.0,26.0
7792,189,500,105,early_first_window,1,0.722,-0.09650329589843754,53.0,26.0
7793,189,500,105,early_first_window,1,0.722,-0.09650329589843754,53.0,26.0
7794,189,500,105,early_first_window,1,0.722,-0.09650329589843754,53.0,26.0
7795,189,500,105,early_first_window,1,0.722,-0.09650329589843754,53.0,26.0
7796,189,500,105,early_first_window,1,0.722,-0.09650329589843754,53.0,26.0
7797,189,500,105,early_first_window,1,0.722,-0.09650329589843754,53.0,26.0
7798,189,500,105,early_first_window,1,0.722,-0.09650329589843754,53.0,26.0
7799,189,500,105,early_first_window,1,0.722,-0.09650329589843754,53.0,26.0
7800,190,500,26,early_first_window,1,0.02400000000000002,0.0723958740234375,13.0,25.0
7801,190,500,26,early_first_window,1,0.02400000000000002,0.0723958740234375,13.0,25.0
7802,190,500,26,early_first_window,1,0.02400000000000002,0.0723958740234375,13.0,25.0
7803,190,500,26,early_first_window,1,0.02400000000000002,0.0723958740234375,13.0,25.0
7804,190,500,26,early_first_window,1,0.02400000000000002,0.0723958740234375,13.0,25.0
7805,190,500,26,early_first_window,1,0.02400000000000002,0.0723958740234375,13.0,25.0
7806,190,500,26,early_first_window,1,0.02400000000000002,0.0723958740234375,13.0,25.0
7807,190,500,26,early_first_window,1,0.02400000000000002,0.0723958740234375,13.0,25.0
7808,190,500,26,early_first_window,1,0.02400000000000002,0.0723958740234375,13.0,25.0
7809,190,500,26,early_first_window,1,0.02400000000000002,0.0723958740234375,13.0,25.0
7810,190,500,26,early_first_window,1,0.02400000000000002,0.0723958740234375,13.0,25.0
7811,190,500,26,early_first_window,1,0.02400000000000002,0.0723958740234375,13.0,25.0
7812,190,500,26,early_first_window,1,0.02400000000000002,0.0723958740234375,13.0,25.0
7813,190,500,26,early_first_window,1,0.02400000000000002,0.0723958740234375,13.0,25.0
7814,190,500,26,early_first_window,1,0.02400000000000002,0.0723958740234375,13.0,25.0
7815,190,500,26,early_first_window,1,0.02400000000000002,0.0723958740234375,13.0,25.0
7816,190,500,26,early_first_window,1,0.02400000000000002,0.0723958740234375,13.0,25.0
7817,190,500,26,early_first_window,1,0.02400000000000002,0.0723958740234375,13.0,25.0
7818,190,500,26,early_first_window,1,0.02400000000000002,0.0723958740234375,13.0,25.0
7819,190,500,26,early_first_window,1,0.02400000000000002,0.0723958740234375,13.0,25.0
7820,190,500,26,early_first_window,1,0.02400000000000002,0.0723958740234375,13.0,25.0
7821,190,500,26,early_first_window,1,0.02400000000000002,0.0723958740234375,13.0,25.0
7822,190,500,26,early_first_window,1,0.02400000000000002,0.0723958740234375,13.0,25.0
7823,190,500,26,early_first_window,1,0.02400000000000002,0.0723958740234375,13.0,25.0
7824,190,500,26,early_first_window,1,0.02400000000000002,0.0723958740234375,13.0,25.0
7825,190,500,26,early_first_window,1,0.02400000000000002,0.0723958740234375,13.0,25.0
7826,190,500,26,early_first_window,1,0.02400000000000002,0.0723958740234375,13.0,25.0
7827,190,500,26,early_first_window,1,0.02400000000000002,0.0723958740234375,13.0,25.0
7828,190,500,26,early_first_window,1,0.02400000000000002,0.0723958740234375,13.0,25.0
7829,190,500,26,early_first_window,1,0.02400000000000002,0.0723958740234375,13.0,25.0
7830,190,500,26,early_first_window,1,0.02400000000000002,0.0723958740234375,13.0,25.0
7831,190,500,26,early_first_window,1,0.02400000000000002,0.0723958740234375,13.0,25.0
7832,190,500,26,early_first_window,1,0.02400000000000002,0.0723958740234375,13.0,25.0
7833,190,500,26,early_first_window,1,0.02400000000000002,0.0723958740234375,13.0,25.0
7834,190,500,26,early_first_window,1,0.02400000000000002,0.0723958740234375,13.0,25.0
7835,190,500,26,early_first_window,1,0.02400000000000002,0.0723958740234375,13.0,25.0
7836,190,500,26,early_first_window,1,0.02400000000000002,0.0723958740234375,13.0,25.0
7837,190,500,26,early_first_window,1,0.02400000000000002,0.0723958740234375,13.0,25.0
7838,190,500,26,early_first_window,1,0.02400000000000002,0.0723958740234375,13.0,25.0
7839,190,500,26,early_first_window,1,0.02400000000000002,0.0723958740234375,13.0,25.0
7840,191,500,12,early_first_window,1,0.0020000000000000018,0.006311645507812491,0.0,11.0
7841,191,500,12,early_first_window,1,0.0020000000000000018,0.006311645507812491,0.0,11.0
7842,191,500,12,early_first_window,1,0.0020000000000000018,0.006311645507812491,0.0,11.0
7843,191,500,12,early_first_window,1,0.0020000000000000018,0.006311645507812491,0.0,11.0
7844,191,500,12,early_first_window,1,0.0020000000000000018,0.006311645507812491,0.0,11.0
7845,191,500,12,early_first_window,1,0.0020000000000000018,0.006311645507812491,0.0,11.0
7846,191,500,12,early_first_window,1,0.0020000000000000018,0.006311645507812491,0.0,11.0
7847,191,500,12,early_first_window,1,0.0020000000000000018,0.006311645507812491,0.0,11.0
7848,191,500,12,early_first_window,1,0.0020000000000000018,0.006311645507812491,0.0,11.0
7849,191,500,12,early_first_window,1,0.0020000000000000018,0.006311645507812491,0.0,11.0
7850,191,500,12,early_first_window,1,0.0020000000000000018,0.006311645507812491,0.0,11.0
7851,191,500,12,early_first_window,1,0.0020000000000000018,0.006311645507812491,0.0,11.0
7852,191,500,12,early_first_window,1,0.0020000000000000018,0.006311645507812491,0.0,11.0
7853,191,500,12,early_first_window,1,0.0020000000000000018,0.006311645507812491,0.0,11.0
7854,191,500,12,early_first_window,1,0.0020000000000000018,0.006311645507812491,0.0,11.0
7855,191,500,12,early_first_window,1,0.0020000000000000018,0.006311645507812491,0.0,11.0
7856,191,500,12,early_first_window,1,0.0020000000000000018,0.006311645507812491,0.0,11.0
7857,191,500,12,early_first_window,1,0.0020000000000000018,0.006311645507812491,0.0,11.0
7858,191,500,12,early_first_window,1,0.0020000000000000018,0.006311645507812491,0.0,11.0
7859,191,500,12,early_first_window,1,0.0020000000000000018,0.006311645507812491,0.0,11.0
7860,191,500,12,early_first_window,1,0.0020000000000000018,0.006311645507812491,0.0,11.0
7861,191,500,12,early_first_window,1,0.0020000000000000018,0.006311645507812491,0.0,11.0
7862,191,500,12,early_first_window,1,0.0020000000000000018,0.006311645507812491,0.0,11.0
7863,191,500,12,early_first_window,1,0.0020000000000000018,0.006311645507812491,0.0,11.0
7864,191,500,12,early_first_window,1,0.0020000000000000018,0.006311645507812491,0.0,11.0
7865,191,500,12,early_first_window,1,0.0020000000000000018,0.006311645507812491,0.0,11.0
7866,191,500,12,early_first_window,1,0.0020000000000000018,0.006311645507812491,0.0,11.0
7867,191,500,12,early_first_window,1,0.0020000000000000018,0.006311645507812491,0.0,11.0
7868,191,500,12,early_first_window,1,0.0020000000000000018,0.006311645507812491,0.0,11.0
7869,191,500,12,early_first_window,1,0.0020000000000000018,0.006311645507812491,0.0,11.0
7870,191,500,12,early_first_window,1,0.0020000000000000018,0.006311645507812491,0.0,11.0
7871,191,500,12,early_first_window,1,0.0020000000000000018,0.006311645507812491,0.0,11.0
7872,191,500,12,early_first_window,1,0.0020000000000000018,0.006311645507812491,0.0,11.0
7873,191,500,12,early_first_window,1,0.0020000000000000018,0.006311645507812491,0.0,11.0
7874,191,500,12,early_first_window,1,0.0020000000000000018,0.006311645507812491,0.0,11.0
7875,191,500,12,early_first_window,1,0.0020000000000000018,0.006311645507812491,0.0,11.0
7876,191,500,12,early_first_window,1,0.0020000000000000018,0.006311645507812491,0.0,11.0
7877,191,500,12,early_first_window,1,0.0020000000000000018,0.006311645507812491,0.0,11.0
7878,191,500,12,early_first_window,1,0.0020000000000000018,0.006311645507812491,0.0,11.0
7879,191,500,12,early_first_window,1,0.0020000000000000018,0.006311645507812491,0.0,11.0
7880,192,500,120,early_first_window,1,0.758,-0.10437524414062493,41.0,26.0
7881,192,500,120,early_first_window,1,0.758,-0.10437524414062493,41.0,26.0
7882,192,500,120,early_first_window,1,0.758,-0.10437524414062493,41.0,26.0
7883,192,500,120,early_first_window,1,0.758,-0.10437524414062493,41.0,26.0
7884,192,500,120,early_first_window,1,0.758,-0.10437524414062493,41.0,26.0
7885,192,500,120,early_first_window,1,0.758,-0.10437524414062493,41.0,26.0
7886,192,500,120,early_first_window,1,0.758,-0.10437524414062493,41.0,26.0
7887,192,500,120,early_first_window,1,0.758,-0.10437524414062493,41.0,26.0
7888,192,500,120,early_first_window,1,0.758,-0.10437524414062493,41.0,26.0
7889,192,500,120,early_first_window,1,0.758,-0.10437524414062493,41.0,26.0
7890,192,500,120,early_first_window,1,0.758,-0.10437524414062493,41.0,26.0
7891,192,500,120,early_first_window,1,0.758,-0.10437524414062493,41.0,26.0
7892,192,500,120,early_first_window,1,0.758,-0.10437524414062493,41.0,26.0
7893,192,500,120,early_first_window,1,0.758,-0.10437524414062493,41.0,26.0
7894,192,500,120,early_first_window,1,0.758,-0.10437524414062493,41.0,26.0
7895,192,500,120,early_first_window,1,0.758,-0.10437524414062493,41.0,26.0
7896,192,500,120,early_first_window,1,0.758,-0.10437524414062493,41.0,26.0
7897,192,500,120,early_first_window,1,0.758,-0.10437524414062493,41.0,26.0
7898,192,500,120,early_first_window,1,0.758,-0.10437524414062493,41.0,26.0
7899,192,500,120,early_first_window,1,0.758,-0.10437524414062493,41.0,26.0
7900,192,500,120,early_first_window,1,0.758,-0.10437524414062493,41.0,26.0
7901,192,500,120,early_first_window,1,0.758,-0.10437524414062493,41.0,26.0
7902,192,500,120,early_first_window,1,0.758,-0.10437524414062493,41.0,26.0
7903,192,500,120,early_first_window,1,0.758,-0.10437524414062493,41.0,26.0
7904,192,500,120,early_first_window,1,0.758,-0.10437524414062493,41.0,26.0
7905,192,500,120,early_first_window,1,0.758,-0.10437524414062493,41.0,26.0
7906,192,500,120,early_first_window,1,0.758,-0.10437524414062493,41.0,26.0
7907,192,500,120,early_first_window,1,0.758,-0.10437524414062493,41.0,26.0
7908,192,500,120,early_first_window,1,0.758,-0.10437524414062493,41.0,26.0
7909,192,500,120,early_first_window,1,0.758,-0.10437524414062493,41.0,26.0
7910,192,500,120,early_first_window,1,0.758,-0.10437524414062493,41.0,26.0
7911,192,500,120,early_first_window,1,0.758,-0.10437524414062493,41.0,26.0
7912,192,500,120,early_first_window,1,0.758,-0.10437524414062493,41.0,26.0
7913,192,500,120,early_first_window,1,0.758,-0.10437524414062493,41.0,26.0
7914,192,500,120,early_first_window,1,0.758,-0.10437524414062493,41.0,26.0
7915,192,500,120,early_first_window,1,0.758,-0.10437524414062493,41.0,26.0
7916,192,500,120,early_first_window,1,0.758,-0.10437524414062493,41.0,26.0
7917,192,500,120,early_first_window,1,0.758,-0.10437524414062493,41.0,26.0
7918,192,500,120,early_first_window,1,0.758,-0.10437524414062493,41.0,26.0
7919,192,500,120,early_first_window,1,0.758,-0.10437524414062493,41.0,26.0
7920,193,500,128,early_first_window,1,0.718,-0.09233544921875003,73.0,25.0
7921,193,500,128,early_first_window,1,0.718,-0.09233544921875003,73.0,25.0
7922,193,500,128,early_first_window,1,0.718,-0.09233544921875003,73.0,25.0
7923,193,500,128,early_first_window,1,0.718,-0.09233544921875003,73.0,25.0
7924,193,500,128,early_first_window,1,0.718,-0.09233544921875003,73.0,25.0
7925,193,500,128,early_first_window,1,0.718,-0.09233544921875003,73.0,25.0
7926,193,500,128,early_first_window,1,0.718,-0.09233544921875003,73.0,25.0
7927,193,500,128,early_first_window,1,0.718,-0.09233544921875003,73.0,25.0
7928,193,500,128,early_first_window,1,0.718,-0.09233544921875003,73.0,25.0
7929,193,500,128,early_first_window,1,0.718,-0.09233544921875003,73.0,25.0
7930,193,500,128,early_first_window,1,0.718,-0.09233544921875003,73.0,25.0
7931,193,500,128,early_first_window,1,0.718,-0.09233544921875003,73.0,25.0
7932,193,500,128,early_first_window,1,0.718,-0.09233544921875003,73.0,25.0
7933,193,500,128,early_first_window,1,0.718,-0.09233544921875003,73.0,25.0
7934,193,500,128,early_first_window,1,0.718,-0.09233544921875003,73.0,25.0
7935,193,500,128,early_first_window,1,0.718,-0.09233544921875003,73.0,25.0
7936,193,500,128,early_first_window,1,0.718,-0.09233544921875003,73.0,25.0
7937,193,500,128,early_first_window,1,0.718,-0.09233544921875003,73.0,25.0
7938,193,500,128,early_first_window,1,0.718,-0.09233544921875003,73.0,25.0
7939,193,500,128,early_first_window,1,0.718,-0.09233544921875003,73.0,25.0
7940,193,500,128,early_first_window,1,0.718,-0.09233544921875003,73.0,25.0
7941,193,500,128,early_first_window,1,0.718,-0.09233544921875003,73.0,25.0
7942,193,500,128,early_first_window,1,0.718,-0.09233544921875003,73.0,25.0
7943,193,500,128,early_first_window,1,0.718,-0.09233544921875003,73.0,25.0
7944,193,500,128,early_first_window,1,0.718,-0.09233544921875003,73.0,25.0
7945,193,500,128,early_first_window,1,0.718,-0.09233544921875003,73.0,25.0
7946,193,500,128,early_first_window,1,0.718,-0.09233544921875003,73.0,25.0
7947,193,500,128,early_first_window,1,0.718,-0.09233544921875003,73.0,25.0
7948,193,500,128,early_first_window,1,0.718,-0.09233544921875003,73.0,25.0
7949,193,500,128,early_first_window,1,0.718,-0.09233544921875003,73.0,25.0
7950,193,500,128,early_first_window,1,0.718,-0.09233544921875003,73.0,25.0
7951,193,500,128,early_first_window,1,0.718,-0.09233544921875003,73.0,25.0
7952,193,500,128,early_first_window,1,0.718,-0.09233544921875003,73.0,25.0
7953,193,500,128,early_first_window,1,0.718,-0.09233544921875003,73.0,25.0
7954,193,500,128,early_first_window,1,0.718,-0.09233544921875003,73.0,25.0
7955,193,500,128,early_first_window,1,0.718,-0.09233544921875003,73.0,25.0
7956,193,500,128,early_first_window,1,0.718,-0.09233544921875003,73.0,25.0
7957,193,500,128,early_first_window,1,0.718,-0.09233544921875003,73.0,25.0
7958,193,500,128,early_first_window,1,0.718,-0.09233544921875003,73.0,25.0
7959,193,500,128,early_first_window,1,0.718,-0.09233544921875003,73.0,25.0
7960,194,500,12,early_first_window,1,0.0020000000000000018,0.006311645507812491,0.0,11.0
7961,194,500,12,early_first_window,1,0.0020000000000000018,0.006311645507812491,0.0,11.0
7962,194,500,12,early_first_window,1,0.0020000000000000018,0.006311645507812491,0.0,11.0
7963,194,500,12,early_first_window,1,0.0020000000000000018,0.006311645507812491,0.0,11.0
7964,194,500,12,early_first_window,1,0.0020000000000000018,0.006311645507812491,0.0,11.0
7965,194,500,12,early_first_window,1,0.0020000000000000018,0.006311645507812491,0.0,11.0
7966,194,500,12,early_first_window,1,0.0020000000000000018,0.006311645507812491,0.0,11.0
7967,194,500,12,early_first_window,1,0.0020000000000000018,0.006311645507812491,0.0,11.0
7968,194,500,12,early_first_window,1,0.0020000000000000018,0.006311645507812491,0.0,11.0
7969,194,500,12,early_first_window,1,0.0020000000000000018,0.006311645507812491,0.0,11.0
7970,194,500,12,early_first_window,1,0.0020000000000000018,0.006311645507812491,0.0,11.0
7971,194,500,12,early_first_window,1,0.0020000000000000018,0.006311645507812491,0.0,11.0
7972,194,500,12,early_first_window,1,0.0020000000000000018,0.006311645507812491,0.0,11.0
7973,194,500,12,early_first_window,1,0.0020000000000000018,0.006311645507812491,0.0,11.0
7974,194,500,12,early_first_window,1,0.0020000000000000018,0.006311645507812491,0.0,11.0
7975,194,500,12,early_first_window,1,0.0020000000000000018,0.006311645507812491,0.0,11.0
7976,194,500,12,early_first_window,1,0.0020000000000000018,0.006311645507812491,0.0,11.0
7977,194,500,12,early_first_window,1,0.0020000000000000018,0.006311645507812491,0.0,11.0
7978,194,500,12,early_first_window,1,0.0020000000000000018,0.006311645507812491,0.0,11.0
7979,194,500,12,early_first_window,1,0.0020000000000000018,0.006311645507812491,0.0,11.0
7980,194,500,12,early_first_window,1,0.0020000000000000018,0.006311645507812491,0.0,11.0
7981,194,500,12,early_first_window,1,0.0020000000000000018,0.006311645507812491,0.0,11.0
7982,194,500,12,early_first_window,1,0.0020000000000000018,0.006311645507812491,0.0,11.0
7983,194,500,12,early_first_window,1,0.0020000000000000018,0.006311645507812491,0.0,11.0
7984,194,500,12,early_first_window,1,0.0020000000000000018,0.006311645507812491,0.0,11.0
7985,194,500,12,early_first_window,1,0.0020000000000000018,0.006311645507812491,0.0,11.0
7986,194,500,12,early_first_window,1,0.0020000000000000018,0.006311645507812491,0.0,11.0
7987,194,500,12,early_first_window,1,0.0020000000000000018,0.006311645507812491,0.0,11.0
7988,194,500,12,early_first_window,1,0.0020000000000000018,0.006311645507812491,0.0,11.0
7989,194,500,12,early_first_window,1,0.0020000000000000018,0.006311645507812491,0.0,11.0
7990,194,500,12,early_first_window,1,0.0020000000000000018,0.006311645507812491,0.0,11.0
7991,194,500,12,early_first_window,1,0.0020000000000000018,0.006311645507812491,0.0,11.0
7992,194,500,12,early_first_window,1,0.0020000000000000018,0.006311645507812491,0.0,11.0
7993,194,500,12,early_first_window,1,0.0020000000000000018,0.006311645507812491,0.0,11.0
7994,194,500,12,early_first_window,1,0.0020000000000000018,0.006311645507812491,0.0,11.0
7995,194,500,12,early_first_window,1,0.0020000000000000018,0.006311645507812491,0.0,11.0
7996,194,500,12,early_first_window,1,0.0020000000000000018,0.006311645507812491,0.0,11.0
7997,194,500,12,early_first_window,1,0.0020000000000000018,0.006311645507812491,0.0,11.0
7998,194,500,12,early_first_window,1,0.0020000000000000018,0.006311645507812491,0.0,11.0
7999,194,500,12,early_first_window,1,0.0020000000000000018,0.006311645507812491,0.0,11.0
8000,195,500,12,early_first_window,1,0.0020000000000000018,0.006311645507812491,0.0,11.0
8001,195,500,12,early_first_window,1,0.0020000000000000018,0.006311645507812491,0.0,11.0
8002,195,500,12,early_first_window,1,0.0020000000000000018,0.006311645507812491,0.0,11.0
8003,195,500,12,early_first_window,1,0.0020000000000000018,0.006311645507812491,0.0,11.0
8004,195,500,12,early_first_window,1,0.0020000000000000018,0.006311645507812491,0.0,11.0
8005,195,500,12,early_first_window,1,0.0020000000000000018,0.006311645507812491,0.0,11.0
8006,195,500,12,early_first_window,1,0.0020000000000000018,0.006311645507812491,0.0,11.0
8007,195,500,12,early_first_window,1,0.0020000000000000018,0.006311645507812491,0.0,11.0
8008,195,500,12,early_first_window,1,0.0020000000000000018,0.006311645507812491,0.0,11.0
8009,195,500,12,early_first_window,1,0.0020000000000000018,0.006311645507812491,0.0,11.0
8010,195,500,12,early_first_window,1,0.0020000000000000018,0.006311645507812491,0.0,11.0
8011,195,500,12,early_first_window,1,0.0020000000000000018,0.006311645507812491,0.0,11.0
8012,195,500,12,early_first_window,1,0.0020000000000000018,0.006311645507812491,0.0,11.0
8013,195,500,12,early_first_window,1,0.0020000000000000018,0.006311645507812491,0.0,11.0
8014,195,500,12,early_first_window,1,0.0020000000000000018,0.006311645507812491,0.0,11.0
8015,195,500,12,early_first_window,1,0.0020000000000000018,0.006311645507812491,0.0,11.0
8016,195,500,12,early_first_window,1,0.0020000000000000018,0.006311645507812491,0.0,11.0
8017,195,500,12,early_first_window,1,0.0020000000000000018,0.006311645507812491,0.0,11.0
8018,195,500,12,early_first_window,1,0.0020000000000000018,0.006311645507812491,0.0,11.0
8019,195,500,12,early_first_window,1,0.0020000000000000018,0.006311645507812491,0.0,11.0
8020,195,500,12,early_first_window,1,0.0020000000000000018,0.006311645507812491,0.0,11.0
8021,195,500,12,early_first_window,1,0.0020000000000000018,0.006311645507812491,0.0,11.0
8022,195,500,12,early_first_window,1,0.0020000000000000018,0.006311645507812491,0.0,11.0
8023,195,500,12,early_first_window,1,0.0020000000000000018,0.006311645507812491,0.0,11.0
8024,195,500,12,early_first_window,1,0.0020000000000000018,0.006311645507812491,0.0,11.0
8025,195,500,12,early_first_window,1,0.0020000000000000018,0.006311645507812491,0.0,11.0
8026,195,500,12,early_first_window,1,0.0020000000000000018,0.006311645507812491,0.0,11.0
8027,195,500,12,early_first_window,1,0.0020000000000000018,0.006311645507812491,0.0,11.0
8028,195,500,12,early_first_window,1,0.0020000000000000018,0.006311645507812491,0.0,11.0
8029,195,500,12,early_first_window,1,0.0020000000000000018,0.006311645507812491,0.0,11.0
8030,195,500,12,early_first_window,1,0.0020000000000000018,0.006311645507812491,0.0,11.0
8031,195,500,12,early_first_window,1,0.0020000000000000018,0.006311645507812491,0.0,11.0
8032,195,500,12,early_first_window,1,0.0020000000000000018,0.006311645507812491,0.0,11.0
8033,195,500,12,early_first_window,1,0.0020000000000000018,0.006311645507812491,0.0,11.0
8034,195,500,12,early_first_window,1,0.0020000000000000018,0.006311645507812491,0.0,11.0
8035,195,500,12,early_first_window,1,0.0020000000000000018,0.006311645507812491,0.0,11.0
8036,195,500,12,early_first_window,1,0.0020000000000000018,0.006311645507812491,0.0,11.0
8037,195,500,12,early_first_window,1,0.0020000000000000018,0.006311645507812491,0.0,11.0
8038,195,500,12,early_first_window,1,0.0020000000000000018,0.006311645507812491,0.0,11.0
8039,195,500,12,early_first_window,1,0.0020000000000000018,0.006311645507812491,0.0,11.0
8040,196,500,12,early_first_window,1,0.0020000000000000018,0.006311645507812491,0.0,11.0
8041,196,500,12,early_first_window,1,0.0020000000000000018,0.006311645507812491,0.0,11.0
8042,196,500,12,early_first_window,1,0.0020000000000000018,0.006311645507812491,0.0,11.0
8043,196,500,12,early_first_window,1,0.0020000000000000018,0.006311645507812491,0.0,11.0
8044,196,500,12,early_first_window,1,0.0020000000000000018,0.006311645507812491,0.0,11.0
8045,196,500,12,early_first_window,1,0.0020000000000000018,0.006311645507812491,0.0,11.0
8046,196,500,12,early_first_window,1,0.0020000000000000018,0.006311645507812491,0.0,11.0
8047,196,500,12,early_first_window,1,0.0020000000000000018,0.006311645507812491,0.0,11.0
8048,196,500,12,early_first_window,1,0.0020000000000000018,0.006311645507812491,0.0,11.0
8049,196,500,12,early_first_window,1,0.0020000000000000018,0.006311645507812491,0.0,11.0
8050,196,500,12,early_first_window,1,0.0020000000000000018,0.006311645507812491,0.0,11.0
8051,196,500,12,early_first_window,1,0.0020000000000000018,0.006311645507812491,0.0,11.0
8052,196,500,12,early_first_window,1,0.0020000000000000018,0.006311645507812491,0.0,11.0
8053,196,500,12,early_first_window,1,0.0020000000000000018,0.006311645507812491,0.0,11.0
8054,196,500,12,early_first_window,1,0.0020000000000000018,0.006311645507812491,0.0,11.0
8055,196,500,12,early_first_window,1,0.0020000000000000018,0.006311645507812491,0.0,11.0
8056,196,500,12,early_first_window,1,0.0020000000000000018,0.006311645507812491,0.0,11.0
8057,196,500,12,early_first_window,1,0.0020000000000000018,0.006311645507812491,0.0,11.0
8058,196,500,12,early_first_window,1,0.0020000000000000018,0.006311645507812491,0.0,11.0
8059,196,500,12,early_first_window,1,0.0020000000000000018,0.006311645507812491,0.0,11.0
8060,196,500,12,early_first_window,1,0.0020000000000000018,0.006311645507812491,0.0,11.0
8061,196,500,12,early_first_window,1,0.0020000000000000018,0.006311645507812491,0.0,11.0
8062,196,500,12,early_first_window,1,0.0020000000000000018,0.006311645507812491,0.0,11.0
8063,196,500,12,early_first_window,1,0.0020000000000000018,0.006311645507812491,0.0,11.0
8064,196,500,12,early_first_window,1,0.0020000000000000018,0.006311645507812491,0.0,11.0
8065,196,500,12,early_first_window,1,0.0020000000000000018,0.006311645507812491,0.0,11.0
8066,196,500,12,early_first_window,1,0.0020000000000000018,0.006311645507812491,0.0,11.0
8067,196,500,12,early_first_window,1,0.0020000000000000018,0.006311645507812491,0.0,11.0
8068,196,500,12,early_first_window,1,0.0020000000000000018,0.006311645507812491,0.0,11.0
8069,196,500,12,early_first_window,1,0.0020000000000000018,0.006311645507812491,0.0,11.0
8070,196,500,12,early_first_window,1,0.0020000000000000018,0.006311645507812491,0.0,11.0
8071,196,500,12,early_first_window,1,0.0020000000000000018,0.006311645507812491,0.0,11.0
8072,196,500,12,early_first_window,1,0.0020000000000000018,0.006311645507812491,0.0,11.0
8073,196,500,12,early_first_window,1,0.0020000000000000018,0.006311645507812491,0.0,11.0
8074,196,500,12,early_first_window,1,0.0020000000000000018,0.006311645507812491,0.0,11.0
8075,196,500,12,early_first_window,1,0.0020000000000000018,0.006311645507812491,0.0,11.0
8076,196,500,12,early_first_window,1,0.0020000000000000018,0.006311645507812491,0.0,11.0
8077,196,500,12,early_first_window,1,0.0020000000000000018,0.006311645507812491,0.0,11.0
8078,196,500,12,early_first_window,1,0.0020000000000000018,0.006311645507812491,0.0,11.0
8079,196,500,12,early_first_window,1,0.0020000000000000018,0.006311645507812491,0.0,11.0
8080,197,500,18,early_first_window,1,0.0040000000000000036,0.005375610351562532,5.0,17.0
8081,197,500,18,early_first_window,1,0.0040000000000000036,0.005375610351562532,5.0,17.0
8082,197,500,18,early_first_window,1,0.0040000000000000036,0.005375610351562532,5.0,17.0
8083,197,500,18,early_first_window,1,0.0040000000000000036,0.005375610351562532,5.0,17.0
8084,197,500,18,early_first_window,1,0.0040000000000000036,0.005375610351562532,5.0,17.0
8085,197,500,18,early_first_window,1,0.0040000000000000036,0.005375610351562532,5.0,17.0
8086,197,500,18,early_first_window,1,0.0040000000000000036,0.005375610351562532,5.0,17.0
8087,197,500,18,early_first_window,1,0.0040000000000000036,0.005375610351562532,5.0,17.0
8088,197,500,18,early_first_window,1,0.0040000000000000036,0.005375610351562532,5.0,17.0
8089,197,500,18,early_first_window,1,0.0040000000000000036,0.005375610351562532,5.0,17.0
8090,197,500,18,early_first_window,1,0.0040000000000000036,0.005375610351562532,5.0,17.0
8091,197,500,18,early_first_window,1,0.0040000000000000036,0.005375610351562532,5.0,17.0
8092,197,500,18,early_first_window,1,0.0040000000000000036,0.005375610351562532,5.0,17.0
8093,197,500,18,early_first_window,1,0.0040000000000000036,0.005375610351562532,5.0,17.0
8094,197,500,18,early_first_window,1,0.0040000000000000036,0.005375610351562532,5.0,17.0
8095,197,500,18,early_first_window,1,0.0040000000000000036,0.005375610351562532,5.0,17.0
8096,197,500,18,early_first_window,1,0.0040000000000000036,0.005375610351562532,5.0,17.0
8097,197,500,18,early_first_window,1,0.0040000000000000036,0.005375610351562532,5.0,17.0
8098,197,500,18,early_first_window,1,0.0040000000000000036,0.005375610351562532,5.0,17.0
8099,197,500,18,early_first_window,1,0.0040000000000000036,0.005375610351562532,5.0,17.0
8100,197,500,18,early_first_window,1,0.0040000000000000036,0.005375610351562532,5.0,17.0
8101,197,500,18,early_first_window,1,0.0040000000000000036,0.005375610351562532,5.0,17.0
8102,197,500,18,early_first_window,1,0.0040000000000000036,0.005375610351562532,5.0,17.0
8103,197,500,18,early_first_window,1,0.0040000000000000036,0.005375610351562532,5.0,17.0
8104,197,500,18,early_first_window,1,0.0040000000000000036,0.005375610351562532,5.0,17.0
8105,197,500,18,early_first_window,1,0.0040000000000000036,0.005375610351562532,5.0,17.0
8106,197,500,18,early_first_window,1,0.0040000000000000036,0.005375610351562532,5.0,17.0
8107,197,500,18,early_first_window,1,0.0040000000000000036,0.005375610351562532,5.0,17.0
8108,197,500,18,early_first_window,1,0.0040000000000000036,0.005375610351562532,5.0,17.0
8109,197,500,18,early_first_window,1,0.0040000000000000036,0.005375610351562532,5.0,17.0
8110,197,500,18,early_first_window,1,0.0040000000000000036,0.005375610351562532,5.0,17.0
8111,197,500,18,early_first_window,1,0.0040000000000000036,0.005375610351562532,5.0,17.0
8112,197,500,18,early_first_window,1,0.0040000000000000036,0.005375610351562532,5.0,17.0
8113,197,500,18,early_first_window,1,0.0040000000000000036,0.005375610351562532,5.0,17.0
8114,197,500,18,early_first_window,1,0.0040000000000000036,0.005375610351562532,5.0,17.0
8115,197,500,18,early_first_window,1,0.0040000000000000036,0.005375610351562532,5.0,17.0
8116,197,500,18,early_first_window,1,0.0040000000000000036,0.005375610351562532,5.0,17.0
8117,197,500,18,early_first_window,1,0.0040000000000000036,0.005375610351562532,5.0,17.0
8118,197,500,18,early_first_window,1,0.0040000000000000036,0.005375610351562532,5.0,17.0
8119,197,500,18,early_first_window,1,0.0040000000000000036,0.005375610351562532,5.0,17.0
8120,198,500,12,early_first_window,1,0.0020000000000000018,0.006311645507812491,0.0,11.0
8121,198,500,12,early_first_window,1,0.0020000000000000018,0.006311645507812491,0.0,11.0
8122,198,500,12,early_first_window,1,0.0020000000000000018,0.006311645507812491,0.0,11.0
8123,198,500,12,early_first_window,1,0.0020000000000000018,0.006311645507812491,0.0,11.0
8124,198,500,12,early_first_window,1,0.0020000000000000018,0.006311645507812491,0.0,11.0
8125,198,500,12,early_first_window,1,0.0020000000000000018,0.006311645507812491,0.0,11.0
8126,198,500,12,early_first_window,1,0.0020000000000000018,0.006311645507812491,0.0,11.0
8127,198,500,12,early_first_window,1,0.0020000000000000018,0.006311645507812491,0.0,11.0
8128,198,500,12,early_first_window,1,0.0020000000000000018,0.006311645507812491,0.0,11.0
8129,198,500,12,early_first_window,1,0.0020000000000000018,0.006311645507812491,0.0,11.0
8130,198,500,12,early_first_window,1,0.0020000000000000018,0.006311645507812491,0.0,11.0
8131,198,500,12,early_first_window,1,0.0020000000000000018,0.006311645507812491,0.0,11.0
8132,198,500,12,early_first_window,1,0.0020000000000000018,0.006311645507812491,0.0,11.0
8133,198,500,12,early_first_window,1,0.0020000000000000018,0.006311645507812491,0.0,11.0
8134,198,500,12,early_first_window,1,0.0020000000000000018,0.006311645507812491,0.0,11.0
8135,198,500,12,early_first_window,1,0.0020000000000000018,0.006311645507812491,0.0,11.0
8136,198,500,12,early_first_window,1,0.0020000000000000018,0.006311645507812491,0.0,11.0
8137,198,500,12,early_first_window,1,0.0020000000000000018,0.006311645507812491,0.0,11.0
8138,198,500,12,early_first_window,1,0.0020000000000000018,0.006311645507812491,0.0,11.0
8139,198,500,12,early_first_window,1,0.0020000000000000018,0.006311645507812491,0.0,11.0
8140,198,500,12,early_first_window,1,0.0020000000000000018,0.006311645507812491,0.0,11.0
8141,198,500,12,early_first_window,1,0.0020000000000000018,0.006311645507812491,0.0,11.0
8142,198,500,12,early_first_window,1,0.0020000000000000018,0.006311645507812491,0.0,11.0
8143,198,500,12,early_first_window,1,0.0020000000000000018,0.006311645507812491,0.0,11.0
8144,198,500,12,early_first_window,1,0.0020000000000000018,0.006311645507812491,0.0,11.0
8145,198,500,12,early_first_window,1,0.0020000000000000018,0.006311645507812491,0.0,11.0
8146,198,500,12,early_first_window,1,0.0020000000000000018,0.006311645507812491,0.0,11.0
8147,198,500,12,early_first_window,1,0.0020000000000000018,0.006311645507812491,0.0,11.0
8148,198,500,12,early_first_window,1,0.0020000000000000018,0.006311645507812491,0.0,11.0
8149,198,500,12,early_first_window,1,0.0020000000000000018,0.006311645507812491,0.0,11.0
8150,198,500,12,early_first_window,1,0.0020000000000000018,0.006311645507812491,0.0,11.0
8151,198,500,12,early_first_window,1,0.0020000000000000018,0.006311645507812491,0.0,11.0
8152,198,500,12,early_first_window,1,0.0020000000000000018,0.006311645507812491,0.0,11.0
8153,198,500,12,early_first_window,1,0.0020000000000000018,0.006311645507812491,0.0,11.0
8154,198,500,12,early_first_window,1,0.0020000000000000018,0.006311645507812491,0.0,11.0
8155,198,500,12,early_first_window,1,0.0020000000000000018,0.006311645507812491,0.0,11.0
8156,198,500,12,early_first_window,1,0.0020000000000000018,0.006311645507812491,0.0,11.0
8157,198,500,12,early_first_window,1,0.0020000000000000018,0.006311645507812491,0.0,11.0
8158,198,500,12,early_first_window,1,0.0020000000000000018,0.006311645507812491,0.0,11.0
8159,198,500,12,early_first_window,1,0.0020000000000000018,0.006311645507812491,0.0,11.0
8160,199,500,12,early_first_window,1,0.0020000000000000018,0.006311645507812491,0.0,11.0
8161,199,500,12,early_first_window,1,0.0020000000000000018,0.006311645507812491,0.0,11.0
8162,199,500,12,early_first_window,1,0.0020000000000000018,0.006311645507812491,0.0,11.0
8163,199,500,12,early_first_window,1,0.0020000000000000018,0.006311645507812491,0.0,11.0
8164,199,500,12,early_first_window,1,0.0020000000000000018,0.006311645507812491,0.0,11.0
8165,199,500,12,early_first_window,1,0.0020000000000000018,0.006311645507812491,0.0,11.0
8166,199,500,12,early_first_window,1,0.0020000000000000018,0.006311645507812491,0.0,11.0
8167,199,500,12,early_first_window,1,0.0020000000000000018,0.006311645507812491,0.0,11.0
8168,199,500,12,early_first_window,1,0.0020000000000000018,0.006311645507812491,0.0,11.0
8169,199,500,12,early_first_window,1,0.0020000000000000018,0.006311645507812491,0.0,11.0
8170,199,500,12,early_first_window,1,0.0020000000000000018,0.006311645507812491,0.0,11.0
8171,199,500,12,early_first_window,1,0.0020000000000000018,0.006311645507812491,0.0,11.0
8172,199,500,12,early_first_window,1,0.0020000000000000018,0.006311645507812491,0.0,11.0
8173,199,500,12,early_first_window,1,0.0020000000000000018,0.006311645507812491,0.0,11.0
8174,199,500,12,early_first_window,1,0.0020000000000000018,0.006311645507812491,0.0,11.0
8175,199,500,12,early_first_window,1,0.0020000000000000018,0.006311645507812491,0.0,11.0
8176,199,500,12,early_first_window,1,0.0020000000000000018,0.006311645507812491,0.0,11.0
8177,199,500,12,early_first_window,1,0.0020000000000000018,0.006311645507812491,0.0,11.0
8178,199,500,12,early_first_window,1,0.0020000000000000018,0.006311645507812491,0.0,11.0
8179,199,500,12,early_first_window,1,0.0020000000000000018,0.006311645507812491,0.0,11.0
8180,199,500,12,early_first_window,1,0.0020000000000000018,0.006311645507812491,0.0,11.0
8181,199,500,12,early_first_window,1,0.0020000000000000018,0.006311645507812491,0.0,11.0
8182,199,500,12,early_first_window,1,0.0020000000000000018,0.006311645507812491,0.0,11.0
8183,199,500,12,early_first_window,1,0.0020000000000000018,0.006311645507812491,0.0,11.0
8184,199,500,12,early_first_window,1,0.0020000000000000018,0.006311645507812491,0.0,11.0
8185,199,500,12,early_first_window,1,0.0020000000000000018,0.006311645507812491,0.0,11.0
8186,199,500,12,early_first_window,1,0.0020000000000000018,0.006311645507812491,0.0,11.0
8187,199,500,12,early_first_window,1,0.0020000000000000018,0.006311645507812491,0.0,11.0
8188,199,500,12,early_first_window,1,0.0020000000000000018,0.006311645507812491,0.0,11.0
8189,199,500,12,early_first_window,1,0.0020000000000000018,0.006311645507812491,0.0,11.0
8190,199,500,12,early_first_window,1,0.0020000000000000018,0.006311645507812491,0.0,11.0
8191,199,500,12,early_first_window,1,0.0020000000000000018,0.006311645507812491,0.0,11.0
8192,199,500,12,early_first_window,1,0.0020000000000000018,0.006311645507812491,0.0,11.0
8193,199,500,12,early_first_window,1,0.0020000000000000018,0.006311645507812491,0.0,11.0
8194,199,500,12,early_first_window,1,0.0020000000000000018,0.006311645507812491,0.0,11.0
8195,199,500,12,early_first_window,1,0.0020000000000000018,0.006311645507812491,0.0,11.0
8196,199,500,12,early_first_window,1,0.0020000000000000018,0.006311645507812491,0.0,11.0
8197,199,500,12,early_first_window,1,0.0020000000000000018,0.006311645507812491,0.0,11.0
8198,199,500,12,early_first_window,1,0.0020000000000000018,0.006311645507812491,0.0,11.0
8199,199,500,12,early_first_window,1,0.0020000000000000018,0.006311645507812491,0.0,11.0
8200,200,500,107,early_first_window,1,0.732,-0.000841918945312603,54.0,25.0
8201,200,500,107,early_first_window,1,0.732,-0.000841918945312603,54.0,25.0
8202,200,500,107,early_first_window,1,0.732,-0.000841918945312603,54.0,25.0
8203,200,500,107,early_first_window,1,0.732,-0.000841918945312603,54.0,25.0
8204,200,500,107,early_first_window,1,0.736,-0.000841918945312603,54.0,25.0
8205,200,500,107,early_first_window,1,0.736,-0.000841918945312603,54.0,25.0
8206,200,500,107,early_first_window,1,0.736,-0.000841918945312603,54.0,25.0
8207,200,500,107,early_first_window,1,0.736,-0.000841918945312603,54.0,25.0
8208,200,500,107,early_first_window,1,0.736,-0.000841918945312603,54.0,25.0
8209,200,500,107,early_first_window,1,0.736,-0.000841918945312603,54.0,25.0
8210,200,500,107,early_first_window,1,0.736,-0.000841918945312603,54.0,25.0
8211,200,500,107,early_first_window,1,0.736,-0.000841918945312603,54.0,25.0
8212,200,500,107,early_first_window,1,0.736,-0.000841918945312603,54.0,25.0
8213,200,500,107,early_first_window,1,0.736,-0.000841918945312603,54.0,25.0
8214,200,500,107,early_first_window,1,0.736,-0.000841918945312603,54.0,25.0
8215,200,500,107,early_first_window,1,0.736,-0.000841918945312603,54.0,25.0
8216,200,500,107,early_first_window,1,0.736,-0.000841918945312603,54.0,25.0
8217,200,500,107,early_first_window,1,0.736,-0.000841918945312603,54.0,25.0
8218,200,500,107,early_first_window,1,0.736,-0.000841918945312603,54.0,25.0
8219,200,500,107,early_first_window,1,0.736,-0.000841918945312603,54.0,25.0
8220,200,500,107,early_first_window,1,0.736,-0.000841918945312603,54.0,25.0
8221,200,500,107,early_first_window,1,0.736,-0.000841918945312603,54.0,25.0
8222,200,500,107,early_first_window,1,0.736,-0.000841918945312603,54.0,25.0
8223,200,500,107,early_first_window,1,0.736,-0.000841918945312603,54.0,25.0
8224,200,500,107,early_first_window,1,0.736,-0.000841918945312603,54.0,25.0
8225,200,500,107,early_first_window,1,0.736,-0.000841918945312603,54.0,25.0
8226,200,500,107,early_first_window,1,0.736,-0.000841918945312603,54.0,25.0
8227,200,500,107,early_first_window,1,0.736,-0.000841918945312603,54.0,25.0
8228,200,500,107,early_first_window,1,0.736,-0.000841918945312603,54.0,25.0
8229,200,500,107,early_first_window,1,0.736,-0.000841918945312603,54.0,25.0
8230,200,500,107,early_first_window,1,0.736,-0.000841918945312603,54.0,25.0
8231,200,500,107,early_first_window,1,0.736,-0.000841918945312603,54.0,25.0
8232,200,500,107,early_first_window,1,0.736,-0.000841918945312603,54.0,25.0
8233,200,500,107,early_first_window,1,0.736,-0.000841918945312603,54.0,25.0
8234,200,500,107,early_first_window,1,0.736,-0.000841918945312603,54.0,25.0
8235,200,500,107,early_first_window,1,0.736,-0.000841918945312603,54.0,25.0
8236,200,500,107,early_first_window,1,0.736,-0.000841918945312603,54.0,25.0
8237,200,500,107,early_first_window,1,0.736,-0.000841918945312603,54.0,25.0
8238,200,500,107,early_first_window,1,0.736,-0.000841918945312603,54.0,25.0
8239,200,500,107,early_first_window,1,0.736,-0.000841918945312603,54.0,25.0
8240,201,500,12,early_first_window,1,0.0020000000000000018,0.006311645507812491,0.0,11.0
8241,201,500,12,early_first_window,1,0.0020000000000000018,0.006311645507812491,0.0,11.0
8242,201,500,12,early_first_window,1,0.0020000000000000018,0.006311645507812491,0.0,11.0
8243,201,500,12,early_first_window,1,0.0020000000000000018,0.006311645507812491,0.0,11.0
8244,201,500,12,early_first_window,1,0.0020000000000000018,0.006311645507812491,0.0,11.0
8245,201,500,12,early_first_window,1,0.0020000000000000018,0.006311645507812491,0.0,11.0
8246,201,500,12,early_first_window,1,0.0020000000000000018,0.006311645507812491,0.0,11.0
8247,201,500,12,early_first_window,1,0.0020000000000000018,0.006311645507812491,0.0,11.0
8248,201,500,12,early_first_window,1,0.0020000000000000018,0.006311645507812491,0.0,11.0
8249,201,500,12,early_first_window,1,0.0020000000000000018,0.006311645507812491,0.0,11.0
8250,201,500,12,early_first_window,1,0.0020000000000000018,0.006311645507812491,0.0,11.0
8251,201,500,12,early_first_window,1,0.0020000000000000018,0.006311645507812491,0.0,11.0
8252,201,500,12,early_first_window,1,0.0020000000000000018,0.006311645507812491,0.0,11.0
8253,201,500,12,early_first_window,1,0.0020000000000000018,0.006311645507812491,0.0,11.0
8254,201,500,12,early_first_window,1,0.0020000000000000018,0.006311645507812491,0.0,11.0
8255,201,500,12,early_first_window,1,0.0020000000000000018,0.006311645507812491,0.0,11.0
8256,201,500,12,early_first_window,1,0.0020000000000000018,0.006311645507812491,0.0,11.0
8257,201,500,12,early_first_window,1,0.0020000000000000018,0.006311645507812491,0.0,11.0
8258,201,500,12,early_first_window,1,0.0020000000000000018,0.006311645507812491,0.0,11.0
8259,201,500,12,early_first_window,1,0.0020000000000000018,0.006311645507812491,0.0,11.0
8260,201,500,12,early_first_window,1,0.0020000000000000018,0.006311645507812491,0.0,11.0
8261,201,500,12,early_first_window,1,0.0020000000000000018,0.006311645507812491,0.0,11.0
8262,201,500,12,early_first_window,1,0.0020000000000000018,0.006311645507812491,0.0,11.0
8263,201,500,12,early_first_window,1,0.0020000000000000018,0.006311645507812491,0.0,11.0
8264,201,500,12,early_first_window,1,0.0020000000000000018,0.006311645507812491,0.0,11.0
8265,201,500,12,early_first_window,1,0.0020000000000000018,0.006311645507812491,0.0,11.0
8266,201,500,12,early_first_window,1,0.0020000000000000018,0.006311645507812491,0.0,11.0
8267,201,500,12,early_first_window,1,0.0020000000000000018,0.006311645507812491,0.0,11.0
8268,201,500,12,early_first_window,1,0.0020000000000000018,0.006311645507812491,0.0,11.0
8269,201,500,12,early_first_window,1,0.0020000000000000018,0.006311645507812491,0.0,11.0
8270,201,500,12,early_first_window,1,0.0020000000000000018,0.006311645507812491,0.0,11.0
8271,201,500,12,early_first_window,1,0.0020000000000000018,0.006311645507812491,0.0,11.0
8272,201,500,12,early_first_window,1,0.0020000000000000018,0.006311645507812491,0.0,11.0
8273,201,500,12,early_first_window,1,0.0020000000000000018,0.006311645507812491,0.0,11.0
8274,201,500,12,early_first_window,1,0.0020000000000000018,0.006311645507812491,0.0,11.0
8275,201,500,12,early_first_window,1,0.0020000000000000018,0.006311645507812491,0.0,11.0
8276,201,500,12,early_first_window,1,0.0020000000000000018,0.006311645507812491,0.0,11.0
8277,201,500,12,early_first_window,1,0.0020000000000000018,0.006311645507812491,0.0,11.0
8278,201,500,12,early_first_window,1,0.0020000000000000018,0.006311645507812491,0.0,11.0
8279,201,500,12,early_first_window,1,0.0020000000000000018,0.006311645507812491,0.0,11.0
8280,202,500,99,early_first_window,1,0.8240000000000001,-0.05089379882812506,59.0,26.0
8281,202,500,99,early_first_window,1,0.8240000000000001,-0.05089379882812506,59.0,26.0
8282,202,500,99,early_first_window,1,0.8240000000000001,-0.05089379882812506,59.0,26.0
8283,202,500,99,early_first_window,1,0.8240000000000001,-0.05089379882812506,59.0,26.0
8284,202,500,99,early_first_window,1,0.8240000000000001,-0.05089379882812506,59.0,26.0
8285,202,500,99,early_first_window,1,0.8240000000000001,-0.05089379882812506,59.0,26.0
8286,202,500,99,early_first_window,1,0.8240000000000001,-0.05089379882812506,59.0,26.0
8287,202,500,99,early_first_window,1,0.8240000000000001,-0.05089379882812506,59.0,26.0
8288,202,500,99,early_first_window,1,0.8240000000000001,-0.05089379882812506,59.0,26.0
8289,202,500,99,early_first_window,1,0.8240000000000001,-0.05089379882812506,59.0,26.0
8290,202,500,99,early_first_window,1,0.8240000000000001,-0.05089379882812506,59.0,26.0
8291,202,500,99,early_first_window,1,0.8240000000000001,-0.05089379882812506,59.0,26.0
8292,202,500,99,early_first_window,1,0.8240000000000001,-0.05089379882812506,59.0,26.0
8293,202,500,99,early_first_window,1,0.8240000000000001,-0.05089379882812506,59.0,26.0
8294,202,500,99,early_first_window,1,0.8240000000000001,-0.05089379882812506,59.0,26.0
8295,202,500,99,early_first_window,1,0.8240000000000001,-0.05089379882812506,59.0,26.0
8296,202,500,99,early_first_window,1,0.8240000000000001,-0.05089379882812506,59.0,26.0
8297,202,500,99,early_first_window,1,0.8240000000000001,-0.05089379882812506,59.0,26.0
8298,202,500,99,early_first_window,1,0.8240000000000001,-0.05089379882812506,59.0,26.0
8299,202,500,99,early_first_window,1,0.8240000000000001,-0.05089379882812506,59.0,26.0
8300,202,500,99,early_first_window,1,0.8240000000000001,-0.05089379882812506,59.0,26.0
8301,202,500,99,early_first_window,1,0.8240000000000001,-0.05089379882812506,59.0,26.0
8302,202,500,99,early_first_window,1,0.8240000000000001,-0.05089379882812506,59.0,26.0
8303,202,500,99,early_first_window,1,0.8240000000000001,-0.05089379882812506,59.0,26.0
8304,202,500,99,early_first_window,1,0.8240000000000001,-0.05089379882812506,59.0,26.0
8305,202,500,99,early_first_window,1,0.8240000000000001,-0.05089379882812506,59.0,26.0
8306,202,500,99,early_first_window,1,0.8240000000000001,-0.05089379882812506,59.0,26.0
8307,202,500,99,early_first_window,1,0.8240000000000001,-0.05089379882812506,59.0,26.0
8308,202,500,99,early_first_window,1,0.8240000000000001,-0.05089379882812506,59.0,26.0
8309,202,500,99,early_first_window,1,0.8240000000000001,-0.05089379882812506,59.0,26.0
8310,202,500,99,early_first_window,1,0.8240000000000001,-0.05089379882812506,59.0,26.0
8311,202,500,99,early_first_window,1,0.8240000000000001,-0.05089379882812506,59.0,26.0
8312,202,500,99,early_first_window,1,0.8240000000000001,-0.05089379882812506,59.0,26.0
8313,202,500,99,early_first_window,1,0.8240000000000001,-0.05089379882812506,59.0,26.0
8314,202,500,99,early_first_window,1,0.8240000000000001,-0.05089379882812506,59.0,26.0
8315,202,500,99,early_first_window,1,0.8240000000000001,-0.05089379882812506,59.0,26.0
8316,202,500,99,early_first_window,1,0.8240000000000001,-0.05089379882812506,59.0,26.0
8317,202,500,99,early_first_window,1,0.8240000000000001,-0.05089379882812506,59.0,26.0
8318,202,500,99,early_first_window,1,0.8240000000000001,-0.05089379882812506,59.0,26.0
8319,202,500,99,early_first_window,1,0.8240000000000001,-0.05089379882812506,59.0,26.0
8320,203,500,97,early_first_window,1,0.748,-0.21867285156250005,46.0,18.0
8321,203,500,97,early_first_window,1,0.748,-0.21867285156250005,46.0,18.0
8322,203,500,97,early_first_window,1,0.748,-0.21867285156250005,46.0,18.0
8323,203,500,97,early_first_window,1,0.748,-0.21867285156250005,46.0,18.0
8324,203,500,97,early_first_window,1,0.748,-0.21867285156250005,46.0,18.0
8325,203,500,97,early_first_window,1,0.748,-0.21867285156250005,46.0,18.0
8326,203,500,97,early_first_window,1,0.748,-0.21867285156250005,46.0,18.0
8327,203,500,97,early_first_window,1,0.748,-0.21867285156250005,46.0,18.0
8328,203,500,97,early_first_window,1,0.748,-0.21867285156250005,46.0,18.0
8329,203,500,97,early_first_window,1,0.748,-0.21867285156250005,46.0,18.0
8330,203,500,97,early_first_window,1,0.748,-0.21867285156250005,46.0,18.0
8331,203,500,97,early_first_window,1,0.748,-0.21867285156250005,46.0,18.0
8332,203,500,97,early_first_window,1,0.748,-0.21867285156250005,46.0,18.0
8333,203,500,97,early_first_window,1,0.748,-0.21867285156250005,46.0,18.0
8334,203,500,97,early_first_window,1,0.748,-0.21867285156250005,46.0,18.0
8335,203,500,97,early_first_window,1,0.748,-0.21867285156250005,46.0,18.0
8336,203,500,97,early_first_window,1,0.748,-0.21867285156250005,46.0,18.0
8337,203,500,97,early_first_window,1,0.748,-0.21867285156250005,46.0,18.0
8338,203,500,97,early_first_window,1,0.748,-0.21867285156250005,46.0,18.0
8339,203,500,97,early_first_window,1,0.748,-0.21867285156250005,46.0,18.0
8340,203,500,97,early_first_window,1,0.748,-0.21867285156250005,46.0,18.0
8341,203,500,97,early_first_window,1,0.748,-0.21867285156250005,46.0,18.0
8342,203,500,97,early_first_window,1,0.748,-0.21867285156250005,46.0,18.0
8343,203,500,97,early_first_window,1,0.748,-0.21867285156250005,46.0,18.0
8344,203,500,97,early_first_window,1,0.748,-0.21867285156250005,46.0,18.0
8345,203,500,93,early_first_window,1,0.746,-0.19554443359374996,46.0,18.0
8346,203,500,93,early_first_window,1,0.746,-0.19554443359374996,46.0,18.0
8347,203,500,93,early_first_window,1,0.746,-0.19554443359374996,46.0,18.0
8348,203,500,93,early_first_window,1,0.746,-0.19554443359374996,46.0,18.0
8349,203,500,93,early_first_window,1,0.746,-0.19554443359374996,46.0,18.0
8350,203,500,93,early_first_window,1,0.746,-0.19554443359374996,46.0,18.0
8351,203,500,93,early_first_window,1,0.746,-0.19554443359374996,46.0,18.0
8352,203,500,93,early_first_window,1,0.746,-0.19554443359374996,46.0,18.0
8353,203,500,93,early_first_window,1,0.746,-0.19554443359374996,46.0,18.0
8354,203,500,93,early_first_window,1,0.746,-0.19554443359374996,46.0,18.0
8355,203,500,93,early_first_window,1,0.746,-0.19554443359374996,46.0,18.0
8356,203,500,93,early_first_window,1,0.746,-0.19554443359374996,46.0,18.0
8357,203,500,93,early_first_window,1,0.746,-0.19554443359374996,46.0,18.0
8358,203,500,93,early_first_window,1,0.746,-0.19554443359374996,46.0,18.0
8359,203,500,93,early_first_window,1,0.746,-0.19554443359374996,46.0,18.0
8360,204,500,12,early_first_window,1,0.0020000000000000018,0.006311645507812491,0.0,11.0
8361,204,500,12,early_first_window,1,0.0020000000000000018,0.006311645507812491,0.0,11.0
8362,204,500,12,early_first_window,1,0.0020000000000000018,0.006311645507812491,0.0,11.0
8363,204,500,12,early_first_window,1,0.0020000000000000018,0.006311645507812491,0.0,11.0
8364,204,500,12,early_first_window,1,0.0020000000000000018,0.006311645507812491,0.0,11.0
8365,204,500,12,early_first_window,1,0.0020000000000000018,0.006311645507812491,0.0,11.0
8366,204,500,12,early_first_window,1,0.0020000000000000018,0.006311645507812491,0.0,11.0
8367,204,500,12,early_first_window,1,0.0020000000000000018,0.006311645507812491,0.0,11.0
8368,204,500,12,early_first_window,1,0.0020000000000000018,0.006311645507812491,0.0,11.0
8369,204,500,12,early_first_window,1,0.0020000000000000018,0.006311645507812491,0.0,11.0
8370,204,500,12,early_first_window,1,0.0020000000000000018,0.006311645507812491,0.0,11.0
8371,204,500,12,early_first_window,1,0.0020000000000000018,0.006311645507812491,0.0,11.0
8372,204,500,12,early_first_window,1,0.0020000000000000018,0.006311645507812491,0.0,11.0
8373,204,500,12,early_first_window,1,0.0020000000000000018,0.006311645507812491,0.0,11.0
8374,204,500,12,early_first_window,1,0.0020000000000000018,0.006311645507812491,0.0,11.0
8375,204,500,12,early_first_window,1,0.0020000000000000018,0.006311645507812491,0.0,11.0
8376,204,500,12,early_first_window,1,0.0020000000000000018,0.006311645507812491,0.0,11.0
8377,204,500,12,early_first_window,1,0.0020000000000000018,0.006311645507812491,0.0,11.0
8378,204,500,12,early_first_window,1,0.0020000000000000018,0.006311645507812491,0.0,11.0
8379,204,500,12,early_first_window,1,0.0020000000000000018,0.006311645507812491,0.0,11.0
8380,204,500,12,early_first_window,1,0.0020000000000000018,0.006311645507812491,0.0,11.0
8381,204,500,12,early_first_window,1,0.0020000000000000018,0.006311645507812491,0.0,11.0
8382,204,500,12,early_first_window,1,0.0020000000000000018,0.006311645507812491,0.0,11.0
8383,204,500,12,early_first_window,1,0.0020000000000000018,0.006311645507812491,0.0,11.0
8384,204,500,12,early_first_window,1,0.0020000000000000018,0.006311645507812491,0.0,11.0
8385,204,500,12,early_first_window,1,0.0020000000000000018,0.006311645507812491,0.0,11.0
8386,204,500,12,early_first_window,1,0.0020000000000000018,0.006311645507812491,0.0,11.0
8387,204,500,12,early_first_window,1,0.0020000000000000018,0.006311645507812491,0.0,11.0
8388,204,500,12,early_first_window,1,0.0020000000000000018,0.006311645507812491,0.0,11.0
8389,204,500,12,early_first_window,1,0.0020000000000000018,0.006311645507812491,0.0,11.0
8390,204,500,12,early_first_window,1,0.0020000000000000018,0.006311645507812491,0.0,11.0
8391,204,500,12,early_first_window,1,0.0020000000000000018,0.006311645507812491,0.0,11.0
8392,204,500,12,early_first_window,1,0.0020000000000000018,0.006311645507812491,0.0,11.0
8393,204,500,12,early_first_window,1,0.0020000000000000018,0.006311645507812491,0.0,11.0
8394,204,500,12,early_first_window,1,0.0020000000000000018,0.006311645507812491,0.0,11.0
8395,204,500,12,early_first_window,1,0.0020000000000000018,0.006311645507812491,0.0,11.0
8396,204,500,12,early_first_window,1,0.0020000000000000018,0.006311645507812491,0.0,11.0
8397,204,500,12,early_first_window,1,0.0020000000000000018,0.006311645507812491,0.0,11.0
8398,204,500,12,early_first_window,1,0.0020000000000000018,0.006311645507812491,0.0,11.0
8399,204,500,12,early_first_window,1,0.0020000000000000018,0.006311645507812491,0.0,11.0
8400,205,500,96,early_first_window,1,0.774,-0.018421875000000032,56.0,25.0
8401,205,500,96,early_first_window,1,0.774,-0.018421875000000032,56.0,25.0
8402,205,500,96,early_first_window,1,0.774,-0.018421875000000032,56.0,25.0
8403,205,500,96,early_first_window,1,0.774,-0.018421875000000032,56.0,25.0
8404,205,500,96,early_first_window,1,0.774,-0.018421875000000032,56.0,25.0
8405,205,500,96,early_first_window,1,0.774,-0.018421875000000032,56.0,25.0
8406,205,500,96,early_first_window,1,0.774,-0.018421875000000032,56.0,25.0
8407,205,500,96,early_first_window,1,0.774,-0.018421875000000032,56.0,25.0
8408,205,500,96,early_first_window,1,0.774,-0.018421875000000032,56.0,25.0
8409,205,500,96,early_first_window,1,0.774,-0.018421875000000032,56.0,25.0
8410,205,500,96,early_first_window,1,0.774,-0.018421875000000032,56.0,25.0
8411,205,500,96,early_first_window,1,0.774,-0.018421875000000032,56.0,25.0
8412,205,500,96,early_first_window,1,0.774,-0.018421875000000032,56.0,25.0
8413,205,500,96,early_first_window,1,0.774,-0.018421875000000032,56.0,25.0
8414,205,500,96,early_first_window,1,0.774,-0.018421875000000032,56.0,25.0
8415,205,500,96,early_first_window,1,0.774,-0.018421875000000032,56.0,25.0
8416,205,500,96,early_first_window,1,0.774,-0.018421875000000032,56.0,25.0
8417,205,500,96,early_first_window,1,0.774,-0.018421875000000032,56.0,25.0
8418,205,500,96,early_first_window,1,0.774,-0.018421875000000032,56.0,25.0
8419,205,500,96,early_first_window,1,0.774,-0.018421875000000032,56.0,25.0
8420,205,500,96,early_first_window,1,0.774,-0.018421875000000032,56.0,25.0
8421,205,500,96,early_first_window,1,0.774,-0.018421875000000032,56.0,25.0
8422,205,500,96,early_first_window,1,0.774,-0.018421875000000032,56.0,25.0
8423,205,500,96,early_first_window,1,0.774,-0.018421875000000032,56.0,25.0
8424,205,500,96,early_first_window,1,0.774,-0.018421875000000032,56.0,25.0
8425,205,500,96,early_first_window,1,0.774,-0.018421875000000032,56.0,25.0
8426,205,500,96,early_first_window,1,0.774,-0.018421875000000032,56.0,25.0
8427,205,500,96,early_first_window,1,0.774,-0.018421875000000032,56.0,25.0
8428,205,500,96,early_first_window,1,0.774,-0.018421875000000032,56.0,25.0
8429,205,500,96,early_first_window,1,0.774,-0.018421875000000032,56.0,25.0
8430,205,500,96,early_first_window,1,0.774,-0.018421875000000032,56.0,25.0
8431,205,500,96,early_first_window,1,0.774,-0.018421875000000032,56.0,25.0
8432,205,500,96,early_first_window,1,0.774,-0.018421875000000032,56.0,25.0
8433,205,500,96,early_first_window,1,0.774,-0.018421875000000032,56.0,25.0
8434,205,500,96,early_first_window,1,0.774,-0.018421875000000032,56.0,25.0
8435,205,500,96,early_first_window,1,0.774,-0.018421875000000032,56.0,25.0
8436,205,500,96,early_first_window,1,0.774,-0.018421875000000032,56.0,25.0
8437,205,500,96,early_first_window,1,0.774,-0.018421875000000032,56.0,25.0
8438,205,500,96,early_first_window,1,0.774,-0.018421875000000032,56.0,25.0
8439,205,500,96,early_first_window,1,0.774,-0.018421875000000032,56.0,25.0
8440,206,500,27,early_first_window,1,0.01200000000000001,0.029463562011718736,10.0,26.0
8441,206,500,27,early_first_window,1,0.01200000000000001,0.029463562011718736,10.0,26.0
8442,206,500,27,early_first_window,1,0.01200000000000001,0.029463562011718736,10.0,26.0
8443,206,500,27,early_first_window,1,0.01200000000000001,0.029463562011718736,10.0,26.0
8444,206,500,27,early_first_window,1,0.01200000000000001,0.029463562011718736,10.0,26.0
8445,206,500,27,early_first_window,1,0.01200000000000001,0.029463562011718736,10.0,26.0
8446,206,500,27,early_first_window,1,0.01200000000000001,0.029463562011718736,10.0,26.0
8447,206,500,27,early_first_window,1,0.01200000000000001,0.029463562011718736,10.0,26.0
8448,206,500,27,early_first_window,1,0.01200000000000001,0.029463562011718736,10.0,26.0
8449,206,500,27,early_first_window,1,0.01200000000000001,0.029463562011718736,10.0,26.0
8450,206,500,27,early_first_window,1,0.01200000000000001,0.029463562011718736,10.0,26.0
8451,206,500,27,early_first_window,1,0.01200000000000001,0.029463562011718736,10.0,26.0
8452,206,500,27,early_first_window,1,0.01200000000000001,0.029463562011718736,10.0,26.0
8453,206,500,27,early_first_window,1,0.01200000000000001,0.029463562011718736,10.0,26.0
8454,206,500,27,early_first_window,1,0.01200000000000001,0.029463562011718736,10.0,26.0
8455,206,500,27,early_first_window,1,0.01200000000000001,0.029463562011718736,10.0,26.0
8456,206,500,27,early_first_window,1,0.01200000000000001,0.029463562011718736,10.0,26.0
8457,206,500,27,early_first_window,1,0.01200000000000001,0.029463562011718736,10.0,26.0
8458,206,500,27,early_first_window,1,0.01200000000000001,0.029463562011718736,10.0,26.0
8459,206,500,27,early_first_window,1,0.01200000000000001,0.029463562011718736,10.0,26.0
8460,206,500,27,early_first_window,1,0.01200000000000001,0.029463562011718736,10.0,26.0
8461,206,500,27,early_first_window,1,0.01200000000000001,0.029463562011718736,10.0,26.0
8462,206,500,27,early_first_window,1,0.01200000000000001,0.029463562011718736,10.0,26.0
8463,206,500,27,early_first_window,1,0.01200000000000001,0.029463562011718736,10.0,26.0
8464,206,500,27,early_first_window,1,0.01200000000000001,0.029463562011718736,10.0,26.0
8465,206,500,27,early_first_window,1,0.01200000000000001,0.029463562011718736,10.0,26.0
8466,206,500,27,early_first_window,1,0.01200000000000001,0.029463562011718736,10.0,26.0
8467,206,500,27,early_first_window,1,0.01200000000000001,0.029463562011718736,10.0,26.0
8468,206,500,27,early_first_window,1,0.01200000000000001,0.029463562011718736,10.0,26.0
8469,206,500,27,early_first_window,1,0.01200000000000001,0.029463562011718736,10.0,26.0
8470,206,500,27,early_first_window,1,0.01200000000000001,0.029463562011718736,10.0,26.0
8471,206,500,27,early_first_window,1,0.01200000000000001,0.029463562011718736,10.0,26.0
8472,206,500,27,early_first_window,1,0.01200000000000001,0.029463562011718736,10.0,26.0
8473,206,500,27,early_first_window,1,0.01200000000000001,0.029463562011718736,10.0,26.0
8474,206,500,27,early_first_window,1,0.01200000000000001,0.029463562011718736,10.0,26.0
8475,206,500,27,early_first_window,1,0.01200000000000001,0.029463562011718736,10.0,26.0
8476,206,500,27,early_first_window,1,0.01200000000000001,0.029463562011718736,10.0,26.0
8477,206,500,27,early_first_window,1,0.01200000000000001,0.029463562011718736,10.0,26.0
8478,206,500,27,early_first_window,1,0.01200000000000001,0.029463562011718736,10.0,26.0
8479,206,500,27,early_first_window,1,0.01200000000000001,0.029463562011718736,10.0,26.0
8480,207,500,89,early_first_window,1,0.764,-0.0474564208984376,42.0,12.0
8481,207,500,89,early_first_window,1,0.764,-0.0474564208984376,42.0,12.0
8482,207,500,89,early_first_window,1,0.764,-0.0474564208984376,42.0,12.0
8483,207,500,89,early_first_window,1,0.764,-0.0474564208984376,42.0,12.0
8484,207,500,89,early_first_window,1,0.764,-0.0474564208984376,42.0,12.0
8485,207,500,89,early_first_window,1,0.764,-0.0474564208984376,42.0,12.0
8486,207,500,89,early_first_window,1,0.764,-0.0474564208984376,42.0,12.0
8487,207,500,89,early_first_window,1,0.764,-0.0474564208984376,42.0,12.0
8488,207,500,89,early_first_window,1,0.764,-0.0474564208984376,42.0,12.0
8489,207,500,89,early_first_window,1,0.764,-0.0474564208984376,42.0,12.0
8490,207,500,89,early_first_window,1,0.764,-0.0474564208984376,42.0,12.0
8491,207,500,89,early_first_window,1,0.764,-0.0474564208984376,42.0,12.0
8492,207,500,89,early_first_window,1,0.764,-0.0474564208984376,42.0,12.0
8493,207,500,89,early_first_window,1,0.764,-0.0474564208984376,42.0,12.0
8494,207,500,89,early_first_window,1,0.764,-0.0474564208984376,42.0,12.0
8495,207,500,89,early_first_window,1,0.764,-0.0474564208984376,42.0,12.0
8496,207,500,89,early_first_window,1,0.764,-0.0474564208984376,42.0,12.0
8497,207,500,89,early_first_window,1,0.764,-0.0474564208984376,42.0,12.0
8498,207,500,89,early_first_window,1,0.764,-0.0474564208984376,42.0,12.0
8499,207,500,89,early_first_window,1,0.764,-0.0474564208984376,42.0,12.0
8500,207,500,89,early_first_window,1,0.764,-0.0474564208984376,42.0,12.0
8501,207,500,89,early_first_window,1,0.764,-0.0474564208984376,42.0,12.0
8502,207,500,89,early_first_window,1,0.764,-0.0474564208984376,42.0,12.0
8503,207,500,89,early_first_window,1,0.764,-0.0474564208984376,42.0,12.0
8504,207,500,89,early_first_window,1,0.764,-0.0474564208984376,42.0,12.0
8505,207,500,89,early_first_window,1,0.764,-0.0474564208984376,42.0,12.0
8506,207,500,89,early_first_window,1,0.764,-0.0474564208984376,42.0,12.0
8507,207,500,89,early_first_window,1,0.764,-0.0474564208984376,42.0,12.0
8508,207,500,89,early_first_window,1,0.764,-0.0474564208984376,42.0,12.0
8509,207,500,89,early_first_window,1,0.764,-0.0474564208984376,42.0,12.0
8510,207,500,89,early_first_window,1,0.764,-0.0474564208984376,42.0,12.0
8511,207,500,89,early_first_window,1,0.764,-0.0474564208984376,42.0,12.0
8512,207,500,89,early_first_window,1,0.764,-0.0474564208984376,42.0,12.0
8513,207,500,89,early_first_window,1,0.764,-0.0474564208984376,42.0,12.0
8514,207,500,89,early_first_window,1,0.764,-0.0474564208984376,42.0,12.0
8515,207,500,89,early_first_window,1,0.764,-0.0474564208984376,42.0,12.0
8516,207,500,89,early_first_window,1,0.764,-0.0474564208984376,42.0,12.0
8517,207,500,89,early_first_window,1,0.764,-0.0474564208984376,42.0,12.0
8518,207,500,89,early_first_window,1,0.764,-0.0474564208984376,42.0,12.0
8519,207,500,89,early_first_window,1,0.764,-0.0474564208984376,42.0,12.0
8520,208,500,12,early_first_window,1,0.0020000000000000018,0.006311645507812491,0.0,11.0
8521,208,500,12,early_first_window,1,0.0020000000000000018,0.006311645507812491,0.0,11.0
8522,208,500,12,early_first_window,1,0.0020000000000000018,0.006311645507812491,0.0,11.0
8523,208,500,12,early_first_window,1,0.0020000000000000018,0.006311645507812491,0.0,11.0
8524,208,500,12,early_first_window,1,0.0020000000000000018,0.006311645507812491,0.0,11.0
8525,208,500,12,early_first_window,1,0.0020000000000000018,0.006311645507812491,0.0,11.0
8526,208,500,12,early_first_window,1,0.0020000000000000018,0.006311645507812491,0.0,11.0
8527,208,500,12,early_first_window,1,0.0020000000000000018,0.006311645507812491,0.0,11.0
8528,208,500,12,early_first_window,1,0.0020000000000000018,0.006311645507812491,0.0,11.0
8529,208,500,12,early_first_window,1,0.0020000000000000018,0.006311645507812491,0.0,11.0
8530,208,500,12,early_first_window,1,0.0020000000000000018,0.006311645507812491,0.0,11.0
8531,208,500,12,early_first_window,1,0.0020000000000000018,0.006311645507812491,0.0,11.0
8532,208,500,12,early_first_window,1,0.0020000000000000018,0.006311645507812491,0.0,11.0
8533,208,500,12,early_first_window,1,0.0020000000000000018,0.006311645507812491,0.0,11.0
8534,208,500,12,early_first_window,1,0.0020000000000000018,0.006311645507812491,0.0,11.0
8535,208,500,12,early_first_window,1,0.0020000000000000018,0.006311645507812491,0.0,11.0
8536,208,500,12,early_first_window,1,0.0020000000000000018,0.006311645507812491,0.0,11.0
8537,208,500,12,early_first_window,1,0.0020000000000000018,0.006311645507812491,0.0,11.0
8538,208,500,12,early_first_window,1,0.0020000000000000018,0.006311645507812491,0.0,11.0
8539,208,500,12,early_first_window,1,0.0020000000000000018,0.006311645507812491,0.0,11.0
8540,208,500,12,early_first_window,1,0.0020000000000000018,0.006311645507812491,0.0,11.0
8541,208,500,12,early_first_window,1,0.0020000000000000018,0.006311645507812491,0.0,11.0
8542,208,500,12,early_first_window,1,0.0020000000000000018,0.006311645507812491,0.0,11.0
8543,208,500,12,early_first_window,1,0.0020000000000000018,0.006311645507812491,0.0,11.0
8544,208,500,12,early_first_window,1,0.0020000000000000018,0.006311645507812491,0.0,11.0
8545,208,500,12,early_first_window,1,0.0020000000000000018,0.006311645507812491,0.0,11.0
8546,208,500,12,early_first_window,1,0.0020000000000000018,0.006311645507812491,0.0,11.0
8547,208,500,12,early_first_window,1,0.0020000000000000018,0.006311645507812491,0.0,11.0
8548,208,500,12,early_first_window,1,0.0020000000000000018,0.006311645507812491,0.0,11.0
8549,208,500,12,early_first_window,1,0.0020000000000000018,0.006311645507812491,0.0,11.0
8550,208,500,12,early_first_window,1,0.0020000000000000018,0.006311645507812491,0.0,11.0
8551,208,500,12,early_first_window,1,0.0020000000000000018,0.006311645507812491,0.0,11.0
8552,208,500,12,early_first_window,1,0.0020000000000000018,0.006311645507812491,0.0,11.0
8553,208,500,12,early_first_window,1,0.0020000000000000018,0.006311645507812491,0.0,11.0
8554,208,500,12,early_first_window,1,0.0020000000000000018,0.006311645507812491,0.0,11.0
8555,208,500,12,early_first_window,1,0.0020000000000000018,0.006311645507812491,0.0,11.0
8556,208,500,12,early_first_window,1,0.0020000000000000018,0.006311645507812491,0.0,11.0
8557,208,500,12,early_first_window,1,0.0020000000000000018,0.006311645507812491,0.0,11.0
8558,208,500,12,early_first_window,1,0.0020000000000000018,0.006311645507812491,0.0,11.0
8559,208,500,12,early_first_window,1,0.0020000000000000018,0.006311645507812491,0.0,11.0
8560,209,500,12,early_first_window,1,0.0020000000000000018,0.006311645507812491,0.0,11.0
8561,209,500,12,early_first_window,1,0.0020000000000000018,0.006311645507812491,0.0,11.0
8562,209,500,12,early_first_window,1,0.0020000000000000018,0.006311645507812491,0.0,11.0
8563,209,500,12,early_first_window,1,0.0020000000000000018,0.006311645507812491,0.0,11.0
8564,209,500,12,early_first_window,1,0.0020000000000000018,0.006311645507812491,0.0,11.0
8565,209,500,12,early_first_window,1,0.0020000000000000018,0.006311645507812491,0.0,11.0
8566,209,500,12,early_first_window,1,0.0020000000000000018,0.006311645507812491,0.0,11.0
8567,209,500,12,early_first_window,1,0.0020000000000000018,0.006311645507812491,0.0,11.0
8568,209,500,12,early_first_window,1,0.0020000000000000018,0.006311645507812491,0.0,11.0
8569,209,500,12,early_first_window,1,0.0020000000000000018,0.006311645507812491,0.0,11.0
8570,209,500,12,early_first_window,1,0.0020000000000000018,0.006311645507812491,0.0,11.0
8571,209,500,12,early_first_window,1,0.0020000000000000018,0.006311645507812491,0.0,11.0
8572,209,500,12,early_first_window,1,0.0020000000000000018,0.006311645507812491,0.0,11.0
8573,209,500,12,early_first_window,1,0.0020000000000000018,0.006311645507812491,0.0,11.0
8574,209,500,12,early_first_window,1,0.0020000000000000018,0.006311645507812491,0.0,11.0
8575,209,500,12,early_first_window,1,0.0020000000000000018,0.006311645507812491,0.0,11.0
8576,209,500,12,early_first_window,1,0.0020000000000000018,0.006311645507812491,0.0,11.0
8577,209,500,12,early_first_window,1,0.0020000000000000018,0.006311645507812491,0.0,11.0
8578,209,500,12,early_first_window,1,0.0020000000000000018,0.006311645507812491,0.0,11.0
8579,209,500,12,early_first_window,1,0.0020000000000000018,0.006311645507812491,0.0,11.0
8580,209,500,12,early_first_window,1,0.0020000000000000018,0.006311645507812491,0.0,11.0
8581,209,500,12,early_first_window,1,0.0020000000000000018,0.006311645507812491,0.0,11.0
8582,209,500,12,early_first_window,1,0.0020000000000000018,0.006311645507812491,0.0,11.0
8583,209,500,12,early_first_window,1,0.0020000000000000018,0.006311645507812491,0.0,11.0
8584,209,500,12,early_first_window,1,0.0020000000000000018,0.006311645507812491,0.0,11.0
8585,209,500,12,early_first_window,1,0.0020000000000000018,0.006311645507812491,0.0,11.0
8586,209,500,12,early_first_window,1,0.0020000000000000018,0.006311645507812491,0.0,11.0
8587,209,500,12,early_first_window,1,0.0020000000000000018,0.006311645507812491,0.0,11.0
8588,209,500,12,early_first_window,1,0.0020000000000000018,0.006311645507812491,0.0,11.0
8589,209,500,12,early_first_window,1,0.0020000000000000018,0.006311645507812491,0.0,11.0
8590,209,500,12,early_first_window,1,0.0020000000000000018,0.006311645507812491,0.0,11.0
8591,209,500,12,early_first_window,1,0.0020000000000000018,0.006311645507812491,0.0,11.0
8592,209,500,12,early_first_window,1,0.0020000000000000018,0.006311645507812491,0.0,11.0
8593,209,500,12,early_first_window,1,0.0020000000000000018,0.006311645507812491,0.0,11.0
8594,209,500,12,early_first_window,1,0.0020000000000000018,0.006311645507812491,0.0,11.0
8595,209,500,12,early_first_window,1,0.0020000000000000018,0.006311645507812491,0.0,11.0
8596,209,500,12,early_first_window,1,0.0020000000000000018,0.006311645507812491,0.0,11.0
8597,209,500,12,early_first_window,1,0.0020000000000000018,0.006311645507812491,0.0,11.0
8598,209,500,12,early_first_window,1,0.0020000000000000018,0.006311645507812491,0.0,11.0
8599,209,500,12,early_first_window,1,0.0020000000000000018,0.006311645507812491,0.0,11.0
8600,210,500,113,early_first_window,1,0.738,-0.05048059082031253,43.0,25.0
8601,210,500,113,early_first_window,1,0.738,-0.05048059082031253,43.0,25.0
8602,210,500,113,early_first_window,1,0.738,-0.05048059082031253,43.0,25.0
8603,210,500,113,early_first_window,1,0.738,-0.05048059082031253,43.0,25.0
8604,210,500,113,early_first_window,1,0.74,-0.05048059082031253,43.0,25.0
8605,210,500,113,early_first_window,1,0.74,-0.05048059082031253,43.0,25.0
8606,210,500,113,early_first_window,1,0.74,-0.05048059082031253,43.0,25.0
8607,210,500,113,early_first_window,1,0.74,-0.05048059082031253,43.0,25.0
8608,210,500,113,early_first_window,1,0.74,-0.05048059082031253,43.0,25.0
8609,210,500,113,early_first_window,1,0.74,-0.05048059082031253,43.0,25.0
8610,210,500,113,early_first_window,1,0.74,-0.05048059082031253,43.0,25.0
8611,210,500,113,early_first_window,1,0.74,-0.05048059082031253,43.0,25.0
8612,210,500,113,early_first_window,1,0.74,-0.05048059082031253,43.0,25.0
8613,210,500,113,early_first_window,1,0.74,-0.05048059082031253,43.0,25.0
8614,210,500,113,early_first_window,1,0.74,-0.05048059082031253,43.0,25.0
8615,210,500,113,early_first_window,1,0.74,-0.05048059082031253,43.0,25.0
8616,210,500,113,early_first_window,1,0.74,-0.05048059082031253,43.0,25.0
8617,210,500,113,early_first_window,1,0.74,-0.05048059082031253,43.0,25.0
8618,210,500,113,early_first_window,1,0.74,-0.05048059082031253,43.0,25.0
8619,210,500,113,early_first_window,1,0.74,-0.05048059082031253,43.0,25.0
8620,210,500,113,early_first_window,1,0.74,-0.05048059082031253,43.0,25.0
8621,210,500,113,early_first_window,1,0.74,-0.05048059082031253,43.0,25.0
8622,210,500,113,early_first_window,1,0.74,-0.05048059082031253,43.0,25.0
8623,210,500,113,early_first_window,1,0.744,-0.05048059082031253,43.0,25.0
8624,210,500,113,early_first_window,1,0.744,-0.05048059082031253,43.0,25.0
8625,210,500,113,early_first_window,1,0.744,-0.05048059082031253,43.0,25.0
8626,210,500,113,early_first_window,1,0.744,-0.05048059082031253,43.0,25.0
8627,210,500,113,early_first_window,1,0.744,-0.05048059082031253,43.0,25.0
8628,210,500,113,early_first_window,1,0.744,-0.05048059082031253,43.0,25.0
8629,210,500,113,early_first_window,1,0.744,-0.05048059082031253,43.0,25.0
8630,210,500,113,early_first_window,1,0.744,-0.05048059082031253,43.0,25.0
8631,210,500,113,early_first_window,1,0.744,-0.05048059082031253,43.0,25.0
8632,210,500,113,early_first_window,1,0.744,-0.05048059082031253,43.0,25.0
8633,210,500,113,early_first_window,1,0.744,-0.05048059082031253,43.0,25.0
8634,210,500,113,early_first_window,1,0.744,-0.05048059082031253,43.0,25.0
8635,210,500,113,early_first_window,1,0.744,-0.05048059082031253,43.0,25.0
8636,210,500,113,early_first_window,1,0.744,-0.05048059082031253,43.0,25.0
8637,210,500,113,early_first_window,1,0.744,-0.05048059082031253,43.0,25.0
8638,210,500,113,early_first_window,1,0.744,-0.05048059082031253,43.0,25.0
8639,210,500,113,early_first_window,1,0.744,-0.05048059082031253,43.0,25.0
8640,211,500,100,early_first_window,1,0.806,-0.10905920410156256,53.0,12.0
8641,211,500,100,early_first_window,1,0.806,-0.10905920410156256,53.0,12.0
8642,211,500,100,early_first_window,1,0.806,-0.10905920410156256,53.0,12.0
8643,211,500,100,early_first_window,1,0.792,-0.10905920410156256,53.0,12.0
8644,211,500,100,early_first_window,1,0.792,-0.10905920410156256,53.0,12.0
8645,211,500,100,early_first_window,1,0.792,-0.10905920410156256,53.0,12.0
8646,211,500,100,early_first_window,1,0.792,-0.10905920410156256,53.0,12.0
8647,211,500,100,early_first_window,1,0.792,-0.10905920410156256,53.0,12.0
8648,211,500,100,early_first_window,1,0.792,-0.10905920410156256,53.0,12.0
8649,211,500,100,early_first_window,1,0.792,-0.10905920410156256,53.0,12.0
8650,211,500,100,early_first_window,1,0.792,-0.10905920410156256,53.0,12.0
8651,211,500,100,early_first_window,1,0.792,-0.10905920410156256,53.0,12.0
8652,211,500,100,early_first_window,1,0.792,-0.10905920410156256,53.0,12.0
8653,211,500,100,early_first_window,1,0.792,-0.10905920410156256,53.0,12.0
8654,211,500,100,early_first_window,1,0.792,-0.10905920410156256,53.0,12.0
8655,211,500,100,early_first_window,1,0.792,-0.10905920410156256,53.0,12.0
8656,211,500,100,early_first_window,1,0.792,-0.10905920410156256,53.0,12.0
8657,211,500,100,early_first_window,1,0.792,-0.10905920410156256,53.0,12.0
8658,211,500,100,early_first_window,1,0.792,-0.10905920410156256,53.0,12.0
8659,211,500,100,early_first_window,1,0.792,-0.10905920410156256,53.0,12.0
8660,211,500,100,early_first_window,1,0.792,-0.10905920410156256,53.0,12.0
8661,211,500,100,early_first_window,1,0.792,-0.10905920410156256,53.0,12.0
8662,211,500,100,early_first_window,1,0.792,-0.10905920410156256,53.0,12.0
8663,211,500,100,early_first_window,1,0.792,-0.10905920410156256,53.0,12.0
8664,211,500,100,early_first_window,1,0.792,-0.10905920410156256,53.0,12.0
8665,211,500,100,early_first_window,1,0.792,-0.10905920410156256,53.0,12.0
8666,211,500,100,early_first_window,1,0.792,-0.10905920410156256,53.0,12.0
8667,211,500,100,early_first_window,1,0.792,-0.10905920410156256,53.0,12.0
8668,211,500,100,early_first_window,1,0.792,-0.10905920410156256,53.0,12.0
8669,211,500,100,early_first_window,1,0.792,-0.10905920410156256,53.0,12.0
8670,211,500,100,early_first_window,1,0.792,-0.10905920410156256,53.0,12.0
8671,211,500,100,early_first_window,1,0.792,-0.10905920410156256,53.0,12.0
8672,211,500,100,early_first_window,1,0.792,-0.10905920410156256,53.0,12.0
8673,211,500,100,early_first_window,1,0.792,-0.10905920410156256,53.0,12.0
8674,211,500,100,early_first_window,1,0.792,-0.10905920410156256,53.0,12.0
8675,211,500,100,early_first_window,1,0.792,-0.10905920410156256,53.0,12.0
8676,211,500,100,early_first_window,1,0.792,-0.10905920410156256,53.0,12.0
8677,211,500,100,early_first_window,1,0.792,-0.10905920410156256,53.0,12.0
8678,211,500,100,early_first_window,1,0.792,-0.10905920410156256,53.0,12.0
8679,211,500,100,early_first_window,1,0.792,-0.10905920410156256,53.0,12.0
8680,212,500,79,early_first_window,1,0.6799999999999999,0.03973327636718749,40.0,58.0
8681,212,500,79,early_first_window,1,0.6799999999999999,0.03973327636718749,40.0,58.0
8682,212,500,79,early_first_window,1,0.6799999999999999,0.03973327636718749,40.0,58.0
8683,212,500,79,early_first_window,1,0.6799999999999999,0.03973327636718749,40.0,58.0
8684,212,500,79,early_first_window,1,0.6799999999999999,0.03973327636718749,40.0,58.0
8685,212,500,79,early_first_window,1,0.6799999999999999,0.03973327636718749,40.0,58.0
8686,212,500,79,early_first_window,1,0.6799999999999999,0.03973327636718749,40.0,58.0
8687,212,500,79,early_first_window,1,0.6799999999999999,0.03973327636718749,40.0,58.0
8688,212,500,79,early_first_window,1,0.6799999999999999,0.03973327636718749,40.0,58.0
8689,212,500,79,early_first_window,1,0.6799999999999999,0.03973327636718749,40.0,58.0
8690,212,500,79,early_first_window,1,0.6799999999999999,0.03973327636718749,40.0,58.0
8691,212,500,79,early_first_window,1,0.6799999999999999,0.03973327636718749,40.0,58.0
8692,212,500,79,early_first_window,1,0.6799999999999999,0.03973327636718749,40.0,58.0
8693,212,500,79,early_first_window,1,0.6799999999999999,0.03973327636718749,40.0,58.0
8694,212,500,79,early_first_window,1,0.6799999999999999,0.03973327636718749,40.0,58.0
8695,212,500,79,early_first_window,1,0.6799999999999999,0.03973327636718749,40.0,58.0
8696,212,500,79,early_first_window,1,0.6799999999999999,0.03973327636718749,40.0,58.0
8697,212,500,79,early_first_window,1,0.6799999999999999,0.03973327636718749,40.0,58.0
8698,212,500,79,early_first_window,1,0.6799999999999999,0.03973327636718749,40.0,58.0
8699,212,500,79,early_first_window,1,0.6799999999999999,0.03973327636718749,40.0,58.0
8700,212,500,79,early_first_window,1,0.6799999999999999,0.03973327636718749,40.0,58.0
8701,212,500,79,early_first_window,1,0.6799999999999999,0.03973327636718749,40.0,58.0
8702,212,500,79,early_first_window,1,0.6799999999999999,0.03973327636718749,40.0,58.0
8703,212,500,79,early_first_window,1,0.6799999999999999,0.03973327636718749,40.0,58.0
8704,212,500,79,early_first_window,1,0.6799999999999999,0.03973327636718749,40.0,58.0
8705,212,500,79,early_first_window,1,0.6799999999999999,0.03973327636718749,40.0,58.0
8706,212,500,79,early_first_window,1,0.6799999999999999,0.03973327636718749,40.0,58.0
8707,212,500,79,early_first_window,1,0.6799999999999999,0.03973327636718749,40.0,58.0
8708,212,500,79,early_first_window,1,0.6799999999999999,0.03973327636718749,40.0,58.0
8709,212,500,79,early_first_window,1,0.6799999999999999,0.03973327636718749,40.0,58.0
8710,212,500,79,early_first_window,1,0.6799999999999999,0.03973327636718749,40.0,58.0
8711,212,500,79,early_first_window,1,0.6799999999999999,0.03973327636718749,40.0,58.0
8712,212,500,79,early_first_window,1,0.6799999999999999,0.03973327636718749,40.0,58.0
8713,212,500,79,early_first_window,1,0.6799999999999999,0.03973327636718749,40.0,58.0
8714,212,500,79,early_first_window,1,0.6799999999999999,0.03973327636718749,40.0,58.0
8715,212,500,79,early_first_window,1,0.6799999999999999,0.03973327636718749,40.0,58.0
8716,212,500,79,early_first_window,1,0.6799999999999999,0.03973327636718749,40.0,58.0
8717,212,500,79,early_first_window,1,0.6799999999999999,0.03973327636718749,40.0,58.0
8718,212,500,79,early_first_window,1,0.6799999999999999,0.03973327636718749,40.0,58.0
8719,212,500,79,early_first_window,1,0.6799999999999999,0.03973327636718749,40.0,58.0
8720,213,500,12,early_first_window,1,0.0020000000000000018,0.006311645507812491,0.0,11.0
8721,213,500,12,early_first_window,1,0.0020000000000000018,0.006311645507812491,0.0,11.0
8722,213,500,12,early_first_window,1,0.0020000000000000018,0.006311645507812491,0.0,11.0
8723,213,500,12,early_first_window,1,0.0020000000000000018,0.006311645507812491,0.0,11.0
8724,213,500,12,early_first_window,1,0.0020000000000000018,0.006311645507812491,0.0,11.0
8725,213,500,12,early_first_window,1,0.0020000000000000018,0.006311645507812491,0.0,11.0
8726,213,500,12,early_first_window,1,0.0020000000000000018,0.006311645507812491,0.0,11.0
8727,213,500,12,early_first_window,1,0.0020000000000000018,0.006311645507812491,0.0,11.0
8728,213,500,12,early_first_window,1,0.0020000000000000018,0.006311645507812491,0.0,11.0
8729,213,500,12,early_first_window,1,0.0020000000000000018,0.006311645507812491,0.0,11.0
8730,213,500,12,early_first_window,1,0.0020000000000000018,0.006311645507812491,0.0,11.0
8731,213,500,12,early_first_window,1,0.0020000000000000018,0.006311645507812491,0.0,11.0
8732,213,500,12,early_first_window,1,0.0020000000000000018,0.006311645507812491,0.0,11.0
8733,213,500,12,early_first_window,1,0.0020000000000000018,0.006311645507812491,0.0,11.0
8734,213,500,12,early_first_window,1,0.0020000000000000018,0.006311645507812491,0.0,11.0
8735,213,500,12,early_first_window,1,0.0020000000000000018,0.006311645507812491,0.0,11.0
8736,213,500,12,early_first_window,1,0.0020000000000000018,0.006311645507812491,0.0,11.0
8737,213,500,12,early_first_window,1,0.0020000000000000018,0.006311645507812491,0.0,11.0
8738,213,500,12,early_first_window,1,0.0020000000000000018,0.006311645507812491,0.0,11.0
8739,213,500,12,early_first_window,1,0.0020000000000000018,0.006311645507812491,0.0,11.0
8740,213,500,12,early_first_window,1,0.0020000000000000018,0.006311645507812491,0.0,11.0
8741,213,500,12,early_first_window,1,0.0020000000000000018,0.006311645507812491,0.0,11.0
8742,213,500,12,early_first_window,1,0.0020000000000000018,0.006311645507812491,0.0,11.0
8743,213,500,12,early_first_window,1,0.0020000000000000018,0.006311645507812491,0.0,11.0
8744,213,500,12,early_first_window,1,0.0020000000000000018,0.006311645507812491,0.0,11.0
8745,213,500,12,early_first_window,1,0.0020000000000000018,0.006311645507812491,0.0,11.0
8746,213,500,12,early_first_window,1,0.0020000000000000018,0.006311645507812491,0.0,11.0
8747,213,500,12,early_first_window,1,0.0020000000000000018,0.006311645507812491,0.0,11.0
8748,213,500,12,early_first_window,1,0.0020000000000000018,0.006311645507812491,0.0,11.0
8749,213,500,12,early_first_window,1,0.0020000000000000018,0.006311645507812491,0.0,11.0
8750,213,500,12,early_first_window,1,0.0020000000000000018,0.006311645507812491,0.0,11.0
8751,213,500,12,early_first_window,1,0.0020000000000000018,0.006311645507812491,0.0,11.0
8752,213,500,12,early_first_window,1,0.0020000000000000018,0.006311645507812491,0.0,11.0
8753,213,500,12,early_first_window,1,0.0020000000000000018,0.006311645507812491,0.0,11.0
8754,213,500,12,early_first_window,1,0.0020000000000000018,0.006311645507812491,0.0,11.0
8755,213,500,12,early_first_window,1,0.0020000000000000018,0.006311645507812491,0.0,11.0
8756,213,500,12,early_first_window,1,0.0020000000000000018,0.006311645507812491,0.0,11.0
8757,213,500,12,early_first_window,1,0.0020000000000000018,0.006311645507812491,0.0,11.0
8758,213,500,12,early_first_window,1,0.0020000000000000018,0.006311645507812491,0.0,11.0
8759,213,500,12,early_first_window,1,0.0020000000000000018,0.006311645507812491,0.0,11.0
8760,214,500,12,early_first_window,1,0.0020000000000000018,0.006311645507812491,0.0,11.0
8761,214,500,12,early_first_window,1,0.0020000000000000018,0.006311645507812491,0.0,11.0
8762,214,500,12,early_first_window,1,0.0020000000000000018,0.006311645507812491,0.0,11.0
8763,214,500,12,early_first_window,1,0.0020000000000000018,0.006311645507812491,0.0,11.0
8764,214,500,12,early_first_window,1,0.0020000000000000018,0.006311645507812491,0.0,11.0
8765,214,500,12,early_first_window,1,0.0020000000000000018,0.006311645507812491,0.0,11.0
8766,214,500,12,early_first_window,1,0.0020000000000000018,0.006311645507812491,0.0,11.0
8767,214,500,12,early_first_window,1,0.0020000000000000018,0.006311645507812491,0.0,11.0
8768,214,500,12,early_first_window,1,0.0020000000000000018,0.006311645507812491,0.0,11.0
8769,214,500,12,early_first_window,1,0.0020000000000000018,0.006311645507812491,0.0,11.0
8770,214,500,12,early_first_window,1,0.0020000000000000018,0.006311645507812491,0.0,11.0
8771,214,500,12,early_first_window,1,0.0020000000000000018,0.006311645507812491,0.0,11.0
8772,214,500,12,early_first_window,1,0.0020000000000000018,0.006311645507812491,0.0,11.0
8773,214,500,12,early_first_window,1,0.0020000000000000018,0.006311645507812491,0.0,11.0
8774,214,500,12,early_first_window,1,0.0020000000000000018,0.006311645507812491,0.0,11.0
8775,214,500,12,early_first_window,1,0.0020000000000000018,0.006311645507812491,0.0,11.0
8776,214,500,12,early_first_window,1,0.0020000000000000018,0.006311645507812491,0.0,11.0
8777,214,500,12,early_first_window,1,0.0020000000000000018,0.006311645507812491,0.0,11.0
8778,214,500,12,early_first_window,1,0.0020000000000000018,0.006311645507812491,0.0,11.0
8779,214,500,12,early_first_window,1,0.0020000000000000018,0.006311645507812491,0.0,11.0
8780,214,500,12,early_first_window,1,0.0020000000000000018,0.006311645507812491,0.0,11.0
8781,214,500,12,early_first_window,1,0.0020000000000000018,0.006311645507812491,0.0,11.0
8782,214,500,12,early_first_window,1,0.0020000000000000018,0.006311645507812491,0.0,11.0
8783,214,500,12,early_first_window,1,0.0020000000000000018,0.006311645507812491,0.0,11.0
8784,214,500,12,early_first_window,1,0.0020000000000000018,0.006311645507812491,0.0,11.0
8785,214,500,12,early_first_window,1,0.0020000000000000018,0.006311645507812491,0.0,11.0
8786,214,500,12,early_first_window,1,0.0020000000000000018,0.006311645507812491,0.0,11.0
8787,214,500,12,early_first_window,1,0.0020000000000000018,0.006311645507812491,0.0,11.0
8788,214,500,12,early_first_window,1,0.0020000000000000018,0.006311645507812491,0.0,11.0
8789,214,500,12,early_first_window,1,0.0020000000000000018,0.006311645507812491,0.0,11.0
8790,214,500,12,early_first_window,1,0.0020000000000000018,0.006311645507812491,0.0,11.0
8791,214,500,12,early_first_window,1,0.0020000000000000018,0.006311645507812491,0.0,11.0
8792,214,500,12,early_first_window,1,0.0020000000000000018,0.006311645507812491,0.0,11.0
8793,214,500,12,early_first_window,1,0.0020000000000000018,0.006311645507812491,0.0,11.0
8794,214,500,12,early_first_window,1,0.0020000000000000018,0.006311645507812491,0.0,11.0
8795,214,500,12,early_first_window,1,0.0020000000000000018,0.006311645507812491,0.0,11.0
8796,214,500,12,early_first_window,1,0.0020000000000000018,0.006311645507812491,0.0,11.0
8797,214,500,12,early_first_window,1,0.0020000000000000018,0.006311645507812491,0.0,11.0
8798,214,500,12,early_first_window,1,0.0020000000000000018,0.006311645507812491,0.0,11.0
8799,214,500,12,early_first_window,1,0.0020000000000000018,0.006311645507812491,0.0,11.0
8800,215,500,12,early_first_window,1,0.0020000000000000018,0.006311645507812491,0.0,11.0
8801,215,500,12,early_first_window,1,0.0020000000000000018,0.006311645507812491,0.0,11.0
8802,215,500,12,early_first_window,1,0.0020000000000000018,0.006311645507812491,0.0,11.0
8803,215,500,12,early_first_window,1,0.0020000000000000018,0.006311645507812491,0.0,11.0
8804,215,500,12,early_first_window,1,0.0020000000000000018,0.006311645507812491,0.0,11.0
8805,215,500,12,early_first_window,1,0.0020000000000000018,0.006311645507812491,0.0,11.0
8806,215,500,12,early_first_window,1,0.0020000000000000018,0.006311645507812491,0.0,11.0
8807,215,500,12,early_first_window,1,0.0020000000000000018,0.006311645507812491,0.0,11.0
8808,215,500,12,early_first_window,1,0.0020000000000000018,0.006311645507812491,0.0,11.0
8809,215,500,12,early_first_window,1,0.0020000000000000018,0.006311645507812491,0.0,11.0
8810,215,500,12,early_first_window,1,0.0020000000000000018,0.006311645507812491,0.0,11.0
8811,215,500,12,early_first_window,1,0.0020000000000000018,0.006311645507812491,0.0,11.0
8812,215,500,12,early_first_window,1,0.0020000000000000018,0.006311645507812491,0.0,11.0
8813,215,500,12,early_first_window,1,0.0020000000000000018,0.006311645507812491,0.0,11.0
8814,215,500,12,early_first_window,1,0.0020000000000000018,0.006311645507812491,0.0,11.0
8815,215,500,12,early_first_window,1,0.0020000000000000018,0.006311645507812491,0.0,11.0
8816,215,500,12,early_first_window,1,0.0020000000000000018,0.006311645507812491,0.0,11.0
8817,215,500,12,early_first_window,1,0.0020000000000000018,0.006311645507812491,0.0,11.0
8818,215,500,12,early_first_window,1,0.0020000000000000018,0.006311645507812491,0.0,11.0
8819,215,500,12,early_first_window,1,0.0020000000000000018,0.006311645507812491,0.0,11.0
8820,215,500,12,early_first_window,1,0.0020000000000000018,0.006311645507812491,0.0,11.0
8821,215,500,12,early_first_window,1,0.0020000000000000018,0.006311645507812491,0.0,11.0
8822,215,500,12,early_first_window,1,0.0020000000000000018,0.006311645507812491,0.0,11.0
8823,215,500,12,early_first_window,1,0.0020000000000000018,0.006311645507812491,0.0,11.0
8824,215,500,12,early_first_window,1,0.0020000000000000018,0.006311645507812491,0.0,11.0
8825,215,500,12,early_first_window,1,0.0020000000000000018,0.006311645507812491,0.0,11.0
8826,215,500,12,early_first_window,1,0.0020000000000000018,0.006311645507812491,0.0,11.0
8827,215,500,12,early_first_window,1,0.0020000000000000018,0.006311645507812491,0.0,11.0
8828,215,500,12,early_first_window,1,0.0020000000000000018,0.006311645507812491,0.0,11.0
8829,215,500,12,early_first_window,1,0.0020000000000000018,0.006311645507812491,0.0,11.0
8830,215,500,12,early_first_window,1,0.0020000000000000018,0.006311645507812491,0.0,11.0
8831,215,500,12,early_first_window,1,0.0020000000000000018,0.006311645507812491,0.0,11.0
8832,215,500,12,early_first_window,1,0.0020000000000000018,0.006311645507812491,0.0,11.0
8833,215,500,12,early_first_window,1,0.0020000000000000018,0.006311645507812491,0.0,11.0
8834,215,500,12,early_first_window,1,0.0020000000000000018,0.006311645507812491,0.0,11.0
8835,215,500,12,early_first_window,1,0.0020000000000000018,0.006311645507812491,0.0,11.0
8836,215,500,12,early_first_window,1,0.0020000000000000018,0.006311645507812491,0.0,11.0
8837,215,500,12,early_first_window,1,0.0020000000000000018,0.006311645507812491,0.0,11.0
8838,215,500,12,early_first_window,1,0.0020000000000000018,0.006311645507812491,0.0,11.0
8839,215,500,12,early_first_window,1,0.0020000000000000018,0.006311645507812491,0.0,11.0
8840,216,500,22,early_first_window,1,0.010000000000000009,0.02767260742187505,9.0,21.0
8841,216,500,22,early_first_window,1,0.010000000000000009,0.02767260742187505,9.0,21.0
8842,216,500,22,early_first_window,1,0.010000000000000009,0.02767260742187505,9.0,21.0
8843,216,500,22,early_first_window,1,0.010000000000000009,0.02767260742187505,9.0,21.0
8844,216,500,22,early_first_window,1,0.010000000000000009,0.02767260742187505,9.0,21.0
8845,216,500,22,early_first_window,1,0.010000000000000009,0.02767260742187505,9.0,21.0
8846,216,500,22,early_first_window,1,0.010000000000000009,0.02767260742187505,9.0,21.0
8847,216,500,22,early_first_window,1,0.010000000000000009,0.02767260742187505,9.0,21.0
8848,216,500,22,early_first_window,1,0.010000000000000009,0.02767260742187505,9.0,21.0
8849,216,500,22,early_first_window,1,0.010000000000000009,0.02767260742187505,9.0,21.0
8850,216,500,22,early_first_window,1,0.010000000000000009,0.02767260742187505,9.0,21.0
8851,216,500,22,early_first_window,1,0.010000000000000009,0.02767260742187505,9.0,21.0
8852,216,500,22,early_first_window,1,0.010000000000000009,0.02767260742187505,9.0,21.0
8853,216,500,22,early_first_window,1,0.010000000000000009,0.02767260742187505,9.0,21.0
8854,216,500,22,early_first_window,1,0.010000000000000009,0.02767260742187505,9.0,21.0
8855,216,500,22,early_first_window,1,0.010000000000000009,0.02767260742187505,9.0,21.0
8856,216,500,22,early_first_window,1,0.010000000000000009,0.02767260742187505,9.0,21.0
8857,216,500,22,early_first_window,1,0.010000000000000009,0.02767260742187505,9.0,21.0
8858,216,500,22,early_first_window,1,0.010000000000000009,0.02767260742187505,9.0,21.0
8859,216,500,22,early_first_window,1,0.010000000000000009,0.02767260742187505,9.0,21.0
8860,216,500,22,early_first_window,1,0.010000000000000009,0.02767260742187505,9.0,21.0
8861,216,500,22,early_first_window,1,0.010000000000000009,0.02767260742187505,9.0,21.0
8862,216,500,22,early_first_window,1,0.010000000000000009,0.02767260742187505,9.0,21.0
8863,216,500,22,early_first_window,1,0.010000000000000009,0.02767260742187505,9.0,21.0
8864,216,500,22,early_first_window,1,0.010000000000000009,0.02767260742187505,9.0,21.0
8865,216,500,22,early_first_window,1,0.010000000000000009,0.02767260742187505,9.0,21.0
8866,216,500,22,early_first_window,1,0.010000000000000009,0.02767260742187505,9.0,21.0
8867,216,500,22,early_first_window,1,0.010000000000000009,0.02767260742187505,9.0,21.0
8868,216,500,22,early_first_window,1,0.010000000000000009,0.02767260742187505,9.0,21.0
8869,216,500,22,early_first_window,1,0.010000000000000009,0.02767260742187505,9.0,21.0
8870,216,500,22,early_first_window,1,0.010000000000000009,0.02767260742187505,9.0,21.0
8871,216,500,22,early_first_window,1,0.010000000000000009,0.02767260742187505,9.0,21.0
8872,216,500,22,early_first_window,1,0.010000000000000009,0.02767260742187505,9.0,21.0
8873,216,500,22,early_first_window,1,0.010000000000000009,0.02767260742187505,9.0,21.0
8874,216,500,22,early_first_window,1,0.010000000000000009,0.02767260742187505,9.0,21.0
8875,216,500,22,early_first_window,1,0.010000000000000009,0.02767260742187505,9.0,21.0
8876,216,500,22,early_first_window,1,0.010000000000000009,0.02767260742187505,9.0,21.0
8877,216,500,22,early_first_window,1,0.010000000000000009,0.02767260742187505,9.0,21.0
8878,216,500,22,early_first_window,1,0.010000000000000009,0.02767260742187505,9.0,21.0
8879,216,500,22,early_first_window,1,0.010000000000000009,0.02767260742187505,9.0,21.0
8880,217,500,12,early_first_window,1,0.0020000000000000018,0.006311645507812491,0.0,11.0
8881,217,500,12,early_first_window,1,0.0020000000000000018,0.006311645507812491,0.0,11.0
8882,217,500,12,early_first_window,1,0.0020000000000000018,0.006311645507812491,0.0,11.0
8883,217,500,12,early_first_window,1,0.0020000000000000018,0.006311645507812491,0.0,11.0
8884,217,500,12,early_first_window,1,0.0020000000000000018,0.006311645507812491,0.0,11.0
8885,217,500,12,early_first_window,1,0.0020000000000000018,0.006311645507812491,0.0,11.0
8886,217,500,12,early_first_window,1,0.0020000000000000018,0.006311645507812491,0.0,11.0
8887,217,500,12,early_first_window,1,0.0020000000000000018,0.006311645507812491,0.0,11.0
8888,217,500,12,early_first_window,1,0.0020000000000000018,0.006311645507812491,0.0,11.0
8889,217,500,12,early_first_window,1,0.0020000000000000018,0.006311645507812491,0.0,11.0
8890,217,500,12,early_first_window,1,0.0020000000000000018,0.006311645507812491,0.0,11.0
8891,217,500,12,early_first_window,1,0.0020000000000000018,0.006311645507812491,0.0,11.0
8892,217,500,12,early_first_window,1,0.0020000000000000018,0.006311645507812491,0.0,11.0
8893,217,500,12,early_first_window,1,0.0020000000000000018,0.006311645507812491,0.0,11.0
8894,217,500,12,early_first_window,1,0.0020000000000000018,0.006311645507812491,0.0,11.0
8895,217,500,12,early_first_window,1,0.0020000000000000018,0.006311645507812491,0.0,11.0
8896,217,500,12,early_first_window,1,0.0020000000000000018,0.006311645507812491,0.0,11.0
8897,217,500,12,early_first_window,1,0.0020000000000000018,0.006311645507812491,0.0,11.0
8898,217,500,12,early_first_window,1,0.0020000000000000018,0.006311645507812491,0.0,11.0
8899,217,500,12,early_first_window,1,0.0020000000000000018,0.006311645507812491,0.0,11.0
8900,217,500,12,early_first_window,1,0.0020000000000000018,0.006311645507812491,0.0,11.0
8901,217,500,12,early_first_window,1,0.0020000000000000018,0.006311645507812491,0.0,11.0
8902,217,500,12,early_first_window,1,0.0020000000000000018,0.006311645507812491,0.0,11.0
8903,217,500,12,early_first_window,1,0.0020000000000000018,0.006311645507812491,0.0,11.0
8904,217,500,12,early_first_window,1,0.0020000000000000018,0.006311645507812491,0.0,11.0
8905,217,500,12,early_first_window,1,0.0020000000000000018,0.006311645507812491,0.0,11.0
8906,217,500,12,early_first_window,1,0.0020000000000000018,0.006311645507812491,0.0,11.0
8907,217,500,12,early_first_window,1,0.0020000000000000018,0.006311645507812491,0.0,11.0
8908,217,500,12,early_first_window,1,0.0020000000000000018,0.006311645507812491,0.0,11.0
8909,217,500,12,early_first_window,1,0.0020000000000000018,0.006311645507812491,0.0,11.0
8910,217,500,12,early_first_window,1,0.0020000000000000018,0.006311645507812491,0.0,11.0
8911,217,500,12,early_first_window,1,0.0020000000000000018,0.006311645507812491,0.0,11.0
8912,217,500,12,early_first_window,1,0.0020000000000000018,0.006311645507812491,0.0,11.0
8913,217,500,12,early_first_window,1,0.0020000000000000018,0.006311645507812491,0.0,11.0
8914,217,500,12,early_first_window,1,0.0020000000000000018,0.006311645507812491,0.0,11.0
8915,217,500,12,early_first_window,1,0.0020000000000000018,0.006311645507812491,0.0,11.0
8916,217,500,12,early_first_window,1,0.0020000000000000018,0.006311645507812491,0.0,11.0
8917,217,500,12,early_first_window,1,0.0020000000000000018,0.006311645507812491,0.0,11.0
8918,217,500,12,early_first_window,1,0.0020000000000000018,0.006311645507812491,0.0,11.0
8919,217,500,12,early_first_window,1,0.0020000000000000018,0.006311645507812491,0.0,11.0
8920,218,500,12,early_first_window,1,0.0020000000000000018,0.006311645507812491,0.0,11.0
8921,218,500,12,early_first_window,1,0.0020000000000000018,0.006311645507812491,0.0,11.0
8922,218,500,12,early_first_window,1,0.0020000000000000018,0.006311645507812491,0.0,11.0
8923,218,500,12,early_first_window,1,0.0020000000000000018,0.006311645507812491,0.0,11.0
8924,218,500,12,early_first_window,1,0.0020000000000000018,0.006311645507812491,0.0,11.0
8925,218,500,12,early_first_window,1,0.0020000000000000018,0.006311645507812491,0.0,11.0
8926,218,500,12,early_first_window,1,0.0020000000000000018,0.006311645507812491,0.0,11.0
8927,218,500,12,early_first_window,1,0.0020000000000000018,0.006311645507812491,0.0,11.0
8928,218,500,12,early_first_window,1,0.0020000000000000018,0.006311645507812491,0.0,11.0
8929,218,500,12,early_first_window,1,0.0020000000000000018,0.006311645507812491,0.0,11.0
8930,218,500,12,early_first_window,1,0.0020000000000000018,0.006311645507812491,0.0,11.0
8931,218,500,12,early_first_window,1,0.0020000000000000018,0.006311645507812491,0.0,11.0
8932,218,500,12,early_first_window,1,0.0020000000000000018,0.006311645507812491,0.0,11.0
8933,218,500,12,early_first_window,1,0.0020000000000000018,0.006311645507812491,0.0,11.0
8934,218,500,12,early_first_window,1,0.0020000000000000018,0.006311645507812491,0.0,11.0
8935,218,500,12,early_first_window,1,0.0020000000000000018,0.006311645507812491,0.0,11.0
8936,218,500,12,early_first_window,1,0.0020000000000000018,0.006311645507812491,0.0,11.0
8937,218,500,12,early_first_window,1,0.0020000000000000018,0.006311645507812491,0.0,11.0
8938,218,500,12,early_first_window,1,0.0020000000000000018,0.006311645507812491,0.0,11.0
8939,218,500,12,early_first_window,1,0.0020000000000000018,0.006311645507812491,0.0,11.0
8940,218,500,12,early_first_window,1,0.0020000000000000018,0.006311645507812491,0.0,11.0
8941,218,500,12,early_first_window,1,0.0020000000000000018,0.006311645507812491,0.0,11.0
8942,218,500,12,early_first_window,1,0.0020000000000000018,0.006311645507812491,0.0,11.0
8943,218,500,12,early_first_window,1,0.0020000000000000018,0.006311645507812491,0.0,11.0
8944,218,500,12,early_first_window,1,0.0020000000000000018,0.006311645507812491,0.0,11.0
8945,218,500,12,early_first_window,1,0.0020000000000000018,0.006311645507812491,0.0,11.0
8946,218,500,12,early_first_window,1,0.0020000000000000018,0.006311645507812491,0.0,11.0
8947,218,500,12,early_first_window,1,0.0020000000000000018,0.006311645507812491,0.0,11.0
8948,218,500,12,early_first_window,1,0.0020000000000000018,0.006311645507812491,0.0,11.0
8949,218,500,12,early_first_window,1,0.0020000000000000018,0.006311645507812491,0.0,11.0
8950,218,500,12,early_first_window,1,0.0020000000000000018,0.006311645507812491,0.0,11.0
8951,218,500,12,early_first_window,1,0.0020000000000000018,0.006311645507812491,0.0,11.0
8952,218,500,12,early_first_window,1,0.0020000000000000018,0.006311645507812491,0.0,11.0
8953,218,500,12,early_first_window,1,0.0020000000000000018,0.006311645507812491,0.0,11.0
8954,218,500,12,early_first_window,1,0.0020000000000000018,0.006311645507812491,0.0,11.0
8955,218,500,12,early_first_window,1,0.0020000000000000018,0.006311645507812491,0.0,11.0
8956,218,500,12,early_first_window,1,0.0020000000000000018,0.006311645507812491,0.0,11.0
8957,218,500,12,early_first_window,1,0.0020000000000000018,0.006311645507812491,0.0,11.0
8958,218,500,12,early_first_window,1,0.0020000000000000018,0.006311645507812491,0.0,11.0
8959,218,500,12,early_first_window,1,0.0020000000000000018,0.006311645507812491,0.0,11.0
8960,219,500,118,early_first_window,1,0.79,-0.039657470703124975,42.0,25.0
8961,219,500,118,early_first_window,1,0.79,-0.039657470703124975,42.0,25.0
8962,219,500,118,early_first_window,1,0.79,-0.039657470703124975,42.0,25.0
8963,219,500,118,early_first_window,1,0.79,-0.039657470703124975,42.0,25.0
8964,219,500,118,early_first_window,1,0.79,-0.039657470703124975,42.0,25.0
8965,219,500,118,early_first_window,1,0.79,-0.039657470703124975,42.0,25.0
8966,219,500,118,early_first_window,1,0.79,-0.039657470703124975,42.0,25.0
8967,219,500,118,early_first_window,1,0.79,-0.039657470703124975,42.0,25.0
8968,219,500,118,early_first_window,1,0.79,-0.039657470703124975,42.0,25.0
8969,219,500,118,early_first_window,1,0.79,-0.039657470703124975,42.0,25.0
8970,219,500,118,early_first_window,1,0.79,-0.039657470703124975,42.0,25.0
8971,219,500,118,early_first_window,1,0.79,-0.039657470703124975,42.0,25.0
8972,219,500,118,early_first_window,1,0.79,-0.039657470703124975,42.0,25.0
8973,219,500,118,early_first_window,1,0.79,-0.039657470703124975,42.0,25.0
8974,219,500,118,early_first_window,1,0.79,-0.039657470703124975,42.0,25.0
8975,219,500,118,early_first_window,1,0.79,-0.039657470703124975,42.0,25.0
8976,219,500,118,early_first_window,1,0.79,-0.039657470703124975,42.0,25.0
8977,219,500,118,early_first_window,1,0.79,-0.039657470703124975,42.0,25.0
8978,219,500,118,early_first_window,1,0.79,-0.039657470703124975,42.0,25.0
8979,219,500,118,early_first_window,1,0.79,-0.039657470703124975,42.0,25.0
8980,219,500,118,early_first_window,1,0.79,-0.039657470703124975,42.0,25.0
8981,219,500,118,early_first_window,1,0.79,-0.039657470703124975,42.0,25.0
8982,219,500,118,early_first_window,1,0.79,-0.039657470703124975,42.0,25.0
8983,219,500,118,early_first_window,1,0.79,-0.039657470703124975,42.0,25.0
8984,219,500,118,early_first_window,1,0.79,-0.039657470703124975,42.0,25.0
8985,219,500,118,early_first_window,1,0.79,-0.039657470703124975,42.0,25.0
8986,219,500,118,early_first_window,1,0.79,-0.039657470703124975,42.0,25.0
8987,219,500,118,early_first_window,1,0.79,-0.039657470703124975,42.0,25.0
8988,219,500,118,early_first_window,1,0.79,-0.039657470703124975,42.0,25.0
8989,219,500,118,early_first_window,1,0.79,-0.039657470703124975,42.0,25.0
8990,219,500,118,early_first_window,1,0.79,-0.039657470703124975,42.0,25.0
8991,219,500,118,early_first_window,1,0.79,-0.039657470703124975,42.0,25.0
8992,219,500,118,early_first_window,1,0.79,-0.039657470703124975,42.0,25.0
8993,219,500,118,early_first_window,1,0.79,-0.039657470703124975,42.0,25.0
8994,219,500,118,early_first_window,1,0.79,-0.039657470703124975,42.0,25.0
8995,219,500,118,early_first_window,1,0.79,-0.039657470703124975,42.0,25.0
8996,219,500,118,early_first_window,1,0.79,-0.039657470703124975,42.0,25.0
8997,219,500,118,early_first_window,1,0.79,-0.039657470703124975,42.0,25.0
8998,219,500,118,early_first_window,1,0.79,-0.039657470703124975,42.0,25.0
8999,219,500,118,early_first_window,1,0.79,-0.039657470703124975,42.0,25.0
9000,220,500,109,early_first_window,1,0.648,-0.05045507812499994,67.0,27.0
9001,220,500,109,early_first_window,1,0.648,-0.05045507812499994,67.0,27.0
9002,220,500,109,early_first_window,1,0.648,-0.05045507812499994,67.0,27.0
9003,220,500,109,early_first_window,1,0.648,-0.05045507812499994,67.0,27.0
9004,220,500,109,early_first_window,1,0.648,-0.05045507812499994,67.0,27.0
9005,220,500,109,early_first_window,1,0.648,-0.05045507812499994,67.0,27.0
9006,220,500,109,early_first_window,1,0.648,-0.05045507812499994,67.0,27.0
9007,220,500,109,early_first_window,1,0.648,-0.05045507812499994,67.0,27.0
9008,220,500,109,early_first_window,1,0.648,-0.05045507812499994,67.0,27.0
9009,220,500,109,early_first_window,1,0.648,-0.05045507812499994,67.0,27.0
9010,220,500,109,early_first_window,1,0.648,-0.05045507812499994,67.0,27.0
9011,220,500,109,early_first_window,1,0.648,-0.05045507812499994,67.0,27.0
9012,220,500,109,early_first_window,1,0.648,-0.05045507812499994,67.0,27.0
9013,220,500,109,early_first_window,1,0.648,-0.05045507812499994,67.0,27.0
9014,220,500,109,early_first_window,1,0.648,-0.05045507812499994,67.0,27.0
9015,220,500,109,early_first_window,1,0.648,-0.05045507812499994,67.0,27.0
9016,220,500,109,early_first_window,1,0.648,-0.05045507812499994,67.0,27.0
9017,220,500,109,early_first_window,1,0.648,-0.05045507812499994,67.0,27.0
9018,220,500,109,early_first_window,1,0.648,-0.05045507812499994,67.0,27.0
9019,220,500,109,early_first_window,1,0.648,-0.05045507812499994,67.0,27.0
9020,220,500,109,early_first_window,1,0.648,-0.05045507812499994,67.0,27.0
9021,220,500,109,early_first_window,1,0.648,-0.05045507812499994,67.0,27.0
9022,220,500,109,early_first_window,1,0.648,-0.05045507812499994,67.0,27.0
9023,220,500,109,early_first_window,1,0.648,-0.05045507812499994,67.0,27.0
9024,220,500,109,early_first_window,1,0.648,-0.05045507812499994,67.0,27.0
9025,220,500,109,early_first_window,1,0.648,-0.05045507812499994,67.0,27.0
9026,220,500,109,early_first_window,1,0.648,-0.05045507812499994,67.0,27.0
9027,220,500,109,early_first_window,1,0.648,-0.05045507812499994,67.0,27.0
9028,220,500,109,early_first_window,1,0.648,-0.05045507812499994,67.0,27.0
9029,220,500,109,early_first_window,1,0.648,-0.05045507812499994,67.0,27.0
9030,220,500,109,early_first_window,1,0.648,-0.05045507812499994,67.0,27.0
9031,220,500,109,early_first_window,1,0.648,-0.05045507812499994,67.0,27.0
9032,220,500,109,early_first_window,1,0.648,-0.05045507812499994,67.0,27.0
9033,220,500,109,early_first_window,1,0.648,-0.05045507812499994,67.0,27.0
9034,220,500,109,early_first_window,1,0.648,-0.05045507812499994,67.0,27.0
9035,220,500,109,early_first_window,1,0.648,-0.05045507812499994,67.0,27.0
9036,220,500,109,early_first_window,1,0.648,-0.05045507812499994,67.0,27.0
9037,220,500,109,early_first_window,1,0.648,-0.05045507812499994,67.0,27.0
9038,220,500,109,early_first_window,1,0.648,-0.05045507812499994,67.0,27.0
9039,220,500,109,early_first_window,1,0.648,-0.05045507812499994,67.0,27.0
9040,221,500,156,early_first_window,1,0.728,-1.1344414062500001,43.0,18.0
9041,221,500,156,early_first_window,1,0.728,-1.1344414062500001,43.0,18.0
9042,221,500,156,early_first_window,1,0.73,-1.1344414062500001,43.0,18.0
9043,221,500,156,early_first_window,1,0.73,-1.1344414062500001,43.0,18.0
9044,221,500,156,early_first_window,1,0.73,-1.1344414062500001,43.0,18.0
9045,221,500,156,early_first_window,1,0.73,-1.1344414062500001,43.0,18.0
9046,221,500,156,early_first_window,1,0.73,-1.1344414062500001,43.0,18.0
9047,221,500,156,early_first_window,1,0.73,-1.1344414062500001,43.0,18.0
9048,221,500,156,early_first_window,1,0.73,-1.1344414062500001,43.0,18.0
9049,221,500,156,early_first_window,1,0.73,-1.1344414062500001,43.0,18.0
9050,221,500,156,early_first_window,1,0.73,-1.1344414062500001,43.0,18.0
9051,221,500,156,early_first_window,1,0.73,-1.1344414062500001,43.0,18.0
9052,221,500,156,early_first_window,1,0.73,-1.1344414062500001,43.0,18.0
9053,221,500,156,early_first_window,1,0.73,-1.1344414062500001,43.0,18.0
9054,221,500,156,early_first_window,1,0.73,-1.1344414062500001,43.0,18.0
9055,221,500,156,early_first_window,1,0.73,-1.1344414062500001,43.0,18.0
9056,221,500,156,early_first_window,1,0.73,-1.1344414062500001,43.0,18.0
9057,221,500,156,early_first_window,1,0.73,-1.1344414062500001,43.0,18.0
9058,221,500,156,early_first_window,1,0.73,-1.1344414062500001,43.0,18.0
9059,221,500,156,early_first_window,1,0.73,-1.1344414062500001,43.0,18.0
9060,221,500,156,early_first_window,1,0.73,-1.1344414062500001,43.0,18.0
9061,221,500,156,early_first_window,1,0.73,-1.1344414062500001,43.0,18.0
9062,221,500,156,early_first_window,1,0.73,-1.1344414062500001,43.0,18.0
9063,221,500,156,early_first_window,1,0.73,-1.1344414062500001,43.0,18.0
9064,221,500,156,early_first_window,1,0.73,-1.1344414062500001,43.0,18.0
9065,221,500,156,early_first_window,1,0.73,-1.1344414062500001,43.0,18.0
9066,221,500,156,early_first_window,1,0.73,-1.1344414062500001,43.0,18.0
9067,221,500,156,early_first_window,1,0.736,-1.1344414062500001,43.0,18.0
9068,221,500,156,early_first_window,1,0.736,-1.1344414062500001,43.0,18.0
9069,221,500,156,early_first_window,1,0.736,-1.1344414062500001,43.0,18.0
9070,221,500,156,early_first_window,1,0.736,-1.1344414062500001,43.0,18.0
9071,221,500,156,early_first_window,1,0.736,-1.1344414062500001,43.0,18.0
9072,221,500,156,early_first_window,1,0.736,-1.1344414062500001,43.0,18.0
9073,221,500,156,early_first_window,1,0.736,-1.1344414062500001,43.0,18.0
9074,221,500,156,early_first_window,1,0.736,-1.1344414062500001,43.0,18.0
9075,221,500,156,early_first_window,1,0.736,-1.1344414062500001,43.0,18.0
9076,221,500,156,early_first_window,1,0.736,-1.1344414062500001,43.0,18.0
9077,221,500,156,early_first_window,1,0.736,-1.1344414062500001,43.0,18.0
9078,221,500,156,early_first_window,1,0.736,-1.1344414062500001,43.0,18.0
9079,221,500,156,early_first_window,1,0.736,-1.1344414062500001,43.0,18.0
9080,222,500,12,early_first_window,1,0.0020000000000000018,0.006311645507812491,0.0,11.0
9081,222,500,12,early_first_window,1,0.0020000000000000018,0.006311645507812491,0.0,11.0
9082,222,500,12,early_first_window,1,0.0020000000000000018,0.006311645507812491,0.0,11.0
9083,222,500,12,early_first_window,1,0.0020000000000000018,0.006311645507812491,0.0,11.0
9084,222,500,12,early_first_window,1,0.0020000000000000018,0.006311645507812491,0.0,11.0
9085,222,500,12,early_first_window,1,0.0020000000000000018,0.006311645507812491,0.0,11.0
9086,222,500,12,early_first_window,1,0.0020000000000000018,0.006311645507812491,0.0,11.0
9087,222,500,12,early_first_window,1,0.0020000000000000018,0.006311645507812491,0.0,11.0
9088,222,500,12,early_first_window,1,0.0020000000000000018,0.006311645507812491,0.0,11.0
9089,222,500,12,early_first_window,1,0.0020000000000000018,0.006311645507812491,0.0,11.0
9090,222,500,12,early_first_window,1,0.0020000000000000018,0.006311645507812491,0.0,11.0
9091,222,500,12,early_first_window,1,0.0020000000000000018,0.006311645507812491,0.0,11.0
9092,222,500,12,early_first_window,1,0.0020000000000000018,0.006311645507812491,0.0,11.0
9093,222,500,12,early_first_window,1,0.0020000000000000018,0.006311645507812491,0.0,11.0
9094,222,500,12,early_first_window,1,0.0020000000000000018,0.006311645507812491,0.0,11.0
9095,222,500,12,early_first_window,1,0.0020000000000000018,0.006311645507812491,0.0,11.0
9096,222,500,12,early_first_window,1,0.0020000000000000018,0.006311645507812491,0.0,11.0
9097,222,500,12,early_first_window,1,0.0020000000000000018,0.006311645507812491,0.0,11.0
9098,222,500,12,early_first_window,1,0.0020000000000000018,0.006311645507812491,0.0,11.0
9099,222,500,12,early_first_window,1,0.0020000000000000018,0.006311645507812491,0.0,11.0
9100,222,500,12,early_first_window,1,0.0020000000000000018,0.006311645507812491,0.0,11.0
9101,222,500,12,early_first_window,1,0.0020000000000000018,0.006311645507812491,0.0,11.0
9102,222,500,12,early_first_window,1,0.0020000000000000018,0.006311645507812491,0.0,11.0
9103,222,500,12,early_first_window,1,0.0020000000000000018,0.006311645507812491,0.0,11.0
9104,222,500,12,early_first_window,1,0.0020000000000000018,0.006311645507812491,0.0,11.0
9105,222,500,12,early_first_window,1,0.0020000000000000018,0.006311645507812491,0.0,11.0
9106,222,500,12,early_first_window,1,0.0020000000000000018,0.006311645507812491,0.0,11.0
9107,222,500,12,early_first_window,1,0.0020000000000000018,0.006311645507812491,0.0,11.0
9108,222,500,12,early_first_window,1,0.0020000000000000018,0.006311645507812491,0.0,11.0
9109,222,500,12,early_first_window,1,0.0020000000000000018,0.006311645507812491,0.0,11.0
9110,222,500,12,early_first_window,1,0.0020000000000000018,0.006311645507812491,0.0,11.0
9111,222,500,12,early_first_window,1,0.0020000000000000018,0.006311645507812491,0.0,11.0
9112,222,500,12,early_first_window,1,0.0020000000000000018,0.006311645507812491,0.0,11.0
9113,222,500,12,early_first_window,1,0.0020000000000000018,0.006311645507812491,0.0,11.0
9114,222,500,12,early_first_window,1,0.0020000000000000018,0.006311645507812491,0.0,11.0
9115,222,500,12,early_first_window,1,0.0020000000000000018,0.006311645507812491,0.0,11.0
9116,222,500,12,early_first_window,1,0.0020000000000000018,0.006311645507812491,0.0,11.0
9117,222,500,12,early_first_window,1,0.0020000000000000018,0.006311645507812491,0.0,11.0
9118,222,500,12,early_first_window,1,0.0020000000000000018,0.006311645507812491,0.0,11.0
9119,222,500,12,early_first_window,1,0.0020000000000000018,0.006311645507812491,0.0,11.0
9120,223,500,88,early_first_window,1,0.746,0.002034912109375009,40.0,25.0
9121,223,500,88,early_first_window,1,0.746,0.002034912109375009,40.0,25.0
9122,223,500,88,early_first_window,1,0.746,0.002034912109375009,40.0,25.0
9123,223,500,88,early_first_window,1,0.746,0.002034912109375009,40.0,25.0
9124,223,500,88,early_first_window,1,0.746,0.002034912109375009,40.0,25.0
9125,223,500,88,early_first_window,1,0.746,0.002034912109375009,40.0,25.0
9126,223,500,88,early_first_window,1,0.746,0.002034912109375009,40.0,25.0
9127,223,500,88,early_first_window,1,0.746,0.002034912109375009,40.0,25.0
9128,223,500,88,early_first_window,1,0.746,0.002034912109375009,40.0,25.0
9129,223,500,88,early_first_window,1,0.746,0.002034912109375009,40.0,25.0
9130,223,500,88,early_first_window,1,0.746,0.002034912109375009,40.0,25.0
9131,223,500,88,early_first_window,1,0.746,0.002034912109375009,40.0,25.0
9132,223,500,88,early_first_window,1,0.746,0.002034912109375009,40.0,25.0
9133,223,500,88,early_first_window,1,0.746,0.002034912109375009,40.0,25.0
9134,223,500,88,early_first_window,1,0.746,0.002034912109375009,40.0,25.0
9135,223,500,88,early_first_window,1,0.748,0.002034912109375009,40.0,25.0
9136,223,500,88,early_first_window,1,0.748,0.002034912109375009,40.0,25.0
9137,223,500,88,early_first_window,1,0.748,0.002034912109375009,40.0,25.0
9138,223,500,88,early_first_window,1,0.748,0.002034912109375009,40.0,25.0
9139,223,500,88,early_first_window,1,0.748,0.002034912109375009,40.0,25.0
9140,223,500,88,early_first_window,1,0.748,0.002034912109375009,40.0,25.0
9141,223,500,88,early_first_window,1,0.748,0.002034912109375009,40.0,25.0
9142,223,500,88,early_first_window,1,0.748,0.002034912109375009,40.0,25.0
9143,223,500,88,early_first_window,1,0.754,0.002034912109375009,40.0,25.0
9144,223,500,88,early_first_window,1,0.754,0.002034912109375009,40.0,25.0
9145,223,500,88,early_first_window,1,0.754,0.002034912109375009,40.0,25.0
9146,223,500,88,early_first_window,1,0.754,0.002034912109375009,40.0,25.0
9147,223,500,88,early_first_window,1,0.754,0.002034912109375009,40.0,25.0
9148,223,500,88,early_first_window,1,0.754,0.002034912109375009,40.0,25.0
9149,223,500,88,early_first_window,1,0.754,0.002034912109375009,40.0,25.0
9150,223,500,88,early_first_window,1,0.754,0.002034912109375009,40.0,25.0
9151,223,500,88,early_first_window,1,0.754,0.002034912109375009,40.0,25.0
9152,223,500,88,early_first_window,1,0.754,0.002034912109375009,40.0,25.0
9153,223,500,88,early_first_window,1,0.754,0.002034912109375009,40.0,25.0
9154,223,500,88,early_first_window,1,0.754,0.002034912109375009,40.0,25.0
9155,223,500,88,early_first_window,1,0.754,0.002034912109375009,40.0,25.0
9156,223,500,88,early_first_window,1,0.754,0.002034912109375009,40.0,25.0
9157,223,500,88,early_first_window,1,0.754,0.002034912109375009,40.0,25.0
9158,223,500,88,early_first_window,1,0.754,0.002034912109375009,40.0,25.0
9159,223,500,88,early_first_window,1,0.754,0.002034912109375009,40.0,25.0
9160,224,500,12,early_first_window,1,0.0020000000000000018,0.006311645507812491,0.0,11.0
9161,224,500,12,early_first_window,1,0.0020000000000000018,0.006311645507812491,0.0,11.0
9162,224,500,12,early_first_window,1,0.0020000000000000018,0.006311645507812491,0.0,11.0
9163,224,500,12,early_first_window,1,0.0020000000000000018,0.006311645507812491,0.0,11.0
9164,224,500,12,early_first_window,1,0.0020000000000000018,0.006311645507812491,0.0,11.0
9165,224,500,12,early_first_window,1,0.0020000000000000018,0.006311645507812491,0.0,11.0
9166,224,500,12,early_first_window,1,0.0020000000000000018,0.006311645507812491,0.0,11.0
9167,224,500,12,early_first_window,1,0.0020000000000000018,0.006311645507812491,0.0,11.0
9168,224,500,12,early_first_window,1,0.0020000000000000018,0.006311645507812491,0.0,11.0
9169,224,500,12,early_first_window,1,0.0020000000000000018,0.006311645507812491,0.0,11.0
9170,224,500,12,early_first_window,1,0.0020000000000000018,0.006311645507812491,0.0,11.0
9171,224,500,12,early_first_window,1,0.0020000000000000018,0.006311645507812491,0.0,11.0
9172,224,500,12,early_first_window,1,0.0020000000000000018,0.006311645507812491,0.0,11.0
9173,224,500,12,early_first_window,1,0.0020000000000000018,0.006311645507812491,0.0,11.0
9174,224,500,12,early_first_window,1,0.0020000000000000018,0.006311645507812491,0.0,11.0
9175,224,500,12,early_first_window,1,0.0020000000000000018,0.006311645507812491,0.0,11.0
9176,224,500,12,early_first_window,1,0.0020000000000000018,0.006311645507812491,0.0,11.0
9177,224,500,12,early_first_window,1,0.0020000000000000018,0.006311645507812491,0.0,11.0
9178,224,500,12,early_first_window,1,0.0020000000000000018,0.006311645507812491,0.0,11.0
9179,224,500,12,early_first_window,1,0.0020000000000000018,0.006311645507812491,0.0,11.0
9180,224,500,12,early_first_window,1,0.0020000000000000018,0.006311645507812491,0.0,11.0
9181,224,500,12,early_first_window,1,0.0020000000000000018,0.006311645507812491,0.0,11.0
9182,224,500,12,early_first_window,1,0.0020000000000000018,0.006311645507812491,0.0,11.0
9183,224,500,12,early_first_window,1,0.0020000000000000018,0.006311645507812491,0.0,11.0
9184,224,500,12,early_first_window,1,0.0020000000000000018,0.006311645507812491,0.0,11.0
9185,224,500,12,early_first_window,1,0.0020000000000000018,0.006311645507812491,0.0,11.0
9186,224,500,12,early_first_window,1,0.0020000000000000018,0.006311645507812491,0.0,11.0
9187,224,500,12,early_first_window,1,0.0020000000000000018,0.006311645507812491,0.0,11.0
9188,224,500,12,early_first_window,1,0.0020000000000000018,0.006311645507812491,0.0,11.0
9189,224,500,12,early_first_window,1,0.0020000000000000018,0.006311645507812491,0.0,11.0
9190,224,500,12,early_first_window,1,0.0020000000000000018,0.006311645507812491,0.0,11.0
9191,224,500,12,early_first_window,1,0.0020000000000000018,0.006311645507812491,0.0,11.0
9192,224,500,12,early_first_window,1,0.0020000000000000018,0.006311645507812491,0.0,11.0
9193,224,500,12,early_first_window,1,0.0020000000000000018,0.006311645507812491,0.0,11.0
9194,224,500,12,early_first_window,1,0.0020000000000000018,0.006311645507812491,0.0,11.0
9195,224,500,12,early_first_window,1,0.0020000000000000018,0.006311645507812491,0.0,11.0
9196,224,500,12,early_first_window,1,0.0020000000000000018,0.006311645507812491,0.0,11.0
9197,224,500,12,early_first_window,1,0.0020000000000000018,0.006311645507812491,0.0,11.0
9198,224,500,12,early_first_window,1,0.0020000000000000018,0.006311645507812491,0.0,11.0
9199,224,500,12,early_first_window,1,0.0020000000000000018,0.006311645507812491,0.0,11.0
9200,225,500,17,early_first_window,1,0.0040000000000000036,0.02463928222656253,4.0,16.0
9201,225,500,17,early_first_window,1,0.0040000000000000036,0.02463928222656253,4.0,16.0
9202,225,500,17,early_first_window,1,0.0040000000000000036,0.02463928222656253,4.0,16.0
9203,225,500,17,early_first_window,1,0.0040000000000000036,0.02463928222656253,4.0,16.0
9204,225,500,17,early_first_window,1,0.0040000000000000036,0.02463928222656253,4.0,16.0
9205,225,500,17,early_first_window,1,0.0040000000000000036,0.02463928222656253,4.0,16.0
9206,225,500,17,early_first_window,1,0.0040000000000000036,0.02463928222656253,4.0,16.0
9207,225,500,17,early_first_window,1,0.0040000000000000036,0.02463928222656253,4.0,16.0
9208,225,500,17,early_first_window,1,0.0040000000000000036,0.02463928222656253,4.0,16.0
9209,225,500,17,early_first_window,1,0.0040000000000000036,0.02463928222656253,4.0,16.0
9210,225,500,17,early_first_window,1,0.0040000000000000036,0.02463928222656253,4.0,16.0
9211,225,500,17,early_first_window,1,0.0040000000000000036,0.02463928222656253,4.0,16.0
9212,225,500,17,early_first_window,1,0.0040000000000000036,0.02463928222656253,4.0,16.0
9213,225,500,17,early_first_window,1,0.0040000000000000036,0.02463928222656253,4.0,16.0
9214,225,500,17,early_first_window,1,0.0040000000000000036,0.02463928222656253,4.0,16.0
9215,225,500,17,early_first_window,1,0.0040000000000000036,0.02463928222656253,4.0,16.0
9216,225,500,17,early_first_window,1,0.0040000000000000036,0.02463928222656253,4.0,16.0
9217,225,500,17,early_first_window,1,0.0040000000000000036,0.02463928222656253,4.0,16.0
9218,225,500,17,early_first_window,1,0.0040000000000000036,0.02463928222656253,4.0,16.0
9219,225,500,17,early_first_window,1,0.0040000000000000036,0.02463928222656253,4.0,16.0
9220,225,500,17,early_first_window,1,0.0040000000000000036,0.02463928222656253,4.0,16.0
9221,225,500,17,early_first_window,1,0.0040000000000000036,0.02463928222656253,4.0,16.0
9222,225,500,17,early_first_window,1,0.0040000000000000036,0.02463928222656253,4.0,16.0
9223,225,500,17,early_first_window,1,0.0040000000000000036,0.02463928222656253,4.0,16.0
9224,225,500,17,early_first_window,1,0.0040000000000000036,0.02463928222656253,4.0,16.0
9225,225,500,17,early_first_window,1,0.0040000000000000036,0.02463928222656253,4.0,16.0
9226,225,500,17,early_first_window,1,0.0040000000000000036,0.02463928222656253,4.0,16.0
9227,225,500,17,early_first_window,1,0.0040000000000000036,0.02463928222656253,4.0,16.0
9228,225,500,17,early_first_window,1,0.0040000000000000036,0.02463928222656253,4.0,16.0
9229,225,500,17,early_first_window,1,0.0040000000000000036,0.02463928222656253,4.0,16.0
9230,225,500,17,early_first_window,1,0.0040000000000000036,0.02463928222656253,4.0,16.0
9231,225,500,17,early_first_window,1,0.0040000000000000036,0.02463928222656253,4.0,16.0
9232,225,500,17,early_first_window,1,0.0040000000000000036,0.02463928222656253,4.0,16.0
9233,225,500,17,early_first_window,1,0.0040000000000000036,0.02463928222656253,4.0,16.0
9234,225,500,17,early_first_window,1,0.0040000000000000036,0.02463928222656253,4.0,16.0
9235,225,500,17,early_first_window,1,0.0040000000000000036,0.02463928222656253,4.0,16.0
9236,225,500,17,early_first_window,1,0.0040000000000000036,0.02463928222656253,4.0,16.0
9237,225,500,17,early_first_window,1,0.0040000000000000036,0.02463928222656253,4.0,16.0
9238,225,500,17,early_first_window,1,0.0040000000000000036,0.02463928222656253,4.0,16.0
9239,225,500,17,early_first_window,1,0.0040000000000000036,0.02463928222656253,4.0,16.0
9240,226,500,110,early_first_window,1,0.736,-0.005935241699218663,46.0,25.0
9241,226,500,110,early_first_window,1,0.736,-0.005935241699218663,46.0,25.0
9242,226,500,110,early_first_window,1,0.736,-0.005935241699218663,46.0,25.0
9243,226,500,110,early_first_window,1,0.736,-0.005935241699218663,46.0,25.0
9244,226,500,110,early_first_window,1,0.736,-0.005935241699218663,46.0,25.0
9245,226,500,110,early_first_window,1,0.736,-0.005935241699218663,46.0,25.0
9246,226,500,110,early_first_window,1,0.736,-0.005935241699218663,46.0,25.0
9247,226,500,110,early_first_window,1,0.736,-0.005935241699218663,46.0,25.0
9248,226,500,110,early_first_window,1,0.736,-0.005935241699218663,46.0,25.0
9249,226,500,110,early_first_window,1,0.736,-0.005935241699218663,46.0,25.0
9250,226,500,110,early_first_window,1,0.736,-0.005935241699218663,46.0,25.0
9251,226,500,110,early_first_window,1,0.736,-0.005935241699218663,46.0,25.0
9252,226,500,110,early_first_window,1,0.736,-0.005935241699218663,46.0,25.0
9253,226,500,110,early_first_window,1,0.736,-0.005935241699218663,46.0,25.0
9254,226,500,110,early_first_window,1,0.736,-0.005935241699218663,46.0,25.0
9255,226,500,110,early_first_window,1,0.736,-0.005935241699218663,46.0,25.0
9256,226,500,110,early_first_window,1,0.736,-0.005935241699218663,46.0,25.0
9257,226,500,110,early_first_window,1,0.736,-0.005935241699218663,46.0,25.0
9258,226,500,110,early_first_window,1,0.736,-0.005935241699218663,46.0,25.0
9259,226,500,110,early_first_window,1,0.736,-0.005935241699218663,46.0,25.0
9260,226,500,110,early_first_window,1,0.736,-0.005935241699218663,46.0,25.0
9261,226,500,110,early_first_window,1,0.736,-0.005935241699218663,46.0,25.0
9262,226,500,110,early_first_window,1,0.736,-0.005935241699218663,46.0,25.0
9263,226,500,110,early_first_window,1,0.736,-0.005935241699218663,46.0,25.0
9264,226,500,110,early_first_window,1,0.736,-0.005935241699218663,46.0,25.0
9265,226,500,110,early_first_window,1,0.736,-0.005935241699218663,46.0,25.0
9266,226,500,110,early_first_window,1,0.736,-0.005935241699218663,46.0,25.0
9267,226,500,110,early_first_window,1,0.736,-0.005935241699218663,46.0,25.0
9268,226,500,110,early_first_window,1,0.736,-0.005935241699218663,46.0,25.0
9269,226,500,110,early_first_window,1,0.736,-0.005935241699218663,46.0,25.0
9270,226,500,110,early_first_window,1,0.736,-0.005935241699218663,46.0,25.0
9271,226,500,110,early_first_window,1,0.736,-0.005935241699218663,46.0,25.0
9272,226,500,110,early_first_window,1,0.736,-0.005935241699218663,46.0,25.0
9273,226,500,110,early_first_window,1,0.736,-0.005935241699218663,46.0,25.0
9274,226,500,110,early_first_window,1,0.736,-0.005935241699218663,46.0,25.0
9275,226,500,110,early_first_window,1,0.736,-0.005935241699218663,46.0,25.0
9276,226,500,110,early_first_window,1,0.736,-0.005935241699218663,46.0,25.0
9277,226,500,110,early_first_window,1,0.736,-0.005935241699218663,46.0,25.0
9278,226,500,110,early_first_window,1,0.736,-0.005935241699218663,46.0,25.0
9279,226,500,110,early_first_window,1,0.736,-0.005935241699218663,46.0,25.0
9280,227,500,100,early_first_window,1,0.63,-0.015427490234374952,60.0,25.0
9281,227,500,100,early_first_window,1,0.63,-0.015427490234374952,60.0,25.0
9282,227,500,100,early_first_window,1,0.63,-0.015427490234374952,60.0,25.0
9283,227,500,100,early_first_window,1,0.63,-0.015427490234374952,60.0,25.0
9284,227,500,100,early_first_window,1,0.63,-0.015427490234374952,60.0,25.0
9285,227,500,100,early_first_window,1,0.63,-0.015427490234374952,60.0,25.0
9286,227,500,100,early_first_window,1,0.63,-0.015427490234374952,60.0,25.0
9287,227,500,100,early_first_window,1,0.63,-0.015427490234374952,60.0,25.0
9288,227,500,100,early_first_window,1,0.63,-0.015427490234374952,60.0,25.0
9289,227,500,100,early_first_window,1,0.63,-0.015427490234374952,60.0,25.0
9290,227,500,100,early_first_window,1,0.63,-0.015427490234374952,60.0,25.0
9291,227,500,100,early_first_window,1,0.63,-0.015427490234374952,60.0,25.0
9292,227,500,100,early_first_window,1,0.63,-0.015427490234374952,60.0,25.0
9293,227,500,100,early_first_window,1,0.63,-0.015427490234374952,60.0,25.0
9294,227,500,100,early_first_window,1,0.63,-0.015427490234374952,60.0,25.0
9295,227,500,100,early_first_window,1,0.63,-0.015427490234374952,60.0,25.0
9296,227,500,100,early_first_window,1,0.63,-0.015427490234374952,60.0,25.0
9297,227,500,100,early_first_window,1,0.63,-0.015427490234374952,60.0,25.0
9298,227,500,100,early_first_window,1,0.63,-0.015427490234374952,60.0,25.0
9299,227,500,100,early_first_window,1,0.63,-0.015427490234374952,60.0,25.0
9300,227,500,100,early_first_window,1,0.63,-0.015427490234374952,60.0,25.0
9301,227,500,100,early_first_window,1,0.63,-0.015427490234374952,60.0,25.0
9302,227,500,100,early_first_window,1,0.63,-0.015427490234374952,60.0,25.0
9303,227,500,100,early_first_window,1,0.63,-0.015427490234374952,60.0,25.0
9304,227,500,100,early_first_window,1,0.63,-0.015427490234374952,60.0,25.0
9305,227,500,100,early_first_window,1,0.63,-0.015427490234374952,60.0,25.0
9306,227,500,100,early_first_window,1,0.63,-0.015427490234374952,60.0,25.0
9307,227,500,100,early_first_window,1,0.63,-0.015427490234374952,60.0,25.0
9308,227,500,100,early_first_window,1,0.63,-0.015427490234374952,60.0,25.0
9309,227,500,100,early_first_window,1,0.63,-0.015427490234374952,60.0,25.0
9310,227,500,100,early_first_window,1,0.63,-0.015427490234374952,60.0,25.0
9311,227,500,100,early_first_window,1,0.63,-0.015427490234374952,60.0,25.0
9312,227,500,100,early_first_window,1,0.63,-0.015427490234374952,60.0,25.0
9313,227,500,100,early_first_window,1,0.63,-0.015427490234374952,60.0,25.0
9314,227,500,100,early_first_window,1,0.63,-0.015427490234374952,60.0,25.0
9315,227,500,100,early_first_window,1,0.63,-0.015427490234374952,60.0,25.0
9316,227,500,100,early_first_window,1,0.63,-0.015427490234374952,60.0,25.0
9317,227,500,100,early_first_window,1,0.63,-0.015427490234374952,60.0,25.0
9318,227,500,100,early_first_window,1,0.63,-0.015427490234374952,60.0,25.0
9319,227,500,100,early_first_window,1,0.63,-0.015427490234374952,60.0,25.0
9320,228,500,93,early_first_window,1,0.778,-0.061582275390624996,50.0,12.0
9321,228,500,93,early_first_window,1,0.778,-0.061582275390624996,50.0,12.0
9322,228,500,93,early_first_window,1,0.778,-0.061582275390624996,50.0,12.0
9323,228,500,93,early_first_window,1,0.778,-0.061582275390624996,50.0,12.0
9324,228,500,93,early_first_window,1,0.778,-0.061582275390624996,50.0,12.0
9325,228,500,93,early_first_window,1,0.778,-0.061582275390624996,50.0,12.0
9326,228,500,93,early_first_window,1,0.778,-0.061582275390624996,50.0,12.0
9327,228,500,93,early_first_window,1,0.778,-0.061582275390624996,50.0,12.0
9328,228,500,93,early_first_window,1,0.778,-0.061582275390624996,50.0,12.0
9329,228,500,93,early_first_window,1,0.778,-0.061582275390624996,50.0,12.0
9330,228,500,93,early_first_window,1,0.778,-0.061582275390624996,50.0,12.0
9331,228,500,93,early_first_window,1,0.778,-0.061582275390624996,50.0,12.0
9332,228,500,93,early_first_window,1,0.778,-0.061582275390624996,50.0,12.0
9333,228,500,93,early_first_window,1,0.778,-0.061582275390624996,50.0,12.0
9334,228,500,93,early_first_window,1,0.778,-0.061582275390624996,50.0,12.0
9335,228,500,93,early_first_window,1,0.778,-0.061582275390624996,50.0,12.0
9336,228,500,93,early_first_window,1,0.778,-0.061582275390624996,50.0,12.0
9337,228,500,93,early_first_window,1,0.778,-0.061582275390624996,50.0,12.0
9338,228,500,93,early_first_window,1,0.778,-0.061582275390624996,50.0,12.0
9339,228,500,93,early_first_window,1,0.778,-0.061582275390624996,50.0,12.0
9340,228,500,93,early_first_window,1,0.778,-0.061582275390624996,50.0,12.0
9341,228,500,93,early_first_window,1,0.778,-0.061582275390624996,50.0,12.0
9342,228,500,93,early_first_window,1,0.778,-0.061582275390624996,50.0,12.0
9343,228,500,93,early_first_window,1,0.778,-0.061582275390624996,50.0,12.0
9344,228,500,93,early_first_window,1,0.778,-0.061582275390624996,50.0,12.0
9345,228,500,93,early_first_window,1,0.778,-0.061582275390624996,50.0,12.0
9346,228,500,93,early_first_window,1,0.778,-0.061582275390624996,50.0,12.0
9347,228,500,93,early_first_window,1,0.778,-0.061582275390624996,50.0,12.0
9348,228,500,93,early_first_window,1,0.778,-0.061582275390624996,50.0,12.0
9349,228,500,93,early_first_window,1,0.778,-0.061582275390624996,50.0,12.0
9350,228,500,93,early_first_window,1,0.778,-0.061582275390624996,50.0,12.0
9351,228,500,93,early_first_window,1,0.778,-0.061582275390624996,50.0,12.0
9352,228,500,93,early_first_window,1,0.778,-0.061582275390624996,50.0,12.0
9353,228,500,93,early_first_window,1,0.778,-0.061582275390624996,50.0,12.0
9354,228,500,93,early_first_window,1,0.778,-0.061582275390624996,50.0,12.0
9355,228,500,93,early_first_window,1,0.778,-0.061582275390624996,50.0,12.0
9356,228,500,93,early_first_window,1,0.778,-0.061582275390624996,50.0,12.0
9357,228,500,93,early_first_window,1,0.778,-0.061582275390624996,50.0,12.0
9358,228,500,93,early_first_window,1,0.778,-0.061582275390624996,50.0,12.0
9359,228,500,93,early_first_window,1,0.778,-0.061582275390624996,50.0,12.0
9360,229,500,16,early_first_window,1,0.0020000000000000018,0.005555053710937452,0.0,15.0
9361,229,500,16,early_first_window,1,0.0020000000000000018,0.005555053710937452,0.0,15.0
9362,229,500,16,early_first_window,1,0.0020000000000000018,0.005555053710937452,0.0,15.0
9363,229,500,16,early_first_window,1,0.0020000000000000018,0.005555053710937452,0.0,15.0
9364,229,500,16,early_first_window,1,0.0020000000000000018,0.005555053710937452,0.0,15.0
9365,229,500,16,early_first_window,1,0.0020000000000000018,0.005555053710937452,0.0,15.0
9366,229,500,16,early_first_window,1,0.0020000000000000018,0.005555053710937452,0.0,15.0
9367,229,500,16,early_first_window,1,0.0020000000000000018,0.005555053710937452,0.0,15.0
9368,229,500,16,early_first_window,1,0.0020000000000000018,0.005555053710937452,0.0,15.0
9369,229,500,16,early_first_window,1,0.0020000000000000018,0.005555053710937452,0.0,15.0
9370,229,500,16,early_first_window,1,0.0020000000000000018,0.005555053710937452,0.0,15.0
9371,229,500,16,early_first_window,1,0.0020000000000000018,0.005555053710937452,0.0,15.0
9372,229,500,16,early_first_window,1,0.0020000000000000018,0.005555053710937452,0.0,15.0
9373,229,500,16,early_first_window,1,0.0020000000000000018,0.005555053710937452,0.0,15.0
9374,229,500,16,early_first_window,1,0.0020000000000000018,0.005555053710937452,0.0,15.0
9375,229,500,16,early_first_window,1,0.0020000000000000018,0.005555053710937452,0.0,15.0
9376,229,500,16,early_first_window,1,0.0020000000000000018,0.005555053710937452,0.0,15.0
9377,229,500,16,early_first_window,1,0.0020000000000000018,0.005555053710937452,0.0,15.0
9378,229,500,16,early_first_window,1,0.0020000000000000018,0.005555053710937452,0.0,15.0
9379,229,500,16,early_first_window,1,0.0020000000000000018,0.005555053710937452,0.0,15.0
9380,229,500,16,early_first_window,1,0.0020000000000000018,0.005555053710937452,0.0,15.0
9381,229,500,16,early_first_window,1,0.0020000000000000018,0.005555053710937452,0.0,15.0
9382,229,500,16,early_first_window,1,0.0020000000000000018,0.005555053710937452,0.0,15.0
9383,229,500,16,early_first_window,1,0.0020000000000000018,0.005555053710937452,0.0,15.0
9384,229,500,16,early_first_window,1,0.0020000000000000018,0.005555053710937452,0.0,15.0
9385,229,500,16,early_first_window,1,0.0020000000000000018,0.005555053710937452,0.0,15.0
9386,229,500,16,early_first_window,1,0.0020000000000000018,0.005555053710937452,0.0,15.0
9387,229,500,16,early_first_window,1,0.0020000000000000018,0.005555053710937452,0.0,15.0
9388,229,500,16,early_first_window,1,0.0020000000000000018,0.005555053710937452,0.0,15.0
9389,229,500,16,early_first_window,1,0.0020000000000000018,0.005555053710937452,0.0,15.0
9390,229,500,16,early_first_window,1,0.0020000000000000018,0.005555053710937452,0.0,15.0
9391,229,500,16,early_first_window,1,0.0020000000000000018,0.005555053710937452,0.0,15.0
9392,229,500,16,early_first_window,1,0.0020000000000000018,0.005555053710937452,0.0,15.0
9393,229,500,16,early_first_window,1,0.0020000000000000018,0.005555053710937452,0.0,15.0
9394,229,500,16,early_first_window,1,0.0020000000000000018,0.005555053710937452,0.0,15.0
9395,229,500,16,early_first_window,1,0.0020000000000000018,0.005555053710937452,0.0,15.0
9396,229,500,16,early_first_window,1,0.0020000000000000018,0.005555053710937452,0.0,15.0
9397,229,500,16,early_first_window,1,0.0020000000000000018,0.005555053710937452,0.0,15.0
9398,229,500,16,early_first_window,1,0.0020000000000000018,0.005555053710937452,0.0,15.0
9399,229,500,16,early_first_window,1,0.0020000000000000018,0.005555053710937452,0.0,15.0
9400,230,500,12,early_first_window,1,0.0020000000000000018,0.006311645507812491,0.0,11.0
9401,230,500,12,early_first_window,1,0.0020000000000000018,0.006311645507812491,0.0,11.0
9402,230,500,12,early_first_window,1,0.0020000000000000018,0.006311645507812491,0.0,11.0
9403,230,500,12,early_first_window,1,0.0020000000000000018,0.006311645507812491,0.0,11.0
9404,230,500,12,early_first_window,1,0.0020000000000000018,0.006311645507812491,0.0,11.0
9405,230,500,12,early_first_window,1,0.0020000000000000018,0.006311645507812491,0.0,11.0
9406,230,500,12,early_first_window,1,0.0020000000000000018,0.006311645507812491,0.0,11.0
9407,230,500,12,early_first_window,1,0.0020000000000000018,0.006311645507812491,0.0,11.0
9408,230,500,12,early_first_window,1,0.0020000000000000018,0.006311645507812491,0.0,11.0
9409,230,500,12,early_first_window,1,0.0020000000000000018,0.006311645507812491,0.0,11.0
9410,230,500,12,early_first_window,1,0.0020000000000000018,0.006311645507812491,0.0,11.0
9411,230,500,12,early_first_window,1,0.0020000000000000018,0.006311645507812491,0.0,11.0
9412,230,500,12,early_first_window,1,0.0020000000000000018,0.006311645507812491,0.0,11.0
9413,230,500,12,early_first_window,1,0.0020000000000000018,0.006311645507812491,0.0,11.0
9414,230,500,12,early_first_window,1,0.0020000000000000018,0.006311645507812491,0.0,11.0
9415,230,500,12,early_first_window,1,0.0020000000000000018,0.006311645507812491,0.0,11.0
9416,230,500,12,early_first_window,1,0.0020000000000000018,0.006311645507812491,0.0,11.0
9417,230,500,12,early_first_window,1,0.0020000000000000018,0.006311645507812491,0.0,11.0
9418,230,500,12,early_first_window,1,0.0020000000000000018,0.006311645507812491,0.0,11.0
9419,230,500,12,early_first_window,1,0.0020000000000000018,0.006311645507812491,0.0,11.0
9420,230,500,12,early_first_window,1,0.0020000000000000018,0.006311645507812491,0.0,11.0
9421,230,500,12,early_first_window,1,0.0020000000000000018,0.006311645507812491,0.0,11.0
9422,230,500,12,early_first_window,1,0.0020000000000000018,0.006311645507812491,0.0,11.0
9423,230,500,12,early_first_window,1,0.0020000000000000018,0.006311645507812491,0.0,11.0
9424,230,500,12,early_first_window,1,0.0020000000000000018,0.006311645507812491,0.0,11.0
9425,230,500,12,early_first_window,1,0.0020000000000000018,0.006311645507812491,0.0,11.0
9426,230,500,12,early_first_window,1,0.0020000000000000018,0.006311645507812491,0.0,11.0
9427,230,500,12,early_first_window,1,0.0020000000000000018,0.006311645507812491,0.0,11.0
9428,230,500,12,early_first_window,1,0.0020000000000000018,0.006311645507812491,0.0,11.0
9429,230,500,12,early_first_window,1,0.0020000000000000018,0.006311645507812491,0.0,11.0
9430,230,500,12,early_first_window,1,0.0020000000000000018,0.006311645507812491,0.0,11.0
9431,230,500,12,early_first_window,1,0.0020000000000000018,0.006311645507812491,0.0,11.0
9432,230,500,12,early_first_window,1,0.0020000000000000018,0.006311645507812491,0.0,11.0
9433,230,500,12,early_first_window,1,0.0020000000000000018,0.006311645507812491,0.0,11.0
9434,230,500,12,early_first_window,1,0.0020000000000000018,0.006311645507812491,0.0,11.0
9435,230,500,12,early_first_window,1,0.0020000000000000018,0.006311645507812491,0.0,11.0
9436,230,500,12,early_first_window,1,0.0020000000000000018,0.006311645507812491,0.0,11.0
9437,230,500,12,early_first_window,1,0.0020000000000000018,0.006311645507812491,0.0,11.0
9438,230,500,12,early_first_window,1,0.0020000000000000018,0.006311645507812491,0.0,11.0
9439,230,500,12,early_first_window,1,0.0020000000000000018,0.006311645507812491,0.0,11.0
9440,231,500,12,early_first_window,1,0.0020000000000000018,0.006311645507812491,0.0,11.0
9441,231,500,12,early_first_window,1,0.0020000000000000018,0.006311645507812491,0.0,11.0
9442,231,500,12,early_first_window,1,0.0020000000000000018,0.006311645507812491,0.0,11.0
9443,231,500,12,early_first_window,1,0.0020000000000000018,0.006311645507812491,0.0,11.0
9444,231,500,12,early_first_window,1,0.0020000000000000018,0.006311645507812491,0.0,11.0
9445,231,500,12,early_first_window,1,0.0020000000000000018,0.006311645507812491,0.0,11.0
9446,231,500,12,early_first_window,1,0.0020000000000000018,0.006311645507812491,0.0,11.0
9447,231,500,12,early_first_window,1,0.0020000000000000018,0.006311645507812491,0.0,11.0
9448,231,500,12,early_first_window,1,0.0020000000000000018,0.006311645507812491,0.0,11.0
9449,231,500,12,early_first_window,1,0.0020000000000000018,0.006311645507812491,0.0,11.0
9450,231,500,12,early_first_window,1,0.0020000000000000018,0.006311645507812491,0.0,11.0
9451,231,500,12,early_first_window,1,0.0020000000000000018,0.006311645507812491,0.0,11.0
9452,231,500,12,early_first_window,1,0.0020000000000000018,0.006311645507812491,0.0,11.0
9453,231,500,12,early_first_window,1,0.0020000000000000018,0.006311645507812491,0.0,11.0
9454,231,500,12,early_first_window,1,0.0020000000000000018,0.006311645507812491,0.0,11.0
9455,231,500,12,early_first_window,1,0.0020000000000000018,0.006311645507812491,0.0,11.0
9456,231,500,12,early_first_window,1,0.0020000000000000018,0.006311645507812491,0.0,11.0
9457,231,500,12,early_first_window,1,0.0020000000000000018,0.006311645507812491,0.0,11.0
9458,231,500,12,early_first_window,1,0.0020000000000000018,0.006311645507812491,0.0,11.0
9459,231,500,12,early_first_window,1,0.0020000000000000018,0.006311645507812491,0.0,11.0
9460,231,500,12,early_first_window,1,0.0020000000000000018,0.006311645507812491,0.0,11.0
9461,231,500,12,early_first_window,1,0.0020000000000000018,0.006311645507812491,0.0,11.0
9462,231,500,12,early_first_window,1,0.0020000000000000018,0.006311645507812491,0.0,11.0
9463,231,500,12,early_first_window,1,0.0020000000000000018,0.006311645507812491,0.0,11.0
9464,231,500,12,early_first_window,1,0.0020000000000000018,0.006311645507812491,0.0,11.0
9465,231,500,12,early_first_window,1,0.0020000000000000018,0.006311645507812491,0.0,11.0
9466,231,500,12,early_first_window,1,0.0020000000000000018,0.006311645507812491,0.0,11.0
9467,231,500,12,early_first_window,1,0.0020000000000000018,0.006311645507812491,0.0,11.0
9468,231,500,12,early_first_window,1,0.0020000000000000018,0.006311645507812491,0.0,11.0
9469,231,500,12,early_first_window,1,0.0020000000000000018,0.006311645507812491,0.0,11.0
9470,231,500,12,early_first_window,1,0.0020000000000000018,0.006311645507812491,0.0,11.0
9471,231,500,12,early_first_window,1,0.0020000000000000018,0.006311645507812491,0.0,11.0
9472,231,500,12,early_first_window,1,0.0020000000000000018,0.006311645507812491,0.0,11.0
9473,231,500,12,early_first_window,1,0.0020000000000000018,0.006311645507812491,0.0,11.0
9474,231,500,12,early_first_window,1,0.0020000000000000018,0.006311645507812491,0.0,11.0
9475,231,500,12,early_first_window,1,0.0020000000000000018,0.006311645507812491,0.0,11.0
9476,231,500,12,early_first_window,1,0.0020000000000000018,0.006311645507812491,0.0,11.0
9477,231,500,12,early_first_window,1,0.0020000000000000018,0.006311645507812491,0.0,11.0
9478,231,500,12,early_first_window,1,0.0020000000000000018,0.006311645507812491,0.0,11.0
9479,231,500,12,early_first_window,1,0.0020000000000000018,0.006311645507812491,0.0,11.0
9480,232,500,28,early_first_window,1,0.01200000000000001,0.022390075683593746,11.0,26.0
9481,232,500,28,early_first_window,1,0.01200000000000001,0.022390075683593746,11.0,26.0
9482,232,500,28,early_first_window,1,0.01200000000000001,0.022390075683593746,11.0,26.0
9483,232,500,28,early_first_window,1,0.01200000000000001,0.022390075683593746,11.0,26.0
9484,232,500,28,early_first_window,1,0.01200000000000001,0.022390075683593746,11.0,26.0
9485,232,500,28,early_first_window,1,0.01200000000000001,0.022390075683593746,11.0,26.0
9486,232,500,28,early_first_window,1,0.01200000000000001,0.022390075683593746,11.0,26.0
9487,232,500,28,early_first_window,1,0.01200000000000001,0.022390075683593746,11.0,26.0
9488,232,500,28,early_first_window,1,0.01200000000000001,0.022390075683593746,11.0,26.0
9489,232,500,28,early_first_window,1,0.01200000000000001,0.022390075683593746,11.0,26.0
9490,232,500,28,early_first_window,1,0.01200000000000001,0.022390075683593746,11.0,26.0
9491,232,500,28,early_first_window,1,0.01200000000000001,0.022390075683593746,11.0,26.0
9492,232,500,28,early_first_window,1,0.01200000000000001,0.022390075683593746,11.0,26.0
9493,232,500,28,early_first_window,1,0.01200000000000001,0.022390075683593746,11.0,26.0
9494,232,500,28,early_first_window,1,0.01200000000000001,0.022390075683593746,11.0,26.0
9495,232,500,28,early_first_window,1,0.01200000000000001,0.022390075683593746,11.0,26.0
9496,232,500,28,early_first_window,1,0.01200000000000001,0.022390075683593746,11.0,26.0
9497,232,500,28,early_first_window,1,0.01200000000000001,0.022390075683593746,11.0,26.0
9498,232,500,28,early_first_window,1,0.01200000000000001,0.022390075683593746,11.0,26.0
9499,232,500,28,early_first_window,1,0.01200000000000001,0.022390075683593746,11.0,26.0
9500,232,500,28,early_first_window,1,0.01200000000000001,0.022390075683593746,11.0,26.0
9501,232,500,28,early_first_window,1,0.01200000000000001,0.022390075683593746,11.0,26.0
9502,232,500,28,early_first_window,1,0.01200000000000001,0.022390075683593746,11.0,26.0
9503,232,500,28,early_first_window,1,0.01200000000000001,0.022390075683593746,11.0,26.0
9504,232,500,28,early_first_window,1,0.01200000000000001,0.022390075683593746,11.0,26.0
9505,232,500,28,early_first_window,1,0.01200000000000001,0.022390075683593746,11.0,26.0
9506,232,500,28,early_first_window,1,0.01200000000000001,0.022390075683593746,11.0,26.0
9507,232,500,28,early_first_window,1,0.01200000000000001,0.022390075683593746,11.0,26.0
9508,232,500,28,early_first_window,1,0.01200000000000001,0.022390075683593746,11.0,26.0
9509,232,500,28,early_first_window,1,0.01200000000000001,0.022390075683593746,11.0,26.0
9510,232,500,28,early_first_window,1,0.01200000000000001,0.022390075683593746,11.0,26.0
9511,232,500,28,early_first_window,1,0.01200000000000001,0.022390075683593746,11.0,26.0
9512,232,500,28,early_first_window,1,0.01200000000000001,0.022390075683593746,11.0,26.0
9513,232,500,28,early_first_window,1,0.01200000000000001,0.022390075683593746,11.0,26.0
9514,232,500,28,early_first_window,1,0.01200000000000001,0.022390075683593746,11.0,26.0
9515,232,500,28,early_first_window,1,0.01200000000000001,0.022390075683593746,11.0,26.0
9516,232,500,28,early_first_window,1,0.01200000000000001,0.022390075683593746,11.0,26.0
9517,232,500,28,early_first_window,1,0.01200000000000001,0.022390075683593746,11.0,26.0
9518,232,500,28,early_first_window,1,0.01200000000000001,0.022390075683593746,11.0,26.0
9519,232,500,28,early_first_window,1,0.01200000000000001,0.022390075683593746,11.0,26.0
9520,233,500,12,early_first_window,1,0.0020000000000000018,0.006311645507812491,0.0,11.0
9521,233,500,12,early_first_window,1,0.0020000000000000018,0.006311645507812491,0.0,11.0
9522,233,500,12,early_first_window,1,0.0020000000000000018,0.006311645507812491,0.0,11.0
9523,233,500,12,early_first_window,1,0.0020000000000000018,0.006311645507812491,0.0,11.0
9524,233,500,12,early_first_window,1,0.0020000000000000018,0.006311645507812491,0.0,11.0
9525,233,500,12,early_first_window,1,0.0020000000000000018,0.006311645507812491,0.0,11.0
9526,233,500,12,early_first_window,1,0.0020000000000000018,0.006311645507812491,0.0,11.0
9527,233,500,12,early_first_window,1,0.0020000000000000018,0.006311645507812491,0.0,11.0
9528,233,500,12,early_first_window,1,0.0020000000000000018,0.006311645507812491,0.0,11.0
9529,233,500,12,early_first_window,1,0.0020000000000000018,0.006311645507812491,0.0,11.0
9530,233,500,12,early_first_window,1,0.0020000000000000018,0.006311645507812491,0.0,11.0
9531,233,500,12,early_first_window,1,0.0020000000000000018,0.006311645507812491,0.0,11.0
9532,233,500,12,early_first_window,1,0.0020000000000000018,0.006311645507812491,0.0,11.0
9533,233,500,12,early_first_window,1,0.0020000000000000018,0.006311645507812491,0.0,11.0
9534,233,500,12,early_first_window,1,0.0020000000000000018,0.006311645507812491,0.0,11.0
9535,233,500,12,early_first_window,1,0.0020000000000000018,0.006311645507812491,0.0,11.0
9536,233,500,12,early_first_window,1,0.0020000000000000018,0.006311645507812491,0.0,11.0
9537,233,500,12,early_first_window,1,0.0020000000000000018,0.006311645507812491,0.0,11.0
9538,233,500,12,early_first_window,1,0.0020000000000000018,0.006311645507812491,0.0,11.0
9539,233,500,12,early_first_window,1,0.0020000000000000018,0.006311645507812491,0.0,11.0
9540,233,500,12,early_first_window,1,0.0020000000000000018,0.006311645507812491,0.0,11.0
9541,233,500,12,early_first_window,1,0.0020000000000000018,0.006311645507812491,0.0,11.0
9542,233,500,12,early_first_window,1,0.0020000000000000018,0.006311645507812491,0.0,11.0
9543,233,500,12,early_first_window,1,0.0020000000000000018,0.006311645507812491,0.0,11.0
9544,233,500,12,early_first_window,1,0.0020000000000000018,0.006311645507812491,0.0,11.0
9545,233,500,12,early_first_window,1,0.0020000000000000018,0.006311645507812491,0.0,11.0
9546,233,500,12,early_first_window,1,0.0020000000000000018,0.006311645507812491,0.0,11.0
9547,233,500,12,early_first_window,1,0.0020000000000000018,0.006311645507812491,0.0,11.0
9548,233,500,12,early_first_window,1,0.0020000000000000018,0.006311645507812491,0.0,11.0
9549,233,500,12,early_first_window,1,0.0020000000000000018,0.006311645507812491,0.0,11.0
9550,233,500,12,early_first_window,1,0.0020000000000000018,0.006311645507812491,0.0,11.0
9551,233,500,12,early_first_window,1,0.0020000000000000018,0.006311645507812491,0.0,11.0
9552,233,500,12,early_first_window,1,0.0020000000000000018,0.006311645507812491,0.0,11.0
9553,233,500,12,early_first_window,1,0.0020000000000000018,0.006311645507812491,0.0,11.0
9554,233,500,12,early_first_window,1,0.0020000000000000018,0.006311645507812491,0.0,11.0
9555,233,500,12,early_first_window,1,0.0020000000000000018,0.006311645507812491,0.0,11.0
9556,233,500,12,early_first_window,1,0.0020000000000000018,0.006311645507812491,0.0,11.0
9557,233,500,12,early_first_window,1,0.0020000000000000018,0.006311645507812491,0.0,11.0
9558,233,500,12,early_first_window,1,0.0020000000000000018,0.006311645507812491,0.0,11.0
9559,233,500,12,early_first_window,1,0.0020000000000000018,0.006311645507812491,0.0,11.0
9560,234,500,109,early_first_window,1,0.724,-0.021442626953124932,49.0,25.0
9561,234,500,109,early_first_window,1,0.724,-0.021442626953124932,49.0,25.0
9562,234,500,109,early_first_window,1,0.724,-0.021442626953124932,49.0,25.0
9563,234,500,109,early_first_window,1,0.724,-0.021442626953124932,49.0,25.0
9564,234,500,109,early_first_window,1,0.724,-0.021442626953124932,49.0,25.0
9565,234,500,109,early_first_window,1,0.724,-0.021442626953124932,49.0,25.0
9566,234,500,109,early_first_window,1,0.724,-0.021442626953124932,49.0,25.0
9567,234,500,109,early_first_window,1,0.724,-0.021442626953124932,49.0,25.0
9568,234,500,109,early_first_window,1,0.724,-0.021442626953124932,49.0,25.0
9569,234,500,109,early_first_window,1,0.724,-0.021442626953124932,49.0,25.0
9570,234,500,109,early_first_window,1,0.724,-0.021442626953124932,49.0,25.0
9571,234,500,109,early_first_window,1,0.724,-0.021442626953124932,49.0,25.0
9572,234,500,109,early_first_window,1,0.724,-0.021442626953124932,49.0,25.0
9573,234,500,109,early_first_window,1,0.724,-0.021442626953124932,49.0,25.0
9574,234,500,109,early_first_window,1,0.724,-0.021442626953124932,49.0,25.0
9575,234,500,109,early_first_window,1,0.724,-0.021442626953124932,49.0,25.0
9576,234,500,109,early_first_window,1,0.724,-0.021442626953124932,49.0,25.0
9577,234,500,109,early_first_window,1,0.724,-0.021442626953124932,49.0,25.0
9578,234,500,109,early_first_window,1,0.724,-0.021442626953124932,49.0,25.0
9579,234,500,109,early_first_window,1,0.724,-0.021442626953124932,49.0,25.0
9580,234,500,109,early_first_window,1,0.724,-0.021442626953124932,49.0,25.0
9581,234,500,109,early_first_window,1,0.724,-0.021442626953124932,49.0,25.0
9582,234,500,109,early_first_window,1,0.724,-0.021442626953124932,49.0,25.0
9583,234,500,109,early_first_window,1,0.724,-0.021442626953124932,49.0,25.0
9584,234,500,109,early_first_window,1,0.724,-0.021442626953124932,49.0,25.0
9585,234,500,109,early_first_window,1,0.724,-0.021442626953124932,49.0,25.0
9586,234,500,109,early_first_window,1,0.724,-0.021442626953124932,49.0,25.0
9587,234,500,109,early_first_window,1,0.724,-0.021442626953124932,49.0,25.0
9588,234,500,109,early_first_window,1,0.724,-0.021442626953124932,49.0,25.0
9589,234,500,109,early_first_window,1,0.724,-0.021442626953124932,49.0,25.0
9590,234,500,109,early_first_window,1,0.724,-0.021442626953124932,49.0,25.0
9591,234,500,109,early_first_window,1,0.724,-0.021442626953124932,49.0,25.0
9592,234,500,109,early_first_window,1,0.724,-0.021442626953124932,49.0,25.0
9593,234,500,109,early_first_window,1,0.724,-0.021442626953124932,49.0,25.0
9594,234,500,109,early_first_window,1,0.724,-0.021442626953124932,49.0,25.0
9595,234,500,109,early_first_window,1,0.724,-0.021442626953124932,49.0,25.0
9596,234,500,109,early_first_window,1,0.724,-0.021442626953124932,49.0,25.0
9597,234,500,109,early_first_window,1,0.724,-0.021442626953124932,49.0,25.0
9598,234,500,109,early_first_window,1,0.724,-0.021442626953124932,49.0,25.0
9599,234,500,109,early_first_window,1,0.724,-0.021442626953124932,49.0,25.0
9600,235,500,124,early_first_window,1,0.762,-0.05118823242187509,52.0,25.0
9601,235,500,124,early_first_window,1,0.762,-0.05118823242187509,52.0,25.0
9602,235,500,124,early_first_window,1,0.762,-0.05118823242187509,52.0,25.0
9603,235,500,124,early_first_window,1,0.762,-0.05118823242187509,52.0,25.0
9604,235,500,124,early_first_window,1,0.762,-0.05118823242187509,52.0,25.0
9605,235,500,124,early_first_window,1,0.762,-0.05118823242187509,52.0,25.0
9606,235,500,124,early_first_window,1,0.762,-0.05118823242187509,52.0,25.0
9607,235,500,124,early_first_window,1,0.762,-0.05118823242187509,52.0,25.0
9608,235,500,124,early_first_window,1,0.762,-0.05118823242187509,52.0,25.0
9609,235,500,124,early_first_window,1,0.762,-0.05118823242187509,52.0,25.0
9610,235,500,124,early_first_window,1,0.762,-0.05118823242187509,52.0,25.0
9611,235,500,124,early_first_window,1,0.762,-0.05118823242187509,52.0,25.0
9612,235,500,124,early_first_window,1,0.762,-0.05118823242187509,52.0,25.0
9613,235,500,124,early_first_window,1,0.762,-0.05118823242187509,52.0,25.0
9614,235,500,124,early_first_window,1,0.762,-0.05118823242187509,52.0,25.0
9615,235,500,124,early_first_window,1,0.762,-0.05118823242187509,52.0,25.0
9616,235,500,124,early_first_window,1,0.762,-0.05118823242187509,52.0,25.0
9617,235,500,124,early_first_window,1,0.762,-0.05118823242187509,52.0,25.0
9618,235,500,124,early_first_window,1,0.762,-0.05118823242187509,52.0,25.0
9619,235,500,124,early_first_window,1,0.762,-0.05118823242187509,52.0,25.0
9620,235,500,124,early_first_window,1,0.762,-0.05118823242187509,52.0,25.0
9621,235,500,124,early_first_window,1,0.762,-0.05118823242187509,52.0,25.0
9622,235,500,124,early_first_window,1,0.762,-0.05118823242187509,52.0,25.0
9623,235,500,124,early_first_window,1,0.762,-0.05118823242187509,52.0,25.0
9624,235,500,124,early_first_window,1,0.762,-0.05118823242187509,52.0,25.0
9625,235,500,124,early_first_window,1,0.762,-0.05118823242187509,52.0,25.0
9626,235,500,124,early_first_window,1,0.762,-0.05118823242187509,52.0,25.0
9627,235,500,124,early_first_window,1,0.762,-0.05118823242187509,52.0,25.0
9628,235,500,124,early_first_window,1,0.762,-0.05118823242187509,52.0,25.0
9629,235,500,124,early_first_window,1,0.762,-0.05118823242187509,52.0,25.0
9630,235,500,124,early_first_window,1,0.762,-0.05118823242187509,52.0,25.0
9631,235,500,124,early_first_window,1,0.762,-0.05118823242187509,52.0,25.0
9632,235,500,124,early_first_window,1,0.762,-0.05118823242187509,52.0,25.0
9633,235,500,124,early_first_window,1,0.762,-0.05118823242187509,52.0,25.0
9634,235,500,124,early_first_window,1,0.762,-0.05118823242187509,52.0,25.0
9635,235,500,124,early_first_window,1,0.762,-0.05118823242187509,52.0,25.0
9636,235,500,124,early_first_window,1,0.762,-0.05118823242187509,52.0,25.0
9637,235,500,124,early_first_window,1,0.762,-0.05118823242187509,52.0,25.0
9638,235,500,124,early_first_window,1,0.762,-0.05118823242187509,52.0,25.0
9639,235,500,124,early_first_window,1,0.762,-0.05118823242187509,52.0,25.0
9640,236,500,100,early_first_window,1,0.772,-0.015427490234374952,45.0,25.0
9641,236,500,100,early_first_window,1,0.772,-0.015427490234374952,45.0,25.0
9642,236,500,100,early_first_window,1,0.772,-0.015427490234374952,45.0,25.0
9643,236,500,100,early_first_window,1,0.772,-0.015427490234374952,45.0,25.0
9644,236,500,100,early_first_window,1,0.772,-0.015427490234374952,45.0,25.0
9645,236,500,100,early_first_window,1,0.772,-0.015427490234374952,45.0,25.0
9646,236,500,100,early_first_window,1,0.772,-0.015427490234374952,45.0,25.0
9647,236,500,100,early_first_window,1,0.772,-0.015427490234374952,45.0,25.0
9648,236,500,100,early_first_window,1,0.772,-0.015427490234374952,45.0,25.0
9649,236,500,100,early_first_window,1,0.772,-0.015427490234374952,45.0,25.0
9650,236,500,100,early_first_window,1,0.772,-0.015427490234374952,45.0,25.0
9651,236,500,100,early_first_window,1,0.772,-0.015427490234374952,45.0,25.0
9652,236,500,100,early_first_window,1,0.772,-0.015427490234374952,45.0,25.0
9653,236,500,100,early_first_window,1,0.772,-0.015427490234374952,45.0,25.0
9654,236,500,100,early_first_window,1,0.772,-0.015427490234374952,45.0,25.0
9655,236,500,100,early_first_window,1,0.772,-0.015427490234374952,45.0,25.0
9656,236,500,100,early_first_window,1,0.772,-0.015427490234374952,45.0,25.0
9657,236,500,100,early_first_window,1,0.772,-0.015427490234374952,45.0,25.0
9658,236,500,100,early_first_window,1,0.772,-0.015427490234374952,45.0,25.0
9659,236,500,100,early_first_window,1,0.772,-0.015427490234374952,45.0,25.0
9660,236,500,100,early_first_window,1,0.772,-0.015427490234374952,45.0,25.0
9661,236,500,100,early_first_window,1,0.772,-0.015427490234374952,45.0,25.0
9662,236,500,100,early_first_window,1,0.772,-0.015427490234374952,45.0,25.0
9663,236,500,100,early_first_window,1,0.772,-0.015427490234374952,45.0,25.0
9664,236,500,100,early_first_window,1,0.772,-0.015427490234374952,45.0,25.0
9665,236,500,100,early_first_window,1,0.772,-0.015427490234374952,45.0,25.0
9666,236,500,100,early_first_window,1,0.772,-0.015427490234374952,45.0,25.0
9667,236,500,100,early_first_window,1,0.772,-0.015427490234374952,45.0,25.0
9668,236,500,100,early_first_window,1,0.772,-0.015427490234374952,45.0,25.0
9669,236,500,100,early_first_window,1,0.772,-0.015427490234374952,45.0,25.0
9670,236,500,100,early_first_window,1,0.772,-0.015427490234374952,45.0,25.0
9671,236,500,100,early_first_window,1,0.772,-0.015427490234374952,45.0,25.0
9672,236,500,100,early_first_window,1,0.772,-0.015427490234374952,45.0,25.0
9673,236,500,100,early_first_window,1,0.772,-0.015427490234374952,45.0,25.0
9674,236,500,100,early_first_window,1,0.772,-0.015427490234374952,45.0,25.0
9675,236,500,100,early_first_window,1,0.772,-0.015427490234374952,45.0,25.0
9676,236,500,100,early_first_window,1,0.772,-0.015427490234374952,45.0,25.0
9677,236,500,100,early_first_window,1,0.772,-0.015427490234374952,45.0,25.0
9678,236,500,100,early_first_window,1,0.772,-0.015427490234374952,45.0,25.0
9679,236,500,100,early_first_window,1,0.772,-0.015427490234374952,45.0,25.0
9680,237,500,106,early_first_window,1,0.768,-0.050420654296875034,41.0,26.0
9681,237,500,106,early_first_window,1,0.768,-0.050420654296875034,41.0,26.0
9682,237,500,106,early_first_window,1,0.768,-0.050420654296875034,41.0,26.0
9683,237,500,106,early_first_window,1,0.768,-0.050420654296875034,41.0,26.0
9684,237,500,106,early_first_window,1,0.768,-0.050420654296875034,41.0,26.0
9685,237,500,106,early_first_window,1,0.768,-0.050420654296875034,41.0,26.0
9686,237,500,106,early_first_window,1,0.768,-0.050420654296875034,41.0,26.0
9687,237,500,106,early_first_window,1,0.768,-0.050420654296875034,41.0,26.0
9688,237,500,106,early_first_window,1,0.768,-0.050420654296875034,41.0,26.0
9689,237,500,106,early_first_window,1,0.768,-0.050420654296875034,41.0,26.0
9690,237,500,106,early_first_window,1,0.768,-0.050420654296875034,41.0,26.0
9691,237,500,106,early_first_window,1,0.768,-0.050420654296875034,41.0,26.0
9692,237,500,106,early_first_window,1,0.768,-0.050420654296875034,41.0,26.0
9693,237,500,106,early_first_window,1,0.768,-0.050420654296875034,41.0,26.0
9694,237,500,106,early_first_window,1,0.768,-0.050420654296875034,41.0,26.0
9695,237,500,106,early_first_window,1,0.768,-0.050420654296875034,41.0,26.0
9696,237,500,106,early_first_window,1,0.768,-0.050420654296875034,41.0,26.0
9697,237,500,106,early_first_window,1,0.768,-0.050420654296875034,41.0,26.0
9698,237,500,106,early_first_window,1,0.768,-0.050420654296875034,41.0,26.0
9699,237,500,106,early_first_window,1,0.768,-0.050420654296875034,41.0,26.0
9700,237,500,106,early_first_window,1,0.768,-0.050420654296875034,41.0,26.0
9701,237,500,106,early_first_window,1,0.768,-0.050420654296875034,41.0,26.0
9702,237,500,106,early_first_window,1,0.768,-0.050420654296875034,41.0,26.0
9703,237,500,106,early_first_window,1,0.768,-0.050420654296875034,41.0,26.0
9704,237,500,106,early_first_window,1,0.768,-0.050420654296875034,41.0,26.0
9705,237,500,106,early_first_window,1,0.768,-0.050420654296875034,41.0,26.0
9706,237,500,106,early_first_window,1,0.768,-0.050420654296875034,41.0,26.0
9707,237,500,91,early_first_window,1,0.75,-0.025074829101562557,41.0,26.0
9708,237,500,91,early_first_window,1,0.75,-0.025074829101562557,41.0,26.0
9709,237,500,91,early_first_window,1,0.75,-0.025074829101562557,41.0,26.0
9710,237,500,91,early_first_window,1,0.75,-0.025074829101562557,41.0,26.0
9711,237,500,91,early_first_window,1,0.75,-0.025074829101562557,41.0,26.0
9712,237,500,91,early_first_window,1,0.75,-0.025074829101562557,41.0,26.0
9713,237,500,91,early_first_window,1,0.75,-0.025074829101562557,41.0,26.0
9714,237,500,91,early_first_window,1,0.75,-0.025074829101562557,41.0,26.0
9715,237,500,91,early_first_window,1,0.75,-0.025074829101562557,41.0,26.0
9716,237,500,91,early_first_window,1,0.75,-0.025074829101562557,41.0,26.0
9717,237,500,91,early_first_window,1,0.75,-0.025074829101562557,41.0,26.0
9718,237,500,91,early_first_window,1,0.75,-0.025074829101562557,41.0,26.0
9719,237,500,91,early_first_window,1,0.75,-0.025074829101562557,41.0,26.0
9720,238,500,134,early_first_window,1,0.722,-0.16724926757812497,45.0,26.0
9721,238,500,134,early_first_window,1,0.722,-0.16724926757812497,45.0,26.0
9722,238,500,134,early_first_window,1,0.722,-0.16724926757812497,45.0,26.0
9723,238,500,134,early_first_window,1,0.722,-0.16724926757812497,45.0,26.0
9724,238,500,134,early_first_window,1,0.722,-0.16724926757812497,45.0,26.0
9725,238,500,134,early_first_window,1,0.722,-0.16724926757812497,45.0,26.0
9726,238,500,134,early_first_window,1,0.722,-0.16724926757812497,45.0,26.0
9727,238,500,134,early_first_window,1,0.722,-0.16724926757812497,45.0,26.0
9728,238,500,134,early_first_window,1,0.722,-0.16724926757812497,45.0,26.0
9729,238,500,134,early_first_window,1,0.722,-0.16724926757812497,45.0,26.0
9730,238,500,134,early_first_window,1,0.722,-0.16724926757812497,45.0,26.0
9731,238,500,134,early_first_window,1,0.722,-0.16724926757812497,45.0,26.0
9732,238,500,134,early_first_window,1,0.722,-0.16724926757812497,45.0,26.0
9733,238,500,134,early_first_window,1,0.722,-0.16724926757812497,45.0,26.0
9734,238,500,134,early_first_window,1,0.722,-0.16724926757812497,45.0,26.0
9735,238,500,134,early_first_window,1,0.722,-0.16724926757812497,45.0,26.0
9736,238,500,134,early_first_window,1,0.722,-0.16724926757812497,45.0,26.0
9737,238,500,134,early_first_window,1,0.722,-0.16724926757812497,45.0,26.0
9738,238,500,134,early_first_window,1,0.722,-0.16724926757812497,45.0,26.0
9739,238,500,134,early_first_window,1,0.722,-0.16724926757812497,45.0,26.0
9740,238,500,134,early_first_window,1,0.722,-0.16724926757812497,45.0,26.0
9741,238,500,134,early_first_window,1,0.722,-0.16724926757812497,45.0,26.0
9742,238,500,134,early_first_window,1,0.722,-0.16724926757812497,45.0,26.0
9743,238,500,134,early_first_window,1,0.722,-0.16724926757812497,45.0,26.0
9744,238,500,134,early_first_window,1,0.722,-0.16724926757812497,45.0,26.0
9745,238,500,134,early_first_window,1,0.722,-0.16724926757812497,45.0,26.0
9746,238,500,134,early_first_window,1,0.722,-0.16724926757812497,45.0,26.0
9747,238,500,134,early_first_window,1,0.722,-0.16724926757812497,45.0,26.0
9748,238,500,134,early_first_window,1,0.722,-0.16724926757812497,45.0,26.0
9749,238,500,134,early_first_window,1,0.722,-0.16724926757812497,45.0,26.0
9750,238,500,134,early_first_window,1,0.722,-0.16724926757812497,45.0,26.0
9751,238,500,134,early_first_window,1,0.722,-0.16724926757812497,45.0,26.0
9752,238,500,134,early_first_window,1,0.722,-0.16724926757812497,45.0,26.0
9753,238,500,134,early_first_window,1,0.722,-0.16724926757812497,45.0,26.0
9754,238,500,134,early_first_window,1,0.722,-0.16724926757812497,45.0,26.0
9755,238,500,134,early_first_window,1,0.722,-0.16724926757812497,45.0,26.0
9756,238,500,134,early_first_window,1,0.722,-0.16724926757812497,45.0,26.0
9757,238,500,134,early_first_window,1,0.722,-0.16724926757812497,45.0,26.0
9758,238,500,134,early_first_window,1,0.722,-0.16724926757812497,45.0,26.0
9759,238,500,134,early_first_window,1,0.722,-0.16724926757812497,45.0,26.0
9760,239,500,114,early_first_window,1,0.794,-0.0524471435546876,63.0,25.0
9761,239,500,114,early_first_window,1,0.794,-0.0524471435546876,63.0,25.0
9762,239,500,114,early_first_window,1,0.794,-0.0524471435546876,63.0,25.0
9763,239,500,114,early_first_window,1,0.794,-0.0524471435546876,63.0,25.0
9764,239,500,114,early_first_window,1,0.794,-0.0524471435546876,63.0,25.0
9765,239,500,114,early_first_window,1,0.794,-0.0524471435546876,63.0,25.0
9766,239,500,114,early_first_window,1,0.794,-0.0524471435546876,63.0,25.0
9767,239,500,114,early_first_window,1,0.794,-0.0524471435546876,63.0,25.0
9768,239,500,114,early_first_window,1,0.794,-0.0524471435546876,63.0,25.0
9769,239,500,114,early_first_window,1,0.794,-0.0524471435546876,63.0,25.0
9770,239,500,114,early_first_window,1,0.794,-0.0524471435546876,63.0,25.0
9771,239,500,114,early_first_window,1,0.794,-0.0524471435546876,63.0,25.0
9772,239,500,114,early_first_window,1,0.794,-0.0524471435546876,63.0,25.0
9773,239,500,114,early_first_window,1,0.794,-0.0524471435546876,63.0,25.0
9774,239,500,114,early_first_window,1,0.794,-0.0524471435546876,63.0,25.0
9775,239,500,114,early_first_window,1,0.794,-0.0524471435546876,63.0,25.0
9776,239,500,114,early_first_window,1,0.794,-0.0524471435546876,63.0,25.0
9777,239,500,114,early_first_window,1,0.794,-0.0524471435546876,63.0,25.0
9778,239,500,114,early_first_window,1,0.794,-0.0524471435546876,63.0,25.0
9779,239,500,114,early_first_window,1,0.794,-0.0524471435546876,63.0,25.0
9780,239,500,114,early_first_window,1,0.794,-0.0524471435546876,63.0,25.0
9781,239,500,114,early_first_window,1,0.794,-0.0524471435546876,63.0,25.0
9782,239,500,114,early_first_window,1,0.794,-0.0524471435546876,63.0,25.0
9783,239,500,114,early_first_window,1,0.794,-0.0524471435546876,63.0,25.0
9784,239,500,114,early_first_window,1,0.794,-0.0524471435546876,63.0,25.0
9785,239,500,114,early_first_window,1,0.794,-0.0524471435546876,63.0,25.0
9786,239,500,114,early_first_window,1,0.794,-0.0524471435546876,63.0,25.0
9787,239,500,114,early_first_window,1,0.794,-0.0524471435546876,63.0,25.0
9788,239,500,114,early_first_window,1,0.794,-0.0524471435546876,63.0,25.0
9789,239,500,114,early_first_window,1,0.794,-0.0524471435546876,63.0,25.0
9790,239,500,114,early_first_window,1,0.794,-0.0524471435546876,63.0,25.0
9791,239,500,114,early_first_window,1,0.794,-0.0524471435546876,63.0,25.0
9792,239,500,114,early_first_window,1,0.794,-0.0524471435546876,63.0,25.0
9793,239,500,114,early_first_window,1,0.794,-0.0524471435546876,63.0,25.0
9794,239,500,114,early_first_window,1,0.794,-0.0524471435546876,63.0,25.0
9795,239,500,114,early_first_window,1,0.794,-0.0524471435546876,63.0,25.0
9796,239,500,114,early_first_window,1,0.794,-0.0524471435546876,63.0,25.0
9797,239,500,114,early_first_window,1,0.794,-0.0524471435546876,63.0,25.0
9798,239,500,114,early_first_window,1,0.794,-0.0524471435546876,63.0,25.0
9799,239,500,114,early_first_window,1,0.794,-0.0524471435546876,63.0,25.0
9800,240,500,127,early_first_window,1,0.71,-0.08665429687499993,74.0,25.0
9801,240,500,127,early_first_window,1,0.71,-0.08665429687499993,74.0,25.0
9802,240,500,127,early_first_window,1,0.71,-0.08665429687499993,74.0,25.0
9803,240,500,127,early_first_window,1,0.71,-0.08665429687499993,74.0,25.0
9804,240,500,127,early_first_window,1,0.71,-0.08665429687499993,74.0,25.0
9805,240,500,127,early_first_window,1,0.71,-0.08665429687499993,74.0,25.0
9806,240,500,127,early_first_window,1,0.71,-0.08665429687499993,74.0,25.0
9807,240,500,127,early_first_window,1,0.71,-0.08665429687499993,74.0,25.0
9808,240,500,127,early_first_window,1,0.71,-0.08665429687499993,74.0,25.0
9809,240,500,127,early_first_window,1,0.71,-0.08665429687499993,74.0,25.0
9810,240,500,127,early_first_window,1,0.71,-0.08665429687499993,74.0,25.0
9811,240,500,127,early_first_window,1,0.71,-0.08665429687499993,74.0,25.0
9812,240,500,127,early_first_window,1,0.71,-0.08665429687499993,74.0,25.0
9813,240,500,127,early_first_window,1,0.71,-0.08665429687499993,74.0,25.0
9814,240,500,127,early_first_window,1,0.71,-0.08665429687499993,74.0,25.0
9815,240,500,127,early_first_window,1,0.71,-0.08665429687499993,74.0,25.0
9816,240,500,127,early_first_window,1,0.71,-0.08665429687499993,74.0,25.0
9817,240,500,134,early_first_window,1,0.6619999999999999,-0.08181738281249995,69.0,25.0
9818,240,500,134,early_first_window,1,0.6619999999999999,-0.08181738281249995,69.0,25.0
9819,240,500,134,early_first_window,1,0.6619999999999999,-0.08181738281249995,69.0,25.0
9820,240,500,134,early_first_window,1,0.6619999999999999,-0.08181738281249995,69.0,25.0
9821,240,500,134,early_first_window,1,0.6619999999999999,-0.08181738281249995,69.0,25.0
9822,240,500,134,early_first_window,1,0.6619999999999999,-0.08181738281249995,69.0,25.0
9823,240,500,134,early_first_window,1,0.6619999999999999,-0.08181738281249995,69.0,25.0
9824,240,500,134,early_first_window,1,0.6619999999999999,-0.08181738281249995,69.0,25.0
9825,240,500,134,early_first_window,1,0.6619999999999999,-0.08181738281249995,69.0,25.0
9826,240,500,134,early_first_window,1,0.6619999999999999,-0.08181738281249995,69.0,25.0
9827,240,500,134,early_first_window,1,0.6619999999999999,-0.08181738281249995,69.0,25.0
9828,240,500,134,early_first_window,1,0.6619999999999999,-0.08181738281249995,69.0,25.0
9829,240,500,134,early_first_window,1,0.6619999999999999,-0.08181738281249995,69.0,25.0
9830,240,500,134,early_first_window,1,0.6619999999999999,-0.08181738281249995,69.0,25.0
9831,240,500,134,early_first_window,1,0.6619999999999999,-0.08181738281249995,69.0,25.0
9832,240,500,134,early_first_window,1,0.6619999999999999,-0.08181738281249995,69.0,25.0
9833,240,500,134,early_first_window,1,0.6619999999999999,-0.08181738281249995,69.0,25.0
9834,240,500,134,early_first_window,1,0.6619999999999999,-0.08181738281249995,69.0,25.0
9835,240,500,134,early_first_window,1,0.6619999999999999,-0.08181738281249995,69.0,25.0
9836,240,500,134,early_first_window,1,0.6619999999999999,-0.08181738281249995,69.0,25.0
9837,240,500,134,early_first_window,1,0.6619999999999999,-0.08181738281249995,69.0,25.0
9838,240,500,134,early_first_window,1,0.6619999999999999,-0.08181738281249995,69.0,25.0
9839,240,500,134,early_first_window,1,0.6619999999999999,-0.08181738281249995,69.0,25.0
9840,241,500,12,early_first_window,1,0.0020000000000000018,0.006311645507812491,0.0,11.0
9841,241,500,12,early_first_window,1,0.0020000000000000018,0.006311645507812491,0.0,11.0
9842,241,500,12,early_first_window,1,0.0020000000000000018,0.006311645507812491,0.0,11.0
9843,241,500,12,early_first_window,1,0.0020000000000000018,0.006311645507812491,0.0,11.0
9844,241,500,12,early_first_window,1,0.0020000000000000018,0.006311645507812491,0.0,11.0
9845,241,500,12,early_first_window,1,0.0020000000000000018,0.006311645507812491,0.0,11.0
9846,241,500,12,early_first_window,1,0.0020000000000000018,0.006311645507812491,0.0,11.0
9847,241,500,12,early_first_window,1,0.0020000000000000018,0.006311645507812491,0.0,11.0
9848,241,500,12,early_first_window,1,0.0020000000000000018,0.006311645507812491,0.0,11.0
9849,241,500,12,early_first_window,1,0.0020000000000000018,0.006311645507812491,0.0,11.0
9850,241,500,12,early_first_window,1,0.0020000000000000018,0.006311645507812491,0.0,11.0
9851,241,500,12,early_first_window,1,0.0020000000000000018,0.006311645507812491,0.0,11.0
9852,241,500,12,early_first_window,1,0.0020000000000000018,0.006311645507812491,0.0,11.0
9853,241,500,12,early_first_window,1,0.0020000000000000018,0.006311645507812491,0.0,11.0
9854,241,500,12,early_first_window,1,0.0020000000000000018,0.006311645507812491,0.0,11.0
9855,241,500,12,early_first_window,1,0.0020000000000000018,0.006311645507812491,0.0,11.0
9856,241,500,12,early_first_window,1,0.0020000000000000018,0.006311645507812491,0.0,11.0
9857,241,500,12,early_first_window,1,0.0020000000000000018,0.006311645507812491,0.0,11.0
9858,241,500,12,early_first_window,1,0.0020000000000000018,0.006311645507812491,0.0,11.0
9859,241,500,12,early_first_window,1,0.0020000000000000018,0.006311645507812491,0.0,11.0
9860,241,500,12,early_first_window,1,0.0020000000000000018,0.006311645507812491,0.0,11.0
9861,241,500,12,early_first_window,1,0.0020000000000000018,0.006311645507812491,0.0,11.0
9862,241,500,12,early_first_window,1,0.0020000000000000018,0.006311645507812491,0.0,11.0
9863,241,500,12,early_first_window,1,0.0020000000000000018,0.006311645507812491,0.0,11.0
9864,241,500,12,early_first_window,1,0.0020000000000000018,0.006311645507812491,0.0,11.0
9865,241,500,12,early_first_window,1,0.0020000000000000018,0.006311645507812491,0.0,11.0
9866,241,500,12,early_first_window,1,0.0020000000000000018,0.006311645507812491,0.0,11.0
9867,241,500,12,early_first_window,1,0.0020000000000000018,0.006311645507812491,0.0,11.0
9868,241,500,12,early_first_window,1,0.0020000000000000018,0.006311645507812491,0.0,11.0
9869,241,500,12,early_first_window,1,0.0020000000000000018,0.006311645507812491,0.0,11.0
9870,241,500,12,early_first_window,1,0.0020000000000000018,0.006311645507812491,0.0,11.0
9871,241,500,12,early_first_window,1,0.0020000000000000018,0.006311645507812491,0.0,11.0
9872,241,500,12,early_first_window,1,0.0020000000000000018,0.006311645507812491,0.0,11.0
9873,241,500,12,early_first_window,1,0.0020000000000000018,0.006311645507812491,0.0,11.0
9874,241,500,12,early_first_window,1,0.0020000000000000018,0.006311645507812491,0.0,11.0
9875,241,500,12,early_first_window,1,0.0020000000000000018,0.006311645507812491,0.0,11.0
9876,241,500,12,early_first_window,1,0.0020000000000000018,0.006311645507812491,0.0,11.0
9877,241,500,12,early_first_window,1,0.0020000000000000018,0.006311645507812491,0.0,11.0
9878,241,500,12,early_first_window,1,0.0020000000000000018,0.006311645507812491,0.0,11.0
9879,241,500,12,early_first_window,1,0.0020000000000000018,0.006311645507812491,0.0,11.0
9880,242,500,12,early_first_window,1,0.0020000000000000018,0.006311645507812491,0.0,11.0
9881,242,500,12,early_first_window,1,0.0020000000000000018,0.006311645507812491,0.0,11.0
9882,242,500,12,early_first_window,1,0.0020000000000000018,0.006311645507812491,0.0,11.0
9883,242,500,12,early_first_window,1,0.0020000000000000018,0.006311645507812491,0.0,11.0
9884,242,500,12,early_first_window,1,0.0020000000000000018,0.006311645507812491,0.0,11.0
9885,242,500,12,early_first_window,1,0.0020000000000000018,0.006311645507812491,0.0,11.0
9886,242,500,12,early_first_window,1,0.0020000000000000018,0.006311645507812491,0.0,11.0
9887,242,500,12,early_first_window,1,0.0020000000000000018,0.006311645507812491,0.0,11.0
9888,242,500,12,early_first_window,1,0.0020000000000000018,0.006311645507812491,0.0,11.0
9889,242,500,12,early_first_window,1,0.0020000000000000018,0.006311645507812491,0.0,11.0
9890,242,500,12,early_first_window,1,0.0020000000000000018,0.006311645507812491,0.0,11.0
9891,242,500,12,early_first_window,1,0.0020000000000000018,0.006311645507812491,0.0,11.0
9892,242,500,12,early_first_window,1,0.0020000000000000018,0.006311645507812491,0.0,11.0
9893,242,500,12,early_first_window,1,0.0020000000000000018,0.006311645507812491,0.0,11.0
9894,242,500,12,early_first_window,1,0.0020000000000000018,0.006311645507812491,0.0,11.0
9895,242,500,12,early_first_window,1,0.0020000000000000018,0.006311645507812491,0.0,11.0
9896,242,500,12,early_first_window,1,0.0020000000000000018,0.006311645507812491,0.0,11.0
9897,242,500,12,early_first_window,1,0.0020000000000000018,0.006311645507812491,0.0,11.0
9898,242,500,12,early_first_window,1,0.0020000000000000018,0.006311645507812491,0.0,11.0
9899,242,500,12,early_first_window,1,0.0020000000000000018,0.006311645507812491,0.0,11.0
9900,242,500,12,early_first_window,1,0.0020000000000000018,0.006311645507812491,0.0,11.0
9901,242,500,12,early_first_window,1,0.0020000000000000018,0.006311645507812491,0.0,11.0
9902,242,500,12,early_first_window,1,0.0020000000000000018,0.006311645507812491,0.0,11.0
9903,242,500,12,early_first_window,1,0.0020000000000000018,0.006311645507812491,0.0,11.0
9904,242,500,12,early_first_window,1,0.0020000000000000018,0.006311645507812491,0.0,11.0
9905,242,500,12,early_first_window,1,0.0020000000000000018,0.006311645507812491,0.0,11.0
9906,242,500,12,early_first_window,1,0.0020000000000000018,0.006311645507812491,0.0,11.0
9907,242,500,12,early_first_window,1,0.0020000000000000018,0.006311645507812491,0.0,11.0
9908,242,500,12,early_first_window,1,0.0020000000000000018,0.006311645507812491,0.0,11.0
9909,242,500,12,early_first_window,1,0.0020000000000000018,0.006311645507812491,0.0,11.0
9910,242,500,12,early_first_window,1,0.0020000000000000018,0.006311645507812491,0.0,11.0
9911,242,500,12,early_first_window,1,0.0020000000000000018,0.006311645507812491,0.0,11.0
9912,242,500,12,early_first_window,1,0.0020000000000000018,0.006311645507812491,0.0,11.0
9913,242,500,12,early_first_window,1,0.0020000000000000018,0.006311645507812491,0.0,11.0
9914,242,500,12,early_first_window,1,0.0020000000000000018,0.006311645507812491,0.0,11.0
9915,242,500,12,early_first_window,1,0.0020000000000000018,0.006311645507812491,0.0,11.0
9916,242,500,12,early_first_window,1,0.0020000000000000018,0.006311645507812491,0.0,11.0
9917,242,500,12,early_first_window,1,0.0020000000000000018,0.006311645507812491,0.0,11.0
9918,242,500,12,early_first_window,1,0.0020000000000000018,0.006311645507812491,0.0,11.0
9919,242,500,12,early_first_window,1,0.0020000000000000018,0.006311645507812491,0.0,11.0
9920,243,500,12,early_first_window,1,0.0020000000000000018,0.006311645507812491,0.0,11.0
9921,243,500,12,early_first_window,1,0.0020000000000000018,0.006311645507812491,0.0,11.0
9922,243,500,12,early_first_window,1,0.0020000000000000018,0.006311645507812491,0.0,11.0
9923,243,500,12,early_first_window,1,0.0020000000000000018,0.006311645507812491,0.0,11.0
9924,243,500,12,early_first_window,1,0.0020000000000000018,0.006311645507812491,0.0,11.0
9925,243,500,12,early_first_window,1,0.0020000000000000018,0.006311645507812491,0.0,11.0
9926,243,500,12,early_first_window,1,0.0020000000000000018,0.006311645507812491,0.0,11.0
9927,243,500,12,early_first_window,1,0.0020000000000000018,0.006311645507812491,0.0,11.0
9928,243,500,12,early_first_window,1,0.0020000000000000018,0.006311645507812491,0.0,11.0
9929,243,500,12,early_first_window,1,0.0020000000000000018,0.006311645507812491,0.0,11.0
9930,243,500,12,early_first_window,1,0.0020000000000000018,0.006311645507812491,0.0,11.0
9931,243,500,12,early_first_window,1,0.0020000000000000018,0.006311645507812491,0.0,11.0
9932,243,500,12,early_first_window,1,0.0020000000000000018,0.006311645507812491,0.0,11.0
9933,243,500,12,early_first_window,1,0.0020000000000000018,0.006311645507812491,0.0,11.0
9934,243,500,12,early_first_window,1,0.0020000000000000018,0.006311645507812491,0.0,11.0
9935,243,500,12,early_first_window,1,0.0020000000000000018,0.006311645507812491,0.0,11.0
9936,243,500,12,early_first_window,1,0.0020000000000000018,0.006311645507812491,0.0,11.0
9937,243,500,12,early_first_window,1,0.0020000000000000018,0.006311645507812491,0.0,11.0
9938,243,500,12,early_first_window,1,0.0020000000000000018,0.006311645507812491,0.0,11.0
9939,243,500,12,early_first_window,1,0.0020000000000000018,0.006311645507812491,0.0,11.0
9940,243,500,12,early_first_window,1,0.0020000000000000018,0.006311645507812491,0.0,11.0
9941,243,500,12,early_first_window,1,0.0020000000000000018,0.006311645507812491,0.0,11.0
9942,243,500,12,early_first_window,1,0.0020000000000000018,0.006311645507812491,0.0,11.0
9943,243,500,12,early_first_window,1,0.0020000000000000018,0.006311645507812491,0.0,11.0
9944,243,500,12,early_first_window,1,0.0020000000000000018,0.006311645507812491,0.0,11.0
9945,243,500,12,early_first_window,1,0.0020000000000000018,0.006311645507812491,0.0,11.0
9946,243,500,12,early_first_window,1,0.0020000000000000018,0.006311645507812491,0.0,11.0
9947,243,500,12,early_first_window,1,0.0020000000000000018,0.006311645507812491,0.0,11.0
9948,243,500,12,early_first_window,1,0.0020000000000000018,0.006311645507812491,0.0,11.0
9949,243,500,12,early_first_window,1,0.0020000000000000018,0.006311645507812491,0.0,11.0
9950,243,500,12,early_first_window,1,0.0020000000000000018,0.006311645507812491,0.0,11.0
9951,243,500,12,early_first_window,1,0.0020000000000000018,0.006311645507812491,0.0,11.0
9952,243,500,12,early_first_window,1,0.0020000000000000018,0.006311645507812491,0.0,11.0
9953,243,500,12,early_first_window,1,0.0020000000000000018,0.006311645507812491,0.0,11.0
9954,243,500,12,early_first_window,1,0.0020000000000000018,0.006311645507812491,0.0,11.0
9955,243,500,12,early_first_window,1,0.0020000000000000018,0.006311645507812491,0.0,11.0
9956,243,500,12,early_first_window,1,0.0020000000000000018,0.006311645507812491,0.0,11.0
9957,243,500,12,early_first_window,1,0.0020000000000000018,0.006311645507812491,0.0,11.0
9958,243,500,12,early_first_window,1,0.0020000000000000018,0.006311645507812491,0.0,11.0
9959,243,500,12,early_first_window,1,0.0020000000000000018,0.006311645507812491,0.0,11.0
9960,244,500,106,early_first_window,1,0.716,-0.28655480957031254,73.0,18.0
9961,244,500,106,early_first_window,1,0.716,-0.28655480957031254,73.0,18.0
9962,244,500,106,early_first_window,1,0.716,-0.28655480957031254,73.0,18.0
9963,244,500,106,early_first_window,1,0.716,-0.28655480957031254,73.0,18.0
9964,244,500,106,early_first_window,1,0.716,-0.28655480957031254,73.0,18.0
9965,244,500,106,early_first_window,1,0.716,-0.28655480957031254,73.0,18.0
9966,244,500,106,early_first_window,1,0.716,-0.28655480957031254,73.0,18.0
9967,244,500,106,early_first_window,1,0.716,-0.28655480957031254,73.0,18.0
9968,244,500,106,early_first_window,1,0.716,-0.28655480957031254,73.0,18.0
9969,244,500,106,early_first_window,1,0.716,-0.28655480957031254,73.0,18.0
9970,244,500,106,early_first_window,1,0.716,-0.28655480957031254,73.0,18.0
9971,244,500,106,early_first_window,1,0.716,-0.28655480957031254,73.0,18.0
9972,244,500,106,early_first_window,1,0.716,-0.28655480957031254,73.0,18.0
9973,244,500,106,early_first_window,1,0.716,-0.28655480957031254,73.0,18.0
9974,244,500,106,early_first_window,1,0.716,-0.28655480957031254,73.0,18.0
9975,244,500,106,early_first_window,1,0.716,-0.28655480957031254,73.0,18.0
9976,244,500,106,early_first_window,1,0.716,-0.28655480957031254,73.0,18.0
9977,244,500,106,early_first_window,1,0.716,-0.28655480957031254,73.0,18.0
9978,244,500,106,early_first_window,1,0.716,-0.28655480957031254,73.0,18.0
9979,244,500,106,early_first_window,1,0.716,-0.28655480957031254,73.0,18.0
9980,244,500,106,early_first_window,1,0.716,-0.28655480957031254,73.0,18.0
9981,244,500,106,early_first_window,1,0.716,-0.28655480957031254,73.0,18.0
9982,244,500,106,early_first_window,1,0.716,-0.28655480957031254,73.0,18.0
9983,244,500,106,early_first_window,1,0.716,-0.28655480957031254,73.0,18.0
9984,244,500,106,early_first_window,1,0.716,-0.28655480957031254,73.0,18.0
9985,244,500,106,early_first_window,1,0.716,-0.28655480957031254,73.0,18.0
9986,244,500,106,early_first_window,1,0.716,-0.28655480957031254,73.0,18.0
9987,244,500,106,early_first_window,1,0.716,-0.28655480957031254,73.0,18.0
9988,244,500,106,early_first_window,1,0.716,-0.28655480957031254,73.0,18.0
9989,244,500,106,early_first_window,1,0.716,-0.28655480957031254,73.0,18.0
9990,244,500,106,early_first_window,1,0.716,-0.28655480957031254,73.0,18.0
9991,244,500,106,early_first_window,1,0.716,-0.28655480957031254,73.0,18.0
9992,244,500,106,early_first_window,1,0.716,-0.28655480957031254,73.0,18.0
9993,244,500,106,early_first_window,1,0.716,-0.28655480957031254,73.0,18.0
9994,244,500,106,early_first_window,1,0.716,-0.28655480957031254,73.0,18.0
9995,244,500,106,early_first_window,1,0.716,-0.28655480957031254,73.0,18.0
9996,244,500,106,early_first_window,1,0.716,-0.28655480957031254,73.0,18.0
9997,244,500,106,early_first_window,1,0.716,-0.28655480957031254,73.0,18.0
9998,244,500,106,early_first_window,1,0.716,-0.28655480957031254,73.0,18.0
9999,244,500,106,early_first_window,1,0.716,-0.28655480957031254,73.0,18.0
10000,245,500,100,early_first_window,1,0.754,-0.0494074707031249,48.0,26.0
10001,245,500,100,early_first_window,1,0.754,-0.0494074707031249,48.0,26.0
10002,245,500,100,early_first_window,1,0.754,-0.0494074707031249,48.0,26.0
10003,245,500,100,early_first_window,1,0.754,-0.0494074707031249,48.0,26.0
10004,245,500,100,early_first_window,1,0.754,-0.0494074707031249,48.0,26.0
10005,245,500,100,early_first_window,1,0.754,-0.0494074707031249,48.0,26.0
10006,245,500,100,early_first_window,1,0.754,-0.0494074707031249,48.0,26.0
10007,245,500,100,early_first_window,1,0.754,-0.0494074707031249,48.0,26.0
10008,245,500,100,early_first_window,1,0.754,-0.0494074707031249,48.0,26.0
10009,245,500,100,early_first_window,1,0.754,-0.0494074707031249,48.0,26.0
10010,245,500,100,early_first_window,1,0.754,-0.0494074707031249,48.0,26.0
10011,245,500,100,early_first_window,1,0.754,-0.0494074707031249,48.0,26.0
10012,245,500,100,early_first_window,1,0.754,-0.0494074707031249,48.0,26.0
10013,245,500,100,early_first_window,1,0.754,-0.0494074707031249,48.0,26.0
10014,245,500,100,early_first_window,1,0.754,-0.0494074707031249,48.0,26.0
10015,245,500,100,early_first_window,1,0.754,-0.0494074707031249,48.0,26.0
10016,245,500,100,early_first_window,1,0.754,-0.0494074707031249,48.0,26.0
10017,245,500,100,early_first_window,1,0.754,-0.0494074707031249,48.0,26.0
10018,245,500,100,early_first_window,1,0.754,-0.0494074707031249,48.0,26.0
10019,245,500,100,early_first_window,1,0.754,-0.0494074707031249,48.0,26.0
10020,245,500,100,early_first_window,1,0.754,-0.0494074707031249,48.0,26.0
10021,245,500,100,early_first_window,1,0.754,-0.0494074707031249,48.0,26.0
10022,245,500,100,early_first_window,1,0.754,-0.0494074707031249,48.0,26.0
10023,245,500,100,early_first_window,1,0.754,-0.0494074707031249,48.0,26.0
10024,245,500,100,early_first_window,1,0.754,-0.0494074707031249,48.0,26.0
10025,245,500,100,early_first_window,1,0.754,-0.0494074707031249,48.0,26.0
10026,245,500,100,early_first_window,1,0.754,-0.0494074707031249,48.0,26.0
10027,245,500,100,early_first_window,1,0.754,-0.0494074707031249,48.0,26.0
10028,245,500,100,early_first_window,1,0.754,-0.0494074707031249,48.0,26.0
10029,245,500,100,early_first_window,1,0.754,-0.0494074707031249,48.0,26.0
10030,245,500,100,early_first_window,1,0.754,-0.0494074707031249,48.0,26.0
10031,245,500,100,early_first_window,1,0.754,-0.0494074707031249,48.0,26.0
10032,245,500,100,early_first_window,1,0.754,-0.0494074707031249,48.0,26.0
10033,245,500,100,early_first_window,1,0.754,-0.0494074707031249,48.0,26.0
10034,245,500,100,early_first_window,1,0.754,-0.0494074707031249,48.0,26.0
10035,245,500,100,early_first_window,1,0.754,-0.0494074707031249,48.0,26.0
10036,245,500,100,early_first_window,1,0.754,-0.0494074707031249,48.0,26.0
10037,245,500,100,early_first_window,1,0.756,-0.0494074707031249,48.0,26.0
10038,245,500,100,early_first_window,1,0.756,-0.0494074707031249,48.0,26.0
10039,245,500,100,early_first_window,1,0.756,-0.0494074707031249,48.0,26.0
10040,246,500,12,early_first_window,1,0.0020000000000000018,0.006311645507812491,0.0,11.0
10041,246,500,12,early_first_window,1,0.0020000000000000018,0.006311645507812491,0.0,11.0
10042,246,500,12,early_first_window,1,0.0020000000000000018,0.006311645507812491,0.0,11.0
10043,246,500,12,early_first_window,1,0.0020000000000000018,0.006311645507812491,0.0,11.0
10044,246,500,12,early_first_window,1,0.0020000000000000018,0.006311645507812491,0.0,11.0
10045,246,500,12,early_first_window,1,0.0020000000000000018,0.006311645507812491,0.0,11.0
10046,246,500,12,early_first_window,1,0.0020000000000000018,0.006311645507812491,0.0,11.0
10047,246,500,12,early_first_window,1,0.0020000000000000018,0.006311645507812491,0.0,11.0
10048,246,500,12,early_first_window,1,0.0020000000000000018,0.006311645507812491,0.0,11.0
10049,246,500,12,early_first_window,1,0.0020000000000000018,0.006311645507812491,0.0,11.0
10050,246,500,12,early_first_window,1,0.0020000000000000018,0.006311645507812491,0.0,11.0
10051,246,500,12,early_first_window,1,0.0020000000000000018,0.006311645507812491,0.0,11.0
10052,246,500,12,early_first_window,1,0.0020000000000000018,0.006311645507812491,0.0,11.0
10053,246,500,12,early_first_window,1,0.0020000000000000018,0.006311645507812491,0.0,11.0
10054,246,500,12,early_first_window,1,0.0020000000000000018,0.006311645507812491,0.0,11.0
10055,246,500,12,early_first_window,1,0.0020000000000000018,0.006311645507812491,0.0,11.0
10056,246,500,12,early_first_window,1,0.0020000000000000018,0.006311645507812491,0.0,11.0
10057,246,500,12,early_first_window,1,0.0020000000000000018,0.006311645507812491,0.0,11.0
10058,246,500,12,early_first_window,1,0.0020000000000000018,0.006311645507812491,0.0,11.0
10059,246,500,12,early_first_window,1,0.0020000000000000018,0.006311645507812491,0.0,11.0
10060,246,500,12,early_first_window,1,0.0020000000000000018,0.006311645507812491,0.0,11.0
10061,246,500,12,early_first_window,1,0.0020000000000000018,0.006311645507812491,0.0,11.0
10062,246,500,12,early_first_window,1,0.0020000000000000018,0.006311645507812491,0.0,11.0
10063,246,500,12,early_first_window,1,0.0020000000000000018,0.006311645507812491,0.0,11.0
10064,246,500,12,early_first_window,1,0.0020000000000000018,0.006311645507812491,0.0,11.0
10065,246,500,12,early_first_window,1,0.0020000000000000018,0.006311645507812491,0.0,11.0
10066,246,500,12,early_first_window,1,0.0020000000000000018,0.006311645507812491,0.0,11.0
10067,246,500,12,early_first_window,1,0.0020000000000000018,0.006311645507812491,0.0,11.0
10068,246,500,12,early_first_window,1,0.0020000000000000018,0.006311645507812491,0.0,11.0
10069,246,500,12,early_first_window,1,0.0020000000000000018,0.006311645507812491,0.0,11.0
10070,246,500,12,early_first_window,1,0.0020000000000000018,0.006311645507812491,0.0,11.0
10071,246,500,12,early_first_window,1,0.0020000000000000018,0.006311645507812491,0.0,11.0
10072,246,500,12,early_first_window,1,0.0020000000000000018,0.006311645507812491,0.0,11.0
10073,246,500,12,early_first_window,1,0.0020000000000000018,0.006311645507812491,0.0,11.0
10074,246,500,12,early_first_window,1,0.0020000000000000018,0.006311645507812491,0.0,11.0
10075,246,500,12,early_first_window,1,0.0020000000000000018,0.006311645507812491,0.0,11.0
10076,246,500,12,early_first_window,1,0.0020000000000000018,0.006311645507812491,0.0,11.0
10077,246,500,12,early_first_window,1,0.0020000000000000018,0.006311645507812491,0.0,11.0
10078,246,500,12,early_first_window,1,0.0020000000000000018,0.006311645507812491,0.0,11.0
10079,246,500,12,early_first_window,1,0.0020000000000000018,0.006311645507812491,0.0,11.0
10080,247,500,113,early_first_window,1,0.78,-0.19237451171875009,45.0,12.0
10081,247,500,113,early_first_window,1,0.78,-0.19237451171875009,45.0,12.0
10082,247,500,113,early_first_window,1,0.78,-0.19237451171875009,45.0,12.0
10083,247,500,113,early_first_window,1,0.78,-0.19237451171875009,45.0,12.0
10084,247,500,113,early_first_window,1,0.78,-0.19237451171875009,45.0,12.0
10085,247,500,113,early_first_window,1,0.78,-0.19237451171875009,45.0,12.0
10086,247,500,113,early_first_window,1,0.78,-0.19237451171875009,45.0,12.0
10087,247,500,113,early_first_window,1,0.78,-0.19237451171875009,45.0,12.0
10088,247,500,113,early_first_window,1,0.78,-0.19237451171875009,45.0,12.0
10089,247,500,113,early_first_window,1,0.78,-0.19237451171875009,45.0,12.0
10090,247,500,113,early_first_window,1,0.78,-0.19237451171875009,45.0,12.0
10091,247,500,113,early_first_window,1,0.78,-0.19237451171875009,45.0,12.0
10092,247,500,113,early_first_window,1,0.78,-0.19237451171875009,45.0,12.0
10093,247,500,113,early_first_window,1,0.78,-0.19237451171875009,45.0,12.0
10094,247,500,113,early_first_window,1,0.78,-0.19237451171875009,45.0,12.0
10095,247,500,113,early_first_window,1,0.78,-0.19237451171875009,45.0,12.0
10096,247,500,113,early_first_window,1,0.78,-0.19237451171875009,45.0,12.0
10097,247,500,113,early_first_window,1,0.78,-0.19237451171875009,45.0,12.0
10098,247,500,113,early_first_window,1,0.78,-0.19237451171875009,45.0,12.0
10099,247,500,113,early_first_window,1,0.78,-0.19237451171875009,45.0,12.0
10100,247,500,113,early_first_window,1,0.78,-0.19237451171875009,45.0,12.0
10101,247,500,113,early_first_window,1,0.78,-0.19237451171875009,45.0,12.0
10102,247,500,113,early_first_window,1,0.78,-0.19237451171875009,45.0,12.0
10103,247,500,113,early_first_window,1,0.78,-0.19237451171875009,45.0,12.0
10104,247,500,113,early_first_window,1,0.78,-0.19237451171875009,45.0,12.0
10105,247,500,113,early_first_window,1,0.78,-0.19237451171875009,45.0,12.0
10106,247,500,113,early_first_window,1,0.78,-0.19237451171875009,45.0,12.0
10107,247,500,113,early_first_window,1,0.78,-0.19237451171875009,45.0,12.0
10108,247,500,113,early_first_window,1,0.78,-0.19237451171875009,45.0,12.0
10109,247,500,113,early_first_window,1,0.78,-0.19237451171875009,45.0,12.0
10110,247,500,113,early_first_window,1,0.78,-0.19237451171875009,45.0,12.0
10111,247,500,113,early_first_window,1,0.78,-0.19237451171875009,45.0,12.0
10112,247,500,113,early_first_window,1,0.78,-0.19237451171875009,45.0,12.0
10113,247,500,113,early_first_window,1,0.78,-0.19237451171875009,45.0,12.0
10114,247,500,113,early_first_window,1,0.78,-0.19237451171875009,45.0,12.0
10115,247,500,113,early_first_window,1,0.78,-0.19237451171875009,45.0,12.0
10116,247,500,113,early_first_window,1,0.78,-0.19237451171875009,45.0,12.0
10117,247,500,113,early_first_window,1,0.78,-0.19237451171875009,45.0,12.0
10118,247,500,113,early_first_window,1,0.78,-0.19237451171875009,45.0,12.0
10119,247,500,113,early_first_window,1,0.78,-0.19237451171875009,45.0,12.0
10120,248,500,100,early_first_window,1,0.6699999999999999,-0.015427490234374952,54.0,25.0
10121,248,500,100,early_first_window,1,0.6699999999999999,-0.015427490234374952,54.0,25.0
10122,248,500,100,early_first_window,1,0.6699999999999999,-0.015427490234374952,54.0,25.0
10123,248,500,100,early_first_window,1,0.6699999999999999,-0.015427490234374952,54.0,25.0
10124,248,500,100,early_first_window,1,0.6699999999999999,-0.015427490234374952,54.0,25.0
10125,248,500,100,early_first_window,1,0.6699999999999999,-0.015427490234374952,54.0,25.0
10126,248,500,100,early_first_window,1,0.6699999999999999,-0.015427490234374952,54.0,25.0
10127,248,500,100,early_first_window,1,0.6699999999999999,-0.015427490234374952,54.0,25.0
10128,248,500,100,early_first_window,1,0.6699999999999999,-0.015427490234374952,54.0,25.0
10129,248,500,100,early_first_window,1,0.6699999999999999,-0.015427490234374952,54.0,25.0
10130,248,500,100,early_first_window,1,0.6699999999999999,-0.015427490234374952,54.0,25.0
10131,248,500,100,early_first_window,1,0.6699999999999999,-0.015427490234374952,54.0,25.0
10132,248,500,100,early_first_window,1,0.6699999999999999,-0.015427490234374952,54.0,25.0
10133,248,500,100,early_first_window,1,0.6699999999999999,-0.015427490234374952,54.0,25.0
10134,248,500,100,early_first_window,1,0.6699999999999999,-0.015427490234374952,54.0,25.0
10135,248,500,100,early_first_window,1,0.6699999999999999,-0.015427490234374952,54.0,25.0
10136,248,500,100,early_first_window,1,0.6699999999999999,-0.015427490234374952,54.0,25.0
10137,248,500,100,early_first_window,1,0.6699999999999999,-0.015427490234374952,54.0,25.0
10138,248,500,100,early_first_window,1,0.6699999999999999,-0.015427490234374952,54.0,25.0
10139,248,500,100,early_first_window,1,0.6699999999999999,-0.015427490234374952,54.0,25.0
10140,248,500,100,early_first_window,1,0.6699999999999999,-0.015427490234374952,54.0,25.0
10141,248,500,100,early_first_window,1,0.6699999999999999,-0.015427490234374952,54.0,25.0
10142,248,500,100,early_first_window,1,0.6699999999999999,-0.015427490234374952,54.0,25.0
10143,248,500,100,early_first_window,1,0.6699999999999999,-0.015427490234374952,54.0,25.0
10144,248,500,100,early_first_window,1,0.6699999999999999,-0.015427490234374952,54.0,25.0
10145,248,500,100,early_first_window,1,0.6699999999999999,-0.015427490234374952,54.0,25.0
10146,248,500,100,early_first_window,1,0.6699999999999999,-0.015427490234374952,54.0,25.0
10147,248,500,100,early_first_window,1,0.6699999999999999,-0.015427490234374952,54.0,25.0
10148,248,500,100,early_first_window,1,0.6699999999999999,-0.015427490234374952,54.0,25.0
10149,248,500,100,early_first_window,1,0.6699999999999999,-0.015427490234374952,54.0,25.0
10150,248,500,100,early_first_window,1,0.6699999999999999,-0.015427490234374952,54.0,25.0
10151,248,500,100,early_first_window,1,0.6699999999999999,-0.015427490234374952,54.0,25.0
10152,248,500,100,early_first_window,1,0.6699999999999999,-0.015427490234374952,54.0,25.0
10153,248,500,100,early_first_window,1,0.6699999999999999,-0.015427490234374952,54.0,25.0
10154,248,500,100,early_first_window,1,0.6699999999999999,-0.015427490234374952,54.0,25.0
10155,248,500,100,early_first_window,1,0.6699999999999999,-0.015427490234374952,54.0,25.0
10156,248,500,100,early_first_window,1,0.6699999999999999,-0.015427490234374952,54.0,25.0
10157,248,500,100,early_first_window,1,0.6699999999999999,-0.015427490234374952,54.0,25.0
10158,248,500,100,early_first_window,1,0.6699999999999999,-0.015427490234374952,54.0,25.0
10159,248,500,100,early_first_window,1,0.6699999999999999,-0.015427490234374952,54.0,25.0
10160,249,500,12,early_first_window,1,0.0020000000000000018,0.006311645507812491,0.0,11.0
10161,249,500,12,early_first_window,1,0.0020000000000000018,0.006311645507812491,0.0,11.0
10162,249,500,12,early_first_window,1,0.0020000000000000018,0.006311645507812491,0.0,11.0
10163,249,500,12,early_first_window,1,0.0020000000000000018,0.006311645507812491,0.0,11.0
10164,249,500,12,early_first_window,1,0.0020000000000000018,0.006311645507812491,0.0,11.0
10165,249,500,12,early_first_window,1,0.0020000000000000018,0.006311645507812491,0.0,11.0
10166,249,500,12,early_first_window,1,0.0020000000000000018,0.006311645507812491,0.0,11.0
10167,249,500,12,early_first_window,1,0.0020000000000000018,0.006311645507812491,0.0,11.0
10168,249,500,12,early_first_window,1,0.0020000000000000018,0.006311645507812491,0.0,11.0
10169,249,500,12,early_first_window,1,0.0020000000000000018,0.006311645507812491,0.0,11.0
10170,249,500,12,early_first_window,1,0.0020000000000000018,0.006311645507812491,0.0,11.0
10171,249,500,12,early_first_window,1,0.0020000000000000018,0.006311645507812491,0.0,11.0
10172,249,500,12,early_first_window,1,0.0020000000000000018,0.006311645507812491,0.0,11.0
10173,249,500,12,early_first_window,1,0.0020000000000000018,0.006311645507812491,0.0,11.0
10174,249,500,12,early_first_window,1,0.0020000000000000018,0.006311645507812491,0.0,11.0
10175,249,500,12,early_first_window,1,0.0020000000000000018,0.006311645507812491,0.0,11.0
10176,249,500,12,early_first_window,1,0.0020000000000000018,0.006311645507812491,0.0,11.0
10177,249,500,12,early_first_window,1,0.0020000000000000018,0.006311645507812491,0.0,11.0
10178,249,500,12,early_first_window,1,0.0020000000000000018,0.006311645507812491,0.0,11.0
10179,249,500,12,early_first_window,1,0.0020000000000000018,0.006311645507812491,0.0,11.0
10180,249,500,12,early_first_window,1,0.0020000000000000018,0.006311645507812491,0.0,11.0
10181,249,500,12,early_first_window,1,0.0020000000000000018,0.006311645507812491,0.0,11.0
10182,249,500,12,early_first_window,1,0.0020000000000000018,0.006311645507812491,0.0,11.0
10183,249,500,12,early_first_window,1,0.0020000000000000018,0.006311645507812491,0.0,11.0
10184,249,500,12,early_first_window,1,0.0020000000000000018,0.006311645507812491,0.0,11.0
10185,249,500,12,early_first_window,1,0.0020000000000000018,0.006311645507812491,0.0,11.0
10186,249,500,12,early_first_window,1,0.0020000000000000018,0.006311645507812491,0.0,11.0
10187,249,500,12,early_first_window,1,0.0020000000000000018,0.006311645507812491,0.0,11.0
10188,249,500,12,early_first_window,1,0.0020000000000000018,0.006311645507812491,0.0,11.0
10189,249,500,12,early_first_window,1,0.0020000000000000018,0.006311645507812491,0.0,11.0
10190,249,500,12,early_first_window,1,0.0020000000000000018,0.006311645507812491,0.0,11.0
10191,249,500,12,early_first_window,1,0.0020000000000000018,0.006311645507812491,0.0,11.0
10192,249,500,12,early_first_window,1,0.0020000000000000018,0.006311645507812491,0.0,11.0
10193,249,500,12,early_first_window,1,0.0020000000000000018,0.006311645507812491,0.0,11.0
10194,249,500,12,early_first_window,1,0.0020000000000000018,0.006311645507812491,0.0,11.0
10195,249,500,12,early_first_window,1,0.0020000000000000018,0.006311645507812491,0.0,11.0
10196,249,500,12,early_first_window,1,0.0020000000000000018,0.006311645507812491,0.0,11.0
10197,249,500,12,early_first_window,1,0.0020000000000000018,0.006311645507812491,0.0,11.0
10198,249,500,12,early_first_window,1,0.0020000000000000018,0.006311645507812491,0.0,11.0
10199,249,500,12,early_first_window,1,0.0020000000000000018,0.006311645507812491,0.0,11.0
