agent_id,day,home_id,phase,susceptibility,immunity_strength,state,state_code,is_mobile,viral_load,infection_day,days_since_infection,immunity_is_strong,immunity_is_medium,immunity_is_low,immunity_is_compromised,route_centroid_x,route_centroid_y,route_radius_mean,route_radius_max,route_step_distance_mean,route_step_distance_max,case_index,seed,susceptibility_min,susceptibility_max,sim_days,baseline_final_attack_rate,baseline_peak_infected,baseline_peak_day,intervention_final_attack_rate,intervention_final_susceptible,intervention_peak_infected,intervention_peak_day,attack_rate_reduction,baseline_is_outbreak,intervention_is_outbreak,prevented_outbreak
36,5,153,2,1.3021835003312232,medium,susceptible,0,1,0.0,-1,-1,0,1,0,0,19.1,21.5,18.792152631463303,32.33357388226671,29.24880352615969,44.10215414239989,6,16,1.302,1.303,60,0.354,102,58,0.004,498,2,5,0.35,1,0,1
10,38,182,2,1.3027128263421957,low,susceptible,0,1,0.0,-1,-1,0,0,1,0,25.9,27.7,14.9735720362503,29.861346252304166,22.993347204476102,47.01063709417264,6,16,1.302,1.303,60,0.354,102,58,0.338,331,96,58,0.01599999999999996,1,1,0
33,38,7,6,1.302700249767327,strong,susceptible,0,1,0.0,-1,-1,1,0,0,0,19.7,29.7,14.365676173442898,23.09502110845539,18.89352221673176,45.27692569068709,6,16,1.302,1.303,60,0.354,102,58,0.352,324,102,58,0.0020000000000000018,1,1,0
0,0,92,7,1.302357488103377,strong,susceptible,0,1,0.0,-1,-1,1,0,0,0,21.1,24.1,16.456086935606976,27.0040737667486,23.882702151421682,37.36308338453881,6,16,1.302,1.303,60,0.354,102,58,0.354,323,102,58,0.0,1,1,0
0,1,92,7,1.302357488103377,strong,susceptible,0,1,0.0,-1,-1,1,0,0,0,21.1,24.1,16.456086935606976,27.0040737667486,23.882702151421682,37.36308338453881,6,16,1.302,1.303,60,0.354,102,58,0.354,323,102,58,0.0,1,1,0
0,2,92,7,1.302357488103377,strong,susceptible,0,1,0.0,-1,-1,1,0,0,0,21.1,24.1,16.456086935606976,27.0040737667486,23.882702151421682,37.36308338453881,6,16,1.302,1.303,60,0.354,102,58,0.354,323,102,58,0.0,1,1,0
0,3,92,7,1.302357488103377,strong,susceptible,0,1,0.0,-1,-1,1,0,0,0,21.1,24.1,16.456086935606976,27.0040737667486,23.882702151421682,37.36308338453881,6,16,1.302,1.303,60,0.354,102,58,0.354,323,102,58,0.0,1,1,0
0,4,92,7,1.302357488103377,strong,susceptible,0,1,0.0,-1,-1,1,0,0,0,21.1,24.1,16.456086935606976,27.0040737667486,23.882702151421682,37.36308338453881,6,16,1.302,1.303,60,0.354,102,58,0.354,323,102,58,0.0,1,1,0
0,5,92,7,1.302357488103377,strong,susceptible,0,1,0.0,-1,-1,1,0,0,0,21.1,24.1,16.456086935606976,27.0040737667486,23.882702151421682,37.36308338453881,6,16,1.302,1.303,60,0.354,102,58,0.354,323,102,58,0.0,1,1,0
0,6,92,7,1.302357488103377,strong,susceptible,0,1,0.0,-1,-1,1,0,0,0,21.1,24.1,16.456086935606976,27.0040737667486,23.882702151421682,37.36308338453881,6,16,1.302,1.303,60,0.354,102,58,0.354,323,102,58,0.0,1,1,0
0,7,92,7,1.302357488103377,strong,susceptible,0,1,0.0,-1,-1,1,0,0,0,21.1,24.1,16.456086935606976,27.0040737667486,23.882702151421682,37.36308338453881,6,16,1.302,1.303,60,0.354,102,58,0.354,323,102,58,0.0,1,1,0
0,8,92,7,1.302357488103377,strong,susceptible,0,1,0.0,-1,-1,1,0,0,0,21.1,24.1,16.456086935606976,27.0040737667486,23.882702151421682,37.36308338453881,6,16,1.302,1.303,60,0.354,102,58,0.354,323,102,58,0.0,1,1,0
0,9,92,7,1.302357488103377,strong,susceptible,0,1,0.0,-1,-1,1,0,0,0,21.1,24.1,16.456086935606976,27.0040737667486,23.882702151421682,37.36308338453881,6,16,1.302,1.303,60,0.354,102,58,0.354,323,102,58,0.0,1,1,0
0,10,92,7,1.302357488103377,strong,susceptible,0,1,0.0,-1,-1,1,0,0,0,21.1,24.1,16.456086935606976,27.0040737667486,23.882702151421682,37.36308338453881,6,16,1.302,1.303,60,0.354,102,58,0.354,323,102,58,0.0,1,1,0
0,11,92,7,1.302357488103377,strong,susceptible,0,1,0.0,-1,-1,1,0,0,0,21.1,24.1,16.456086935606976,27.0040737667486,23.882702151421682,37.36308338453881,6,16,1.302,1.303,60,0.354,102,58,0.354,323,102,58,0.0,1,1,0
0,12,92,7,1.302357488103377,strong,susceptible,0,1,0.0,-1,-1,1,0,0,0,21.1,24.1,16.456086935606976,27.0040737667486,23.882702151421682,37.36308338453881,6,16,1.302,1.303,60,0.354,102,58,0.354,323,102,58,0.0,1,1,0
0,13,92,7,1.302357488103377,strong,susceptible,0,1,0.0,-1,-1,1,0,0,0,21.1,24.1,16.456086935606976,27.0040737667486,23.882702151421682,37.36308338453881,6,16,1.302,1.303,60,0.354,102,58,0.354,323,102,58,0.0,1,1,0
0,14,92,7,1.302357488103377,strong,susceptible,0,1,0.0,-1,-1,1,0,0,0,21.1,24.1,16.456086935606976,27.0040737667486,23.882702151421682,37.36308338453881,6,16,1.302,1.303,60,0.354,102,58,0.354,323,102,58,0.0,1,1,0
0,15,92,7,1.302357488103377,strong,susceptible,0,1,0.0,-1,-1,1,0,0,0,21.1,24.1,16.456086935606976,27.0040737667486,23.882702151421682,37.36308338453881,6,16,1.302,1.303,60,0.354,102,58,0.354,323,102,58,0.0,1,1,0
0,16,92,7,1.302357488103377,strong,susceptible,0,1,0.0,-1,-1,1,0,0,0,21.1,24.1,16.456086935606976,27.0040737667486,23.882702151421682,37.36308338453881,6,16,1.302,1.303,60,0.354,102,58,0.354,323,102,58,0.0,1,1,0
0,17,92,7,1.302357488103377,strong,susceptible,0,1,0.0,-1,-1,1,0,0,0,21.1,24.1,16.456086935606976,27.0040737667486,23.882702151421682,37.36308338453881,6,16,1.302,1.303,60,0.354,102,58,0.354,323,102,58,0.0,1,1,0
0,18,92,7,1.302357488103377,strong,susceptible,0,1,0.0,-1,-1,1,0,0,0,21.1,24.1,16.456086935606976,27.0040737667486,23.882702151421682,37.36308338453881,6,16,1.302,1.303,60,0.354,102,58,0.354,323,102,58,0.0,1,1,0
0,19,92,7,1.302357488103377,strong,susceptible,0,1,0.0,-1,-1,1,0,0,0,21.1,24.1,16.456086935606976,27.0040737667486,23.882702151421682,37.36308338453881,6,16,1.302,1.303,60,0.354,102,58,0.354,323,102,58,0.0,1,1,0
0,20,92,7,1.302357488103377,strong,susceptible,0,1,0.0,-1,-1,1,0,0,0,21.1,24.1,16.456086935606976,27.0040737667486,23.882702151421682,37.36308338453881,6,16,1.302,1.303,60,0.354,102,58,0.354,323,102,58,0.0,1,1,0
0,21,92,7,1.302357488103377,strong,susceptible,0,1,0.0,-1,-1,1,0,0,0,21.1,24.1,16.456086935606976,27.0040737667486,23.882702151421682,37.36308338453881,6,16,1.302,1.303,60,0.354,102,58,0.354,323,102,58,0.0,1,1,0
0,22,92,7,1.302357488103377,strong,susceptible,0,1,0.0,-1,-1,1,0,0,0,21.1,24.1,16.456086935606976,27.0040737667486,23.882702151421682,37.36308338453881,6,16,1.302,1.303,60,0.354,102,58,0.354,323,102,58,0.0,1,1,0
0,23,92,7,1.302357488103377,strong,susceptible,0,1,0.0,-1,-1,1,0,0,0,21.1,24.1,16.456086935606976,27.0040737667486,23.882702151421682,37.36308338453881,6,16,1.302,1.303,60,0.354,102,58,0.354,323,102,58,0.0,1,1,0
0,24,92,7,1.302357488103377,strong,susceptible,0,1,0.0,-1,-1,1,0,0,0,21.1,24.1,16.456086935606976,27.0040737667486,23.882702151421682,37.36308338453881,6,16,1.302,1.303,60,0.354,102,58,0.354,323,102,58,0.0,1,1,0
0,25,92,7,1.302357488103377,strong,susceptible,0,1,0.0,-1,-1,1,0,0,0,21.1,24.1,16.456086935606976,27.0040737667486,23.882702151421682,37.36308338453881,6,16,1.302,1.303,60,0.354,102,58,0.354,323,102,58,0.0,1,1,0
0,26,92,7,1.302357488103377,strong,susceptible,0,1,0.0,-1,-1,1,0,0,0,21.1,24.1,16.456086935606976,27.0040737667486,23.882702151421682,37.36308338453881,6,16,1.302,1.303,60,0.354,102,58,0.354,323,102,58,0.0,1,1,0
0,27,92,7,1.302357488103377,strong,susceptible,0,1,0.0,-1,-1,1,0,0,0,21.1,24.1,16.456086935606976,27.0040737667486,23.882702151421682,37.36308338453881,6,16,1.302,1.303,60,0.354,102,58,0.354,323,102,58,0.0,1,1,0
0,28,92,7,1.302357488103377,strong,susceptible,0,1,0.0,-1,-1,1,0,0,0,21.1,24.1,16.456086935606976,27.0040737667486,23.882702151421682,37.36308338453881,6,16,1.302,1.303,60,0.354,102,58,0.354,323,102,58,0.0,1,1,0
0,29,92,7,1.302357488103377,strong,susceptible,0,1,0.0,-1,-1,1,0,0,0,21.1,24.1,16.456086935606976,27.0040737667486,23.882702151421682,37.36308338453881,6,16,1.302,1.303,60,0.354,102,58,0.354,323,102,58,0.0,1,1,0
0,30,92,7,1.302357488103377,strong,susceptible,0,1,0.0,-1,-1,1,0,0,0,21.1,24.1,16.456086935606976,27.0040737667486,23.882702151421682,37.36308338453881,6,16,1.302,1.303,60,0.354,102,58,0.354,323,102,58,0.0,1,1,0
0,31,92,7,1.302357488103377,strong,susceptible,0,1,0.0,-1,-1,1,0,0,0,21.1,24.1,16.456086935606976,27.0040737667486,23.882702151421682,37.36308338453881,6,16,1.302,1.303,60,0.354,102,58,0.354,323,102,58,0.0,1,1,0
0,32,92,7,1.302357488103377,strong,susceptible,0,1,0.0,-1,-1,1,0,0,0,21.1,24.1,16.456086935606976,27.0040737667486,23.882702151421682,37.36308338453881,6,16,1.302,1.303,60,0.354,102,58,0.354,323,102,58,0.0,1,1,0
0,33,92,7,1.302357488103377,strong,susceptible,0,1,0.0,-1,-1,1,0,0,0,21.1,24.1,16.456086935606976,27.0040737667486,23.882702151421682,37.36308338453881,6,16,1.302,1.303,60,0.354,102,58,0.354,323,102,58,0.0,1,1,0
0,34,92,7,1.302357488103377,strong,susceptible,0,1,0.0,-1,-1,1,0,0,0,21.1,24.1,16.456086935606976,27.0040737667486,23.882702151421682,37.36308338453881,6,16,1.302,1.303,60,0.354,102,58,0.354,323,102,58,0.0,1,1,0
0,35,92,7,1.302357488103377,strong,susceptible,0,1,0.0,-1,-1,1,0,0,0,21.1,24.1,16.456086935606976,27.0040737667486,23.882702151421682,37.36308338453881,6,16,1.302,1.303,60,0.354,102,58,0.354,323,102,58,0.0,1,1,0
0,36,92,7,1.302357488103377,strong,susceptible,0,1,0.0,-1,-1,1,0,0,0,21.1,24.1,16.456086935606976,27.0040737667486,23.882702151421682,37.36308338453881,6,16,1.302,1.303,60,0.354,102,58,0.354,323,102,58,0.0,1,1,0
0,37,92,7,1.302357488103377,strong,susceptible,0,1,0.0,-1,-1,1,0,0,0,21.1,24.1,16.456086935606976,27.0040737667486,23.882702151421682,37.36308338453881,6,16,1.302,1.303,60,0.354,102,58,0.354,323,102,58,0.0,1,1,0
0,38,92,7,1.302357488103377,strong,susceptible,0,1,0.0,-1,-1,1,0,0,0,21.1,24.1,16.456086935606976,27.0040737667486,23.882702151421682,37.36308338453881,6,16,1.302,1.303,60,0.354,102,58,0.354,323,102,58,0.0,1,1,0
0,39,92,7,1.302357488103377,strong,susceptible,0,1,0.0,-1,-1,1,0,0,0,21.1,24.1,16.456086935606976,27.0040737667486,23.882702151421682,37.36308338453881,6,16,1.302,1.303,60,0.354,102,58,0.354,323,102,58,0.0,1,1,0
1,0,120,6,1.3027387174513494,medium,susceptible,0,1,0.0,-1,-1,0,1,0,0,18.4,28.7,19.682948283024928,27.037936311782378,22.58943148828202,39.35733730830886,6,16,1.302,1.303,60,0.354,102,58,0.354,323,102,58,0.0,1,1,0
1,1,120,6,1.3027387174513494,medium,susceptible,0,1,0.0,-1,-1,0,1,0,0,18.4,28.7,19.682948283024928,27.037936311782378,22.58943148828202,39.35733730830886,6,16,1.302,1.303,60,0.354,102,58,0.354,323,102,58,0.0,1,1,0
1,2,120,6,1.3027387174513494,medium,susceptible,0,1,0.0,-1,-1,0,1,0,0,18.4,28.7,19.682948283024928,27.037936311782378,22.58943148828202,39.35733730830886,6,16,1.302,1.303,60,0.354,102,58,0.354,323,102,58,0.0,1,1,0
1,3,120,6,1.3027387174513494,medium,susceptible,0,1,0.0,-1,-1,0,1,0,0,18.4,28.7,19.682948283024928,27.037936311782378,22.58943148828202,39.35733730830886,6,16,1.302,1.303,60,0.354,102,58,0.354,323,102,58,0.0,1,1,0
1,4,120,6,1.3027387174513494,medium,susceptible,0,1,0.0,-1,-1,0,1,0,0,18.4,28.7,19.682948283024928,27.037936311782378,22.58943148828202,39.35733730830886,6,16,1.302,1.303,60,0.354,102,58,0.354,323,102,58,0.0,1,1,0
1,5,120,6,1.3027387174513494,medium,susceptible,0,1,0.0,-1,-1,0,1,0,0,18.4,28.7,19.682948283024928,27.037936311782378,22.58943148828202,39.35733730830886,6,16,1.302,1.303,60,0.354,102,58,0.354,323,102,58,0.0,1,1,0
1,6,120,6,1.3027387174513494,medium,susceptible,0,1,0.0,-1,-1,0,1,0,0,18.4,28.7,19.682948283024928,27.037936311782378,22.58943148828202,39.35733730830886,6,16,1.302,1.303,60,0.354,102,58,0.354,323,102,58,0.0,1,1,0
1,7,120,6,1.3027387174513494,medium,susceptible,0,1,0.0,-1,-1,0,1,0,0,18.4,28.7,19.682948283024928,27.037936311782378,22.58943148828202,39.35733730830886,6,16,1.302,1.303,60,0.354,102,58,0.354,323,102,58,0.0,1,1,0
1,8,120,6,1.3027387174513494,medium,susceptible,0,1,0.0,-1,-1,0,1,0,0,18.4,28.7,19.682948283024928,27.037936311782378,22.58943148828202,39.35733730830886,6,16,1.302,1.303,60,0.354,102,58,0.354,323,102,58,0.0,1,1,0
1,9,120,6,1.3027387174513494,medium,susceptible,0,1,0.0,-1,-1,0,1,0,0,18.4,28.7,19.682948283024928,27.037936311782378,22.58943148828202,39.35733730830886,6,16,1.302,1.303,60,0.354,102,58,0.354,323,102,58,0.0,1,1,0
1,10,120,6,1.3027387174513494,medium,susceptible,0,1,0.0,-1,-1,0,1,0,0,18.4,28.7,19.682948283024928,27.037936311782378,22.58943148828202,39.35733730830886,6,16,1.302,1.303,60,0.354,102,58,0.354,323,102,58,0.0,1,1,0
1,11,120,6,1.3027387174513494,medium,susceptible,0,1,0.0,-1,-1,0,1,0,0,18.4,28.7,19.682948283024928,27.037936311782378,22.58943148828202,39.35733730830886,6,16,1.302,1.303,60,0.354,102,58,0.354,323,102,58,0.0,1,1,0
1,12,120,6,1.3027387174513494,medium,susceptible,0,1,0.0,-1,-1,0,1,0,0,18.4,28.7,19.682948283024928,27.037936311782378,22.58943148828202,39.35733730830886,6,16,1.302,1.303,60,0.354,102,58,0.354,323,102,58,0.0,1,1,0
1,13,120,6,1.3027387174513494,medium,susceptible,0,1,0.0,-1,-1,0,1,0,0,18.4,28.7,19.682948283024928,27.037936311782378,22.58943148828202,39.35733730830886,6,16,1.302,1.303,60,0.354,102,58,0.354,323,102,58,0.0,1,1,0
1,14,120,6,1.3027387174513494,medium,susceptible,0,1,0.0,-1,-1,0,1,0,0,18.4,28.7,19.682948283024928,27.037936311782378,22.58943148828202,39.35733730830886,6,16,1.302,1.303,60,0.354,102,58,0.354,323,102,58,0.0,1,1,0
1,15,120,6,1.3027387174513494,medium,susceptible,0,1,0.0,-1,-1,0,1,0,0,18.4,28.7,19.682948283024928,27.037936311782378,22.58943148828202,39.35733730830886,6,16,1.302,1.303,60,0.354,102,58,0.354,323,102,58,0.0,1,1,0
1,16,120,6,1.3027387174513494,medium,susceptible,0,1,0.0,-1,-1,0,1,0,0,18.4,28.7,19.682948283024928,27.037936311782378,22.58943148828202,39.35733730830886,6,16,1.302,1.303,60,0.354,102,58,0.354,323,102,58,0.0,1,1,0
1,17,120,6,1.3027387174513494,medium,susceptible,0,1,0.0,-1,-1,0,1,0,0,18.4,28.7,19.682948283024928,27.037936311782378,22.58943148828202,39.35733730830886,6,16,1.302,1.303,60,0.354,102,58,0.354,323,102,58,0.0,1,1,0
1,18,120,6,1.3027387174513494,medium,susceptible,0,1,0.0,-1,-1,0,1,0,0,18.4,28.7,19.682948283024928,27.037936311782378,22.58943148828202,39.35733730830886,6,16,1.302,1.303,60,0.354,102,58,0.354,323,102,58,0.0,1,1,0
1,19,120,6,1.3027387174513494,medium,susceptible,0,1,0.0,-1,-1,0,1,0,0,18.4,28.7,19.682948283024928,27.037936311782378,22.58943148828202,39.35733730830886,6,16,1.302,1.303,60,0.354,102,58,0.354,323,102,58,0.0,1,1,0
1,20,120,6,1.3027387174513494,medium,susceptible,0,1,0.0,-1,-1,0,1,0,0,18.4,28.7,19.682948283024928,27.037936311782378,22.58943148828202,39.35733730830886,6,16,1.302,1.303,60,0.354,102,58,0.354,323,102,58,0.0,1,1,0
1,21,120,6,1.3027387174513494,medium,susceptible,0,1,0.0,-1,-1,0,1,0,0,18.4,28.7,19.682948283024928,27.037936311782378,22.58943148828202,39.35733730830886,6,16,1.302,1.303,60,0.354,102,58,0.354,323,102,58,0.0,1,1,0
1,22,120,6,1.3027387174513494,medium,susceptible,0,1,0.0,-1,-1,0,1,0,0,18.4,28.7,19.682948283024928,27.037936311782378,22.58943148828202,39.35733730830886,6,16,1.302,1.303,60,0.354,102,58,0.354,323,102,58,0.0,1,1,0
1,23,120,6,1.3027387174513494,medium,susceptible,0,1,0.0,-1,-1,0,1,0,0,18.4,28.7,19.682948283024928,27.037936311782378,22.58943148828202,39.35733730830886,6,16,1.302,1.303,60,0.354,102,58,0.354,323,102,58,0.0,1,1,0
1,24,120,6,1.3027387174513494,medium,susceptible,0,1,0.0,-1,-1,0,1,0,0,18.4,28.7,19.682948283024928,27.037936311782378,22.58943148828202,39.35733730830886,6,16,1.302,1.303,60,0.354,102,58,0.354,323,102,58,0.0,1,1,0
1,25,120,6,1.3027387174513494,medium,susceptible,0,1,0.0,-1,-1,0,1,0,0,18.4,28.7,19.682948283024928,27.037936311782378,22.58943148828202,39.35733730830886,6,16,1.302,1.303,60,0.354,102,58,0.354,323,102,58,0.0,1,1,0
1,26,120,6,1.3027387174513494,medium,susceptible,0,1,0.0,-1,-1,0,1,0,0,18.4,28.7,19.682948283024928,27.037936311782378,22.58943148828202,39.35733730830886,6,16,1.302,1.303,60,0.354,102,58,0.354,323,102,58,0.0,1,1,0
1,27,120,6,1.3027387174513494,medium,susceptible,0,1,0.0,-1,-1,0,1,0,0,18.4,28.7,19.682948283024928,27.037936311782378,22.58943148828202,39.35733730830886,6,16,1.302,1.303,60,0.354,102,58,0.354,323,102,58,0.0,1,1,0
1,28,120,6,1.3027387174513494,medium,susceptible,0,1,0.0,-1,-1,0,1,0,0,18.4,28.7,19.682948283024928,27.037936311782378,22.58943148828202,39.35733730830886,6,16,1.302,1.303,60,0.354,102,58,0.354,323,102,58,0.0,1,1,0
1,29,120,6,1.3027387174513494,medium,susceptible,0,1,0.0,-1,-1,0,1,0,0,18.4,28.7,19.682948283024928,27.037936311782378,22.58943148828202,39.35733730830886,6,16,1.302,1.303,60,0.354,102,58,0.354,323,102,58,0.0,1,1,0
1,30,120,6,1.3027387174513494,medium,susceptible,0,1,0.0,-1,-1,0,1,0,0,18.4,28.7,19.682948283024928,27.037936311782378,22.58943148828202,39.35733730830886,6,16,1.302,1.303,60,0.354,102,58,0.354,323,102,58,0.0,1,1,0
1,31,120,6,1.3027387174513494,medium,susceptible,0,1,0.0,-1,-1,0,1,0,0,18.4,28.7,19.682948283024928,27.037936311782378,22.58943148828202,39.35733730830886,6,16,1.302,1.303,60,0.354,102,58,0.354,323,102,58,0.0,1,1,0
1,32,120,6,1.3027387174513494,medium,susceptible,0,1,0.0,-1,-1,0,1,0,0,18.4,28.7,19.682948283024928,27.037936311782378,22.58943148828202,39.35733730830886,6,16,1.302,1.303,60,0.354,102,58,0.354,323,102,58,0.0,1,1,0
1,33,120,6,1.3027387174513494,medium,susceptible,0,1,0.0,-1,-1,0,1,0,0,18.4,28.7,19.682948283024928,27.037936311782378,22.58943148828202,39.35733730830886,6,16,1.302,1.303,60,0.354,102,58,0.354,323,102,58,0.0,1,1,0
1,34,120,6,1.3027387174513494,medium,susceptible,0,1,0.0,-1,-1,0,1,0,0,18.4,28.7,19.682948283024928,27.037936311782378,22.58943148828202,39.35733730830886,6,16,1.302,1.303,60,0.354,102,58,0.354,323,102,58,0.0,1,1,0
1,35,120,6,1.3027387174513494,medium,susceptible,0,1,0.0,-1,-1,0,1,0,0,18.4,28.7,19.682948283024928,27.037936311782378,22.58943148828202,39.35733730830886,6,16,1.302,1.303,60,0.354,102,58,0.354,323,102,58,0.0,1,1,0
1,36,120,6,1.3027387174513494,medium,susceptible,0,1,0.0,-1,-1,0,1,0,0,18.4,28.7,19.682948283024928,27.037936311782378,22.58943148828202,39.35733730830886,6,16,1.302,1.303,60,0.354,102,58,0.354,323,102,58,0.0,1,1,0
1,37,120,6,1.3027387174513494,medium,susceptible,0,1,0.0,-1,-1,0,1,0,0,18.4,28.7,19.682948283024928,27.037936311782378,22.58943148828202,39.35733730830886,6,16,1.302,1.303,60,0.354,102,58,0.354,323,102,58,0.0,1,1,0
1,38,120,6,1.3027387174513494,medium,susceptible,0,1,0.0,-1,-1,0,1,0,0,18.4,28.7,19.682948283024928,27.037936311782378,22.58943148828202,39.35733730830886,6,16,1.302,1.303,60,0.354,102,58,0.354,323,102,58,0.0,1,1,0
1,39,120,6,1.3027387174513494,medium,susceptible,0,1,0.0,-1,-1,0,1,0,0,18.4,28.7,19.682948283024928,27.037936311782378,22.58943148828202,39.35733730830886,6,16,1.302,1.303,60,0.354,102,58,0.354,323,102,58,0.0,1,1,0
2,0,123,5,1.3022498750571885,strong,susceptible,0,1,0.0,-1,-1,1,0,0,0,21.9,16.7,18.39680303987451,23.759208741033444,13.753175040854476,33.24154027718932,6,16,1.302,1.303,60,0.354,102,58,0.354,323,102,58,0.0,1,1,0
2,1,123,5,1.3022498750571885,strong,susceptible,0,1,0.0,-1,-1,1,0,0,0,21.9,16.7,18.39680303987451,23.759208741033444,13.753175040854476,33.24154027718932,6,16,1.302,1.303,60,0.354,102,58,0.354,323,102,58,0.0,1,1,0
2,2,123,5,1.3022498750571885,strong,susceptible,0,1,0.0,-1,-1,1,0,0,0,21.9,16.7,18.39680303987451,23.759208741033444,13.753175040854476,33.24154027718932,6,16,1.302,1.303,60,0.354,102,58,0.354,323,102,58,0.0,1,1,0
2,3,123,5,1.3022498750571885,strong,susceptible,0,1,0.0,-1,-1,1,0,0,0,21.9,16.7,18.39680303987451,23.759208741033444,13.753175040854476,33.24154027718932,6,16,1.302,1.303,60,0.354,102,58,0.354,323,102,58,0.0,1,1,0
2,4,123,5,1.3022498750571885,strong,susceptible,0,1,0.0,-1,-1,1,0,0,0,21.9,16.7,18.39680303987451,23.759208741033444,13.753175040854476,33.24154027718932,6,16,1.302,1.303,60,0.354,102,58,0.354,323,102,58,0.0,1,1,0
2,5,123,5,1.3022498750571885,strong,susceptible,0,1,0.0,-1,-1,1,0,0,0,21.9,16.7,18.39680303987451,23.759208741033444,13.753175040854476,33.24154027718932,6,16,1.302,1.303,60,0.354,102,58,0.354,323,102,58,0.0,1,1,0
2,6,123,5,1.3022498750571885,strong,susceptible,0,1,0.0,-1,-1,1,0,0,0,21.9,16.7,18.39680303987451,23.759208741033444,13.753175040854476,33.24154027718932,6,16,1.302,1.303,60,0.354,102,58,0.354,323,102,58,0.0,1,1,0
2,7,123,5,1.3022498750571885,strong,susceptible,0,1,0.0,-1,-1,1,0,0,0,21.9,16.7,18.39680303987451,23.759208741033444,13.753175040854476,33.24154027718932,6,16,1.302,1.303,60,0.354,102,58,0.354,323,102,58,0.0,1,1,0
2,8,123,5,1.3022498750571885,strong,susceptible,0,1,0.0,-1,-1,1,0,0,0,21.9,16.7,18.39680303987451,23.759208741033444,13.753175040854476,33.24154027718932,6,16,1.302,1.303,60,0.354,102,58,0.354,323,102,58,0.0,1,1,0
2,9,123,5,1.3022498750571885,strong,susceptible,0,1,0.0,-1,-1,1,0,0,0,21.9,16.7,18.39680303987451,23.759208741033444,13.753175040854476,33.24154027718932,6,16,1.302,1.303,60,0.354,102,58,0.354,323,102,58,0.0,1,1,0
2,10,123,5,1.3022498750571885,strong,susceptible,0,1,0.0,-1,-1,1,0,0,0,21.9,16.7,18.39680303987451,23.759208741033444,13.753175040854476,33.24154027718932,6,16,1.302,1.303,60,0.354,102,58,0.354,323,102,58,0.0,1,1,0
2,11,123,5,1.3022498750571885,strong,susceptible,0,1,0.0,-1,-1,1,0,0,0,21.9,16.7,18.39680303987451,23.759208741033444,13.753175040854476,33.24154027718932,6,16,1.302,1.303,60,0.354,102,58,0.354,323,102,58,0.0,1,1,0
2,12,123,5,1.3022498750571885,strong,susceptible,0,1,0.0,-1,-1,1,0,0,0,21.9,16.7,18.39680303987451,23.759208741033444,13.753175040854476,33.24154027718932,6,16,1.302,1.303,60,0.354,102,58,0.354,323,102,58,0.0,1,1,0
2,13,123,5,1.3022498750571885,strong,susceptible,0,1,0.0,-1,-1,1,0,0,0,21.9,16.7,18.39680303987451,23.759208741033444,13.753175040854476,33.24154027718932,6,16,1.302,1.303,60,0.354,102,58,0.354,323,102,58,0.0,1,1,0
2,14,123,5,1.3022498750571885,strong,susceptible,0,1,0.0,-1,-1,1,0,0,0,21.9,16.7,18.39680303987451,23.759208741033444,13.753175040854476,33.24154027718932,6,16,1.302,1.303,60,0.354,102,58,0.354,323,102,58,0.0,1,1,0
2,15,123,5,1.3022498750571885,strong,susceptible,0,1,0.0,-1,-1,1,0,0,0,21.9,16.7,18.39680303987451,23.759208741033444,13.753175040854476,33.24154027718932,6,16,1.302,1.303,60,0.354,102,58,0.354,323,102,58,0.0,1,1,0
2,16,123,5,1.3022498750571885,strong,susceptible,0,1,0.0,-1,-1,1,0,0,0,21.9,16.7,18.39680303987451,23.759208741033444,13.753175040854476,33.24154027718932,6,16,1.302,1.303,60,0.354,102,58,0.354,323,102,58,0.0,1,1,0
2,17,123,5,1.3022498750571885,strong,susceptible,0,1,0.0,-1,-1,1,0,0,0,21.9,16.7,18.39680303987451,23.759208741033444,13.753175040854476,33.24154027718932,6,16,1.302,1.303,60,0.354,102,58,0.354,323,102,58,0.0,1,1,0
2,18,123,5,1.3022498750571885,strong,susceptible,0,1,0.0,-1,-1,1,0,0,0,21.9,16.7,18.39680303987451,23.759208741033444,13.753175040854476,33.24154027718932,6,16,1.302,1.303,60,0.354,102,58,0.354,323,102,58,0.0,1,1,0
2,19,123,5,1.3022498750571885,strong,susceptible,0,1,0.0,-1,-1,1,0,0,0,21.9,16.7,18.39680303987451,23.759208741033444,13.753175040854476,33.24154027718932,6,16,1.302,1.303,60,0.354,102,58,0.354,323,102,58,0.0,1,1,0
2,20,123,5,1.3022498750571885,strong,susceptible,0,1,0.0,-1,-1,1,0,0,0,21.9,16.7,18.39680303987451,23.759208741033444,13.753175040854476,33.24154027718932,6,16,1.302,1.303,60,0.354,102,58,0.354,323,102,58,0.0,1,1,0
2,21,123,5,1.3022498750571885,strong,susceptible,0,1,0.0,-1,-1,1,0,0,0,21.9,16.7,18.39680303987451,23.759208741033444,13.753175040854476,33.24154027718932,6,16,1.302,1.303,60,0.354,102,58,0.354,323,102,58,0.0,1,1,0
2,22,123,5,1.3022498750571885,strong,susceptible,0,1,0.0,-1,-1,1,0,0,0,21.9,16.7,18.39680303987451,23.759208741033444,13.753175040854476,33.24154027718932,6,16,1.302,1.303,60,0.354,102,58,0.354,323,102,58,0.0,1,1,0
2,23,123,5,1.3022498750571885,strong,susceptible,0,1,0.0,-1,-1,1,0,0,0,21.9,16.7,18.39680303987451,23.759208741033444,13.753175040854476,33.24154027718932,6,16,1.302,1.303,60,0.354,102,58,0.354,323,102,58,0.0,1,1,0
2,24,123,5,1.3022498750571885,strong,susceptible,0,1,0.0,-1,-1,1,0,0,0,21.9,16.7,18.39680303987451,23.759208741033444,13.753175040854476,33.24154027718932,6,16,1.302,1.303,60,0.354,102,58,0.354,323,102,58,0.0,1,1,0
2,25,123,5,1.3022498750571885,strong,susceptible,0,1,0.0,-1,-1,1,0,0,0,21.9,16.7,18.39680303987451,23.759208741033444,13.753175040854476,33.24154027718932,6,16,1.302,1.303,60,0.354,102,58,0.354,323,102,58,0.0,1,1,0
2,26,123,5,1.3022498750571885,strong,susceptible,0,1,0.0,-1,-1,1,0,0,0,21.9,16.7,18.39680303987451,23.759208741033444,13.753175040854476,33.24154027718932,6,16,1.302,1.303,60,0.354,102,58,0.354,323,102,58,0.0,1,1,0
2,27,123,5,1.3022498750571885,strong,susceptible,0,1,0.0,-1,-1,1,0,0,0,21.9,16.7,18.39680303987451,23.759208741033444,13.753175040854476,33.24154027718932,6,16,1.302,1.303,60,0.354,102,58,0.354,323,102,58,0.0,1,1,0
2,28,123,5,1.3022498750571885,strong,susceptible,0,1,0.0,-1,-1,1,0,0,0,21.9,16.7,18.39680303987451,23.759208741033444,13.753175040854476,33.24154027718932,6,16,1.302,1.303,60,0.354,102,58,0.354,323,102,58,0.0,1,1,0
2,29,123,5,1.3022498750571885,strong,susceptible,0,1,0.0,-1,-1,1,0,0,0,21.9,16.7,18.39680303987451,23.759208741033444,13.753175040854476,33.24154027718932,6,16,1.302,1.303,60,0.354,102,58,0.354,323,102,58,0.0,1,1,0
2,30,123,5,1.3022498750571885,strong,susceptible,0,1,0.0,-1,-1,1,0,0,0,21.9,16.7,18.39680303987451,23.759208741033444,13.753175040854476,33.24154027718932,6,16,1.302,1.303,60,0.354,102,58,0.354,323,102,58,0.0,1,1,0
2,31,123,5,1.3022498750571885,strong,susceptible,0,1,0.0,-1,-1,1,0,0,0,21.9,16.7,18.39680303987451,23.759208741033444,13.753175040854476,33.24154027718932,6,16,1.302,1.303,60,0.354,102,58,0.354,323,102,58,0.0,1,1,0
2,32,123,5,1.3022498750571885,strong,susceptible,0,1,0.0,-1,-1,1,0,0,0,21.9,16.7,18.39680303987451,23.759208741033444,13.753175040854476,33.24154027718932,6,16,1.302,1.303,60,0.354,102,58,0.354,323,102,58,0.0,1,1,0
2,33,123,5,1.3022498750571885,strong,susceptible,0,1,0.0,-1,-1,1,0,0,0,21.9,16.7,18.39680303987451,23.759208741033444,13.753175040854476,33.24154027718932,6,16,1.302,1.303,60,0.354,102,58,0.354,323,102,58,0.0,1,1,0
2,34,123,5,1.3022498750571885,strong,susceptible,0,1,0.0,-1,-1,1,0,0,0,21.9,16.7,18.39680303987451,23.759208741033444,13.753175040854476,33.24154027718932,6,16,1.302,1.303,60,0.354,102,58,0.354,323,102,58,0.0,1,1,0
2,35,123,5,1.3022498750571885,strong,susceptible,0,1,0.0,-1,-1,1,0,0,0,21.9,16.7,18.39680303987451,23.759208741033444,13.753175040854476,33.24154027718932,6,16,1.302,1.303,60,0.354,102,58,0.354,323,102,58,0.0,1,1,0
2,36,123,5,1.3022498750571885,strong,susceptible,0,1,0.0,-1,-1,1,0,0,0,21.9,16.7,18.39680303987451,23.759208741033444,13.753175040854476,33.24154027718932,6,16,1.302,1.303,60,0.354,102,58,0.354,323,102,58,0.0,1,1,0
2,37,123,5,1.3022498750571885,strong,susceptible,0,1,0.0,-1,-1,1,0,0,0,21.9,16.7,18.39680303987451,23.759208741033444,13.753175040854476,33.24154027718932,6,16,1.302,1.303,60,0.354,102,58,0.354,323,102,58,0.0,1,1,0
2,38,123,5,1.3022498750571885,strong,susceptible,0,1,0.0,-1,-1,1,0,0,0,21.9,16.7,18.39680303987451,23.759208741033444,13.753175040854476,33.24154027718932,6,16,1.302,1.303,60,0.354,102,58,0.354,323,102,58,0.0,1,1,0
2,39,123,5,1.3022498750571885,strong,susceptible,0,1,0.0,-1,-1,1,0,0,0,21.9,16.7,18.39680303987451,23.759208741033444,13.753175040854476,33.24154027718932,6,16,1.302,1.303,60,0.354,102,58,0.354,323,102,58,0.0,1,1,0
3,0,72,7,1.3022192189273318,medium,susceptible,0,1,0.0,-1,-1,0,1,0,0,19.8,24.3,16.48503276680779,32.247945671003606,20.311895331873075,42.05948168962618,6,16,1.302,1.303,60,0.354,102,58,0.354,323,102,58,0.0,1,1,0
3,1,72,7,1.3022192189273318,medium,susceptible,0,1,0.0,-1,-1,0,1,0,0,19.8,24.3,16.48503276680779,32.247945671003606,20.311895331873075,42.05948168962618,6,16,1.302,1.303,60,0.354,102,58,0.354,323,102,58,0.0,1,1,0
3,2,72,7,1.3022192189273318,medium,susceptible,0,1,0.0,-1,-1,0,1,0,0,19.8,24.3,16.48503276680779,32.247945671003606,20.311895331873075,42.05948168962618,6,16,1.302,1.303,60,0.354,102,58,0.354,323,102,58,0.0,1,1,0
3,3,72,7,1.3022192189273318,medium,susceptible,0,1,0.0,-1,-1,0,1,0,0,19.8,24.3,16.48503276680779,32.247945671003606,20.311895331873075,42.05948168962618,6,16,1.302,1.303,60,0.354,102,58,0.354,323,102,58,0.0,1,1,0
3,4,72,7,1.3022192189273318,medium,susceptible,0,1,0.0,-1,-1,0,1,0,0,19.8,24.3,16.48503276680779,32.247945671003606,20.311895331873075,42.05948168962618,6,16,1.302,1.303,60,0.354,102,58,0.354,323,102,58,0.0,1,1,0
3,5,72,7,1.3022192189273318,medium,susceptible,0,1,0.0,-1,-1,0,1,0,0,19.8,24.3,16.48503276680779,32.247945671003606,20.311895331873075,42.05948168962618,6,16,1.302,1.303,60,0.354,102,58,0.354,323,102,58,0.0,1,1,0
3,6,72,7,1.3022192189273318,medium,susceptible,0,1,0.0,-1,-1,0,1,0,0,19.8,24.3,16.48503276680779,32.247945671003606,20.311895331873075,42.05948168962618,6,16,1.302,1.303,60,0.354,102,58,0.354,323,102,58,0.0,1,1,0
3,7,72,7,1.3022192189273318,medium,susceptible,0,1,0.0,-1,-1,0,1,0,0,19.8,24.3,16.48503276680779,32.247945671003606,20.311895331873075,42.05948168962618,6,16,1.302,1.303,60,0.354,102,58,0.354,323,102,58,0.0,1,1,0
3,8,72,7,1.3022192189273318,medium,susceptible,0,1,0.0,-1,-1,0,1,0,0,19.8,24.3,16.48503276680779,32.247945671003606,20.311895331873075,42.05948168962618,6,16,1.302,1.303,60,0.354,102,58,0.354,323,102,58,0.0,1,1,0
3,9,72,7,1.3022192189273318,medium,susceptible,0,1,0.0,-1,-1,0,1,0,0,19.8,24.3,16.48503276680779,32.247945671003606,20.311895331873075,42.05948168962618,6,16,1.302,1.303,60,0.354,102,58,0.354,323,102,58,0.0,1,1,0
3,10,72,7,1.3022192189273318,medium,susceptible,0,1,0.0,-1,-1,0,1,0,0,19.8,24.3,16.48503276680779,32.247945671003606,20.311895331873075,42.05948168962618,6,16,1.302,1.303,60,0.354,102,58,0.354,323,102,58,0.0,1,1,0
3,11,72,7,1.3022192189273318,medium,susceptible,0,1,0.0,-1,-1,0,1,0,0,19.8,24.3,16.48503276680779,32.247945671003606,20.311895331873075,42.05948168962618,6,16,1.302,1.303,60,0.354,102,58,0.354,323,102,58,0.0,1,1,0
3,12,72,7,1.3022192189273318,medium,susceptible,0,1,0.0,-1,-1,0,1,0,0,19.8,24.3,16.48503276680779,32.247945671003606,20.311895331873075,42.05948168962618,6,16,1.302,1.303,60,0.354,102,58,0.354,323,102,58,0.0,1,1,0
3,13,72,7,1.3022192189273318,medium,susceptible,0,1,0.0,-1,-1,0,1,0,0,19.8,24.3,16.48503276680779,32.247945671003606,20.311895331873075,42.05948168962618,6,16,1.302,1.303,60,0.354,102,58,0.354,323,102,58,0.0,1,1,0
3,14,72,7,1.3022192189273318,medium,susceptible,0,1,0.0,-1,-1,0,1,0,0,19.8,24.3,16.48503276680779,32.247945671003606,20.311895331873075,42.05948168962618,6,16,1.302,1.303,60,0.354,102,58,0.354,323,102,58,0.0,1,1,0
3,15,72,7,1.3022192189273318,medium,susceptible,0,1,0.0,-1,-1,0,1,0,0,19.8,24.3,16.48503276680779,32.247945671003606,20.311895331873075,42.05948168962618,6,16,1.302,1.303,60,0.354,102,58,0.354,323,102,58,0.0,1,1,0
3,16,72,7,1.3022192189273318,medium,susceptible,0,1,0.0,-1,-1,0,1,0,0,19.8,24.3,16.48503276680779,32.247945671003606,20.311895331873075,42.05948168962618,6,16,1.302,1.303,60,0.354,102,58,0.354,323,102,58,0.0,1,1,0
3,17,72,7,1.3022192189273318,medium,susceptible,0,1,0.0,-1,-1,0,1,0,0,19.8,24.3,16.48503276680779,32.247945671003606,20.311895331873075,42.05948168962618,6,16,1.302,1.303,60,0.354,102,58,0.354,323,102,58,0.0,1,1,0
3,18,72,7,1.3022192189273318,medium,susceptible,0,1,0.0,-1,-1,0,1,0,0,19.8,24.3,16.48503276680779,32.247945671003606,20.311895331873075,42.05948168962618,6,16,1.302,1.303,60,0.354,102,58,0.354,323,102,58,0.0,1,1,0
3,19,72,7,1.3022192189273318,medium,susceptible,0,1,0.0,-1,-1,0,1,0,0,19.8,24.3,16.48503276680779,32.247945671003606,20.311895331873075,42.05948168962618,6,16,1.302,1.303,60,0.354,102,58,0.354,323,102,58,0.0,1,1,0
3,20,72,7,1.3022192189273318,medium,susceptible,0,1,0.0,-1,-1,0,1,0,0,19.8,24.3,16.48503276680779,32.247945671003606,20.311895331873075,42.05948168962618,6,16,1.302,1.303,60,0.354,102,58,0.354,323,102,58,0.0,1,1,0
3,21,72,7,1.3022192189273318,medium,susceptible,0,1,0.0,-1,-1,0,1,0,0,19.8,24.3,16.48503276680779,32.247945671003606,20.311895331873075,42.05948168962618,6,16,1.302,1.303,60,0.354,102,58,0.354,323,102,58,0.0,1,1,0
3,22,72,7,1.3022192189273318,medium,susceptible,0,1,0.0,-1,-1,0,1,0,0,19.8,24.3,16.48503276680779,32.247945671003606,20.311895331873075,42.05948168962618,6,16,1.302,1.303,60,0.354,102,58,0.354,323,102,58,0.0,1,1,0
3,23,72,7,1.3022192189273318,medium,susceptible,0,1,0.0,-1,-1,0,1,0,0,19.8,24.3,16.48503276680779,32.247945671003606,20.311895331873075,42.05948168962618,6,16,1.302,1.303,60,0.354,102,58,0.354,323,102,58,0.0,1,1,0
3,24,72,7,1.3022192189273318,medium,susceptible,0,1,0.0,-1,-1,0,1,0,0,19.8,24.3,16.48503276680779,32.247945671003606,20.311895331873075,42.05948168962618,6,16,1.302,1.303,60,0.354,102,58,0.354,323,102,58,0.0,1,1,0
3,25,72,7,1.3022192189273318,medium,susceptible,0,1,0.0,-1,-1,0,1,0,0,19.8,24.3,16.48503276680779,32.247945671003606,20.311895331873075,42.05948168962618,6,16,1.302,1.303,60,0.354,102,58,0.354,323,102,58,0.0,1,1,0
3,26,72,7,1.3022192189273318,medium,susceptible,0,1,0.0,-1,-1,0,1,0,0,19.8,24.3,16.48503276680779,32.247945671003606,20.311895331873075,42.05948168962618,6,16,1.302,1.303,60,0.354,102,58,0.354,323,102,58,0.0,1,1,0
3,27,72,7,1.3022192189273318,medium,susceptible,0,1,0.0,-1,-1,0,1,0,0,19.8,24.3,16.48503276680779,32.247945671003606,20.311895331873075,42.05948168962618,6,16,1.302,1.303,60,0.354,102,58,0.354,323,102,58,0.0,1,1,0
3,28,72,7,1.3022192189273318,medium,susceptible,0,1,0.0,-1,-1,0,1,0,0,19.8,24.3,16.48503276680779,32.247945671003606,20.311895331873075,42.05948168962618,6,16,1.302,1.303,60,0.354,102,58,0.354,323,102,58,0.0,1,1,0
3,29,72,7,1.3022192189273318,medium,susceptible,0,1,0.0,-1,-1,0,1,0,0,19.8,24.3,16.48503276680779,32.247945671003606,20.311895331873075,42.05948168962618,6,16,1.302,1.303,60,0.354,102,58,0.354,323,102,58,0.0,1,1,0
3,30,72,7,1.3022192189273318,medium,susceptible,0,1,0.0,-1,-1,0,1,0,0,19.8,24.3,16.48503276680779,32.247945671003606,20.311895331873075,42.05948168962618,6,16,1.302,1.303,60,0.354,102,58,0.354,323,102,58,0.0,1,1,0
3,31,72,7,1.3022192189273318,medium,susceptible,0,1,0.0,-1,-1,0,1,0,0,19.8,24.3,16.48503276680779,32.247945671003606,20.311895331873075,42.05948168962618,6,16,1.302,1.303,60,0.354,102,58,0.354,323,102,58,0.0,1,1,0
3,32,72,7,1.3022192189273318,medium,susceptible,0,1,0.0,-1,-1,0,1,0,0,19.8,24.3,16.48503276680779,32.247945671003606,20.311895331873075,42.05948168962618,6,16,1.302,1.303,60,0.354,102,58,0.354,323,102,58,0.0,1,1,0
3,33,72,7,1.3022192189273318,medium,susceptible,0,1,0.0,-1,-1,0,1,0,0,19.8,24.3,16.48503276680779,32.247945671003606,20.311895331873075,42.05948168962618,6,16,1.302,1.303,60,0.354,102,58,0.354,323,102,58,0.0,1,1,0
3,34,72,7,1.3022192189273318,medium,susceptible,0,1,0.0,-1,-1,0,1,0,0,19.8,24.3,16.48503276680779,32.247945671003606,20.311895331873075,42.05948168962618,6,16,1.302,1.303,60,0.354,102,58,0.354,323,102,58,0.0,1,1,0
3,35,72,7,1.3022192189273318,medium,susceptible,0,1,0.0,-1,-1,0,1,0,0,19.8,24.3,16.48503276680779,32.247945671003606,20.311895331873075,42.05948168962618,6,16,1.302,1.303,60,0.354,102,58,0.354,323,102,58,0.0,1,1,0
3,36,72,7,1.3022192189273318,medium,susceptible,0,1,0.0,-1,-1,0,1,0,0,19.8,24.3,16.48503276680779,32.247945671003606,20.311895331873075,42.05948168962618,6,16,1.302,1.303,60,0.354,102,58,0.354,323,102,58,0.0,1,1,0
3,37,72,7,1.3022192189273318,medium,susceptible,0,1,0.0,-1,-1,0,1,0,0,19.8,24.3,16.48503276680779,32.247945671003606,20.311895331873075,42.05948168962618,6,16,1.302,1.303,60,0.354,102,58,0.354,323,102,58,0.0,1,1,0
3,38,72,7,1.3022192189273318,medium,susceptible,0,1,0.0,-1,-1,0,1,0,0,19.8,24.3,16.48503276680779,32.247945671003606,20.311895331873075,42.05948168962618,6,16,1.302,1.303,60,0.354,102,58,0.354,323,102,58,0.0,1,1,0
3,39,72,7,1.3022192189273318,medium,susceptible,0,1,0.0,-1,-1,0,1,0,0,19.8,24.3,16.48503276680779,32.247945671003606,20.311895331873075,42.05948168962618,6,16,1.302,1.303,60,0.354,102,58,0.354,323,102,58,0.0,1,1,0
4,0,106,6,1.302637055956956,strong,susceptible,0,1,0.0,-1,-1,1,0,0,0,19.9,24.9,18.514347549631072,27.821214926742506,24.664467261064722,50.21951811795888,6,16,1.302,1.303,60,0.354,102,58,0.354,323,102,58,0.0,1,1,0
4,1,106,6,1.302637055956956,strong,susceptible,0,1,0.0,-1,-1,1,0,0,0,19.9,24.9,18.514347549631072,27.821214926742506,24.664467261064722,50.21951811795888,6,16,1.302,1.303,60,0.354,102,58,0.354,323,102,58,0.0,1,1,0
4,2,106,6,1.302637055956956,strong,susceptible,0,1,0.0,-1,-1,1,0,0,0,19.9,24.9,18.514347549631072,27.821214926742506,24.664467261064722,50.21951811795888,6,16,1.302,1.303,60,0.354,102,58,0.354,323,102,58,0.0,1,1,0
4,3,106,6,1.302637055956956,strong,susceptible,0,1,0.0,-1,-1,1,0,0,0,19.9,24.9,18.514347549631072,27.821214926742506,24.664467261064722,50.21951811795888,6,16,1.302,1.303,60,0.354,102,58,0.354,323,102,58,0.0,1,1,0
4,4,106,6,1.302637055956956,strong,susceptible,0,1,0.0,-1,-1,1,0,0,0,19.9,24.9,18.514347549631072,27.821214926742506,24.664467261064722,50.21951811795888,6,16,1.302,1.303,60,0.354,102,58,0.354,323,102,58,0.0,1,1,0
4,5,106,6,1.302637055956956,strong,susceptible,0,1,0.0,-1,-1,1,0,0,0,19.9,24.9,18.514347549631072,27.821214926742506,24.664467261064722,50.21951811795888,6,16,1.302,1.303,60,0.354,102,58,0.354,323,102,58,0.0,1,1,0
4,6,106,6,1.302637055956956,strong,susceptible,0,1,0.0,-1,-1,1,0,0,0,19.9,24.9,18.514347549631072,27.821214926742506,24.664467261064722,50.21951811795888,6,16,1.302,1.303,60,0.354,102,58,0.354,323,102,58,0.0,1,1,0
4,7,106,6,1.302637055956956,strong,susceptible,0,1,0.0,-1,-1,1,0,0,0,19.9,24.9,18.514347549631072,27.821214926742506,24.664467261064722,50.21951811795888,6,16,1.302,1.303,60,0.354,102,58,0.354,323,102,58,0.0,1,1,0
4,8,106,6,1.302637055956956,strong,susceptible,0,1,0.0,-1,-1,1,0,0,0,19.9,24.9,18.514347549631072,27.821214926742506,24.664467261064722,50.21951811795888,6,16,1.302,1.303,60,0.354,102,58,0.354,323,102,58,0.0,1,1,0
4,9,106,6,1.302637055956956,strong,susceptible,0,1,0.0,-1,-1,1,0,0,0,19.9,24.9,18.514347549631072,27.821214926742506,24.664467261064722,50.21951811795888,6,16,1.302,1.303,60,0.354,102,58,0.354,323,102,58,0.0,1,1,0
4,10,106,6,1.302637055956956,strong,susceptible,0,1,0.0,-1,-1,1,0,0,0,19.9,24.9,18.514347549631072,27.821214926742506,24.664467261064722,50.21951811795888,6,16,1.302,1.303,60,0.354,102,58,0.354,323,102,58,0.0,1,1,0
4,11,106,6,1.302637055956956,strong,susceptible,0,1,0.0,-1,-1,1,0,0,0,19.9,24.9,18.514347549631072,27.821214926742506,24.664467261064722,50.21951811795888,6,16,1.302,1.303,60,0.354,102,58,0.354,323,102,58,0.0,1,1,0
4,12,106,6,1.302637055956956,strong,susceptible,0,1,0.0,-1,-1,1,0,0,0,19.9,24.9,18.514347549631072,27.821214926742506,24.664467261064722,50.21951811795888,6,16,1.302,1.303,60,0.354,102,58,0.354,323,102,58,0.0,1,1,0
4,13,106,6,1.302637055956956,strong,susceptible,0,1,0.0,-1,-1,1,0,0,0,19.9,24.9,18.514347549631072,27.821214926742506,24.664467261064722,50.21951811795888,6,16,1.302,1.303,60,0.354,102,58,0.354,323,102,58,0.0,1,1,0
4,14,106,6,1.302637055956956,strong,susceptible,0,1,0.0,-1,-1,1,0,0,0,19.9,24.9,18.514347549631072,27.821214926742506,24.664467261064722,50.21951811795888,6,16,1.302,1.303,60,0.354,102,58,0.354,323,102,58,0.0,1,1,0
4,15,106,6,1.302637055956956,strong,susceptible,0,1,0.0,-1,-1,1,0,0,0,19.9,24.9,18.514347549631072,27.821214926742506,24.664467261064722,50.21951811795888,6,16,1.302,1.303,60,0.354,102,58,0.354,323,102,58,0.0,1,1,0
4,16,106,6,1.302637055956956,strong,susceptible,0,1,0.0,-1,-1,1,0,0,0,19.9,24.9,18.514347549631072,27.821214926742506,24.664467261064722,50.21951811795888,6,16,1.302,1.303,60,0.354,102,58,0.354,323,102,58,0.0,1,1,0
4,17,106,6,1.302637055956956,strong,susceptible,0,1,0.0,-1,-1,1,0,0,0,19.9,24.9,18.514347549631072,27.821214926742506,24.664467261064722,50.21951811795888,6,16,1.302,1.303,60,0.354,102,58,0.354,323,102,58,0.0,1,1,0
4,18,106,6,1.302637055956956,strong,susceptible,0,1,0.0,-1,-1,1,0,0,0,19.9,24.9,18.514347549631072,27.821214926742506,24.664467261064722,50.21951811795888,6,16,1.302,1.303,60,0.354,102,58,0.354,323,102,58,0.0,1,1,0
4,19,106,6,1.302637055956956,strong,susceptible,0,1,0.0,-1,-1,1,0,0,0,19.9,24.9,18.514347549631072,27.821214926742506,24.664467261064722,50.21951811795888,6,16,1.302,1.303,60,0.354,102,58,0.354,323,102,58,0.0,1,1,0
4,20,106,6,1.302637055956956,strong,susceptible,0,1,0.0,-1,-1,1,0,0,0,19.9,24.9,18.514347549631072,27.821214926742506,24.664467261064722,50.21951811795888,6,16,1.302,1.303,60,0.354,102,58,0.354,323,102,58,0.0,1,1,0
4,21,106,6,1.302637055956956,strong,susceptible,0,1,0.0,-1,-1,1,0,0,0,19.9,24.9,18.514347549631072,27.821214926742506,24.664467261064722,50.21951811795888,6,16,1.302,1.303,60,0.354,102,58,0.354,323,102,58,0.0,1,1,0
4,22,106,6,1.302637055956956,strong,susceptible,0,1,0.0,-1,-1,1,0,0,0,19.9,24.9,18.514347549631072,27.821214926742506,24.664467261064722,50.21951811795888,6,16,1.302,1.303,60,0.354,102,58,0.354,323,102,58,0.0,1,1,0
4,23,106,6,1.302637055956956,strong,susceptible,0,1,0.0,-1,-1,1,0,0,0,19.9,24.9,18.514347549631072,27.821214926742506,24.664467261064722,50.21951811795888,6,16,1.302,1.303,60,0.354,102,58,0.354,323,102,58,0.0,1,1,0
4,24,106,6,1.302637055956956,strong,susceptible,0,1,0.0,-1,-1,1,0,0,0,19.9,24.9,18.514347549631072,27.821214926742506,24.664467261064722,50.21951811795888,6,16,1.302,1.303,60,0.354,102,58,0.354,323,102,58,0.0,1,1,0
4,25,106,6,1.302637055956956,strong,susceptible,0,1,0.0,-1,-1,1,0,0,0,19.9,24.9,18.514347549631072,27.821214926742506,24.664467261064722,50.21951811795888,6,16,1.302,1.303,60,0.354,102,58,0.354,323,102,58,0.0,1,1,0
4,26,106,6,1.302637055956956,strong,susceptible,0,1,0.0,-1,-1,1,0,0,0,19.9,24.9,18.514347549631072,27.821214926742506,24.664467261064722,50.21951811795888,6,16,1.302,1.303,60,0.354,102,58,0.354,323,102,58,0.0,1,1,0
4,27,106,6,1.302637055956956,strong,susceptible,0,1,0.0,-1,-1,1,0,0,0,19.9,24.9,18.514347549631072,27.821214926742506,24.664467261064722,50.21951811795888,6,16,1.302,1.303,60,0.354,102,58,0.354,323,102,58,0.0,1,1,0
4,28,106,6,1.302637055956956,strong,susceptible,0,1,0.0,-1,-1,1,0,0,0,19.9,24.9,18.514347549631072,27.821214926742506,24.664467261064722,50.21951811795888,6,16,1.302,1.303,60,0.354,102,58,0.354,323,102,58,0.0,1,1,0
4,29,106,6,1.302637055956956,strong,susceptible,0,1,0.0,-1,-1,1,0,0,0,19.9,24.9,18.514347549631072,27.821214926742506,24.664467261064722,50.21951811795888,6,16,1.302,1.303,60,0.354,102,58,0.354,323,102,58,0.0,1,1,0
4,30,106,6,1.302637055956956,strong,susceptible,0,1,0.0,-1,-1,1,0,0,0,19.9,24.9,18.514347549631072,27.821214926742506,24.664467261064722,50.21951811795888,6,16,1.302,1.303,60,0.354,102,58,0.354,323,102,58,0.0,1,1,0
4,31,106,6,1.302637055956956,strong,susceptible,0,1,0.0,-1,-1,1,0,0,0,19.9,24.9,18.514347549631072,27.821214926742506,24.664467261064722,50.21951811795888,6,16,1.302,1.303,60,0.354,102,58,0.354,323,102,58,0.0,1,1,0
4,32,106,6,1.302637055956956,strong,susceptible,0,1,0.0,-1,-1,1,0,0,0,19.9,24.9,18.514347549631072,27.821214926742506,24.664467261064722,50.21951811795888,6,16,1.302,1.303,60,0.354,102,58,0.354,323,102,58,0.0,1,1,0
4,33,106,6,1.302637055956956,strong,susceptible,0,1,0.0,-1,-1,1,0,0,0,19.9,24.9,18.514347549631072,27.821214926742506,24.664467261064722,50.21951811795888,6,16,1.302,1.303,60,0.354,102,58,0.354,323,102,58,0.0,1,1,0
4,34,106,6,1.302637055956956,strong,susceptible,0,1,0.0,-1,-1,1,0,0,0,19.9,24.9,18.514347549631072,27.821214926742506,24.664467261064722,50.21951811795888,6,16,1.302,1.303,60,0.354,102,58,0.354,323,102,58,0.0,1,1,0
4,35,106,6,1.302637055956956,strong,susceptible,0,1,0.0,-1,-1,1,0,0,0,19.9,24.9,18.514347549631072,27.821214926742506,24.664467261064722,50.21951811795888,6,16,1.302,1.303,60,0.354,102,58,0.354,323,102,58,0.0,1,1,0
4,36,106,6,1.302637055956956,strong,susceptible,0,1,0.0,-1,-1,1,0,0,0,19.9,24.9,18.514347549631072,27.821214926742506,24.664467261064722,50.21951811795888,6,16,1.302,1.303,60,0.354,102,58,0.354,323,102,58,0.0,1,1,0
4,37,106,6,1.302637055956956,strong,susceptible,0,1,0.0,-1,-1,1,0,0,0,19.9,24.9,18.514347549631072,27.821214926742506,24.664467261064722,50.21951811795888,6,16,1.302,1.303,60,0.354,102,58,0.354,323,102,58,0.0,1,1,0
4,38,106,6,1.302637055956956,strong,susceptible,0,1,0.0,-1,-1,1,0,0,0,19.9,24.9,18.514347549631072,27.821214926742506,24.664467261064722,50.21951811795888,6,16,1.302,1.303,60,0.354,102,58,0.354,323,102,58,0.0,1,1,0
4,39,106,6,1.302637055956956,strong,susceptible,0,1,0.0,-1,-1,1,0,0,0,19.9,24.9,18.514347549631072,27.821214926742506,24.664467261064722,50.21951811795888,6,16,1.302,1.303,60,0.354,102,58,0.354,323,102,58,0.0,1,1,0
5,0,58,5,1.3027806824017083,strong,susceptible,0,1,0.0,-1,-1,1,0,0,0,19.4,23.4,16.276897267218562,24.878102821557757,23.841294411580918,38.897300677553446,6,16,1.302,1.303,60,0.354,102,58,0.354,323,102,58,0.0,1,1,0
5,1,58,5,1.3027806824017083,strong,susceptible,0,1,0.0,-1,-1,1,0,0,0,19.4,23.4,16.276897267218562,24.878102821557757,23.841294411580918,38.897300677553446,6,16,1.302,1.303,60,0.354,102,58,0.354,323,102,58,0.0,1,1,0
5,2,58,5,1.3027806824017083,strong,susceptible,0,1,0.0,-1,-1,1,0,0,0,19.4,23.4,16.276897267218562,24.878102821557757,23.841294411580918,38.897300677553446,6,16,1.302,1.303,60,0.354,102,58,0.354,323,102,58,0.0,1,1,0
5,3,58,5,1.3027806824017083,strong,susceptible,0,1,0.0,-1,-1,1,0,0,0,19.4,23.4,16.276897267218562,24.878102821557757,23.841294411580918,38.897300677553446,6,16,1.302,1.303,60,0.354,102,58,0.354,323,102,58,0.0,1,1,0
5,4,58,5,1.3027806824017083,strong,susceptible,0,1,0.0,-1,-1,1,0,0,0,19.4,23.4,16.276897267218562,24.878102821557757,23.841294411580918,38.897300677553446,6,16,1.302,1.303,60,0.354,102,58,0.354,323,102,58,0.0,1,1,0
5,5,58,5,1.3027806824017083,strong,susceptible,0,1,0.0,-1,-1,1,0,0,0,19.4,23.4,16.276897267218562,24.878102821557757,23.841294411580918,38.897300677553446,6,16,1.302,1.303,60,0.354,102,58,0.354,323,102,58,0.0,1,1,0
5,6,58,5,1.3027806824017083,strong,susceptible,0,1,0.0,-1,-1,1,0,0,0,19.4,23.4,16.276897267218562,24.878102821557757,23.841294411580918,38.897300677553446,6,16,1.302,1.303,60,0.354,102,58,0.354,323,102,58,0.0,1,1,0
5,7,58,5,1.3027806824017083,strong,susceptible,0,1,0.0,-1,-1,1,0,0,0,19.4,23.4,16.276897267218562,24.878102821557757,23.841294411580918,38.897300677553446,6,16,1.302,1.303,60,0.354,102,58,0.354,323,102,58,0.0,1,1,0
5,8,58,5,1.3027806824017083,strong,susceptible,0,1,0.0,-1,-1,1,0,0,0,19.4,23.4,16.276897267218562,24.878102821557757,23.841294411580918,38.897300677553446,6,16,1.302,1.303,60,0.354,102,58,0.354,323,102,58,0.0,1,1,0
5,9,58,5,1.3027806824017083,strong,susceptible,0,1,0.0,-1,-1,1,0,0,0,19.4,23.4,16.276897267218562,24.878102821557757,23.841294411580918,38.897300677553446,6,16,1.302,1.303,60,0.354,102,58,0.354,323,102,58,0.0,1,1,0
5,10,58,5,1.3027806824017083,strong,susceptible,0,1,0.0,-1,-1,1,0,0,0,19.4,23.4,16.276897267218562,24.878102821557757,23.841294411580918,38.897300677553446,6,16,1.302,1.303,60,0.354,102,58,0.354,323,102,58,0.0,1,1,0
5,11,58,5,1.3027806824017083,strong,susceptible,0,1,0.0,-1,-1,1,0,0,0,19.4,23.4,16.276897267218562,24.878102821557757,23.841294411580918,38.897300677553446,6,16,1.302,1.303,60,0.354,102,58,0.354,323,102,58,0.0,1,1,0
5,12,58,5,1.3027806824017083,strong,susceptible,0,1,0.0,-1,-1,1,0,0,0,19.4,23.4,16.276897267218562,24.878102821557757,23.841294411580918,38.897300677553446,6,16,1.302,1.303,60,0.354,102,58,0.354,323,102,58,0.0,1,1,0
5,13,58,5,1.3027806824017083,strong,susceptible,0,1,0.0,-1,-1,1,0,0,0,19.4,23.4,16.276897267218562,24.878102821557757,23.841294411580918,38.897300677553446,6,16,1.302,1.303,60,0.354,102,58,0.354,323,102,58,0.0,1,1,0
5,14,58,5,1.3027806824017083,strong,susceptible,0,1,0.0,-1,-1,1,0,0,0,19.4,23.4,16.276897267218562,24.878102821557757,23.841294411580918,38.897300677553446,6,16,1.302,1.303,60,0.354,102,58,0.354,323,102,58,0.0,1,1,0
5,15,58,5,1.3027806824017083,strong,susceptible,0,1,0.0,-1,-1,1,0,0,0,19.4,23.4,16.276897267218562,24.878102821557757,23.841294411580918,38.897300677553446,6,16,1.302,1.303,60,0.354,102,58,0.354,323,102,58,0.0,1,1,0
5,16,58,5,1.3027806824017083,strong,susceptible,0,1,0.0,-1,-1,1,0,0,0,19.4,23.4,16.276897267218562,24.878102821557757,23.841294411580918,38.897300677553446,6,16,1.302,1.303,60,0.354,102,58,0.354,323,102,58,0.0,1,1,0
5,17,58,5,1.3027806824017083,strong,susceptible,0,1,0.0,-1,-1,1,0,0,0,19.4,23.4,16.276897267218562,24.878102821557757,23.841294411580918,38.897300677553446,6,16,1.302,1.303,60,0.354,102,58,0.354,323,102,58,0.0,1,1,0
5,18,58,5,1.3027806824017083,strong,susceptible,0,1,0.0,-1,-1,1,0,0,0,19.4,23.4,16.276897267218562,24.878102821557757,23.841294411580918,38.897300677553446,6,16,1.302,1.303,60,0.354,102,58,0.354,323,102,58,0.0,1,1,0
5,19,58,5,1.3027806824017083,strong,susceptible,0,1,0.0,-1,-1,1,0,0,0,19.4,23.4,16.276897267218562,24.878102821557757,23.841294411580918,38.897300677553446,6,16,1.302,1.303,60,0.354,102,58,0.354,323,102,58,0.0,1,1,0
5,20,58,5,1.3027806824017083,strong,susceptible,0,1,0.0,-1,-1,1,0,0,0,19.4,23.4,16.276897267218562,24.878102821557757,23.841294411580918,38.897300677553446,6,16,1.302,1.303,60,0.354,102,58,0.354,323,102,58,0.0,1,1,0
5,21,58,5,1.3027806824017083,strong,susceptible,0,1,0.0,-1,-1,1,0,0,0,19.4,23.4,16.276897267218562,24.878102821557757,23.841294411580918,38.897300677553446,6,16,1.302,1.303,60,0.354,102,58,0.354,323,102,58,0.0,1,1,0
5,22,58,5,1.3027806824017083,strong,susceptible,0,1,0.0,-1,-1,1,0,0,0,19.4,23.4,16.276897267218562,24.878102821557757,23.841294411580918,38.897300677553446,6,16,1.302,1.303,60,0.354,102,58,0.354,323,102,58,0.0,1,1,0
5,23,58,5,1.3027806824017083,strong,susceptible,0,1,0.0,-1,-1,1,0,0,0,19.4,23.4,16.276897267218562,24.878102821557757,23.841294411580918,38.897300677553446,6,16,1.302,1.303,60,0.354,102,58,0.354,323,102,58,0.0,1,1,0
5,24,58,5,1.3027806824017083,strong,susceptible,0,1,0.0,-1,-1,1,0,0,0,19.4,23.4,16.276897267218562,24.878102821557757,23.841294411580918,38.897300677553446,6,16,1.302,1.303,60,0.354,102,58,0.354,323,102,58,0.0,1,1,0
5,25,58,5,1.3027806824017083,strong,susceptible,0,1,0.0,-1,-1,1,0,0,0,19.4,23.4,16.276897267218562,24.878102821557757,23.841294411580918,38.897300677553446,6,16,1.302,1.303,60,0.354,102,58,0.354,323,102,58,0.0,1,1,0
5,26,58,5,1.3027806824017083,strong,susceptible,0,1,0.0,-1,-1,1,0,0,0,19.4,23.4,16.276897267218562,24.878102821557757,23.841294411580918,38.897300677553446,6,16,1.302,1.303,60,0.354,102,58,0.354,323,102,58,0.0,1,1,0
5,27,58,5,1.3027806824017083,strong,susceptible,0,1,0.0,-1,-1,1,0,0,0,19.4,23.4,16.276897267218562,24.878102821557757,23.841294411580918,38.897300677553446,6,16,1.302,1.303,60,0.354,102,58,0.354,323,102,58,0.0,1,1,0
5,28,58,5,1.3027806824017083,strong,susceptible,0,1,0.0,-1,-1,1,0,0,0,19.4,23.4,16.276897267218562,24.878102821557757,23.841294411580918,38.897300677553446,6,16,1.302,1.303,60,0.354,102,58,0.354,323,102,58,0.0,1,1,0
5,29,58,5,1.3027806824017083,strong,susceptible,0,1,0.0,-1,-1,1,0,0,0,19.4,23.4,16.276897267218562,24.878102821557757,23.841294411580918,38.897300677553446,6,16,1.302,1.303,60,0.354,102,58,0.354,323,102,58,0.0,1,1,0
5,30,58,5,1.3027806824017083,strong,susceptible,0,1,0.0,-1,-1,1,0,0,0,19.4,23.4,16.276897267218562,24.878102821557757,23.841294411580918,38.897300677553446,6,16,1.302,1.303,60,0.354,102,58,0.354,323,102,58,0.0,1,1,0
5,31,58,5,1.3027806824017083,strong,susceptible,0,1,0.0,-1,-1,1,0,0,0,19.4,23.4,16.276897267218562,24.878102821557757,23.841294411580918,38.897300677553446,6,16,1.302,1.303,60,0.354,102,58,0.354,323,102,58,0.0,1,1,0
5,32,58,5,1.3027806824017083,strong,susceptible,0,1,0.0,-1,-1,1,0,0,0,19.4,23.4,16.276897267218562,24.878102821557757,23.841294411580918,38.897300677553446,6,16,1.302,1.303,60,0.354,102,58,0.354,323,102,58,0.0,1,1,0
5,33,58,5,1.3027806824017083,strong,susceptible,0,1,0.0,-1,-1,1,0,0,0,19.4,23.4,16.276897267218562,24.878102821557757,23.841294411580918,38.897300677553446,6,16,1.302,1.303,60,0.354,102,58,0.354,323,102,58,0.0,1,1,0
5,34,58,5,1.3027806824017083,strong,susceptible,0,1,0.0,-1,-1,1,0,0,0,19.4,23.4,16.276897267218562,24.878102821557757,23.841294411580918,38.897300677553446,6,16,1.302,1.303,60,0.354,102,58,0.354,323,102,58,0.0,1,1,0
5,35,58,5,1.3027806824017083,strong,susceptible,0,1,0.0,-1,-1,1,0,0,0,19.4,23.4,16.276897267218562,24.878102821557757,23.841294411580918,38.897300677553446,6,16,1.302,1.303,60,0.354,102,58,0.354,323,102,58,0.0,1,1,0
5,36,58,5,1.3027806824017083,strong,susceptible,0,1,0.0,-1,-1,1,0,0,0,19.4,23.4,16.276897267218562,24.878102821557757,23.841294411580918,38.897300677553446,6,16,1.302,1.303,60,0.354,102,58,0.354,323,102,58,0.0,1,1,0
5,37,58,5,1.3027806824017083,strong,susceptible,0,1,0.0,-1,-1,1,0,0,0,19.4,23.4,16.276897267218562,24.878102821557757,23.841294411580918,38.897300677553446,6,16,1.302,1.303,60,0.354,102,58,0.354,323,102,58,0.0,1,1,0
5,38,58,5,1.3027806824017083,strong,susceptible,0,1,0.0,-1,-1,1,0,0,0,19.4,23.4,16.276897267218562,24.878102821557757,23.841294411580918,38.897300677553446,6,16,1.302,1.303,60,0.354,102,58,0.354,323,102,58,0.0,1,1,0
5,39,58,5,1.3027806824017083,strong,susceptible,0,1,0.0,-1,-1,1,0,0,0,19.4,23.4,16.276897267218562,24.878102821557757,23.841294411580918,38.897300677553446,6,16,1.302,1.303,60,0.354,102,58,0.354,323,102,58,0.0,1,1,0
6,0,114,2,1.3029700781964473,strong,susceptible,0,1,0.0,-1,-1,1,0,0,0,24.9,21.6,15.573981737251652,26.723959287500797,24.74704741305357,41.23105625617661,6,16,1.302,1.303,60,0.354,102,58,0.354,323,102,58,0.0,1,1,0
6,1,114,2,1.3029700781964473,strong,susceptible,0,1,0.0,-1,-1,1,0,0,0,24.9,21.6,15.573981737251652,26.723959287500797,24.74704741305357,41.23105625617661,6,16,1.302,1.303,60,0.354,102,58,0.354,323,102,58,0.0,1,1,0
6,2,114,2,1.3029700781964473,strong,susceptible,0,1,0.0,-1,-1,1,0,0,0,24.9,21.6,15.573981737251652,26.723959287500797,24.74704741305357,41.23105625617661,6,16,1.302,1.303,60,0.354,102,58,0.354,323,102,58,0.0,1,1,0
6,3,114,2,1.3029700781964473,strong,susceptible,0,1,0.0,-1,-1,1,0,0,0,24.9,21.6,15.573981737251652,26.723959287500797,24.74704741305357,41.23105625617661,6,16,1.302,1.303,60,0.354,102,58,0.354,323,102,58,0.0,1,1,0
6,4,114,2,1.3029700781964473,strong,susceptible,0,1,0.0,-1,-1,1,0,0,0,24.9,21.6,15.573981737251652,26.723959287500797,24.74704741305357,41.23105625617661,6,16,1.302,1.303,60,0.354,102,58,0.354,323,102,58,0.0,1,1,0
6,5,114,2,1.3029700781964473,strong,susceptible,0,1,0.0,-1,-1,1,0,0,0,24.9,21.6,15.573981737251652,26.723959287500797,24.74704741305357,41.23105625617661,6,16,1.302,1.303,60,0.354,102,58,0.354,323,102,58,0.0,1,1,0
6,6,114,2,1.3029700781964473,strong,susceptible,0,1,0.0,-1,-1,1,0,0,0,24.9,21.6,15.573981737251652,26.723959287500797,24.74704741305357,41.23105625617661,6,16,1.302,1.303,60,0.354,102,58,0.354,323,102,58,0.0,1,1,0
6,7,114,2,1.3029700781964473,strong,susceptible,0,1,0.0,-1,-1,1,0,0,0,24.9,21.6,15.573981737251652,26.723959287500797,24.74704741305357,41.23105625617661,6,16,1.302,1.303,60,0.354,102,58,0.354,323,102,58,0.0,1,1,0
6,8,114,2,1.3029700781964473,strong,susceptible,0,1,0.0,-1,-1,1,0,0,0,24.9,21.6,15.573981737251652,26.723959287500797,24.74704741305357,41.23105625617661,6,16,1.302,1.303,60,0.354,102,58,0.354,323,102,58,0.0,1,1,0
6,9,114,2,1.3029700781964473,strong,susceptible,0,1,0.0,-1,-1,1,0,0,0,24.9,21.6,15.573981737251652,26.723959287500797,24.74704741305357,41.23105625617661,6,16,1.302,1.303,60,0.354,102,58,0.354,323,102,58,0.0,1,1,0
6,10,114,2,1.3029700781964473,strong,susceptible,0,1,0.0,-1,-1,1,0,0,0,24.9,21.6,15.573981737251652,26.723959287500797,24.74704741305357,41.23105625617661,6,16,1.302,1.303,60,0.354,102,58,0.354,323,102,58,0.0,1,1,0
6,11,114,2,1.3029700781964473,strong,susceptible,0,1,0.0,-1,-1,1,0,0,0,24.9,21.6,15.573981737251652,26.723959287500797,24.74704741305357,41.23105625617661,6,16,1.302,1.303,60,0.354,102,58,0.354,323,102,58,0.0,1,1,0
6,12,114,2,1.3029700781964473,strong,susceptible,0,1,0.0,-1,-1,1,0,0,0,24.9,21.6,15.573981737251652,26.723959287500797,24.74704741305357,41.23105625617661,6,16,1.302,1.303,60,0.354,102,58,0.354,323,102,58,0.0,1,1,0
6,13,114,2,1.3029700781964473,strong,susceptible,0,1,0.0,-1,-1,1,0,0,0,24.9,21.6,15.573981737251652,26.723959287500797,24.74704741305357,41.23105625617661,6,16,1.302,1.303,60,0.354,102,58,0.354,323,102,58,0.0,1,1,0
6,14,114,2,1.3029700781964473,strong,susceptible,0,1,0.0,-1,-1,1,0,0,0,24.9,21.6,15.573981737251652,26.723959287500797,24.74704741305357,41.23105625617661,6,16,1.302,1.303,60,0.354,102,58,0.354,323,102,58,0.0,1,1,0
6,15,114,2,1.3029700781964473,strong,susceptible,0,1,0.0,-1,-1,1,0,0,0,24.9,21.6,15.573981737251652,26.723959287500797,24.74704741305357,41.23105625617661,6,16,1.302,1.303,60,0.354,102,58,0.354,323,102,58,0.0,1,1,0
6,16,114,2,1.3029700781964473,strong,susceptible,0,1,0.0,-1,-1,1,0,0,0,24.9,21.6,15.573981737251652,26.723959287500797,24.74704741305357,41.23105625617661,6,16,1.302,1.303,60,0.354,102,58,0.354,323,102,58,0.0,1,1,0
6,17,114,2,1.3029700781964473,strong,susceptible,0,1,0.0,-1,-1,1,0,0,0,24.9,21.6,15.573981737251652,26.723959287500797,24.74704741305357,41.23105625617661,6,16,1.302,1.303,60,0.354,102,58,0.354,323,102,58,0.0,1,1,0
6,18,114,2,1.3029700781964473,strong,susceptible,0,1,0.0,-1,-1,1,0,0,0,24.9,21.6,15.573981737251652,26.723959287500797,24.74704741305357,41.23105625617661,6,16,1.302,1.303,60,0.354,102,58,0.354,323,102,58,0.0,1,1,0
6,19,114,2,1.3029700781964473,strong,susceptible,0,1,0.0,-1,-1,1,0,0,0,24.9,21.6,15.573981737251652,26.723959287500797,24.74704741305357,41.23105625617661,6,16,1.302,1.303,60,0.354,102,58,0.354,323,102,58,0.0,1,1,0
6,20,114,2,1.3029700781964473,strong,susceptible,0,1,0.0,-1,-1,1,0,0,0,24.9,21.6,15.573981737251652,26.723959287500797,24.74704741305357,41.23105625617661,6,16,1.302,1.303,60,0.354,102,58,0.354,323,102,58,0.0,1,1,0
6,21,114,2,1.3029700781964473,strong,susceptible,0,1,0.0,-1,-1,1,0,0,0,24.9,21.6,15.573981737251652,26.723959287500797,24.74704741305357,41.23105625617661,6,16,1.302,1.303,60,0.354,102,58,0.354,323,102,58,0.0,1,1,0
6,22,114,2,1.3029700781964473,strong,susceptible,0,1,0.0,-1,-1,1,0,0,0,24.9,21.6,15.573981737251652,26.723959287500797,24.74704741305357,41.23105625617661,6,16,1.302,1.303,60,0.354,102,58,0.354,323,102,58,0.0,1,1,0
6,23,114,2,1.3029700781964473,strong,susceptible,0,1,0.0,-1,-1,1,0,0,0,24.9,21.6,15.573981737251652,26.723959287500797,24.74704741305357,41.23105625617661,6,16,1.302,1.303,60,0.354,102,58,0.354,323,102,58,0.0,1,1,0
6,24,114,2,1.3029700781964473,strong,susceptible,0,1,0.0,-1,-1,1,0,0,0,24.9,21.6,15.573981737251652,26.723959287500797,24.74704741305357,41.23105625617661,6,16,1.302,1.303,60,0.354,102,58,0.354,323,102,58,0.0,1,1,0
6,25,114,2,1.3029700781964473,strong,susceptible,0,1,0.0,-1,-1,1,0,0,0,24.9,21.6,15.573981737251652,26.723959287500797,24.74704741305357,41.23105625617661,6,16,1.302,1.303,60,0.354,102,58,0.354,323,102,58,0.0,1,1,0
6,26,114,2,1.3029700781964473,strong,susceptible,0,1,0.0,-1,-1,1,0,0,0,24.9,21.6,15.573981737251652,26.723959287500797,24.74704741305357,41.23105625617661,6,16,1.302,1.303,60,0.354,102,58,0.354,323,102,58,0.0,1,1,0
6,27,114,2,1.3029700781964473,strong,susceptible,0,1,0.0,-1,-1,1,0,0,0,24.9,21.6,15.573981737251652,26.723959287500797,24.74704741305357,41.23105625617661,6,16,1.302,1.303,60,0.354,102,58,0.354,323,102,58,0.0,1,1,0
6,28,114,2,1.3029700781964473,strong,susceptible,0,1,0.0,-1,-1,1,0,0,0,24.9,21.6,15.573981737251652,26.723959287500797,24.74704741305357,41.23105625617661,6,16,1.302,1.303,60,0.354,102,58,0.354,323,102,58,0.0,1,1,0
6,29,114,2,1.3029700781964473,strong,susceptible,0,1,0.0,-1,-1,1,0,0,0,24.9,21.6,15.573981737251652,26.723959287500797,24.74704741305357,41.23105625617661,6,16,1.302,1.303,60,0.354,102,58,0.354,323,102,58,0.0,1,1,0
6,30,114,2,1.3029700781964473,strong,susceptible,0,1,0.0,-1,-1,1,0,0,0,24.9,21.6,15.573981737251652,26.723959287500797,24.74704741305357,41.23105625617661,6,16,1.302,1.303,60,0.354,102,58,0.354,323,102,58,0.0,1,1,0
6,31,114,2,1.3029700781964473,strong,susceptible,0,1,0.0,-1,-1,1,0,0,0,24.9,21.6,15.573981737251652,26.723959287500797,24.74704741305357,41.23105625617661,6,16,1.302,1.303,60,0.354,102,58,0.354,323,102,58,0.0,1,1,0
6,32,114,2,1.3029700781964473,strong,susceptible,0,1,0.0,-1,-1,1,0,0,0,24.9,21.6,15.573981737251652,26.723959287500797,24.74704741305357,41.23105625617661,6,16,1.302,1.303,60,0.354,102,58,0.354,323,102,58,0.0,1,1,0
6,33,114,2,1.3029700781964473,strong,susceptible,0,1,0.0,-1,-1,1,0,0,0,24.9,21.6,15.573981737251652,26.723959287500797,24.74704741305357,41.23105625617661,6,16,1.302,1.303,60,0.354,102,58,0.354,323,102,58,0.0,1,1,0
6,34,114,2,1.3029700781964473,strong,susceptible,0,1,0.0,-1,-1,1,0,0,0,24.9,21.6,15.573981737251652,26.723959287500797,24.74704741305357,41.23105625617661,6,16,1.302,1.303,60,0.354,102,58,0.354,323,102,58,0.0,1,1,0
6,35,114,2,1.3029700781964473,strong,susceptible,0,1,0.0,-1,-1,1,0,0,0,24.9,21.6,15.573981737251652,26.723959287500797,24.74704741305357,41.23105625617661,6,16,1.302,1.303,60,0.354,102,58,0.354,323,102,58,0.0,1,1,0
6,36,114,2,1.3029700781964473,strong,susceptible,0,1,0.0,-1,-1,1,0,0,0,24.9,21.6,15.573981737251652,26.723959287500797,24.74704741305357,41.23105625617661,6,16,1.302,1.303,60,0.354,102,58,0.354,323,102,58,0.0,1,1,0
6,37,114,2,1.3029700781964473,strong,susceptible,0,1,0.0,-1,-1,1,0,0,0,24.9,21.6,15.573981737251652,26.723959287500797,24.74704741305357,41.23105625617661,6,16,1.302,1.303,60,0.354,102,58,0.354,323,102,58,0.0,1,1,0
6,38,114,2,1.3029700781964473,strong,susceptible,0,1,0.0,-1,-1,1,0,0,0,24.9,21.6,15.573981737251652,26.723959287500797,24.74704741305357,41.23105625617661,6,16,1.302,1.303,60,0.354,102,58,0.354,323,102,58,0.0,1,1,0
6,39,114,2,1.3029700781964473,strong,susceptible,0,1,0.0,-1,-1,1,0,0,0,24.9,21.6,15.573981737251652,26.723959287500797,24.74704741305357,41.23105625617661,6,16,1.302,1.303,60,0.354,102,58,0.354,323,102,58,0.0,1,1,0
7,0,1,7,1.3025908743972487,low,susceptible,0,1,0.0,-1,-1,0,0,1,0,26.2,28.9,18.97265641008357,28.214358046923557,27.594410156488653,42.20189569201838,6,16,1.302,1.303,60,0.354,102,58,0.354,323,102,58,0.0,1,1,0
7,1,1,7,1.3025908743972487,low,susceptible,0,1,0.0,-1,-1,0,0,1,0,26.2,28.9,18.97265641008357,28.214358046923557,27.594410156488653,42.20189569201838,6,16,1.302,1.303,60,0.354,102,58,0.354,323,102,58,0.0,1,1,0
7,2,1,7,1.3025908743972487,low,susceptible,0,1,0.0,-1,-1,0,0,1,0,26.2,28.9,18.97265641008357,28.214358046923557,27.594410156488653,42.20189569201838,6,16,1.302,1.303,60,0.354,102,58,0.354,323,102,58,0.0,1,1,0
7,3,1,7,1.3025908743972487,low,susceptible,0,1,0.0,-1,-1,0,0,1,0,26.2,28.9,18.97265641008357,28.214358046923557,27.594410156488653,42.20189569201838,6,16,1.302,1.303,60,0.354,102,58,0.354,323,102,58,0.0,1,1,0
7,4,1,7,1.3025908743972487,low,susceptible,0,1,0.0,-1,-1,0,0,1,0,26.2,28.9,18.97265641008357,28.214358046923557,27.594410156488653,42.20189569201838,6,16,1.302,1.303,60,0.354,102,58,0.354,323,102,58,0.0,1,1,0
7,5,1,7,1.3025908743972487,low,susceptible,0,1,0.0,-1,-1,0,0,1,0,26.2,28.9,18.97265641008357,28.214358046923557,27.594410156488653,42.20189569201838,6,16,1.302,1.303,60,0.354,102,58,0.354,323,102,58,0.0,1,1,0
7,6,1,7,1.3025908743972487,low,susceptible,0,1,0.0,-1,-1,0,0,1,0,26.2,28.9,18.97265641008357,28.214358046923557,27.594410156488653,42.20189569201838,6,16,1.302,1.303,60,0.354,102,58,0.354,323,102,58,0.0,1,1,0
7,7,1,7,1.3025908743972487,low,susceptible,0,1,0.0,-1,-1,0,0,1,0,26.2,28.9,18.97265641008357,28.214358046923557,27.594410156488653,42.20189569201838,6,16,1.302,1.303,60,0.354,102,58,0.354,323,102,58,0.0,1,1,0
7,8,1,7,1.3025908743972487,low,susceptible,0,1,0.0,-1,-1,0,0,1,0,26.2,28.9,18.97265641008357,28.214358046923557,27.594410156488653,42.20189569201838,6,16,1.302,1.303,60,0.354,102,58,0.354,323,102,58,0.0,1,1,0
7,9,1,7,1.3025908743972487,low,susceptible,0,1,0.0,-1,-1,0,0,1,0,26.2,28.9,18.97265641008357,28.214358046923557,27.594410156488653,42.20189569201838,6,16,1.302,1.303,60,0.354,102,58,0.354,323,102,58,0.0,1,1,0
7,10,1,7,1.3025908743972487,low,susceptible,0,1,0.0,-1,-1,0,0,1,0,26.2,28.9,18.97265641008357,28.214358046923557,27.594410156488653,42.20189569201838,6,16,1.302,1.303,60,0.354,102,58,0.354,323,102,58,0.0,1,1,0
7,11,1,7,1.3025908743972487,low,susceptible,0,1,0.0,-1,-1,0,0,1,0,26.2,28.9,18.97265641008357,28.214358046923557,27.594410156488653,42.20189569201838,6,16,1.302,1.303,60,0.354,102,58,0.354,323,102,58,0.0,1,1,0
7,12,1,7,1.3025908743972487,low,susceptible,0,1,0.0,-1,-1,0,0,1,0,26.2,28.9,18.97265641008357,28.214358046923557,27.594410156488653,42.20189569201838,6,16,1.302,1.303,60,0.354,102,58,0.354,323,102,58,0.0,1,1,0
7,13,1,7,1.3025908743972487,low,susceptible,0,1,0.0,-1,-1,0,0,1,0,26.2,28.9,18.97265641008357,28.214358046923557,27.594410156488653,42.20189569201838,6,16,1.302,1.303,60,0.354,102,58,0.354,323,102,58,0.0,1,1,0
7,14,1,7,1.3025908743972487,low,susceptible,0,1,0.0,-1,-1,0,0,1,0,26.2,28.9,18.97265641008357,28.214358046923557,27.594410156488653,42.20189569201838,6,16,1.302,1.303,60,0.354,102,58,0.354,323,102,58,0.0,1,1,0
7,15,1,7,1.3025908743972487,low,susceptible,0,1,0.0,-1,-1,0,0,1,0,26.2,28.9,18.97265641008357,28.214358046923557,27.594410156488653,42.20189569201838,6,16,1.302,1.303,60,0.354,102,58,0.354,323,102,58,0.0,1,1,0
7,16,1,7,1.3025908743972487,low,susceptible,0,1,0.0,-1,-1,0,0,1,0,26.2,28.9,18.97265641008357,28.214358046923557,27.594410156488653,42.20189569201838,6,16,1.302,1.303,60,0.354,102,58,0.354,323,102,58,0.0,1,1,0
7,17,1,7,1.3025908743972487,low,susceptible,0,1,0.0,-1,-1,0,0,1,0,26.2,28.9,18.97265641008357,28.214358046923557,27.594410156488653,42.20189569201838,6,16,1.302,1.303,60,0.354,102,58,0.354,323,102,58,0.0,1,1,0
7,18,1,7,1.3025908743972487,low,susceptible,0,1,0.0,-1,-1,0,0,1,0,26.2,28.9,18.97265641008357,28.214358046923557,27.594410156488653,42.20189569201838,6,16,1.302,1.303,60,0.354,102,58,0.354,323,102,58,0.0,1,1,0
7,19,1,7,1.3025908743972487,low,susceptible,0,1,0.0,-1,-1,0,0,1,0,26.2,28.9,18.97265641008357,28.214358046923557,27.594410156488653,42.20189569201838,6,16,1.302,1.303,60,0.354,102,58,0.354,323,102,58,0.0,1,1,0
7,20,1,7,1.3025908743972487,low,susceptible,0,1,0.0,-1,-1,0,0,1,0,26.2,28.9,18.97265641008357,28.214358046923557,27.594410156488653,42.20189569201838,6,16,1.302,1.303,60,0.354,102,58,0.354,323,102,58,0.0,1,1,0
7,21,1,7,1.3025908743972487,low,susceptible,0,1,0.0,-1,-1,0,0,1,0,26.2,28.9,18.97265641008357,28.214358046923557,27.594410156488653,42.20189569201838,6,16,1.302,1.303,60,0.354,102,58,0.354,323,102,58,0.0,1,1,0
7,22,1,7,1.3025908743972487,low,susceptible,0,1,0.0,-1,-1,0,0,1,0,26.2,28.9,18.97265641008357,28.214358046923557,27.594410156488653,42.20189569201838,6,16,1.302,1.303,60,0.354,102,58,0.354,323,102,58,0.0,1,1,0
7,23,1,7,1.3025908743972487,low,susceptible,0,1,0.0,-1,-1,0,0,1,0,26.2,28.9,18.97265641008357,28.214358046923557,27.594410156488653,42.20189569201838,6,16,1.302,1.303,60,0.354,102,58,0.354,323,102,58,0.0,1,1,0
7,24,1,7,1.3025908743972487,low,susceptible,0,1,0.0,-1,-1,0,0,1,0,26.2,28.9,18.97265641008357,28.214358046923557,27.594410156488653,42.20189569201838,6,16,1.302,1.303,60,0.354,102,58,0.354,323,102,58,0.0,1,1,0
7,25,1,7,1.3025908743972487,low,susceptible,0,1,0.0,-1,-1,0,0,1,0,26.2,28.9,18.97265641008357,28.214358046923557,27.594410156488653,42.20189569201838,6,16,1.302,1.303,60,0.354,102,58,0.354,323,102,58,0.0,1,1,0
7,26,1,7,1.3025908743972487,low,susceptible,0,1,0.0,-1,-1,0,0,1,0,26.2,28.9,18.97265641008357,28.214358046923557,27.594410156488653,42.20189569201838,6,16,1.302,1.303,60,0.354,102,58,0.354,323,102,58,0.0,1,1,0
7,27,1,7,1.3025908743972487,low,susceptible,0,1,0.0,-1,-1,0,0,1,0,26.2,28.9,18.97265641008357,28.214358046923557,27.594410156488653,42.20189569201838,6,16,1.302,1.303,60,0.354,102,58,0.354,323,102,58,0.0,1,1,0
7,28,1,7,1.3025908743972487,low,susceptible,0,1,0.0,-1,-1,0,0,1,0,26.2,28.9,18.97265641008357,28.214358046923557,27.594410156488653,42.20189569201838,6,16,1.302,1.303,60,0.354,102,58,0.354,323,102,58,0.0,1,1,0
7,29,1,7,1.3025908743972487,low,susceptible,0,1,0.0,-1,-1,0,0,1,0,26.2,28.9,18.97265641008357,28.214358046923557,27.594410156488653,42.20189569201838,6,16,1.302,1.303,60,0.354,102,58,0.354,323,102,58,0.0,1,1,0
7,30,1,7,1.3025908743972487,low,susceptible,0,1,0.0,-1,-1,0,0,1,0,26.2,28.9,18.97265641008357,28.214358046923557,27.594410156488653,42.20189569201838,6,16,1.302,1.303,60,0.354,102,58,0.354,323,102,58,0.0,1,1,0
7,31,1,7,1.3025908743972487,low,susceptible,0,1,0.0,-1,-1,0,0,1,0,26.2,28.9,18.97265641008357,28.214358046923557,27.594410156488653,42.20189569201838,6,16,1.302,1.303,60,0.354,102,58,0.354,323,102,58,0.0,1,1,0
7,32,1,7,1.3025908743972487,low,susceptible,0,1,0.0,-1,-1,0,0,1,0,26.2,28.9,18.97265641008357,28.214358046923557,27.594410156488653,42.20189569201838,6,16,1.302,1.303,60,0.354,102,58,0.354,323,102,58,0.0,1,1,0
7,33,1,7,1.3025908743972487,low,susceptible,0,1,0.0,-1,-1,0,0,1,0,26.2,28.9,18.97265641008357,28.214358046923557,27.594410156488653,42.20189569201838,6,16,1.302,1.303,60,0.354,102,58,0.354,323,102,58,0.0,1,1,0
7,34,1,7,1.3025908743972487,low,susceptible,0,1,0.0,-1,-1,0,0,1,0,26.2,28.9,18.97265641008357,28.214358046923557,27.594410156488653,42.20189569201838,6,16,1.302,1.303,60,0.354,102,58,0.354,323,102,58,0.0,1,1,0
7,35,1,7,1.3025908743972487,low,susceptible,0,1,0.0,-1,-1,0,0,1,0,26.2,28.9,18.97265641008357,28.214358046923557,27.594410156488653,42.20189569201838,6,16,1.302,1.303,60,0.354,102,58,0.354,323,102,58,0.0,1,1,0
7,36,1,7,1.3025908743972487,low,susceptible,0,1,0.0,-1,-1,0,0,1,0,26.2,28.9,18.97265641008357,28.214358046923557,27.594410156488653,42.20189569201838,6,16,1.302,1.303,60,0.354,102,58,0.354,323,102,58,0.0,1,1,0
7,37,1,7,1.3025908743972487,low,susceptible,0,1,0.0,-1,-1,0,0,1,0,26.2,28.9,18.97265641008357,28.214358046923557,27.594410156488653,42.20189569201838,6,16,1.302,1.303,60,0.354,102,58,0.354,323,102,58,0.0,1,1,0
7,38,1,7,1.3025908743972487,low,susceptible,0,1,0.0,-1,-1,0,0,1,0,26.2,28.9,18.97265641008357,28.214358046923557,27.594410156488653,42.20189569201838,6,16,1.302,1.303,60,0.354,102,58,0.354,323,102,58,0.0,1,1,0
7,39,1,7,1.3025908743972487,low,susceptible,0,1,0.0,-1,-1,0,0,1,0,26.2,28.9,18.97265641008357,28.214358046923557,27.594410156488653,42.20189569201838,6,16,1.302,1.303,60,0.354,102,58,0.354,323,102,58,0.0,1,1,0
8,0,104,7,1.3026211742184202,strong,susceptible,0,1,0.0,-1,-1,1,0,0,0,24.0,19.3,22.11238304358013,28.970502239346835,31.804978339337264,55.97320787662612,6,16,1.302,1.303,60,0.354,102,58,0.354,323,102,58,0.0,1,1,0
8,1,104,7,1.3026211742184202,strong,susceptible,0,1,0.0,-1,-1,1,0,0,0,24.0,19.3,22.11238304358013,28.970502239346835,31.804978339337264,55.97320787662612,6,16,1.302,1.303,60,0.354,102,58,0.354,323,102,58,0.0,1,1,0
8,2,104,7,1.3026211742184202,strong,susceptible,0,1,0.0,-1,-1,1,0,0,0,24.0,19.3,22.11238304358013,28.970502239346835,31.804978339337264,55.97320787662612,6,16,1.302,1.303,60,0.354,102,58,0.354,323,102,58,0.0,1,1,0
8,3,104,7,1.3026211742184202,strong,susceptible,0,1,0.0,-1,-1,1,0,0,0,24.0,19.3,22.11238304358013,28.970502239346835,31.804978339337264,55.97320787662612,6,16,1.302,1.303,60,0.354,102,58,0.354,323,102,58,0.0,1,1,0
8,4,104,7,1.3026211742184202,strong,susceptible,0,1,0.0,-1,-1,1,0,0,0,24.0,19.3,22.11238304358013,28.970502239346835,31.804978339337264,55.97320787662612,6,16,1.302,1.303,60,0.354,102,58,0.354,323,102,58,0.0,1,1,0
8,5,104,7,1.3026211742184202,strong,susceptible,0,1,0.0,-1,-1,1,0,0,0,24.0,19.3,22.11238304358013,28.970502239346835,31.804978339337264,55.97320787662612,6,16,1.302,1.303,60,0.354,102,58,0.354,323,102,58,0.0,1,1,0
8,6,104,7,1.3026211742184202,strong,susceptible,0,1,0.0,-1,-1,1,0,0,0,24.0,19.3,22.11238304358013,28.970502239346835,31.804978339337264,55.97320787662612,6,16,1.302,1.303,60,0.354,102,58,0.354,323,102,58,0.0,1,1,0
8,7,104,7,1.3026211742184202,strong,susceptible,0,1,0.0,-1,-1,1,0,0,0,24.0,19.3,22.11238304358013,28.970502239346835,31.804978339337264,55.97320787662612,6,16,1.302,1.303,60,0.354,102,58,0.354,323,102,58,0.0,1,1,0
8,8,104,7,1.3026211742184202,strong,susceptible,0,1,0.0,-1,-1,1,0,0,0,24.0,19.3,22.11238304358013,28.970502239346835,31.804978339337264,55.97320787662612,6,16,1.302,1.303,60,0.354,102,58,0.354,323,102,58,0.0,1,1,0
8,9,104,7,1.3026211742184202,strong,susceptible,0,1,0.0,-1,-1,1,0,0,0,24.0,19.3,22.11238304358013,28.970502239346835,31.804978339337264,55.97320787662612,6,16,1.302,1.303,60,0.354,102,58,0.354,323,102,58,0.0,1,1,0
8,10,104,7,1.3026211742184202,strong,susceptible,0,1,0.0,-1,-1,1,0,0,0,24.0,19.3,22.11238304358013,28.970502239346835,31.804978339337264,55.97320787662612,6,16,1.302,1.303,60,0.354,102,58,0.354,323,102,58,0.0,1,1,0
8,11,104,7,1.3026211742184202,strong,susceptible,0,1,0.0,-1,-1,1,0,0,0,24.0,19.3,22.11238304358013,28.970502239346835,31.804978339337264,55.97320787662612,6,16,1.302,1.303,60,0.354,102,58,0.354,323,102,58,0.0,1,1,0
8,12,104,7,1.3026211742184202,strong,susceptible,0,1,0.0,-1,-1,1,0,0,0,24.0,19.3,22.11238304358013,28.970502239346835,31.804978339337264,55.97320787662612,6,16,1.302,1.303,60,0.354,102,58,0.354,323,102,58,0.0,1,1,0
8,13,104,7,1.3026211742184202,strong,susceptible,0,1,0.0,-1,-1,1,0,0,0,24.0,19.3,22.11238304358013,28.970502239346835,31.804978339337264,55.97320787662612,6,16,1.302,1.303,60,0.354,102,58,0.354,323,102,58,0.0,1,1,0
8,14,104,7,1.3026211742184202,strong,susceptible,0,1,0.0,-1,-1,1,0,0,0,24.0,19.3,22.11238304358013,28.970502239346835,31.804978339337264,55.97320787662612,6,16,1.302,1.303,60,0.354,102,58,0.354,323,102,58,0.0,1,1,0
8,15,104,7,1.3026211742184202,strong,susceptible,0,1,0.0,-1,-1,1,0,0,0,24.0,19.3,22.11238304358013,28.970502239346835,31.804978339337264,55.97320787662612,6,16,1.302,1.303,60,0.354,102,58,0.354,323,102,58,0.0,1,1,0
8,16,104,7,1.3026211742184202,strong,susceptible,0,1,0.0,-1,-1,1,0,0,0,24.0,19.3,22.11238304358013,28.970502239346835,31.804978339337264,55.97320787662612,6,16,1.302,1.303,60,0.354,102,58,0.354,323,102,58,0.0,1,1,0
8,17,104,7,1.3026211742184202,strong,susceptible,0,1,0.0,-1,-1,1,0,0,0,24.0,19.3,22.11238304358013,28.970502239346835,31.804978339337264,55.97320787662612,6,16,1.302,1.303,60,0.354,102,58,0.354,323,102,58,0.0,1,1,0
8,18,104,7,1.3026211742184202,strong,susceptible,0,1,0.0,-1,-1,1,0,0,0,24.0,19.3,22.11238304358013,28.970502239346835,31.804978339337264,55.97320787662612,6,16,1.302,1.303,60,0.354,102,58,0.354,323,102,58,0.0,1,1,0
8,19,104,7,1.3026211742184202,strong,susceptible,0,1,0.0,-1,-1,1,0,0,0,24.0,19.3,22.11238304358013,28.970502239346835,31.804978339337264,55.97320787662612,6,16,1.302,1.303,60,0.354,102,58,0.354,323,102,58,0.0,1,1,0
8,20,104,7,1.3026211742184202,strong,susceptible,0,1,0.0,-1,-1,1,0,0,0,24.0,19.3,22.11238304358013,28.970502239346835,31.804978339337264,55.97320787662612,6,16,1.302,1.303,60,0.354,102,58,0.354,323,102,58,0.0,1,1,0
8,21,104,7,1.3026211742184202,strong,susceptible,0,1,0.0,-1,-1,1,0,0,0,24.0,19.3,22.11238304358013,28.970502239346835,31.804978339337264,55.97320787662612,6,16,1.302,1.303,60,0.354,102,58,0.354,323,102,58,0.0,1,1,0
8,22,104,7,1.3026211742184202,strong,susceptible,0,1,0.0,-1,-1,1,0,0,0,24.0,19.3,22.11238304358013,28.970502239346835,31.804978339337264,55.97320787662612,6,16,1.302,1.303,60,0.354,102,58,0.354,323,102,58,0.0,1,1,0
8,23,104,7,1.3026211742184202,strong,susceptible,0,1,0.0,-1,-1,1,0,0,0,24.0,19.3,22.11238304358013,28.970502239346835,31.804978339337264,55.97320787662612,6,16,1.302,1.303,60,0.354,102,58,0.354,323,102,58,0.0,1,1,0
8,24,104,7,1.3026211742184202,strong,susceptible,0,1,0.0,-1,-1,1,0,0,0,24.0,19.3,22.11238304358013,28.970502239346835,31.804978339337264,55.97320787662612,6,16,1.302,1.303,60,0.354,102,58,0.354,323,102,58,0.0,1,1,0
8,25,104,7,1.3026211742184202,strong,susceptible,0,1,0.0,-1,-1,1,0,0,0,24.0,19.3,22.11238304358013,28.970502239346835,31.804978339337264,55.97320787662612,6,16,1.302,1.303,60,0.354,102,58,0.354,323,102,58,0.0,1,1,0
8,26,104,7,1.3026211742184202,strong,susceptible,0,1,0.0,-1,-1,1,0,0,0,24.0,19.3,22.11238304358013,28.970502239346835,31.804978339337264,55.97320787662612,6,16,1.302,1.303,60,0.354,102,58,0.354,323,102,58,0.0,1,1,0
8,27,104,7,1.3026211742184202,strong,susceptible,0,1,0.0,-1,-1,1,0,0,0,24.0,19.3,22.11238304358013,28.970502239346835,31.804978339337264,55.97320787662612,6,16,1.302,1.303,60,0.354,102,58,0.354,323,102,58,0.0,1,1,0
8,28,104,7,1.3026211742184202,strong,susceptible,0,1,0.0,-1,-1,1,0,0,0,24.0,19.3,22.11238304358013,28.970502239346835,31.804978339337264,55.97320787662612,6,16,1.302,1.303,60,0.354,102,58,0.354,323,102,58,0.0,1,1,0
8,29,104,7,1.3026211742184202,strong,susceptible,0,1,0.0,-1,-1,1,0,0,0,24.0,19.3,22.11238304358013,28.970502239346835,31.804978339337264,55.97320787662612,6,16,1.302,1.303,60,0.354,102,58,0.354,323,102,58,0.0,1,1,0
8,30,104,7,1.3026211742184202,strong,susceptible,0,1,0.0,-1,-1,1,0,0,0,24.0,19.3,22.11238304358013,28.970502239346835,31.804978339337264,55.97320787662612,6,16,1.302,1.303,60,0.354,102,58,0.354,323,102,58,0.0,1,1,0
8,31,104,7,1.3026211742184202,strong,susceptible,0,1,0.0,-1,-1,1,0,0,0,24.0,19.3,22.11238304358013,28.970502239346835,31.804978339337264,55.97320787662612,6,16,1.302,1.303,60,0.354,102,58,0.354,323,102,58,0.0,1,1,0
8,32,104,7,1.3026211742184202,strong,susceptible,0,1,0.0,-1,-1,1,0,0,0,24.0,19.3,22.11238304358013,28.970502239346835,31.804978339337264,55.97320787662612,6,16,1.302,1.303,60,0.354,102,58,0.354,323,102,58,0.0,1,1,0
8,33,104,7,1.3026211742184202,strong,susceptible,0,1,0.0,-1,-1,1,0,0,0,24.0,19.3,22.11238304358013,28.970502239346835,31.804978339337264,55.97320787662612,6,16,1.302,1.303,60,0.354,102,58,0.354,323,102,58,0.0,1,1,0
8,34,104,7,1.3026211742184202,strong,susceptible,0,1,0.0,-1,-1,1,0,0,0,24.0,19.3,22.11238304358013,28.970502239346835,31.804978339337264,55.97320787662612,6,16,1.302,1.303,60,0.354,102,58,0.354,323,102,58,0.0,1,1,0
8,35,104,7,1.3026211742184202,strong,susceptible,0,1,0.0,-1,-1,1,0,0,0,24.0,19.3,22.11238304358013,28.970502239346835,31.804978339337264,55.97320787662612,6,16,1.302,1.303,60,0.354,102,58,0.354,323,102,58,0.0,1,1,0
8,36,104,7,1.3026211742184202,strong,susceptible,0,1,0.0,-1,-1,1,0,0,0,24.0,19.3,22.11238304358013,28.970502239346835,31.804978339337264,55.97320787662612,6,16,1.302,1.303,60,0.354,102,58,0.354,323,102,58,0.0,1,1,0
8,37,104,7,1.3026211742184202,strong,susceptible,0,1,0.0,-1,-1,1,0,0,0,24.0,19.3,22.11238304358013,28.970502239346835,31.804978339337264,55.97320787662612,6,16,1.302,1.303,60,0.354,102,58,0.354,323,102,58,0.0,1,1,0
8,38,104,7,1.3026211742184202,strong,susceptible,0,1,0.0,-1,-1,1,0,0,0,24.0,19.3,22.11238304358013,28.970502239346835,31.804978339337264,55.97320787662612,6,16,1.302,1.303,60,0.354,102,58,0.354,323,102,58,0.0,1,1,0
8,39,104,7,1.3026211742184202,strong,susceptible,0,1,0.0,-1,-1,1,0,0,0,24.0,19.3,22.11238304358013,28.970502239346835,31.804978339337264,55.97320787662612,6,16,1.302,1.303,60,0.354,102,58,0.354,323,102,58,0.0,1,1,0
9,0,168,6,1.3024371294704207,strong,susceptible,0,1,0.0,-1,-1,1,0,0,0,30.7,28.0,16.7903315174407,23.780033641691933,20.12415583376677,33.015148038438355,6,16,1.302,1.303,60,0.354,102,58,0.354,323,102,58,0.0,1,1,0
9,1,168,6,1.3024371294704207,strong,susceptible,0,1,0.0,-1,-1,1,0,0,0,30.7,28.0,16.7903315174407,23.780033641691933,20.12415583376677,33.015148038438355,6,16,1.302,1.303,60,0.354,102,58,0.354,323,102,58,0.0,1,1,0
9,2,168,6,1.3024371294704207,strong,susceptible,0,1,0.0,-1,-1,1,0,0,0,30.7,28.0,16.7903315174407,23.780033641691933,20.12415583376677,33.015148038438355,6,16,1.302,1.303,60,0.354,102,58,0.354,323,102,58,0.0,1,1,0
9,3,168,6,1.3024371294704207,strong,susceptible,0,1,0.0,-1,-1,1,0,0,0,30.7,28.0,16.7903315174407,23.780033641691933,20.12415583376677,33.015148038438355,6,16,1.302,1.303,60,0.354,102,58,0.354,323,102,58,0.0,1,1,0
9,4,168,6,1.3024371294704207,strong,susceptible,0,1,0.0,-1,-1,1,0,0,0,30.7,28.0,16.7903315174407,23.780033641691933,20.12415583376677,33.015148038438355,6,16,1.302,1.303,60,0.354,102,58,0.354,323,102,58,0.0,1,1,0
9,5,168,6,1.3024371294704207,strong,susceptible,0,1,0.0,-1,-1,1,0,0,0,30.7,28.0,16.7903315174407,23.780033641691933,20.12415583376677,33.015148038438355,6,16,1.302,1.303,60,0.354,102,58,0.354,323,102,58,0.0,1,1,0
9,6,168,6,1.3024371294704207,strong,susceptible,0,1,0.0,-1,-1,1,0,0,0,30.7,28.0,16.7903315174407,23.780033641691933,20.12415583376677,33.015148038438355,6,16,1.302,1.303,60,0.354,102,58,0.354,323,102,58,0.0,1,1,0
9,7,168,6,1.3024371294704207,strong,susceptible,0,1,0.0,-1,-1,1,0,0,0,30.7,28.0,16.7903315174407,23.780033641691933,20.12415583376677,33.015148038438355,6,16,1.302,1.303,60,0.354,102,58,0.354,323,102,58,0.0,1,1,0
9,8,168,6,1.3024371294704207,strong,susceptible,0,1,0.0,-1,-1,1,0,0,0,30.7,28.0,16.7903315174407,23.780033641691933,20.12415583376677,33.015148038438355,6,16,1.302,1.303,60,0.354,102,58,0.354,323,102,58,0.0,1,1,0
9,9,168,6,1.3024371294704207,strong,susceptible,0,1,0.0,-1,-1,1,0,0,0,30.7,28.0,16.7903315174407,23.780033641691933,20.12415583376677,33.015148038438355,6,16,1.302,1.303,60,0.354,102,58,0.354,323,102,58,0.0,1,1,0
9,10,168,6,1.3024371294704207,strong,susceptible,0,1,0.0,-1,-1,1,0,0,0,30.7,28.0,16.7903315174407,23.780033641691933,20.12415583376677,33.015148038438355,6,16,1.302,1.303,60,0.354,102,58,0.354,323,102,58,0.0,1,1,0
9,11,168,6,1.3024371294704207,strong,susceptible,0,1,0.0,-1,-1,1,0,0,0,30.7,28.0,16.7903315174407,23.780033641691933,20.12415583376677,33.015148038438355,6,16,1.302,1.303,60,0.354,102,58,0.354,323,102,58,0.0,1,1,0
9,12,168,6,1.3024371294704207,strong,susceptible,0,1,0.0,-1,-1,1,0,0,0,30.7,28.0,16.7903315174407,23.780033641691933,20.12415583376677,33.015148038438355,6,16,1.302,1.303,60,0.354,102,58,0.354,323,102,58,0.0,1,1,0
9,13,168,6,1.3024371294704207,strong,susceptible,0,1,0.0,-1,-1,1,0,0,0,30.7,28.0,16.7903315174407,23.780033641691933,20.12415583376677,33.015148038438355,6,16,1.302,1.303,60,0.354,102,58,0.354,323,102,58,0.0,1,1,0
9,14,168,6,1.3024371294704207,strong,susceptible,0,1,0.0,-1,-1,1,0,0,0,30.7,28.0,16.7903315174407,23.780033641691933,20.12415583376677,33.015148038438355,6,16,1.302,1.303,60,0.354,102,58,0.354,323,102,58,0.0,1,1,0
9,15,168,6,1.3024371294704207,strong,susceptible,0,1,0.0,-1,-1,1,0,0,0,30.7,28.0,16.7903315174407,23.780033641691933,20.12415583376677,33.015148038438355,6,16,1.302,1.303,60,0.354,102,58,0.354,323,102,58,0.0,1,1,0
9,16,168,6,1.3024371294704207,strong,susceptible,0,1,0.0,-1,-1,1,0,0,0,30.7,28.0,16.7903315174407,23.780033641691933,20.12415583376677,33.015148038438355,6,16,1.302,1.303,60,0.354,102,58,0.354,323,102,58,0.0,1,1,0
9,17,168,6,1.3024371294704207,strong,susceptible,0,1,0.0,-1,-1,1,0,0,0,30.7,28.0,16.7903315174407,23.780033641691933,20.12415583376677,33.015148038438355,6,16,1.302,1.303,60,0.354,102,58,0.354,323,102,58,0.0,1,1,0
9,18,168,6,1.3024371294704207,strong,susceptible,0,1,0.0,-1,-1,1,0,0,0,30.7,28.0,16.7903315174407,23.780033641691933,20.12415583376677,33.015148038438355,6,16,1.302,1.303,60,0.354,102,58,0.354,323,102,58,0.0,1,1,0
9,19,168,6,1.3024371294704207,strong,susceptible,0,1,0.0,-1,-1,1,0,0,0,30.7,28.0,16.7903315174407,23.780033641691933,20.12415583376677,33.015148038438355,6,16,1.302,1.303,60,0.354,102,58,0.354,323,102,58,0.0,1,1,0
9,20,168,6,1.3024371294704207,strong,susceptible,0,1,0.0,-1,-1,1,0,0,0,30.7,28.0,16.7903315174407,23.780033641691933,20.12415583376677,33.015148038438355,6,16,1.302,1.303,60,0.354,102,58,0.354,323,102,58,0.0,1,1,0
9,21,168,6,1.3024371294704207,strong,susceptible,0,1,0.0,-1,-1,1,0,0,0,30.7,28.0,16.7903315174407,23.780033641691933,20.12415583376677,33.015148038438355,6,16,1.302,1.303,60,0.354,102,58,0.354,323,102,58,0.0,1,1,0
9,22,168,6,1.3024371294704207,strong,susceptible,0,1,0.0,-1,-1,1,0,0,0,30.7,28.0,16.7903315174407,23.780033641691933,20.12415583376677,33.015148038438355,6,16,1.302,1.303,60,0.354,102,58,0.354,323,102,58,0.0,1,1,0
9,23,168,6,1.3024371294704207,strong,susceptible,0,1,0.0,-1,-1,1,0,0,0,30.7,28.0,16.7903315174407,23.780033641691933,20.12415583376677,33.015148038438355,6,16,1.302,1.303,60,0.354,102,58,0.354,323,102,58,0.0,1,1,0
9,24,168,6,1.3024371294704207,strong,susceptible,0,1,0.0,-1,-1,1,0,0,0,30.7,28.0,16.7903315174407,23.780033641691933,20.12415583376677,33.015148038438355,6,16,1.302,1.303,60,0.354,102,58,0.354,323,102,58,0.0,1,1,0
9,25,168,6,1.3024371294704207,strong,susceptible,0,1,0.0,-1,-1,1,0,0,0,30.7,28.0,16.7903315174407,23.780033641691933,20.12415583376677,33.015148038438355,6,16,1.302,1.303,60,0.354,102,58,0.354,323,102,58,0.0,1,1,0
9,26,168,6,1.3024371294704207,strong,susceptible,0,1,0.0,-1,-1,1,0,0,0,30.7,28.0,16.7903315174407,23.780033641691933,20.12415583376677,33.015148038438355,6,16,1.302,1.303,60,0.354,102,58,0.354,323,102,58,0.0,1,1,0
9,27,168,6,1.3024371294704207,strong,susceptible,0,1,0.0,-1,-1,1,0,0,0,30.7,28.0,16.7903315174407,23.780033641691933,20.12415583376677,33.015148038438355,6,16,1.302,1.303,60,0.354,102,58,0.354,323,102,58,0.0,1,1,0
9,28,168,6,1.3024371294704207,strong,susceptible,0,1,0.0,-1,-1,1,0,0,0,30.7,28.0,16.7903315174407,23.780033641691933,20.12415583376677,33.015148038438355,6,16,1.302,1.303,60,0.354,102,58,0.354,323,102,58,0.0,1,1,0
9,29,168,6,1.3024371294704207,strong,susceptible,0,1,0.0,-1,-1,1,0,0,0,30.7,28.0,16.7903315174407,23.780033641691933,20.12415583376677,33.015148038438355,6,16,1.302,1.303,60,0.354,102,58,0.354,323,102,58,0.0,1,1,0
9,30,168,6,1.3024371294704207,strong,susceptible,0,1,0.0,-1,-1,1,0,0,0,30.7,28.0,16.7903315174407,23.780033641691933,20.12415583376677,33.015148038438355,6,16,1.302,1.303,60,0.354,102,58,0.354,323,102,58,0.0,1,1,0
9,31,168,6,1.3024371294704207,strong,susceptible,0,1,0.0,-1,-1,1,0,0,0,30.7,28.0,16.7903315174407,23.780033641691933,20.12415583376677,33.015148038438355,6,16,1.302,1.303,60,0.354,102,58,0.354,323,102,58,0.0,1,1,0
9,32,168,6,1.3024371294704207,strong,susceptible,0,1,0.0,-1,-1,1,0,0,0,30.7,28.0,16.7903315174407,23.780033641691933,20.12415583376677,33.015148038438355,6,16,1.302,1.303,60,0.354,102,58,0.354,323,102,58,0.0,1,1,0
9,33,168,6,1.3024371294704207,strong,susceptible,0,1,0.0,-1,-1,1,0,0,0,30.7,28.0,16.7903315174407,23.780033641691933,20.12415583376677,33.015148038438355,6,16,1.302,1.303,60,0.354,102,58,0.354,323,102,58,0.0,1,1,0
9,34,168,6,1.3024371294704207,strong,susceptible,0,1,0.0,-1,-1,1,0,0,0,30.7,28.0,16.7903315174407,23.780033641691933,20.12415583376677,33.015148038438355,6,16,1.302,1.303,60,0.354,102,58,0.354,323,102,58,0.0,1,1,0
9,35,168,6,1.3024371294704207,strong,susceptible,0,1,0.0,-1,-1,1,0,0,0,30.7,28.0,16.7903315174407,23.780033641691933,20.12415583376677,33.015148038438355,6,16,1.302,1.303,60,0.354,102,58,0.354,323,102,58,0.0,1,1,0
9,36,168,6,1.3024371294704207,strong,susceptible,0,1,0.0,-1,-1,1,0,0,0,30.7,28.0,16.7903315174407,23.780033641691933,20.12415583376677,33.015148038438355,6,16,1.302,1.303,60,0.354,102,58,0.354,323,102,58,0.0,1,1,0
9,37,168,6,1.3024371294704207,strong,susceptible,0,1,0.0,-1,-1,1,0,0,0,30.7,28.0,16.7903315174407,23.780033641691933,20.12415583376677,33.015148038438355,6,16,1.302,1.303,60,0.354,102,58,0.354,323,102,58,0.0,1,1,0
9,38,168,6,1.3024371294704207,strong,susceptible,0,1,0.0,-1,-1,1,0,0,0,30.7,28.0,16.7903315174407,23.780033641691933,20.12415583376677,33.015148038438355,6,16,1.302,1.303,60,0.354,102,58,0.354,323,102,58,0.0,1,1,0
9,39,168,6,1.3024371294704207,strong,susceptible,0,1,0.0,-1,-1,1,0,0,0,30.7,28.0,16.7903315174407,23.780033641691933,20.12415583376677,33.015148038438355,6,16,1.302,1.303,60,0.354,102,58,0.354,323,102,58,0.0,1,1,0
10,0,182,2,1.3027128263421957,low,susceptible,0,1,0.0,-1,-1,0,0,1,0,25.9,27.7,14.9735720362503,29.861346252304166,22.993347204476102,47.01063709417264,6,16,1.302,1.303,60,0.354,102,58,0.354,323,102,58,0.0,1,1,0
10,1,182,2,1.3027128263421957,low,susceptible,0,1,0.0,-1,-1,0,0,1,0,25.9,27.7,14.9735720362503,29.861346252304166,22.993347204476102,47.01063709417264,6,16,1.302,1.303,60,0.354,102,58,0.354,323,102,58,0.0,1,1,0
10,2,182,2,1.3027128263421957,low,susceptible,0,1,0.0,-1,-1,0,0,1,0,25.9,27.7,14.9735720362503,29.861346252304166,22.993347204476102,47.01063709417264,6,16,1.302,1.303,60,0.354,102,58,0.354,323,102,58,0.0,1,1,0
10,3,182,2,1.3027128263421957,low,susceptible,0,1,0.0,-1,-1,0,0,1,0,25.9,27.7,14.9735720362503,29.861346252304166,22.993347204476102,47.01063709417264,6,16,1.302,1.303,60,0.354,102,58,0.354,323,102,58,0.0,1,1,0
10,4,182,2,1.3027128263421957,low,susceptible,0,1,0.0,-1,-1,0,0,1,0,25.9,27.7,14.9735720362503,29.861346252304166,22.993347204476102,47.01063709417264,6,16,1.302,1.303,60,0.354,102,58,0.354,323,102,58,0.0,1,1,0
10,5,182,2,1.3027128263421957,low,susceptible,0,1,0.0,-1,-1,0,0,1,0,25.9,27.7,14.9735720362503,29.861346252304166,22.993347204476102,47.01063709417264,6,16,1.302,1.303,60,0.354,102,58,0.354,323,102,58,0.0,1,1,0
10,6,182,2,1.3027128263421957,low,susceptible,0,1,0.0,-1,-1,0,0,1,0,25.9,27.7,14.9735720362503,29.861346252304166,22.993347204476102,47.01063709417264,6,16,1.302,1.303,60,0.354,102,58,0.354,323,102,58,0.0,1,1,0
10,7,182,2,1.3027128263421957,low,susceptible,0,1,0.0,-1,-1,0,0,1,0,25.9,27.7,14.9735720362503,29.861346252304166,22.993347204476102,47.01063709417264,6,16,1.302,1.303,60,0.354,102,58,0.354,323,102,58,0.0,1,1,0
10,8,182,2,1.3027128263421957,low,susceptible,0,1,0.0,-1,-1,0,0,1,0,25.9,27.7,14.9735720362503,29.861346252304166,22.993347204476102,47.01063709417264,6,16,1.302,1.303,60,0.354,102,58,0.354,323,102,58,0.0,1,1,0
10,9,182,2,1.3027128263421957,low,susceptible,0,1,0.0,-1,-1,0,0,1,0,25.9,27.7,14.9735720362503,29.861346252304166,22.993347204476102,47.01063709417264,6,16,1.302,1.303,60,0.354,102,58,0.354,323,102,58,0.0,1,1,0
10,10,182,2,1.3027128263421957,low,susceptible,0,1,0.0,-1,-1,0,0,1,0,25.9,27.7,14.9735720362503,29.861346252304166,22.993347204476102,47.01063709417264,6,16,1.302,1.303,60,0.354,102,58,0.354,323,102,58,0.0,1,1,0
10,11,182,2,1.3027128263421957,low,susceptible,0,1,0.0,-1,-1,0,0,1,0,25.9,27.7,14.9735720362503,29.861346252304166,22.993347204476102,47.01063709417264,6,16,1.302,1.303,60,0.354,102,58,0.354,323,102,58,0.0,1,1,0
10,12,182,2,1.3027128263421957,low,susceptible,0,1,0.0,-1,-1,0,0,1,0,25.9,27.7,14.9735720362503,29.861346252304166,22.993347204476102,47.01063709417264,6,16,1.302,1.303,60,0.354,102,58,0.354,323,102,58,0.0,1,1,0
10,13,182,2,1.3027128263421957,low,susceptible,0,1,0.0,-1,-1,0,0,1,0,25.9,27.7,14.9735720362503,29.861346252304166,22.993347204476102,47.01063709417264,6,16,1.302,1.303,60,0.354,102,58,0.354,323,102,58,0.0,1,1,0
10,14,182,2,1.3027128263421957,low,susceptible,0,1,0.0,-1,-1,0,0,1,0,25.9,27.7,14.9735720362503,29.861346252304166,22.993347204476102,47.01063709417264,6,16,1.302,1.303,60,0.354,102,58,0.354,323,102,58,0.0,1,1,0
10,15,182,2,1.3027128263421957,low,susceptible,0,1,0.0,-1,-1,0,0,1,0,25.9,27.7,14.9735720362503,29.861346252304166,22.993347204476102,47.01063709417264,6,16,1.302,1.303,60,0.354,102,58,0.354,323,102,58,0.0,1,1,0
10,16,182,2,1.3027128263421957,low,susceptible,0,1,0.0,-1,-1,0,0,1,0,25.9,27.7,14.9735720362503,29.861346252304166,22.993347204476102,47.01063709417264,6,16,1.302,1.303,60,0.354,102,58,0.354,323,102,58,0.0,1,1,0
10,17,182,2,1.3027128263421957,low,susceptible,0,1,0.0,-1,-1,0,0,1,0,25.9,27.7,14.9735720362503,29.861346252304166,22.993347204476102,47.01063709417264,6,16,1.302,1.303,60,0.354,102,58,0.354,323,102,58,0.0,1,1,0
10,18,182,2,1.3027128263421957,low,susceptible,0,1,0.0,-1,-1,0,0,1,0,25.9,27.7,14.9735720362503,29.861346252304166,22.993347204476102,47.01063709417264,6,16,1.302,1.303,60,0.354,102,58,0.354,323,102,58,0.0,1,1,0
10,19,182,2,1.3027128263421957,low,susceptible,0,1,0.0,-1,-1,0,0,1,0,25.9,27.7,14.9735720362503,29.861346252304166,22.993347204476102,47.01063709417264,6,16,1.302,1.303,60,0.354,102,58,0.354,323,102,58,0.0,1,1,0
10,20,182,2,1.3027128263421957,low,susceptible,0,1,0.0,-1,-1,0,0,1,0,25.9,27.7,14.9735720362503,29.861346252304166,22.993347204476102,47.01063709417264,6,16,1.302,1.303,60,0.354,102,58,0.354,323,102,58,0.0,1,1,0
10,21,182,2,1.3027128263421957,low,susceptible,0,1,0.0,-1,-1,0,0,1,0,25.9,27.7,14.9735720362503,29.861346252304166,22.993347204476102,47.01063709417264,6,16,1.302,1.303,60,0.354,102,58,0.354,323,102,58,0.0,1,1,0
10,22,182,2,1.3027128263421957,low,susceptible,0,1,0.0,-1,-1,0,0,1,0,25.9,27.7,14.9735720362503,29.861346252304166,22.993347204476102,47.01063709417264,6,16,1.302,1.303,60,0.354,102,58,0.354,323,102,58,0.0,1,1,0
10,23,182,2,1.3027128263421957,low,susceptible,0,1,0.0,-1,-1,0,0,1,0,25.9,27.7,14.9735720362503,29.861346252304166,22.993347204476102,47.01063709417264,6,16,1.302,1.303,60,0.354,102,58,0.354,323,102,58,0.0,1,1,0
10,24,182,2,1.3027128263421957,low,susceptible,0,1,0.0,-1,-1,0,0,1,0,25.9,27.7,14.9735720362503,29.861346252304166,22.993347204476102,47.01063709417264,6,16,1.302,1.303,60,0.354,102,58,0.354,323,102,58,0.0,1,1,0
10,25,182,2,1.3027128263421957,low,susceptible,0,1,0.0,-1,-1,0,0,1,0,25.9,27.7,14.9735720362503,29.861346252304166,22.993347204476102,47.01063709417264,6,16,1.302,1.303,60,0.354,102,58,0.354,323,102,58,0.0,1,1,0
10,26,182,2,1.3027128263421957,low,susceptible,0,1,0.0,-1,-1,0,0,1,0,25.9,27.7,14.9735720362503,29.861346252304166,22.993347204476102,47.01063709417264,6,16,1.302,1.303,60,0.354,102,58,0.354,323,102,58,0.0,1,1,0
10,27,182,2,1.3027128263421957,low,susceptible,0,1,0.0,-1,-1,0,0,1,0,25.9,27.7,14.9735720362503,29.861346252304166,22.993347204476102,47.01063709417264,6,16,1.302,1.303,60,0.354,102,58,0.354,323,102,58,0.0,1,1,0
10,28,182,2,1.3027128263421957,low,susceptible,0,1,0.0,-1,-1,0,0,1,0,25.9,27.7,14.9735720362503,29.861346252304166,22.993347204476102,47.01063709417264,6,16,1.302,1.303,60,0.354,102,58,0.354,323,102,58,0.0,1,1,0
10,29,182,2,1.3027128263421957,low,susceptible,0,1,0.0,-1,-1,0,0,1,0,25.9,27.7,14.9735720362503,29.861346252304166,22.993347204476102,47.01063709417264,6,16,1.302,1.303,60,0.354,102,58,0.354,323,102,58,0.0,1,1,0
10,30,182,2,1.3027128263421957,low,susceptible,0,1,0.0,-1,-1,0,0,1,0,25.9,27.7,14.9735720362503,29.861346252304166,22.993347204476102,47.01063709417264,6,16,1.302,1.303,60,0.354,102,58,0.354,323,102,58,0.0,1,1,0
10,31,182,2,1.3027128263421957,low,susceptible,0,1,0.0,-1,-1,0,0,1,0,25.9,27.7,14.9735720362503,29.861346252304166,22.993347204476102,47.01063709417264,6,16,1.302,1.303,60,0.354,102,58,0.354,323,102,58,0.0,1,1,0
10,32,182,2,1.3027128263421957,low,susceptible,0,1,0.0,-1,-1,0,0,1,0,25.9,27.7,14.9735720362503,29.861346252304166,22.993347204476102,47.01063709417264,6,16,1.302,1.303,60,0.354,102,58,0.354,323,102,58,0.0,1,1,0
10,33,182,2,1.3027128263421957,low,susceptible,0,1,0.0,-1,-1,0,0,1,0,25.9,27.7,14.9735720362503,29.861346252304166,22.993347204476102,47.01063709417264,6,16,1.302,1.303,60,0.354,102,58,0.354,323,102,58,0.0,1,1,0
10,34,182,2,1.3027128263421957,low,susceptible,0,1,0.0,-1,-1,0,0,1,0,25.9,27.7,14.9735720362503,29.861346252304166,22.993347204476102,47.01063709417264,6,16,1.302,1.303,60,0.354,102,58,0.354,323,102,58,0.0,1,1,0
10,35,182,2,1.3027128263421957,low,susceptible,0,1,0.0,-1,-1,0,0,1,0,25.9,27.7,14.9735720362503,29.861346252304166,22.993347204476102,47.01063709417264,6,16,1.302,1.303,60,0.354,102,58,0.354,323,102,58,0.0,1,1,0
10,36,182,2,1.3027128263421957,low,susceptible,0,1,0.0,-1,-1,0,0,1,0,25.9,27.7,14.9735720362503,29.861346252304166,22.993347204476102,47.01063709417264,6,16,1.302,1.303,60,0.354,102,58,0.354,323,102,58,0.0,1,1,0
10,37,182,2,1.3027128263421957,low,susceptible,0,1,0.0,-1,-1,0,0,1,0,25.9,27.7,14.9735720362503,29.861346252304166,22.993347204476102,47.01063709417264,6,16,1.302,1.303,60,0.354,102,58,0.354,323,102,58,0.0,1,1,0
10,39,182,2,1.3027128263421957,low,infected,1,1,0.779,38,1,0,0,1,0,25.9,27.7,14.9735720362503,29.861346252304166,22.993347204476102,47.01063709417264,6,16,1.302,1.303,60,0.354,102,58,0.354,323,102,58,0.0,1,1,0
11,0,66,5,1.3020110904314839,medium,susceptible,0,1,0.0,-1,-1,0,1,0,0,29.4,26.1,18.48066839884994,31.612813857674862,21.979787042077824,45.89117562233506,6,16,1.302,1.303,60,0.354,102,58,0.354,323,102,58,0.0,1,1,0
11,1,66,5,1.3020110904314839,medium,susceptible,0,1,0.0,-1,-1,0,1,0,0,29.4,26.1,18.48066839884994,31.612813857674862,21.979787042077824,45.89117562233506,6,16,1.302,1.303,60,0.354,102,58,0.354,323,102,58,0.0,1,1,0
11,2,66,5,1.3020110904314839,medium,susceptible,0,1,0.0,-1,-1,0,1,0,0,29.4,26.1,18.48066839884994,31.612813857674862,21.979787042077824,45.89117562233506,6,16,1.302,1.303,60,0.354,102,58,0.354,323,102,58,0.0,1,1,0
11,3,66,5,1.3020110904314839,medium,susceptible,0,1,0.0,-1,-1,0,1,0,0,29.4,26.1,18.48066839884994,31.612813857674862,21.979787042077824,45.89117562233506,6,16,1.302,1.303,60,0.354,102,58,0.354,323,102,58,0.0,1,1,0
11,4,66,5,1.3020110904314839,medium,susceptible,0,1,0.0,-1,-1,0,1,0,0,29.4,26.1,18.48066839884994,31.612813857674862,21.979787042077824,45.89117562233506,6,16,1.302,1.303,60,0.354,102,58,0.354,323,102,58,0.0,1,1,0
11,5,66,5,1.3020110904314839,medium,susceptible,0,1,0.0,-1,-1,0,1,0,0,29.4,26.1,18.48066839884994,31.612813857674862,21.979787042077824,45.89117562233506,6,16,1.302,1.303,60,0.354,102,58,0.354,323,102,58,0.0,1,1,0
11,6,66,5,1.3020110904314839,medium,susceptible,0,1,0.0,-1,-1,0,1,0,0,29.4,26.1,18.48066839884994,31.612813857674862,21.979787042077824,45.89117562233506,6,16,1.302,1.303,60,0.354,102,58,0.354,323,102,58,0.0,1,1,0
11,7,66,5,1.3020110904314839,medium,susceptible,0,1,0.0,-1,-1,0,1,0,0,29.4,26.1,18.48066839884994,31.612813857674862,21.979787042077824,45.89117562233506,6,16,1.302,1.303,60,0.354,102,58,0.354,323,102,58,0.0,1,1,0
11,8,66,5,1.3020110904314839,medium,susceptible,0,1,0.0,-1,-1,0,1,0,0,29.4,26.1,18.48066839884994,31.612813857674862,21.979787042077824,45.89117562233506,6,16,1.302,1.303,60,0.354,102,58,0.354,323,102,58,0.0,1,1,0
11,9,66,5,1.3020110904314839,medium,susceptible,0,1,0.0,-1,-1,0,1,0,0,29.4,26.1,18.48066839884994,31.612813857674862,21.979787042077824,45.89117562233506,6,16,1.302,1.303,60,0.354,102,58,0.354,323,102,58,0.0,1,1,0
11,10,66,5,1.3020110904314839,medium,susceptible,0,1,0.0,-1,-1,0,1,0,0,29.4,26.1,18.48066839884994,31.612813857674862,21.979787042077824,45.89117562233506,6,16,1.302,1.303,60,0.354,102,58,0.354,323,102,58,0.0,1,1,0
11,11,66,5,1.3020110904314839,medium,susceptible,0,1,0.0,-1,-1,0,1,0,0,29.4,26.1,18.48066839884994,31.612813857674862,21.979787042077824,45.89117562233506,6,16,1.302,1.303,60,0.354,102,58,0.354,323,102,58,0.0,1,1,0
11,12,66,5,1.3020110904314839,medium,susceptible,0,1,0.0,-1,-1,0,1,0,0,29.4,26.1,18.48066839884994,31.612813857674862,21.979787042077824,45.89117562233506,6,16,1.302,1.303,60,0.354,102,58,0.354,323,102,58,0.0,1,1,0
11,13,66,5,1.3020110904314839,medium,susceptible,0,1,0.0,-1,-1,0,1,0,0,29.4,26.1,18.48066839884994,31.612813857674862,21.979787042077824,45.89117562233506,6,16,1.302,1.303,60,0.354,102,58,0.354,323,102,58,0.0,1,1,0
11,14,66,5,1.3020110904314839,medium,susceptible,0,1,0.0,-1,-1,0,1,0,0,29.4,26.1,18.48066839884994,31.612813857674862,21.979787042077824,45.89117562233506,6,16,1.302,1.303,60,0.354,102,58,0.354,323,102,58,0.0,1,1,0
11,15,66,5,1.3020110904314839,medium,susceptible,0,1,0.0,-1,-1,0,1,0,0,29.4,26.1,18.48066839884994,31.612813857674862,21.979787042077824,45.89117562233506,6,16,1.302,1.303,60,0.354,102,58,0.354,323,102,58,0.0,1,1,0
11,16,66,5,1.3020110904314839,medium,susceptible,0,1,0.0,-1,-1,0,1,0,0,29.4,26.1,18.48066839884994,31.612813857674862,21.979787042077824,45.89117562233506,6,16,1.302,1.303,60,0.354,102,58,0.354,323,102,58,0.0,1,1,0
11,17,66,5,1.3020110904314839,medium,susceptible,0,1,0.0,-1,-1,0,1,0,0,29.4,26.1,18.48066839884994,31.612813857674862,21.979787042077824,45.89117562233506,6,16,1.302,1.303,60,0.354,102,58,0.354,323,102,58,0.0,1,1,0
11,18,66,5,1.3020110904314839,medium,susceptible,0,1,0.0,-1,-1,0,1,0,0,29.4,26.1,18.48066839884994,31.612813857674862,21.979787042077824,45.89117562233506,6,16,1.302,1.303,60,0.354,102,58,0.354,323,102,58,0.0,1,1,0
11,19,66,5,1.3020110904314839,medium,susceptible,0,1,0.0,-1,-1,0,1,0,0,29.4,26.1,18.48066839884994,31.612813857674862,21.979787042077824,45.89117562233506,6,16,1.302,1.303,60,0.354,102,58,0.354,323,102,58,0.0,1,1,0
11,20,66,5,1.3020110904314839,medium,susceptible,0,1,0.0,-1,-1,0,1,0,0,29.4,26.1,18.48066839884994,31.612813857674862,21.979787042077824,45.89117562233506,6,16,1.302,1.303,60,0.354,102,58,0.354,323,102,58,0.0,1,1,0
11,21,66,5,1.3020110904314839,medium,susceptible,0,1,0.0,-1,-1,0,1,0,0,29.4,26.1,18.48066839884994,31.612813857674862,21.979787042077824,45.89117562233506,6,16,1.302,1.303,60,0.354,102,58,0.354,323,102,58,0.0,1,1,0
11,22,66,5,1.3020110904314839,medium,susceptible,0,1,0.0,-1,-1,0,1,0,0,29.4,26.1,18.48066839884994,31.612813857674862,21.979787042077824,45.89117562233506,6,16,1.302,1.303,60,0.354,102,58,0.354,323,102,58,0.0,1,1,0
11,23,66,5,1.3020110904314839,medium,susceptible,0,1,0.0,-1,-1,0,1,0,0,29.4,26.1,18.48066839884994,31.612813857674862,21.979787042077824,45.89117562233506,6,16,1.302,1.303,60,0.354,102,58,0.354,323,102,58,0.0,1,1,0
11,24,66,5,1.3020110904314839,medium,susceptible,0,1,0.0,-1,-1,0,1,0,0,29.4,26.1,18.48066839884994,31.612813857674862,21.979787042077824,45.89117562233506,6,16,1.302,1.303,60,0.354,102,58,0.354,323,102,58,0.0,1,1,0
11,25,66,5,1.3020110904314839,medium,susceptible,0,1,0.0,-1,-1,0,1,0,0,29.4,26.1,18.48066839884994,31.612813857674862,21.979787042077824,45.89117562233506,6,16,1.302,1.303,60,0.354,102,58,0.354,323,102,58,0.0,1,1,0
11,26,66,5,1.3020110904314839,medium,susceptible,0,1,0.0,-1,-1,0,1,0,0,29.4,26.1,18.48066839884994,31.612813857674862,21.979787042077824,45.89117562233506,6,16,1.302,1.303,60,0.354,102,58,0.354,323,102,58,0.0,1,1,0
11,27,66,5,1.3020110904314839,medium,susceptible,0,1,0.0,-1,-1,0,1,0,0,29.4,26.1,18.48066839884994,31.612813857674862,21.979787042077824,45.89117562233506,6,16,1.302,1.303,60,0.354,102,58,0.354,323,102,58,0.0,1,1,0
11,28,66,5,1.3020110904314839,medium,susceptible,0,1,0.0,-1,-1,0,1,0,0,29.4,26.1,18.48066839884994,31.612813857674862,21.979787042077824,45.89117562233506,6,16,1.302,1.303,60,0.354,102,58,0.354,323,102,58,0.0,1,1,0
11,29,66,5,1.3020110904314839,medium,susceptible,0,1,0.0,-1,-1,0,1,0,0,29.4,26.1,18.48066839884994,31.612813857674862,21.979787042077824,45.89117562233506,6,16,1.302,1.303,60,0.354,102,58,0.354,323,102,58,0.0,1,1,0
11,30,66,5,1.3020110904314839,medium,susceptible,0,1,0.0,-1,-1,0,1,0,0,29.4,26.1,18.48066839884994,31.612813857674862,21.979787042077824,45.89117562233506,6,16,1.302,1.303,60,0.354,102,58,0.354,323,102,58,0.0,1,1,0
11,31,66,5,1.3020110904314839,medium,susceptible,0,1,0.0,-1,-1,0,1,0,0,29.4,26.1,18.48066839884994,31.612813857674862,21.979787042077824,45.89117562233506,6,16,1.302,1.303,60,0.354,102,58,0.354,323,102,58,0.0,1,1,0
11,32,66,5,1.3020110904314839,medium,susceptible,0,1,0.0,-1,-1,0,1,0,0,29.4,26.1,18.48066839884994,31.612813857674862,21.979787042077824,45.89117562233506,6,16,1.302,1.303,60,0.354,102,58,0.354,323,102,58,0.0,1,1,0
11,33,66,5,1.3020110904314839,medium,susceptible,0,1,0.0,-1,-1,0,1,0,0,29.4,26.1,18.48066839884994,31.612813857674862,21.979787042077824,45.89117562233506,6,16,1.302,1.303,60,0.354,102,58,0.354,323,102,58,0.0,1,1,0
11,34,66,5,1.3020110904314839,medium,susceptible,0,1,0.0,-1,-1,0,1,0,0,29.4,26.1,18.48066839884994,31.612813857674862,21.979787042077824,45.89117562233506,6,16,1.302,1.303,60,0.354,102,58,0.354,323,102,58,0.0,1,1,0
11,35,66,5,1.3020110904314839,medium,susceptible,0,1,0.0,-1,-1,0,1,0,0,29.4,26.1,18.48066839884994,31.612813857674862,21.979787042077824,45.89117562233506,6,16,1.302,1.303,60,0.354,102,58,0.354,323,102,58,0.0,1,1,0
11,36,66,5,1.3020110904314839,medium,susceptible,0,1,0.0,-1,-1,0,1,0,0,29.4,26.1,18.48066839884994,31.612813857674862,21.979787042077824,45.89117562233506,6,16,1.302,1.303,60,0.354,102,58,0.354,323,102,58,0.0,1,1,0
11,37,66,5,1.3020110904314839,medium,susceptible,0,1,0.0,-1,-1,0,1,0,0,29.4,26.1,18.48066839884994,31.612813857674862,21.979787042077824,45.89117562233506,6,16,1.302,1.303,60,0.354,102,58,0.354,323,102,58,0.0,1,1,0
11,38,66,5,1.3020110904314839,medium,susceptible,0,1,0.0,-1,-1,0,1,0,0,29.4,26.1,18.48066839884994,31.612813857674862,21.979787042077824,45.89117562233506,6,16,1.302,1.303,60,0.354,102,58,0.354,323,102,58,0.0,1,1,0
11,39,66,5,1.3020110904314839,medium,susceptible,0,1,0.0,-1,-1,0,1,0,0,29.4,26.1,18.48066839884994,31.612813857674862,21.979787042077824,45.89117562233506,6,16,1.302,1.303,60,0.354,102,58,0.354,323,102,58,0.0,1,1,0
12,0,60,2,1.3025979174305566,medium,susceptible,0,1,0.0,-1,-1,0,1,0,0,23.6,23.6,12.222041448111687,21.22074456752166,20.659553082933115,30.805843601498726,6,16,1.302,1.303,60,0.354,102,58,0.354,323,102,58,0.0,1,1,0
12,1,60,2,1.3025979174305566,medium,susceptible,0,1,0.0,-1,-1,0,1,0,0,23.6,23.6,12.222041448111687,21.22074456752166,20.659553082933115,30.805843601498726,6,16,1.302,1.303,60,0.354,102,58,0.354,323,102,58,0.0,1,1,0
12,2,60,2,1.3025979174305566,medium,susceptible,0,1,0.0,-1,-1,0,1,0,0,23.6,23.6,12.222041448111687,21.22074456752166,20.659553082933115,30.805843601498726,6,16,1.302,1.303,60,0.354,102,58,0.354,323,102,58,0.0,1,1,0
12,3,60,2,1.3025979174305566,medium,susceptible,0,1,0.0,-1,-1,0,1,0,0,23.6,23.6,12.222041448111687,21.22074456752166,20.659553082933115,30.805843601498726,6,16,1.302,1.303,60,0.354,102,58,0.354,323,102,58,0.0,1,1,0
12,4,60,2,1.3025979174305566,medium,susceptible,0,1,0.0,-1,-1,0,1,0,0,23.6,23.6,12.222041448111687,21.22074456752166,20.659553082933115,30.805843601498726,6,16,1.302,1.303,60,0.354,102,58,0.354,323,102,58,0.0,1,1,0
12,5,60,2,1.3025979174305566,medium,susceptible,0,1,0.0,-1,-1,0,1,0,0,23.6,23.6,12.222041448111687,21.22074456752166,20.659553082933115,30.805843601498726,6,16,1.302,1.303,60,0.354,102,58,0.354,323,102,58,0.0,1,1,0
12,6,60,2,1.3025979174305566,medium,susceptible,0,1,0.0,-1,-1,0,1,0,0,23.6,23.6,12.222041448111687,21.22074456752166,20.659553082933115,30.805843601498726,6,16,1.302,1.303,60,0.354,102,58,0.354,323,102,58,0.0,1,1,0
12,7,60,2,1.3025979174305566,medium,susceptible,0,1,0.0,-1,-1,0,1,0,0,23.6,23.6,12.222041448111687,21.22074456752166,20.659553082933115,30.805843601498726,6,16,1.302,1.303,60,0.354,102,58,0.354,323,102,58,0.0,1,1,0
12,8,60,2,1.3025979174305566,medium,susceptible,0,1,0.0,-1,-1,0,1,0,0,23.6,23.6,12.222041448111687,21.22074456752166,20.659553082933115,30.805843601498726,6,16,1.302,1.303,60,0.354,102,58,0.354,323,102,58,0.0,1,1,0
12,9,60,2,1.3025979174305566,medium,susceptible,0,1,0.0,-1,-1,0,1,0,0,23.6,23.6,12.222041448111687,21.22074456752166,20.659553082933115,30.805843601498726,6,16,1.302,1.303,60,0.354,102,58,0.354,323,102,58,0.0,1,1,0
12,10,60,2,1.3025979174305566,medium,susceptible,0,1,0.0,-1,-1,0,1,0,0,23.6,23.6,12.222041448111687,21.22074456752166,20.659553082933115,30.805843601498726,6,16,1.302,1.303,60,0.354,102,58,0.354,323,102,58,0.0,1,1,0
12,11,60,2,1.3025979174305566,medium,susceptible,0,1,0.0,-1,-1,0,1,0,0,23.6,23.6,12.222041448111687,21.22074456752166,20.659553082933115,30.805843601498726,6,16,1.302,1.303,60,0.354,102,58,0.354,323,102,58,0.0,1,1,0
12,12,60,2,1.3025979174305566,medium,susceptible,0,1,0.0,-1,-1,0,1,0,0,23.6,23.6,12.222041448111687,21.22074456752166,20.659553082933115,30.805843601498726,6,16,1.302,1.303,60,0.354,102,58,0.354,323,102,58,0.0,1,1,0
12,13,60,2,1.3025979174305566,medium,susceptible,0,1,0.0,-1,-1,0,1,0,0,23.6,23.6,12.222041448111687,21.22074456752166,20.659553082933115,30.805843601498726,6,16,1.302,1.303,60,0.354,102,58,0.354,323,102,58,0.0,1,1,0
12,14,60,2,1.3025979174305566,medium,susceptible,0,1,0.0,-1,-1,0,1,0,0,23.6,23.6,12.222041448111687,21.22074456752166,20.659553082933115,30.805843601498726,6,16,1.302,1.303,60,0.354,102,58,0.354,323,102,58,0.0,1,1,0
12,15,60,2,1.3025979174305566,medium,susceptible,0,1,0.0,-1,-1,0,1,0,0,23.6,23.6,12.222041448111687,21.22074456752166,20.659553082933115,30.805843601498726,6,16,1.302,1.303,60,0.354,102,58,0.354,323,102,58,0.0,1,1,0
12,16,60,2,1.3025979174305566,medium,susceptible,0,1,0.0,-1,-1,0,1,0,0,23.6,23.6,12.222041448111687,21.22074456752166,20.659553082933115,30.805843601498726,6,16,1.302,1.303,60,0.354,102,58,0.354,323,102,58,0.0,1,1,0
12,17,60,2,1.3025979174305566,medium,susceptible,0,1,0.0,-1,-1,0,1,0,0,23.6,23.6,12.222041448111687,21.22074456752166,20.659553082933115,30.805843601498726,6,16,1.302,1.303,60,0.354,102,58,0.354,323,102,58,0.0,1,1,0
12,18,60,2,1.3025979174305566,medium,susceptible,0,1,0.0,-1,-1,0,1,0,0,23.6,23.6,12.222041448111687,21.22074456752166,20.659553082933115,30.805843601498726,6,16,1.302,1.303,60,0.354,102,58,0.354,323,102,58,0.0,1,1,0
12,19,60,2,1.3025979174305566,medium,susceptible,0,1,0.0,-1,-1,0,1,0,0,23.6,23.6,12.222041448111687,21.22074456752166,20.659553082933115,30.805843601498726,6,16,1.302,1.303,60,0.354,102,58,0.354,323,102,58,0.0,1,1,0
12,20,60,2,1.3025979174305566,medium,susceptible,0,1,0.0,-1,-1,0,1,0,0,23.6,23.6,12.222041448111687,21.22074456752166,20.659553082933115,30.805843601498726,6,16,1.302,1.303,60,0.354,102,58,0.354,323,102,58,0.0,1,1,0
12,21,60,2,1.3025979174305566,medium,susceptible,0,1,0.0,-1,-1,0,1,0,0,23.6,23.6,12.222041448111687,21.22074456752166,20.659553082933115,30.805843601498726,6,16,1.302,1.303,60,0.354,102,58,0.354,323,102,58,0.0,1,1,0
12,22,60,2,1.3025979174305566,medium,susceptible,0,1,0.0,-1,-1,0,1,0,0,23.6,23.6,12.222041448111687,21.22074456752166,20.659553082933115,30.805843601498726,6,16,1.302,1.303,60,0.354,102,58,0.354,323,102,58,0.0,1,1,0
12,23,60,2,1.3025979174305566,medium,susceptible,0,1,0.0,-1,-1,0,1,0,0,23.6,23.6,12.222041448111687,21.22074456752166,20.659553082933115,30.805843601498726,6,16,1.302,1.303,60,0.354,102,58,0.354,323,102,58,0.0,1,1,0
12,24,60,2,1.3025979174305566,medium,susceptible,0,1,0.0,-1,-1,0,1,0,0,23.6,23.6,12.222041448111687,21.22074456752166,20.659553082933115,30.805843601498726,6,16,1.302,1.303,60,0.354,102,58,0.354,323,102,58,0.0,1,1,0
12,25,60,2,1.3025979174305566,medium,susceptible,0,1,0.0,-1,-1,0,1,0,0,23.6,23.6,12.222041448111687,21.22074456752166,20.659553082933115,30.805843601498726,6,16,1.302,1.303,60,0.354,102,58,0.354,323,102,58,0.0,1,1,0
12,26,60,2,1.3025979174305566,medium,susceptible,0,1,0.0,-1,-1,0,1,0,0,23.6,23.6,12.222041448111687,21.22074456752166,20.659553082933115,30.805843601498726,6,16,1.302,1.303,60,0.354,102,58,0.354,323,102,58,0.0,1,1,0
12,27,60,2,1.3025979174305566,medium,susceptible,0,1,0.0,-1,-1,0,1,0,0,23.6,23.6,12.222041448111687,21.22074456752166,20.659553082933115,30.805843601498726,6,16,1.302,1.303,60,0.354,102,58,0.354,323,102,58,0.0,1,1,0
12,28,60,2,1.3025979174305566,medium,susceptible,0,1,0.0,-1,-1,0,1,0,0,23.6,23.6,12.222041448111687,21.22074456752166,20.659553082933115,30.805843601498726,6,16,1.302,1.303,60,0.354,102,58,0.354,323,102,58,0.0,1,1,0
12,29,60,2,1.3025979174305566,medium,susceptible,0,1,0.0,-1,-1,0,1,0,0,23.6,23.6,12.222041448111687,21.22074456752166,20.659553082933115,30.805843601498726,6,16,1.302,1.303,60,0.354,102,58,0.354,323,102,58,0.0,1,1,0
12,30,60,2,1.3025979174305566,medium,susceptible,0,1,0.0,-1,-1,0,1,0,0,23.6,23.6,12.222041448111687,21.22074456752166,20.659553082933115,30.805843601498726,6,16,1.302,1.303,60,0.354,102,58,0.354,323,102,58,0.0,1,1,0
12,31,60,2,1.3025979174305566,medium,susceptible,0,1,0.0,-1,-1,0,1,0,0,23.6,23.6,12.222041448111687,21.22074456752166,20.659553082933115,30.805843601498726,6,16,1.302,1.303,60,0.354,102,58,0.354,323,102,58,0.0,1,1,0
12,32,60,2,1.3025979174305566,medium,susceptible,0,1,0.0,-1,-1,0,1,0,0,23.6,23.6,12.222041448111687,21.22074456752166,20.659553082933115,30.805843601498726,6,16,1.302,1.303,60,0.354,102,58,0.354,323,102,58,0.0,1,1,0
12,33,60,2,1.3025979174305566,medium,susceptible,0,1,0.0,-1,-1,0,1,0,0,23.6,23.6,12.222041448111687,21.22074456752166,20.659553082933115,30.805843601498726,6,16,1.302,1.303,60,0.354,102,58,0.354,323,102,58,0.0,1,1,0
12,34,60,2,1.3025979174305566,medium,susceptible,0,1,0.0,-1,-1,0,1,0,0,23.6,23.6,12.222041448111687,21.22074456752166,20.659553082933115,30.805843601498726,6,16,1.302,1.303,60,0.354,102,58,0.354,323,102,58,0.0,1,1,0
12,35,60,2,1.3025979174305566,medium,susceptible,0,1,0.0,-1,-1,0,1,0,0,23.6,23.6,12.222041448111687,21.22074456752166,20.659553082933115,30.805843601498726,6,16,1.302,1.303,60,0.354,102,58,0.354,323,102,58,0.0,1,1,0
12,36,60,2,1.3025979174305566,medium,susceptible,0,1,0.0,-1,-1,0,1,0,0,23.6,23.6,12.222041448111687,21.22074456752166,20.659553082933115,30.805843601498726,6,16,1.302,1.303,60,0.354,102,58,0.354,323,102,58,0.0,1,1,0
12,37,60,2,1.3025979174305566,medium,susceptible,0,1,0.0,-1,-1,0,1,0,0,23.6,23.6,12.222041448111687,21.22074456752166,20.659553082933115,30.805843601498726,6,16,1.302,1.303,60,0.354,102,58,0.354,323,102,58,0.0,1,1,0
12,38,60,2,1.3025979174305566,medium,susceptible,0,1,0.0,-1,-1,0,1,0,0,23.6,23.6,12.222041448111687,21.22074456752166,20.659553082933115,30.805843601498726,6,16,1.302,1.303,60,0.354,102,58,0.354,323,102,58,0.0,1,1,0
12,39,60,2,1.3025979174305566,medium,susceptible,0,1,0.0,-1,-1,0,1,0,0,23.6,23.6,12.222041448111687,21.22074456752166,20.659553082933115,30.805843601498726,6,16,1.302,1.303,60,0.354,102,58,0.354,323,102,58,0.0,1,1,0
13,0,162,6,1.3029508476350067,medium,susceptible,0,1,0.0,-1,-1,0,1,0,0,33.0,24.3,19.034483416502784,29.02223285689783,24.85600474871387,44.94441010848846,6,16,1.302,1.303,60,0.354,102,58,0.354,323,102,58,0.0,1,1,0
13,1,162,6,1.3029508476350067,medium,susceptible,0,1,0.0,-1,-1,0,1,0,0,33.0,24.3,19.034483416502784,29.02223285689783,24.85600474871387,44.94441010848846,6,16,1.302,1.303,60,0.354,102,58,0.354,323,102,58,0.0,1,1,0
13,2,162,6,1.3029508476350067,medium,susceptible,0,1,0.0,-1,-1,0,1,0,0,33.0,24.3,19.034483416502784,29.02223285689783,24.85600474871387,44.94441010848846,6,16,1.302,1.303,60,0.354,102,58,0.354,323,102,58,0.0,1,1,0
13,3,162,6,1.3029508476350067,medium,susceptible,0,1,0.0,-1,-1,0,1,0,0,33.0,24.3,19.034483416502784,29.02223285689783,24.85600474871387,44.94441010848846,6,16,1.302,1.303,60,0.354,102,58,0.354,323,102,58,0.0,1,1,0
13,4,162,6,1.3029508476350067,medium,susceptible,0,1,0.0,-1,-1,0,1,0,0,33.0,24.3,19.034483416502784,29.02223285689783,24.85600474871387,44.94441010848846,6,16,1.302,1.303,60,0.354,102,58,0.354,323,102,58,0.0,1,1,0
13,5,162,6,1.3029508476350067,medium,susceptible,0,1,0.0,-1,-1,0,1,0,0,33.0,24.3,19.034483416502784,29.02223285689783,24.85600474871387,44.94441010848846,6,16,1.302,1.303,60,0.354,102,58,0.354,323,102,58,0.0,1,1,0
13,6,162,6,1.3029508476350067,medium,susceptible,0,1,0.0,-1,-1,0,1,0,0,33.0,24.3,19.034483416502784,29.02223285689783,24.85600474871387,44.94441010848846,6,16,1.302,1.303,60,0.354,102,58,0.354,323,102,58,0.0,1,1,0
13,7,162,6,1.3029508476350067,medium,susceptible,0,1,0.0,-1,-1,0,1,0,0,33.0,24.3,19.034483416502784,29.02223285689783,24.85600474871387,44.94441010848846,6,16,1.302,1.303,60,0.354,102,58,0.354,323,102,58,0.0,1,1,0
13,8,162,6,1.3029508476350067,medium,susceptible,0,1,0.0,-1,-1,0,1,0,0,33.0,24.3,19.034483416502784,29.02223285689783,24.85600474871387,44.94441010848846,6,16,1.302,1.303,60,0.354,102,58,0.354,323,102,58,0.0,1,1,0
13,9,162,6,1.3029508476350067,medium,susceptible,0,1,0.0,-1,-1,0,1,0,0,33.0,24.3,19.034483416502784,29.02223285689783,24.85600474871387,44.94441010848846,6,16,1.302,1.303,60,0.354,102,58,0.354,323,102,58,0.0,1,1,0
13,10,162,6,1.3029508476350067,medium,susceptible,0,1,0.0,-1,-1,0,1,0,0,33.0,24.3,19.034483416502784,29.02223285689783,24.85600474871387,44.94441010848846,6,16,1.302,1.303,60,0.354,102,58,0.354,323,102,58,0.0,1,1,0
13,11,162,6,1.3029508476350067,medium,susceptible,0,1,0.0,-1,-1,0,1,0,0,33.0,24.3,19.034483416502784,29.02223285689783,24.85600474871387,44.94441010848846,6,16,1.302,1.303,60,0.354,102,58,0.354,323,102,58,0.0,1,1,0
13,12,162,6,1.3029508476350067,medium,susceptible,0,1,0.0,-1,-1,0,1,0,0,33.0,24.3,19.034483416502784,29.02223285689783,24.85600474871387,44.94441010848846,6,16,1.302,1.303,60,0.354,102,58,0.354,323,102,58,0.0,1,1,0
13,13,162,6,1.3029508476350067,medium,susceptible,0,1,0.0,-1,-1,0,1,0,0,33.0,24.3,19.034483416502784,29.02223285689783,24.85600474871387,44.94441010848846,6,16,1.302,1.303,60,0.354,102,58,0.354,323,102,58,0.0,1,1,0
13,14,162,6,1.3029508476350067,medium,susceptible,0,1,0.0,-1,-1,0,1,0,0,33.0,24.3,19.034483416502784,29.02223285689783,24.85600474871387,44.94441010848846,6,16,1.302,1.303,60,0.354,102,58,0.354,323,102,58,0.0,1,1,0
13,15,162,6,1.3029508476350067,medium,susceptible,0,1,0.0,-1,-1,0,1,0,0,33.0,24.3,19.034483416502784,29.02223285689783,24.85600474871387,44.94441010848846,6,16,1.302,1.303,60,0.354,102,58,0.354,323,102,58,0.0,1,1,0
13,16,162,6,1.3029508476350067,medium,susceptible,0,1,0.0,-1,-1,0,1,0,0,33.0,24.3,19.034483416502784,29.02223285689783,24.85600474871387,44.94441010848846,6,16,1.302,1.303,60,0.354,102,58,0.354,323,102,58,0.0,1,1,0
13,17,162,6,1.3029508476350067,medium,susceptible,0,1,0.0,-1,-1,0,1,0,0,33.0,24.3,19.034483416502784,29.02223285689783,24.85600474871387,44.94441010848846,6,16,1.302,1.303,60,0.354,102,58,0.354,323,102,58,0.0,1,1,0
13,18,162,6,1.3029508476350067,medium,susceptible,0,1,0.0,-1,-1,0,1,0,0,33.0,24.3,19.034483416502784,29.02223285689783,24.85600474871387,44.94441010848846,6,16,1.302,1.303,60,0.354,102,58,0.354,323,102,58,0.0,1,1,0
13,19,162,6,1.3029508476350067,medium,susceptible,0,1,0.0,-1,-1,0,1,0,0,33.0,24.3,19.034483416502784,29.02223285689783,24.85600474871387,44.94441010848846,6,16,1.302,1.303,60,0.354,102,58,0.354,323,102,58,0.0,1,1,0
13,20,162,6,1.3029508476350067,medium,susceptible,0,1,0.0,-1,-1,0,1,0,0,33.0,24.3,19.034483416502784,29.02223285689783,24.85600474871387,44.94441010848846,6,16,1.302,1.303,60,0.354,102,58,0.354,323,102,58,0.0,1,1,0
13,21,162,6,1.3029508476350067,medium,susceptible,0,1,0.0,-1,-1,0,1,0,0,33.0,24.3,19.034483416502784,29.02223285689783,24.85600474871387,44.94441010848846,6,16,1.302,1.303,60,0.354,102,58,0.354,323,102,58,0.0,1,1,0
13,22,162,6,1.3029508476350067,medium,susceptible,0,1,0.0,-1,-1,0,1,0,0,33.0,24.3,19.034483416502784,29.02223285689783,24.85600474871387,44.94441010848846,6,16,1.302,1.303,60,0.354,102,58,0.354,323,102,58,0.0,1,1,0
13,23,162,6,1.3029508476350067,medium,susceptible,0,1,0.0,-1,-1,0,1,0,0,33.0,24.3,19.034483416502784,29.02223285689783,24.85600474871387,44.94441010848846,6,16,1.302,1.303,60,0.354,102,58,0.354,323,102,58,0.0,1,1,0
13,24,162,6,1.3029508476350067,medium,susceptible,0,1,0.0,-1,-1,0,1,0,0,33.0,24.3,19.034483416502784,29.02223285689783,24.85600474871387,44.94441010848846,6,16,1.302,1.303,60,0.354,102,58,0.354,323,102,58,0.0,1,1,0
13,25,162,6,1.3029508476350067,medium,susceptible,0,1,0.0,-1,-1,0,1,0,0,33.0,24.3,19.034483416502784,29.02223285689783,24.85600474871387,44.94441010848846,6,16,1.302,1.303,60,0.354,102,58,0.354,323,102,58,0.0,1,1,0
13,26,162,6,1.3029508476350067,medium,susceptible,0,1,0.0,-1,-1,0,1,0,0,33.0,24.3,19.034483416502784,29.02223285689783,24.85600474871387,44.94441010848846,6,16,1.302,1.303,60,0.354,102,58,0.354,323,102,58,0.0,1,1,0
13,27,162,6,1.3029508476350067,medium,susceptible,0,1,0.0,-1,-1,0,1,0,0,33.0,24.3,19.034483416502784,29.02223285689783,24.85600474871387,44.94441010848846,6,16,1.302,1.303,60,0.354,102,58,0.354,323,102,58,0.0,1,1,0
13,28,162,6,1.3029508476350067,medium,susceptible,0,1,0.0,-1,-1,0,1,0,0,33.0,24.3,19.034483416502784,29.02223285689783,24.85600474871387,44.94441010848846,6,16,1.302,1.303,60,0.354,102,58,0.354,323,102,58,0.0,1,1,0
13,29,162,6,1.3029508476350067,medium,susceptible,0,1,0.0,-1,-1,0,1,0,0,33.0,24.3,19.034483416502784,29.02223285689783,24.85600474871387,44.94441010848846,6,16,1.302,1.303,60,0.354,102,58,0.354,323,102,58,0.0,1,1,0
13,30,162,6,1.3029508476350067,medium,susceptible,0,1,0.0,-1,-1,0,1,0,0,33.0,24.3,19.034483416502784,29.02223285689783,24.85600474871387,44.94441010848846,6,16,1.302,1.303,60,0.354,102,58,0.354,323,102,58,0.0,1,1,0
13,31,162,6,1.3029508476350067,medium,susceptible,0,1,0.0,-1,-1,0,1,0,0,33.0,24.3,19.034483416502784,29.02223285689783,24.85600474871387,44.94441010848846,6,16,1.302,1.303,60,0.354,102,58,0.354,323,102,58,0.0,1,1,0
13,32,162,6,1.3029508476350067,medium,susceptible,0,1,0.0,-1,-1,0,1,0,0,33.0,24.3,19.034483416502784,29.02223285689783,24.85600474871387,44.94441010848846,6,16,1.302,1.303,60,0.354,102,58,0.354,323,102,58,0.0,1,1,0
13,33,162,6,1.3029508476350067,medium,susceptible,0,1,0.0,-1,-1,0,1,0,0,33.0,24.3,19.034483416502784,29.02223285689783,24.85600474871387,44.94441010848846,6,16,1.302,1.303,60,0.354,102,58,0.354,323,102,58,0.0,1,1,0
13,34,162,6,1.3029508476350067,medium,susceptible,0,1,0.0,-1,-1,0,1,0,0,33.0,24.3,19.034483416502784,29.02223285689783,24.85600474871387,44.94441010848846,6,16,1.302,1.303,60,0.354,102,58,0.354,323,102,58,0.0,1,1,0
13,35,162,6,1.3029508476350067,medium,susceptible,0,1,0.0,-1,-1,0,1,0,0,33.0,24.3,19.034483416502784,29.02223285689783,24.85600474871387,44.94441010848846,6,16,1.302,1.303,60,0.354,102,58,0.354,323,102,58,0.0,1,1,0
13,36,162,6,1.3029508476350067,medium,susceptible,0,1,0.0,-1,-1,0,1,0,0,33.0,24.3,19.034483416502784,29.02223285689783,24.85600474871387,44.94441010848846,6,16,1.302,1.303,60,0.354,102,58,0.354,323,102,58,0.0,1,1,0
13,37,162,6,1.3029508476350067,medium,susceptible,0,1,0.0,-1,-1,0,1,0,0,33.0,24.3,19.034483416502784,29.02223285689783,24.85600474871387,44.94441010848846,6,16,1.302,1.303,60,0.354,102,58,0.354,323,102,58,0.0,1,1,0
13,38,162,6,1.3029508476350067,medium,susceptible,0,1,0.0,-1,-1,0,1,0,0,33.0,24.3,19.034483416502784,29.02223285689783,24.85600474871387,44.94441010848846,6,16,1.302,1.303,60,0.354,102,58,0.354,323,102,58,0.0,1,1,0
13,39,162,6,1.3029508476350067,medium,susceptible,0,1,0.0,-1,-1,0,1,0,0,33.0,24.3,19.034483416502784,29.02223285689783,24.85600474871387,44.94441010848846,6,16,1.302,1.303,60,0.354,102,58,0.354,323,102,58,0.0,1,1,0
14,0,56,5,1.3026350751490172,medium,susceptible,0,1,0.0,-1,-1,0,1,0,0,22.8,25.0,17.502363293703606,25.904439773907484,28.533257467540313,45.79301256742124,6,16,1.302,1.303,60,0.354,102,58,0.354,323,102,58,0.0,1,1,0
14,1,56,5,1.3026350751490172,medium,susceptible,0,1,0.0,-1,-1,0,1,0,0,22.8,25.0,17.502363293703606,25.904439773907484,28.533257467540313,45.79301256742124,6,16,1.302,1.303,60,0.354,102,58,0.354,323,102,58,0.0,1,1,0
14,2,56,5,1.3026350751490172,medium,susceptible,0,1,0.0,-1,-1,0,1,0,0,22.8,25.0,17.502363293703606,25.904439773907484,28.533257467540313,45.79301256742124,6,16,1.302,1.303,60,0.354,102,58,0.354,323,102,58,0.0,1,1,0
14,3,56,5,1.3026350751490172,medium,susceptible,0,1,0.0,-1,-1,0,1,0,0,22.8,25.0,17.502363293703606,25.904439773907484,28.533257467540313,45.79301256742124,6,16,1.302,1.303,60,0.354,102,58,0.354,323,102,58,0.0,1,1,0
14,4,56,5,1.3026350751490172,medium,susceptible,0,1,0.0,-1,-1,0,1,0,0,22.8,25.0,17.502363293703606,25.904439773907484,28.533257467540313,45.79301256742124,6,16,1.302,1.303,60,0.354,102,58,0.354,323,102,58,0.0,1,1,0
14,5,56,5,1.3026350751490172,medium,susceptible,0,1,0.0,-1,-1,0,1,0,0,22.8,25.0,17.502363293703606,25.904439773907484,28.533257467540313,45.79301256742124,6,16,1.302,1.303,60,0.354,102,58,0.354,323,102,58,0.0,1,1,0
14,6,56,5,1.3026350751490172,medium,susceptible,0,1,0.0,-1,-1,0,1,0,0,22.8,25.0,17.502363293703606,25.904439773907484,28.533257467540313,45.79301256742124,6,16,1.302,1.303,60,0.354,102,58,0.354,323,102,58,0.0,1,1,0
14,7,56,5,1.3026350751490172,medium,susceptible,0,1,0.0,-1,-1,0,1,0,0,22.8,25.0,17.502363293703606,25.904439773907484,28.533257467540313,45.79301256742124,6,16,1.302,1.303,60,0.354,102,58,0.354,323,102,58,0.0,1,1,0
14,8,56,5,1.3026350751490172,medium,susceptible,0,1,0.0,-1,-1,0,1,0,0,22.8,25.0,17.502363293703606,25.904439773907484,28.533257467540313,45.79301256742124,6,16,1.302,1.303,60,0.354,102,58,0.354,323,102,58,0.0,1,1,0
14,9,56,5,1.3026350751490172,medium,susceptible,0,1,0.0,-1,-1,0,1,0,0,22.8,25.0,17.502363293703606,25.904439773907484,28.533257467540313,45.79301256742124,6,16,1.302,1.303,60,0.354,102,58,0.354,323,102,58,0.0,1,1,0
14,10,56,5,1.3026350751490172,medium,susceptible,0,1,0.0,-1,-1,0,1,0,0,22.8,25.0,17.502363293703606,25.904439773907484,28.533257467540313,45.79301256742124,6,16,1.302,1.303,60,0.354,102,58,0.354,323,102,58,0.0,1,1,0
14,11,56,5,1.3026350751490172,medium,susceptible,0,1,0.0,-1,-1,0,1,0,0,22.8,25.0,17.502363293703606,25.904439773907484,28.533257467540313,45.79301256742124,6,16,1.302,1.303,60,0.354,102,58,0.354,323,102,58,0.0,1,1,0
14,12,56,5,1.3026350751490172,medium,susceptible,0,1,0.0,-1,-1,0,1,0,0,22.8,25.0,17.502363293703606,25.904439773907484,28.533257467540313,45.79301256742124,6,16,1.302,1.303,60,0.354,102,58,0.354,323,102,58,0.0,1,1,0
14,13,56,5,1.3026350751490172,medium,susceptible,0,1,0.0,-1,-1,0,1,0,0,22.8,25.0,17.502363293703606,25.904439773907484,28.533257467540313,45.79301256742124,6,16,1.302,1.303,60,0.354,102,58,0.354,323,102,58,0.0,1,1,0
14,14,56,5,1.3026350751490172,medium,susceptible,0,1,0.0,-1,-1,0,1,0,0,22.8,25.0,17.502363293703606,25.904439773907484,28.533257467540313,45.79301256742124,6,16,1.302,1.303,60,0.354,102,58,0.354,323,102,58,0.0,1,1,0
14,15,56,5,1.3026350751490172,medium,susceptible,0,1,0.0,-1,-1,0,1,0,0,22.8,25.0,17.502363293703606,25.904439773907484,28.533257467540313,45.79301256742124,6,16,1.302,1.303,60,0.354,102,58,0.354,323,102,58,0.0,1,1,0
14,16,56,5,1.3026350751490172,medium,susceptible,0,1,0.0,-1,-1,0,1,0,0,22.8,25.0,17.502363293703606,25.904439773907484,28.533257467540313,45.79301256742124,6,16,1.302,1.303,60,0.354,102,58,0.354,323,102,58,0.0,1,1,0
14,17,56,5,1.3026350751490172,medium,susceptible,0,1,0.0,-1,-1,0,1,0,0,22.8,25.0,17.502363293703606,25.904439773907484,28.533257467540313,45.79301256742124,6,16,1.302,1.303,60,0.354,102,58,0.354,323,102,58,0.0,1,1,0
14,18,56,5,1.3026350751490172,medium,susceptible,0,1,0.0,-1,-1,0,1,0,0,22.8,25.0,17.502363293703606,25.904439773907484,28.533257467540313,45.79301256742124,6,16,1.302,1.303,60,0.354,102,58,0.354,323,102,58,0.0,1,1,0
14,19,56,5,1.3026350751490172,medium,susceptible,0,1,0.0,-1,-1,0,1,0,0,22.8,25.0,17.502363293703606,25.904439773907484,28.533257467540313,45.79301256742124,6,16,1.302,1.303,60,0.354,102,58,0.354,323,102,58,0.0,1,1,0
14,20,56,5,1.3026350751490172,medium,susceptible,0,1,0.0,-1,-1,0,1,0,0,22.8,25.0,17.502363293703606,25.904439773907484,28.533257467540313,45.79301256742124,6,16,1.302,1.303,60,0.354,102,58,0.354,323,102,58,0.0,1,1,0
14,21,56,5,1.3026350751490172,medium,susceptible,0,1,0.0,-1,-1,0,1,0,0,22.8,25.0,17.502363293703606,25.904439773907484,28.533257467540313,45.79301256742124,6,16,1.302,1.303,60,0.354,102,58,0.354,323,102,58,0.0,1,1,0
14,22,56,5,1.3026350751490172,medium,susceptible,0,1,0.0,-1,-1,0,1,0,0,22.8,25.0,17.502363293703606,25.904439773907484,28.533257467540313,45.79301256742124,6,16,1.302,1.303,60,0.354,102,58,0.354,323,102,58,0.0,1,1,0
14,23,56,5,1.3026350751490172,medium,susceptible,0,1,0.0,-1,-1,0,1,0,0,22.8,25.0,17.502363293703606,25.904439773907484,28.533257467540313,45.79301256742124,6,16,1.302,1.303,60,0.354,102,58,0.354,323,102,58,0.0,1,1,0
14,24,56,5,1.3026350751490172,medium,susceptible,0,1,0.0,-1,-1,0,1,0,0,22.8,25.0,17.502363293703606,25.904439773907484,28.533257467540313,45.79301256742124,6,16,1.302,1.303,60,0.354,102,58,0.354,323,102,58,0.0,1,1,0
14,25,56,5,1.3026350751490172,medium,susceptible,0,1,0.0,-1,-1,0,1,0,0,22.8,25.0,17.502363293703606,25.904439773907484,28.533257467540313,45.79301256742124,6,16,1.302,1.303,60,0.354,102,58,0.354,323,102,58,0.0,1,1,0
14,26,56,5,1.3026350751490172,medium,susceptible,0,1,0.0,-1,-1,0,1,0,0,22.8,25.0,17.502363293703606,25.904439773907484,28.533257467540313,45.79301256742124,6,16,1.302,1.303,60,0.354,102,58,0.354,323,102,58,0.0,1,1,0
14,27,56,5,1.3026350751490172,medium,susceptible,0,1,0.0,-1,-1,0,1,0,0,22.8,25.0,17.502363293703606,25.904439773907484,28.533257467540313,45.79301256742124,6,16,1.302,1.303,60,0.354,102,58,0.354,323,102,58,0.0,1,1,0
14,28,56,5,1.3026350751490172,medium,susceptible,0,1,0.0,-1,-1,0,1,0,0,22.8,25.0,17.502363293703606,25.904439773907484,28.533257467540313,45.79301256742124,6,16,1.302,1.303,60,0.354,102,58,0.354,323,102,58,0.0,1,1,0
14,29,56,5,1.3026350751490172,medium,susceptible,0,1,0.0,-1,-1,0,1,0,0,22.8,25.0,17.502363293703606,25.904439773907484,28.533257467540313,45.79301256742124,6,16,1.302,1.303,60,0.354,102,58,0.354,323,102,58,0.0,1,1,0
14,30,56,5,1.3026350751490172,medium,susceptible,0,1,0.0,-1,-1,0,1,0,0,22.8,25.0,17.502363293703606,25.904439773907484,28.533257467540313,45.79301256742124,6,16,1.302,1.303,60,0.354,102,58,0.354,323,102,58,0.0,1,1,0
14,31,56,5,1.3026350751490172,medium,susceptible,0,1,0.0,-1,-1,0,1,0,0,22.8,25.0,17.502363293703606,25.904439773907484,28.533257467540313,45.79301256742124,6,16,1.302,1.303,60,0.354,102,58,0.354,323,102,58,0.0,1,1,0
14,32,56,5,1.3026350751490172,medium,susceptible,0,1,0.0,-1,-1,0,1,0,0,22.8,25.0,17.502363293703606,25.904439773907484,28.533257467540313,45.79301256742124,6,16,1.302,1.303,60,0.354,102,58,0.354,323,102,58,0.0,1,1,0
14,33,56,5,1.3026350751490172,medium,susceptible,0,1,0.0,-1,-1,0,1,0,0,22.8,25.0,17.502363293703606,25.904439773907484,28.533257467540313,45.79301256742124,6,16,1.302,1.303,60,0.354,102,58,0.354,323,102,58,0.0,1,1,0
14,34,56,5,1.3026350751490172,medium,susceptible,0,1,0.0,-1,-1,0,1,0,0,22.8,25.0,17.502363293703606,25.904439773907484,28.533257467540313,45.79301256742124,6,16,1.302,1.303,60,0.354,102,58,0.354,323,102,58,0.0,1,1,0
14,35,56,5,1.3026350751490172,medium,susceptible,0,1,0.0,-1,-1,0,1,0,0,22.8,25.0,17.502363293703606,25.904439773907484,28.533257467540313,45.79301256742124,6,16,1.302,1.303,60,0.354,102,58,0.354,323,102,58,0.0,1,1,0
14,36,56,5,1.3026350751490172,medium,susceptible,0,1,0.0,-1,-1,0,1,0,0,22.8,25.0,17.502363293703606,25.904439773907484,28.533257467540313,45.79301256742124,6,16,1.302,1.303,60,0.354,102,58,0.354,323,102,58,0.0,1,1,0
14,37,56,5,1.3026350751490172,medium,susceptible,0,1,0.0,-1,-1,0,1,0,0,22.8,25.0,17.502363293703606,25.904439773907484,28.533257467540313,45.79301256742124,6,16,1.302,1.303,60,0.354,102,58,0.354,323,102,58,0.0,1,1,0
14,38,56,5,1.3026350751490172,medium,susceptible,0,1,0.0,-1,-1,0,1,0,0,22.8,25.0,17.502363293703606,25.904439773907484,28.533257467540313,45.79301256742124,6,16,1.302,1.303,60,0.354,102,58,0.354,323,102,58,0.0,1,1,0
14,39,56,5,1.3026350751490172,medium,susceptible,0,1,0.0,-1,-1,0,1,0,0,22.8,25.0,17.502363293703606,25.904439773907484,28.533257467540313,45.79301256742124,6,16,1.302,1.303,60,0.354,102,58,0.354,323,102,58,0.0,1,1,0
15,0,2,8,1.3026401052162369,strong,susceptible,0,1,0.0,-1,-1,1,0,0,0,26.6,25.4,16.094660403472155,27.894802383239785,28.59156066048727,49.658836071740545,6,16,1.302,1.303,60,0.354,102,58,0.354,323,102,58,0.0,1,1,0
15,1,2,8,1.3026401052162369,strong,susceptible,0,1,0.0,-1,-1,1,0,0,0,26.6,25.4,16.094660403472155,27.894802383239785,28.59156066048727,49.658836071740545,6,16,1.302,1.303,60,0.354,102,58,0.354,323,102,58,0.0,1,1,0
15,2,2,8,1.3026401052162369,strong,susceptible,0,1,0.0,-1,-1,1,0,0,0,26.6,25.4,16.094660403472155,27.894802383239785,28.59156066048727,49.658836071740545,6,16,1.302,1.303,60,0.354,102,58,0.354,323,102,58,0.0,1,1,0
15,3,2,8,1.3026401052162369,strong,susceptible,0,1,0.0,-1,-1,1,0,0,0,26.6,25.4,16.094660403472155,27.894802383239785,28.59156066048727,49.658836071740545,6,16,1.302,1.303,60,0.354,102,58,0.354,323,102,58,0.0,1,1,0
15,4,2,8,1.3026401052162369,strong,susceptible,0,1,0.0,-1,-1,1,0,0,0,26.6,25.4,16.094660403472155,27.894802383239785,28.59156066048727,49.658836071740545,6,16,1.302,1.303,60,0.354,102,58,0.354,323,102,58,0.0,1,1,0
15,5,2,8,1.3026401052162369,strong,susceptible,0,1,0.0,-1,-1,1,0,0,0,26.6,25.4,16.094660403472155,27.894802383239785,28.59156066048727,49.658836071740545,6,16,1.302,1.303,60,0.354,102,58,0.354,323,102,58,0.0,1,1,0
15,6,2,8,1.3026401052162369,strong,susceptible,0,1,0.0,-1,-1,1,0,0,0,26.6,25.4,16.094660403472155,27.894802383239785,28.59156066048727,49.658836071740545,6,16,1.302,1.303,60,0.354,102,58,0.354,323,102,58,0.0,1,1,0
15,7,2,8,1.3026401052162369,strong,susceptible,0,1,0.0,-1,-1,1,0,0,0,26.6,25.4,16.094660403472155,27.894802383239785,28.59156066048727,49.658836071740545,6,16,1.302,1.303,60,0.354,102,58,0.354,323,102,58,0.0,1,1,0
15,8,2,8,1.3026401052162369,strong,susceptible,0,1,0.0,-1,-1,1,0,0,0,26.6,25.4,16.094660403472155,27.894802383239785,28.59156066048727,49.658836071740545,6,16,1.302,1.303,60,0.354,102,58,0.354,323,102,58,0.0,1,1,0
15,9,2,8,1.3026401052162369,strong,susceptible,0,1,0.0,-1,-1,1,0,0,0,26.6,25.4,16.094660403472155,27.894802383239785,28.59156066048727,49.658836071740545,6,16,1.302,1.303,60,0.354,102,58,0.354,323,102,58,0.0,1,1,0
15,10,2,8,1.3026401052162369,strong,susceptible,0,1,0.0,-1,-1,1,0,0,0,26.6,25.4,16.094660403472155,27.894802383239785,28.59156066048727,49.658836071740545,6,16,1.302,1.303,60,0.354,102,58,0.354,323,102,58,0.0,1,1,0
15,11,2,8,1.3026401052162369,strong,susceptible,0,1,0.0,-1,-1,1,0,0,0,26.6,25.4,16.094660403472155,27.894802383239785,28.59156066048727,49.658836071740545,6,16,1.302,1.303,60,0.354,102,58,0.354,323,102,58,0.0,1,1,0
15,12,2,8,1.3026401052162369,strong,susceptible,0,1,0.0,-1,-1,1,0,0,0,26.6,25.4,16.094660403472155,27.894802383239785,28.59156066048727,49.658836071740545,6,16,1.302,1.303,60,0.354,102,58,0.354,323,102,58,0.0,1,1,0
15,13,2,8,1.3026401052162369,strong,susceptible,0,1,0.0,-1,-1,1,0,0,0,26.6,25.4,16.094660403472155,27.894802383239785,28.59156066048727,49.658836071740545,6,16,1.302,1.303,60,0.354,102,58,0.354,323,102,58,0.0,1,1,0
15,14,2,8,1.3026401052162369,strong,susceptible,0,1,0.0,-1,-1,1,0,0,0,26.6,25.4,16.094660403472155,27.894802383239785,28.59156066048727,49.658836071740545,6,16,1.302,1.303,60,0.354,102,58,0.354,323,102,58,0.0,1,1,0
15,15,2,8,1.3026401052162369,strong,susceptible,0,1,0.0,-1,-1,1,0,0,0,26.6,25.4,16.094660403472155,27.894802383239785,28.59156066048727,49.658836071740545,6,16,1.302,1.303,60,0.354,102,58,0.354,323,102,58,0.0,1,1,0
15,16,2,8,1.3026401052162369,strong,susceptible,0,1,0.0,-1,-1,1,0,0,0,26.6,25.4,16.094660403472155,27.894802383239785,28.59156066048727,49.658836071740545,6,16,1.302,1.303,60,0.354,102,58,0.354,323,102,58,0.0,1,1,0
15,17,2,8,1.3026401052162369,strong,susceptible,0,1,0.0,-1,-1,1,0,0,0,26.6,25.4,16.094660403472155,27.894802383239785,28.59156066048727,49.658836071740545,6,16,1.302,1.303,60,0.354,102,58,0.354,323,102,58,0.0,1,1,0
15,18,2,8,1.3026401052162369,strong,susceptible,0,1,0.0,-1,-1,1,0,0,0,26.6,25.4,16.094660403472155,27.894802383239785,28.59156066048727,49.658836071740545,6,16,1.302,1.303,60,0.354,102,58,0.354,323,102,58,0.0,1,1,0
15,19,2,8,1.3026401052162369,strong,susceptible,0,1,0.0,-1,-1,1,0,0,0,26.6,25.4,16.094660403472155,27.894802383239785,28.59156066048727,49.658836071740545,6,16,1.302,1.303,60,0.354,102,58,0.354,323,102,58,0.0,1,1,0
15,20,2,8,1.3026401052162369,strong,susceptible,0,1,0.0,-1,-1,1,0,0,0,26.6,25.4,16.094660403472155,27.894802383239785,28.59156066048727,49.658836071740545,6,16,1.302,1.303,60,0.354,102,58,0.354,323,102,58,0.0,1,1,0
15,21,2,8,1.3026401052162369,strong,susceptible,0,1,0.0,-1,-1,1,0,0,0,26.6,25.4,16.094660403472155,27.894802383239785,28.59156066048727,49.658836071740545,6,16,1.302,1.303,60,0.354,102,58,0.354,323,102,58,0.0,1,1,0
15,22,2,8,1.3026401052162369,strong,susceptible,0,1,0.0,-1,-1,1,0,0,0,26.6,25.4,16.094660403472155,27.894802383239785,28.59156066048727,49.658836071740545,6,16,1.302,1.303,60,0.354,102,58,0.354,323,102,58,0.0,1,1,0
15,23,2,8,1.3026401052162369,strong,susceptible,0,1,0.0,-1,-1,1,0,0,0,26.6,25.4,16.094660403472155,27.894802383239785,28.59156066048727,49.658836071740545,6,16,1.302,1.303,60,0.354,102,58,0.354,323,102,58,0.0,1,1,0
15,24,2,8,1.3026401052162369,strong,susceptible,0,1,0.0,-1,-1,1,0,0,0,26.6,25.4,16.094660403472155,27.894802383239785,28.59156066048727,49.658836071740545,6,16,1.302,1.303,60,0.354,102,58,0.354,323,102,58,0.0,1,1,0
15,25,2,8,1.3026401052162369,strong,susceptible,0,1,0.0,-1,-1,1,0,0,0,26.6,25.4,16.094660403472155,27.894802383239785,28.59156066048727,49.658836071740545,6,16,1.302,1.303,60,0.354,102,58,0.354,323,102,58,0.0,1,1,0
15,26,2,8,1.3026401052162369,strong,susceptible,0,1,0.0,-1,-1,1,0,0,0,26.6,25.4,16.094660403472155,27.894802383239785,28.59156066048727,49.658836071740545,6,16,1.302,1.303,60,0.354,102,58,0.354,323,102,58,0.0,1,1,0
15,27,2,8,1.3026401052162369,strong,susceptible,0,1,0.0,-1,-1,1,0,0,0,26.6,25.4,16.094660403472155,27.894802383239785,28.59156066048727,49.658836071740545,6,16,1.302,1.303,60,0.354,102,58,0.354,323,102,58,0.0,1,1,0
15,28,2,8,1.3026401052162369,strong,susceptible,0,1,0.0,-1,-1,1,0,0,0,26.6,25.4,16.094660403472155,27.894802383239785,28.59156066048727,49.658836071740545,6,16,1.302,1.303,60,0.354,102,58,0.354,323,102,58,0.0,1,1,0
15,29,2,8,1.3026401052162369,strong,susceptible,0,1,0.0,-1,-1,1,0,0,0,26.6,25.4,16.094660403472155,27.894802383239785,28.59156066048727,49.658836071740545,6,16,1.302,1.303,60,0.354,102,58,0.354,323,102,58,0.0,1,1,0
15,30,2,8,1.3026401052162369,strong,susceptible,0,1,0.0,-1,-1,1,0,0,0,26.6,25.4,16.094660403472155,27.894802383239785,28.59156066048727,49.658836071740545,6,16,1.302,1.303,60,0.354,102,58,0.354,323,102,58,0.0,1,1,0
15,31,2,8,1.3026401052162369,strong,susceptible,0,1,0.0,-1,-1,1,0,0,0,26.6,25.4,16.094660403472155,27.894802383239785,28.59156066048727,49.658836071740545,6,16,1.302,1.303,60,0.354,102,58,0.354,323,102,58,0.0,1,1,0
15,32,2,8,1.3026401052162369,strong,susceptible,0,1,0.0,-1,-1,1,0,0,0,26.6,25.4,16.094660403472155,27.894802383239785,28.59156066048727,49.658836071740545,6,16,1.302,1.303,60,0.354,102,58,0.354,323,102,58,0.0,1,1,0
15,33,2,8,1.3026401052162369,strong,susceptible,0,1,0.0,-1,-1,1,0,0,0,26.6,25.4,16.094660403472155,27.894802383239785,28.59156066048727,49.658836071740545,6,16,1.302,1.303,60,0.354,102,58,0.354,323,102,58,0.0,1,1,0
15,34,2,8,1.3026401052162369,strong,susceptible,0,1,0.0,-1,-1,1,0,0,0,26.6,25.4,16.094660403472155,27.894802383239785,28.59156066048727,49.658836071740545,6,16,1.302,1.303,60,0.354,102,58,0.354,323,102,58,0.0,1,1,0
15,35,2,8,1.3026401052162369,strong,susceptible,0,1,0.0,-1,-1,1,0,0,0,26.6,25.4,16.094660403472155,27.894802383239785,28.59156066048727,49.658836071740545,6,16,1.302,1.303,60,0.354,102,58,0.354,323,102,58,0.0,1,1,0
15,36,2,8,1.3026401052162369,strong,susceptible,0,1,0.0,-1,-1,1,0,0,0,26.6,25.4,16.094660403472155,27.894802383239785,28.59156066048727,49.658836071740545,6,16,1.302,1.303,60,0.354,102,58,0.354,323,102,58,0.0,1,1,0
15,37,2,8,1.3026401052162369,strong,susceptible,0,1,0.0,-1,-1,1,0,0,0,26.6,25.4,16.094660403472155,27.894802383239785,28.59156066048727,49.658836071740545,6,16,1.302,1.303,60,0.354,102,58,0.354,323,102,58,0.0,1,1,0
15,38,2,8,1.3026401052162369,strong,susceptible,0,1,0.0,-1,-1,1,0,0,0,26.6,25.4,16.094660403472155,27.894802383239785,28.59156066048727,49.658836071740545,6,16,1.302,1.303,60,0.354,102,58,0.354,323,102,58,0.0,1,1,0
15,39,2,8,1.3026401052162369,strong,susceptible,0,1,0.0,-1,-1,1,0,0,0,26.6,25.4,16.094660403472155,27.894802383239785,28.59156066048727,49.658836071740545,6,16,1.302,1.303,60,0.354,102,58,0.354,323,102,58,0.0,1,1,0
16,0,75,7,1.3021645827777355,medium,susceptible,0,1,0.0,-1,-1,0,1,0,0,27.6,17.0,16.211112245026037,23.93658288060349,19.281576248633836,38.948684188300895,6,16,1.302,1.303,60,0.354,102,58,0.354,323,102,58,0.0,1,1,0
16,1,75,7,1.3021645827777355,medium,susceptible,0,1,0.0,-1,-1,0,1,0,0,27.6,17.0,16.211112245026037,23.93658288060349,19.281576248633836,38.948684188300895,6,16,1.302,1.303,60,0.354,102,58,0.354,323,102,58,0.0,1,1,0
16,2,75,7,1.3021645827777355,medium,susceptible,0,1,0.0,-1,-1,0,1,0,0,27.6,17.0,16.211112245026037,23.93658288060349,19.281576248633836,38.948684188300895,6,16,1.302,1.303,60,0.354,102,58,0.354,323,102,58,0.0,1,1,0
16,3,75,7,1.3021645827777355,medium,susceptible,0,1,0.0,-1,-1,0,1,0,0,27.6,17.0,16.211112245026037,23.93658288060349,19.281576248633836,38.948684188300895,6,16,1.302,1.303,60,0.354,102,58,0.354,323,102,58,0.0,1,1,0
16,4,75,7,1.3021645827777355,medium,susceptible,0,1,0.0,-1,-1,0,1,0,0,27.6,17.0,16.211112245026037,23.93658288060349,19.281576248633836,38.948684188300895,6,16,1.302,1.303,60,0.354,102,58,0.354,323,102,58,0.0,1,1,0
16,5,75,7,1.3021645827777355,medium,susceptible,0,1,0.0,-1,-1,0,1,0,0,27.6,17.0,16.211112245026037,23.93658288060349,19.281576248633836,38.948684188300895,6,16,1.302,1.303,60,0.354,102,58,0.354,323,102,58,0.0,1,1,0
16,6,75,7,1.3021645827777355,medium,susceptible,0,1,0.0,-1,-1,0,1,0,0,27.6,17.0,16.211112245026037,23.93658288060349,19.281576248633836,38.948684188300895,6,16,1.302,1.303,60,0.354,102,58,0.354,323,102,58,0.0,1,1,0
16,7,75,7,1.3021645827777355,medium,susceptible,0,1,0.0,-1,-1,0,1,0,0,27.6,17.0,16.211112245026037,23.93658288060349,19.281576248633836,38.948684188300895,6,16,1.302,1.303,60,0.354,102,58,0.354,323,102,58,0.0,1,1,0
16,8,75,7,1.3021645827777355,medium,susceptible,0,1,0.0,-1,-1,0,1,0,0,27.6,17.0,16.211112245026037,23.93658288060349,19.281576248633836,38.948684188300895,6,16,1.302,1.303,60,0.354,102,58,0.354,323,102,58,0.0,1,1,0
16,9,75,7,1.3021645827777355,medium,susceptible,0,1,0.0,-1,-1,0,1,0,0,27.6,17.0,16.211112245026037,23.93658288060349,19.281576248633836,38.948684188300895,6,16,1.302,1.303,60,0.354,102,58,0.354,323,102,58,0.0,1,1,0
16,10,75,7,1.3021645827777355,medium,susceptible,0,1,0.0,-1,-1,0,1,0,0,27.6,17.0,16.211112245026037,23.93658288060349,19.281576248633836,38.948684188300895,6,16,1.302,1.303,60,0.354,102,58,0.354,323,102,58,0.0,1,1,0
16,11,75,7,1.3021645827777355,medium,susceptible,0,1,0.0,-1,-1,0,1,0,0,27.6,17.0,16.211112245026037,23.93658288060349,19.281576248633836,38.948684188300895,6,16,1.302,1.303,60,0.354,102,58,0.354,323,102,58,0.0,1,1,0
16,12,75,7,1.3021645827777355,medium,susceptible,0,1,0.0,-1,-1,0,1,0,0,27.6,17.0,16.211112245026037,23.93658288060349,19.281576248633836,38.948684188300895,6,16,1.302,1.303,60,0.354,102,58,0.354,323,102,58,0.0,1,1,0
16,13,75,7,1.3021645827777355,medium,susceptible,0,1,0.0,-1,-1,0,1,0,0,27.6,17.0,16.211112245026037,23.93658288060349,19.281576248633836,38.948684188300895,6,16,1.302,1.303,60,0.354,102,58,0.354,323,102,58,0.0,1,1,0
16,14,75,7,1.3021645827777355,medium,susceptible,0,1,0.0,-1,-1,0,1,0,0,27.6,17.0,16.211112245026037,23.93658288060349,19.281576248633836,38.948684188300895,6,16,1.302,1.303,60,0.354,102,58,0.354,323,102,58,0.0,1,1,0
16,15,75,7,1.3021645827777355,medium,susceptible,0,1,0.0,-1,-1,0,1,0,0,27.6,17.0,16.211112245026037,23.93658288060349,19.281576248633836,38.948684188300895,6,16,1.302,1.303,60,0.354,102,58,0.354,323,102,58,0.0,1,1,0
16,16,75,7,1.3021645827777355,medium,susceptible,0,1,0.0,-1,-1,0,1,0,0,27.6,17.0,16.211112245026037,23.93658288060349,19.281576248633836,38.948684188300895,6,16,1.302,1.303,60,0.354,102,58,0.354,323,102,58,0.0,1,1,0
16,17,75,7,1.3021645827777355,medium,susceptible,0,1,0.0,-1,-1,0,1,0,0,27.6,17.0,16.211112245026037,23.93658288060349,19.281576248633836,38.948684188300895,6,16,1.302,1.303,60,0.354,102,58,0.354,323,102,58,0.0,1,1,0
16,18,75,7,1.3021645827777355,medium,susceptible,0,1,0.0,-1,-1,0,1,0,0,27.6,17.0,16.211112245026037,23.93658288060349,19.281576248633836,38.948684188300895,6,16,1.302,1.303,60,0.354,102,58,0.354,323,102,58,0.0,1,1,0
16,19,75,7,1.3021645827777355,medium,susceptible,0,1,0.0,-1,-1,0,1,0,0,27.6,17.0,16.211112245026037,23.93658288060349,19.281576248633836,38.948684188300895,6,16,1.302,1.303,60,0.354,102,58,0.354,323,102,58,0.0,1,1,0
16,20,75,7,1.3021645827777355,medium,susceptible,0,1,0.0,-1,-1,0,1,0,0,27.6,17.0,16.211112245026037,23.93658288060349,19.281576248633836,38.948684188300895,6,16,1.302,1.303,60,0.354,102,58,0.354,323,102,58,0.0,1,1,0
16,21,75,7,1.3021645827777355,medium,susceptible,0,1,0.0,-1,-1,0,1,0,0,27.6,17.0,16.211112245026037,23.93658288060349,19.281576248633836,38.948684188300895,6,16,1.302,1.303,60,0.354,102,58,0.354,323,102,58,0.0,1,1,0
16,22,75,7,1.3021645827777355,medium,susceptible,0,1,0.0,-1,-1,0,1,0,0,27.6,17.0,16.211112245026037,23.93658288060349,19.281576248633836,38.948684188300895,6,16,1.302,1.303,60,0.354,102,58,0.354,323,102,58,0.0,1,1,0
16,23,75,7,1.3021645827777355,medium,susceptible,0,1,0.0,-1,-1,0,1,0,0,27.6,17.0,16.211112245026037,23.93658288060349,19.281576248633836,38.948684188300895,6,16,1.302,1.303,60,0.354,102,58,0.354,323,102,58,0.0,1,1,0
16,24,75,7,1.3021645827777355,medium,susceptible,0,1,0.0,-1,-1,0,1,0,0,27.6,17.0,16.211112245026037,23.93658288060349,19.281576248633836,38.948684188300895,6,16,1.302,1.303,60,0.354,102,58,0.354,323,102,58,0.0,1,1,0
16,25,75,7,1.3021645827777355,medium,susceptible,0,1,0.0,-1,-1,0,1,0,0,27.6,17.0,16.211112245026037,23.93658288060349,19.281576248633836,38.948684188300895,6,16,1.302,1.303,60,0.354,102,58,0.354,323,102,58,0.0,1,1,0
16,26,75,7,1.3021645827777355,medium,susceptible,0,1,0.0,-1,-1,0,1,0,0,27.6,17.0,16.211112245026037,23.93658288060349,19.281576248633836,38.948684188300895,6,16,1.302,1.303,60,0.354,102,58,0.354,323,102,58,0.0,1,1,0
16,27,75,7,1.3021645827777355,medium,susceptible,0,1,0.0,-1,-1,0,1,0,0,27.6,17.0,16.211112245026037,23.93658288060349,19.281576248633836,38.948684188300895,6,16,1.302,1.303,60,0.354,102,58,0.354,323,102,58,0.0,1,1,0
16,28,75,7,1.3021645827777355,medium,susceptible,0,1,0.0,-1,-1,0,1,0,0,27.6,17.0,16.211112245026037,23.93658288060349,19.281576248633836,38.948684188300895,6,16,1.302,1.303,60,0.354,102,58,0.354,323,102,58,0.0,1,1,0
16,29,75,7,1.3021645827777355,medium,susceptible,0,1,0.0,-1,-1,0,1,0,0,27.6,17.0,16.211112245026037,23.93658288060349,19.281576248633836,38.948684188300895,6,16,1.302,1.303,60,0.354,102,58,0.354,323,102,58,0.0,1,1,0
16,30,75,7,1.3021645827777355,medium,susceptible,0,1,0.0,-1,-1,0,1,0,0,27.6,17.0,16.211112245026037,23.93658288060349,19.281576248633836,38.948684188300895,6,16,1.302,1.303,60,0.354,102,58,0.354,323,102,58,0.0,1,1,0
16,31,75,7,1.3021645827777355,medium,susceptible,0,1,0.0,-1,-1,0,1,0,0,27.6,17.0,16.211112245026037,23.93658288060349,19.281576248633836,38.948684188300895,6,16,1.302,1.303,60,0.354,102,58,0.354,323,102,58,0.0,1,1,0
16,32,75,7,1.3021645827777355,medium,susceptible,0,1,0.0,-1,-1,0,1,0,0,27.6,17.0,16.211112245026037,23.93658288060349,19.281576248633836,38.948684188300895,6,16,1.302,1.303,60,0.354,102,58,0.354,323,102,58,0.0,1,1,0
16,33,75,7,1.3021645827777355,medium,susceptible,0,1,0.0,-1,-1,0,1,0,0,27.6,17.0,16.211112245026037,23.93658288060349,19.281576248633836,38.948684188300895,6,16,1.302,1.303,60,0.354,102,58,0.354,323,102,58,0.0,1,1,0
16,34,75,7,1.3021645827777355,medium,susceptible,0,1,0.0,-1,-1,0,1,0,0,27.6,17.0,16.211112245026037,23.93658288060349,19.281576248633836,38.948684188300895,6,16,1.302,1.303,60,0.354,102,58,0.354,323,102,58,0.0,1,1,0
16,35,75,7,1.3021645827777355,medium,susceptible,0,1,0.0,-1,-1,0,1,0,0,27.6,17.0,16.211112245026037,23.93658288060349,19.281576248633836,38.948684188300895,6,16,1.302,1.303,60,0.354,102,58,0.354,323,102,58,0.0,1,1,0
16,36,75,7,1.3021645827777355,medium,susceptible,0,1,0.0,-1,-1,0,1,0,0,27.6,17.0,16.211112245026037,23.93658288060349,19.281576248633836,38.948684188300895,6,16,1.302,1.303,60,0.354,102,58,0.354,323,102,58,0.0,1,1,0
16,37,75,7,1.3021645827777355,medium,susceptible,0,1,0.0,-1,-1,0,1,0,0,27.6,17.0,16.211112245026037,23.93658288060349,19.281576248633836,38.948684188300895,6,16,1.302,1.303,60,0.354,102,58,0.354,323,102,58,0.0,1,1,0
16,38,75,7,1.3021645827777355,medium,susceptible,0,1,0.0,-1,-1,0,1,0,0,27.6,17.0,16.211112245026037,23.93658288060349,19.281576248633836,38.948684188300895,6,16,1.302,1.303,60,0.354,102,58,0.354,323,102,58,0.0,1,1,0
16,39,75,7,1.3021645827777355,medium,susceptible,0,1,0.0,-1,-1,0,1,0,0,27.6,17.0,16.211112245026037,23.93658288060349,19.281576248633836,38.948684188300895,6,16,1.302,1.303,60,0.354,102,58,0.354,323,102,58,0.0,1,1,0
17,0,77,6,1.3027803115793706,medium,susceptible,0,1,0.0,-1,-1,0,1,0,0,19.1,26.8,17.6829540553787,34.24981751776205,24.738690385098828,39.698866482558415,6,16,1.302,1.303,60,0.354,102,58,0.354,323,102,58,0.0,1,1,0
17,1,77,6,1.3027803115793706,medium,susceptible,0,1,0.0,-1,-1,0,1,0,0,19.1,26.8,17.6829540553787,34.24981751776205,24.738690385098828,39.698866482558415,6,16,1.302,1.303,60,0.354,102,58,0.354,323,102,58,0.0,1,1,0
17,2,77,6,1.3027803115793706,medium,susceptible,0,1,0.0,-1,-1,0,1,0,0,19.1,26.8,17.6829540553787,34.24981751776205,24.738690385098828,39.698866482558415,6,16,1.302,1.303,60,0.354,102,58,0.354,323,102,58,0.0,1,1,0
17,3,77,6,1.3027803115793706,medium,susceptible,0,1,0.0,-1,-1,0,1,0,0,19.1,26.8,17.6829540553787,34.24981751776205,24.738690385098828,39.698866482558415,6,16,1.302,1.303,60,0.354,102,58,0.354,323,102,58,0.0,1,1,0
17,4,77,6,1.3027803115793706,medium,susceptible,0,1,0.0,-1,-1,0,1,0,0,19.1,26.8,17.6829540553787,34.24981751776205,24.738690385098828,39.698866482558415,6,16,1.302,1.303,60,0.354,102,58,0.354,323,102,58,0.0,1,1,0
17,5,77,6,1.3027803115793706,medium,susceptible,0,1,0.0,-1,-1,0,1,0,0,19.1,26.8,17.6829540553787,34.24981751776205,24.738690385098828,39.698866482558415,6,16,1.302,1.303,60,0.354,102,58,0.354,323,102,58,0.0,1,1,0
17,6,77,6,1.3027803115793706,medium,susceptible,0,1,0.0,-1,-1,0,1,0,0,19.1,26.8,17.6829540553787,34.24981751776205,24.738690385098828,39.698866482558415,6,16,1.302,1.303,60,0.354,102,58,0.354,323,102,58,0.0,1,1,0
17,7,77,6,1.3027803115793706,medium,susceptible,0,1,0.0,-1,-1,0,1,0,0,19.1,26.8,17.6829540553787,34.24981751776205,24.738690385098828,39.698866482558415,6,16,1.302,1.303,60,0.354,102,58,0.354,323,102,58,0.0,1,1,0
17,8,77,6,1.3027803115793706,medium,susceptible,0,1,0.0,-1,-1,0,1,0,0,19.1,26.8,17.6829540553787,34.24981751776205,24.738690385098828,39.698866482558415,6,16,1.302,1.303,60,0.354,102,58,0.354,323,102,58,0.0,1,1,0
17,9,77,6,1.3027803115793706,medium,susceptible,0,1,0.0,-1,-1,0,1,0,0,19.1,26.8,17.6829540553787,34.24981751776205,24.738690385098828,39.698866482558415,6,16,1.302,1.303,60,0.354,102,58,0.354,323,102,58,0.0,1,1,0
17,10,77,6,1.3027803115793706,medium,susceptible,0,1,0.0,-1,-1,0,1,0,0,19.1,26.8,17.6829540553787,34.24981751776205,24.738690385098828,39.698866482558415,6,16,1.302,1.303,60,0.354,102,58,0.354,323,102,58,0.0,1,1,0
17,11,77,6,1.3027803115793706,medium,susceptible,0,1,0.0,-1,-1,0,1,0,0,19.1,26.8,17.6829540553787,34.24981751776205,24.738690385098828,39.698866482558415,6,16,1.302,1.303,60,0.354,102,58,0.354,323,102,58,0.0,1,1,0
17,12,77,6,1.3027803115793706,medium,susceptible,0,1,0.0,-1,-1,0,1,0,0,19.1,26.8,17.6829540553787,34.24981751776205,24.738690385098828,39.698866482558415,6,16,1.302,1.303,60,0.354,102,58,0.354,323,102,58,0.0,1,1,0
17,13,77,6,1.3027803115793706,medium,susceptible,0,1,0.0,-1,-1,0,1,0,0,19.1,26.8,17.6829540553787,34.24981751776205,24.738690385098828,39.698866482558415,6,16,1.302,1.303,60,0.354,102,58,0.354,323,102,58,0.0,1,1,0
17,14,77,6,1.3027803115793706,medium,susceptible,0,1,0.0,-1,-1,0,1,0,0,19.1,26.8,17.6829540553787,34.24981751776205,24.738690385098828,39.698866482558415,6,16,1.302,1.303,60,0.354,102,58,0.354,323,102,58,0.0,1,1,0
17,15,77,6,1.3027803115793706,medium,susceptible,0,1,0.0,-1,-1,0,1,0,0,19.1,26.8,17.6829540553787,34.24981751776205,24.738690385098828,39.698866482558415,6,16,1.302,1.303,60,0.354,102,58,0.354,323,102,58,0.0,1,1,0
17,16,77,6,1.3027803115793706,medium,susceptible,0,1,0.0,-1,-1,0,1,0,0,19.1,26.8,17.6829540553787,34.24981751776205,24.738690385098828,39.698866482558415,6,16,1.302,1.303,60,0.354,102,58,0.354,323,102,58,0.0,1,1,0
17,17,77,6,1.3027803115793706,medium,susceptible,0,1,0.0,-1,-1,0,1,0,0,19.1,26.8,17.6829540553787,34.24981751776205,24.738690385098828,39.698866482558415,6,16,1.302,1.303,60,0.354,102,58,0.354,323,102,58,0.0,1,1,0
17,18,77,6,1.3027803115793706,medium,susceptible,0,1,0.0,-1,-1,0,1,0,0,19.1,26.8,17.6829540553787,34.24981751776205,24.738690385098828,39.698866482558415,6,16,1.302,1.303,60,0.354,102,58,0.354,323,102,58,0.0,1,1,0
17,19,77,6,1.3027803115793706,medium,susceptible,0,1,0.0,-1,-1,0,1,0,0,19.1,26.8,17.6829540553787,34.24981751776205,24.738690385098828,39.698866482558415,6,16,1.302,1.303,60,0.354,102,58,0.354,323,102,58,0.0,1,1,0
17,20,77,6,1.3027803115793706,medium,susceptible,0,1,0.0,-1,-1,0,1,0,0,19.1,26.8,17.6829540553787,34.24981751776205,24.738690385098828,39.698866482558415,6,16,1.302,1.303,60,0.354,102,58,0.354,323,102,58,0.0,1,1,0
17,21,77,6,1.3027803115793706,medium,susceptible,0,1,0.0,-1,-1,0,1,0,0,19.1,26.8,17.6829540553787,34.24981751776205,24.738690385098828,39.698866482558415,6,16,1.302,1.303,60,0.354,102,58,0.354,323,102,58,0.0,1,1,0
17,22,77,6,1.3027803115793706,medium,susceptible,0,1,0.0,-1,-1,0,1,0,0,19.1,26.8,17.6829540553787,34.24981751776205,24.738690385098828,39.698866482558415,6,16,1.302,1.303,60,0.354,102,58,0.354,323,102,58,0.0,1,1,0
17,23,77,6,1.3027803115793706,medium,susceptible,0,1,0.0,-1,-1,0,1,0,0,19.1,26.8,17.6829540553787,34.24981751776205,24.738690385098828,39.698866482558415,6,16,1.302,1.303,60,0.354,102,58,0.354,323,102,58,0.0,1,1,0
17,24,77,6,1.3027803115793706,medium,susceptible,0,1,0.0,-1,-1,0,1,0,0,19.1,26.8,17.6829540553787,34.24981751776205,24.738690385098828,39.698866482558415,6,16,1.302,1.303,60,0.354,102,58,0.354,323,102,58,0.0,1,1,0
17,25,77,6,1.3027803115793706,medium,susceptible,0,1,0.0,-1,-1,0,1,0,0,19.1,26.8,17.6829540553787,34.24981751776205,24.738690385098828,39.698866482558415,6,16,1.302,1.303,60,0.354,102,58,0.354,323,102,58,0.0,1,1,0
17,26,77,6,1.3027803115793706,medium,susceptible,0,1,0.0,-1,-1,0,1,0,0,19.1,26.8,17.6829540553787,34.24981751776205,24.738690385098828,39.698866482558415,6,16,1.302,1.303,60,0.354,102,58,0.354,323,102,58,0.0,1,1,0
17,27,77,6,1.3027803115793706,medium,susceptible,0,1,0.0,-1,-1,0,1,0,0,19.1,26.8,17.6829540553787,34.24981751776205,24.738690385098828,39.698866482558415,6,16,1.302,1.303,60,0.354,102,58,0.354,323,102,58,0.0,1,1,0
17,28,77,6,1.3027803115793706,medium,susceptible,0,1,0.0,-1,-1,0,1,0,0,19.1,26.8,17.6829540553787,34.24981751776205,24.738690385098828,39.698866482558415,6,16,1.302,1.303,60,0.354,102,58,0.354,323,102,58,0.0,1,1,0
17,29,77,6,1.3027803115793706,medium,susceptible,0,1,0.0,-1,-1,0,1,0,0,19.1,26.8,17.6829540553787,34.24981751776205,24.738690385098828,39.698866482558415,6,16,1.302,1.303,60,0.354,102,58,0.354,323,102,58,0.0,1,1,0
17,30,77,6,1.3027803115793706,medium,susceptible,0,1,0.0,-1,-1,0,1,0,0,19.1,26.8,17.6829540553787,34.24981751776205,24.738690385098828,39.698866482558415,6,16,1.302,1.303,60,0.354,102,58,0.354,323,102,58,0.0,1,1,0
17,31,77,6,1.3027803115793706,medium,susceptible,0,1,0.0,-1,-1,0,1,0,0,19.1,26.8,17.6829540553787,34.24981751776205,24.738690385098828,39.698866482558415,6,16,1.302,1.303,60,0.354,102,58,0.354,323,102,58,0.0,1,1,0
17,32,77,6,1.3027803115793706,medium,susceptible,0,1,0.0,-1,-1,0,1,0,0,19.1,26.8,17.6829540553787,34.24981751776205,24.738690385098828,39.698866482558415,6,16,1.302,1.303,60,0.354,102,58,0.354,323,102,58,0.0,1,1,0
17,33,77,6,1.3027803115793706,medium,susceptible,0,1,0.0,-1,-1,0,1,0,0,19.1,26.8,17.6829540553787,34.24981751776205,24.738690385098828,39.698866482558415,6,16,1.302,1.303,60,0.354,102,58,0.354,323,102,58,0.0,1,1,0
17,34,77,6,1.3027803115793706,medium,susceptible,0,1,0.0,-1,-1,0,1,0,0,19.1,26.8,17.6829540553787,34.24981751776205,24.738690385098828,39.698866482558415,6,16,1.302,1.303,60,0.354,102,58,0.354,323,102,58,0.0,1,1,0
17,35,77,6,1.3027803115793706,medium,susceptible,0,1,0.0,-1,-1,0,1,0,0,19.1,26.8,17.6829540553787,34.24981751776205,24.738690385098828,39.698866482558415,6,16,1.302,1.303,60,0.354,102,58,0.354,323,102,58,0.0,1,1,0
17,36,77,6,1.3027803115793706,medium,susceptible,0,1,0.0,-1,-1,0,1,0,0,19.1,26.8,17.6829540553787,34.24981751776205,24.738690385098828,39.698866482558415,6,16,1.302,1.303,60,0.354,102,58,0.354,323,102,58,0.0,1,1,0
17,37,77,6,1.3027803115793706,medium,susceptible,0,1,0.0,-1,-1,0,1,0,0,19.1,26.8,17.6829540553787,34.24981751776205,24.738690385098828,39.698866482558415,6,16,1.302,1.303,60,0.354,102,58,0.354,323,102,58,0.0,1,1,0
17,38,77,6,1.3027803115793706,medium,susceptible,0,1,0.0,-1,-1,0,1,0,0,19.1,26.8,17.6829540553787,34.24981751776205,24.738690385098828,39.698866482558415,6,16,1.302,1.303,60,0.354,102,58,0.354,323,102,58,0.0,1,1,0
17,39,77,6,1.3027803115793706,medium,susceptible,0,1,0.0,-1,-1,0,1,0,0,19.1,26.8,17.6829540553787,34.24981751776205,24.738690385098828,39.698866482558415,6,16,1.302,1.303,60,0.354,102,58,0.354,323,102,58,0.0,1,1,0
18,0,85,9,1.3021975333630944,low,susceptible,0,1,0.0,-1,-1,0,0,1,0,33.9,16.6,14.606880551125732,27.74112470683191,26.41594390718766,40.718546143004666,6,16,1.302,1.303,60,0.354,102,58,0.354,323,102,58,0.0,1,1,0
18,1,85,9,1.3021975333630944,low,susceptible,0,1,0.0,-1,-1,0,0,1,0,33.9,16.6,14.606880551125732,27.74112470683191,26.41594390718766,40.718546143004666,6,16,1.302,1.303,60,0.354,102,58,0.354,323,102,58,0.0,1,1,0
18,2,85,9,1.3021975333630944,low,susceptible,0,1,0.0,-1,-1,0,0,1,0,33.9,16.6,14.606880551125732,27.74112470683191,26.41594390718766,40.718546143004666,6,16,1.302,1.303,60,0.354,102,58,0.354,323,102,58,0.0,1,1,0
18,3,85,9,1.3021975333630944,low,susceptible,0,1,0.0,-1,-1,0,0,1,0,33.9,16.6,14.606880551125732,27.74112470683191,26.41594390718766,40.718546143004666,6,16,1.302,1.303,60,0.354,102,58,0.354,323,102,58,0.0,1,1,0
18,4,85,9,1.3021975333630944,low,susceptible,0,1,0.0,-1,-1,0,0,1,0,33.9,16.6,14.606880551125732,27.74112470683191,26.41594390718766,40.718546143004666,6,16,1.302,1.303,60,0.354,102,58,0.354,323,102,58,0.0,1,1,0
18,5,85,9,1.3021975333630944,low,susceptible,0,1,0.0,-1,-1,0,0,1,0,33.9,16.6,14.606880551125732,27.74112470683191,26.41594390718766,40.718546143004666,6,16,1.302,1.303,60,0.354,102,58,0.354,323,102,58,0.0,1,1,0
18,6,85,9,1.3021975333630944,low,susceptible,0,1,0.0,-1,-1,0,0,1,0,33.9,16.6,14.606880551125732,27.74112470683191,26.41594390718766,40.718546143004666,6,16,1.302,1.303,60,0.354,102,58,0.354,323,102,58,0.0,1,1,0
18,7,85,9,1.3021975333630944,low,susceptible,0,1,0.0,-1,-1,0,0,1,0,33.9,16.6,14.606880551125732,27.74112470683191,26.41594390718766,40.718546143004666,6,16,1.302,1.303,60,0.354,102,58,0.354,323,102,58,0.0,1,1,0
18,8,85,9,1.3021975333630944,low,susceptible,0,1,0.0,-1,-1,0,0,1,0,33.9,16.6,14.606880551125732,27.74112470683191,26.41594390718766,40.718546143004666,6,16,1.302,1.303,60,0.354,102,58,0.354,323,102,58,0.0,1,1,0
18,9,85,9,1.3021975333630944,low,susceptible,0,1,0.0,-1,-1,0,0,1,0,33.9,16.6,14.606880551125732,27.74112470683191,26.41594390718766,40.718546143004666,6,16,1.302,1.303,60,0.354,102,58,0.354,323,102,58,0.0,1,1,0
18,10,85,9,1.3021975333630944,low,susceptible,0,1,0.0,-1,-1,0,0,1,0,33.9,16.6,14.606880551125732,27.74112470683191,26.41594390718766,40.718546143004666,6,16,1.302,1.303,60,0.354,102,58,0.354,323,102,58,0.0,1,1,0
18,11,85,9,1.3021975333630944,low,susceptible,0,1,0.0,-1,-1,0,0,1,0,33.9,16.6,14.606880551125732,27.74112470683191,26.41594390718766,40.718546143004666,6,16,1.302,1.303,60,0.354,102,58,0.354,323,102,58,0.0,1,1,0
18,12,85,9,1.3021975333630944,low,susceptible,0,1,0.0,-1,-1,0,0,1,0,33.9,16.6,14.606880551125732,27.74112470683191,26.41594390718766,40.718546143004666,6,16,1.302,1.303,60,0.354,102,58,0.354,323,102,58,0.0,1,1,0
18,13,85,9,1.3021975333630944,low,susceptible,0,1,0.0,-1,-1,0,0,1,0,33.9,16.6,14.606880551125732,27.74112470683191,26.41594390718766,40.718546143004666,6,16,1.302,1.303,60,0.354,102,58,0.354,323,102,58,0.0,1,1,0
18,14,85,9,1.3021975333630944,low,susceptible,0,1,0.0,-1,-1,0,0,1,0,33.9,16.6,14.606880551125732,27.74112470683191,26.41594390718766,40.718546143004666,6,16,1.302,1.303,60,0.354,102,58,0.354,323,102,58,0.0,1,1,0
18,15,85,9,1.3021975333630944,low,susceptible,0,1,0.0,-1,-1,0,0,1,0,33.9,16.6,14.606880551125732,27.74112470683191,26.41594390718766,40.718546143004666,6,16,1.302,1.303,60,0.354,102,58,0.354,323,102,58,0.0,1,1,0
18,16,85,9,1.3021975333630944,low,susceptible,0,1,0.0,-1,-1,0,0,1,0,33.9,16.6,14.606880551125732,27.74112470683191,26.41594390718766,40.718546143004666,6,16,1.302,1.303,60,0.354,102,58,0.354,323,102,58,0.0,1,1,0
18,17,85,9,1.3021975333630944,low,susceptible,0,1,0.0,-1,-1,0,0,1,0,33.9,16.6,14.606880551125732,27.74112470683191,26.41594390718766,40.718546143004666,6,16,1.302,1.303,60,0.354,102,58,0.354,323,102,58,0.0,1,1,0
18,18,85,9,1.3021975333630944,low,susceptible,0,1,0.0,-1,-1,0,0,1,0,33.9,16.6,14.606880551125732,27.74112470683191,26.41594390718766,40.718546143004666,6,16,1.302,1.303,60,0.354,102,58,0.354,323,102,58,0.0,1,1,0
18,19,85,9,1.3021975333630944,low,susceptible,0,1,0.0,-1,-1,0,0,1,0,33.9,16.6,14.606880551125732,27.74112470683191,26.41594390718766,40.718546143004666,6,16,1.302,1.303,60,0.354,102,58,0.354,323,102,58,0.0,1,1,0
18,20,85,9,1.3021975333630944,low,susceptible,0,1,0.0,-1,-1,0,0,1,0,33.9,16.6,14.606880551125732,27.74112470683191,26.41594390718766,40.718546143004666,6,16,1.302,1.303,60,0.354,102,58,0.354,323,102,58,0.0,1,1,0
18,21,85,9,1.3021975333630944,low,susceptible,0,1,0.0,-1,-1,0,0,1,0,33.9,16.6,14.606880551125732,27.74112470683191,26.41594390718766,40.718546143004666,6,16,1.302,1.303,60,0.354,102,58,0.354,323,102,58,0.0,1,1,0
18,22,85,9,1.3021975333630944,low,susceptible,0,1,0.0,-1,-1,0,0,1,0,33.9,16.6,14.606880551125732,27.74112470683191,26.41594390718766,40.718546143004666,6,16,1.302,1.303,60,0.354,102,58,0.354,323,102,58,0.0,1,1,0
18,23,85,9,1.3021975333630944,low,susceptible,0,1,0.0,-1,-1,0,0,1,0,33.9,16.6,14.606880551125732,27.74112470683191,26.41594390718766,40.718546143004666,6,16,1.302,1.303,60,0.354,102,58,0.354,323,102,58,0.0,1,1,0
18,24,85,9,1.3021975333630944,low,susceptible,0,1,0.0,-1,-1,0,0,1,0,33.9,16.6,14.606880551125732,27.74112470683191,26.41594390718766,40.718546143004666,6,16,1.302,1.303,60,0.354,102,58,0.354,323,102,58,0.0,1,1,0
18,25,85,9,1.3021975333630944,low,susceptible,0,1,0.0,-1,-1,0,0,1,0,33.9,16.6,14.606880551125732,27.74112470683191,26.41594390718766,40.718546143004666,6,16,1.302,1.303,60,0.354,102,58,0.354,323,102,58,0.0,1,1,0
18,26,85,9,1.3021975333630944,low,susceptible,0,1,0.0,-1,-1,0,0,1,0,33.9,16.6,14.606880551125732,27.74112470683191,26.41594390718766,40.718546143004666,6,16,1.302,1.303,60,0.354,102,58,0.354,323,102,58,0.0,1,1,0
18,27,85,9,1.3021975333630944,low,susceptible,0,1,0.0,-1,-1,0,0,1,0,33.9,16.6,14.606880551125732,27.74112470683191,26.41594390718766,40.718546143004666,6,16,1.302,1.303,60,0.354,102,58,0.354,323,102,58,0.0,1,1,0
18,28,85,9,1.3021975333630944,low,susceptible,0,1,0.0,-1,-1,0,0,1,0,33.9,16.6,14.606880551125732,27.74112470683191,26.41594390718766,40.718546143004666,6,16,1.302,1.303,60,0.354,102,58,0.354,323,102,58,0.0,1,1,0
18,29,85,9,1.3021975333630944,low,susceptible,0,1,0.0,-1,-1,0,0,1,0,33.9,16.6,14.606880551125732,27.74112470683191,26.41594390718766,40.718546143004666,6,16,1.302,1.303,60,0.354,102,58,0.354,323,102,58,0.0,1,1,0
18,30,85,9,1.3021975333630944,low,susceptible,0,1,0.0,-1,-1,0,0,1,0,33.9,16.6,14.606880551125732,27.74112470683191,26.41594390718766,40.718546143004666,6,16,1.302,1.303,60,0.354,102,58,0.354,323,102,58,0.0,1,1,0
18,31,85,9,1.3021975333630944,low,susceptible,0,1,0.0,-1,-1,0,0,1,0,33.9,16.6,14.606880551125732,27.74112470683191,26.41594390718766,40.718546143004666,6,16,1.302,1.303,60,0.354,102,58,0.354,323,102,58,0.0,1,1,0
18,32,85,9,1.3021975333630944,low,susceptible,0,1,0.0,-1,-1,0,0,1,0,33.9,16.6,14.606880551125732,27.74112470683191,26.41594390718766,40.718546143004666,6,16,1.302,1.303,60,0.354,102,58,0.354,323,102,58,0.0,1,1,0
18,33,85,9,1.3021975333630944,low,susceptible,0,1,0.0,-1,-1,0,0,1,0,33.9,16.6,14.606880551125732,27.74112470683191,26.41594390718766,40.718546143004666,6,16,1.302,1.303,60,0.354,102,58,0.354,323,102,58,0.0,1,1,0
18,34,85,9,1.3021975333630944,low,susceptible,0,1,0.0,-1,-1,0,0,1,0,33.9,16.6,14.606880551125732,27.74112470683191,26.41594390718766,40.718546143004666,6,16,1.302,1.303,60,0.354,102,58,0.354,323,102,58,0.0,1,1,0
18,35,85,9,1.3021975333630944,low,susceptible,0,1,0.0,-1,-1,0,0,1,0,33.9,16.6,14.606880551125732,27.74112470683191,26.41594390718766,40.718546143004666,6,16,1.302,1.303,60,0.354,102,58,0.354,323,102,58,0.0,1,1,0
18,36,85,9,1.3021975333630944,low,susceptible,0,1,0.0,-1,-1,0,0,1,0,33.9,16.6,14.606880551125732,27.74112470683191,26.41594390718766,40.718546143004666,6,16,1.302,1.303,60,0.354,102,58,0.354,323,102,58,0.0,1,1,0
18,37,85,9,1.3021975333630944,low,susceptible,0,1,0.0,-1,-1,0,0,1,0,33.9,16.6,14.606880551125732,27.74112470683191,26.41594390718766,40.718546143004666,6,16,1.302,1.303,60,0.354,102,58,0.354,323,102,58,0.0,1,1,0
18,38,85,9,1.3021975333630944,low,susceptible,0,1,0.0,-1,-1,0,0,1,0,33.9,16.6,14.606880551125732,27.74112470683191,26.41594390718766,40.718546143004666,6,16,1.302,1.303,60,0.354,102,58,0.354,323,102,58,0.0,1,1,0
18,39,85,9,1.3021975333630944,low,susceptible,0,1,0.0,-1,-1,0,0,1,0,33.9,16.6,14.606880551125732,27.74112470683191,26.41594390718766,40.718546143004666,6,16,1.302,1.303,60,0.354,102,58,0.354,323,102,58,0.0,1,1,0
19,0,170,2,1.3023835470658256,medium,susceptible,0,1,0.0,-1,-1,0,1,0,0,25.9,25.5,21.07254515618398,33.55979737721907,34.12648561749758,54.56189146281496,6,16,1.302,1.303,60,0.354,102,58,0.354,323,102,58,0.0,1,1,0
19,1,170,2,1.3023835470658256,medium,susceptible,0,1,0.0,-1,-1,0,1,0,0,25.9,25.5,21.07254515618398,33.55979737721907,34.12648561749758,54.56189146281496,6,16,1.302,1.303,60,0.354,102,58,0.354,323,102,58,0.0,1,1,0
19,2,170,2,1.3023835470658256,medium,susceptible,0,1,0.0,-1,-1,0,1,0,0,25.9,25.5,21.07254515618398,33.55979737721907,34.12648561749758,54.56189146281496,6,16,1.302,1.303,60,0.354,102,58,0.354,323,102,58,0.0,1,1,0
19,3,170,2,1.3023835470658256,medium,susceptible,0,1,0.0,-1,-1,0,1,0,0,25.9,25.5,21.07254515618398,33.55979737721907,34.12648561749758,54.56189146281496,6,16,1.302,1.303,60,0.354,102,58,0.354,323,102,58,0.0,1,1,0
19,4,170,2,1.3023835470658256,medium,susceptible,0,1,0.0,-1,-1,0,1,0,0,25.9,25.5,21.07254515618398,33.55979737721907,34.12648561749758,54.56189146281496,6,16,1.302,1.303,60,0.354,102,58,0.354,323,102,58,0.0,1,1,0
19,5,170,2,1.3023835470658256,medium,susceptible,0,1,0.0,-1,-1,0,1,0,0,25.9,25.5,21.07254515618398,33.55979737721907,34.12648561749758,54.56189146281496,6,16,1.302,1.303,60,0.354,102,58,0.354,323,102,58,0.0,1,1,0
19,6,170,2,1.3023835470658256,medium,susceptible,0,1,0.0,-1,-1,0,1,0,0,25.9,25.5,21.07254515618398,33.55979737721907,34.12648561749758,54.56189146281496,6,16,1.302,1.303,60,0.354,102,58,0.354,323,102,58,0.0,1,1,0
19,7,170,2,1.3023835470658256,medium,susceptible,0,1,0.0,-1,-1,0,1,0,0,25.9,25.5,21.07254515618398,33.55979737721907,34.12648561749758,54.56189146281496,6,16,1.302,1.303,60,0.354,102,58,0.354,323,102,58,0.0,1,1,0
19,8,170,2,1.3023835470658256,medium,susceptible,0,1,0.0,-1,-1,0,1,0,0,25.9,25.5,21.07254515618398,33.55979737721907,34.12648561749758,54.56189146281496,6,16,1.302,1.303,60,0.354,102,58,0.354,323,102,58,0.0,1,1,0
19,9,170,2,1.3023835470658256,medium,susceptible,0,1,0.0,-1,-1,0,1,0,0,25.9,25.5,21.07254515618398,33.55979737721907,34.12648561749758,54.56189146281496,6,16,1.302,1.303,60,0.354,102,58,0.354,323,102,58,0.0,1,1,0
19,10,170,2,1.3023835470658256,medium,susceptible,0,1,0.0,-1,-1,0,1,0,0,25.9,25.5,21.07254515618398,33.55979737721907,34.12648561749758,54.56189146281496,6,16,1.302,1.303,60,0.354,102,58,0.354,323,102,58,0.0,1,1,0
19,11,170,2,1.3023835470658256,medium,susceptible,0,1,0.0,-1,-1,0,1,0,0,25.9,25.5,21.07254515618398,33.55979737721907,34.12648561749758,54.56189146281496,6,16,1.302,1.303,60,0.354,102,58,0.354,323,102,58,0.0,1,1,0
19,12,170,2,1.3023835470658256,medium,susceptible,0,1,0.0,-1,-1,0,1,0,0,25.9,25.5,21.07254515618398,33.55979737721907,34.12648561749758,54.56189146281496,6,16,1.302,1.303,60,0.354,102,58,0.354,323,102,58,0.0,1,1,0
19,13,170,2,1.3023835470658256,medium,susceptible,0,1,0.0,-1,-1,0,1,0,0,25.9,25.5,21.07254515618398,33.55979737721907,34.12648561749758,54.56189146281496,6,16,1.302,1.303,60,0.354,102,58,0.354,323,102,58,0.0,1,1,0
19,14,170,2,1.3023835470658256,medium,susceptible,0,1,0.0,-1,-1,0,1,0,0,25.9,25.5,21.07254515618398,33.55979737721907,34.12648561749758,54.56189146281496,6,16,1.302,1.303,60,0.354,102,58,0.354,323,102,58,0.0,1,1,0
19,15,170,2,1.3023835470658256,medium,susceptible,0,1,0.0,-1,-1,0,1,0,0,25.9,25.5,21.07254515618398,33.55979737721907,34.12648561749758,54.56189146281496,6,16,1.302,1.303,60,0.354,102,58,0.354,323,102,58,0.0,1,1,0
19,16,170,2,1.3023835470658256,medium,susceptible,0,1,0.0,-1,-1,0,1,0,0,25.9,25.5,21.07254515618398,33.55979737721907,34.12648561749758,54.56189146281496,6,16,1.302,1.303,60,0.354,102,58,0.354,323,102,58,0.0,1,1,0
19,17,170,2,1.3023835470658256,medium,susceptible,0,1,0.0,-1,-1,0,1,0,0,25.9,25.5,21.07254515618398,33.55979737721907,34.12648561749758,54.56189146281496,6,16,1.302,1.303,60,0.354,102,58,0.354,323,102,58,0.0,1,1,0
19,18,170,2,1.3023835470658256,medium,susceptible,0,1,0.0,-1,-1,0,1,0,0,25.9,25.5,21.07254515618398,33.55979737721907,34.12648561749758,54.56189146281496,6,16,1.302,1.303,60,0.354,102,58,0.354,323,102,58,0.0,1,1,0
19,19,170,2,1.3023835470658256,medium,susceptible,0,1,0.0,-1,-1,0,1,0,0,25.9,25.5,21.07254515618398,33.55979737721907,34.12648561749758,54.56189146281496,6,16,1.302,1.303,60,0.354,102,58,0.354,323,102,58,0.0,1,1,0
19,20,170,2,1.3023835470658256,medium,susceptible,0,1,0.0,-1,-1,0,1,0,0,25.9,25.5,21.07254515618398,33.55979737721907,34.12648561749758,54.56189146281496,6,16,1.302,1.303,60,0.354,102,58,0.354,323,102,58,0.0,1,1,0
19,21,170,2,1.3023835470658256,medium,susceptible,0,1,0.0,-1,-1,0,1,0,0,25.9,25.5,21.07254515618398,33.55979737721907,34.12648561749758,54.56189146281496,6,16,1.302,1.303,60,0.354,102,58,0.354,323,102,58,0.0,1,1,0
19,22,170,2,1.3023835470658256,medium,susceptible,0,1,0.0,-1,-1,0,1,0,0,25.9,25.5,21.07254515618398,33.55979737721907,34.12648561749758,54.56189146281496,6,16,1.302,1.303,60,0.354,102,58,0.354,323,102,58,0.0,1,1,0
19,23,170,2,1.3023835470658256,medium,susceptible,0,1,0.0,-1,-1,0,1,0,0,25.9,25.5,21.07254515618398,33.55979737721907,34.12648561749758,54.56189146281496,6,16,1.302,1.303,60,0.354,102,58,0.354,323,102,58,0.0,1,1,0
19,24,170,2,1.3023835470658256,medium,susceptible,0,1,0.0,-1,-1,0,1,0,0,25.9,25.5,21.07254515618398,33.55979737721907,34.12648561749758,54.56189146281496,6,16,1.302,1.303,60,0.354,102,58,0.354,323,102,58,0.0,1,1,0
19,25,170,2,1.3023835470658256,medium,susceptible,0,1,0.0,-1,-1,0,1,0,0,25.9,25.5,21.07254515618398,33.55979737721907,34.12648561749758,54.56189146281496,6,16,1.302,1.303,60,0.354,102,58,0.354,323,102,58,0.0,1,1,0
19,26,170,2,1.3023835470658256,medium,susceptible,0,1,0.0,-1,-1,0,1,0,0,25.9,25.5,21.07254515618398,33.55979737721907,34.12648561749758,54.56189146281496,6,16,1.302,1.303,60,0.354,102,58,0.354,323,102,58,0.0,1,1,0
19,27,170,2,1.3023835470658256,medium,susceptible,0,1,0.0,-1,-1,0,1,0,0,25.9,25.5,21.07254515618398,33.55979737721907,34.12648561749758,54.56189146281496,6,16,1.302,1.303,60,0.354,102,58,0.354,323,102,58,0.0,1,1,0
19,28,170,2,1.3023835470658256,medium,susceptible,0,1,0.0,-1,-1,0,1,0,0,25.9,25.5,21.07254515618398,33.55979737721907,34.12648561749758,54.56189146281496,6,16,1.302,1.303,60,0.354,102,58,0.354,323,102,58,0.0,1,1,0
19,29,170,2,1.3023835470658256,medium,susceptible,0,1,0.0,-1,-1,0,1,0,0,25.9,25.5,21.07254515618398,33.55979737721907,34.12648561749758,54.56189146281496,6,16,1.302,1.303,60,0.354,102,58,0.354,323,102,58,0.0,1,1,0
19,30,170,2,1.3023835470658256,medium,susceptible,0,1,0.0,-1,-1,0,1,0,0,25.9,25.5,21.07254515618398,33.55979737721907,34.12648561749758,54.56189146281496,6,16,1.302,1.303,60,0.354,102,58,0.354,323,102,58,0.0,1,1,0
19,31,170,2,1.3023835470658256,medium,susceptible,0,1,0.0,-1,-1,0,1,0,0,25.9,25.5,21.07254515618398,33.55979737721907,34.12648561749758,54.56189146281496,6,16,1.302,1.303,60,0.354,102,58,0.354,323,102,58,0.0,1,1,0
19,32,170,2,1.3023835470658256,medium,susceptible,0,1,0.0,-1,-1,0,1,0,0,25.9,25.5,21.07254515618398,33.55979737721907,34.12648561749758,54.56189146281496,6,16,1.302,1.303,60,0.354,102,58,0.354,323,102,58,0.0,1,1,0
19,33,170,2,1.3023835470658256,medium,susceptible,0,1,0.0,-1,-1,0,1,0,0,25.9,25.5,21.07254515618398,33.55979737721907,34.12648561749758,54.56189146281496,6,16,1.302,1.303,60,0.354,102,58,0.354,323,102,58,0.0,1,1,0
19,34,170,2,1.3023835470658256,medium,susceptible,0,1,0.0,-1,-1,0,1,0,0,25.9,25.5,21.07254515618398,33.55979737721907,34.12648561749758,54.56189146281496,6,16,1.302,1.303,60,0.354,102,58,0.354,323,102,58,0.0,1,1,0
19,35,170,2,1.3023835470658256,medium,susceptible,0,1,0.0,-1,-1,0,1,0,0,25.9,25.5,21.07254515618398,33.55979737721907,34.12648561749758,54.56189146281496,6,16,1.302,1.303,60,0.354,102,58,0.354,323,102,58,0.0,1,1,0
19,36,170,2,1.3023835470658256,medium,susceptible,0,1,0.0,-1,-1,0,1,0,0,25.9,25.5,21.07254515618398,33.55979737721907,34.12648561749758,54.56189146281496,6,16,1.302,1.303,60,0.354,102,58,0.354,323,102,58,0.0,1,1,0
19,37,170,2,1.3023835470658256,medium,susceptible,0,1,0.0,-1,-1,0,1,0,0,25.9,25.5,21.07254515618398,33.55979737721907,34.12648561749758,54.56189146281496,6,16,1.302,1.303,60,0.354,102,58,0.354,323,102,58,0.0,1,1,0
19,38,170,2,1.3023835470658256,medium,susceptible,0,1,0.0,-1,-1,0,1,0,0,25.9,25.5,21.07254515618398,33.55979737721907,34.12648561749758,54.56189146281496,6,16,1.302,1.303,60,0.354,102,58,0.354,323,102,58,0.0,1,1,0
19,39,170,2,1.3023835470658256,medium,susceptible,0,1,0.0,-1,-1,0,1,0,0,25.9,25.5,21.07254515618398,33.55979737721907,34.12648561749758,54.56189146281496,6,16,1.302,1.303,60,0.354,102,58,0.354,323,102,58,0.0,1,1,0
20,0,36,1,1.302349043731478,strong,susceptible,0,1,0.0,-1,-1,1,0,0,0,18.2,27.3,21.519485853786392,35.26655639554279,38.59471991381058,59.54829972383762,6,16,1.302,1.303,60,0.354,102,58,0.354,323,102,58,0.0,1,1,0
20,1,36,1,1.302349043731478,strong,susceptible,0,1,0.0,-1,-1,1,0,0,0,18.2,27.3,21.519485853786392,35.26655639554279,38.59471991381058,59.54829972383762,6,16,1.302,1.303,60,0.354,102,58,0.354,323,102,58,0.0,1,1,0
20,2,36,1,1.302349043731478,strong,susceptible,0,1,0.0,-1,-1,1,0,0,0,18.2,27.3,21.519485853786392,35.26655639554279,38.59471991381058,59.54829972383762,6,16,1.302,1.303,60,0.354,102,58,0.354,323,102,58,0.0,1,1,0
20,3,36,1,1.302349043731478,strong,susceptible,0,1,0.0,-1,-1,1,0,0,0,18.2,27.3,21.519485853786392,35.26655639554279,38.59471991381058,59.54829972383762,6,16,1.302,1.303,60,0.354,102,58,0.354,323,102,58,0.0,1,1,0
20,4,36,1,1.302349043731478,strong,susceptible,0,1,0.0,-1,-1,1,0,0,0,18.2,27.3,21.519485853786392,35.26655639554279,38.59471991381058,59.54829972383762,6,16,1.302,1.303,60,0.354,102,58,0.354,323,102,58,0.0,1,1,0
20,5,36,1,1.302349043731478,strong,susceptible,0,1,0.0,-1,-1,1,0,0,0,18.2,27.3,21.519485853786392,35.26655639554279,38.59471991381058,59.54829972383762,6,16,1.302,1.303,60,0.354,102,58,0.354,323,102,58,0.0,1,1,0
20,6,36,1,1.302349043731478,strong,susceptible,0,1,0.0,-1,-1,1,0,0,0,18.2,27.3,21.519485853786392,35.26655639554279,38.59471991381058,59.54829972383762,6,16,1.302,1.303,60,0.354,102,58,0.354,323,102,58,0.0,1,1,0
20,7,36,1,1.302349043731478,strong,susceptible,0,1,0.0,-1,-1,1,0,0,0,18.2,27.3,21.519485853786392,35.26655639554279,38.59471991381058,59.54829972383762,6,16,1.302,1.303,60,0.354,102,58,0.354,323,102,58,0.0,1,1,0
20,8,36,1,1.302349043731478,strong,susceptible,0,1,0.0,-1,-1,1,0,0,0,18.2,27.3,21.519485853786392,35.26655639554279,38.59471991381058,59.54829972383762,6,16,1.302,1.303,60,0.354,102,58,0.354,323,102,58,0.0,1,1,0
20,9,36,1,1.302349043731478,strong,susceptible,0,1,0.0,-1,-1,1,0,0,0,18.2,27.3,21.519485853786392,35.26655639554279,38.59471991381058,59.54829972383762,6,16,1.302,1.303,60,0.354,102,58,0.354,323,102,58,0.0,1,1,0
20,10,36,1,1.302349043731478,strong,susceptible,0,1,0.0,-1,-1,1,0,0,0,18.2,27.3,21.519485853786392,35.26655639554279,38.59471991381058,59.54829972383762,6,16,1.302,1.303,60,0.354,102,58,0.354,323,102,58,0.0,1,1,0
20,11,36,1,1.302349043731478,strong,susceptible,0,1,0.0,-1,-1,1,0,0,0,18.2,27.3,21.519485853786392,35.26655639554279,38.59471991381058,59.54829972383762,6,16,1.302,1.303,60,0.354,102,58,0.354,323,102,58,0.0,1,1,0
20,12,36,1,1.302349043731478,strong,susceptible,0,1,0.0,-1,-1,1,0,0,0,18.2,27.3,21.519485853786392,35.26655639554279,38.59471991381058,59.54829972383762,6,16,1.302,1.303,60,0.354,102,58,0.354,323,102,58,0.0,1,1,0
20,13,36,1,1.302349043731478,strong,susceptible,0,1,0.0,-1,-1,1,0,0,0,18.2,27.3,21.519485853786392,35.26655639554279,38.59471991381058,59.54829972383762,6,16,1.302,1.303,60,0.354,102,58,0.354,323,102,58,0.0,1,1,0
20,14,36,1,1.302349043731478,strong,susceptible,0,1,0.0,-1,-1,1,0,0,0,18.2,27.3,21.519485853786392,35.26655639554279,38.59471991381058,59.54829972383762,6,16,1.302,1.303,60,0.354,102,58,0.354,323,102,58,0.0,1,1,0
20,15,36,1,1.302349043731478,strong,susceptible,0,1,0.0,-1,-1,1,0,0,0,18.2,27.3,21.519485853786392,35.26655639554279,38.59471991381058,59.54829972383762,6,16,1.302,1.303,60,0.354,102,58,0.354,323,102,58,0.0,1,1,0
20,16,36,1,1.302349043731478,strong,susceptible,0,1,0.0,-1,-1,1,0,0,0,18.2,27.3,21.519485853786392,35.26655639554279,38.59471991381058,59.54829972383762,6,16,1.302,1.303,60,0.354,102,58,0.354,323,102,58,0.0,1,1,0
20,17,36,1,1.302349043731478,strong,susceptible,0,1,0.0,-1,-1,1,0,0,0,18.2,27.3,21.519485853786392,35.26655639554279,38.59471991381058,59.54829972383762,6,16,1.302,1.303,60,0.354,102,58,0.354,323,102,58,0.0,1,1,0
20,18,36,1,1.302349043731478,strong,susceptible,0,1,0.0,-1,-1,1,0,0,0,18.2,27.3,21.519485853786392,35.26655639554279,38.59471991381058,59.54829972383762,6,16,1.302,1.303,60,0.354,102,58,0.354,323,102,58,0.0,1,1,0
20,19,36,1,1.302349043731478,strong,susceptible,0,1,0.0,-1,-1,1,0,0,0,18.2,27.3,21.519485853786392,35.26655639554279,38.59471991381058,59.54829972383762,6,16,1.302,1.303,60,0.354,102,58,0.354,323,102,58,0.0,1,1,0
20,20,36,1,1.302349043731478,strong,susceptible,0,1,0.0,-1,-1,1,0,0,0,18.2,27.3,21.519485853786392,35.26655639554279,38.59471991381058,59.54829972383762,6,16,1.302,1.303,60,0.354,102,58,0.354,323,102,58,0.0,1,1,0
20,21,36,1,1.302349043731478,strong,susceptible,0,1,0.0,-1,-1,1,0,0,0,18.2,27.3,21.519485853786392,35.26655639554279,38.59471991381058,59.54829972383762,6,16,1.302,1.303,60,0.354,102,58,0.354,323,102,58,0.0,1,1,0
20,22,36,1,1.302349043731478,strong,susceptible,0,1,0.0,-1,-1,1,0,0,0,18.2,27.3,21.519485853786392,35.26655639554279,38.59471991381058,59.54829972383762,6,16,1.302,1.303,60,0.354,102,58,0.354,323,102,58,0.0,1,1,0
20,23,36,1,1.302349043731478,strong,susceptible,0,1,0.0,-1,-1,1,0,0,0,18.2,27.3,21.519485853786392,35.26655639554279,38.59471991381058,59.54829972383762,6,16,1.302,1.303,60,0.354,102,58,0.354,323,102,58,0.0,1,1,0
20,24,36,1,1.302349043731478,strong,susceptible,0,1,0.0,-1,-1,1,0,0,0,18.2,27.3,21.519485853786392,35.26655639554279,38.59471991381058,59.54829972383762,6,16,1.302,1.303,60,0.354,102,58,0.354,323,102,58,0.0,1,1,0
20,25,36,1,1.302349043731478,strong,susceptible,0,1,0.0,-1,-1,1,0,0,0,18.2,27.3,21.519485853786392,35.26655639554279,38.59471991381058,59.54829972383762,6,16,1.302,1.303,60,0.354,102,58,0.354,323,102,58,0.0,1,1,0
20,26,36,1,1.302349043731478,strong,susceptible,0,1,0.0,-1,-1,1,0,0,0,18.2,27.3,21.519485853786392,35.26655639554279,38.59471991381058,59.54829972383762,6,16,1.302,1.303,60,0.354,102,58,0.354,323,102,58,0.0,1,1,0
20,27,36,1,1.302349043731478,strong,susceptible,0,1,0.0,-1,-1,1,0,0,0,18.2,27.3,21.519485853786392,35.26655639554279,38.59471991381058,59.54829972383762,6,16,1.302,1.303,60,0.354,102,58,0.354,323,102,58,0.0,1,1,0
20,28,36,1,1.302349043731478,strong,susceptible,0,1,0.0,-1,-1,1,0,0,0,18.2,27.3,21.519485853786392,35.26655639554279,38.59471991381058,59.54829972383762,6,16,1.302,1.303,60,0.354,102,58,0.354,323,102,58,0.0,1,1,0
20,29,36,1,1.302349043731478,strong,susceptible,0,1,0.0,-1,-1,1,0,0,0,18.2,27.3,21.519485853786392,35.26655639554279,38.59471991381058,59.54829972383762,6,16,1.302,1.303,60,0.354,102,58,0.354,323,102,58,0.0,1,1,0
20,30,36,1,1.302349043731478,strong,susceptible,0,1,0.0,-1,-1,1,0,0,0,18.2,27.3,21.519485853786392,35.26655639554279,38.59471991381058,59.54829972383762,6,16,1.302,1.303,60,0.354,102,58,0.354,323,102,58,0.0,1,1,0
20,31,36,1,1.302349043731478,strong,susceptible,0,1,0.0,-1,-1,1,0,0,0,18.2,27.3,21.519485853786392,35.26655639554279,38.59471991381058,59.54829972383762,6,16,1.302,1.303,60,0.354,102,58,0.354,323,102,58,0.0,1,1,0
20,32,36,1,1.302349043731478,strong,susceptible,0,1,0.0,-1,-1,1,0,0,0,18.2,27.3,21.519485853786392,35.26655639554279,38.59471991381058,59.54829972383762,6,16,1.302,1.303,60,0.354,102,58,0.354,323,102,58,0.0,1,1,0
20,33,36,1,1.302349043731478,strong,susceptible,0,1,0.0,-1,-1,1,0,0,0,18.2,27.3,21.519485853786392,35.26655639554279,38.59471991381058,59.54829972383762,6,16,1.302,1.303,60,0.354,102,58,0.354,323,102,58,0.0,1,1,0
20,34,36,1,1.302349043731478,strong,susceptible,0,1,0.0,-1,-1,1,0,0,0,18.2,27.3,21.519485853786392,35.26655639554279,38.59471991381058,59.54829972383762,6,16,1.302,1.303,60,0.354,102,58,0.354,323,102,58,0.0,1,1,0
20,35,36,1,1.302349043731478,strong,susceptible,0,1,0.0,-1,-1,1,0,0,0,18.2,27.3,21.519485853786392,35.26655639554279,38.59471991381058,59.54829972383762,6,16,1.302,1.303,60,0.354,102,58,0.354,323,102,58,0.0,1,1,0
20,36,36,1,1.302349043731478,strong,susceptible,0,1,0.0,-1,-1,1,0,0,0,18.2,27.3,21.519485853786392,35.26655639554279,38.59471991381058,59.54829972383762,6,16,1.302,1.303,60,0.354,102,58,0.354,323,102,58,0.0,1,1,0
20,37,36,1,1.302349043731478,strong,susceptible,0,1,0.0,-1,-1,1,0,0,0,18.2,27.3,21.519485853786392,35.26655639554279,38.59471991381058,59.54829972383762,6,16,1.302,1.303,60,0.354,102,58,0.354,323,102,58,0.0,1,1,0
20,38,36,1,1.302349043731478,strong,susceptible,0,1,0.0,-1,-1,1,0,0,0,18.2,27.3,21.519485853786392,35.26655639554279,38.59471991381058,59.54829972383762,6,16,1.302,1.303,60,0.354,102,58,0.354,323,102,58,0.0,1,1,0
20,39,36,1,1.302349043731478,strong,susceptible,0,1,0.0,-1,-1,1,0,0,0,18.2,27.3,21.519485853786392,35.26655639554279,38.59471991381058,59.54829972383762,6,16,1.302,1.303,60,0.354,102,58,0.354,323,102,58,0.0,1,1,0
21,0,190,8,1.3021569187681377,strong,susceptible,0,1,0.0,-1,-1,1,0,0,0,19.5,16.4,20.736428095122598,36.562412393057436,30.278099182477785,57.62811813689564,6,16,1.302,1.303,60,0.354,102,58,0.354,323,102,58,0.0,1,1,0
21,1,190,8,1.3021569187681377,strong,susceptible,0,1,0.0,-1,-1,1,0,0,0,19.5,16.4,20.736428095122598,36.562412393057436,30.278099182477785,57.62811813689564,6,16,1.302,1.303,60,0.354,102,58,0.354,323,102,58,0.0,1,1,0
21,2,190,8,1.3021569187681377,strong,susceptible,0,1,0.0,-1,-1,1,0,0,0,19.5,16.4,20.736428095122598,36.562412393057436,30.278099182477785,57.62811813689564,6,16,1.302,1.303,60,0.354,102,58,0.354,323,102,58,0.0,1,1,0
21,3,190,8,1.3021569187681377,strong,susceptible,0,1,0.0,-1,-1,1,0,0,0,19.5,16.4,20.736428095122598,36.562412393057436,30.278099182477785,57.62811813689564,6,16,1.302,1.303,60,0.354,102,58,0.354,323,102,58,0.0,1,1,0
21,4,190,8,1.3021569187681377,strong,susceptible,0,1,0.0,-1,-1,1,0,0,0,19.5,16.4,20.736428095122598,36.562412393057436,30.278099182477785,57.62811813689564,6,16,1.302,1.303,60,0.354,102,58,0.354,323,102,58,0.0,1,1,0
21,5,190,8,1.3021569187681377,strong,susceptible,0,1,0.0,-1,-1,1,0,0,0,19.5,16.4,20.736428095122598,36.562412393057436,30.278099182477785,57.62811813689564,6,16,1.302,1.303,60,0.354,102,58,0.354,323,102,58,0.0,1,1,0
21,6,190,8,1.3021569187681377,strong,susceptible,0,1,0.0,-1,-1,1,0,0,0,19.5,16.4,20.736428095122598,36.562412393057436,30.278099182477785,57.62811813689564,6,16,1.302,1.303,60,0.354,102,58,0.354,323,102,58,0.0,1,1,0
21,7,190,8,1.3021569187681377,strong,susceptible,0,1,0.0,-1,-1,1,0,0,0,19.5,16.4,20.736428095122598,36.562412393057436,30.278099182477785,57.62811813689564,6,16,1.302,1.303,60,0.354,102,58,0.354,323,102,58,0.0,1,1,0
21,8,190,8,1.3021569187681377,strong,susceptible,0,1,0.0,-1,-1,1,0,0,0,19.5,16.4,20.736428095122598,36.562412393057436,30.278099182477785,57.62811813689564,6,16,1.302,1.303,60,0.354,102,58,0.354,323,102,58,0.0,1,1,0
21,9,190,8,1.3021569187681377,strong,susceptible,0,1,0.0,-1,-1,1,0,0,0,19.5,16.4,20.736428095122598,36.562412393057436,30.278099182477785,57.62811813689564,6,16,1.302,1.303,60,0.354,102,58,0.354,323,102,58,0.0,1,1,0
21,10,190,8,1.3021569187681377,strong,susceptible,0,1,0.0,-1,-1,1,0,0,0,19.5,16.4,20.736428095122598,36.562412393057436,30.278099182477785,57.62811813689564,6,16,1.302,1.303,60,0.354,102,58,0.354,323,102,58,0.0,1,1,0
21,11,190,8,1.3021569187681377,strong,susceptible,0,1,0.0,-1,-1,1,0,0,0,19.5,16.4,20.736428095122598,36.562412393057436,30.278099182477785,57.62811813689564,6,16,1.302,1.303,60,0.354,102,58,0.354,323,102,58,0.0,1,1,0
21,12,190,8,1.3021569187681377,strong,susceptible,0,1,0.0,-1,-1,1,0,0,0,19.5,16.4,20.736428095122598,36.562412393057436,30.278099182477785,57.62811813689564,6,16,1.302,1.303,60,0.354,102,58,0.354,323,102,58,0.0,1,1,0
21,13,190,8,1.3021569187681377,strong,susceptible,0,1,0.0,-1,-1,1,0,0,0,19.5,16.4,20.736428095122598,36.562412393057436,30.278099182477785,57.62811813689564,6,16,1.302,1.303,60,0.354,102,58,0.354,323,102,58,0.0,1,1,0
21,14,190,8,1.3021569187681377,strong,susceptible,0,1,0.0,-1,-1,1,0,0,0,19.5,16.4,20.736428095122598,36.562412393057436,30.278099182477785,57.62811813689564,6,16,1.302,1.303,60,0.354,102,58,0.354,323,102,58,0.0,1,1,0
21,15,190,8,1.3021569187681377,strong,susceptible,0,1,0.0,-1,-1,1,0,0,0,19.5,16.4,20.736428095122598,36.562412393057436,30.278099182477785,57.62811813689564,6,16,1.302,1.303,60,0.354,102,58,0.354,323,102,58,0.0,1,1,0
21,16,190,8,1.3021569187681377,strong,susceptible,0,1,0.0,-1,-1,1,0,0,0,19.5,16.4,20.736428095122598,36.562412393057436,30.278099182477785,57.62811813689564,6,16,1.302,1.303,60,0.354,102,58,0.354,323,102,58,0.0,1,1,0
21,17,190,8,1.3021569187681377,strong,susceptible,0,1,0.0,-1,-1,1,0,0,0,19.5,16.4,20.736428095122598,36.562412393057436,30.278099182477785,57.62811813689564,6,16,1.302,1.303,60,0.354,102,58,0.354,323,102,58,0.0,1,1,0
21,18,190,8,1.3021569187681377,strong,susceptible,0,1,0.0,-1,-1,1,0,0,0,19.5,16.4,20.736428095122598,36.562412393057436,30.278099182477785,57.62811813689564,6,16,1.302,1.303,60,0.354,102,58,0.354,323,102,58,0.0,1,1,0
21,19,190,8,1.3021569187681377,strong,susceptible,0,1,0.0,-1,-1,1,0,0,0,19.5,16.4,20.736428095122598,36.562412393057436,30.278099182477785,57.62811813689564,6,16,1.302,1.303,60,0.354,102,58,0.354,323,102,58,0.0,1,1,0
21,20,190,8,1.3021569187681377,strong,susceptible,0,1,0.0,-1,-1,1,0,0,0,19.5,16.4,20.736428095122598,36.562412393057436,30.278099182477785,57.62811813689564,6,16,1.302,1.303,60,0.354,102,58,0.354,323,102,58,0.0,1,1,0
21,21,190,8,1.3021569187681377,strong,susceptible,0,1,0.0,-1,-1,1,0,0,0,19.5,16.4,20.736428095122598,36.562412393057436,30.278099182477785,57.62811813689564,6,16,1.302,1.303,60,0.354,102,58,0.354,323,102,58,0.0,1,1,0
21,22,190,8,1.3021569187681377,strong,susceptible,0,1,0.0,-1,-1,1,0,0,0,19.5,16.4,20.736428095122598,36.562412393057436,30.278099182477785,57.62811813689564,6,16,1.302,1.303,60,0.354,102,58,0.354,323,102,58,0.0,1,1,0
21,23,190,8,1.3021569187681377,strong,susceptible,0,1,0.0,-1,-1,1,0,0,0,19.5,16.4,20.736428095122598,36.562412393057436,30.278099182477785,57.62811813689564,6,16,1.302,1.303,60,0.354,102,58,0.354,323,102,58,0.0,1,1,0
21,24,190,8,1.3021569187681377,strong,susceptible,0,1,0.0,-1,-1,1,0,0,0,19.5,16.4,20.736428095122598,36.562412393057436,30.278099182477785,57.62811813689564,6,16,1.302,1.303,60,0.354,102,58,0.354,323,102,58,0.0,1,1,0
21,25,190,8,1.3021569187681377,strong,susceptible,0,1,0.0,-1,-1,1,0,0,0,19.5,16.4,20.736428095122598,36.562412393057436,30.278099182477785,57.62811813689564,6,16,1.302,1.303,60,0.354,102,58,0.354,323,102,58,0.0,1,1,0
21,26,190,8,1.3021569187681377,strong,susceptible,0,1,0.0,-1,-1,1,0,0,0,19.5,16.4,20.736428095122598,36.562412393057436,30.278099182477785,57.62811813689564,6,16,1.302,1.303,60,0.354,102,58,0.354,323,102,58,0.0,1,1,0
21,27,190,8,1.3021569187681377,strong,susceptible,0,1,0.0,-1,-1,1,0,0,0,19.5,16.4,20.736428095122598,36.562412393057436,30.278099182477785,57.62811813689564,6,16,1.302,1.303,60,0.354,102,58,0.354,323,102,58,0.0,1,1,0
21,28,190,8,1.3021569187681377,strong,susceptible,0,1,0.0,-1,-1,1,0,0,0,19.5,16.4,20.736428095122598,36.562412393057436,30.278099182477785,57.62811813689564,6,16,1.302,1.303,60,0.354,102,58,0.354,323,102,58,0.0,1,1,0
21,29,190,8,1.3021569187681377,strong,susceptible,0,1,0.0,-1,-1,1,0,0,0,19.5,16.4,20.736428095122598,36.562412393057436,30.278099182477785,57.62811813689564,6,16,1.302,1.303,60,0.354,102,58,0.354,323,102,58,0.0,1,1,0
21,30,190,8,1.3021569187681377,strong,susceptible,0,1,0.0,-1,-1,1,0,0,0,19.5,16.4,20.736428095122598,36.562412393057436,30.278099182477785,57.62811813689564,6,16,1.302,1.303,60,0.354,102,58,0.354,323,102,58,0.0,1,1,0
21,31,190,8,1.3021569187681377,strong,susceptible,0,1,0.0,-1,-1,1,0,0,0,19.5,16.4,20.736428095122598,36.562412393057436,30.278099182477785,57.62811813689564,6,16,1.302,1.303,60,0.354,102,58,0.354,323,102,58,0.0,1,1,0
21,32,190,8,1.3021569187681377,strong,susceptible,0,1,0.0,-1,-1,1,0,0,0,19.5,16.4,20.736428095122598,36.562412393057436,30.278099182477785,57.62811813689564,6,16,1.302,1.303,60,0.354,102,58,0.354,323,102,58,0.0,1,1,0
21,33,190,8,1.3021569187681377,strong,susceptible,0,1,0.0,-1,-1,1,0,0,0,19.5,16.4,20.736428095122598,36.562412393057436,30.278099182477785,57.62811813689564,6,16,1.302,1.303,60,0.354,102,58,0.354,323,102,58,0.0,1,1,0
21,34,190,8,1.3021569187681377,strong,susceptible,0,1,0.0,-1,-1,1,0,0,0,19.5,16.4,20.736428095122598,36.562412393057436,30.278099182477785,57.62811813689564,6,16,1.302,1.303,60,0.354,102,58,0.354,323,102,58,0.0,1,1,0
21,35,190,8,1.3021569187681377,strong,susceptible,0,1,0.0,-1,-1,1,0,0,0,19.5,16.4,20.736428095122598,36.562412393057436,30.278099182477785,57.62811813689564,6,16,1.302,1.303,60,0.354,102,58,0.354,323,102,58,0.0,1,1,0
21,36,190,8,1.3021569187681377,strong,susceptible,0,1,0.0,-1,-1,1,0,0,0,19.5,16.4,20.736428095122598,36.562412393057436,30.278099182477785,57.62811813689564,6,16,1.302,1.303,60,0.354,102,58,0.354,323,102,58,0.0,1,1,0
21,37,190,8,1.3021569187681377,strong,susceptible,0,1,0.0,-1,-1,1,0,0,0,19.5,16.4,20.736428095122598,36.562412393057436,30.278099182477785,57.62811813689564,6,16,1.302,1.303,60,0.354,102,58,0.354,323,102,58,0.0,1,1,0
21,38,190,8,1.3021569187681377,strong,susceptible,0,1,0.0,-1,-1,1,0,0,0,19.5,16.4,20.736428095122598,36.562412393057436,30.278099182477785,57.62811813689564,6,16,1.302,1.303,60,0.354,102,58,0.354,323,102,58,0.0,1,1,0
21,39,190,8,1.3021569187681377,strong,susceptible,0,1,0.0,-1,-1,1,0,0,0,19.5,16.4,20.736428095122598,36.562412393057436,30.278099182477785,57.62811813689564,6,16,1.302,1.303,60,0.354,102,58,0.354,323,102,58,0.0,1,1,0
22,0,154,6,1.302886423650191,strong,susceptible,0,1,0.0,-1,-1,1,0,0,0,16.5,25.9,20.519853137918357,30.23011743278547,32.41850880053406,50.44799302251776,6,16,1.302,1.303,60,0.354,102,58,0.354,323,102,58,0.0,1,1,0
22,1,154,6,1.302886423650191,strong,susceptible,0,1,0.0,-1,-1,1,0,0,0,16.5,25.9,20.519853137918357,30.23011743278547,32.41850880053406,50.44799302251776,6,16,1.302,1.303,60,0.354,102,58,0.354,323,102,58,0.0,1,1,0
22,2,154,6,1.302886423650191,strong,susceptible,0,1,0.0,-1,-1,1,0,0,0,16.5,25.9,20.519853137918357,30.23011743278547,32.41850880053406,50.44799302251776,6,16,1.302,1.303,60,0.354,102,58,0.354,323,102,58,0.0,1,1,0
22,3,154,6,1.302886423650191,strong,susceptible,0,1,0.0,-1,-1,1,0,0,0,16.5,25.9,20.519853137918357,30.23011743278547,32.41850880053406,50.44799302251776,6,16,1.302,1.303,60,0.354,102,58,0.354,323,102,58,0.0,1,1,0
22,4,154,6,1.302886423650191,strong,susceptible,0,1,0.0,-1,-1,1,0,0,0,16.5,25.9,20.519853137918357,30.23011743278547,32.41850880053406,50.44799302251776,6,16,1.302,1.303,60,0.354,102,58,0.354,323,102,58,0.0,1,1,0
22,5,154,6,1.302886423650191,strong,susceptible,0,1,0.0,-1,-1,1,0,0,0,16.5,25.9,20.519853137918357,30.23011743278547,32.41850880053406,50.44799302251776,6,16,1.302,1.303,60,0.354,102,58,0.354,323,102,58,0.0,1,1,0
22,6,154,6,1.302886423650191,strong,susceptible,0,1,0.0,-1,-1,1,0,0,0,16.5,25.9,20.519853137918357,30.23011743278547,32.41850880053406,50.44799302251776,6,16,1.302,1.303,60,0.354,102,58,0.354,323,102,58,0.0,1,1,0
22,7,154,6,1.302886423650191,strong,susceptible,0,1,0.0,-1,-1,1,0,0,0,16.5,25.9,20.519853137918357,30.23011743278547,32.41850880053406,50.44799302251776,6,16,1.302,1.303,60,0.354,102,58,0.354,323,102,58,0.0,1,1,0
22,8,154,6,1.302886423650191,strong,susceptible,0,1,0.0,-1,-1,1,0,0,0,16.5,25.9,20.519853137918357,30.23011743278547,32.41850880053406,50.44799302251776,6,16,1.302,1.303,60,0.354,102,58,0.354,323,102,58,0.0,1,1,0
22,9,154,6,1.302886423650191,strong,susceptible,0,1,0.0,-1,-1,1,0,0,0,16.5,25.9,20.519853137918357,30.23011743278547,32.41850880053406,50.44799302251776,6,16,1.302,1.303,60,0.354,102,58,0.354,323,102,58,0.0,1,1,0
22,10,154,6,1.302886423650191,strong,susceptible,0,1,0.0,-1,-1,1,0,0,0,16.5,25.9,20.519853137918357,30.23011743278547,32.41850880053406,50.44799302251776,6,16,1.302,1.303,60,0.354,102,58,0.354,323,102,58,0.0,1,1,0
22,11,154,6,1.302886423650191,strong,susceptible,0,1,0.0,-1,-1,1,0,0,0,16.5,25.9,20.519853137918357,30.23011743278547,32.41850880053406,50.44799302251776,6,16,1.302,1.303,60,0.354,102,58,0.354,323,102,58,0.0,1,1,0
22,12,154,6,1.302886423650191,strong,susceptible,0,1,0.0,-1,-1,1,0,0,0,16.5,25.9,20.519853137918357,30.23011743278547,32.41850880053406,50.44799302251776,6,16,1.302,1.303,60,0.354,102,58,0.354,323,102,58,0.0,1,1,0
22,13,154,6,1.302886423650191,strong,susceptible,0,1,0.0,-1,-1,1,0,0,0,16.5,25.9,20.519853137918357,30.23011743278547,32.41850880053406,50.44799302251776,6,16,1.302,1.303,60,0.354,102,58,0.354,323,102,58,0.0,1,1,0
22,14,154,6,1.302886423650191,strong,susceptible,0,1,0.0,-1,-1,1,0,0,0,16.5,25.9,20.519853137918357,30.23011743278547,32.41850880053406,50.44799302251776,6,16,1.302,1.303,60,0.354,102,58,0.354,323,102,58,0.0,1,1,0
22,15,154,6,1.302886423650191,strong,susceptible,0,1,0.0,-1,-1,1,0,0,0,16.5,25.9,20.519853137918357,30.23011743278547,32.41850880053406,50.44799302251776,6,16,1.302,1.303,60,0.354,102,58,0.354,323,102,58,0.0,1,1,0
22,16,154,6,1.302886423650191,strong,susceptible,0,1,0.0,-1,-1,1,0,0,0,16.5,25.9,20.519853137918357,30.23011743278547,32.41850880053406,50.44799302251776,6,16,1.302,1.303,60,0.354,102,58,0.354,323,102,58,0.0,1,1,0
22,17,154,6,1.302886423650191,strong,susceptible,0,1,0.0,-1,-1,1,0,0,0,16.5,25.9,20.519853137918357,30.23011743278547,32.41850880053406,50.44799302251776,6,16,1.302,1.303,60,0.354,102,58,0.354,323,102,58,0.0,1,1,0
22,18,154,6,1.302886423650191,strong,susceptible,0,1,0.0,-1,-1,1,0,0,0,16.5,25.9,20.519853137918357,30.23011743278547,32.41850880053406,50.44799302251776,6,16,1.302,1.303,60,0.354,102,58,0.354,323,102,58,0.0,1,1,0
22,19,154,6,1.302886423650191,strong,susceptible,0,1,0.0,-1,-1,1,0,0,0,16.5,25.9,20.519853137918357,30.23011743278547,32.41850880053406,50.44799302251776,6,16,1.302,1.303,60,0.354,102,58,0.354,323,102,58,0.0,1,1,0
22,20,154,6,1.302886423650191,strong,susceptible,0,1,0.0,-1,-1,1,0,0,0,16.5,25.9,20.519853137918357,30.23011743278547,32.41850880053406,50.44799302251776,6,16,1.302,1.303,60,0.354,102,58,0.354,323,102,58,0.0,1,1,0
22,21,154,6,1.302886423650191,strong,susceptible,0,1,0.0,-1,-1,1,0,0,0,16.5,25.9,20.519853137918357,30.23011743278547,32.41850880053406,50.44799302251776,6,16,1.302,1.303,60,0.354,102,58,0.354,323,102,58,0.0,1,1,0
22,22,154,6,1.302886423650191,strong,susceptible,0,1,0.0,-1,-1,1,0,0,0,16.5,25.9,20.519853137918357,30.23011743278547,32.41850880053406,50.44799302251776,6,16,1.302,1.303,60,0.354,102,58,0.354,323,102,58,0.0,1,1,0
22,23,154,6,1.302886423650191,strong,susceptible,0,1,0.0,-1,-1,1,0,0,0,16.5,25.9,20.519853137918357,30.23011743278547,32.41850880053406,50.44799302251776,6,16,1.302,1.303,60,0.354,102,58,0.354,323,102,58,0.0,1,1,0
22,24,154,6,1.302886423650191,strong,susceptible,0,1,0.0,-1,-1,1,0,0,0,16.5,25.9,20.519853137918357,30.23011743278547,32.41850880053406,50.44799302251776,6,16,1.302,1.303,60,0.354,102,58,0.354,323,102,58,0.0,1,1,0
22,25,154,6,1.302886423650191,strong,susceptible,0,1,0.0,-1,-1,1,0,0,0,16.5,25.9,20.519853137918357,30.23011743278547,32.41850880053406,50.44799302251776,6,16,1.302,1.303,60,0.354,102,58,0.354,323,102,58,0.0,1,1,0
22,26,154,6,1.302886423650191,strong,susceptible,0,1,0.0,-1,-1,1,0,0,0,16.5,25.9,20.519853137918357,30.23011743278547,32.41850880053406,50.44799302251776,6,16,1.302,1.303,60,0.354,102,58,0.354,323,102,58,0.0,1,1,0
22,27,154,6,1.302886423650191,strong,susceptible,0,1,0.0,-1,-1,1,0,0,0,16.5,25.9,20.519853137918357,30.23011743278547,32.41850880053406,50.44799302251776,6,16,1.302,1.303,60,0.354,102,58,0.354,323,102,58,0.0,1,1,0
22,28,154,6,1.302886423650191,strong,susceptible,0,1,0.0,-1,-1,1,0,0,0,16.5,25.9,20.519853137918357,30.23011743278547,32.41850880053406,50.44799302251776,6,16,1.302,1.303,60,0.354,102,58,0.354,323,102,58,0.0,1,1,0
22,29,154,6,1.302886423650191,strong,susceptible,0,1,0.0,-1,-1,1,0,0,0,16.5,25.9,20.519853137918357,30.23011743278547,32.41850880053406,50.44799302251776,6,16,1.302,1.303,60,0.354,102,58,0.354,323,102,58,0.0,1,1,0
22,30,154,6,1.302886423650191,strong,susceptible,0,1,0.0,-1,-1,1,0,0,0,16.5,25.9,20.519853137918357,30.23011743278547,32.41850880053406,50.44799302251776,6,16,1.302,1.303,60,0.354,102,58,0.354,323,102,58,0.0,1,1,0
22,31,154,6,1.302886423650191,strong,susceptible,0,1,0.0,-1,-1,1,0,0,0,16.5,25.9,20.519853137918357,30.23011743278547,32.41850880053406,50.44799302251776,6,16,1.302,1.303,60,0.354,102,58,0.354,323,102,58,0.0,1,1,0
22,32,154,6,1.302886423650191,strong,susceptible,0,1,0.0,-1,-1,1,0,0,0,16.5,25.9,20.519853137918357,30.23011743278547,32.41850880053406,50.44799302251776,6,16,1.302,1.303,60,0.354,102,58,0.354,323,102,58,0.0,1,1,0
22,33,154,6,1.302886423650191,strong,susceptible,0,1,0.0,-1,-1,1,0,0,0,16.5,25.9,20.519853137918357,30.23011743278547,32.41850880053406,50.44799302251776,6,16,1.302,1.303,60,0.354,102,58,0.354,323,102,58,0.0,1,1,0
22,34,154,6,1.302886423650191,strong,susceptible,0,1,0.0,-1,-1,1,0,0,0,16.5,25.9,20.519853137918357,30.23011743278547,32.41850880053406,50.44799302251776,6,16,1.302,1.303,60,0.354,102,58,0.354,323,102,58,0.0,1,1,0
22,35,154,6,1.302886423650191,strong,susceptible,0,1,0.0,-1,-1,1,0,0,0,16.5,25.9,20.519853137918357,30.23011743278547,32.41850880053406,50.44799302251776,6,16,1.302,1.303,60,0.354,102,58,0.354,323,102,58,0.0,1,1,0
22,36,154,6,1.302886423650191,strong,susceptible,0,1,0.0,-1,-1,1,0,0,0,16.5,25.9,20.519853137918357,30.23011743278547,32.41850880053406,50.44799302251776,6,16,1.302,1.303,60,0.354,102,58,0.354,323,102,58,0.0,1,1,0
22,37,154,6,1.302886423650191,strong,susceptible,0,1,0.0,-1,-1,1,0,0,0,16.5,25.9,20.519853137918357,30.23011743278547,32.41850880053406,50.44799302251776,6,16,1.302,1.303,60,0.354,102,58,0.354,323,102,58,0.0,1,1,0
22,38,154,6,1.302886423650191,strong,susceptible,0,1,0.0,-1,-1,1,0,0,0,16.5,25.9,20.519853137918357,30.23011743278547,32.41850880053406,50.44799302251776,6,16,1.302,1.303,60,0.354,102,58,0.354,323,102,58,0.0,1,1,0
22,39,154,6,1.302886423650191,strong,susceptible,0,1,0.0,-1,-1,1,0,0,0,16.5,25.9,20.519853137918357,30.23011743278547,32.41850880053406,50.44799302251776,6,16,1.302,1.303,60,0.354,102,58,0.354,323,102,58,0.0,1,1,0
23,0,79,7,1.3020135132883144,strong,susceptible,0,1,0.0,-1,-1,1,0,0,0,30.9,27.7,17.947567761327402,26.61766330841233,21.442459073585276,43.289721643826724,6,16,1.302,1.303,60,0.354,102,58,0.354,323,102,58,0.0,1,1,0
23,1,79,7,1.3020135132883144,strong,susceptible,0,1,0.0,-1,-1,1,0,0,0,30.9,27.7,17.947567761327402,26.61766330841233,21.442459073585276,43.289721643826724,6,16,1.302,1.303,60,0.354,102,58,0.354,323,102,58,0.0,1,1,0
23,2,79,7,1.3020135132883144,strong,susceptible,0,1,0.0,-1,-1,1,0,0,0,30.9,27.7,17.947567761327402,26.61766330841233,21.442459073585276,43.289721643826724,6,16,1.302,1.303,60,0.354,102,58,0.354,323,102,58,0.0,1,1,0
23,3,79,7,1.3020135132883144,strong,susceptible,0,1,0.0,-1,-1,1,0,0,0,30.9,27.7,17.947567761327402,26.61766330841233,21.442459073585276,43.289721643826724,6,16,1.302,1.303,60,0.354,102,58,0.354,323,102,58,0.0,1,1,0
23,4,79,7,1.3020135132883144,strong,susceptible,0,1,0.0,-1,-1,1,0,0,0,30.9,27.7,17.947567761327402,26.61766330841233,21.442459073585276,43.289721643826724,6,16,1.302,1.303,60,0.354,102,58,0.354,323,102,58,0.0,1,1,0
23,5,79,7,1.3020135132883144,strong,susceptible,0,1,0.0,-1,-1,1,0,0,0,30.9,27.7,17.947567761327402,26.61766330841233,21.442459073585276,43.289721643826724,6,16,1.302,1.303,60,0.354,102,58,0.354,323,102,58,0.0,1,1,0
23,6,79,7,1.3020135132883144,strong,susceptible,0,1,0.0,-1,-1,1,0,0,0,30.9,27.7,17.947567761327402,26.61766330841233,21.442459073585276,43.289721643826724,6,16,1.302,1.303,60,0.354,102,58,0.354,323,102,58,0.0,1,1,0
23,7,79,7,1.3020135132883144,strong,susceptible,0,1,0.0,-1,-1,1,0,0,0,30.9,27.7,17.947567761327402,26.61766330841233,21.442459073585276,43.289721643826724,6,16,1.302,1.303,60,0.354,102,58,0.354,323,102,58,0.0,1,1,0
23,8,79,7,1.3020135132883144,strong,susceptible,0,1,0.0,-1,-1,1,0,0,0,30.9,27.7,17.947567761327402,26.61766330841233,21.442459073585276,43.289721643826724,6,16,1.302,1.303,60,0.354,102,58,0.354,323,102,58,0.0,1,1,0
23,9,79,7,1.3020135132883144,strong,susceptible,0,1,0.0,-1,-1,1,0,0,0,30.9,27.7,17.947567761327402,26.61766330841233,21.442459073585276,43.289721643826724,6,16,1.302,1.303,60,0.354,102,58,0.354,323,102,58,0.0,1,1,0
23,10,79,7,1.3020135132883144,strong,susceptible,0,1,0.0,-1,-1,1,0,0,0,30.9,27.7,17.947567761327402,26.61766330841233,21.442459073585276,43.289721643826724,6,16,1.302,1.303,60,0.354,102,58,0.354,323,102,58,0.0,1,1,0
23,11,79,7,1.3020135132883144,strong,susceptible,0,1,0.0,-1,-1,1,0,0,0,30.9,27.7,17.947567761327402,26.61766330841233,21.442459073585276,43.289721643826724,6,16,1.302,1.303,60,0.354,102,58,0.354,323,102,58,0.0,1,1,0
23,12,79,7,1.3020135132883144,strong,susceptible,0,1,0.0,-1,-1,1,0,0,0,30.9,27.7,17.947567761327402,26.61766330841233,21.442459073585276,43.289721643826724,6,16,1.302,1.303,60,0.354,102,58,0.354,323,102,58,0.0,1,1,0
23,13,79,7,1.3020135132883144,strong,susceptible,0,1,0.0,-1,-1,1,0,0,0,30.9,27.7,17.947567761327402,26.61766330841233,21.442459073585276,43.289721643826724,6,16,1.302,1.303,60,0.354,102,58,0.354,323,102,58,0.0,1,1,0
23,14,79,7,1.3020135132883144,strong,susceptible,0,1,0.0,-1,-1,1,0,0,0,30.9,27.7,17.947567761327402,26.61766330841233,21.442459073585276,43.289721643826724,6,16,1.302,1.303,60,0.354,102,58,0.354,323,102,58,0.0,1,1,0
23,15,79,7,1.3020135132883144,strong,susceptible,0,1,0.0,-1,-1,1,0,0,0,30.9,27.7,17.947567761327402,26.61766330841233,21.442459073585276,43.289721643826724,6,16,1.302,1.303,60,0.354,102,58,0.354,323,102,58,0.0,1,1,0
23,16,79,7,1.3020135132883144,strong,susceptible,0,1,0.0,-1,-1,1,0,0,0,30.9,27.7,17.947567761327402,26.61766330841233,21.442459073585276,43.289721643826724,6,16,1.302,1.303,60,0.354,102,58,0.354,323,102,58,0.0,1,1,0
23,17,79,7,1.3020135132883144,strong,susceptible,0,1,0.0,-1,-1,1,0,0,0,30.9,27.7,17.947567761327402,26.61766330841233,21.442459073585276,43.289721643826724,6,16,1.302,1.303,60,0.354,102,58,0.354,323,102,58,0.0,1,1,0
23,18,79,7,1.3020135132883144,strong,susceptible,0,1,0.0,-1,-1,1,0,0,0,30.9,27.7,17.947567761327402,26.61766330841233,21.442459073585276,43.289721643826724,6,16,1.302,1.303,60,0.354,102,58,0.354,323,102,58,0.0,1,1,0
23,19,79,7,1.3020135132883144,strong,susceptible,0,1,0.0,-1,-1,1,0,0,0,30.9,27.7,17.947567761327402,26.61766330841233,21.442459073585276,43.289721643826724,6,16,1.302,1.303,60,0.354,102,58,0.354,323,102,58,0.0,1,1,0
23,20,79,7,1.3020135132883144,strong,susceptible,0,1,0.0,-1,-1,1,0,0,0,30.9,27.7,17.947567761327402,26.61766330841233,21.442459073585276,43.289721643826724,6,16,1.302,1.303,60,0.354,102,58,0.354,323,102,58,0.0,1,1,0
23,21,79,7,1.3020135132883144,strong,susceptible,0,1,0.0,-1,-1,1,0,0,0,30.9,27.7,17.947567761327402,26.61766330841233,21.442459073585276,43.289721643826724,6,16,1.302,1.303,60,0.354,102,58,0.354,323,102,58,0.0,1,1,0
23,22,79,7,1.3020135132883144,strong,susceptible,0,1,0.0,-1,-1,1,0,0,0,30.9,27.7,17.947567761327402,26.61766330841233,21.442459073585276,43.289721643826724,6,16,1.302,1.303,60,0.354,102,58,0.354,323,102,58,0.0,1,1,0
23,23,79,7,1.3020135132883144,strong,susceptible,0,1,0.0,-1,-1,1,0,0,0,30.9,27.7,17.947567761327402,26.61766330841233,21.442459073585276,43.289721643826724,6,16,1.302,1.303,60,0.354,102,58,0.354,323,102,58,0.0,1,1,0
23,24,79,7,1.3020135132883144,strong,susceptible,0,1,0.0,-1,-1,1,0,0,0,30.9,27.7,17.947567761327402,26.61766330841233,21.442459073585276,43.289721643826724,6,16,1.302,1.303,60,0.354,102,58,0.354,323,102,58,0.0,1,1,0
23,25,79,7,1.3020135132883144,strong,susceptible,0,1,0.0,-1,-1,1,0,0,0,30.9,27.7,17.947567761327402,26.61766330841233,21.442459073585276,43.289721643826724,6,16,1.302,1.303,60,0.354,102,58,0.354,323,102,58,0.0,1,1,0
23,26,79,7,1.3020135132883144,strong,susceptible,0,1,0.0,-1,-1,1,0,0,0,30.9,27.7,17.947567761327402,26.61766330841233,21.442459073585276,43.289721643826724,6,16,1.302,1.303,60,0.354,102,58,0.354,323,102,58,0.0,1,1,0
23,27,79,7,1.3020135132883144,strong,susceptible,0,1,0.0,-1,-1,1,0,0,0,30.9,27.7,17.947567761327402,26.61766330841233,21.442459073585276,43.289721643826724,6,16,1.302,1.303,60,0.354,102,58,0.354,323,102,58,0.0,1,1,0
23,28,79,7,1.3020135132883144,strong,susceptible,0,1,0.0,-1,-1,1,0,0,0,30.9,27.7,17.947567761327402,26.61766330841233,21.442459073585276,43.289721643826724,6,16,1.302,1.303,60,0.354,102,58,0.354,323,102,58,0.0,1,1,0
23,29,79,7,1.3020135132883144,strong,susceptible,0,1,0.0,-1,-1,1,0,0,0,30.9,27.7,17.947567761327402,26.61766330841233,21.442459073585276,43.289721643826724,6,16,1.302,1.303,60,0.354,102,58,0.354,323,102,58,0.0,1,1,0
23,30,79,7,1.3020135132883144,strong,susceptible,0,1,0.0,-1,-1,1,0,0,0,30.9,27.7,17.947567761327402,26.61766330841233,21.442459073585276,43.289721643826724,6,16,1.302,1.303,60,0.354,102,58,0.354,323,102,58,0.0,1,1,0
23,31,79,7,1.3020135132883144,strong,susceptible,0,1,0.0,-1,-1,1,0,0,0,30.9,27.7,17.947567761327402,26.61766330841233,21.442459073585276,43.289721643826724,6,16,1.302,1.303,60,0.354,102,58,0.354,323,102,58,0.0,1,1,0
23,32,79,7,1.3020135132883144,strong,susceptible,0,1,0.0,-1,-1,1,0,0,0,30.9,27.7,17.947567761327402,26.61766330841233,21.442459073585276,43.289721643826724,6,16,1.302,1.303,60,0.354,102,58,0.354,323,102,58,0.0,1,1,0
23,33,79,7,1.3020135132883144,strong,susceptible,0,1,0.0,-1,-1,1,0,0,0,30.9,27.7,17.947567761327402,26.61766330841233,21.442459073585276,43.289721643826724,6,16,1.302,1.303,60,0.354,102,58,0.354,323,102,58,0.0,1,1,0
23,34,79,7,1.3020135132883144,strong,susceptible,0,1,0.0,-1,-1,1,0,0,0,30.9,27.7,17.947567761327402,26.61766330841233,21.442459073585276,43.289721643826724,6,16,1.302,1.303,60,0.354,102,58,0.354,323,102,58,0.0,1,1,0
23,35,79,7,1.3020135132883144,strong,susceptible,0,1,0.0,-1,-1,1,0,0,0,30.9,27.7,17.947567761327402,26.61766330841233,21.442459073585276,43.289721643826724,6,16,1.302,1.303,60,0.354,102,58,0.354,323,102,58,0.0,1,1,0
23,36,79,7,1.3020135132883144,strong,susceptible,0,1,0.0,-1,-1,1,0,0,0,30.9,27.7,17.947567761327402,26.61766330841233,21.442459073585276,43.289721643826724,6,16,1.302,1.303,60,0.354,102,58,0.354,323,102,58,0.0,1,1,0
23,37,79,7,1.3020135132883144,strong,susceptible,0,1,0.0,-1,-1,1,0,0,0,30.9,27.7,17.947567761327402,26.61766330841233,21.442459073585276,43.289721643826724,6,16,1.302,1.303,60,0.354,102,58,0.354,323,102,58,0.0,1,1,0
23,38,79,7,1.3020135132883144,strong,susceptible,0,1,0.0,-1,-1,1,0,0,0,30.9,27.7,17.947567761327402,26.61766330841233,21.442459073585276,43.289721643826724,6,16,1.302,1.303,60,0.354,102,58,0.354,323,102,58,0.0,1,1,0
23,39,79,7,1.3020135132883144,strong,susceptible,0,1,0.0,-1,-1,1,0,0,0,30.9,27.7,17.947567761327402,26.61766330841233,21.442459073585276,43.289721643826724,6,16,1.302,1.303,60,0.354,102,58,0.354,323,102,58,0.0,1,1,0
24,0,5,8,1.3022822875414704,strong,susceptible,0,1,0.0,-1,-1,1,0,0,0,23.1,26.4,18.86484466353012,34.301166160933946,26.52239761070182,49.8196748283246,6,16,1.302,1.303,60,0.354,102,58,0.354,323,102,58,0.0,1,1,0
24,1,5,8,1.3022822875414704,strong,susceptible,0,1,0.0,-1,-1,1,0,0,0,23.1,26.4,18.86484466353012,34.301166160933946,26.52239761070182,49.8196748283246,6,16,1.302,1.303,60,0.354,102,58,0.354,323,102,58,0.0,1,1,0
24,2,5,8,1.3022822875414704,strong,susceptible,0,1,0.0,-1,-1,1,0,0,0,23.1,26.4,18.86484466353012,34.301166160933946,26.52239761070182,49.8196748283246,6,16,1.302,1.303,60,0.354,102,58,0.354,323,102,58,0.0,1,1,0
24,3,5,8,1.3022822875414704,strong,susceptible,0,1,0.0,-1,-1,1,0,0,0,23.1,26.4,18.86484466353012,34.301166160933946,26.52239761070182,49.8196748283246,6,16,1.302,1.303,60,0.354,102,58,0.354,323,102,58,0.0,1,1,0
24,4,5,8,1.3022822875414704,strong,susceptible,0,1,0.0,-1,-1,1,0,0,0,23.1,26.4,18.86484466353012,34.301166160933946,26.52239761070182,49.8196748283246,6,16,1.302,1.303,60,0.354,102,58,0.354,323,102,58,0.0,1,1,0
24,5,5,8,1.3022822875414704,strong,susceptible,0,1,0.0,-1,-1,1,0,0,0,23.1,26.4,18.86484466353012,34.301166160933946,26.52239761070182,49.8196748283246,6,16,1.302,1.303,60,0.354,102,58,0.354,323,102,58,0.0,1,1,0
24,6,5,8,1.3022822875414704,strong,susceptible,0,1,0.0,-1,-1,1,0,0,0,23.1,26.4,18.86484466353012,34.301166160933946,26.52239761070182,49.8196748283246,6,16,1.302,1.303,60,0.354,102,58,0.354,323,102,58,0.0,1,1,0
24,7,5,8,1.3022822875414704,strong,susceptible,0,1,0.0,-1,-1,1,0,0,0,23.1,26.4,18.86484466353012,34.301166160933946,26.52239761070182,49.8196748283246,6,16,1.302,1.303,60,0.354,102,58,0.354,323,102,58,0.0,1,1,0
24,8,5,8,1.3022822875414704,strong,susceptible,0,1,0.0,-1,-1,1,0,0,0,23.1,26.4,18.86484466353012,34.301166160933946,26.52239761070182,49.8196748283246,6,16,1.302,1.303,60,0.354,102,58,0.354,323,102,58,0.0,1,1,0
24,9,5,8,1.3022822875414704,strong,susceptible,0,1,0.0,-1,-1,1,0,0,0,23.1,26.4,18.86484466353012,34.301166160933946,26.52239761070182,49.8196748283246,6,16,1.302,1.303,60,0.354,102,58,0.354,323,102,58,0.0,1,1,0
24,10,5,8,1.3022822875414704,strong,susceptible,0,1,0.0,-1,-1,1,0,0,0,23.1,26.4,18.86484466353012,34.301166160933946,26.52239761070182,49.8196748283246,6,16,1.302,1.303,60,0.354,102,58,0.354,323,102,58,0.0,1,1,0
24,11,5,8,1.3022822875414704,strong,susceptible,0,1,0.0,-1,-1,1,0,0,0,23.1,26.4,18.86484466353012,34.301166160933946,26.52239761070182,49.8196748283246,6,16,1.302,1.303,60,0.354,102,58,0.354,323,102,58,0.0,1,1,0
24,12,5,8,1.3022822875414704,strong,susceptible,0,1,0.0,-1,-1,1,0,0,0,23.1,26.4,18.86484466353012,34.301166160933946,26.52239761070182,49.8196748283246,6,16,1.302,1.303,60,0.354,102,58,0.354,323,102,58,0.0,1,1,0
24,13,5,8,1.3022822875414704,strong,susceptible,0,1,0.0,-1,-1,1,0,0,0,23.1,26.4,18.86484466353012,34.301166160933946,26.52239761070182,49.8196748283246,6,16,1.302,1.303,60,0.354,102,58,0.354,323,102,58,0.0,1,1,0
24,14,5,8,1.3022822875414704,strong,susceptible,0,1,0.0,-1,-1,1,0,0,0,23.1,26.4,18.86484466353012,34.301166160933946,26.52239761070182,49.8196748283246,6,16,1.302,1.303,60,0.354,102,58,0.354,323,102,58,0.0,1,1,0
24,15,5,8,1.3022822875414704,strong,susceptible,0,1,0.0,-1,-1,1,0,0,0,23.1,26.4,18.86484466353012,34.301166160933946,26.52239761070182,49.8196748283246,6,16,1.302,1.303,60,0.354,102,58,0.354,323,102,58,0.0,1,1,0
24,16,5,8,1.3022822875414704,strong,susceptible,0,1,0.0,-1,-1,1,0,0,0,23.1,26.4,18.86484466353012,34.301166160933946,26.52239761070182,49.8196748283246,6,16,1.302,1.303,60,0.354,102,58,0.354,323,102,58,0.0,1,1,0
24,17,5,8,1.3022822875414704,strong,susceptible,0,1,0.0,-1,-1,1,0,0,0,23.1,26.4,18.86484466353012,34.301166160933946,26.52239761070182,49.8196748283246,6,16,1.302,1.303,60,0.354,102,58,0.354,323,102,58,0.0,1,1,0
24,18,5,8,1.3022822875414704,strong,susceptible,0,1,0.0,-1,-1,1,0,0,0,23.1,26.4,18.86484466353012,34.301166160933946,26.52239761070182,49.8196748283246,6,16,1.302,1.303,60,0.354,102,58,0.354,323,102,58,0.0,1,1,0
24,19,5,8,1.3022822875414704,strong,susceptible,0,1,0.0,-1,-1,1,0,0,0,23.1,26.4,18.86484466353012,34.301166160933946,26.52239761070182,49.8196748283246,6,16,1.302,1.303,60,0.354,102,58,0.354,323,102,58,0.0,1,1,0
24,20,5,8,1.3022822875414704,strong,susceptible,0,1,0.0,-1,-1,1,0,0,0,23.1,26.4,18.86484466353012,34.301166160933946,26.52239761070182,49.8196748283246,6,16,1.302,1.303,60,0.354,102,58,0.354,323,102,58,0.0,1,1,0
24,21,5,8,1.3022822875414704,strong,susceptible,0,1,0.0,-1,-1,1,0,0,0,23.1,26.4,18.86484466353012,34.301166160933946,26.52239761070182,49.8196748283246,6,16,1.302,1.303,60,0.354,102,58,0.354,323,102,58,0.0,1,1,0
24,22,5,8,1.3022822875414704,strong,susceptible,0,1,0.0,-1,-1,1,0,0,0,23.1,26.4,18.86484466353012,34.301166160933946,26.52239761070182,49.8196748283246,6,16,1.302,1.303,60,0.354,102,58,0.354,323,102,58,0.0,1,1,0
24,23,5,8,1.3022822875414704,strong,susceptible,0,1,0.0,-1,-1,1,0,0,0,23.1,26.4,18.86484466353012,34.301166160933946,26.52239761070182,49.8196748283246,6,16,1.302,1.303,60,0.354,102,58,0.354,323,102,58,0.0,1,1,0
24,24,5,8,1.3022822875414704,strong,susceptible,0,1,0.0,-1,-1,1,0,0,0,23.1,26.4,18.86484466353012,34.301166160933946,26.52239761070182,49.8196748283246,6,16,1.302,1.303,60,0.354,102,58,0.354,323,102,58,0.0,1,1,0
24,25,5,8,1.3022822875414704,strong,susceptible,0,1,0.0,-1,-1,1,0,0,0,23.1,26.4,18.86484466353012,34.301166160933946,26.52239761070182,49.8196748283246,6,16,1.302,1.303,60,0.354,102,58,0.354,323,102,58,0.0,1,1,0
24,26,5,8,1.3022822875414704,strong,susceptible,0,1,0.0,-1,-1,1,0,0,0,23.1,26.4,18.86484466353012,34.301166160933946,26.52239761070182,49.8196748283246,6,16,1.302,1.303,60,0.354,102,58,0.354,323,102,58,0.0,1,1,0
24,27,5,8,1.3022822875414704,strong,susceptible,0,1,0.0,-1,-1,1,0,0,0,23.1,26.4,18.86484466353012,34.301166160933946,26.52239761070182,49.8196748283246,6,16,1.302,1.303,60,0.354,102,58,0.354,323,102,58,0.0,1,1,0
24,28,5,8,1.3022822875414704,strong,susceptible,0,1,0.0,-1,-1,1,0,0,0,23.1,26.4,18.86484466353012,34.301166160933946,26.52239761070182,49.8196748283246,6,16,1.302,1.303,60,0.354,102,58,0.354,323,102,58,0.0,1,1,0
24,29,5,8,1.3022822875414704,strong,susceptible,0,1,0.0,-1,-1,1,0,0,0,23.1,26.4,18.86484466353012,34.301166160933946,26.52239761070182,49.8196748283246,6,16,1.302,1.303,60,0.354,102,58,0.354,323,102,58,0.0,1,1,0
24,30,5,8,1.3022822875414704,strong,susceptible,0,1,0.0,-1,-1,1,0,0,0,23.1,26.4,18.86484466353012,34.301166160933946,26.52239761070182,49.8196748283246,6,16,1.302,1.303,60,0.354,102,58,0.354,323,102,58,0.0,1,1,0
24,31,5,8,1.3022822875414704,strong,susceptible,0,1,0.0,-1,-1,1,0,0,0,23.1,26.4,18.86484466353012,34.301166160933946,26.52239761070182,49.8196748283246,6,16,1.302,1.303,60,0.354,102,58,0.354,323,102,58,0.0,1,1,0
24,32,5,8,1.3022822875414704,strong,susceptible,0,1,0.0,-1,-1,1,0,0,0,23.1,26.4,18.86484466353012,34.301166160933946,26.52239761070182,49.8196748283246,6,16,1.302,1.303,60,0.354,102,58,0.354,323,102,58,0.0,1,1,0
24,33,5,8,1.3022822875414704,strong,susceptible,0,1,0.0,-1,-1,1,0,0,0,23.1,26.4,18.86484466353012,34.301166160933946,26.52239761070182,49.8196748283246,6,16,1.302,1.303,60,0.354,102,58,0.354,323,102,58,0.0,1,1,0
24,34,5,8,1.3022822875414704,strong,susceptible,0,1,0.0,-1,-1,1,0,0,0,23.1,26.4,18.86484466353012,34.301166160933946,26.52239761070182,49.8196748283246,6,16,1.302,1.303,60,0.354,102,58,0.354,323,102,58,0.0,1,1,0
24,35,5,8,1.3022822875414704,strong,susceptible,0,1,0.0,-1,-1,1,0,0,0,23.1,26.4,18.86484466353012,34.301166160933946,26.52239761070182,49.8196748283246,6,16,1.302,1.303,60,0.354,102,58,0.354,323,102,58,0.0,1,1,0
24,36,5,8,1.3022822875414704,strong,susceptible,0,1,0.0,-1,-1,1,0,0,0,23.1,26.4,18.86484466353012,34.301166160933946,26.52239761070182,49.8196748283246,6,16,1.302,1.303,60,0.354,102,58,0.354,323,102,58,0.0,1,1,0
24,37,5,8,1.3022822875414704,strong,susceptible,0,1,0.0,-1,-1,1,0,0,0,23.1,26.4,18.86484466353012,34.301166160933946,26.52239761070182,49.8196748283246,6,16,1.302,1.303,60,0.354,102,58,0.354,323,102,58,0.0,1,1,0
24,38,5,8,1.3022822875414704,strong,susceptible,0,1,0.0,-1,-1,1,0,0,0,23.1,26.4,18.86484466353012,34.301166160933946,26.52239761070182,49.8196748283246,6,16,1.302,1.303,60,0.354,102,58,0.354,323,102,58,0.0,1,1,0
24,39,5,8,1.3022822875414704,strong,susceptible,0,1,0.0,-1,-1,1,0,0,0,23.1,26.4,18.86484466353012,34.301166160933946,26.52239761070182,49.8196748283246,6,16,1.302,1.303,60,0.354,102,58,0.354,323,102,58,0.0,1,1,0
25,0,56,8,1.3026971023784442,strong,susceptible,0,1,0.0,-1,-1,1,0,0,0,32.4,18.0,14.460419347588248,28.091991741419832,24.319223536100008,48.877397639399746,6,16,1.302,1.303,60,0.354,102,58,0.354,323,102,58,0.0,1,1,0
25,1,56,8,1.3026971023784442,strong,susceptible,0,1,0.0,-1,-1,1,0,0,0,32.4,18.0,14.460419347588248,28.091991741419832,24.319223536100008,48.877397639399746,6,16,1.302,1.303,60,0.354,102,58,0.354,323,102,58,0.0,1,1,0
25,2,56,8,1.3026971023784442,strong,susceptible,0,1,0.0,-1,-1,1,0,0,0,32.4,18.0,14.460419347588248,28.091991741419832,24.319223536100008,48.877397639399746,6,16,1.302,1.303,60,0.354,102,58,0.354,323,102,58,0.0,1,1,0
25,3,56,8,1.3026971023784442,strong,susceptible,0,1,0.0,-1,-1,1,0,0,0,32.4,18.0,14.460419347588248,28.091991741419832,24.319223536100008,48.877397639399746,6,16,1.302,1.303,60,0.354,102,58,0.354,323,102,58,0.0,1,1,0
25,4,56,8,1.3026971023784442,strong,susceptible,0,1,0.0,-1,-1,1,0,0,0,32.4,18.0,14.460419347588248,28.091991741419832,24.319223536100008,48.877397639399746,6,16,1.302,1.303,60,0.354,102,58,0.354,323,102,58,0.0,1,1,0
25,5,56,8,1.3026971023784442,strong,susceptible,0,1,0.0,-1,-1,1,0,0,0,32.4,18.0,14.460419347588248,28.091991741419832,24.319223536100008,48.877397639399746,6,16,1.302,1.303,60,0.354,102,58,0.354,323,102,58,0.0,1,1,0
25,6,56,8,1.3026971023784442,strong,susceptible,0,1,0.0,-1,-1,1,0,0,0,32.4,18.0,14.460419347588248,28.091991741419832,24.319223536100008,48.877397639399746,6,16,1.302,1.303,60,0.354,102,58,0.354,323,102,58,0.0,1,1,0
25,7,56,8,1.3026971023784442,strong,susceptible,0,1,0.0,-1,-1,1,0,0,0,32.4,18.0,14.460419347588248,28.091991741419832,24.319223536100008,48.877397639399746,6,16,1.302,1.303,60,0.354,102,58,0.354,323,102,58,0.0,1,1,0
25,8,56,8,1.3026971023784442,strong,susceptible,0,1,0.0,-1,-1,1,0,0,0,32.4,18.0,14.460419347588248,28.091991741419832,24.319223536100008,48.877397639399746,6,16,1.302,1.303,60,0.354,102,58,0.354,323,102,58,0.0,1,1,0
25,9,56,8,1.3026971023784442,strong,susceptible,0,1,0.0,-1,-1,1,0,0,0,32.4,18.0,14.460419347588248,28.091991741419832,24.319223536100008,48.877397639399746,6,16,1.302,1.303,60,0.354,102,58,0.354,323,102,58,0.0,1,1,0
25,10,56,8,1.3026971023784442,strong,susceptible,0,1,0.0,-1,-1,1,0,0,0,32.4,18.0,14.460419347588248,28.091991741419832,24.319223536100008,48.877397639399746,6,16,1.302,1.303,60,0.354,102,58,0.354,323,102,58,0.0,1,1,0
25,11,56,8,1.3026971023784442,strong,susceptible,0,1,0.0,-1,-1,1,0,0,0,32.4,18.0,14.460419347588248,28.091991741419832,24.319223536100008,48.877397639399746,6,16,1.302,1.303,60,0.354,102,58,0.354,323,102,58,0.0,1,1,0
25,12,56,8,1.3026971023784442,strong,susceptible,0,1,0.0,-1,-1,1,0,0,0,32.4,18.0,14.460419347588248,28.091991741419832,24.319223536100008,48.877397639399746,6,16,1.302,1.303,60,0.354,102,58,0.354,323,102,58,0.0,1,1,0
25,13,56,8,1.3026971023784442,strong,susceptible,0,1,0.0,-1,-1,1,0,0,0,32.4,18.0,14.460419347588248,28.091991741419832,24.319223536100008,48.877397639399746,6,16,1.302,1.303,60,0.354,102,58,0.354,323,102,58,0.0,1,1,0
25,14,56,8,1.3026971023784442,strong,susceptible,0,1,0.0,-1,-1,1,0,0,0,32.4,18.0,14.460419347588248,28.091991741419832,24.319223536100008,48.877397639399746,6,16,1.302,1.303,60,0.354,102,58,0.354,323,102,58,0.0,1,1,0
25,15,56,8,1.3026971023784442,strong,susceptible,0,1,0.0,-1,-1,1,0,0,0,32.4,18.0,14.460419347588248,28.091991741419832,24.319223536100008,48.877397639399746,6,16,1.302,1.303,60,0.354,102,58,0.354,323,102,58,0.0,1,1,0
25,16,56,8,1.3026971023784442,strong,susceptible,0,1,0.0,-1,-1,1,0,0,0,32.4,18.0,14.460419347588248,28.091991741419832,24.319223536100008,48.877397639399746,6,16,1.302,1.303,60,0.354,102,58,0.354,323,102,58,0.0,1,1,0
25,17,56,8,1.3026971023784442,strong,susceptible,0,1,0.0,-1,-1,1,0,0,0,32.4,18.0,14.460419347588248,28.091991741419832,24.319223536100008,48.877397639399746,6,16,1.302,1.303,60,0.354,102,58,0.354,323,102,58,0.0,1,1,0
25,18,56,8,1.3026971023784442,strong,susceptible,0,1,0.0,-1,-1,1,0,0,0,32.4,18.0,14.460419347588248,28.091991741419832,24.319223536100008,48.877397639399746,6,16,1.302,1.303,60,0.354,102,58,0.354,323,102,58,0.0,1,1,0
25,19,56,8,1.3026971023784442,strong,susceptible,0,1,0.0,-1,-1,1,0,0,0,32.4,18.0,14.460419347588248,28.091991741419832,24.319223536100008,48.877397639399746,6,16,1.302,1.303,60,0.354,102,58,0.354,323,102,58,0.0,1,1,0
25,20,56,8,1.3026971023784442,strong,susceptible,0,1,0.0,-1,-1,1,0,0,0,32.4,18.0,14.460419347588248,28.091991741419832,24.319223536100008,48.877397639399746,6,16,1.302,1.303,60,0.354,102,58,0.354,323,102,58,0.0,1,1,0
25,21,56,8,1.3026971023784442,strong,susceptible,0,1,0.0,-1,-1,1,0,0,0,32.4,18.0,14.460419347588248,28.091991741419832,24.319223536100008,48.877397639399746,6,16,1.302,1.303,60,0.354,102,58,0.354,323,102,58,0.0,1,1,0
25,22,56,8,1.3026971023784442,strong,susceptible,0,1,0.0,-1,-1,1,0,0,0,32.4,18.0,14.460419347588248,28.091991741419832,24.319223536100008,48.877397639399746,6,16,1.302,1.303,60,0.354,102,58,0.354,323,102,58,0.0,1,1,0
25,23,56,8,1.3026971023784442,strong,susceptible,0,1,0.0,-1,-1,1,0,0,0,32.4,18.0,14.460419347588248,28.091991741419832,24.319223536100008,48.877397639399746,6,16,1.302,1.303,60,0.354,102,58,0.354,323,102,58,0.0,1,1,0
25,24,56,8,1.3026971023784442,strong,susceptible,0,1,0.0,-1,-1,1,0,0,0,32.4,18.0,14.460419347588248,28.091991741419832,24.319223536100008,48.877397639399746,6,16,1.302,1.303,60,0.354,102,58,0.354,323,102,58,0.0,1,1,0
25,25,56,8,1.3026971023784442,strong,susceptible,0,1,0.0,-1,-1,1,0,0,0,32.4,18.0,14.460419347588248,28.091991741419832,24.319223536100008,48.877397639399746,6,16,1.302,1.303,60,0.354,102,58,0.354,323,102,58,0.0,1,1,0
25,26,56,8,1.3026971023784442,strong,susceptible,0,1,0.0,-1,-1,1,0,0,0,32.4,18.0,14.460419347588248,28.091991741419832,24.319223536100008,48.877397639399746,6,16,1.302,1.303,60,0.354,102,58,0.354,323,102,58,0.0,1,1,0
25,27,56,8,1.3026971023784442,strong,susceptible,0,1,0.0,-1,-1,1,0,0,0,32.4,18.0,14.460419347588248,28.091991741419832,24.319223536100008,48.877397639399746,6,16,1.302,1.303,60,0.354,102,58,0.354,323,102,58,0.0,1,1,0
25,28,56,8,1.3026971023784442,strong,susceptible,0,1,0.0,-1,-1,1,0,0,0,32.4,18.0,14.460419347588248,28.091991741419832,24.319223536100008,48.877397639399746,6,16,1.302,1.303,60,0.354,102,58,0.354,323,102,58,0.0,1,1,0
25,29,56,8,1.3026971023784442,strong,susceptible,0,1,0.0,-1,-1,1,0,0,0,32.4,18.0,14.460419347588248,28.091991741419832,24.319223536100008,48.877397639399746,6,16,1.302,1.303,60,0.354,102,58,0.354,323,102,58,0.0,1,1,0
25,30,56,8,1.3026971023784442,strong,susceptible,0,1,0.0,-1,-1,1,0,0,0,32.4,18.0,14.460419347588248,28.091991741419832,24.319223536100008,48.877397639399746,6,16,1.302,1.303,60,0.354,102,58,0.354,323,102,58,0.0,1,1,0
25,31,56,8,1.3026971023784442,strong,susceptible,0,1,0.0,-1,-1,1,0,0,0,32.4,18.0,14.460419347588248,28.091991741419832,24.319223536100008,48.877397639399746,6,16,1.302,1.303,60,0.354,102,58,0.354,323,102,58,0.0,1,1,0
25,32,56,8,1.3026971023784442,strong,susceptible,0,1,0.0,-1,-1,1,0,0,0,32.4,18.0,14.460419347588248,28.091991741419832,24.319223536100008,48.877397639399746,6,16,1.302,1.303,60,0.354,102,58,0.354,323,102,58,0.0,1,1,0
25,33,56,8,1.3026971023784442,strong,susceptible,0,1,0.0,-1,-1,1,0,0,0,32.4,18.0,14.460419347588248,28.091991741419832,24.319223536100008,48.877397639399746,6,16,1.302,1.303,60,0.354,102,58,0.354,323,102,58,0.0,1,1,0
25,34,56,8,1.3026971023784442,strong,susceptible,0,1,0.0,-1,-1,1,0,0,0,32.4,18.0,14.460419347588248,28.091991741419832,24.319223536100008,48.877397639399746,6,16,1.302,1.303,60,0.354,102,58,0.354,323,102,58,0.0,1,1,0
25,35,56,8,1.3026971023784442,strong,susceptible,0,1,0.0,-1,-1,1,0,0,0,32.4,18.0,14.460419347588248,28.091991741419832,24.319223536100008,48.877397639399746,6,16,1.302,1.303,60,0.354,102,58,0.354,323,102,58,0.0,1,1,0
25,36,56,8,1.3026971023784442,strong,susceptible,0,1,0.0,-1,-1,1,0,0,0,32.4,18.0,14.460419347588248,28.091991741419832,24.319223536100008,48.877397639399746,6,16,1.302,1.303,60,0.354,102,58,0.354,323,102,58,0.0,1,1,0
25,37,56,8,1.3026971023784442,strong,susceptible,0,1,0.0,-1,-1,1,0,0,0,32.4,18.0,14.460419347588248,28.091991741419832,24.319223536100008,48.877397639399746,6,16,1.302,1.303,60,0.354,102,58,0.354,323,102,58,0.0,1,1,0
25,38,56,8,1.3026971023784442,strong,susceptible,0,1,0.0,-1,-1,1,0,0,0,32.4,18.0,14.460419347588248,28.091991741419832,24.319223536100008,48.877397639399746,6,16,1.302,1.303,60,0.354,102,58,0.354,323,102,58,0.0,1,1,0
25,39,56,8,1.3026971023784442,strong,susceptible,0,1,0.0,-1,-1,1,0,0,0,32.4,18.0,14.460419347588248,28.091991741419832,24.319223536100008,48.877397639399746,6,16,1.302,1.303,60,0.354,102,58,0.354,323,102,58,0.0,1,1,0
26,0,154,1,1.3028142104363634,strong,susceptible,0,1,0.0,-1,-1,1,0,0,0,35.3,20.2,17.489607547886973,27.002407300090855,28.41567211036957,42.44997055358225,6,16,1.302,1.303,60,0.354,102,58,0.354,323,102,58,0.0,1,1,0
26,1,154,1,1.3028142104363634,strong,susceptible,0,1,0.0,-1,-1,1,0,0,0,35.3,20.2,17.489607547886973,27.002407300090855,28.41567211036957,42.44997055358225,6,16,1.302,1.303,60,0.354,102,58,0.354,323,102,58,0.0,1,1,0
26,2,154,1,1.3028142104363634,strong,susceptible,0,1,0.0,-1,-1,1,0,0,0,35.3,20.2,17.489607547886973,27.002407300090855,28.41567211036957,42.44997055358225,6,16,1.302,1.303,60,0.354,102,58,0.354,323,102,58,0.0,1,1,0
26,3,154,1,1.3028142104363634,strong,susceptible,0,1,0.0,-1,-1,1,0,0,0,35.3,20.2,17.489607547886973,27.002407300090855,28.41567211036957,42.44997055358225,6,16,1.302,1.303,60,0.354,102,58,0.354,323,102,58,0.0,1,1,0
26,4,154,1,1.3028142104363634,strong,susceptible,0,1,0.0,-1,-1,1,0,0,0,35.3,20.2,17.489607547886973,27.002407300090855,28.41567211036957,42.44997055358225,6,16,1.302,1.303,60,0.354,102,58,0.354,323,102,58,0.0,1,1,0
26,5,154,1,1.3028142104363634,strong,susceptible,0,1,0.0,-1,-1,1,0,0,0,35.3,20.2,17.489607547886973,27.002407300090855,28.41567211036957,42.44997055358225,6,16,1.302,1.303,60,0.354,102,58,0.354,323,102,58,0.0,1,1,0
26,6,154,1,1.3028142104363634,strong,susceptible,0,1,0.0,-1,-1,1,0,0,0,35.3,20.2,17.489607547886973,27.002407300090855,28.41567211036957,42.44997055358225,6,16,1.302,1.303,60,0.354,102,58,0.354,323,102,58,0.0,1,1,0
26,7,154,1,1.3028142104363634,strong,susceptible,0,1,0.0,-1,-1,1,0,0,0,35.3,20.2,17.489607547886973,27.002407300090855,28.41567211036957,42.44997055358225,6,16,1.302,1.303,60,0.354,102,58,0.354,323,102,58,0.0,1,1,0
26,8,154,1,1.3028142104363634,strong,susceptible,0,1,0.0,-1,-1,1,0,0,0,35.3,20.2,17.489607547886973,27.002407300090855,28.41567211036957,42.44997055358225,6,16,1.302,1.303,60,0.354,102,58,0.354,323,102,58,0.0,1,1,0
26,9,154,1,1.3028142104363634,strong,susceptible,0,1,0.0,-1,-1,1,0,0,0,35.3,20.2,17.489607547886973,27.002407300090855,28.41567211036957,42.44997055358225,6,16,1.302,1.303,60,0.354,102,58,0.354,323,102,58,0.0,1,1,0
26,10,154,1,1.3028142104363634,strong,susceptible,0,1,0.0,-1,-1,1,0,0,0,35.3,20.2,17.489607547886973,27.002407300090855,28.41567211036957,42.44997055358225,6,16,1.302,1.303,60,0.354,102,58,0.354,323,102,58,0.0,1,1,0
26,11,154,1,1.3028142104363634,strong,susceptible,0,1,0.0,-1,-1,1,0,0,0,35.3,20.2,17.489607547886973,27.002407300090855,28.41567211036957,42.44997055358225,6,16,1.302,1.303,60,0.354,102,58,0.354,323,102,58,0.0,1,1,0
26,12,154,1,1.3028142104363634,strong,susceptible,0,1,0.0,-1,-1,1,0,0,0,35.3,20.2,17.489607547886973,27.002407300090855,28.41567211036957,42.44997055358225,6,16,1.302,1.303,60,0.354,102,58,0.354,323,102,58,0.0,1,1,0
26,13,154,1,1.3028142104363634,strong,susceptible,0,1,0.0,-1,-1,1,0,0,0,35.3,20.2,17.489607547886973,27.002407300090855,28.41567211036957,42.44997055358225,6,16,1.302,1.303,60,0.354,102,58,0.354,323,102,58,0.0,1,1,0
26,14,154,1,1.3028142104363634,strong,susceptible,0,1,0.0,-1,-1,1,0,0,0,35.3,20.2,17.489607547886973,27.002407300090855,28.41567211036957,42.44997055358225,6,16,1.302,1.303,60,0.354,102,58,0.354,323,102,58,0.0,1,1,0
26,15,154,1,1.3028142104363634,strong,susceptible,0,1,0.0,-1,-1,1,0,0,0,35.3,20.2,17.489607547886973,27.002407300090855,28.41567211036957,42.44997055358225,6,16,1.302,1.303,60,0.354,102,58,0.354,323,102,58,0.0,1,1,0
26,16,154,1,1.3028142104363634,strong,susceptible,0,1,0.0,-1,-1,1,0,0,0,35.3,20.2,17.489607547886973,27.002407300090855,28.41567211036957,42.44997055358225,6,16,1.302,1.303,60,0.354,102,58,0.354,323,102,58,0.0,1,1,0
26,17,154,1,1.3028142104363634,strong,susceptible,0,1,0.0,-1,-1,1,0,0,0,35.3,20.2,17.489607547886973,27.002407300090855,28.41567211036957,42.44997055358225,6,16,1.302,1.303,60,0.354,102,58,0.354,323,102,58,0.0,1,1,0
26,18,154,1,1.3028142104363634,strong,susceptible,0,1,0.0,-1,-1,1,0,0,0,35.3,20.2,17.489607547886973,27.002407300090855,28.41567211036957,42.44997055358225,6,16,1.302,1.303,60,0.354,102,58,0.354,323,102,58,0.0,1,1,0
26,19,154,1,1.3028142104363634,strong,susceptible,0,1,0.0,-1,-1,1,0,0,0,35.3,20.2,17.489607547886973,27.002407300090855,28.41567211036957,42.44997055358225,6,16,1.302,1.303,60,0.354,102,58,0.354,323,102,58,0.0,1,1,0
26,20,154,1,1.3028142104363634,strong,susceptible,0,1,0.0,-1,-1,1,0,0,0,35.3,20.2,17.489607547886973,27.002407300090855,28.41567211036957,42.44997055358225,6,16,1.302,1.303,60,0.354,102,58,0.354,323,102,58,0.0,1,1,0
26,21,154,1,1.3028142104363634,strong,susceptible,0,1,0.0,-1,-1,1,0,0,0,35.3,20.2,17.489607547886973,27.002407300090855,28.41567211036957,42.44997055358225,6,16,1.302,1.303,60,0.354,102,58,0.354,323,102,58,0.0,1,1,0
26,22,154,1,1.3028142104363634,strong,susceptible,0,1,0.0,-1,-1,1,0,0,0,35.3,20.2,17.489607547886973,27.002407300090855,28.41567211036957,42.44997055358225,6,16,1.302,1.303,60,0.354,102,58,0.354,323,102,58,0.0,1,1,0
26,23,154,1,1.3028142104363634,strong,susceptible,0,1,0.0,-1,-1,1,0,0,0,35.3,20.2,17.489607547886973,27.002407300090855,28.41567211036957,42.44997055358225,6,16,1.302,1.303,60,0.354,102,58,0.354,323,102,58,0.0,1,1,0
26,24,154,1,1.3028142104363634,strong,susceptible,0,1,0.0,-1,-1,1,0,0,0,35.3,20.2,17.489607547886973,27.002407300090855,28.41567211036957,42.44997055358225,6,16,1.302,1.303,60,0.354,102,58,0.354,323,102,58,0.0,1,1,0
26,25,154,1,1.3028142104363634,strong,susceptible,0,1,0.0,-1,-1,1,0,0,0,35.3,20.2,17.489607547886973,27.002407300090855,28.41567211036957,42.44997055358225,6,16,1.302,1.303,60,0.354,102,58,0.354,323,102,58,0.0,1,1,0
26,26,154,1,1.3028142104363634,strong,susceptible,0,1,0.0,-1,-1,1,0,0,0,35.3,20.2,17.489607547886973,27.002407300090855,28.41567211036957,42.44997055358225,6,16,1.302,1.303,60,0.354,102,58,0.354,323,102,58,0.0,1,1,0
26,27,154,1,1.3028142104363634,strong,susceptible,0,1,0.0,-1,-1,1,0,0,0,35.3,20.2,17.489607547886973,27.002407300090855,28.41567211036957,42.44997055358225,6,16,1.302,1.303,60,0.354,102,58,0.354,323,102,58,0.0,1,1,0
26,28,154,1,1.3028142104363634,strong,susceptible,0,1,0.0,-1,-1,1,0,0,0,35.3,20.2,17.489607547886973,27.002407300090855,28.41567211036957,42.44997055358225,6,16,1.302,1.303,60,0.354,102,58,0.354,323,102,58,0.0,1,1,0
26,29,154,1,1.3028142104363634,strong,susceptible,0,1,0.0,-1,-1,1,0,0,0,35.3,20.2,17.489607547886973,27.002407300090855,28.41567211036957,42.44997055358225,6,16,1.302,1.303,60,0.354,102,58,0.354,323,102,58,0.0,1,1,0
26,30,154,1,1.3028142104363634,strong,susceptible,0,1,0.0,-1,-1,1,0,0,0,35.3,20.2,17.489607547886973,27.002407300090855,28.41567211036957,42.44997055358225,6,16,1.302,1.303,60,0.354,102,58,0.354,323,102,58,0.0,1,1,0
26,31,154,1,1.3028142104363634,strong,susceptible,0,1,0.0,-1,-1,1,0,0,0,35.3,20.2,17.489607547886973,27.002407300090855,28.41567211036957,42.44997055358225,6,16,1.302,1.303,60,0.354,102,58,0.354,323,102,58,0.0,1,1,0
26,32,154,1,1.3028142104363634,strong,susceptible,0,1,0.0,-1,-1,1,0,0,0,35.3,20.2,17.489607547886973,27.002407300090855,28.41567211036957,42.44997055358225,6,16,1.302,1.303,60,0.354,102,58,0.354,323,102,58,0.0,1,1,0
26,33,154,1,1.3028142104363634,strong,susceptible,0,1,0.0,-1,-1,1,0,0,0,35.3,20.2,17.489607547886973,27.002407300090855,28.41567211036957,42.44997055358225,6,16,1.302,1.303,60,0.354,102,58,0.354,323,102,58,0.0,1,1,0
26,34,154,1,1.3028142104363634,strong,susceptible,0,1,0.0,-1,-1,1,0,0,0,35.3,20.2,17.489607547886973,27.002407300090855,28.41567211036957,42.44997055358225,6,16,1.302,1.303,60,0.354,102,58,0.354,323,102,58,0.0,1,1,0
26,35,154,1,1.3028142104363634,strong,susceptible,0,1,0.0,-1,-1,1,0,0,0,35.3,20.2,17.489607547886973,27.002407300090855,28.41567211036957,42.44997055358225,6,16,1.302,1.303,60,0.354,102,58,0.354,323,102,58,0.0,1,1,0
26,36,154,1,1.3028142104363634,strong,susceptible,0,1,0.0,-1,-1,1,0,0,0,35.3,20.2,17.489607547886973,27.002407300090855,28.41567211036957,42.44997055358225,6,16,1.302,1.303,60,0.354,102,58,0.354,323,102,58,0.0,1,1,0
26,37,154,1,1.3028142104363634,strong,susceptible,0,1,0.0,-1,-1,1,0,0,0,35.3,20.2,17.489607547886973,27.002407300090855,28.41567211036957,42.44997055358225,6,16,1.302,1.303,60,0.354,102,58,0.354,323,102,58,0.0,1,1,0
26,38,154,1,1.3028142104363634,strong,susceptible,0,1,0.0,-1,-1,1,0,0,0,35.3,20.2,17.489607547886973,27.002407300090855,28.41567211036957,42.44997055358225,6,16,1.302,1.303,60,0.354,102,58,0.354,323,102,58,0.0,1,1,0
26,39,154,1,1.3028142104363634,strong,susceptible,0,1,0.0,-1,-1,1,0,0,0,35.3,20.2,17.489607547886973,27.002407300090855,28.41567211036957,42.44997055358225,6,16,1.302,1.303,60,0.354,102,58,0.354,323,102,58,0.0,1,1,0
27,0,64,5,1.3025378515083486,strong,susceptible,0,1,0.0,-1,-1,1,0,0,0,25.0,24.2,22.408194044064818,31.36941185295,31.504018403273278,56.85068161420758,6,16,1.302,1.303,60,0.354,102,58,0.354,323,102,58,0.0,1,1,0
27,1,64,5,1.3025378515083486,strong,susceptible,0,1,0.0,-1,-1,1,0,0,0,25.0,24.2,22.408194044064818,31.36941185295,31.504018403273278,56.85068161420758,6,16,1.302,1.303,60,0.354,102,58,0.354,323,102,58,0.0,1,1,0
27,2,64,5,1.3025378515083486,strong,susceptible,0,1,0.0,-1,-1,1,0,0,0,25.0,24.2,22.408194044064818,31.36941185295,31.504018403273278,56.85068161420758,6,16,1.302,1.303,60,0.354,102,58,0.354,323,102,58,0.0,1,1,0
27,3,64,5,1.3025378515083486,strong,susceptible,0,1,0.0,-1,-1,1,0,0,0,25.0,24.2,22.408194044064818,31.36941185295,31.504018403273278,56.85068161420758,6,16,1.302,1.303,60,0.354,102,58,0.354,323,102,58,0.0,1,1,0
27,4,64,5,1.3025378515083486,strong,susceptible,0,1,0.0,-1,-1,1,0,0,0,25.0,24.2,22.408194044064818,31.36941185295,31.504018403273278,56.85068161420758,6,16,1.302,1.303,60,0.354,102,58,0.354,323,102,58,0.0,1,1,0
27,5,64,5,1.3025378515083486,strong,susceptible,0,1,0.0,-1,-1,1,0,0,0,25.0,24.2,22.408194044064818,31.36941185295,31.504018403273278,56.85068161420758,6,16,1.302,1.303,60,0.354,102,58,0.354,323,102,58,0.0,1,1,0
27,6,64,5,1.3025378515083486,strong,susceptible,0,1,0.0,-1,-1,1,0,0,0,25.0,24.2,22.408194044064818,31.36941185295,31.504018403273278,56.85068161420758,6,16,1.302,1.303,60,0.354,102,58,0.354,323,102,58,0.0,1,1,0
27,7,64,5,1.3025378515083486,strong,susceptible,0,1,0.0,-1,-1,1,0,0,0,25.0,24.2,22.408194044064818,31.36941185295,31.504018403273278,56.85068161420758,6,16,1.302,1.303,60,0.354,102,58,0.354,323,102,58,0.0,1,1,0
27,8,64,5,1.3025378515083486,strong,susceptible,0,1,0.0,-1,-1,1,0,0,0,25.0,24.2,22.408194044064818,31.36941185295,31.504018403273278,56.85068161420758,6,16,1.302,1.303,60,0.354,102,58,0.354,323,102,58,0.0,1,1,0
27,9,64,5,1.3025378515083486,strong,susceptible,0,1,0.0,-1,-1,1,0,0,0,25.0,24.2,22.408194044064818,31.36941185295,31.504018403273278,56.85068161420758,6,16,1.302,1.303,60,0.354,102,58,0.354,323,102,58,0.0,1,1,0
27,10,64,5,1.3025378515083486,strong,susceptible,0,1,0.0,-1,-1,1,0,0,0,25.0,24.2,22.408194044064818,31.36941185295,31.504018403273278,56.85068161420758,6,16,1.302,1.303,60,0.354,102,58,0.354,323,102,58,0.0,1,1,0
27,11,64,5,1.3025378515083486,strong,susceptible,0,1,0.0,-1,-1,1,0,0,0,25.0,24.2,22.408194044064818,31.36941185295,31.504018403273278,56.85068161420758,6,16,1.302,1.303,60,0.354,102,58,0.354,323,102,58,0.0,1,1,0
27,12,64,5,1.3025378515083486,strong,susceptible,0,1,0.0,-1,-1,1,0,0,0,25.0,24.2,22.408194044064818,31.36941185295,31.504018403273278,56.85068161420758,6,16,1.302,1.303,60,0.354,102,58,0.354,323,102,58,0.0,1,1,0
27,13,64,5,1.3025378515083486,strong,susceptible,0,1,0.0,-1,-1,1,0,0,0,25.0,24.2,22.408194044064818,31.36941185295,31.504018403273278,56.85068161420758,6,16,1.302,1.303,60,0.354,102,58,0.354,323,102,58,0.0,1,1,0
27,14,64,5,1.3025378515083486,strong,susceptible,0,1,0.0,-1,-1,1,0,0,0,25.0,24.2,22.408194044064818,31.36941185295,31.504018403273278,56.85068161420758,6,16,1.302,1.303,60,0.354,102,58,0.354,323,102,58,0.0,1,1,0
27,15,64,5,1.3025378515083486,strong,susceptible,0,1,0.0,-1,-1,1,0,0,0,25.0,24.2,22.408194044064818,31.36941185295,31.504018403273278,56.85068161420758,6,16,1.302,1.303,60,0.354,102,58,0.354,323,102,58,0.0,1,1,0
27,16,64,5,1.3025378515083486,strong,susceptible,0,1,0.0,-1,-1,1,0,0,0,25.0,24.2,22.408194044064818,31.36941185295,31.504018403273278,56.85068161420758,6,16,1.302,1.303,60,0.354,102,58,0.354,323,102,58,0.0,1,1,0
27,17,64,5,1.3025378515083486,strong,susceptible,0,1,0.0,-1,-1,1,0,0,0,25.0,24.2,22.408194044064818,31.36941185295,31.504018403273278,56.85068161420758,6,16,1.302,1.303,60,0.354,102,58,0.354,323,102,58,0.0,1,1,0
27,18,64,5,1.3025378515083486,strong,susceptible,0,1,0.0,-1,-1,1,0,0,0,25.0,24.2,22.408194044064818,31.36941185295,31.504018403273278,56.85068161420758,6,16,1.302,1.303,60,0.354,102,58,0.354,323,102,58,0.0,1,1,0
27,19,64,5,1.3025378515083486,strong,susceptible,0,1,0.0,-1,-1,1,0,0,0,25.0,24.2,22.408194044064818,31.36941185295,31.504018403273278,56.85068161420758,6,16,1.302,1.303,60,0.354,102,58,0.354,323,102,58,0.0,1,1,0
27,20,64,5,1.3025378515083486,strong,susceptible,0,1,0.0,-1,-1,1,0,0,0,25.0,24.2,22.408194044064818,31.36941185295,31.504018403273278,56.85068161420758,6,16,1.302,1.303,60,0.354,102,58,0.354,323,102,58,0.0,1,1,0
27,21,64,5,1.3025378515083486,strong,susceptible,0,1,0.0,-1,-1,1,0,0,0,25.0,24.2,22.408194044064818,31.36941185295,31.504018403273278,56.85068161420758,6,16,1.302,1.303,60,0.354,102,58,0.354,323,102,58,0.0,1,1,0
27,22,64,5,1.3025378515083486,strong,susceptible,0,1,0.0,-1,-1,1,0,0,0,25.0,24.2,22.408194044064818,31.36941185295,31.504018403273278,56.85068161420758,6,16,1.302,1.303,60,0.354,102,58,0.354,323,102,58,0.0,1,1,0
27,23,64,5,1.3025378515083486,strong,susceptible,0,1,0.0,-1,-1,1,0,0,0,25.0,24.2,22.408194044064818,31.36941185295,31.504018403273278,56.85068161420758,6,16,1.302,1.303,60,0.354,102,58,0.354,323,102,58,0.0,1,1,0
27,24,64,5,1.3025378515083486,strong,susceptible,0,1,0.0,-1,-1,1,0,0,0,25.0,24.2,22.408194044064818,31.36941185295,31.504018403273278,56.85068161420758,6,16,1.302,1.303,60,0.354,102,58,0.354,323,102,58,0.0,1,1,0
27,25,64,5,1.3025378515083486,strong,susceptible,0,1,0.0,-1,-1,1,0,0,0,25.0,24.2,22.408194044064818,31.36941185295,31.504018403273278,56.85068161420758,6,16,1.302,1.303,60,0.354,102,58,0.354,323,102,58,0.0,1,1,0
27,26,64,5,1.3025378515083486,strong,susceptible,0,1,0.0,-1,-1,1,0,0,0,25.0,24.2,22.408194044064818,31.36941185295,31.504018403273278,56.85068161420758,6,16,1.302,1.303,60,0.354,102,58,0.354,323,102,58,0.0,1,1,0
27,27,64,5,1.3025378515083486,strong,susceptible,0,1,0.0,-1,-1,1,0,0,0,25.0,24.2,22.408194044064818,31.36941185295,31.504018403273278,56.85068161420758,6,16,1.302,1.303,60,0.354,102,58,0.354,323,102,58,0.0,1,1,0
27,28,64,5,1.3025378515083486,strong,susceptible,0,1,0.0,-1,-1,1,0,0,0,25.0,24.2,22.408194044064818,31.36941185295,31.504018403273278,56.85068161420758,6,16,1.302,1.303,60,0.354,102,58,0.354,323,102,58,0.0,1,1,0
27,29,64,5,1.3025378515083486,strong,susceptible,0,1,0.0,-1,-1,1,0,0,0,25.0,24.2,22.408194044064818,31.36941185295,31.504018403273278,56.85068161420758,6,16,1.302,1.303,60,0.354,102,58,0.354,323,102,58,0.0,1,1,0
27,30,64,5,1.3025378515083486,strong,susceptible,0,1,0.0,-1,-1,1,0,0,0,25.0,24.2,22.408194044064818,31.36941185295,31.504018403273278,56.85068161420758,6,16,1.302,1.303,60,0.354,102,58,0.354,323,102,58,0.0,1,1,0
27,31,64,5,1.3025378515083486,strong,susceptible,0,1,0.0,-1,-1,1,0,0,0,25.0,24.2,22.408194044064818,31.36941185295,31.504018403273278,56.85068161420758,6,16,1.302,1.303,60,0.354,102,58,0.354,323,102,58,0.0,1,1,0
27,32,64,5,1.3025378515083486,strong,susceptible,0,1,0.0,-1,-1,1,0,0,0,25.0,24.2,22.408194044064818,31.36941185295,31.504018403273278,56.85068161420758,6,16,1.302,1.303,60,0.354,102,58,0.354,323,102,58,0.0,1,1,0
27,33,64,5,1.3025378515083486,strong,susceptible,0,1,0.0,-1,-1,1,0,0,0,25.0,24.2,22.408194044064818,31.36941185295,31.504018403273278,56.85068161420758,6,16,1.302,1.303,60,0.354,102,58,0.354,323,102,58,0.0,1,1,0
27,34,64,5,1.3025378515083486,strong,susceptible,0,1,0.0,-1,-1,1,0,0,0,25.0,24.2,22.408194044064818,31.36941185295,31.504018403273278,56.85068161420758,6,16,1.302,1.303,60,0.354,102,58,0.354,323,102,58,0.0,1,1,0
27,35,64,5,1.3025378515083486,strong,susceptible,0,1,0.0,-1,-1,1,0,0,0,25.0,24.2,22.408194044064818,31.36941185295,31.504018403273278,56.85068161420758,6,16,1.302,1.303,60,0.354,102,58,0.354,323,102,58,0.0,1,1,0
27,36,64,5,1.3025378515083486,strong,susceptible,0,1,0.0,-1,-1,1,0,0,0,25.0,24.2,22.408194044064818,31.36941185295,31.504018403273278,56.85068161420758,6,16,1.302,1.303,60,0.354,102,58,0.354,323,102,58,0.0,1,1,0
27,37,64,5,1.3025378515083486,strong,susceptible,0,1,0.0,-1,-1,1,0,0,0,25.0,24.2,22.408194044064818,31.36941185295,31.504018403273278,56.85068161420758,6,16,1.302,1.303,60,0.354,102,58,0.354,323,102,58,0.0,1,1,0
27,38,64,5,1.3025378515083486,strong,susceptible,0,1,0.0,-1,-1,1,0,0,0,25.0,24.2,22.408194044064818,31.36941185295,31.504018403273278,56.85068161420758,6,16,1.302,1.303,60,0.354,102,58,0.354,323,102,58,0.0,1,1,0
27,39,64,5,1.3025378515083486,strong,susceptible,0,1,0.0,-1,-1,1,0,0,0,25.0,24.2,22.408194044064818,31.36941185295,31.504018403273278,56.85068161420758,6,16,1.302,1.303,60,0.354,102,58,0.354,323,102,58,0.0,1,1,0
28,0,5,9,1.3020947132741507,medium,susceptible,0,1,0.0,-1,-1,0,1,0,0,17.7,25.3,18.1983947241404,25.662813563598206,31.18132205250952,44.654227123532216,6,16,1.302,1.303,60,0.354,102,58,0.354,323,102,58,0.0,1,1,0
28,1,5,9,1.3020947132741507,medium,susceptible,0,1,0.0,-1,-1,0,1,0,0,17.7,25.3,18.1983947241404,25.662813563598206,31.18132205250952,44.654227123532216,6,16,1.302,1.303,60,0.354,102,58,0.354,323,102,58,0.0,1,1,0
28,2,5,9,1.3020947132741507,medium,susceptible,0,1,0.0,-1,-1,0,1,0,0,17.7,25.3,18.1983947241404,25.662813563598206,31.18132205250952,44.654227123532216,6,16,1.302,1.303,60,0.354,102,58,0.354,323,102,58,0.0,1,1,0
28,3,5,9,1.3020947132741507,medium,susceptible,0,1,0.0,-1,-1,0,1,0,0,17.7,25.3,18.1983947241404,25.662813563598206,31.18132205250952,44.654227123532216,6,16,1.302,1.303,60,0.354,102,58,0.354,323,102,58,0.0,1,1,0
28,4,5,9,1.3020947132741507,medium,susceptible,0,1,0.0,-1,-1,0,1,0,0,17.7,25.3,18.1983947241404,25.662813563598206,31.18132205250952,44.654227123532216,6,16,1.302,1.303,60,0.354,102,58,0.354,323,102,58,0.0,1,1,0
28,5,5,9,1.3020947132741507,medium,susceptible,0,1,0.0,-1,-1,0,1,0,0,17.7,25.3,18.1983947241404,25.662813563598206,31.18132205250952,44.654227123532216,6,16,1.302,1.303,60,0.354,102,58,0.354,323,102,58,0.0,1,1,0
28,6,5,9,1.3020947132741507,medium,susceptible,0,1,0.0,-1,-1,0,1,0,0,17.7,25.3,18.1983947241404,25.662813563598206,31.18132205250952,44.654227123532216,6,16,1.302,1.303,60,0.354,102,58,0.354,323,102,58,0.0,1,1,0
28,7,5,9,1.3020947132741507,medium,susceptible,0,1,0.0,-1,-1,0,1,0,0,17.7,25.3,18.1983947241404,25.662813563598206,31.18132205250952,44.654227123532216,6,16,1.302,1.303,60,0.354,102,58,0.354,323,102,58,0.0,1,1,0
28,8,5,9,1.3020947132741507,medium,susceptible,0,1,0.0,-1,-1,0,1,0,0,17.7,25.3,18.1983947241404,25.662813563598206,31.18132205250952,44.654227123532216,6,16,1.302,1.303,60,0.354,102,58,0.354,323,102,58,0.0,1,1,0
28,9,5,9,1.3020947132741507,medium,susceptible,0,1,0.0,-1,-1,0,1,0,0,17.7,25.3,18.1983947241404,25.662813563598206,31.18132205250952,44.654227123532216,6,16,1.302,1.303,60,0.354,102,58,0.354,323,102,58,0.0,1,1,0
28,10,5,9,1.3020947132741507,medium,susceptible,0,1,0.0,-1,-1,0,1,0,0,17.7,25.3,18.1983947241404,25.662813563598206,31.18132205250952,44.654227123532216,6,16,1.302,1.303,60,0.354,102,58,0.354,323,102,58,0.0,1,1,0
28,11,5,9,1.3020947132741507,medium,susceptible,0,1,0.0,-1,-1,0,1,0,0,17.7,25.3,18.1983947241404,25.662813563598206,31.18132205250952,44.654227123532216,6,16,1.302,1.303,60,0.354,102,58,0.354,323,102,58,0.0,1,1,0
28,12,5,9,1.3020947132741507,medium,susceptible,0,1,0.0,-1,-1,0,1,0,0,17.7,25.3,18.1983947241404,25.662813563598206,31.18132205250952,44.654227123532216,6,16,1.302,1.303,60,0.354,102,58,0.354,323,102,58,0.0,1,1,0
28,13,5,9,1.3020947132741507,medium,susceptible,0,1,0.0,-1,-1,0,1,0,0,17.7,25.3,18.1983947241404,25.662813563598206,31.18132205250952,44.654227123532216,6,16,1.302,1.303,60,0.354,102,58,0.354,323,102,58,0.0,1,1,0
28,14,5,9,1.3020947132741507,medium,susceptible,0,1,0.0,-1,-1,0,1,0,0,17.7,25.3,18.1983947241404,25.662813563598206,31.18132205250952,44.654227123532216,6,16,1.302,1.303,60,0.354,102,58,0.354,323,102,58,0.0,1,1,0
28,15,5,9,1.3020947132741507,medium,susceptible,0,1,0.0,-1,-1,0,1,0,0,17.7,25.3,18.1983947241404,25.662813563598206,31.18132205250952,44.654227123532216,6,16,1.302,1.303,60,0.354,102,58,0.354,323,102,58,0.0,1,1,0
28,16,5,9,1.3020947132741507,medium,susceptible,0,1,0.0,-1,-1,0,1,0,0,17.7,25.3,18.1983947241404,25.662813563598206,31.18132205250952,44.654227123532216,6,16,1.302,1.303,60,0.354,102,58,0.354,323,102,58,0.0,1,1,0
28,17,5,9,1.3020947132741507,medium,susceptible,0,1,0.0,-1,-1,0,1,0,0,17.7,25.3,18.1983947241404,25.662813563598206,31.18132205250952,44.654227123532216,6,16,1.302,1.303,60,0.354,102,58,0.354,323,102,58,0.0,1,1,0
28,18,5,9,1.3020947132741507,medium,susceptible,0,1,0.0,-1,-1,0,1,0,0,17.7,25.3,18.1983947241404,25.662813563598206,31.18132205250952,44.654227123532216,6,16,1.302,1.303,60,0.354,102,58,0.354,323,102,58,0.0,1,1,0
28,19,5,9,1.3020947132741507,medium,susceptible,0,1,0.0,-1,-1,0,1,0,0,17.7,25.3,18.1983947241404,25.662813563598206,31.18132205250952,44.654227123532216,6,16,1.302,1.303,60,0.354,102,58,0.354,323,102,58,0.0,1,1,0
28,20,5,9,1.3020947132741507,medium,susceptible,0,1,0.0,-1,-1,0,1,0,0,17.7,25.3,18.1983947241404,25.662813563598206,31.18132205250952,44.654227123532216,6,16,1.302,1.303,60,0.354,102,58,0.354,323,102,58,0.0,1,1,0
28,21,5,9,1.3020947132741507,medium,susceptible,0,1,0.0,-1,-1,0,1,0,0,17.7,25.3,18.1983947241404,25.662813563598206,31.18132205250952,44.654227123532216,6,16,1.302,1.303,60,0.354,102,58,0.354,323,102,58,0.0,1,1,0
28,22,5,9,1.3020947132741507,medium,susceptible,0,1,0.0,-1,-1,0,1,0,0,17.7,25.3,18.1983947241404,25.662813563598206,31.18132205250952,44.654227123532216,6,16,1.302,1.303,60,0.354,102,58,0.354,323,102,58,0.0,1,1,0
28,23,5,9,1.3020947132741507,medium,susceptible,0,1,0.0,-1,-1,0,1,0,0,17.7,25.3,18.1983947241404,25.662813563598206,31.18132205250952,44.654227123532216,6,16,1.302,1.303,60,0.354,102,58,0.354,323,102,58,0.0,1,1,0
28,24,5,9,1.3020947132741507,medium,susceptible,0,1,0.0,-1,-1,0,1,0,0,17.7,25.3,18.1983947241404,25.662813563598206,31.18132205250952,44.654227123532216,6,16,1.302,1.303,60,0.354,102,58,0.354,323,102,58,0.0,1,1,0
28,25,5,9,1.3020947132741507,medium,susceptible,0,1,0.0,-1,-1,0,1,0,0,17.7,25.3,18.1983947241404,25.662813563598206,31.18132205250952,44.654227123532216,6,16,1.302,1.303,60,0.354,102,58,0.354,323,102,58,0.0,1,1,0
28,26,5,9,1.3020947132741507,medium,susceptible,0,1,0.0,-1,-1,0,1,0,0,17.7,25.3,18.1983947241404,25.662813563598206,31.18132205250952,44.654227123532216,6,16,1.302,1.303,60,0.354,102,58,0.354,323,102,58,0.0,1,1,0
28,27,5,9,1.3020947132741507,medium,susceptible,0,1,0.0,-1,-1,0,1,0,0,17.7,25.3,18.1983947241404,25.662813563598206,31.18132205250952,44.654227123532216,6,16,1.302,1.303,60,0.354,102,58,0.354,323,102,58,0.0,1,1,0
28,28,5,9,1.3020947132741507,medium,susceptible,0,1,0.0,-1,-1,0,1,0,0,17.7,25.3,18.1983947241404,25.662813563598206,31.18132205250952,44.654227123532216,6,16,1.302,1.303,60,0.354,102,58,0.354,323,102,58,0.0,1,1,0
28,29,5,9,1.3020947132741507,medium,susceptible,0,1,0.0,-1,-1,0,1,0,0,17.7,25.3,18.1983947241404,25.662813563598206,31.18132205250952,44.654227123532216,6,16,1.302,1.303,60,0.354,102,58,0.354,323,102,58,0.0,1,1,0
28,30,5,9,1.3020947132741507,medium,susceptible,0,1,0.0,-1,-1,0,1,0,0,17.7,25.3,18.1983947241404,25.662813563598206,31.18132205250952,44.654227123532216,6,16,1.302,1.303,60,0.354,102,58,0.354,323,102,58,0.0,1,1,0
28,31,5,9,1.3020947132741507,medium,susceptible,0,1,0.0,-1,-1,0,1,0,0,17.7,25.3,18.1983947241404,25.662813563598206,31.18132205250952,44.654227123532216,6,16,1.302,1.303,60,0.354,102,58,0.354,323,102,58,0.0,1,1,0
28,32,5,9,1.3020947132741507,medium,susceptible,0,1,0.0,-1,-1,0,1,0,0,17.7,25.3,18.1983947241404,25.662813563598206,31.18132205250952,44.654227123532216,6,16,1.302,1.303,60,0.354,102,58,0.354,323,102,58,0.0,1,1,0
28,33,5,9,1.3020947132741507,medium,susceptible,0,1,0.0,-1,-1,0,1,0,0,17.7,25.3,18.1983947241404,25.662813563598206,31.18132205250952,44.654227123532216,6,16,1.302,1.303,60,0.354,102,58,0.354,323,102,58,0.0,1,1,0
28,34,5,9,1.3020947132741507,medium,susceptible,0,1,0.0,-1,-1,0,1,0,0,17.7,25.3,18.1983947241404,25.662813563598206,31.18132205250952,44.654227123532216,6,16,1.302,1.303,60,0.354,102,58,0.354,323,102,58,0.0,1,1,0
28,35,5,9,1.3020947132741507,medium,susceptible,0,1,0.0,-1,-1,0,1,0,0,17.7,25.3,18.1983947241404,25.662813563598206,31.18132205250952,44.654227123532216,6,16,1.302,1.303,60,0.354,102,58,0.354,323,102,58,0.0,1,1,0
28,36,5,9,1.3020947132741507,medium,susceptible,0,1,0.0,-1,-1,0,1,0,0,17.7,25.3,18.1983947241404,25.662813563598206,31.18132205250952,44.654227123532216,6,16,1.302,1.303,60,0.354,102,58,0.354,323,102,58,0.0,1,1,0
28,37,5,9,1.3020947132741507,medium,susceptible,0,1,0.0,-1,-1,0,1,0,0,17.7,25.3,18.1983947241404,25.662813563598206,31.18132205250952,44.654227123532216,6,16,1.302,1.303,60,0.354,102,58,0.354,323,102,58,0.0,1,1,0
28,38,5,9,1.3020947132741507,medium,susceptible,0,1,0.0,-1,-1,0,1,0,0,17.7,25.3,18.1983947241404,25.662813563598206,31.18132205250952,44.654227123532216,6,16,1.302,1.303,60,0.354,102,58,0.354,323,102,58,0.0,1,1,0
28,39,5,9,1.3020947132741507,medium,susceptible,0,1,0.0,-1,-1,0,1,0,0,17.7,25.3,18.1983947241404,25.662813563598206,31.18132205250952,44.654227123532216,6,16,1.302,1.303,60,0.354,102,58,0.354,323,102,58,0.0,1,1,0
29,0,39,6,1.302424765338538,strong,susceptible,0,1,0.0,-1,-1,1,0,0,0,26.5,26.0,17.580042810185564,30.103986446980738,25.875869275233093,42.5440947723653,6,16,1.302,1.303,60,0.354,102,58,0.354,323,102,58,0.0,1,1,0
29,1,39,6,1.302424765338538,strong,susceptible,0,1,0.0,-1,-1,1,0,0,0,26.5,26.0,17.580042810185564,30.103986446980738,25.875869275233093,42.5440947723653,6,16,1.302,1.303,60,0.354,102,58,0.354,323,102,58,0.0,1,1,0
29,2,39,6,1.302424765338538,strong,susceptible,0,1,0.0,-1,-1,1,0,0,0,26.5,26.0,17.580042810185564,30.103986446980738,25.875869275233093,42.5440947723653,6,16,1.302,1.303,60,0.354,102,58,0.354,323,102,58,0.0,1,1,0
29,3,39,6,1.302424765338538,strong,susceptible,0,1,0.0,-1,-1,1,0,0,0,26.5,26.0,17.580042810185564,30.103986446980738,25.875869275233093,42.5440947723653,6,16,1.302,1.303,60,0.354,102,58,0.354,323,102,58,0.0,1,1,0
29,4,39,6,1.302424765338538,strong,susceptible,0,1,0.0,-1,-1,1,0,0,0,26.5,26.0,17.580042810185564,30.103986446980738,25.875869275233093,42.5440947723653,6,16,1.302,1.303,60,0.354,102,58,0.354,323,102,58,0.0,1,1,0
29,5,39,6,1.302424765338538,strong,susceptible,0,1,0.0,-1,-1,1,0,0,0,26.5,26.0,17.580042810185564,30.103986446980738,25.875869275233093,42.5440947723653,6,16,1.302,1.303,60,0.354,102,58,0.354,323,102,58,0.0,1,1,0
29,6,39,6,1.302424765338538,strong,susceptible,0,1,0.0,-1,-1,1,0,0,0,26.5,26.0,17.580042810185564,30.103986446980738,25.875869275233093,42.5440947723653,6,16,1.302,1.303,60,0.354,102,58,0.354,323,102,58,0.0,1,1,0
29,7,39,6,1.302424765338538,strong,susceptible,0,1,0.0,-1,-1,1,0,0,0,26.5,26.0,17.580042810185564,30.103986446980738,25.875869275233093,42.5440947723653,6,16,1.302,1.303,60,0.354,102,58,0.354,323,102,58,0.0,1,1,0
29,8,39,6,1.302424765338538,strong,susceptible,0,1,0.0,-1,-1,1,0,0,0,26.5,26.0,17.580042810185564,30.103986446980738,25.875869275233093,42.5440947723653,6,16,1.302,1.303,60,0.354,102,58,0.354,323,102,58,0.0,1,1,0
29,9,39,6,1.302424765338538,strong,susceptible,0,1,0.0,-1,-1,1,0,0,0,26.5,26.0,17.580042810185564,30.103986446980738,25.875869275233093,42.5440947723653,6,16,1.302,1.303,60,0.354,102,58,0.354,323,102,58,0.0,1,1,0
29,10,39,6,1.302424765338538,strong,susceptible,0,1,0.0,-1,-1,1,0,0,0,26.5,26.0,17.580042810185564,30.103986446980738,25.875869275233093,42.5440947723653,6,16,1.302,1.303,60,0.354,102,58,0.354,323,102,58,0.0,1,1,0
29,11,39,6,1.302424765338538,strong,susceptible,0,1,0.0,-1,-1,1,0,0,0,26.5,26.0,17.580042810185564,30.103986446980738,25.875869275233093,42.5440947723653,6,16,1.302,1.303,60,0.354,102,58,0.354,323,102,58,0.0,1,1,0
29,12,39,6,1.302424765338538,strong,susceptible,0,1,0.0,-1,-1,1,0,0,0,26.5,26.0,17.580042810185564,30.103986446980738,25.875869275233093,42.5440947723653,6,16,1.302,1.303,60,0.354,102,58,0.354,323,102,58,0.0,1,1,0
29,13,39,6,1.302424765338538,strong,susceptible,0,1,0.0,-1,-1,1,0,0,0,26.5,26.0,17.580042810185564,30.103986446980738,25.875869275233093,42.5440947723653,6,16,1.302,1.303,60,0.354,102,58,0.354,323,102,58,0.0,1,1,0
29,14,39,6,1.302424765338538,strong,susceptible,0,1,0.0,-1,-1,1,0,0,0,26.5,26.0,17.580042810185564,30.103986446980738,25.875869275233093,42.5440947723653,6,16,1.302,1.303,60,0.354,102,58,0.354,323,102,58,0.0,1,1,0
29,15,39,6,1.302424765338538,strong,susceptible,0,1,0.0,-1,-1,1,0,0,0,26.5,26.0,17.580042810185564,30.103986446980738,25.875869275233093,42.5440947723653,6,16,1.302,1.303,60,0.354,102,58,0.354,323,102,58,0.0,1,1,0
29,16,39,6,1.302424765338538,strong,susceptible,0,1,0.0,-1,-1,1,0,0,0,26.5,26.0,17.580042810185564,30.103986446980738,25.875869275233093,42.5440947723653,6,16,1.302,1.303,60,0.354,102,58,0.354,323,102,58,0.0,1,1,0
29,17,39,6,1.302424765338538,strong,susceptible,0,1,0.0,-1,-1,1,0,0,0,26.5,26.0,17.580042810185564,30.103986446980738,25.875869275233093,42.5440947723653,6,16,1.302,1.303,60,0.354,102,58,0.354,323,102,58,0.0,1,1,0
29,18,39,6,1.302424765338538,strong,susceptible,0,1,0.0,-1,-1,1,0,0,0,26.5,26.0,17.580042810185564,30.103986446980738,25.875869275233093,42.5440947723653,6,16,1.302,1.303,60,0.354,102,58,0.354,323,102,58,0.0,1,1,0
29,19,39,6,1.302424765338538,strong,susceptible,0,1,0.0,-1,-1,1,0,0,0,26.5,26.0,17.580042810185564,30.103986446980738,25.875869275233093,42.5440947723653,6,16,1.302,1.303,60,0.354,102,58,0.354,323,102,58,0.0,1,1,0
29,20,39,6,1.302424765338538,strong,susceptible,0,1,0.0,-1,-1,1,0,0,0,26.5,26.0,17.580042810185564,30.103986446980738,25.875869275233093,42.5440947723653,6,16,1.302,1.303,60,0.354,102,58,0.354,323,102,58,0.0,1,1,0
29,21,39,6,1.302424765338538,strong,susceptible,0,1,0.0,-1,-1,1,0,0,0,26.5,26.0,17.580042810185564,30.103986446980738,25.875869275233093,42.5440947723653,6,16,1.302,1.303,60,0.354,102,58,0.354,323,102,58,0.0,1,1,0
29,22,39,6,1.302424765338538,strong,susceptible,0,1,0.0,-1,-1,1,0,0,0,26.5,26.0,17.580042810185564,30.103986446980738,25.875869275233093,42.5440947723653,6,16,1.302,1.303,60,0.354,102,58,0.354,323,102,58,0.0,1,1,0
29,23,39,6,1.302424765338538,strong,susceptible,0,1,0.0,-1,-1,1,0,0,0,26.5,26.0,17.580042810185564,30.103986446980738,25.875869275233093,42.5440947723653,6,16,1.302,1.303,60,0.354,102,58,0.354,323,102,58,0.0,1,1,0
29,24,39,6,1.302424765338538,strong,susceptible,0,1,0.0,-1,-1,1,0,0,0,26.5,26.0,17.580042810185564,30.103986446980738,25.875869275233093,42.5440947723653,6,16,1.302,1.303,60,0.354,102,58,0.354,323,102,58,0.0,1,1,0
29,25,39,6,1.302424765338538,strong,susceptible,0,1,0.0,-1,-1,1,0,0,0,26.5,26.0,17.580042810185564,30.103986446980738,25.875869275233093,42.5440947723653,6,16,1.302,1.303,60,0.354,102,58,0.354,323,102,58,0.0,1,1,0
29,26,39,6,1.302424765338538,strong,susceptible,0,1,0.0,-1,-1,1,0,0,0,26.5,26.0,17.580042810185564,30.103986446980738,25.875869275233093,42.5440947723653,6,16,1.302,1.303,60,0.354,102,58,0.354,323,102,58,0.0,1,1,0
29,27,39,6,1.302424765338538,strong,susceptible,0,1,0.0,-1,-1,1,0,0,0,26.5,26.0,17.580042810185564,30.103986446980738,25.875869275233093,42.5440947723653,6,16,1.302,1.303,60,0.354,102,58,0.354,323,102,58,0.0,1,1,0
29,28,39,6,1.302424765338538,strong,susceptible,0,1,0.0,-1,-1,1,0,0,0,26.5,26.0,17.580042810185564,30.103986446980738,25.875869275233093,42.5440947723653,6,16,1.302,1.303,60,0.354,102,58,0.354,323,102,58,0.0,1,1,0
29,29,39,6,1.302424765338538,strong,susceptible,0,1,0.0,-1,-1,1,0,0,0,26.5,26.0,17.580042810185564,30.103986446980738,25.875869275233093,42.5440947723653,6,16,1.302,1.303,60,0.354,102,58,0.354,323,102,58,0.0,1,1,0
29,30,39,6,1.302424765338538,strong,susceptible,0,1,0.0,-1,-1,1,0,0,0,26.5,26.0,17.580042810185564,30.103986446980738,25.875869275233093,42.5440947723653,6,16,1.302,1.303,60,0.354,102,58,0.354,323,102,58,0.0,1,1,0
29,31,39,6,1.302424765338538,strong,susceptible,0,1,0.0,-1,-1,1,0,0,0,26.5,26.0,17.580042810185564,30.103986446980738,25.875869275233093,42.5440947723653,6,16,1.302,1.303,60,0.354,102,58,0.354,323,102,58,0.0,1,1,0
29,32,39,6,1.302424765338538,strong,susceptible,0,1,0.0,-1,-1,1,0,0,0,26.5,26.0,17.580042810185564,30.103986446980738,25.875869275233093,42.5440947723653,6,16,1.302,1.303,60,0.354,102,58,0.354,323,102,58,0.0,1,1,0
29,33,39,6,1.302424765338538,strong,susceptible,0,1,0.0,-1,-1,1,0,0,0,26.5,26.0,17.580042810185564,30.103986446980738,25.875869275233093,42.5440947723653,6,16,1.302,1.303,60,0.354,102,58,0.354,323,102,58,0.0,1,1,0
29,34,39,6,1.302424765338538,strong,susceptible,0,1,0.0,-1,-1,1,0,0,0,26.5,26.0,17.580042810185564,30.103986446980738,25.875869275233093,42.5440947723653,6,16,1.302,1.303,60,0.354,102,58,0.354,323,102,58,0.0,1,1,0
29,35,39,6,1.302424765338538,strong,susceptible,0,1,0.0,-1,-1,1,0,0,0,26.5,26.0,17.580042810185564,30.103986446980738,25.875869275233093,42.5440947723653,6,16,1.302,1.303,60,0.354,102,58,0.354,323,102,58,0.0,1,1,0
29,36,39,6,1.302424765338538,strong,susceptible,0,1,0.0,-1,-1,1,0,0,0,26.5,26.0,17.580042810185564,30.103986446980738,25.875869275233093,42.5440947723653,6,16,1.302,1.303,60,0.354,102,58,0.354,323,102,58,0.0,1,1,0
29,37,39,6,1.302424765338538,strong,susceptible,0,1,0.0,-1,-1,1,0,0,0,26.5,26.0,17.580042810185564,30.103986446980738,25.875869275233093,42.5440947723653,6,16,1.302,1.303,60,0.354,102,58,0.354,323,102,58,0.0,1,1,0
29,38,39,6,1.302424765338538,strong,susceptible,0,1,0.0,-1,-1,1,0,0,0,26.5,26.0,17.580042810185564,30.103986446980738,25.875869275233093,42.5440947723653,6,16,1.302,1.303,60,0.354,102,58,0.354,323,102,58,0.0,1,1,0
29,39,39,6,1.302424765338538,strong,susceptible,0,1,0.0,-1,-1,1,0,0,0,26.5,26.0,17.580042810185564,30.103986446980738,25.875869275233093,42.5440947723653,6,16,1.302,1.303,60,0.354,102,58,0.354,323,102,58,0.0,1,1,0
30,0,155,8,1.3021805602142755,medium,susceptible,0,1,0.0,-1,-1,0,1,0,0,32.9,24.6,13.23998544997365,23.80693176366917,21.70156951639236,46.22769732530488,6,16,1.302,1.303,60,0.354,102,58,0.354,323,102,58,0.0,1,1,0
30,1,155,8,1.3021805602142755,medium,susceptible,0,1,0.0,-1,-1,0,1,0,0,32.9,24.6,13.23998544997365,23.80693176366917,21.70156951639236,46.22769732530488,6,16,1.302,1.303,60,0.354,102,58,0.354,323,102,58,0.0,1,1,0
30,2,155,8,1.3021805602142755,medium,susceptible,0,1,0.0,-1,-1,0,1,0,0,32.9,24.6,13.23998544997365,23.80693176366917,21.70156951639236,46.22769732530488,6,16,1.302,1.303,60,0.354,102,58,0.354,323,102,58,0.0,1,1,0
30,3,155,8,1.3021805602142755,medium,susceptible,0,1,0.0,-1,-1,0,1,0,0,32.9,24.6,13.23998544997365,23.80693176366917,21.70156951639236,46.22769732530488,6,16,1.302,1.303,60,0.354,102,58,0.354,323,102,58,0.0,1,1,0
30,4,155,8,1.3021805602142755,medium,susceptible,0,1,0.0,-1,-1,0,1,0,0,32.9,24.6,13.23998544997365,23.80693176366917,21.70156951639236,46.22769732530488,6,16,1.302,1.303,60,0.354,102,58,0.354,323,102,58,0.0,1,1,0
30,5,155,8,1.3021805602142755,medium,susceptible,0,1,0.0,-1,-1,0,1,0,0,32.9,24.6,13.23998544997365,23.80693176366917,21.70156951639236,46.22769732530488,6,16,1.302,1.303,60,0.354,102,58,0.354,323,102,58,0.0,1,1,0
30,6,155,8,1.3021805602142755,medium,susceptible,0,1,0.0,-1,-1,0,1,0,0,32.9,24.6,13.23998544997365,23.80693176366917,21.70156951639236,46.22769732530488,6,16,1.302,1.303,60,0.354,102,58,0.354,323,102,58,0.0,1,1,0
30,7,155,8,1.3021805602142755,medium,susceptible,0,1,0.0,-1,-1,0,1,0,0,32.9,24.6,13.23998544997365,23.80693176366917,21.70156951639236,46.22769732530488,6,16,1.302,1.303,60,0.354,102,58,0.354,323,102,58,0.0,1,1,0
30,8,155,8,1.3021805602142755,medium,susceptible,0,1,0.0,-1,-1,0,1,0,0,32.9,24.6,13.23998544997365,23.80693176366917,21.70156951639236,46.22769732530488,6,16,1.302,1.303,60,0.354,102,58,0.354,323,102,58,0.0,1,1,0
30,9,155,8,1.3021805602142755,medium,susceptible,0,1,0.0,-1,-1,0,1,0,0,32.9,24.6,13.23998544997365,23.80693176366917,21.70156951639236,46.22769732530488,6,16,1.302,1.303,60,0.354,102,58,0.354,323,102,58,0.0,1,1,0
30,10,155,8,1.3021805602142755,medium,susceptible,0,1,0.0,-1,-1,0,1,0,0,32.9,24.6,13.23998544997365,23.80693176366917,21.70156951639236,46.22769732530488,6,16,1.302,1.303,60,0.354,102,58,0.354,323,102,58,0.0,1,1,0
30,11,155,8,1.3021805602142755,medium,susceptible,0,1,0.0,-1,-1,0,1,0,0,32.9,24.6,13.23998544997365,23.80693176366917,21.70156951639236,46.22769732530488,6,16,1.302,1.303,60,0.354,102,58,0.354,323,102,58,0.0,1,1,0
30,12,155,8,1.3021805602142755,medium,susceptible,0,1,0.0,-1,-1,0,1,0,0,32.9,24.6,13.23998544997365,23.80693176366917,21.70156951639236,46.22769732530488,6,16,1.302,1.303,60,0.354,102,58,0.354,323,102,58,0.0,1,1,0
30,13,155,8,1.3021805602142755,medium,susceptible,0,1,0.0,-1,-1,0,1,0,0,32.9,24.6,13.23998544997365,23.80693176366917,21.70156951639236,46.22769732530488,6,16,1.302,1.303,60,0.354,102,58,0.354,323,102,58,0.0,1,1,0
30,14,155,8,1.3021805602142755,medium,susceptible,0,1,0.0,-1,-1,0,1,0,0,32.9,24.6,13.23998544997365,23.80693176366917,21.70156951639236,46.22769732530488,6,16,1.302,1.303,60,0.354,102,58,0.354,323,102,58,0.0,1,1,0
30,15,155,8,1.3021805602142755,medium,susceptible,0,1,0.0,-1,-1,0,1,0,0,32.9,24.6,13.23998544997365,23.80693176366917,21.70156951639236,46.22769732530488,6,16,1.302,1.303,60,0.354,102,58,0.354,323,102,58,0.0,1,1,0
30,16,155,8,1.3021805602142755,medium,susceptible,0,1,0.0,-1,-1,0,1,0,0,32.9,24.6,13.23998544997365,23.80693176366917,21.70156951639236,46.22769732530488,6,16,1.302,1.303,60,0.354,102,58,0.354,323,102,58,0.0,1,1,0
30,17,155,8,1.3021805602142755,medium,susceptible,0,1,0.0,-1,-1,0,1,0,0,32.9,24.6,13.23998544997365,23.80693176366917,21.70156951639236,46.22769732530488,6,16,1.302,1.303,60,0.354,102,58,0.354,323,102,58,0.0,1,1,0
30,18,155,8,1.3021805602142755,medium,susceptible,0,1,0.0,-1,-1,0,1,0,0,32.9,24.6,13.23998544997365,23.80693176366917,21.70156951639236,46.22769732530488,6,16,1.302,1.303,60,0.354,102,58,0.354,323,102,58,0.0,1,1,0
30,19,155,8,1.3021805602142755,medium,susceptible,0,1,0.0,-1,-1,0,1,0,0,32.9,24.6,13.23998544997365,23.80693176366917,21.70156951639236,46.22769732530488,6,16,1.302,1.303,60,0.354,102,58,0.354,323,102,58,0.0,1,1,0
30,20,155,8,1.3021805602142755,medium,susceptible,0,1,0.0,-1,-1,0,1,0,0,32.9,24.6,13.23998544997365,23.80693176366917,21.70156951639236,46.22769732530488,6,16,1.302,1.303,60,0.354,102,58,0.354,323,102,58,0.0,1,1,0
30,21,155,8,1.3021805602142755,medium,susceptible,0,1,0.0,-1,-1,0,1,0,0,32.9,24.6,13.23998544997365,23.80693176366917,21.70156951639236,46.22769732530488,6,16,1.302,1.303,60,0.354,102,58,0.354,323,102,58,0.0,1,1,0
30,22,155,8,1.3021805602142755,medium,susceptible,0,1,0.0,-1,-1,0,1,0,0,32.9,24.6,13.23998544997365,23.80693176366917,21.70156951639236,46.22769732530488,6,16,1.302,1.303,60,0.354,102,58,0.354,323,102,58,0.0,1,1,0
30,23,155,8,1.3021805602142755,medium,susceptible,0,1,0.0,-1,-1,0,1,0,0,32.9,24.6,13.23998544997365,23.80693176366917,21.70156951639236,46.22769732530488,6,16,1.302,1.303,60,0.354,102,58,0.354,323,102,58,0.0,1,1,0
30,24,155,8,1.3021805602142755,medium,susceptible,0,1,0.0,-1,-1,0,1,0,0,32.9,24.6,13.23998544997365,23.80693176366917,21.70156951639236,46.22769732530488,6,16,1.302,1.303,60,0.354,102,58,0.354,323,102,58,0.0,1,1,0
30,25,155,8,1.3021805602142755,medium,susceptible,0,1,0.0,-1,-1,0,1,0,0,32.9,24.6,13.23998544997365,23.80693176366917,21.70156951639236,46.22769732530488,6,16,1.302,1.303,60,0.354,102,58,0.354,323,102,58,0.0,1,1,0
30,26,155,8,1.3021805602142755,medium,susceptible,0,1,0.0,-1,-1,0,1,0,0,32.9,24.6,13.23998544997365,23.80693176366917,21.70156951639236,46.22769732530488,6,16,1.302,1.303,60,0.354,102,58,0.354,323,102,58,0.0,1,1,0
30,27,155,8,1.3021805602142755,medium,susceptible,0,1,0.0,-1,-1,0,1,0,0,32.9,24.6,13.23998544997365,23.80693176366917,21.70156951639236,46.22769732530488,6,16,1.302,1.303,60,0.354,102,58,0.354,323,102,58,0.0,1,1,0
30,28,155,8,1.3021805602142755,medium,susceptible,0,1,0.0,-1,-1,0,1,0,0,32.9,24.6,13.23998544997365,23.80693176366917,21.70156951639236,46.22769732530488,6,16,1.302,1.303,60,0.354,102,58,0.354,323,102,58,0.0,1,1,0
30,29,155,8,1.3021805602142755,medium,susceptible,0,1,0.0,-1,-1,0,1,0,0,32.9,24.6,13.23998544997365,23.80693176366917,21.70156951639236,46.22769732530488,6,16,1.302,1.303,60,0.354,102,58,0.354,323,102,58,0.0,1,1,0
30,30,155,8,1.3021805602142755,medium,susceptible,0,1,0.0,-1,-1,0,1,0,0,32.9,24.6,13.23998544997365,23.80693176366917,21.70156951639236,46.22769732530488,6,16,1.302,1.303,60,0.354,102,58,0.354,323,102,58,0.0,1,1,0
30,31,155,8,1.3021805602142755,medium,susceptible,0,1,0.0,-1,-1,0,1,0,0,32.9,24.6,13.23998544997365,23.80693176366917,21.70156951639236,46.22769732530488,6,16,1.302,1.303,60,0.354,102,58,0.354,323,102,58,0.0,1,1,0
30,32,155,8,1.3021805602142755,medium,susceptible,0,1,0.0,-1,-1,0,1,0,0,32.9,24.6,13.23998544997365,23.80693176366917,21.70156951639236,46.22769732530488,6,16,1.302,1.303,60,0.354,102,58,0.354,323,102,58,0.0,1,1,0
30,33,155,8,1.3021805602142755,medium,susceptible,0,1,0.0,-1,-1,0,1,0,0,32.9,24.6,13.23998544997365,23.80693176366917,21.70156951639236,46.22769732530488,6,16,1.302,1.303,60,0.354,102,58,0.354,323,102,58,0.0,1,1,0
30,34,155,8,1.3021805602142755,medium,susceptible,0,1,0.0,-1,-1,0,1,0,0,32.9,24.6,13.23998544997365,23.80693176366917,21.70156951639236,46.22769732530488,6,16,1.302,1.303,60,0.354,102,58,0.354,323,102,58,0.0,1,1,0
30,35,155,8,1.3021805602142755,medium,susceptible,0,1,0.0,-1,-1,0,1,0,0,32.9,24.6,13.23998544997365,23.80693176366917,21.70156951639236,46.22769732530488,6,16,1.302,1.303,60,0.354,102,58,0.354,323,102,58,0.0,1,1,0
30,36,155,8,1.3021805602142755,medium,susceptible,0,1,0.0,-1,-1,0,1,0,0,32.9,24.6,13.23998544997365,23.80693176366917,21.70156951639236,46.22769732530488,6,16,1.302,1.303,60,0.354,102,58,0.354,323,102,58,0.0,1,1,0
30,37,155,8,1.3021805602142755,medium,susceptible,0,1,0.0,-1,-1,0,1,0,0,32.9,24.6,13.23998544997365,23.80693176366917,21.70156951639236,46.22769732530488,6,16,1.302,1.303,60,0.354,102,58,0.354,323,102,58,0.0,1,1,0
30,38,155,8,1.3021805602142755,medium,susceptible,0,1,0.0,-1,-1,0,1,0,0,32.9,24.6,13.23998544997365,23.80693176366917,21.70156951639236,46.22769732530488,6,16,1.302,1.303,60,0.354,102,58,0.354,323,102,58,0.0,1,1,0
30,39,155,8,1.3021805602142755,medium,susceptible,0,1,0.0,-1,-1,0,1,0,0,32.9,24.6,13.23998544997365,23.80693176366917,21.70156951639236,46.22769732530488,6,16,1.302,1.303,60,0.354,102,58,0.354,323,102,58,0.0,1,1,0
31,0,170,4,1.3029995251303357,low,susceptible,0,1,0.0,-1,-1,0,0,1,0,23.9,24.9,22.141581034816376,29.55029610680746,38.27372980097628,49.24428900898052,6,16,1.302,1.303,60,0.354,102,58,0.354,323,102,58,0.0,1,1,0
31,1,170,4,1.3029995251303357,low,susceptible,0,1,0.0,-1,-1,0,0,1,0,23.9,24.9,22.141581034816376,29.55029610680746,38.27372980097628,49.24428900898052,6,16,1.302,1.303,60,0.354,102,58,0.354,323,102,58,0.0,1,1,0
31,2,170,4,1.3029995251303357,low,susceptible,0,1,0.0,-1,-1,0,0,1,0,23.9,24.9,22.141581034816376,29.55029610680746,38.27372980097628,49.24428900898052,6,16,1.302,1.303,60,0.354,102,58,0.354,323,102,58,0.0,1,1,0
31,3,170,4,1.3029995251303357,low,susceptible,0,1,0.0,-1,-1,0,0,1,0,23.9,24.9,22.141581034816376,29.55029610680746,38.27372980097628,49.24428900898052,6,16,1.302,1.303,60,0.354,102,58,0.354,323,102,58,0.0,1,1,0
31,4,170,4,1.3029995251303357,low,susceptible,0,1,0.0,-1,-1,0,0,1,0,23.9,24.9,22.141581034816376,29.55029610680746,38.27372980097628,49.24428900898052,6,16,1.302,1.303,60,0.354,102,58,0.354,323,102,58,0.0,1,1,0
31,5,170,4,1.3029995251303357,low,susceptible,0,1,0.0,-1,-1,0,0,1,0,23.9,24.9,22.141581034816376,29.55029610680746,38.27372980097628,49.24428900898052,6,16,1.302,1.303,60,0.354,102,58,0.354,323,102,58,0.0,1,1,0
31,6,170,4,1.3029995251303357,low,susceptible,0,1,0.0,-1,-1,0,0,1,0,23.9,24.9,22.141581034816376,29.55029610680746,38.27372980097628,49.24428900898052,6,16,1.302,1.303,60,0.354,102,58,0.354,323,102,58,0.0,1,1,0
31,7,170,4,1.3029995251303357,low,susceptible,0,1,0.0,-1,-1,0,0,1,0,23.9,24.9,22.141581034816376,29.55029610680746,38.27372980097628,49.24428900898052,6,16,1.302,1.303,60,0.354,102,58,0.354,323,102,58,0.0,1,1,0
31,8,170,4,1.3029995251303357,low,susceptible,0,1,0.0,-1,-1,0,0,1,0,23.9,24.9,22.141581034816376,29.55029610680746,38.27372980097628,49.24428900898052,6,16,1.302,1.303,60,0.354,102,58,0.354,323,102,58,0.0,1,1,0
31,9,170,4,1.3029995251303357,low,susceptible,0,1,0.0,-1,-1,0,0,1,0,23.9,24.9,22.141581034816376,29.55029610680746,38.27372980097628,49.24428900898052,6,16,1.302,1.303,60,0.354,102,58,0.354,323,102,58,0.0,1,1,0
31,10,170,4,1.3029995251303357,low,susceptible,0,1,0.0,-1,-1,0,0,1,0,23.9,24.9,22.141581034816376,29.55029610680746,38.27372980097628,49.24428900898052,6,16,1.302,1.303,60,0.354,102,58,0.354,323,102,58,0.0,1,1,0
31,11,170,4,1.3029995251303357,low,susceptible,0,1,0.0,-1,-1,0,0,1,0,23.9,24.9,22.141581034816376,29.55029610680746,38.27372980097628,49.24428900898052,6,16,1.302,1.303,60,0.354,102,58,0.354,323,102,58,0.0,1,1,0
31,12,170,4,1.3029995251303357,low,susceptible,0,1,0.0,-1,-1,0,0,1,0,23.9,24.9,22.141581034816376,29.55029610680746,38.27372980097628,49.24428900898052,6,16,1.302,1.303,60,0.354,102,58,0.354,323,102,58,0.0,1,1,0
31,13,170,4,1.3029995251303357,low,susceptible,0,1,0.0,-1,-1,0,0,1,0,23.9,24.9,22.141581034816376,29.55029610680746,38.27372980097628,49.24428900898052,6,16,1.302,1.303,60,0.354,102,58,0.354,323,102,58,0.0,1,1,0
31,14,170,4,1.3029995251303357,low,susceptible,0,1,0.0,-1,-1,0,0,1,0,23.9,24.9,22.141581034816376,29.55029610680746,38.27372980097628,49.24428900898052,6,16,1.302,1.303,60,0.354,102,58,0.354,323,102,58,0.0,1,1,0
31,15,170,4,1.3029995251303357,low,susceptible,0,1,0.0,-1,-1,0,0,1,0,23.9,24.9,22.141581034816376,29.55029610680746,38.27372980097628,49.24428900898052,6,16,1.302,1.303,60,0.354,102,58,0.354,323,102,58,0.0,1,1,0
31,16,170,4,1.3029995251303357,low,susceptible,0,1,0.0,-1,-1,0,0,1,0,23.9,24.9,22.141581034816376,29.55029610680746,38.27372980097628,49.24428900898052,6,16,1.302,1.303,60,0.354,102,58,0.354,323,102,58,0.0,1,1,0
31,17,170,4,1.3029995251303357,low,susceptible,0,1,0.0,-1,-1,0,0,1,0,23.9,24.9,22.141581034816376,29.55029610680746,38.27372980097628,49.24428900898052,6,16,1.302,1.303,60,0.354,102,58,0.354,323,102,58,0.0,1,1,0
31,18,170,4,1.3029995251303357,low,susceptible,0,1,0.0,-1,-1,0,0,1,0,23.9,24.9,22.141581034816376,29.55029610680746,38.27372980097628,49.24428900898052,6,16,1.302,1.303,60,0.354,102,58,0.354,323,102,58,0.0,1,1,0
31,19,170,4,1.3029995251303357,low,susceptible,0,1,0.0,-1,-1,0,0,1,0,23.9,24.9,22.141581034816376,29.55029610680746,38.27372980097628,49.24428900898052,6,16,1.302,1.303,60,0.354,102,58,0.354,323,102,58,0.0,1,1,0
31,20,170,4,1.3029995251303357,low,susceptible,0,1,0.0,-1,-1,0,0,1,0,23.9,24.9,22.141581034816376,29.55029610680746,38.27372980097628,49.24428900898052,6,16,1.302,1.303,60,0.354,102,58,0.354,323,102,58,0.0,1,1,0
31,21,170,4,1.3029995251303357,low,susceptible,0,1,0.0,-1,-1,0,0,1,0,23.9,24.9,22.141581034816376,29.55029610680746,38.27372980097628,49.24428900898052,6,16,1.302,1.303,60,0.354,102,58,0.354,323,102,58,0.0,1,1,0
31,22,170,4,1.3029995251303357,low,susceptible,0,1,0.0,-1,-1,0,0,1,0,23.9,24.9,22.141581034816376,29.55029610680746,38.27372980097628,49.24428900898052,6,16,1.302,1.303,60,0.354,102,58,0.354,323,102,58,0.0,1,1,0
31,23,170,4,1.3029995251303357,low,susceptible,0,1,0.0,-1,-1,0,0,1,0,23.9,24.9,22.141581034816376,29.55029610680746,38.27372980097628,49.24428900898052,6,16,1.302,1.303,60,0.354,102,58,0.354,323,102,58,0.0,1,1,0
31,24,170,4,1.3029995251303357,low,susceptible,0,1,0.0,-1,-1,0,0,1,0,23.9,24.9,22.141581034816376,29.55029610680746,38.27372980097628,49.24428900898052,6,16,1.302,1.303,60,0.354,102,58,0.354,323,102,58,0.0,1,1,0
31,25,170,4,1.3029995251303357,low,susceptible,0,1,0.0,-1,-1,0,0,1,0,23.9,24.9,22.141581034816376,29.55029610680746,38.27372980097628,49.24428900898052,6,16,1.302,1.303,60,0.354,102,58,0.354,323,102,58,0.0,1,1,0
31,26,170,4,1.3029995251303357,low,susceptible,0,1,0.0,-1,-1,0,0,1,0,23.9,24.9,22.141581034816376,29.55029610680746,38.27372980097628,49.24428900898052,6,16,1.302,1.303,60,0.354,102,58,0.354,323,102,58,0.0,1,1,0
31,27,170,4,1.3029995251303357,low,susceptible,0,1,0.0,-1,-1,0,0,1,0,23.9,24.9,22.141581034816376,29.55029610680746,38.27372980097628,49.24428900898052,6,16,1.302,1.303,60,0.354,102,58,0.354,323,102,58,0.0,1,1,0
31,28,170,4,1.3029995251303357,low,susceptible,0,1,0.0,-1,-1,0,0,1,0,23.9,24.9,22.141581034816376,29.55029610680746,38.27372980097628,49.24428900898052,6,16,1.302,1.303,60,0.354,102,58,0.354,323,102,58,0.0,1,1,0
31,29,170,4,1.3029995251303357,low,susceptible,0,1,0.0,-1,-1,0,0,1,0,23.9,24.9,22.141581034816376,29.55029610680746,38.27372980097628,49.24428900898052,6,16,1.302,1.303,60,0.354,102,58,0.354,323,102,58,0.0,1,1,0
31,30,170,4,1.3029995251303357,low,susceptible,0,1,0.0,-1,-1,0,0,1,0,23.9,24.9,22.141581034816376,29.55029610680746,38.27372980097628,49.24428900898052,6,16,1.302,1.303,60,0.354,102,58,0.354,323,102,58,0.0,1,1,0
31,31,170,4,1.3029995251303357,low,susceptible,0,1,0.0,-1,-1,0,0,1,0,23.9,24.9,22.141581034816376,29.55029610680746,38.27372980097628,49.24428900898052,6,16,1.302,1.303,60,0.354,102,58,0.354,323,102,58,0.0,1,1,0
31,32,170,4,1.3029995251303357,low,susceptible,0,1,0.0,-1,-1,0,0,1,0,23.9,24.9,22.141581034816376,29.55029610680746,38.27372980097628,49.24428900898052,6,16,1.302,1.303,60,0.354,102,58,0.354,323,102,58,0.0,1,1,0
31,33,170,4,1.3029995251303357,low,susceptible,0,1,0.0,-1,-1,0,0,1,0,23.9,24.9,22.141581034816376,29.55029610680746,38.27372980097628,49.24428900898052,6,16,1.302,1.303,60,0.354,102,58,0.354,323,102,58,0.0,1,1,0
31,34,170,4,1.3029995251303357,low,susceptible,0,1,0.0,-1,-1,0,0,1,0,23.9,24.9,22.141581034816376,29.55029610680746,38.27372980097628,49.24428900898052,6,16,1.302,1.303,60,0.354,102,58,0.354,323,102,58,0.0,1,1,0
31,35,170,4,1.3029995251303357,low,susceptible,0,1,0.0,-1,-1,0,0,1,0,23.9,24.9,22.141581034816376,29.55029610680746,38.27372980097628,49.24428900898052,6,16,1.302,1.303,60,0.354,102,58,0.354,323,102,58,0.0,1,1,0
31,36,170,4,1.3029995251303357,low,susceptible,0,1,0.0,-1,-1,0,0,1,0,23.9,24.9,22.141581034816376,29.55029610680746,38.27372980097628,49.24428900898052,6,16,1.302,1.303,60,0.354,102,58,0.354,323,102,58,0.0,1,1,0
31,37,170,4,1.3029995251303357,low,susceptible,0,1,0.0,-1,-1,0,0,1,0,23.9,24.9,22.141581034816376,29.55029610680746,38.27372980097628,49.24428900898052,6,16,1.302,1.303,60,0.354,102,58,0.354,323,102,58,0.0,1,1,0
31,38,170,4,1.3029995251303357,low,susceptible,0,1,0.0,-1,-1,0,0,1,0,23.9,24.9,22.141581034816376,29.55029610680746,38.27372980097628,49.24428900898052,6,16,1.302,1.303,60,0.354,102,58,0.354,323,102,58,0.0,1,1,0
31,39,170,4,1.3029995251303357,low,susceptible,0,1,0.0,-1,-1,0,0,1,0,23.9,24.9,22.141581034816376,29.55029610680746,38.27372980097628,49.24428900898052,6,16,1.302,1.303,60,0.354,102,58,0.354,323,102,58,0.0,1,1,0
32,0,161,4,1.3028388435319382,strong,susceptible,0,1,0.0,-1,-1,1,0,0,0,26.3,20.9,19.41183684629886,27.24151243965724,32.10788892430319,48.84669896727925,6,16,1.302,1.303,60,0.354,102,58,0.354,323,102,58,0.0,1,1,0
32,1,161,4,1.3028388435319382,strong,susceptible,0,1,0.0,-1,-1,1,0,0,0,26.3,20.9,19.41183684629886,27.24151243965724,32.10788892430319,48.84669896727925,6,16,1.302,1.303,60,0.354,102,58,0.354,323,102,58,0.0,1,1,0
32,2,161,4,1.3028388435319382,strong,susceptible,0,1,0.0,-1,-1,1,0,0,0,26.3,20.9,19.41183684629886,27.24151243965724,32.10788892430319,48.84669896727925,6,16,1.302,1.303,60,0.354,102,58,0.354,323,102,58,0.0,1,1,0
32,3,161,4,1.3028388435319382,strong,susceptible,0,1,0.0,-1,-1,1,0,0,0,26.3,20.9,19.41183684629886,27.24151243965724,32.10788892430319,48.84669896727925,6,16,1.302,1.303,60,0.354,102,58,0.354,323,102,58,0.0,1,1,0
32,4,161,4,1.3028388435319382,strong,susceptible,0,1,0.0,-1,-1,1,0,0,0,26.3,20.9,19.41183684629886,27.24151243965724,32.10788892430319,48.84669896727925,6,16,1.302,1.303,60,0.354,102,58,0.354,323,102,58,0.0,1,1,0
32,5,161,4,1.3028388435319382,strong,susceptible,0,1,0.0,-1,-1,1,0,0,0,26.3,20.9,19.41183684629886,27.24151243965724,32.10788892430319,48.84669896727925,6,16,1.302,1.303,60,0.354,102,58,0.354,323,102,58,0.0,1,1,0
32,6,161,4,1.3028388435319382,strong,susceptible,0,1,0.0,-1,-1,1,0,0,0,26.3,20.9,19.41183684629886,27.24151243965724,32.10788892430319,48.84669896727925,6,16,1.302,1.303,60,0.354,102,58,0.354,323,102,58,0.0,1,1,0
32,7,161,4,1.3028388435319382,strong,susceptible,0,1,0.0,-1,-1,1,0,0,0,26.3,20.9,19.41183684629886,27.24151243965724,32.10788892430319,48.84669896727925,6,16,1.302,1.303,60,0.354,102,58,0.354,323,102,58,0.0,1,1,0
32,8,161,4,1.3028388435319382,strong,susceptible,0,1,0.0,-1,-1,1,0,0,0,26.3,20.9,19.41183684629886,27.24151243965724,32.10788892430319,48.84669896727925,6,16,1.302,1.303,60,0.354,102,58,0.354,323,102,58,0.0,1,1,0
32,9,161,4,1.3028388435319382,strong,susceptible,0,1,0.0,-1,-1,1,0,0,0,26.3,20.9,19.41183684629886,27.24151243965724,32.10788892430319,48.84669896727925,6,16,1.302,1.303,60,0.354,102,58,0.354,323,102,58,0.0,1,1,0
32,10,161,4,1.3028388435319382,strong,susceptible,0,1,0.0,-1,-1,1,0,0,0,26.3,20.9,19.41183684629886,27.24151243965724,32.10788892430319,48.84669896727925,6,16,1.302,1.303,60,0.354,102,58,0.354,323,102,58,0.0,1,1,0
32,11,161,4,1.3028388435319382,strong,susceptible,0,1,0.0,-1,-1,1,0,0,0,26.3,20.9,19.41183684629886,27.24151243965724,32.10788892430319,48.84669896727925,6,16,1.302,1.303,60,0.354,102,58,0.354,323,102,58,0.0,1,1,0
32,12,161,4,1.3028388435319382,strong,susceptible,0,1,0.0,-1,-1,1,0,0,0,26.3,20.9,19.41183684629886,27.24151243965724,32.10788892430319,48.84669896727925,6,16,1.302,1.303,60,0.354,102,58,0.354,323,102,58,0.0,1,1,0
32,13,161,4,1.3028388435319382,strong,susceptible,0,1,0.0,-1,-1,1,0,0,0,26.3,20.9,19.41183684629886,27.24151243965724,32.10788892430319,48.84669896727925,6,16,1.302,1.303,60,0.354,102,58,0.354,323,102,58,0.0,1,1,0
32,14,161,4,1.3028388435319382,strong,susceptible,0,1,0.0,-1,-1,1,0,0,0,26.3,20.9,19.41183684629886,27.24151243965724,32.10788892430319,48.84669896727925,6,16,1.302,1.303,60,0.354,102,58,0.354,323,102,58,0.0,1,1,0
32,15,161,4,1.3028388435319382,strong,susceptible,0,1,0.0,-1,-1,1,0,0,0,26.3,20.9,19.41183684629886,27.24151243965724,32.10788892430319,48.84669896727925,6,16,1.302,1.303,60,0.354,102,58,0.354,323,102,58,0.0,1,1,0
32,16,161,4,1.3028388435319382,strong,susceptible,0,1,0.0,-1,-1,1,0,0,0,26.3,20.9,19.41183684629886,27.24151243965724,32.10788892430319,48.84669896727925,6,16,1.302,1.303,60,0.354,102,58,0.354,323,102,58,0.0,1,1,0
32,17,161,4,1.3028388435319382,strong,susceptible,0,1,0.0,-1,-1,1,0,0,0,26.3,20.9,19.41183684629886,27.24151243965724,32.10788892430319,48.84669896727925,6,16,1.302,1.303,60,0.354,102,58,0.354,323,102,58,0.0,1,1,0
32,18,161,4,1.3028388435319382,strong,susceptible,0,1,0.0,-1,-1,1,0,0,0,26.3,20.9,19.41183684629886,27.24151243965724,32.10788892430319,48.84669896727925,6,16,1.302,1.303,60,0.354,102,58,0.354,323,102,58,0.0,1,1,0
32,19,161,4,1.3028388435319382,strong,susceptible,0,1,0.0,-1,-1,1,0,0,0,26.3,20.9,19.41183684629886,27.24151243965724,32.10788892430319,48.84669896727925,6,16,1.302,1.303,60,0.354,102,58,0.354,323,102,58,0.0,1,1,0
32,20,161,4,1.3028388435319382,strong,susceptible,0,1,0.0,-1,-1,1,0,0,0,26.3,20.9,19.41183684629886,27.24151243965724,32.10788892430319,48.84669896727925,6,16,1.302,1.303,60,0.354,102,58,0.354,323,102,58,0.0,1,1,0
32,21,161,4,1.3028388435319382,strong,susceptible,0,1,0.0,-1,-1,1,0,0,0,26.3,20.9,19.41183684629886,27.24151243965724,32.10788892430319,48.84669896727925,6,16,1.302,1.303,60,0.354,102,58,0.354,323,102,58,0.0,1,1,0
32,22,161,4,1.3028388435319382,strong,susceptible,0,1,0.0,-1,-1,1,0,0,0,26.3,20.9,19.41183684629886,27.24151243965724,32.10788892430319,48.84669896727925,6,16,1.302,1.303,60,0.354,102,58,0.354,323,102,58,0.0,1,1,0
32,23,161,4,1.3028388435319382,strong,susceptible,0,1,0.0,-1,-1,1,0,0,0,26.3,20.9,19.41183684629886,27.24151243965724,32.10788892430319,48.84669896727925,6,16,1.302,1.303,60,0.354,102,58,0.354,323,102,58,0.0,1,1,0
32,24,161,4,1.3028388435319382,strong,susceptible,0,1,0.0,-1,-1,1,0,0,0,26.3,20.9,19.41183684629886,27.24151243965724,32.10788892430319,48.84669896727925,6,16,1.302,1.303,60,0.354,102,58,0.354,323,102,58,0.0,1,1,0
32,25,161,4,1.3028388435319382,strong,susceptible,0,1,0.0,-1,-1,1,0,0,0,26.3,20.9,19.41183684629886,27.24151243965724,32.10788892430319,48.84669896727925,6,16,1.302,1.303,60,0.354,102,58,0.354,323,102,58,0.0,1,1,0
32,26,161,4,1.3028388435319382,strong,susceptible,0,1,0.0,-1,-1,1,0,0,0,26.3,20.9,19.41183684629886,27.24151243965724,32.10788892430319,48.84669896727925,6,16,1.302,1.303,60,0.354,102,58,0.354,323,102,58,0.0,1,1,0
32,27,161,4,1.3028388435319382,strong,susceptible,0,1,0.0,-1,-1,1,0,0,0,26.3,20.9,19.41183684629886,27.24151243965724,32.10788892430319,48.84669896727925,6,16,1.302,1.303,60,0.354,102,58,0.354,323,102,58,0.0,1,1,0
32,28,161,4,1.3028388435319382,strong,susceptible,0,1,0.0,-1,-1,1,0,0,0,26.3,20.9,19.41183684629886,27.24151243965724,32.10788892430319,48.84669896727925,6,16,1.302,1.303,60,0.354,102,58,0.354,323,102,58,0.0,1,1,0
32,29,161,4,1.3028388435319382,strong,susceptible,0,1,0.0,-1,-1,1,0,0,0,26.3,20.9,19.41183684629886,27.24151243965724,32.10788892430319,48.84669896727925,6,16,1.302,1.303,60,0.354,102,58,0.354,323,102,58,0.0,1,1,0
32,30,161,4,1.3028388435319382,strong,susceptible,0,1,0.0,-1,-1,1,0,0,0,26.3,20.9,19.41183684629886,27.24151243965724,32.10788892430319,48.84669896727925,6,16,1.302,1.303,60,0.354,102,58,0.354,323,102,58,0.0,1,1,0
32,31,161,4,1.3028388435319382,strong,susceptible,0,1,0.0,-1,-1,1,0,0,0,26.3,20.9,19.41183684629886,27.24151243965724,32.10788892430319,48.84669896727925,6,16,1.302,1.303,60,0.354,102,58,0.354,323,102,58,0.0,1,1,0
32,32,161,4,1.3028388435319382,strong,susceptible,0,1,0.0,-1,-1,1,0,0,0,26.3,20.9,19.41183684629886,27.24151243965724,32.10788892430319,48.84669896727925,6,16,1.302,1.303,60,0.354,102,58,0.354,323,102,58,0.0,1,1,0
32,33,161,4,1.3028388435319382,strong,susceptible,0,1,0.0,-1,-1,1,0,0,0,26.3,20.9,19.41183684629886,27.24151243965724,32.10788892430319,48.84669896727925,6,16,1.302,1.303,60,0.354,102,58,0.354,323,102,58,0.0,1,1,0
32,34,161,4,1.3028388435319382,strong,susceptible,0,1,0.0,-1,-1,1,0,0,0,26.3,20.9,19.41183684629886,27.24151243965724,32.10788892430319,48.84669896727925,6,16,1.302,1.303,60,0.354,102,58,0.354,323,102,58,0.0,1,1,0
32,35,161,4,1.3028388435319382,strong,susceptible,0,1,0.0,-1,-1,1,0,0,0,26.3,20.9,19.41183684629886,27.24151243965724,32.10788892430319,48.84669896727925,6,16,1.302,1.303,60,0.354,102,58,0.354,323,102,58,0.0,1,1,0
32,36,161,4,1.3028388435319382,strong,susceptible,0,1,0.0,-1,-1,1,0,0,0,26.3,20.9,19.41183684629886,27.24151243965724,32.10788892430319,48.84669896727925,6,16,1.302,1.303,60,0.354,102,58,0.354,323,102,58,0.0,1,1,0
32,37,161,4,1.3028388435319382,strong,susceptible,0,1,0.0,-1,-1,1,0,0,0,26.3,20.9,19.41183684629886,27.24151243965724,32.10788892430319,48.84669896727925,6,16,1.302,1.303,60,0.354,102,58,0.354,323,102,58,0.0,1,1,0
32,38,161,4,1.3028388435319382,strong,susceptible,0,1,0.0,-1,-1,1,0,0,0,26.3,20.9,19.41183684629886,27.24151243965724,32.10788892430319,48.84669896727925,6,16,1.302,1.303,60,0.354,102,58,0.354,323,102,58,0.0,1,1,0
32,39,161,4,1.3028388435319382,strong,susceptible,0,1,0.0,-1,-1,1,0,0,0,26.3,20.9,19.41183684629886,27.24151243965724,32.10788892430319,48.84669896727925,6,16,1.302,1.303,60,0.354,102,58,0.354,323,102,58,0.0,1,1,0
33,0,7,6,1.302700249767327,strong,susceptible,0,1,0.0,-1,-1,1,0,0,0,19.7,29.7,14.365676173442898,23.09502110845539,18.89352221673176,45.27692569068709,6,16,1.302,1.303,60,0.354,102,58,0.354,323,102,58,0.0,1,1,0
33,1,7,6,1.302700249767327,strong,susceptible,0,1,0.0,-1,-1,1,0,0,0,19.7,29.7,14.365676173442898,23.09502110845539,18.89352221673176,45.27692569068709,6,16,1.302,1.303,60,0.354,102,58,0.354,323,102,58,0.0,1,1,0
33,2,7,6,1.302700249767327,strong,susceptible,0,1,0.0,-1,-1,1,0,0,0,19.7,29.7,14.365676173442898,23.09502110845539,18.89352221673176,45.27692569068709,6,16,1.302,1.303,60,0.354,102,58,0.354,323,102,58,0.0,1,1,0
33,3,7,6,1.302700249767327,strong,susceptible,0,1,0.0,-1,-1,1,0,0,0,19.7,29.7,14.365676173442898,23.09502110845539,18.89352221673176,45.27692569068709,6,16,1.302,1.303,60,0.354,102,58,0.354,323,102,58,0.0,1,1,0
33,4,7,6,1.302700249767327,strong,susceptible,0,1,0.0,-1,-1,1,0,0,0,19.7,29.7,14.365676173442898,23.09502110845539,18.89352221673176,45.27692569068709,6,16,1.302,1.303,60,0.354,102,58,0.354,323,102,58,0.0,1,1,0
33,5,7,6,1.302700249767327,strong,susceptible,0,1,0.0,-1,-1,1,0,0,0,19.7,29.7,14.365676173442898,23.09502110845539,18.89352221673176,45.27692569068709,6,16,1.302,1.303,60,0.354,102,58,0.354,323,102,58,0.0,1,1,0
33,6,7,6,1.302700249767327,strong,susceptible,0,1,0.0,-1,-1,1,0,0,0,19.7,29.7,14.365676173442898,23.09502110845539,18.89352221673176,45.27692569068709,6,16,1.302,1.303,60,0.354,102,58,0.354,323,102,58,0.0,1,1,0
33,7,7,6,1.302700249767327,strong,susceptible,0,1,0.0,-1,-1,1,0,0,0,19.7,29.7,14.365676173442898,23.09502110845539,18.89352221673176,45.27692569068709,6,16,1.302,1.303,60,0.354,102,58,0.354,323,102,58,0.0,1,1,0
33,8,7,6,1.302700249767327,strong,susceptible,0,1,0.0,-1,-1,1,0,0,0,19.7,29.7,14.365676173442898,23.09502110845539,18.89352221673176,45.27692569068709,6,16,1.302,1.303,60,0.354,102,58,0.354,323,102,58,0.0,1,1,0
33,9,7,6,1.302700249767327,strong,susceptible,0,1,0.0,-1,-1,1,0,0,0,19.7,29.7,14.365676173442898,23.09502110845539,18.89352221673176,45.27692569068709,6,16,1.302,1.303,60,0.354,102,58,0.354,323,102,58,0.0,1,1,0
33,10,7,6,1.302700249767327,strong,susceptible,0,1,0.0,-1,-1,1,0,0,0,19.7,29.7,14.365676173442898,23.09502110845539,18.89352221673176,45.27692569068709,6,16,1.302,1.303,60,0.354,102,58,0.354,323,102,58,0.0,1,1,0
33,11,7,6,1.302700249767327,strong,susceptible,0,1,0.0,-1,-1,1,0,0,0,19.7,29.7,14.365676173442898,23.09502110845539,18.89352221673176,45.27692569068709,6,16,1.302,1.303,60,0.354,102,58,0.354,323,102,58,0.0,1,1,0
33,12,7,6,1.302700249767327,strong,susceptible,0,1,0.0,-1,-1,1,0,0,0,19.7,29.7,14.365676173442898,23.09502110845539,18.89352221673176,45.27692569068709,6,16,1.302,1.303,60,0.354,102,58,0.354,323,102,58,0.0,1,1,0
33,13,7,6,1.302700249767327,strong,susceptible,0,1,0.0,-1,-1,1,0,0,0,19.7,29.7,14.365676173442898,23.09502110845539,18.89352221673176,45.27692569068709,6,16,1.302,1.303,60,0.354,102,58,0.354,323,102,58,0.0,1,1,0
33,14,7,6,1.302700249767327,strong,susceptible,0,1,0.0,-1,-1,1,0,0,0,19.7,29.7,14.365676173442898,23.09502110845539,18.89352221673176,45.27692569068709,6,16,1.302,1.303,60,0.354,102,58,0.354,323,102,58,0.0,1,1,0
33,15,7,6,1.302700249767327,strong,susceptible,0,1,0.0,-1,-1,1,0,0,0,19.7,29.7,14.365676173442898,23.09502110845539,18.89352221673176,45.27692569068709,6,16,1.302,1.303,60,0.354,102,58,0.354,323,102,58,0.0,1,1,0
33,16,7,6,1.302700249767327,strong,susceptible,0,1,0.0,-1,-1,1,0,0,0,19.7,29.7,14.365676173442898,23.09502110845539,18.89352221673176,45.27692569068709,6,16,1.302,1.303,60,0.354,102,58,0.354,323,102,58,0.0,1,1,0
33,17,7,6,1.302700249767327,strong,susceptible,0,1,0.0,-1,-1,1,0,0,0,19.7,29.7,14.365676173442898,23.09502110845539,18.89352221673176,45.27692569068709,6,16,1.302,1.303,60,0.354,102,58,0.354,323,102,58,0.0,1,1,0
33,18,7,6,1.302700249767327,strong,susceptible,0,1,0.0,-1,-1,1,0,0,0,19.7,29.7,14.365676173442898,23.09502110845539,18.89352221673176,45.27692569068709,6,16,1.302,1.303,60,0.354,102,58,0.354,323,102,58,0.0,1,1,0
33,19,7,6,1.302700249767327,strong,susceptible,0,1,0.0,-1,-1,1,0,0,0,19.7,29.7,14.365676173442898,23.09502110845539,18.89352221673176,45.27692569068709,6,16,1.302,1.303,60,0.354,102,58,0.354,323,102,58,0.0,1,1,0
33,20,7,6,1.302700249767327,strong,susceptible,0,1,0.0,-1,-1,1,0,0,0,19.7,29.7,14.365676173442898,23.09502110845539,18.89352221673176,45.27692569068709,6,16,1.302,1.303,60,0.354,102,58,0.354,323,102,58,0.0,1,1,0
33,21,7,6,1.302700249767327,strong,susceptible,0,1,0.0,-1,-1,1,0,0,0,19.7,29.7,14.365676173442898,23.09502110845539,18.89352221673176,45.27692569068709,6,16,1.302,1.303,60,0.354,102,58,0.354,323,102,58,0.0,1,1,0
33,22,7,6,1.302700249767327,strong,susceptible,0,1,0.0,-1,-1,1,0,0,0,19.7,29.7,14.365676173442898,23.09502110845539,18.89352221673176,45.27692569068709,6,16,1.302,1.303,60,0.354,102,58,0.354,323,102,58,0.0,1,1,0
33,23,7,6,1.302700249767327,strong,susceptible,0,1,0.0,-1,-1,1,0,0,0,19.7,29.7,14.365676173442898,23.09502110845539,18.89352221673176,45.27692569068709,6,16,1.302,1.303,60,0.354,102,58,0.354,323,102,58,0.0,1,1,0
33,24,7,6,1.302700249767327,strong,susceptible,0,1,0.0,-1,-1,1,0,0,0,19.7,29.7,14.365676173442898,23.09502110845539,18.89352221673176,45.27692569068709,6,16,1.302,1.303,60,0.354,102,58,0.354,323,102,58,0.0,1,1,0
33,25,7,6,1.302700249767327,strong,susceptible,0,1,0.0,-1,-1,1,0,0,0,19.7,29.7,14.365676173442898,23.09502110845539,18.89352221673176,45.27692569068709,6,16,1.302,1.303,60,0.354,102,58,0.354,323,102,58,0.0,1,1,0
33,26,7,6,1.302700249767327,strong,susceptible,0,1,0.0,-1,-1,1,0,0,0,19.7,29.7,14.365676173442898,23.09502110845539,18.89352221673176,45.27692569068709,6,16,1.302,1.303,60,0.354,102,58,0.354,323,102,58,0.0,1,1,0
33,27,7,6,1.302700249767327,strong,susceptible,0,1,0.0,-1,-1,1,0,0,0,19.7,29.7,14.365676173442898,23.09502110845539,18.89352221673176,45.27692569068709,6,16,1.302,1.303,60,0.354,102,58,0.354,323,102,58,0.0,1,1,0
33,28,7,6,1.302700249767327,strong,susceptible,0,1,0.0,-1,-1,1,0,0,0,19.7,29.7,14.365676173442898,23.09502110845539,18.89352221673176,45.27692569068709,6,16,1.302,1.303,60,0.354,102,58,0.354,323,102,58,0.0,1,1,0
33,29,7,6,1.302700249767327,strong,susceptible,0,1,0.0,-1,-1,1,0,0,0,19.7,29.7,14.365676173442898,23.09502110845539,18.89352221673176,45.27692569068709,6,16,1.302,1.303,60,0.354,102,58,0.354,323,102,58,0.0,1,1,0
33,30,7,6,1.302700249767327,strong,susceptible,0,1,0.0,-1,-1,1,0,0,0,19.7,29.7,14.365676173442898,23.09502110845539,18.89352221673176,45.27692569068709,6,16,1.302,1.303,60,0.354,102,58,0.354,323,102,58,0.0,1,1,0
33,31,7,6,1.302700249767327,strong,susceptible,0,1,0.0,-1,-1,1,0,0,0,19.7,29.7,14.365676173442898,23.09502110845539,18.89352221673176,45.27692569068709,6,16,1.302,1.303,60,0.354,102,58,0.354,323,102,58,0.0,1,1,0
33,32,7,6,1.302700249767327,strong,susceptible,0,1,0.0,-1,-1,1,0,0,0,19.7,29.7,14.365676173442898,23.09502110845539,18.89352221673176,45.27692569068709,6,16,1.302,1.303,60,0.354,102,58,0.354,323,102,58,0.0,1,1,0
33,33,7,6,1.302700249767327,strong,susceptible,0,1,0.0,-1,-1,1,0,0,0,19.7,29.7,14.365676173442898,23.09502110845539,18.89352221673176,45.27692569068709,6,16,1.302,1.303,60,0.354,102,58,0.354,323,102,58,0.0,1,1,0
33,34,7,6,1.302700249767327,strong,susceptible,0,1,0.0,-1,-1,1,0,0,0,19.7,29.7,14.365676173442898,23.09502110845539,18.89352221673176,45.27692569068709,6,16,1.302,1.303,60,0.354,102,58,0.354,323,102,58,0.0,1,1,0
33,35,7,6,1.302700249767327,strong,susceptible,0,1,0.0,-1,-1,1,0,0,0,19.7,29.7,14.365676173442898,23.09502110845539,18.89352221673176,45.27692569068709,6,16,1.302,1.303,60,0.354,102,58,0.354,323,102,58,0.0,1,1,0
33,36,7,6,1.302700249767327,strong,susceptible,0,1,0.0,-1,-1,1,0,0,0,19.7,29.7,14.365676173442898,23.09502110845539,18.89352221673176,45.27692569068709,6,16,1.302,1.303,60,0.354,102,58,0.354,323,102,58,0.0,1,1,0
33,37,7,6,1.302700249767327,strong,susceptible,0,1,0.0,-1,-1,1,0,0,0,19.7,29.7,14.365676173442898,23.09502110845539,18.89352221673176,45.27692569068709,6,16,1.302,1.303,60,0.354,102,58,0.354,323,102,58,0.0,1,1,0
33,39,7,6,1.302700249767327,strong,infected,1,1,0.893,38,1,1,0,0,0,19.7,29.7,14.365676173442898,23.09502110845539,18.89352221673176,45.27692569068709,6,16,1.302,1.303,60,0.354,102,58,0.354,323,102,58,0.0,1,1,0
34,0,118,4,1.302684576752964,medium,susceptible,0,1,0.0,-1,-1,0,1,0,0,24.4,32.5,16.369463540618888,24.19938015735114,24.394898108018474,33.83784863137726,6,16,1.302,1.303,60,0.354,102,58,0.354,323,102,58,0.0,1,1,0
34,1,118,4,1.302684576752964,medium,susceptible,0,1,0.0,-1,-1,0,1,0,0,24.4,32.5,16.369463540618888,24.19938015735114,24.394898108018474,33.83784863137726,6,16,1.302,1.303,60,0.354,102,58,0.354,323,102,58,0.0,1,1,0
34,2,118,4,1.302684576752964,medium,susceptible,0,1,0.0,-1,-1,0,1,0,0,24.4,32.5,16.369463540618888,24.19938015735114,24.394898108018474,33.83784863137726,6,16,1.302,1.303,60,0.354,102,58,0.354,323,102,58,0.0,1,1,0
34,3,118,4,1.302684576752964,medium,susceptible,0,1,0.0,-1,-1,0,1,0,0,24.4,32.5,16.369463540618888,24.19938015735114,24.394898108018474,33.83784863137726,6,16,1.302,1.303,60,0.354,102,58,0.354,323,102,58,0.0,1,1,0
34,4,118,4,1.302684576752964,medium,susceptible,0,1,0.0,-1,-1,0,1,0,0,24.4,32.5,16.369463540618888,24.19938015735114,24.394898108018474,33.83784863137726,6,16,1.302,1.303,60,0.354,102,58,0.354,323,102,58,0.0,1,1,0
34,5,118,4,1.302684576752964,medium,susceptible,0,1,0.0,-1,-1,0,1,0,0,24.4,32.5,16.369463540618888,24.19938015735114,24.394898108018474,33.83784863137726,6,16,1.302,1.303,60,0.354,102,58,0.354,323,102,58,0.0,1,1,0
34,6,118,4,1.302684576752964,medium,susceptible,0,1,0.0,-1,-1,0,1,0,0,24.4,32.5,16.369463540618888,24.19938015735114,24.394898108018474,33.83784863137726,6,16,1.302,1.303,60,0.354,102,58,0.354,323,102,58,0.0,1,1,0
34,7,118,4,1.302684576752964,medium,susceptible,0,1,0.0,-1,-1,0,1,0,0,24.4,32.5,16.369463540618888,24.19938015735114,24.394898108018474,33.83784863137726,6,16,1.302,1.303,60,0.354,102,58,0.354,323,102,58,0.0,1,1,0
34,8,118,4,1.302684576752964,medium,susceptible,0,1,0.0,-1,-1,0,1,0,0,24.4,32.5,16.369463540618888,24.19938015735114,24.394898108018474,33.83784863137726,6,16,1.302,1.303,60,0.354,102,58,0.354,323,102,58,0.0,1,1,0
34,9,118,4,1.302684576752964,medium,susceptible,0,1,0.0,-1,-1,0,1,0,0,24.4,32.5,16.369463540618888,24.19938015735114,24.394898108018474,33.83784863137726,6,16,1.302,1.303,60,0.354,102,58,0.354,323,102,58,0.0,1,1,0
34,10,118,4,1.302684576752964,medium,susceptible,0,1,0.0,-1,-1,0,1,0,0,24.4,32.5,16.369463540618888,24.19938015735114,24.394898108018474,33.83784863137726,6,16,1.302,1.303,60,0.354,102,58,0.354,323,102,58,0.0,1,1,0
34,11,118,4,1.302684576752964,medium,susceptible,0,1,0.0,-1,-1,0,1,0,0,24.4,32.5,16.369463540618888,24.19938015735114,24.394898108018474,33.83784863137726,6,16,1.302,1.303,60,0.354,102,58,0.354,323,102,58,0.0,1,1,0
34,12,118,4,1.302684576752964,medium,susceptible,0,1,0.0,-1,-1,0,1,0,0,24.4,32.5,16.369463540618888,24.19938015735114,24.394898108018474,33.83784863137726,6,16,1.302,1.303,60,0.354,102,58,0.354,323,102,58,0.0,1,1,0
34,13,118,4,1.302684576752964,medium,susceptible,0,1,0.0,-1,-1,0,1,0,0,24.4,32.5,16.369463540618888,24.19938015735114,24.394898108018474,33.83784863137726,6,16,1.302,1.303,60,0.354,102,58,0.354,323,102,58,0.0,1,1,0
34,14,118,4,1.302684576752964,medium,susceptible,0,1,0.0,-1,-1,0,1,0,0,24.4,32.5,16.369463540618888,24.19938015735114,24.394898108018474,33.83784863137726,6,16,1.302,1.303,60,0.354,102,58,0.354,323,102,58,0.0,1,1,0
34,15,118,4,1.302684576752964,medium,susceptible,0,1,0.0,-1,-1,0,1,0,0,24.4,32.5,16.369463540618888,24.19938015735114,24.394898108018474,33.83784863137726,6,16,1.302,1.303,60,0.354,102,58,0.354,323,102,58,0.0,1,1,0
34,16,118,4,1.302684576752964,medium,susceptible,0,1,0.0,-1,-1,0,1,0,0,24.4,32.5,16.369463540618888,24.19938015735114,24.394898108018474,33.83784863137726,6,16,1.302,1.303,60,0.354,102,58,0.354,323,102,58,0.0,1,1,0
34,17,118,4,1.302684576752964,medium,susceptible,0,1,0.0,-1,-1,0,1,0,0,24.4,32.5,16.369463540618888,24.19938015735114,24.394898108018474,33.83784863137726,6,16,1.302,1.303,60,0.354,102,58,0.354,323,102,58,0.0,1,1,0
34,18,118,4,1.302684576752964,medium,susceptible,0,1,0.0,-1,-1,0,1,0,0,24.4,32.5,16.369463540618888,24.19938015735114,24.394898108018474,33.83784863137726,6,16,1.302,1.303,60,0.354,102,58,0.354,323,102,58,0.0,1,1,0
34,19,118,4,1.302684576752964,medium,susceptible,0,1,0.0,-1,-1,0,1,0,0,24.4,32.5,16.369463540618888,24.19938015735114,24.394898108018474,33.83784863137726,6,16,1.302,1.303,60,0.354,102,58,0.354,323,102,58,0.0,1,1,0
34,20,118,4,1.302684576752964,medium,susceptible,0,1,0.0,-1,-1,0,1,0,0,24.4,32.5,16.369463540618888,24.19938015735114,24.394898108018474,33.83784863137726,6,16,1.302,1.303,60,0.354,102,58,0.354,323,102,58,0.0,1,1,0
34,21,118,4,1.302684576752964,medium,susceptible,0,1,0.0,-1,-1,0,1,0,0,24.4,32.5,16.369463540618888,24.19938015735114,24.394898108018474,33.83784863137726,6,16,1.302,1.303,60,0.354,102,58,0.354,323,102,58,0.0,1,1,0
34,22,118,4,1.302684576752964,medium,susceptible,0,1,0.0,-1,-1,0,1,0,0,24.4,32.5,16.369463540618888,24.19938015735114,24.394898108018474,33.83784863137726,6,16,1.302,1.303,60,0.354,102,58,0.354,323,102,58,0.0,1,1,0
34,23,118,4,1.302684576752964,medium,susceptible,0,1,0.0,-1,-1,0,1,0,0,24.4,32.5,16.369463540618888,24.19938015735114,24.394898108018474,33.83784863137726,6,16,1.302,1.303,60,0.354,102,58,0.354,323,102,58,0.0,1,1,0
34,24,118,4,1.302684576752964,medium,susceptible,0,1,0.0,-1,-1,0,1,0,0,24.4,32.5,16.369463540618888,24.19938015735114,24.394898108018474,33.83784863137726,6,16,1.302,1.303,60,0.354,102,58,0.354,323,102,58,0.0,1,1,0
34,25,118,4,1.302684576752964,medium,susceptible,0,1,0.0,-1,-1,0,1,0,0,24.4,32.5,16.369463540618888,24.19938015735114,24.394898108018474,33.83784863137726,6,16,1.302,1.303,60,0.354,102,58,0.354,323,102,58,0.0,1,1,0
34,26,118,4,1.302684576752964,medium,susceptible,0,1,0.0,-1,-1,0,1,0,0,24.4,32.5,16.369463540618888,24.19938015735114,24.394898108018474,33.83784863137726,6,16,1.302,1.303,60,0.354,102,58,0.354,323,102,58,0.0,1,1,0
34,27,118,4,1.302684576752964,medium,susceptible,0,1,0.0,-1,-1,0,1,0,0,24.4,32.5,16.369463540618888,24.19938015735114,24.394898108018474,33.83784863137726,6,16,1.302,1.303,60,0.354,102,58,0.354,323,102,58,0.0,1,1,0
34,28,118,4,1.302684576752964,medium,susceptible,0,1,0.0,-1,-1,0,1,0,0,24.4,32.5,16.369463540618888,24.19938015735114,24.394898108018474,33.83784863137726,6,16,1.302,1.303,60,0.354,102,58,0.354,323,102,58,0.0,1,1,0
34,29,118,4,1.302684576752964,medium,susceptible,0,1,0.0,-1,-1,0,1,0,0,24.4,32.5,16.369463540618888,24.19938015735114,24.394898108018474,33.83784863137726,6,16,1.302,1.303,60,0.354,102,58,0.354,323,102,58,0.0,1,1,0
34,30,118,4,1.302684576752964,medium,susceptible,0,1,0.0,-1,-1,0,1,0,0,24.4,32.5,16.369463540618888,24.19938015735114,24.394898108018474,33.83784863137726,6,16,1.302,1.303,60,0.354,102,58,0.354,323,102,58,0.0,1,1,0
34,31,118,4,1.302684576752964,medium,susceptible,0,1,0.0,-1,-1,0,1,0,0,24.4,32.5,16.369463540618888,24.19938015735114,24.394898108018474,33.83784863137726,6,16,1.302,1.303,60,0.354,102,58,0.354,323,102,58,0.0,1,1,0
34,32,118,4,1.302684576752964,medium,susceptible,0,1,0.0,-1,-1,0,1,0,0,24.4,32.5,16.369463540618888,24.19938015735114,24.394898108018474,33.83784863137726,6,16,1.302,1.303,60,0.354,102,58,0.354,323,102,58,0.0,1,1,0
34,33,118,4,1.302684576752964,medium,susceptible,0,1,0.0,-1,-1,0,1,0,0,24.4,32.5,16.369463540618888,24.19938015735114,24.394898108018474,33.83784863137726,6,16,1.302,1.303,60,0.354,102,58,0.354,323,102,58,0.0,1,1,0
34,34,118,4,1.302684576752964,medium,susceptible,0,1,0.0,-1,-1,0,1,0,0,24.4,32.5,16.369463540618888,24.19938015735114,24.394898108018474,33.83784863137726,6,16,1.302,1.303,60,0.354,102,58,0.354,323,102,58,0.0,1,1,0
34,35,118,4,1.302684576752964,medium,susceptible,0,1,0.0,-1,-1,0,1,0,0,24.4,32.5,16.369463540618888,24.19938015735114,24.394898108018474,33.83784863137726,6,16,1.302,1.303,60,0.354,102,58,0.354,323,102,58,0.0,1,1,0
34,36,118,4,1.302684576752964,medium,susceptible,0,1,0.0,-1,-1,0,1,0,0,24.4,32.5,16.369463540618888,24.19938015735114,24.394898108018474,33.83784863137726,6,16,1.302,1.303,60,0.354,102,58,0.354,323,102,58,0.0,1,1,0
34,37,118,4,1.302684576752964,medium,susceptible,0,1,0.0,-1,-1,0,1,0,0,24.4,32.5,16.369463540618888,24.19938015735114,24.394898108018474,33.83784863137726,6,16,1.302,1.303,60,0.354,102,58,0.354,323,102,58,0.0,1,1,0
34,38,118,4,1.302684576752964,medium,susceptible,0,1,0.0,-1,-1,0,1,0,0,24.4,32.5,16.369463540618888,24.19938015735114,24.394898108018474,33.83784863137726,6,16,1.302,1.303,60,0.354,102,58,0.354,323,102,58,0.0,1,1,0
34,39,118,4,1.302684576752964,medium,susceptible,0,1,0.0,-1,-1,0,1,0,0,24.4,32.5,16.369463540618888,24.19938015735114,24.394898108018474,33.83784863137726,6,16,1.302,1.303,60,0.354,102,58,0.354,323,102,58,0.0,1,1,0
35,0,116,9,1.3023052803002328,medium,susceptible,0,1,0.0,-1,-1,0,1,0,0,25.9,29.0,16.32851902443089,25.888414397177748,24.29494940184436,44.294469180700204,6,16,1.302,1.303,60,0.354,102,58,0.354,323,102,58,0.0,1,1,0
35,1,116,9,1.3023052803002328,medium,susceptible,0,1,0.0,-1,-1,0,1,0,0,25.9,29.0,16.32851902443089,25.888414397177748,24.29494940184436,44.294469180700204,6,16,1.302,1.303,60,0.354,102,58,0.354,323,102,58,0.0,1,1,0
35,2,116,9,1.3023052803002328,medium,susceptible,0,1,0.0,-1,-1,0,1,0,0,25.9,29.0,16.32851902443089,25.888414397177748,24.29494940184436,44.294469180700204,6,16,1.302,1.303,60,0.354,102,58,0.354,323,102,58,0.0,1,1,0
35,3,116,9,1.3023052803002328,medium,susceptible,0,1,0.0,-1,-1,0,1,0,0,25.9,29.0,16.32851902443089,25.888414397177748,24.29494940184436,44.294469180700204,6,16,1.302,1.303,60,0.354,102,58,0.354,323,102,58,0.0,1,1,0
35,4,116,9,1.3023052803002328,medium,susceptible,0,1,0.0,-1,-1,0,1,0,0,25.9,29.0,16.32851902443089,25.888414397177748,24.29494940184436,44.294469180700204,6,16,1.302,1.303,60,0.354,102,58,0.354,323,102,58,0.0,1,1,0
35,5,116,9,1.3023052803002328,medium,susceptible,0,1,0.0,-1,-1,0,1,0,0,25.9,29.0,16.32851902443089,25.888414397177748,24.29494940184436,44.294469180700204,6,16,1.302,1.303,60,0.354,102,58,0.354,323,102,58,0.0,1,1,0
35,6,116,9,1.3023052803002328,medium,susceptible,0,1,0.0,-1,-1,0,1,0,0,25.9,29.0,16.32851902443089,25.888414397177748,24.29494940184436,44.294469180700204,6,16,1.302,1.303,60,0.354,102,58,0.354,323,102,58,0.0,1,1,0
35,7,116,9,1.3023052803002328,medium,susceptible,0,1,0.0,-1,-1,0,1,0,0,25.9,29.0,16.32851902443089,25.888414397177748,24.29494940184436,44.294469180700204,6,16,1.302,1.303,60,0.354,102,58,0.354,323,102,58,0.0,1,1,0
35,8,116,9,1.3023052803002328,medium,susceptible,0,1,0.0,-1,-1,0,1,0,0,25.9,29.0,16.32851902443089,25.888414397177748,24.29494940184436,44.294469180700204,6,16,1.302,1.303,60,0.354,102,58,0.354,323,102,58,0.0,1,1,0
35,9,116,9,1.3023052803002328,medium,susceptible,0,1,0.0,-1,-1,0,1,0,0,25.9,29.0,16.32851902443089,25.888414397177748,24.29494940184436,44.294469180700204,6,16,1.302,1.303,60,0.354,102,58,0.354,323,102,58,0.0,1,1,0
35,10,116,9,1.3023052803002328,medium,susceptible,0,1,0.0,-1,-1,0,1,0,0,25.9,29.0,16.32851902443089,25.888414397177748,24.29494940184436,44.294469180700204,6,16,1.302,1.303,60,0.354,102,58,0.354,323,102,58,0.0,1,1,0
35,11,116,9,1.3023052803002328,medium,susceptible,0,1,0.0,-1,-1,0,1,0,0,25.9,29.0,16.32851902443089,25.888414397177748,24.29494940184436,44.294469180700204,6,16,1.302,1.303,60,0.354,102,58,0.354,323,102,58,0.0,1,1,0
35,12,116,9,1.3023052803002328,medium,susceptible,0,1,0.0,-1,-1,0,1,0,0,25.9,29.0,16.32851902443089,25.888414397177748,24.29494940184436,44.294469180700204,6,16,1.302,1.303,60,0.354,102,58,0.354,323,102,58,0.0,1,1,0
35,13,116,9,1.3023052803002328,medium,susceptible,0,1,0.0,-1,-1,0,1,0,0,25.9,29.0,16.32851902443089,25.888414397177748,24.29494940184436,44.294469180700204,6,16,1.302,1.303,60,0.354,102,58,0.354,323,102,58,0.0,1,1,0
35,14,116,9,1.3023052803002328,medium,susceptible,0,1,0.0,-1,-1,0,1,0,0,25.9,29.0,16.32851902443089,25.888414397177748,24.29494940184436,44.294469180700204,6,16,1.302,1.303,60,0.354,102,58,0.354,323,102,58,0.0,1,1,0
35,15,116,9,1.3023052803002328,medium,susceptible,0,1,0.0,-1,-1,0,1,0,0,25.9,29.0,16.32851902443089,25.888414397177748,24.29494940184436,44.294469180700204,6,16,1.302,1.303,60,0.354,102,58,0.354,323,102,58,0.0,1,1,0
35,16,116,9,1.3023052803002328,medium,susceptible,0,1,0.0,-1,-1,0,1,0,0,25.9,29.0,16.32851902443089,25.888414397177748,24.29494940184436,44.294469180700204,6,16,1.302,1.303,60,0.354,102,58,0.354,323,102,58,0.0,1,1,0
35,17,116,9,1.3023052803002328,medium,susceptible,0,1,0.0,-1,-1,0,1,0,0,25.9,29.0,16.32851902443089,25.888414397177748,24.29494940184436,44.294469180700204,6,16,1.302,1.303,60,0.354,102,58,0.354,323,102,58,0.0,1,1,0
35,18,116,9,1.3023052803002328,medium,susceptible,0,1,0.0,-1,-1,0,1,0,0,25.9,29.0,16.32851902443089,25.888414397177748,24.29494940184436,44.294469180700204,6,16,1.302,1.303,60,0.354,102,58,0.354,323,102,58,0.0,1,1,0
35,19,116,9,1.3023052803002328,medium,susceptible,0,1,0.0,-1,-1,0,1,0,0,25.9,29.0,16.32851902443089,25.888414397177748,24.29494940184436,44.294469180700204,6,16,1.302,1.303,60,0.354,102,58,0.354,323,102,58,0.0,1,1,0
35,20,116,9,1.3023052803002328,medium,susceptible,0,1,0.0,-1,-1,0,1,0,0,25.9,29.0,16.32851902443089,25.888414397177748,24.29494940184436,44.294469180700204,6,16,1.302,1.303,60,0.354,102,58,0.354,323,102,58,0.0,1,1,0
35,21,116,9,1.3023052803002328,medium,susceptible,0,1,0.0,-1,-1,0,1,0,0,25.9,29.0,16.32851902443089,25.888414397177748,24.29494940184436,44.294469180700204,6,16,1.302,1.303,60,0.354,102,58,0.354,323,102,58,0.0,1,1,0
35,22,116,9,1.3023052803002328,medium,susceptible,0,1,0.0,-1,-1,0,1,0,0,25.9,29.0,16.32851902443089,25.888414397177748,24.29494940184436,44.294469180700204,6,16,1.302,1.303,60,0.354,102,58,0.354,323,102,58,0.0,1,1,0
35,23,116,9,1.3023052803002328,medium,susceptible,0,1,0.0,-1,-1,0,1,0,0,25.9,29.0,16.32851902443089,25.888414397177748,24.29494940184436,44.294469180700204,6,16,1.302,1.303,60,0.354,102,58,0.354,323,102,58,0.0,1,1,0
35,24,116,9,1.3023052803002328,medium,susceptible,0,1,0.0,-1,-1,0,1,0,0,25.9,29.0,16.32851902443089,25.888414397177748,24.29494940184436,44.294469180700204,6,16,1.302,1.303,60,0.354,102,58,0.354,323,102,58,0.0,1,1,0
35,25,116,9,1.3023052803002328,medium,susceptible,0,1,0.0,-1,-1,0,1,0,0,25.9,29.0,16.32851902443089,25.888414397177748,24.29494940184436,44.294469180700204,6,16,1.302,1.303,60,0.354,102,58,0.354,323,102,58,0.0,1,1,0
35,26,116,9,1.3023052803002328,medium,susceptible,0,1,0.0,-1,-1,0,1,0,0,25.9,29.0,16.32851902443089,25.888414397177748,24.29494940184436,44.294469180700204,6,16,1.302,1.303,60,0.354,102,58,0.354,323,102,58,0.0,1,1,0
35,27,116,9,1.3023052803002328,medium,susceptible,0,1,0.0,-1,-1,0,1,0,0,25.9,29.0,16.32851902443089,25.888414397177748,24.29494940184436,44.294469180700204,6,16,1.302,1.303,60,0.354,102,58,0.354,323,102,58,0.0,1,1,0
35,28,116,9,1.3023052803002328,medium,susceptible,0,1,0.0,-1,-1,0,1,0,0,25.9,29.0,16.32851902443089,25.888414397177748,24.29494940184436,44.294469180700204,6,16,1.302,1.303,60,0.354,102,58,0.354,323,102,58,0.0,1,1,0
35,29,116,9,1.3023052803002328,medium,susceptible,0,1,0.0,-1,-1,0,1,0,0,25.9,29.0,16.32851902443089,25.888414397177748,24.29494940184436,44.294469180700204,6,16,1.302,1.303,60,0.354,102,58,0.354,323,102,58,0.0,1,1,0
35,30,116,9,1.3023052803002328,medium,susceptible,0,1,0.0,-1,-1,0,1,0,0,25.9,29.0,16.32851902443089,25.888414397177748,24.29494940184436,44.294469180700204,6,16,1.302,1.303,60,0.354,102,58,0.354,323,102,58,0.0,1,1,0
35,31,116,9,1.3023052803002328,medium,susceptible,0,1,0.0,-1,-1,0,1,0,0,25.9,29.0,16.32851902443089,25.888414397177748,24.29494940184436,44.294469180700204,6,16,1.302,1.303,60,0.354,102,58,0.354,323,102,58,0.0,1,1,0
35,32,116,9,1.3023052803002328,medium,susceptible,0,1,0.0,-1,-1,0,1,0,0,25.9,29.0,16.32851902443089,25.888414397177748,24.29494940184436,44.294469180700204,6,16,1.302,1.303,60,0.354,102,58,0.354,323,102,58,0.0,1,1,0
35,33,116,9,1.3023052803002328,medium,susceptible,0,1,0.0,-1,-1,0,1,0,0,25.9,29.0,16.32851902443089,25.888414397177748,24.29494940184436,44.294469180700204,6,16,1.302,1.303,60,0.354,102,58,0.354,323,102,58,0.0,1,1,0
35,34,116,9,1.3023052803002328,medium,susceptible,0,1,0.0,-1,-1,0,1,0,0,25.9,29.0,16.32851902443089,25.888414397177748,24.29494940184436,44.294469180700204,6,16,1.302,1.303,60,0.354,102,58,0.354,323,102,58,0.0,1,1,0
35,35,116,9,1.3023052803002328,medium,susceptible,0,1,0.0,-1,-1,0,1,0,0,25.9,29.0,16.32851902443089,25.888414397177748,24.29494940184436,44.294469180700204,6,16,1.302,1.303,60,0.354,102,58,0.354,323,102,58,0.0,1,1,0
35,36,116,9,1.3023052803002328,medium,susceptible,0,1,0.0,-1,-1,0,1,0,0,25.9,29.0,16.32851902443089,25.888414397177748,24.29494940184436,44.294469180700204,6,16,1.302,1.303,60,0.354,102,58,0.354,323,102,58,0.0,1,1,0
35,37,116,9,1.3023052803002328,medium,susceptible,0,1,0.0,-1,-1,0,1,0,0,25.9,29.0,16.32851902443089,25.888414397177748,24.29494940184436,44.294469180700204,6,16,1.302,1.303,60,0.354,102,58,0.354,323,102,58,0.0,1,1,0
35,38,116,9,1.3023052803002328,medium,susceptible,0,1,0.0,-1,-1,0,1,0,0,25.9,29.0,16.32851902443089,25.888414397177748,24.29494940184436,44.294469180700204,6,16,1.302,1.303,60,0.354,102,58,0.354,323,102,58,0.0,1,1,0
35,39,116,9,1.3023052803002328,medium,susceptible,0,1,0.0,-1,-1,0,1,0,0,25.9,29.0,16.32851902443089,25.888414397177748,24.29494940184436,44.294469180700204,6,16,1.302,1.303,60,0.354,102,58,0.354,323,102,58,0.0,1,1,0
36,0,153,2,1.3021835003312232,medium,susceptible,0,1,0.0,-1,-1,0,1,0,0,19.1,21.5,18.792152631463303,32.33357388226671,29.24880352615969,44.10215414239989,6,16,1.302,1.303,60,0.354,102,58,0.354,323,102,58,0.0,1,1,0
36,1,153,2,1.3021835003312232,medium,susceptible,0,1,0.0,-1,-1,0,1,0,0,19.1,21.5,18.792152631463303,32.33357388226671,29.24880352615969,44.10215414239989,6,16,1.302,1.303,60,0.354,102,58,0.354,323,102,58,0.0,1,1,0
36,2,153,2,1.3021835003312232,medium,susceptible,0,1,0.0,-1,-1,0,1,0,0,19.1,21.5,18.792152631463303,32.33357388226671,29.24880352615969,44.10215414239989,6,16,1.302,1.303,60,0.354,102,58,0.354,323,102,58,0.0,1,1,0
36,3,153,2,1.3021835003312232,medium,susceptible,0,1,0.0,-1,-1,0,1,0,0,19.1,21.5,18.792152631463303,32.33357388226671,29.24880352615969,44.10215414239989,6,16,1.302,1.303,60,0.354,102,58,0.354,323,102,58,0.0,1,1,0
36,4,153,2,1.3021835003312232,medium,susceptible,0,1,0.0,-1,-1,0,1,0,0,19.1,21.5,18.792152631463303,32.33357388226671,29.24880352615969,44.10215414239989,6,16,1.302,1.303,60,0.354,102,58,0.354,323,102,58,0.0,1,1,0
