agent_id,day,home_id,phase,susceptibility,immunity_strength,state,state_code,is_mobile,viral_load,infection_day,days_since_infection,immunity_is_strong,immunity_is_medium,immunity_is_low,immunity_is_compromised,route_centroid_x,route_centroid_y,route_radius_mean,route_radius_max,route_step_distance_mean,route_step_distance_max,case_index,seed,susceptibility_min,susceptibility_max,sim_days,baseline_final_attack_rate,baseline_peak_infected,baseline_peak_day,intervention_final_attack_rate,intervention_final_susceptible,intervention_peak_infected,intervention_peak_day,attack_rate_reduction,baseline_is_outbreak,intervention_is_outbreak,prevented_outbreak
69,4,114,2,1.3024381854363392,medium,infected,1,1,37.988,0,4,0,1,0,0,20.5,21.8,17.189924825197444,24.675696545386515,24.245667208392316,35.77708763999664,1,0,1.302,1.303,60,0.58,142,48,0.002,499,1,0,0.578,1,0,1
44,21,66,6,1.3022849628330293,medium,susceptible,0,1,0.0,-1,-1,0,1,0,0,26.3,28.6,17.99645306561807,32.68103425535979,30.061312809001794,50.44799302251776,1,0,1.302,1.303,60,0.58,142,48,0.552,224,141,50,0.027999999999999914,1,1,0
44,25,66,6,1.3022849628330293,medium,infected,1,1,35.696,21,4,0,1,0,0,26.3,28.6,17.99645306561807,32.68103425535979,30.061312809001794,50.44799302251776,1,0,1.302,1.303,60,0.58,142,48,0.556,222,139,48,0.02399999999999991,1,1,0
6,39,124,8,1.3026117708643248,medium,susceptible,0,1,0.0,-1,-1,0,1,0,0,21.0,26.8,22.81778350833667,28.454173683310504,38.79592333054963,52.392747589718944,1,0,1.302,1.303,60,0.58,142,48,0.564,218,135,48,0.016000000000000014,1,1,0
57,34,85,3,1.3029444140087685,medium,susceptible,0,1,0.0,-1,-1,0,1,0,0,24.3,24.4,19.871545323035225,28.591082525850606,30.044173931619827,42.44997055358225,1,0,1.302,1.303,60,0.58,142,48,0.57,215,141,54,0.010000000000000009,1,1,0
57,39,85,3,1.3029444140087685,medium,infected,1,1,39.687,34,5,0,1,0,0,24.3,24.4,19.871545323035225,28.591082525850606,30.044173931619827,42.44997055358225,1,0,1.302,1.303,60,0.58,142,48,0.57,215,140,54,0.010000000000000009,1,1,0
2,26,107,3,1.3028744832594459,medium,susceptible,0,1,0.0,-1,-1,0,1,0,0,17.2,22.4,19.896604580991884,35.827363843855444,28.402629630897138,43.657759905886145,1,0,1.302,1.303,60,0.58,142,48,0.574,213,145,54,0.006000000000000005,1,1,0
15,21,72,1,1.302795657155682,medium,susceptible,0,1,0.0,-1,-1,0,1,0,0,25.8,24.3,16.693111718068607,24.069275020241054,25.616915225507718,44.14748010928823,1,0,1.302,1.303,60,0.58,142,48,0.574,213,142,54,0.006000000000000005,1,1,0
36,16,80,8,1.3023449285102793,medium,susceptible,0,1,0.0,-1,-1,0,1,0,0,22.7,27.2,16.65836440931439,30.576625059021804,24.901888639841616,42.80186911806539,1,0,1.302,1.303,60,0.58,142,48,0.574,213,143,54,0.006000000000000005,1,1,0
36,21,80,8,1.3023449285102793,medium,infected,1,1,39.722,16,5,0,1,0,0,22.7,27.2,16.65836440931439,30.576625059021804,24.901888639841616,42.80186911806539,1,0,1.302,1.303,60,0.58,142,48,0.574,213,142,54,0.006000000000000005,1,1,0
44,26,66,6,1.3022849628330293,medium,infected,1,1,39.764,21,5,0,1,0,0,26.3,28.6,17.99645306561807,32.68103425535979,30.061312809001794,50.44799302251776,1,0,1.302,1.303,60,0.58,142,48,0.574,213,145,54,0.006000000000000005,1,1,0
2,30,107,3,1.3028744832594459,medium,infected,1,1,37.988,26,4,0,1,0,0,17.2,22.4,19.896604580991884,35.827363843855444,28.402629630897138,43.657759905886145,1,0,1.302,1.303,60,0.58,142,48,0.576,212,142,48,0.0040000000000000036,1,1,0
2,31,107,3,1.3028744832594459,medium,infected,1,1,39.532,26,5,0,1,0,0,17.2,22.4,19.896604580991884,35.827363843855444,28.402629630897138,43.657759905886145,1,0,1.302,1.303,60,0.58,142,48,0.576,212,143,54,0.0040000000000000036,1,1,0
16,36,35,9,1.3028301737658603,medium,susceptible,0,1,0.0,-1,-1,0,1,0,0,29.8,25.0,20.568237413432577,33.103474137920934,30.487796584479803,45.5411901469428,1,0,1.302,1.303,60,0.58,142,48,0.576,212,142,54,0.0040000000000000036,1,1,0
41,38,122,3,1.3027625973189567,medium,susceptible,0,1,0.0,-1,-1,0,1,0,0,28.0,20.4,18.670444424342726,29.670861126701396,23.082212293435408,43.41658669218482,1,0,1.302,1.303,60,0.58,142,48,0.576,212,141,54,0.0040000000000000036,1,1,0
15,25,72,1,1.302795657155682,medium,infected,1,1,36.797,21,4,0,1,0,0,25.8,24.3,16.693111718068607,24.069275020241054,25.616915225507718,44.14748010928823,1,0,1.302,1.303,60,0.58,142,48,0.578,211,142,48,0.0020000000000000018,1,1,0
15,26,72,1,1.302795657155682,medium,infected,1,1,39.756,21,5,0,1,0,0,25.8,24.3,16.693111718068607,24.069275020241054,25.616915225507718,44.14748010928823,1,0,1.302,1.303,60,0.58,142,48,0.578,211,142,54,0.0020000000000000018,1,1,0
22,13,180,3,1.3027516139341357,strong,susceptible,0,1,0.0,-1,-1,1,0,0,0,23.0,25.5,16.222869399876313,27.5,24.18187693023429,40.70626487409524,1,0,1.302,1.303,60,0.58,142,48,0.578,211,142,48,0.0020000000000000018,1,1,0
26,31,25,5,1.3021928482378982,medium,susceptible,0,1,0.0,-1,-1,0,1,0,0,18.5,18.1,13.161504478833915,23.49170066214875,21.94148512636112,29.732137494637012,1,0,1.302,1.303,60,0.58,142,48,0.578,211,143,54,0.0020000000000000018,1,1,0
33,20,25,2,1.3026289893574898,low,susceptible,0,1,0.0,-1,-1,0,0,1,0,27.3,24.9,17.742557386832964,27.51908428709066,23.62089340954373,38.600518131237564,1,0,1.302,1.303,60,0.58,142,48,0.578,211,143,48,0.0020000000000000018,1,1,0
33,23,25,2,1.3026289893574898,low,infected,1,1,45.77,20,3,0,0,1,0,27.3,24.9,17.742557386832964,27.51908428709066,23.62089340954373,38.600518131237564,1,0,1.302,1.303,60,0.58,142,48,0.578,211,142,48,0.0020000000000000018,1,1,0
33,31,25,2,1.3026289893574898,low,infected,1,1,44.51,20,11,0,0,1,0,27.3,24.9,17.742557386832964,27.51908428709066,23.62089340954373,38.600518131237564,1,0,1.302,1.303,60,0.58,142,48,0.578,211,143,54,0.0020000000000000018,1,1,0
37,20,156,9,1.3027590860206033,medium,susceptible,0,1,0.0,-1,-1,0,1,0,0,16.9,22.8,18.39820297101402,36.003472054789384,22.15428095736944,53.75872022286245,1,0,1.302,1.303,60,0.58,142,48,0.578,211,143,48,0.0020000000000000018,1,1,0
37,24,156,9,1.3027590860206033,medium,infected,1,1,37.72,20,4,0,1,0,0,16.9,22.8,18.39820297101402,36.003472054789384,22.15428095736944,53.75872022286245,1,0,1.302,1.303,60,0.58,142,48,0.578,211,142,48,0.0020000000000000018,1,1,0
38,39,163,6,1.302168314760311,strong,susceptible,0,1,0.0,-1,-1,1,0,0,0,31.1,20.7,21.24442841843466,29.88143236192,26.510602732208476,50.53711507397311,1,0,1.302,1.303,60,0.58,142,48,0.578,211,142,54,0.0020000000000000018,1,1,0
65,30,56,3,1.3022074638989902,strong,susceptible,0,1,0.0,-1,-1,1,0,0,0,26.9,29.4,17.05981117011491,25.845115592699525,24.930121376223983,43.174066289845804,1,0,1.302,1.303,60,0.58,142,48,0.578,211,142,48,0.0020000000000000018,1,1,0
0,0,98,7,1.3026769209668165,strong,susceptible,0,1,0.0,-1,-1,1,0,0,0,19.3,22.2,16.76344868304421,23.713498265755728,29.040359168796765,38.28837943815329,1,0,1.302,1.303,60,0.58,142,48,0.58,210,142,48,0.0,1,1,0
0,1,98,7,1.3026769209668165,strong,susceptible,0,1,0.0,-1,-1,1,0,0,0,19.3,22.2,16.76344868304421,23.713498265755728,29.040359168796765,38.28837943815329,1,0,1.302,1.303,60,0.58,142,48,0.58,210,142,48,0.0,1,1,0
0,2,98,7,1.3026769209668165,strong,susceptible,0,1,0.0,-1,-1,1,0,0,0,19.3,22.2,16.76344868304421,23.713498265755728,29.040359168796765,38.28837943815329,1,0,1.302,1.303,60,0.58,142,48,0.58,210,142,48,0.0,1,1,0
0,3,98,7,1.3026769209668165,strong,susceptible,0,1,0.0,-1,-1,1,0,0,0,19.3,22.2,16.76344868304421,23.713498265755728,29.040359168796765,38.28837943815329,1,0,1.302,1.303,60,0.58,142,48,0.58,210,142,48,0.0,1,1,0
0,4,98,7,1.3026769209668165,strong,susceptible,0,1,0.0,-1,-1,1,0,0,0,19.3,22.2,16.76344868304421,23.713498265755728,29.040359168796765,38.28837943815329,1,0,1.302,1.303,60,0.58,142,48,0.58,210,142,48,0.0,1,1,0
0,5,98,7,1.3026769209668165,strong,susceptible,0,1,0.0,-1,-1,1,0,0,0,19.3,22.2,16.76344868304421,23.713498265755728,29.040359168796765,38.28837943815329,1,0,1.302,1.303,60,0.58,142,48,0.58,210,142,48,0.0,1,1,0
0,6,98,7,1.3026769209668165,strong,susceptible,0,1,0.0,-1,-1,1,0,0,0,19.3,22.2,16.76344868304421,23.713498265755728,29.040359168796765,38.28837943815329,1,0,1.302,1.303,60,0.58,142,48,0.58,210,142,48,0.0,1,1,0
0,7,98,7,1.3026769209668165,strong,susceptible,0,1,0.0,-1,-1,1,0,0,0,19.3,22.2,16.76344868304421,23.713498265755728,29.040359168796765,38.28837943815329,1,0,1.302,1.303,60,0.58,142,48,0.58,210,142,48,0.0,1,1,0
0,8,98,7,1.3026769209668165,strong,susceptible,0,1,0.0,-1,-1,1,0,0,0,19.3,22.2,16.76344868304421,23.713498265755728,29.040359168796765,38.28837943815329,1,0,1.302,1.303,60,0.58,142,48,0.58,210,142,48,0.0,1,1,0
0,9,98,7,1.3026769209668165,strong,susceptible,0,1,0.0,-1,-1,1,0,0,0,19.3,22.2,16.76344868304421,23.713498265755728,29.040359168796765,38.28837943815329,1,0,1.302,1.303,60,0.58,142,48,0.58,210,142,48,0.0,1,1,0
0,10,98,7,1.3026769209668165,strong,susceptible,0,1,0.0,-1,-1,1,0,0,0,19.3,22.2,16.76344868304421,23.713498265755728,29.040359168796765,38.28837943815329,1,0,1.302,1.303,60,0.58,142,48,0.58,210,142,48,0.0,1,1,0
0,11,98,7,1.3026769209668165,strong,susceptible,0,1,0.0,-1,-1,1,0,0,0,19.3,22.2,16.76344868304421,23.713498265755728,29.040359168796765,38.28837943815329,1,0,1.302,1.303,60,0.58,142,48,0.58,210,142,48,0.0,1,1,0
0,12,98,7,1.3026769209668165,strong,susceptible,0,1,0.0,-1,-1,1,0,0,0,19.3,22.2,16.76344868304421,23.713498265755728,29.040359168796765,38.28837943815329,1,0,1.302,1.303,60,0.58,142,48,0.58,210,142,48,0.0,1,1,0
0,13,98,7,1.3026769209668165,strong,susceptible,0,1,0.0,-1,-1,1,0,0,0,19.3,22.2,16.76344868304421,23.713498265755728,29.040359168796765,38.28837943815329,1,0,1.302,1.303,60,0.58,142,48,0.58,210,142,48,0.0,1,1,0
0,14,98,7,1.3026769209668165,strong,susceptible,0,1,0.0,-1,-1,1,0,0,0,19.3,22.2,16.76344868304421,23.713498265755728,29.040359168796765,38.28837943815329,1,0,1.302,1.303,60,0.58,142,48,0.58,210,142,48,0.0,1,1,0
0,15,98,7,1.3026769209668165,strong,susceptible,0,1,0.0,-1,-1,1,0,0,0,19.3,22.2,16.76344868304421,23.713498265755728,29.040359168796765,38.28837943815329,1,0,1.302,1.303,60,0.58,142,48,0.58,210,142,48,0.0,1,1,0
0,16,98,7,1.3026769209668165,strong,susceptible,0,1,0.0,-1,-1,1,0,0,0,19.3,22.2,16.76344868304421,23.713498265755728,29.040359168796765,38.28837943815329,1,0,1.302,1.303,60,0.58,142,48,0.58,210,142,48,0.0,1,1,0
0,17,98,7,1.3026769209668165,strong,susceptible,0,1,0.0,-1,-1,1,0,0,0,19.3,22.2,16.76344868304421,23.713498265755728,29.040359168796765,38.28837943815329,1,0,1.302,1.303,60,0.58,142,48,0.58,210,142,48,0.0,1,1,0
0,18,98,7,1.3026769209668165,strong,susceptible,0,1,0.0,-1,-1,1,0,0,0,19.3,22.2,16.76344868304421,23.713498265755728,29.040359168796765,38.28837943815329,1,0,1.302,1.303,60,0.58,142,48,0.58,210,142,48,0.0,1,1,0
0,19,98,7,1.3026769209668165,strong,susceptible,0,1,0.0,-1,-1,1,0,0,0,19.3,22.2,16.76344868304421,23.713498265755728,29.040359168796765,38.28837943815329,1,0,1.302,1.303,60,0.58,142,48,0.58,210,142,48,0.0,1,1,0
0,20,98,7,1.3026769209668165,strong,susceptible,0,1,0.0,-1,-1,1,0,0,0,19.3,22.2,16.76344868304421,23.713498265755728,29.040359168796765,38.28837943815329,1,0,1.302,1.303,60,0.58,142,48,0.58,210,142,48,0.0,1,1,0
0,21,98,7,1.3026769209668165,strong,susceptible,0,1,0.0,-1,-1,1,0,0,0,19.3,22.2,16.76344868304421,23.713498265755728,29.040359168796765,38.28837943815329,1,0,1.302,1.303,60,0.58,142,48,0.58,210,142,48,0.0,1,1,0
0,22,98,7,1.3026769209668165,strong,susceptible,0,1,0.0,-1,-1,1,0,0,0,19.3,22.2,16.76344868304421,23.713498265755728,29.040359168796765,38.28837943815329,1,0,1.302,1.303,60,0.58,142,48,0.58,210,142,48,0.0,1,1,0
0,23,98,7,1.3026769209668165,strong,susceptible,0,1,0.0,-1,-1,1,0,0,0,19.3,22.2,16.76344868304421,23.713498265755728,29.040359168796765,38.28837943815329,1,0,1.302,1.303,60,0.58,142,48,0.58,210,142,48,0.0,1,1,0
0,24,98,7,1.3026769209668165,strong,susceptible,0,1,0.0,-1,-1,1,0,0,0,19.3,22.2,16.76344868304421,23.713498265755728,29.040359168796765,38.28837943815329,1,0,1.302,1.303,60,0.58,142,48,0.58,210,142,48,0.0,1,1,0
0,25,98,7,1.3026769209668165,strong,susceptible,0,1,0.0,-1,-1,1,0,0,0,19.3,22.2,16.76344868304421,23.713498265755728,29.040359168796765,38.28837943815329,1,0,1.302,1.303,60,0.58,142,48,0.58,210,142,48,0.0,1,1,0
0,26,98,7,1.3026769209668165,strong,susceptible,0,1,0.0,-1,-1,1,0,0,0,19.3,22.2,16.76344868304421,23.713498265755728,29.040359168796765,38.28837943815329,1,0,1.302,1.303,60,0.58,142,48,0.58,210,142,48,0.0,1,1,0
0,27,98,7,1.3026769209668165,strong,susceptible,0,1,0.0,-1,-1,1,0,0,0,19.3,22.2,16.76344868304421,23.713498265755728,29.040359168796765,38.28837943815329,1,0,1.302,1.303,60,0.58,142,48,0.58,210,142,48,0.0,1,1,0
0,28,98,7,1.3026769209668165,strong,susceptible,0,1,0.0,-1,-1,1,0,0,0,19.3,22.2,16.76344868304421,23.713498265755728,29.040359168796765,38.28837943815329,1,0,1.302,1.303,60,0.58,142,48,0.58,210,142,48,0.0,1,1,0
0,29,98,7,1.3026769209668165,strong,susceptible,0,1,0.0,-1,-1,1,0,0,0,19.3,22.2,16.76344868304421,23.713498265755728,29.040359168796765,38.28837943815329,1,0,1.302,1.303,60,0.58,142,48,0.58,210,142,48,0.0,1,1,0
0,30,98,7,1.3026769209668165,strong,susceptible,0,1,0.0,-1,-1,1,0,0,0,19.3,22.2,16.76344868304421,23.713498265755728,29.040359168796765,38.28837943815329,1,0,1.302,1.303,60,0.58,142,48,0.58,210,142,48,0.0,1,1,0
0,31,98,7,1.3026769209668165,strong,susceptible,0,1,0.0,-1,-1,1,0,0,0,19.3,22.2,16.76344868304421,23.713498265755728,29.040359168796765,38.28837943815329,1,0,1.302,1.303,60,0.58,142,48,0.58,210,142,48,0.0,1,1,0
0,32,98,7,1.3026769209668165,strong,susceptible,0,1,0.0,-1,-1,1,0,0,0,19.3,22.2,16.76344868304421,23.713498265755728,29.040359168796765,38.28837943815329,1,0,1.302,1.303,60,0.58,142,48,0.58,210,142,48,0.0,1,1,0
0,33,98,7,1.3026769209668165,strong,susceptible,0,1,0.0,-1,-1,1,0,0,0,19.3,22.2,16.76344868304421,23.713498265755728,29.040359168796765,38.28837943815329,1,0,1.302,1.303,60,0.58,142,48,0.58,210,142,48,0.0,1,1,0
0,34,98,7,1.3026769209668165,strong,susceptible,0,1,0.0,-1,-1,1,0,0,0,19.3,22.2,16.76344868304421,23.713498265755728,29.040359168796765,38.28837943815329,1,0,1.302,1.303,60,0.58,142,48,0.58,210,142,48,0.0,1,1,0
0,35,98,7,1.3026769209668165,strong,susceptible,0,1,0.0,-1,-1,1,0,0,0,19.3,22.2,16.76344868304421,23.713498265755728,29.040359168796765,38.28837943815329,1,0,1.302,1.303,60,0.58,142,48,0.58,210,142,48,0.0,1,1,0
0,36,98,7,1.3026769209668165,strong,susceptible,0,1,0.0,-1,-1,1,0,0,0,19.3,22.2,16.76344868304421,23.713498265755728,29.040359168796765,38.28837943815329,1,0,1.302,1.303,60,0.58,142,48,0.58,210,142,48,0.0,1,1,0
0,37,98,7,1.3026769209668165,strong,susceptible,0,1,0.0,-1,-1,1,0,0,0,19.3,22.2,16.76344868304421,23.713498265755728,29.040359168796765,38.28837943815329,1,0,1.302,1.303,60,0.58,142,48,0.58,210,142,48,0.0,1,1,0
0,38,98,7,1.3026769209668165,strong,susceptible,0,1,0.0,-1,-1,1,0,0,0,19.3,22.2,16.76344868304421,23.713498265755728,29.040359168796765,38.28837943815329,1,0,1.302,1.303,60,0.58,142,48,0.58,210,142,48,0.0,1,1,0
0,39,98,7,1.3026769209668165,strong,susceptible,0,1,0.0,-1,-1,1,0,0,0,19.3,22.2,16.76344868304421,23.713498265755728,29.040359168796765,38.28837943815329,1,0,1.302,1.303,60,0.58,142,48,0.58,210,142,48,0.0,1,1,0
1,0,194,3,1.3026383635452383,medium,susceptible,0,1,0.0,-1,-1,0,1,0,0,26.5,29.3,17.350112917969017,27.769407627819504,28.973775732111893,51.97114584074513,1,0,1.302,1.303,60,0.58,142,48,0.58,210,142,48,0.0,1,1,0
1,1,194,3,1.3026383635452383,medium,susceptible,0,1,0.0,-1,-1,0,1,0,0,26.5,29.3,17.350112917969017,27.769407627819504,28.973775732111893,51.97114584074513,1,0,1.302,1.303,60,0.58,142,48,0.58,210,142,48,0.0,1,1,0
1,2,194,3,1.3026383635452383,medium,susceptible,0,1,0.0,-1,-1,0,1,0,0,26.5,29.3,17.350112917969017,27.769407627819504,28.973775732111893,51.97114584074513,1,0,1.302,1.303,60,0.58,142,48,0.58,210,142,48,0.0,1,1,0
1,3,194,3,1.3026383635452383,medium,susceptible,0,1,0.0,-1,-1,0,1,0,0,26.5,29.3,17.350112917969017,27.769407627819504,28.973775732111893,51.97114584074513,1,0,1.302,1.303,60,0.58,142,48,0.58,210,142,48,0.0,1,1,0
1,4,194,3,1.3026383635452383,medium,susceptible,0,1,0.0,-1,-1,0,1,0,0,26.5,29.3,17.350112917969017,27.769407627819504,28.973775732111893,51.97114584074513,1,0,1.302,1.303,60,0.58,142,48,0.58,210,142,48,0.0,1,1,0
1,5,194,3,1.3026383635452383,medium,susceptible,0,1,0.0,-1,-1,0,1,0,0,26.5,29.3,17.350112917969017,27.769407627819504,28.973775732111893,51.97114584074513,1,0,1.302,1.303,60,0.58,142,48,0.58,210,142,48,0.0,1,1,0
1,6,194,3,1.3026383635452383,medium,susceptible,0,1,0.0,-1,-1,0,1,0,0,26.5,29.3,17.350112917969017,27.769407627819504,28.973775732111893,51.97114584074513,1,0,1.302,1.303,60,0.58,142,48,0.58,210,142,48,0.0,1,1,0
1,7,194,3,1.3026383635452383,medium,susceptible,0,1,0.0,-1,-1,0,1,0,0,26.5,29.3,17.350112917969017,27.769407627819504,28.973775732111893,51.97114584074513,1,0,1.302,1.303,60,0.58,142,48,0.58,210,142,48,0.0,1,1,0
1,8,194,3,1.3026383635452383,medium,susceptible,0,1,0.0,-1,-1,0,1,0,0,26.5,29.3,17.350112917969017,27.769407627819504,28.973775732111893,51.97114584074513,1,0,1.302,1.303,60,0.58,142,48,0.58,210,142,48,0.0,1,1,0
1,9,194,3,1.3026383635452383,medium,susceptible,0,1,0.0,-1,-1,0,1,0,0,26.5,29.3,17.350112917969017,27.769407627819504,28.973775732111893,51.97114584074513,1,0,1.302,1.303,60,0.58,142,48,0.58,210,142,48,0.0,1,1,0
1,10,194,3,1.3026383635452383,medium,susceptible,0,1,0.0,-1,-1,0,1,0,0,26.5,29.3,17.350112917969017,27.769407627819504,28.973775732111893,51.97114584074513,1,0,1.302,1.303,60,0.58,142,48,0.58,210,142,48,0.0,1,1,0
1,11,194,3,1.3026383635452383,medium,susceptible,0,1,0.0,-1,-1,0,1,0,0,26.5,29.3,17.350112917969017,27.769407627819504,28.973775732111893,51.97114584074513,1,0,1.302,1.303,60,0.58,142,48,0.58,210,142,48,0.0,1,1,0
1,12,194,3,1.3026383635452383,medium,susceptible,0,1,0.0,-1,-1,0,1,0,0,26.5,29.3,17.350112917969017,27.769407627819504,28.973775732111893,51.97114584074513,1,0,1.302,1.303,60,0.58,142,48,0.58,210,142,48,0.0,1,1,0
1,13,194,3,1.3026383635452383,medium,susceptible,0,1,0.0,-1,-1,0,1,0,0,26.5,29.3,17.350112917969017,27.769407627819504,28.973775732111893,51.97114584074513,1,0,1.302,1.303,60,0.58,142,48,0.58,210,142,48,0.0,1,1,0
1,14,194,3,1.3026383635452383,medium,susceptible,0,1,0.0,-1,-1,0,1,0,0,26.5,29.3,17.350112917969017,27.769407627819504,28.973775732111893,51.97114584074513,1,0,1.302,1.303,60,0.58,142,48,0.58,210,142,48,0.0,1,1,0
1,15,194,3,1.3026383635452383,medium,susceptible,0,1,0.0,-1,-1,0,1,0,0,26.5,29.3,17.350112917969017,27.769407627819504,28.973775732111893,51.97114584074513,1,0,1.302,1.303,60,0.58,142,48,0.58,210,142,48,0.0,1,1,0
1,16,194,3,1.3026383635452383,medium,susceptible,0,1,0.0,-1,-1,0,1,0,0,26.5,29.3,17.350112917969017,27.769407627819504,28.973775732111893,51.97114584074513,1,0,1.302,1.303,60,0.58,142,48,0.58,210,142,48,0.0,1,1,0
1,17,194,3,1.3026383635452383,medium,susceptible,0,1,0.0,-1,-1,0,1,0,0,26.5,29.3,17.350112917969017,27.769407627819504,28.973775732111893,51.97114584074513,1,0,1.302,1.303,60,0.58,142,48,0.58,210,142,48,0.0,1,1,0
1,18,194,3,1.3026383635452383,medium,susceptible,0,1,0.0,-1,-1,0,1,0,0,26.5,29.3,17.350112917969017,27.769407627819504,28.973775732111893,51.97114584074513,1,0,1.302,1.303,60,0.58,142,48,0.58,210,142,48,0.0,1,1,0
1,19,194,3,1.3026383635452383,medium,susceptible,0,1,0.0,-1,-1,0,1,0,0,26.5,29.3,17.350112917969017,27.769407627819504,28.973775732111893,51.97114584074513,1,0,1.302,1.303,60,0.58,142,48,0.58,210,142,48,0.0,1,1,0
1,20,194,3,1.3026383635452383,medium,susceptible,0,1,0.0,-1,-1,0,1,0,0,26.5,29.3,17.350112917969017,27.769407627819504,28.973775732111893,51.97114584074513,1,0,1.302,1.303,60,0.58,142,48,0.58,210,142,48,0.0,1,1,0
1,21,194,3,1.3026383635452383,medium,susceptible,0,1,0.0,-1,-1,0,1,0,0,26.5,29.3,17.350112917969017,27.769407627819504,28.973775732111893,51.97114584074513,1,0,1.302,1.303,60,0.58,142,48,0.58,210,142,48,0.0,1,1,0
1,22,194,3,1.3026383635452383,medium,susceptible,0,1,0.0,-1,-1,0,1,0,0,26.5,29.3,17.350112917969017,27.769407627819504,28.973775732111893,51.97114584074513,1,0,1.302,1.303,60,0.58,142,48,0.58,210,142,48,0.0,1,1,0
1,23,194,3,1.3026383635452383,medium,susceptible,0,1,0.0,-1,-1,0,1,0,0,26.5,29.3,17.350112917969017,27.769407627819504,28.973775732111893,51.97114584074513,1,0,1.302,1.303,60,0.58,142,48,0.58,210,142,48,0.0,1,1,0
1,24,194,3,1.3026383635452383,medium,susceptible,0,1,0.0,-1,-1,0,1,0,0,26.5,29.3,17.350112917969017,27.769407627819504,28.973775732111893,51.97114584074513,1,0,1.302,1.303,60,0.58,142,48,0.58,210,142,48,0.0,1,1,0
1,25,194,3,1.3026383635452383,medium,susceptible,0,1,0.0,-1,-1,0,1,0,0,26.5,29.3,17.350112917969017,27.769407627819504,28.973775732111893,51.97114584074513,1,0,1.302,1.303,60,0.58,142,48,0.58,210,142,48,0.0,1,1,0
1,26,194,3,1.3026383635452383,medium,susceptible,0,1,0.0,-1,-1,0,1,0,0,26.5,29.3,17.350112917969017,27.769407627819504,28.973775732111893,51.97114584074513,1,0,1.302,1.303,60,0.58,142,48,0.58,210,142,48,0.0,1,1,0
1,27,194,3,1.3026383635452383,medium,susceptible,0,1,0.0,-1,-1,0,1,0,0,26.5,29.3,17.350112917969017,27.769407627819504,28.973775732111893,51.97114584074513,1,0,1.302,1.303,60,0.58,142,48,0.58,210,142,48,0.0,1,1,0
1,28,194,3,1.3026383635452383,medium,susceptible,0,1,0.0,-1,-1,0,1,0,0,26.5,29.3,17.350112917969017,27.769407627819504,28.973775732111893,51.97114584074513,1,0,1.302,1.303,60,0.58,142,48,0.58,210,142,48,0.0,1,1,0
1,29,194,3,1.3026383635452383,medium,susceptible,0,1,0.0,-1,-1,0,1,0,0,26.5,29.3,17.350112917969017,27.769407627819504,28.973775732111893,51.97114584074513,1,0,1.302,1.303,60,0.58,142,48,0.58,210,142,48,0.0,1,1,0
1,30,194,3,1.3026383635452383,medium,susceptible,0,1,0.0,-1,-1,0,1,0,0,26.5,29.3,17.350112917969017,27.769407627819504,28.973775732111893,51.97114584074513,1,0,1.302,1.303,60,0.58,142,48,0.58,210,142,48,0.0,1,1,0
1,31,194,3,1.3026383635452383,medium,susceptible,0,1,0.0,-1,-1,0,1,0,0,26.5,29.3,17.350112917969017,27.769407627819504,28.973775732111893,51.97114584074513,1,0,1.302,1.303,60,0.58,142,48,0.58,210,142,48,0.0,1,1,0
1,32,194,3,1.3026383635452383,medium,susceptible,0,1,0.0,-1,-1,0,1,0,0,26.5,29.3,17.350112917969017,27.769407627819504,28.973775732111893,51.97114584074513,1,0,1.302,1.303,60,0.58,142,48,0.58,210,142,48,0.0,1,1,0
1,33,194,3,1.3026383635452383,medium,susceptible,0,1,0.0,-1,-1,0,1,0,0,26.5,29.3,17.350112917969017,27.769407627819504,28.973775732111893,51.97114584074513,1,0,1.302,1.303,60,0.58,142,48,0.58,210,142,48,0.0,1,1,0
1,34,194,3,1.3026383635452383,medium,susceptible,0,1,0.0,-1,-1,0,1,0,0,26.5,29.3,17.350112917969017,27.769407627819504,28.973775732111893,51.97114584074513,1,0,1.302,1.303,60,0.58,142,48,0.58,210,142,48,0.0,1,1,0
1,35,194,3,1.3026383635452383,medium,susceptible,0,1,0.0,-1,-1,0,1,0,0,26.5,29.3,17.350112917969017,27.769407627819504,28.973775732111893,51.97114584074513,1,0,1.302,1.303,60,0.58,142,48,0.58,210,142,48,0.0,1,1,0
1,36,194,3,1.3026383635452383,medium,susceptible,0,1,0.0,-1,-1,0,1,0,0,26.5,29.3,17.350112917969017,27.769407627819504,28.973775732111893,51.97114584074513,1,0,1.302,1.303,60,0.58,142,48,0.58,210,142,48,0.0,1,1,0
1,37,194,3,1.3026383635452383,medium,susceptible,0,1,0.0,-1,-1,0,1,0,0,26.5,29.3,17.350112917969017,27.769407627819504,28.973775732111893,51.97114584074513,1,0,1.302,1.303,60,0.58,142,48,0.58,210,142,48,0.0,1,1,0
1,38,194,3,1.3026383635452383,medium,susceptible,0,1,0.0,-1,-1,0,1,0,0,26.5,29.3,17.350112917969017,27.769407627819504,28.973775732111893,51.97114584074513,1,0,1.302,1.303,60,0.58,142,48,0.58,210,142,48,0.0,1,1,0
1,39,194,3,1.3026383635452383,medium,susceptible,0,1,0.0,-1,-1,0,1,0,0,26.5,29.3,17.350112917969017,27.769407627819504,28.973775732111893,51.97114584074513,1,0,1.302,1.303,60,0.58,142,48,0.58,210,142,48,0.0,1,1,0
2,0,107,3,1.3028744832594459,medium,susceptible,0,1,0.0,-1,-1,0,1,0,0,17.2,22.4,19.896604580991884,35.827363843855444,28.402629630897138,43.657759905886145,1,0,1.302,1.303,60,0.58,142,48,0.58,210,142,48,0.0,1,1,0
2,1,107,3,1.3028744832594459,medium,susceptible,0,1,0.0,-1,-1,0,1,0,0,17.2,22.4,19.896604580991884,35.827363843855444,28.402629630897138,43.657759905886145,1,0,1.302,1.303,60,0.58,142,48,0.58,210,142,48,0.0,1,1,0
2,2,107,3,1.3028744832594459,medium,susceptible,0,1,0.0,-1,-1,0,1,0,0,17.2,22.4,19.896604580991884,35.827363843855444,28.402629630897138,43.657759905886145,1,0,1.302,1.303,60,0.58,142,48,0.58,210,142,48,0.0,1,1,0
2,3,107,3,1.3028744832594459,medium,susceptible,0,1,0.0,-1,-1,0,1,0,0,17.2,22.4,19.896604580991884,35.827363843855444,28.402629630897138,43.657759905886145,1,0,1.302,1.303,60,0.58,142,48,0.58,210,142,48,0.0,1,1,0
2,4,107,3,1.3028744832594459,medium,susceptible,0,1,0.0,-1,-1,0,1,0,0,17.2,22.4,19.896604580991884,35.827363843855444,28.402629630897138,43.657759905886145,1,0,1.302,1.303,60,0.58,142,48,0.58,210,142,48,0.0,1,1,0
2,5,107,3,1.3028744832594459,medium,susceptible,0,1,0.0,-1,-1,0,1,0,0,17.2,22.4,19.896604580991884,35.827363843855444,28.402629630897138,43.657759905886145,1,0,1.302,1.303,60,0.58,142,48,0.58,210,142,48,0.0,1,1,0
2,6,107,3,1.3028744832594459,medium,susceptible,0,1,0.0,-1,-1,0,1,0,0,17.2,22.4,19.896604580991884,35.827363843855444,28.402629630897138,43.657759905886145,1,0,1.302,1.303,60,0.58,142,48,0.58,210,142,48,0.0,1,1,0
2,7,107,3,1.3028744832594459,medium,susceptible,0,1,0.0,-1,-1,0,1,0,0,17.2,22.4,19.896604580991884,35.827363843855444,28.402629630897138,43.657759905886145,1,0,1.302,1.303,60,0.58,142,48,0.58,210,142,48,0.0,1,1,0
2,8,107,3,1.3028744832594459,medium,susceptible,0,1,0.0,-1,-1,0,1,0,0,17.2,22.4,19.896604580991884,35.827363843855444,28.402629630897138,43.657759905886145,1,0,1.302,1.303,60,0.58,142,48,0.58,210,142,48,0.0,1,1,0
2,9,107,3,1.3028744832594459,medium,susceptible,0,1,0.0,-1,-1,0,1,0,0,17.2,22.4,19.896604580991884,35.827363843855444,28.402629630897138,43.657759905886145,1,0,1.302,1.303,60,0.58,142,48,0.58,210,142,48,0.0,1,1,0
2,10,107,3,1.3028744832594459,medium,susceptible,0,1,0.0,-1,-1,0,1,0,0,17.2,22.4,19.896604580991884,35.827363843855444,28.402629630897138,43.657759905886145,1,0,1.302,1.303,60,0.58,142,48,0.58,210,142,48,0.0,1,1,0
2,11,107,3,1.3028744832594459,medium,susceptible,0,1,0.0,-1,-1,0,1,0,0,17.2,22.4,19.896604580991884,35.827363843855444,28.402629630897138,43.657759905886145,1,0,1.302,1.303,60,0.58,142,48,0.58,210,142,48,0.0,1,1,0
2,12,107,3,1.3028744832594459,medium,susceptible,0,1,0.0,-1,-1,0,1,0,0,17.2,22.4,19.896604580991884,35.827363843855444,28.402629630897138,43.657759905886145,1,0,1.302,1.303,60,0.58,142,48,0.58,210,142,48,0.0,1,1,0
2,13,107,3,1.3028744832594459,medium,susceptible,0,1,0.0,-1,-1,0,1,0,0,17.2,22.4,19.896604580991884,35.827363843855444,28.402629630897138,43.657759905886145,1,0,1.302,1.303,60,0.58,142,48,0.58,210,142,48,0.0,1,1,0
2,14,107,3,1.3028744832594459,medium,susceptible,0,1,0.0,-1,-1,0,1,0,0,17.2,22.4,19.896604580991884,35.827363843855444,28.402629630897138,43.657759905886145,1,0,1.302,1.303,60,0.58,142,48,0.58,210,142,48,0.0,1,1,0
2,15,107,3,1.3028744832594459,medium,susceptible,0,1,0.0,-1,-1,0,1,0,0,17.2,22.4,19.896604580991884,35.827363843855444,28.402629630897138,43.657759905886145,1,0,1.302,1.303,60,0.58,142,48,0.58,210,142,48,0.0,1,1,0
2,16,107,3,1.3028744832594459,medium,susceptible,0,1,0.0,-1,-1,0,1,0,0,17.2,22.4,19.896604580991884,35.827363843855444,28.402629630897138,43.657759905886145,1,0,1.302,1.303,60,0.58,142,48,0.58,210,142,48,0.0,1,1,0
2,17,107,3,1.3028744832594459,medium,susceptible,0,1,0.0,-1,-1,0,1,0,0,17.2,22.4,19.896604580991884,35.827363843855444,28.402629630897138,43.657759905886145,1,0,1.302,1.303,60,0.58,142,48,0.58,210,142,48,0.0,1,1,0
2,18,107,3,1.3028744832594459,medium,susceptible,0,1,0.0,-1,-1,0,1,0,0,17.2,22.4,19.896604580991884,35.827363843855444,28.402629630897138,43.657759905886145,1,0,1.302,1.303,60,0.58,142,48,0.58,210,142,48,0.0,1,1,0
2,19,107,3,1.3028744832594459,medium,susceptible,0,1,0.0,-1,-1,0,1,0,0,17.2,22.4,19.896604580991884,35.827363843855444,28.402629630897138,43.657759905886145,1,0,1.302,1.303,60,0.58,142,48,0.58,210,142,48,0.0,1,1,0
2,20,107,3,1.3028744832594459,medium,susceptible,0,1,0.0,-1,-1,0,1,0,0,17.2,22.4,19.896604580991884,35.827363843855444,28.402629630897138,43.657759905886145,1,0,1.302,1.303,60,0.58,142,48,0.58,210,142,48,0.0,1,1,0
2,21,107,3,1.3028744832594459,medium,susceptible,0,1,0.0,-1,-1,0,1,0,0,17.2,22.4,19.896604580991884,35.827363843855444,28.402629630897138,43.657759905886145,1,0,1.302,1.303,60,0.58,142,48,0.58,210,142,48,0.0,1,1,0
2,22,107,3,1.3028744832594459,medium,susceptible,0,1,0.0,-1,-1,0,1,0,0,17.2,22.4,19.896604580991884,35.827363843855444,28.402629630897138,43.657759905886145,1,0,1.302,1.303,60,0.58,142,48,0.58,210,142,48,0.0,1,1,0
2,23,107,3,1.3028744832594459,medium,susceptible,0,1,0.0,-1,-1,0,1,0,0,17.2,22.4,19.896604580991884,35.827363843855444,28.402629630897138,43.657759905886145,1,0,1.302,1.303,60,0.58,142,48,0.58,210,142,48,0.0,1,1,0
2,24,107,3,1.3028744832594459,medium,susceptible,0,1,0.0,-1,-1,0,1,0,0,17.2,22.4,19.896604580991884,35.827363843855444,28.402629630897138,43.657759905886145,1,0,1.302,1.303,60,0.58,142,48,0.58,210,142,48,0.0,1,1,0
2,25,107,3,1.3028744832594459,medium,susceptible,0,1,0.0,-1,-1,0,1,0,0,17.2,22.4,19.896604580991884,35.827363843855444,28.402629630897138,43.657759905886145,1,0,1.302,1.303,60,0.58,142,48,0.58,210,142,48,0.0,1,1,0
2,27,107,3,1.3028744832594459,medium,infected,1,1,2.46,26,1,0,1,0,0,17.2,22.4,19.896604580991884,35.827363843855444,28.402629630897138,43.657759905886145,1,0,1.302,1.303,60,0.58,142,48,0.58,210,142,48,0.0,1,1,0
2,28,107,3,1.3028744832594459,medium,infected,1,1,14.393,26,2,0,1,0,0,17.2,22.4,19.896604580991884,35.827363843855444,28.402629630897138,43.657759905886145,1,0,1.302,1.303,60,0.58,142,48,0.58,210,142,48,0.0,1,1,0
2,29,107,3,1.3028744832594459,medium,infected,1,1,28.951,26,3,0,1,0,0,17.2,22.4,19.896604580991884,35.827363843855444,28.402629630897138,43.657759905886145,1,0,1.302,1.303,60,0.58,142,48,0.58,210,142,48,0.0,1,1,0
2,32,107,3,1.3028744832594459,medium,infected,1,1,35.556,26,6,0,1,0,0,17.2,22.4,19.896604580991884,35.827363843855444,28.402629630897138,43.657759905886145,1,0,1.302,1.303,60,0.58,142,48,0.58,210,142,48,0.0,1,1,0
2,33,107,3,1.3028744832594459,medium,infected,1,1,28.929,26,7,0,1,0,0,17.2,22.4,19.896604580991884,35.827363843855444,28.402629630897138,43.657759905886145,1,0,1.302,1.303,60,0.58,142,48,0.58,210,142,48,0.0,1,1,0
2,34,107,3,1.3028744832594459,medium,infected,1,1,21.875,26,8,0,1,0,0,17.2,22.4,19.896604580991884,35.827363843855444,28.402629630897138,43.657759905886145,1,0,1.302,1.303,60,0.58,142,48,0.58,210,142,48,0.0,1,1,0
2,35,107,3,1.3028744832594459,medium,infected,1,1,15.643,26,9,0,1,0,0,17.2,22.4,19.896604580991884,35.827363843855444,28.402629630897138,43.657759905886145,1,0,1.302,1.303,60,0.58,142,48,0.58,210,142,48,0.0,1,1,0
2,36,107,3,1.3028744832594459,medium,infected,1,1,10.705,26,10,0,1,0,0,17.2,22.4,19.896604580991884,35.827363843855444,28.402629630897138,43.657759905886145,1,0,1.302,1.303,60,0.58,142,48,0.58,210,142,48,0.0,1,1,0
2,37,107,3,1.3028744832594459,medium,infected,1,1,7.07,26,11,0,1,0,0,17.2,22.4,19.896604580991884,35.827363843855444,28.402629630897138,43.657759905886145,1,0,1.302,1.303,60,0.58,142,48,0.58,210,142,48,0.0,1,1,0
2,38,107,3,1.3028744832594459,medium,infected,1,1,4.535,26,12,0,1,0,0,17.2,22.4,19.896604580991884,35.827363843855444,28.402629630897138,43.657759905886145,1,0,1.302,1.303,60,0.58,142,48,0.58,210,142,48,0.0,1,1,0
2,39,107,3,1.3028744832594459,medium,infected,1,1,2.838,26,13,0,1,0,0,17.2,22.4,19.896604580991884,35.827363843855444,28.402629630897138,43.657759905886145,1,0,1.302,1.303,60,0.58,142,48,0.58,210,142,48,0.0,1,1,0
3,0,10,7,1.3028006454493761,low,susceptible,0,1,0.0,-1,-1,0,0,1,0,28.5,28.4,17.363724768469048,27.66604416970377,21.373327563951154,44.28317965096906,1,0,1.302,1.303,60,0.58,142,48,0.58,210,142,48,0.0,1,1,0
3,1,10,7,1.3028006454493761,low,susceptible,0,1,0.0,-1,-1,0,0,1,0,28.5,28.4,17.363724768469048,27.66604416970377,21.373327563951154,44.28317965096906,1,0,1.302,1.303,60,0.58,142,48,0.58,210,142,48,0.0,1,1,0
3,2,10,7,1.3028006454493761,low,susceptible,0,1,0.0,-1,-1,0,0,1,0,28.5,28.4,17.363724768469048,27.66604416970377,21.373327563951154,44.28317965096906,1,0,1.302,1.303,60,0.58,142,48,0.58,210,142,48,0.0,1,1,0
3,3,10,7,1.3028006454493761,low,susceptible,0,1,0.0,-1,-1,0,0,1,0,28.5,28.4,17.363724768469048,27.66604416970377,21.373327563951154,44.28317965096906,1,0,1.302,1.303,60,0.58,142,48,0.58,210,142,48,0.0,1,1,0
3,4,10,7,1.3028006454493761,low,susceptible,0,1,0.0,-1,-1,0,0,1,0,28.5,28.4,17.363724768469048,27.66604416970377,21.373327563951154,44.28317965096906,1,0,1.302,1.303,60,0.58,142,48,0.58,210,142,48,0.0,1,1,0
3,5,10,7,1.3028006454493761,low,susceptible,0,1,0.0,-1,-1,0,0,1,0,28.5,28.4,17.363724768469048,27.66604416970377,21.373327563951154,44.28317965096906,1,0,1.302,1.303,60,0.58,142,48,0.58,210,142,48,0.0,1,1,0
3,6,10,7,1.3028006454493761,low,susceptible,0,1,0.0,-1,-1,0,0,1,0,28.5,28.4,17.363724768469048,27.66604416970377,21.373327563951154,44.28317965096906,1,0,1.302,1.303,60,0.58,142,48,0.58,210,142,48,0.0,1,1,0
3,7,10,7,1.3028006454493761,low,susceptible,0,1,0.0,-1,-1,0,0,1,0,28.5,28.4,17.363724768469048,27.66604416970377,21.373327563951154,44.28317965096906,1,0,1.302,1.303,60,0.58,142,48,0.58,210,142,48,0.0,1,1,0
3,8,10,7,1.3028006454493761,low,susceptible,0,1,0.0,-1,-1,0,0,1,0,28.5,28.4,17.363724768469048,27.66604416970377,21.373327563951154,44.28317965096906,1,0,1.302,1.303,60,0.58,142,48,0.58,210,142,48,0.0,1,1,0
3,9,10,7,1.3028006454493761,low,susceptible,0,1,0.0,-1,-1,0,0,1,0,28.5,28.4,17.363724768469048,27.66604416970377,21.373327563951154,44.28317965096906,1,0,1.302,1.303,60,0.58,142,48,0.58,210,142,48,0.0,1,1,0
3,10,10,7,1.3028006454493761,low,susceptible,0,1,0.0,-1,-1,0,0,1,0,28.5,28.4,17.363724768469048,27.66604416970377,21.373327563951154,44.28317965096906,1,0,1.302,1.303,60,0.58,142,48,0.58,210,142,48,0.0,1,1,0
3,11,10,7,1.3028006454493761,low,susceptible,0,1,0.0,-1,-1,0,0,1,0,28.5,28.4,17.363724768469048,27.66604416970377,21.373327563951154,44.28317965096906,1,0,1.302,1.303,60,0.58,142,48,0.58,210,142,48,0.0,1,1,0
3,12,10,7,1.3028006454493761,low,susceptible,0,1,0.0,-1,-1,0,0,1,0,28.5,28.4,17.363724768469048,27.66604416970377,21.373327563951154,44.28317965096906,1,0,1.302,1.303,60,0.58,142,48,0.58,210,142,48,0.0,1,1,0
3,13,10,7,1.3028006454493761,low,susceptible,0,1,0.0,-1,-1,0,0,1,0,28.5,28.4,17.363724768469048,27.66604416970377,21.373327563951154,44.28317965096906,1,0,1.302,1.303,60,0.58,142,48,0.58,210,142,48,0.0,1,1,0
3,14,10,7,1.3028006454493761,low,susceptible,0,1,0.0,-1,-1,0,0,1,0,28.5,28.4,17.363724768469048,27.66604416970377,21.373327563951154,44.28317965096906,1,0,1.302,1.303,60,0.58,142,48,0.58,210,142,48,0.0,1,1,0
3,15,10,7,1.3028006454493761,low,susceptible,0,1,0.0,-1,-1,0,0,1,0,28.5,28.4,17.363724768469048,27.66604416970377,21.373327563951154,44.28317965096906,1,0,1.302,1.303,60,0.58,142,48,0.58,210,142,48,0.0,1,1,0
3,16,10,7,1.3028006454493761,low,susceptible,0,1,0.0,-1,-1,0,0,1,0,28.5,28.4,17.363724768469048,27.66604416970377,21.373327563951154,44.28317965096906,1,0,1.302,1.303,60,0.58,142,48,0.58,210,142,48,0.0,1,1,0
3,17,10,7,1.3028006454493761,low,susceptible,0,1,0.0,-1,-1,0,0,1,0,28.5,28.4,17.363724768469048,27.66604416970377,21.373327563951154,44.28317965096906,1,0,1.302,1.303,60,0.58,142,48,0.58,210,142,48,0.0,1,1,0
3,18,10,7,1.3028006454493761,low,susceptible,0,1,0.0,-1,-1,0,0,1,0,28.5,28.4,17.363724768469048,27.66604416970377,21.373327563951154,44.28317965096906,1,0,1.302,1.303,60,0.58,142,48,0.58,210,142,48,0.0,1,1,0
3,19,10,7,1.3028006454493761,low,susceptible,0,1,0.0,-1,-1,0,0,1,0,28.5,28.4,17.363724768469048,27.66604416970377,21.373327563951154,44.28317965096906,1,0,1.302,1.303,60,0.58,142,48,0.58,210,142,48,0.0,1,1,0
3,20,10,7,1.3028006454493761,low,susceptible,0,1,0.0,-1,-1,0,0,1,0,28.5,28.4,17.363724768469048,27.66604416970377,21.373327563951154,44.28317965096906,1,0,1.302,1.303,60,0.58,142,48,0.58,210,142,48,0.0,1,1,0
3,21,10,7,1.3028006454493761,low,susceptible,0,1,0.0,-1,-1,0,0,1,0,28.5,28.4,17.363724768469048,27.66604416970377,21.373327563951154,44.28317965096906,1,0,1.302,1.303,60,0.58,142,48,0.58,210,142,48,0.0,1,1,0
3,22,10,7,1.3028006454493761,low,susceptible,0,1,0.0,-1,-1,0,0,1,0,28.5,28.4,17.363724768469048,27.66604416970377,21.373327563951154,44.28317965096906,1,0,1.302,1.303,60,0.58,142,48,0.58,210,142,48,0.0,1,1,0
3,23,10,7,1.3028006454493761,low,susceptible,0,1,0.0,-1,-1,0,0,1,0,28.5,28.4,17.363724768469048,27.66604416970377,21.373327563951154,44.28317965096906,1,0,1.302,1.303,60,0.58,142,48,0.58,210,142,48,0.0,1,1,0
3,24,10,7,1.3028006454493761,low,susceptible,0,1,0.0,-1,-1,0,0,1,0,28.5,28.4,17.363724768469048,27.66604416970377,21.373327563951154,44.28317965096906,1,0,1.302,1.303,60,0.58,142,48,0.58,210,142,48,0.0,1,1,0
3,25,10,7,1.3028006454493761,low,susceptible,0,1,0.0,-1,-1,0,0,1,0,28.5,28.4,17.363724768469048,27.66604416970377,21.373327563951154,44.28317965096906,1,0,1.302,1.303,60,0.58,142,48,0.58,210,142,48,0.0,1,1,0
3,26,10,7,1.3028006454493761,low,susceptible,0,1,0.0,-1,-1,0,0,1,0,28.5,28.4,17.363724768469048,27.66604416970377,21.373327563951154,44.28317965096906,1,0,1.302,1.303,60,0.58,142,48,0.58,210,142,48,0.0,1,1,0
3,27,10,7,1.3028006454493761,low,susceptible,0,1,0.0,-1,-1,0,0,1,0,28.5,28.4,17.363724768469048,27.66604416970377,21.373327563951154,44.28317965096906,1,0,1.302,1.303,60,0.58,142,48,0.58,210,142,48,0.0,1,1,0
3,28,10,7,1.3028006454493761,low,susceptible,0,1,0.0,-1,-1,0,0,1,0,28.5,28.4,17.363724768469048,27.66604416970377,21.373327563951154,44.28317965096906,1,0,1.302,1.303,60,0.58,142,48,0.58,210,142,48,0.0,1,1,0
3,29,10,7,1.3028006454493761,low,susceptible,0,1,0.0,-1,-1,0,0,1,0,28.5,28.4,17.363724768469048,27.66604416970377,21.373327563951154,44.28317965096906,1,0,1.302,1.303,60,0.58,142,48,0.58,210,142,48,0.0,1,1,0
3,30,10,7,1.3028006454493761,low,susceptible,0,1,0.0,-1,-1,0,0,1,0,28.5,28.4,17.363724768469048,27.66604416970377,21.373327563951154,44.28317965096906,1,0,1.302,1.303,60,0.58,142,48,0.58,210,142,48,0.0,1,1,0
3,31,10,7,1.3028006454493761,low,susceptible,0,1,0.0,-1,-1,0,0,1,0,28.5,28.4,17.363724768469048,27.66604416970377,21.373327563951154,44.28317965096906,1,0,1.302,1.303,60,0.58,142,48,0.58,210,142,48,0.0,1,1,0
3,32,10,7,1.3028006454493761,low,susceptible,0,1,0.0,-1,-1,0,0,1,0,28.5,28.4,17.363724768469048,27.66604416970377,21.373327563951154,44.28317965096906,1,0,1.302,1.303,60,0.58,142,48,0.58,210,142,48,0.0,1,1,0
3,33,10,7,1.3028006454493761,low,susceptible,0,1,0.0,-1,-1,0,0,1,0,28.5,28.4,17.363724768469048,27.66604416970377,21.373327563951154,44.28317965096906,1,0,1.302,1.303,60,0.58,142,48,0.58,210,142,48,0.0,1,1,0
3,34,10,7,1.3028006454493761,low,susceptible,0,1,0.0,-1,-1,0,0,1,0,28.5,28.4,17.363724768469048,27.66604416970377,21.373327563951154,44.28317965096906,1,0,1.302,1.303,60,0.58,142,48,0.58,210,142,48,0.0,1,1,0
3,35,10,7,1.3028006454493761,low,susceptible,0,1,0.0,-1,-1,0,0,1,0,28.5,28.4,17.363724768469048,27.66604416970377,21.373327563951154,44.28317965096906,1,0,1.302,1.303,60,0.58,142,48,0.58,210,142,48,0.0,1,1,0
3,36,10,7,1.3028006454493761,low,susceptible,0,1,0.0,-1,-1,0,0,1,0,28.5,28.4,17.363724768469048,27.66604416970377,21.373327563951154,44.28317965096906,1,0,1.302,1.303,60,0.58,142,48,0.58,210,142,48,0.0,1,1,0
3,37,10,7,1.3028006454493761,low,susceptible,0,1,0.0,-1,-1,0,0,1,0,28.5,28.4,17.363724768469048,27.66604416970377,21.373327563951154,44.28317965096906,1,0,1.302,1.303,60,0.58,142,48,0.58,210,142,48,0.0,1,1,0
3,38,10,7,1.3028006454493761,low,susceptible,0,1,0.0,-1,-1,0,0,1,0,28.5,28.4,17.363724768469048,27.66604416970377,21.373327563951154,44.28317965096906,1,0,1.302,1.303,60,0.58,142,48,0.58,210,142,48,0.0,1,1,0
3,39,10,7,1.3028006454493761,low,susceptible,0,1,0.0,-1,-1,0,0,1,0,28.5,28.4,17.363724768469048,27.66604416970377,21.373327563951154,44.28317965096906,1,0,1.302,1.303,60,0.58,142,48,0.58,210,142,48,0.0,1,1,0
4,0,66,7,1.3028256966171603,medium,susceptible,0,1,0.0,-1,-1,0,1,0,0,19.0,29.3,17.41521089199096,30.180954259267548,25.109033386500773,45.60701700396552,1,0,1.302,1.303,60,0.58,142,48,0.58,210,142,48,0.0,1,1,0
4,1,66,7,1.3028256966171603,medium,susceptible,0,1,0.0,-1,-1,0,1,0,0,19.0,29.3,17.41521089199096,30.180954259267548,25.109033386500773,45.60701700396552,1,0,1.302,1.303,60,0.58,142,48,0.58,210,142,48,0.0,1,1,0
4,2,66,7,1.3028256966171603,medium,susceptible,0,1,0.0,-1,-1,0,1,0,0,19.0,29.3,17.41521089199096,30.180954259267548,25.109033386500773,45.60701700396552,1,0,1.302,1.303,60,0.58,142,48,0.58,210,142,48,0.0,1,1,0
4,3,66,7,1.3028256966171603,medium,susceptible,0,1,0.0,-1,-1,0,1,0,0,19.0,29.3,17.41521089199096,30.180954259267548,25.109033386500773,45.60701700396552,1,0,1.302,1.303,60,0.58,142,48,0.58,210,142,48,0.0,1,1,0
4,4,66,7,1.3028256966171603,medium,susceptible,0,1,0.0,-1,-1,0,1,0,0,19.0,29.3,17.41521089199096,30.180954259267548,25.109033386500773,45.60701700396552,1,0,1.302,1.303,60,0.58,142,48,0.58,210,142,48,0.0,1,1,0
4,5,66,7,1.3028256966171603,medium,susceptible,0,1,0.0,-1,-1,0,1,0,0,19.0,29.3,17.41521089199096,30.180954259267548,25.109033386500773,45.60701700396552,1,0,1.302,1.303,60,0.58,142,48,0.58,210,142,48,0.0,1,1,0
4,6,66,7,1.3028256966171603,medium,susceptible,0,1,0.0,-1,-1,0,1,0,0,19.0,29.3,17.41521089199096,30.180954259267548,25.109033386500773,45.60701700396552,1,0,1.302,1.303,60,0.58,142,48,0.58,210,142,48,0.0,1,1,0
4,7,66,7,1.3028256966171603,medium,susceptible,0,1,0.0,-1,-1,0,1,0,0,19.0,29.3,17.41521089199096,30.180954259267548,25.109033386500773,45.60701700396552,1,0,1.302,1.303,60,0.58,142,48,0.58,210,142,48,0.0,1,1,0
4,8,66,7,1.3028256966171603,medium,susceptible,0,1,0.0,-1,-1,0,1,0,0,19.0,29.3,17.41521089199096,30.180954259267548,25.109033386500773,45.60701700396552,1,0,1.302,1.303,60,0.58,142,48,0.58,210,142,48,0.0,1,1,0
4,9,66,7,1.3028256966171603,medium,susceptible,0,1,0.0,-1,-1,0,1,0,0,19.0,29.3,17.41521089199096,30.180954259267548,25.109033386500773,45.60701700396552,1,0,1.302,1.303,60,0.58,142,48,0.58,210,142,48,0.0,1,1,0
4,10,66,7,1.3028256966171603,medium,susceptible,0,1,0.0,-1,-1,0,1,0,0,19.0,29.3,17.41521089199096,30.180954259267548,25.109033386500773,45.60701700396552,1,0,1.302,1.303,60,0.58,142,48,0.58,210,142,48,0.0,1,1,0
4,11,66,7,1.3028256966171603,medium,susceptible,0,1,0.0,-1,-1,0,1,0,0,19.0,29.3,17.41521089199096,30.180954259267548,25.109033386500773,45.60701700396552,1,0,1.302,1.303,60,0.58,142,48,0.58,210,142,48,0.0,1,1,0
4,12,66,7,1.3028256966171603,medium,susceptible,0,1,0.0,-1,-1,0,1,0,0,19.0,29.3,17.41521089199096,30.180954259267548,25.109033386500773,45.60701700396552,1,0,1.302,1.303,60,0.58,142,48,0.58,210,142,48,0.0,1,1,0
4,13,66,7,1.3028256966171603,medium,susceptible,0,1,0.0,-1,-1,0,1,0,0,19.0,29.3,17.41521089199096,30.180954259267548,25.109033386500773,45.60701700396552,1,0,1.302,1.303,60,0.58,142,48,0.58,210,142,48,0.0,1,1,0
4,14,66,7,1.3028256966171603,medium,susceptible,0,1,0.0,-1,-1,0,1,0,0,19.0,29.3,17.41521089199096,30.180954259267548,25.109033386500773,45.60701700396552,1,0,1.302,1.303,60,0.58,142,48,0.58,210,142,48,0.0,1,1,0
4,15,66,7,1.3028256966171603,medium,susceptible,0,1,0.0,-1,-1,0,1,0,0,19.0,29.3,17.41521089199096,30.180954259267548,25.109033386500773,45.60701700396552,1,0,1.302,1.303,60,0.58,142,48,0.58,210,142,48,0.0,1,1,0
4,16,66,7,1.3028256966171603,medium,susceptible,0,1,0.0,-1,-1,0,1,0,0,19.0,29.3,17.41521089199096,30.180954259267548,25.109033386500773,45.60701700396552,1,0,1.302,1.303,60,0.58,142,48,0.58,210,142,48,0.0,1,1,0
4,17,66,7,1.3028256966171603,medium,susceptible,0,1,0.0,-1,-1,0,1,0,0,19.0,29.3,17.41521089199096,30.180954259267548,25.109033386500773,45.60701700396552,1,0,1.302,1.303,60,0.58,142,48,0.58,210,142,48,0.0,1,1,0
4,18,66,7,1.3028256966171603,medium,susceptible,0,1,0.0,-1,-1,0,1,0,0,19.0,29.3,17.41521089199096,30.180954259267548,25.109033386500773,45.60701700396552,1,0,1.302,1.303,60,0.58,142,48,0.58,210,142,48,0.0,1,1,0
4,19,66,7,1.3028256966171603,medium,susceptible,0,1,0.0,-1,-1,0,1,0,0,19.0,29.3,17.41521089199096,30.180954259267548,25.109033386500773,45.60701700396552,1,0,1.302,1.303,60,0.58,142,48,0.58,210,142,48,0.0,1,1,0
4,20,66,7,1.3028256966171603,medium,susceptible,0,1,0.0,-1,-1,0,1,0,0,19.0,29.3,17.41521089199096,30.180954259267548,25.109033386500773,45.60701700396552,1,0,1.302,1.303,60,0.58,142,48,0.58,210,142,48,0.0,1,1,0
4,21,66,7,1.3028256966171603,medium,susceptible,0,1,0.0,-1,-1,0,1,0,0,19.0,29.3,17.41521089199096,30.180954259267548,25.109033386500773,45.60701700396552,1,0,1.302,1.303,60,0.58,142,48,0.58,210,142,48,0.0,1,1,0
4,22,66,7,1.3028256966171603,medium,susceptible,0,1,0.0,-1,-1,0,1,0,0,19.0,29.3,17.41521089199096,30.180954259267548,25.109033386500773,45.60701700396552,1,0,1.302,1.303,60,0.58,142,48,0.58,210,142,48,0.0,1,1,0
4,23,66,7,1.3028256966171603,medium,susceptible,0,1,0.0,-1,-1,0,1,0,0,19.0,29.3,17.41521089199096,30.180954259267548,25.109033386500773,45.60701700396552,1,0,1.302,1.303,60,0.58,142,48,0.58,210,142,48,0.0,1,1,0
4,24,66,7,1.3028256966171603,medium,susceptible,0,1,0.0,-1,-1,0,1,0,0,19.0,29.3,17.41521089199096,30.180954259267548,25.109033386500773,45.60701700396552,1,0,1.302,1.303,60,0.58,142,48,0.58,210,142,48,0.0,1,1,0
4,25,66,7,1.3028256966171603,medium,susceptible,0,1,0.0,-1,-1,0,1,0,0,19.0,29.3,17.41521089199096,30.180954259267548,25.109033386500773,45.60701700396552,1,0,1.302,1.303,60,0.58,142,48,0.58,210,142,48,0.0,1,1,0
4,26,66,7,1.3028256966171603,medium,susceptible,0,1,0.0,-1,-1,0,1,0,0,19.0,29.3,17.41521089199096,30.180954259267548,25.109033386500773,45.60701700396552,1,0,1.302,1.303,60,0.58,142,48,0.58,210,142,48,0.0,1,1,0
4,27,66,7,1.3028256966171603,medium,susceptible,0,1,0.0,-1,-1,0,1,0,0,19.0,29.3,17.41521089199096,30.180954259267548,25.109033386500773,45.60701700396552,1,0,1.302,1.303,60,0.58,142,48,0.58,210,142,48,0.0,1,1,0
4,28,66,7,1.3028256966171603,medium,susceptible,0,1,0.0,-1,-1,0,1,0,0,19.0,29.3,17.41521089199096,30.180954259267548,25.109033386500773,45.60701700396552,1,0,1.302,1.303,60,0.58,142,48,0.58,210,142,48,0.0,1,1,0
4,29,66,7,1.3028256966171603,medium,susceptible,0,1,0.0,-1,-1,0,1,0,0,19.0,29.3,17.41521089199096,30.180954259267548,25.109033386500773,45.60701700396552,1,0,1.302,1.303,60,0.58,142,48,0.58,210,142,48,0.0,1,1,0
4,30,66,7,1.3028256966171603,medium,susceptible,0,1,0.0,-1,-1,0,1,0,0,19.0,29.3,17.41521089199096,30.180954259267548,25.109033386500773,45.60701700396552,1,0,1.302,1.303,60,0.58,142,48,0.58,210,142,48,0.0,1,1,0
4,31,66,7,1.3028256966171603,medium,susceptible,0,1,0.0,-1,-1,0,1,0,0,19.0,29.3,17.41521089199096,30.180954259267548,25.109033386500773,45.60701700396552,1,0,1.302,1.303,60,0.58,142,48,0.58,210,142,48,0.0,1,1,0
4,32,66,7,1.3028256966171603,medium,susceptible,0,1,0.0,-1,-1,0,1,0,0,19.0,29.3,17.41521089199096,30.180954259267548,25.109033386500773,45.60701700396552,1,0,1.302,1.303,60,0.58,142,48,0.58,210,142,48,0.0,1,1,0
4,33,66,7,1.3028256966171603,medium,susceptible,0,1,0.0,-1,-1,0,1,0,0,19.0,29.3,17.41521089199096,30.180954259267548,25.109033386500773,45.60701700396552,1,0,1.302,1.303,60,0.58,142,48,0.58,210,142,48,0.0,1,1,0
4,34,66,7,1.3028256966171603,medium,susceptible,0,1,0.0,-1,-1,0,1,0,0,19.0,29.3,17.41521089199096,30.180954259267548,25.109033386500773,45.60701700396552,1,0,1.302,1.303,60,0.58,142,48,0.58,210,142,48,0.0,1,1,0
4,35,66,7,1.3028256966171603,medium,susceptible,0,1,0.0,-1,-1,0,1,0,0,19.0,29.3,17.41521089199096,30.180954259267548,25.109033386500773,45.60701700396552,1,0,1.302,1.303,60,0.58,142,48,0.58,210,142,48,0.0,1,1,0
4,36,66,7,1.3028256966171603,medium,susceptible,0,1,0.0,-1,-1,0,1,0,0,19.0,29.3,17.41521089199096,30.180954259267548,25.109033386500773,45.60701700396552,1,0,1.302,1.303,60,0.58,142,48,0.58,210,142,48,0.0,1,1,0
4,37,66,7,1.3028256966171603,medium,susceptible,0,1,0.0,-1,-1,0,1,0,0,19.0,29.3,17.41521089199096,30.180954259267548,25.109033386500773,45.60701700396552,1,0,1.302,1.303,60,0.58,142,48,0.58,210,142,48,0.0,1,1,0
4,38,66,7,1.3028256966171603,medium,susceptible,0,1,0.0,-1,-1,0,1,0,0,19.0,29.3,17.41521089199096,30.180954259267548,25.109033386500773,45.60701700396552,1,0,1.302,1.303,60,0.58,142,48,0.58,210,142,48,0.0,1,1,0
4,39,66,7,1.3028256966171603,medium,susceptible,0,1,0.0,-1,-1,0,1,0,0,19.0,29.3,17.41521089199096,30.180954259267548,25.109033386500773,45.60701700396552,1,0,1.302,1.303,60,0.58,142,48,0.58,210,142,48,0.0,1,1,0
5,0,130,1,1.3028100375338172,strong,susceptible,0,1,0.0,-1,-1,1,0,0,0,25.3,22.9,19.01175724408236,30.563049586060615,33.47022039071045,51.73973328110612,1,0,1.302,1.303,60,0.58,142,48,0.58,210,142,48,0.0,1,1,0
5,1,130,1,1.3028100375338172,strong,susceptible,0,1,0.0,-1,-1,1,0,0,0,25.3,22.9,19.01175724408236,30.563049586060615,33.47022039071045,51.73973328110612,1,0,1.302,1.303,60,0.58,142,48,0.58,210,142,48,0.0,1,1,0
5,2,130,1,1.3028100375338172,strong,susceptible,0,1,0.0,-1,-1,1,0,0,0,25.3,22.9,19.01175724408236,30.563049586060615,33.47022039071045,51.73973328110612,1,0,1.302,1.303,60,0.58,142,48,0.58,210,142,48,0.0,1,1,0
5,3,130,1,1.3028100375338172,strong,susceptible,0,1,0.0,-1,-1,1,0,0,0,25.3,22.9,19.01175724408236,30.563049586060615,33.47022039071045,51.73973328110612,1,0,1.302,1.303,60,0.58,142,48,0.58,210,142,48,0.0,1,1,0
5,4,130,1,1.3028100375338172,strong,susceptible,0,1,0.0,-1,-1,1,0,0,0,25.3,22.9,19.01175724408236,30.563049586060615,33.47022039071045,51.73973328110612,1,0,1.302,1.303,60,0.58,142,48,0.58,210,142,48,0.0,1,1,0
5,5,130,1,1.3028100375338172,strong,susceptible,0,1,0.0,-1,-1,1,0,0,0,25.3,22.9,19.01175724408236,30.563049586060615,33.47022039071045,51.73973328110612,1,0,1.302,1.303,60,0.58,142,48,0.58,210,142,48,0.0,1,1,0
5,6,130,1,1.3028100375338172,strong,susceptible,0,1,0.0,-1,-1,1,0,0,0,25.3,22.9,19.01175724408236,30.563049586060615,33.47022039071045,51.73973328110612,1,0,1.302,1.303,60,0.58,142,48,0.58,210,142,48,0.0,1,1,0
5,7,130,1,1.3028100375338172,strong,susceptible,0,1,0.0,-1,-1,1,0,0,0,25.3,22.9,19.01175724408236,30.563049586060615,33.47022039071045,51.73973328110612,1,0,1.302,1.303,60,0.58,142,48,0.58,210,142,48,0.0,1,1,0
5,8,130,1,1.3028100375338172,strong,susceptible,0,1,0.0,-1,-1,1,0,0,0,25.3,22.9,19.01175724408236,30.563049586060615,33.47022039071045,51.73973328110612,1,0,1.302,1.303,60,0.58,142,48,0.58,210,142,48,0.0,1,1,0
5,9,130,1,1.3028100375338172,strong,susceptible,0,1,0.0,-1,-1,1,0,0,0,25.3,22.9,19.01175724408236,30.563049586060615,33.47022039071045,51.73973328110612,1,0,1.302,1.303,60,0.58,142,48,0.58,210,142,48,0.0,1,1,0
5,10,130,1,1.3028100375338172,strong,susceptible,0,1,0.0,-1,-1,1,0,0,0,25.3,22.9,19.01175724408236,30.563049586060615,33.47022039071045,51.73973328110612,1,0,1.302,1.303,60,0.58,142,48,0.58,210,142,48,0.0,1,1,0
5,11,130,1,1.3028100375338172,strong,susceptible,0,1,0.0,-1,-1,1,0,0,0,25.3,22.9,19.01175724408236,30.563049586060615,33.47022039071045,51.73973328110612,1,0,1.302,1.303,60,0.58,142,48,0.58,210,142,48,0.0,1,1,0
5,12,130,1,1.3028100375338172,strong,susceptible,0,1,0.0,-1,-1,1,0,0,0,25.3,22.9,19.01175724408236,30.563049586060615,33.47022039071045,51.73973328110612,1,0,1.302,1.303,60,0.58,142,48,0.58,210,142,48,0.0,1,1,0
5,13,130,1,1.3028100375338172,strong,susceptible,0,1,0.0,-1,-1,1,0,0,0,25.3,22.9,19.01175724408236,30.563049586060615,33.47022039071045,51.73973328110612,1,0,1.302,1.303,60,0.58,142,48,0.58,210,142,48,0.0,1,1,0
5,14,130,1,1.3028100375338172,strong,susceptible,0,1,0.0,-1,-1,1,0,0,0,25.3,22.9,19.01175724408236,30.563049586060615,33.47022039071045,51.73973328110612,1,0,1.302,1.303,60,0.58,142,48,0.58,210,142,48,0.0,1,1,0
5,15,130,1,1.3028100375338172,strong,susceptible,0,1,0.0,-1,-1,1,0,0,0,25.3,22.9,19.01175724408236,30.563049586060615,33.47022039071045,51.73973328110612,1,0,1.302,1.303,60,0.58,142,48,0.58,210,142,48,0.0,1,1,0
5,16,130,1,1.3028100375338172,strong,susceptible,0,1,0.0,-1,-1,1,0,0,0,25.3,22.9,19.01175724408236,30.563049586060615,33.47022039071045,51.73973328110612,1,0,1.302,1.303,60,0.58,142,48,0.58,210,142,48,0.0,1,1,0
5,17,130,1,1.3028100375338172,strong,susceptible,0,1,0.0,-1,-1,1,0,0,0,25.3,22.9,19.01175724408236,30.563049586060615,33.47022039071045,51.73973328110612,1,0,1.302,1.303,60,0.58,142,48,0.58,210,142,48,0.0,1,1,0
5,18,130,1,1.3028100375338172,strong,susceptible,0,1,0.0,-1,-1,1,0,0,0,25.3,22.9,19.01175724408236,30.563049586060615,33.47022039071045,51.73973328110612,1,0,1.302,1.303,60,0.58,142,48,0.58,210,142,48,0.0,1,1,0
5,19,130,1,1.3028100375338172,strong,susceptible,0,1,0.0,-1,-1,1,0,0,0,25.3,22.9,19.01175724408236,30.563049586060615,33.47022039071045,51.73973328110612,1,0,1.302,1.303,60,0.58,142,48,0.58,210,142,48,0.0,1,1,0
5,20,130,1,1.3028100375338172,strong,susceptible,0,1,0.0,-1,-1,1,0,0,0,25.3,22.9,19.01175724408236,30.563049586060615,33.47022039071045,51.73973328110612,1,0,1.302,1.303,60,0.58,142,48,0.58,210,142,48,0.0,1,1,0
5,21,130,1,1.3028100375338172,strong,infected,1,1,0.373,20,1,1,0,0,0,25.3,22.9,19.01175724408236,30.563049586060615,33.47022039071045,51.73973328110612,1,0,1.302,1.303,60,0.58,142,48,0.58,210,142,48,0.0,1,1,0
5,22,130,1,1.3028100375338172,strong,infected,1,1,5.695,20,2,1,0,0,0,25.3,22.9,19.01175724408236,30.563049586060615,33.47022039071045,51.73973328110612,1,0,1.302,1.303,60,0.58,142,48,0.58,210,142,48,0.0,1,1,0
5,23,130,1,1.3028100375338172,strong,infected,1,1,13.937,20,3,1,0,0,0,25.3,22.9,19.01175724408236,30.563049586060615,33.47022039071045,51.73973328110612,1,0,1.302,1.303,60,0.58,142,48,0.58,210,142,48,0.0,1,1,0
5,24,130,1,1.3028100375338172,strong,infected,1,1,18.453,20,4,1,0,0,0,25.3,22.9,19.01175724408236,30.563049586060615,33.47022039071045,51.73973328110612,1,0,1.302,1.303,60,0.58,142,48,0.58,210,142,48,0.0,1,1,0
5,25,130,1,1.3028100375338172,strong,infected,1,1,17.881,20,5,1,0,0,0,25.3,22.9,19.01175724408236,30.563049586060615,33.47022039071045,51.73973328110612,1,0,1.302,1.303,60,0.58,142,48,0.58,210,142,48,0.0,1,1,0
5,26,130,1,1.3028100375338172,strong,infected,1,1,14.338,20,6,1,0,0,0,25.3,22.9,19.01175724408236,30.563049586060615,33.47022039071045,51.73973328110612,1,0,1.302,1.303,60,0.58,142,48,0.58,210,142,48,0.0,1,1,0
5,27,130,1,1.3028100375338172,strong,infected,1,1,10.122,20,7,1,0,0,0,25.3,22.9,19.01175724408236,30.563049586060615,33.47022039071045,51.73973328110612,1,0,1.302,1.303,60,0.58,142,48,0.58,210,142,48,0.0,1,1,0
5,28,130,1,1.3028100375338172,strong,infected,1,1,6.521,20,8,1,0,0,0,25.3,22.9,19.01175724408236,30.563049586060615,33.47022039071045,51.73973328110612,1,0,1.302,1.303,60,0.58,142,48,0.58,210,142,48,0.0,1,1,0
5,29,130,1,1.3028100375338172,strong,infected,1,1,3.922,20,9,1,0,0,0,25.3,22.9,19.01175724408236,30.563049586060615,33.47022039071045,51.73973328110612,1,0,1.302,1.303,60,0.58,142,48,0.58,210,142,48,0.0,1,1,0
5,30,130,1,1.3028100375338172,strong,infected,1,1,2.235,20,10,1,0,0,0,25.3,22.9,19.01175724408236,30.563049586060615,33.47022039071045,51.73973328110612,1,0,1.302,1.303,60,0.58,142,48,0.58,210,142,48,0.0,1,1,0
5,31,130,1,1.3028100375338172,strong,infected,1,1,1.22,20,11,1,0,0,0,25.3,22.9,19.01175724408236,30.563049586060615,33.47022039071045,51.73973328110612,1,0,1.302,1.303,60,0.58,142,48,0.58,210,142,48,0.0,1,1,0
5,32,130,1,1.3028100375338172,strong,infected,1,1,0.642,20,12,1,0,0,0,25.3,22.9,19.01175724408236,30.563049586060615,33.47022039071045,51.73973328110612,1,0,1.302,1.303,60,0.58,142,48,0.58,210,142,48,0.0,1,1,0
5,33,130,1,1.3028100375338172,strong,recovered,2,1,0.527,20,13,1,0,0,0,25.3,22.9,19.01175724408236,30.563049586060615,33.47022039071045,51.73973328110612,1,0,1.302,1.303,60,0.58,142,48,0.58,210,142,48,0.0,1,1,0
5,34,130,1,1.3028100375338172,strong,recovered,2,1,0.527,20,14,1,0,0,0,25.3,22.9,19.01175724408236,30.563049586060615,33.47022039071045,51.73973328110612,1,0,1.302,1.303,60,0.58,142,48,0.58,210,142,48,0.0,1,1,0
5,35,130,1,1.3028100375338172,strong,recovered,2,1,0.527,20,15,1,0,0,0,25.3,22.9,19.01175724408236,30.563049586060615,33.47022039071045,51.73973328110612,1,0,1.302,1.303,60,0.58,142,48,0.58,210,142,48,0.0,1,1,0
5,36,130,1,1.3028100375338172,strong,recovered,2,1,0.527,20,16,1,0,0,0,25.3,22.9,19.01175724408236,30.563049586060615,33.47022039071045,51.73973328110612,1,0,1.302,1.303,60,0.58,142,48,0.58,210,142,48,0.0,1,1,0
5,37,130,1,1.3028100375338172,strong,recovered,2,1,0.527,20,17,1,0,0,0,25.3,22.9,19.01175724408236,30.563049586060615,33.47022039071045,51.73973328110612,1,0,1.302,1.303,60,0.58,142,48,0.58,210,142,48,0.0,1,1,0
5,38,130,1,1.3028100375338172,strong,recovered,2,1,0.527,20,18,1,0,0,0,25.3,22.9,19.01175724408236,30.563049586060615,33.47022039071045,51.73973328110612,1,0,1.302,1.303,60,0.58,142,48,0.58,210,142,48,0.0,1,1,0
5,39,130,1,1.3028100375338172,strong,recovered,2,1,0.527,20,19,1,0,0,0,25.3,22.9,19.01175724408236,30.563049586060615,33.47022039071045,51.73973328110612,1,0,1.302,1.303,60,0.58,142,48,0.58,210,142,48,0.0,1,1,0
6,0,124,8,1.3026117708643248,medium,susceptible,0,1,0.0,-1,-1,0,1,0,0,21.0,26.8,22.81778350833667,28.454173683310504,38.79592333054963,52.392747589718944,1,0,1.302,1.303,60,0.58,142,48,0.58,210,142,48,0.0,1,1,0
6,1,124,8,1.3026117708643248,medium,susceptible,0,1,0.0,-1,-1,0,1,0,0,21.0,26.8,22.81778350833667,28.454173683310504,38.79592333054963,52.392747589718944,1,0,1.302,1.303,60,0.58,142,48,0.58,210,142,48,0.0,1,1,0
6,2,124,8,1.3026117708643248,medium,susceptible,0,1,0.0,-1,-1,0,1,0,0,21.0,26.8,22.81778350833667,28.454173683310504,38.79592333054963,52.392747589718944,1,0,1.302,1.303,60,0.58,142,48,0.58,210,142,48,0.0,1,1,0
6,3,124,8,1.3026117708643248,medium,susceptible,0,1,0.0,-1,-1,0,1,0,0,21.0,26.8,22.81778350833667,28.454173683310504,38.79592333054963,52.392747589718944,1,0,1.302,1.303,60,0.58,142,48,0.58,210,142,48,0.0,1,1,0
6,4,124,8,1.3026117708643248,medium,susceptible,0,1,0.0,-1,-1,0,1,0,0,21.0,26.8,22.81778350833667,28.454173683310504,38.79592333054963,52.392747589718944,1,0,1.302,1.303,60,0.58,142,48,0.58,210,142,48,0.0,1,1,0
6,5,124,8,1.3026117708643248,medium,susceptible,0,1,0.0,-1,-1,0,1,0,0,21.0,26.8,22.81778350833667,28.454173683310504,38.79592333054963,52.392747589718944,1,0,1.302,1.303,60,0.58,142,48,0.58,210,142,48,0.0,1,1,0
6,6,124,8,1.3026117708643248,medium,susceptible,0,1,0.0,-1,-1,0,1,0,0,21.0,26.8,22.81778350833667,28.454173683310504,38.79592333054963,52.392747589718944,1,0,1.302,1.303,60,0.58,142,48,0.58,210,142,48,0.0,1,1,0
6,7,124,8,1.3026117708643248,medium,susceptible,0,1,0.0,-1,-1,0,1,0,0,21.0,26.8,22.81778350833667,28.454173683310504,38.79592333054963,52.392747589718944,1,0,1.302,1.303,60,0.58,142,48,0.58,210,142,48,0.0,1,1,0
6,8,124,8,1.3026117708643248,medium,susceptible,0,1,0.0,-1,-1,0,1,0,0,21.0,26.8,22.81778350833667,28.454173683310504,38.79592333054963,52.392747589718944,1,0,1.302,1.303,60,0.58,142,48,0.58,210,142,48,0.0,1,1,0
6,9,124,8,1.3026117708643248,medium,susceptible,0,1,0.0,-1,-1,0,1,0,0,21.0,26.8,22.81778350833667,28.454173683310504,38.79592333054963,52.392747589718944,1,0,1.302,1.303,60,0.58,142,48,0.58,210,142,48,0.0,1,1,0
6,10,124,8,1.3026117708643248,medium,susceptible,0,1,0.0,-1,-1,0,1,0,0,21.0,26.8,22.81778350833667,28.454173683310504,38.79592333054963,52.392747589718944,1,0,1.302,1.303,60,0.58,142,48,0.58,210,142,48,0.0,1,1,0
6,11,124,8,1.3026117708643248,medium,susceptible,0,1,0.0,-1,-1,0,1,0,0,21.0,26.8,22.81778350833667,28.454173683310504,38.79592333054963,52.392747589718944,1,0,1.302,1.303,60,0.58,142,48,0.58,210,142,48,0.0,1,1,0
6,12,124,8,1.3026117708643248,medium,susceptible,0,1,0.0,-1,-1,0,1,0,0,21.0,26.8,22.81778350833667,28.454173683310504,38.79592333054963,52.392747589718944,1,0,1.302,1.303,60,0.58,142,48,0.58,210,142,48,0.0,1,1,0
6,13,124,8,1.3026117708643248,medium,susceptible,0,1,0.0,-1,-1,0,1,0,0,21.0,26.8,22.81778350833667,28.454173683310504,38.79592333054963,52.392747589718944,1,0,1.302,1.303,60,0.58,142,48,0.58,210,142,48,0.0,1,1,0
6,14,124,8,1.3026117708643248,medium,susceptible,0,1,0.0,-1,-1,0,1,0,0,21.0,26.8,22.81778350833667,28.454173683310504,38.79592333054963,52.392747589718944,1,0,1.302,1.303,60,0.58,142,48,0.58,210,142,48,0.0,1,1,0
6,15,124,8,1.3026117708643248,medium,susceptible,0,1,0.0,-1,-1,0,1,0,0,21.0,26.8,22.81778350833667,28.454173683310504,38.79592333054963,52.392747589718944,1,0,1.302,1.303,60,0.58,142,48,0.58,210,142,48,0.0,1,1,0
6,16,124,8,1.3026117708643248,medium,susceptible,0,1,0.0,-1,-1,0,1,0,0,21.0,26.8,22.81778350833667,28.454173683310504,38.79592333054963,52.392747589718944,1,0,1.302,1.303,60,0.58,142,48,0.58,210,142,48,0.0,1,1,0
6,17,124,8,1.3026117708643248,medium,susceptible,0,1,0.0,-1,-1,0,1,0,0,21.0,26.8,22.81778350833667,28.454173683310504,38.79592333054963,52.392747589718944,1,0,1.302,1.303,60,0.58,142,48,0.58,210,142,48,0.0,1,1,0
6,18,124,8,1.3026117708643248,medium,susceptible,0,1,0.0,-1,-1,0,1,0,0,21.0,26.8,22.81778350833667,28.454173683310504,38.79592333054963,52.392747589718944,1,0,1.302,1.303,60,0.58,142,48,0.58,210,142,48,0.0,1,1,0
6,19,124,8,1.3026117708643248,medium,susceptible,0,1,0.0,-1,-1,0,1,0,0,21.0,26.8,22.81778350833667,28.454173683310504,38.79592333054963,52.392747589718944,1,0,1.302,1.303,60,0.58,142,48,0.58,210,142,48,0.0,1,1,0
6,20,124,8,1.3026117708643248,medium,susceptible,0,1,0.0,-1,-1,0,1,0,0,21.0,26.8,22.81778350833667,28.454173683310504,38.79592333054963,52.392747589718944,1,0,1.302,1.303,60,0.58,142,48,0.58,210,142,48,0.0,1,1,0
6,21,124,8,1.3026117708643248,medium,susceptible,0,1,0.0,-1,-1,0,1,0,0,21.0,26.8,22.81778350833667,28.454173683310504,38.79592333054963,52.392747589718944,1,0,1.302,1.303,60,0.58,142,48,0.58,210,142,48,0.0,1,1,0
6,22,124,8,1.3026117708643248,medium,susceptible,0,1,0.0,-1,-1,0,1,0,0,21.0,26.8,22.81778350833667,28.454173683310504,38.79592333054963,52.392747589718944,1,0,1.302,1.303,60,0.58,142,48,0.58,210,142,48,0.0,1,1,0
6,23,124,8,1.3026117708643248,medium,susceptible,0,1,0.0,-1,-1,0,1,0,0,21.0,26.8,22.81778350833667,28.454173683310504,38.79592333054963,52.392747589718944,1,0,1.302,1.303,60,0.58,142,48,0.58,210,142,48,0.0,1,1,0
6,24,124,8,1.3026117708643248,medium,susceptible,0,1,0.0,-1,-1,0,1,0,0,21.0,26.8,22.81778350833667,28.454173683310504,38.79592333054963,52.392747589718944,1,0,1.302,1.303,60,0.58,142,48,0.58,210,142,48,0.0,1,1,0
6,25,124,8,1.3026117708643248,medium,susceptible,0,1,0.0,-1,-1,0,1,0,0,21.0,26.8,22.81778350833667,28.454173683310504,38.79592333054963,52.392747589718944,1,0,1.302,1.303,60,0.58,142,48,0.58,210,142,48,0.0,1,1,0
6,26,124,8,1.3026117708643248,medium,susceptible,0,1,0.0,-1,-1,0,1,0,0,21.0,26.8,22.81778350833667,28.454173683310504,38.79592333054963,52.392747589718944,1,0,1.302,1.303,60,0.58,142,48,0.58,210,142,48,0.0,1,1,0
6,27,124,8,1.3026117708643248,medium,susceptible,0,1,0.0,-1,-1,0,1,0,0,21.0,26.8,22.81778350833667,28.454173683310504,38.79592333054963,52.392747589718944,1,0,1.302,1.303,60,0.58,142,48,0.58,210,142,48,0.0,1,1,0
6,28,124,8,1.3026117708643248,medium,susceptible,0,1,0.0,-1,-1,0,1,0,0,21.0,26.8,22.81778350833667,28.454173683310504,38.79592333054963,52.392747589718944,1,0,1.302,1.303,60,0.58,142,48,0.58,210,142,48,0.0,1,1,0
6,29,124,8,1.3026117708643248,medium,susceptible,0,1,0.0,-1,-1,0,1,0,0,21.0,26.8,22.81778350833667,28.454173683310504,38.79592333054963,52.392747589718944,1,0,1.302,1.303,60,0.58,142,48,0.58,210,142,48,0.0,1,1,0
6,30,124,8,1.3026117708643248,medium,susceptible,0,1,0.0,-1,-1,0,1,0,0,21.0,26.8,22.81778350833667,28.454173683310504,38.79592333054963,52.392747589718944,1,0,1.302,1.303,60,0.58,142,48,0.58,210,142,48,0.0,1,1,0
6,31,124,8,1.3026117708643248,medium,susceptible,0,1,0.0,-1,-1,0,1,0,0,21.0,26.8,22.81778350833667,28.454173683310504,38.79592333054963,52.392747589718944,1,0,1.302,1.303,60,0.58,142,48,0.58,210,142,48,0.0,1,1,0
6,32,124,8,1.3026117708643248,medium,susceptible,0,1,0.0,-1,-1,0,1,0,0,21.0,26.8,22.81778350833667,28.454173683310504,38.79592333054963,52.392747589718944,1,0,1.302,1.303,60,0.58,142,48,0.58,210,142,48,0.0,1,1,0
6,33,124,8,1.3026117708643248,medium,susceptible,0,1,0.0,-1,-1,0,1,0,0,21.0,26.8,22.81778350833667,28.454173683310504,38.79592333054963,52.392747589718944,1,0,1.302,1.303,60,0.58,142,48,0.58,210,142,48,0.0,1,1,0
6,34,124,8,1.3026117708643248,medium,susceptible,0,1,0.0,-1,-1,0,1,0,0,21.0,26.8,22.81778350833667,28.454173683310504,38.79592333054963,52.392747589718944,1,0,1.302,1.303,60,0.58,142,48,0.58,210,142,48,0.0,1,1,0
6,35,124,8,1.3026117708643248,medium,susceptible,0,1,0.0,-1,-1,0,1,0,0,21.0,26.8,22.81778350833667,28.454173683310504,38.79592333054963,52.392747589718944,1,0,1.302,1.303,60,0.58,142,48,0.58,210,142,48,0.0,1,1,0
6,36,124,8,1.3026117708643248,medium,susceptible,0,1,0.0,-1,-1,0,1,0,0,21.0,26.8,22.81778350833667,28.454173683310504,38.79592333054963,52.392747589718944,1,0,1.302,1.303,60,0.58,142,48,0.58,210,142,48,0.0,1,1,0
6,37,124,8,1.3026117708643248,medium,susceptible,0,1,0.0,-1,-1,0,1,0,0,21.0,26.8,22.81778350833667,28.454173683310504,38.79592333054963,52.392747589718944,1,0,1.302,1.303,60,0.58,142,48,0.58,210,142,48,0.0,1,1,0
6,38,124,8,1.3026117708643248,medium,susceptible,0,1,0.0,-1,-1,0,1,0,0,21.0,26.8,22.81778350833667,28.454173683310504,38.79592333054963,52.392747589718944,1,0,1.302,1.303,60,0.58,142,48,0.58,210,142,48,0.0,1,1,0
7,0,103,7,1.302110996923456,strong,susceptible,0,1,0.0,-1,-1,1,0,0,0,26.4,29.6,20.140317441163493,31.130692250574835,28.37055092218451,41.86884283091664,1,0,1.302,1.303,60,0.58,142,48,0.58,210,142,48,0.0,1,1,0
7,1,103,7,1.302110996923456,strong,susceptible,0,1,0.0,-1,-1,1,0,0,0,26.4,29.6,20.140317441163493,31.130692250574835,28.37055092218451,41.86884283091664,1,0,1.302,1.303,60,0.58,142,48,0.58,210,142,48,0.0,1,1,0
7,2,103,7,1.302110996923456,strong,susceptible,0,1,0.0,-1,-1,1,0,0,0,26.4,29.6,20.140317441163493,31.130692250574835,28.37055092218451,41.86884283091664,1,0,1.302,1.303,60,0.58,142,48,0.58,210,142,48,0.0,1,1,0
7,3,103,7,1.302110996923456,strong,susceptible,0,1,0.0,-1,-1,1,0,0,0,26.4,29.6,20.140317441163493,31.130692250574835,28.37055092218451,41.86884283091664,1,0,1.302,1.303,60,0.58,142,48,0.58,210,142,48,0.0,1,1,0
7,4,103,7,1.302110996923456,strong,susceptible,0,1,0.0,-1,-1,1,0,0,0,26.4,29.6,20.140317441163493,31.130692250574835,28.37055092218451,41.86884283091664,1,0,1.302,1.303,60,0.58,142,48,0.58,210,142,48,0.0,1,1,0
7,5,103,7,1.302110996923456,strong,susceptible,0,1,0.0,-1,-1,1,0,0,0,26.4,29.6,20.140317441163493,31.130692250574835,28.37055092218451,41.86884283091664,1,0,1.302,1.303,60,0.58,142,48,0.58,210,142,48,0.0,1,1,0
7,6,103,7,1.302110996923456,strong,susceptible,0,1,0.0,-1,-1,1,0,0,0,26.4,29.6,20.140317441163493,31.130692250574835,28.37055092218451,41.86884283091664,1,0,1.302,1.303,60,0.58,142,48,0.58,210,142,48,0.0,1,1,0
7,7,103,7,1.302110996923456,strong,susceptible,0,1,0.0,-1,-1,1,0,0,0,26.4,29.6,20.140317441163493,31.130692250574835,28.37055092218451,41.86884283091664,1,0,1.302,1.303,60,0.58,142,48,0.58,210,142,48,0.0,1,1,0
7,8,103,7,1.302110996923456,strong,susceptible,0,1,0.0,-1,-1,1,0,0,0,26.4,29.6,20.140317441163493,31.130692250574835,28.37055092218451,41.86884283091664,1,0,1.302,1.303,60,0.58,142,48,0.58,210,142,48,0.0,1,1,0
7,9,103,7,1.302110996923456,strong,susceptible,0,1,0.0,-1,-1,1,0,0,0,26.4,29.6,20.140317441163493,31.130692250574835,28.37055092218451,41.86884283091664,1,0,1.302,1.303,60,0.58,142,48,0.58,210,142,48,0.0,1,1,0
7,10,103,7,1.302110996923456,strong,susceptible,0,1,0.0,-1,-1,1,0,0,0,26.4,29.6,20.140317441163493,31.130692250574835,28.37055092218451,41.86884283091664,1,0,1.302,1.303,60,0.58,142,48,0.58,210,142,48,0.0,1,1,0
7,11,103,7,1.302110996923456,strong,susceptible,0,1,0.0,-1,-1,1,0,0,0,26.4,29.6,20.140317441163493,31.130692250574835,28.37055092218451,41.86884283091664,1,0,1.302,1.303,60,0.58,142,48,0.58,210,142,48,0.0,1,1,0
7,12,103,7,1.302110996923456,strong,susceptible,0,1,0.0,-1,-1,1,0,0,0,26.4,29.6,20.140317441163493,31.130692250574835,28.37055092218451,41.86884283091664,1,0,1.302,1.303,60,0.58,142,48,0.58,210,142,48,0.0,1,1,0
7,13,103,7,1.302110996923456,strong,susceptible,0,1,0.0,-1,-1,1,0,0,0,26.4,29.6,20.140317441163493,31.130692250574835,28.37055092218451,41.86884283091664,1,0,1.302,1.303,60,0.58,142,48,0.58,210,142,48,0.0,1,1,0
7,14,103,7,1.302110996923456,strong,susceptible,0,1,0.0,-1,-1,1,0,0,0,26.4,29.6,20.140317441163493,31.130692250574835,28.37055092218451,41.86884283091664,1,0,1.302,1.303,60,0.58,142,48,0.58,210,142,48,0.0,1,1,0
7,15,103,7,1.302110996923456,strong,susceptible,0,1,0.0,-1,-1,1,0,0,0,26.4,29.6,20.140317441163493,31.130692250574835,28.37055092218451,41.86884283091664,1,0,1.302,1.303,60,0.58,142,48,0.58,210,142,48,0.0,1,1,0
7,16,103,7,1.302110996923456,strong,susceptible,0,1,0.0,-1,-1,1,0,0,0,26.4,29.6,20.140317441163493,31.130692250574835,28.37055092218451,41.86884283091664,1,0,1.302,1.303,60,0.58,142,48,0.58,210,142,48,0.0,1,1,0
7,17,103,7,1.302110996923456,strong,susceptible,0,1,0.0,-1,-1,1,0,0,0,26.4,29.6,20.140317441163493,31.130692250574835,28.37055092218451,41.86884283091664,1,0,1.302,1.303,60,0.58,142,48,0.58,210,142,48,0.0,1,1,0
7,18,103,7,1.302110996923456,strong,susceptible,0,1,0.0,-1,-1,1,0,0,0,26.4,29.6,20.140317441163493,31.130692250574835,28.37055092218451,41.86884283091664,1,0,1.302,1.303,60,0.58,142,48,0.58,210,142,48,0.0,1,1,0
7,19,103,7,1.302110996923456,strong,susceptible,0,1,0.0,-1,-1,1,0,0,0,26.4,29.6,20.140317441163493,31.130692250574835,28.37055092218451,41.86884283091664,1,0,1.302,1.303,60,0.58,142,48,0.58,210,142,48,0.0,1,1,0
7,20,103,7,1.302110996923456,strong,susceptible,0,1,0.0,-1,-1,1,0,0,0,26.4,29.6,20.140317441163493,31.130692250574835,28.37055092218451,41.86884283091664,1,0,1.302,1.303,60,0.58,142,48,0.58,210,142,48,0.0,1,1,0
7,21,103,7,1.302110996923456,strong,susceptible,0,1,0.0,-1,-1,1,0,0,0,26.4,29.6,20.140317441163493,31.130692250574835,28.37055092218451,41.86884283091664,1,0,1.302,1.303,60,0.58,142,48,0.58,210,142,48,0.0,1,1,0
7,22,103,7,1.302110996923456,strong,susceptible,0,1,0.0,-1,-1,1,0,0,0,26.4,29.6,20.140317441163493,31.130692250574835,28.37055092218451,41.86884283091664,1,0,1.302,1.303,60,0.58,142,48,0.58,210,142,48,0.0,1,1,0
7,23,103,7,1.302110996923456,strong,susceptible,0,1,0.0,-1,-1,1,0,0,0,26.4,29.6,20.140317441163493,31.130692250574835,28.37055092218451,41.86884283091664,1,0,1.302,1.303,60,0.58,142,48,0.58,210,142,48,0.0,1,1,0
7,24,103,7,1.302110996923456,strong,susceptible,0,1,0.0,-1,-1,1,0,0,0,26.4,29.6,20.140317441163493,31.130692250574835,28.37055092218451,41.86884283091664,1,0,1.302,1.303,60,0.58,142,48,0.58,210,142,48,0.0,1,1,0
7,25,103,7,1.302110996923456,strong,susceptible,0,1,0.0,-1,-1,1,0,0,0,26.4,29.6,20.140317441163493,31.130692250574835,28.37055092218451,41.86884283091664,1,0,1.302,1.303,60,0.58,142,48,0.58,210,142,48,0.0,1,1,0
7,26,103,7,1.302110996923456,strong,susceptible,0,1,0.0,-1,-1,1,0,0,0,26.4,29.6,20.140317441163493,31.130692250574835,28.37055092218451,41.86884283091664,1,0,1.302,1.303,60,0.58,142,48,0.58,210,142,48,0.0,1,1,0
7,27,103,7,1.302110996923456,strong,susceptible,0,1,0.0,-1,-1,1,0,0,0,26.4,29.6,20.140317441163493,31.130692250574835,28.37055092218451,41.86884283091664,1,0,1.302,1.303,60,0.58,142,48,0.58,210,142,48,0.0,1,1,0
7,28,103,7,1.302110996923456,strong,susceptible,0,1,0.0,-1,-1,1,0,0,0,26.4,29.6,20.140317441163493,31.130692250574835,28.37055092218451,41.86884283091664,1,0,1.302,1.303,60,0.58,142,48,0.58,210,142,48,0.0,1,1,0
7,29,103,7,1.302110996923456,strong,susceptible,0,1,0.0,-1,-1,1,0,0,0,26.4,29.6,20.140317441163493,31.130692250574835,28.37055092218451,41.86884283091664,1,0,1.302,1.303,60,0.58,142,48,0.58,210,142,48,0.0,1,1,0
7,30,103,7,1.302110996923456,strong,susceptible,0,1,0.0,-1,-1,1,0,0,0,26.4,29.6,20.140317441163493,31.130692250574835,28.37055092218451,41.86884283091664,1,0,1.302,1.303,60,0.58,142,48,0.58,210,142,48,0.0,1,1,0
7,31,103,7,1.302110996923456,strong,susceptible,0,1,0.0,-1,-1,1,0,0,0,26.4,29.6,20.140317441163493,31.130692250574835,28.37055092218451,41.86884283091664,1,0,1.302,1.303,60,0.58,142,48,0.58,210,142,48,0.0,1,1,0
7,32,103,7,1.302110996923456,strong,susceptible,0,1,0.0,-1,-1,1,0,0,0,26.4,29.6,20.140317441163493,31.130692250574835,28.37055092218451,41.86884283091664,1,0,1.302,1.303,60,0.58,142,48,0.58,210,142,48,0.0,1,1,0
7,33,103,7,1.302110996923456,strong,susceptible,0,1,0.0,-1,-1,1,0,0,0,26.4,29.6,20.140317441163493,31.130692250574835,28.37055092218451,41.86884283091664,1,0,1.302,1.303,60,0.58,142,48,0.58,210,142,48,0.0,1,1,0
7,34,103,7,1.302110996923456,strong,susceptible,0,1,0.0,-1,-1,1,0,0,0,26.4,29.6,20.140317441163493,31.130692250574835,28.37055092218451,41.86884283091664,1,0,1.302,1.303,60,0.58,142,48,0.58,210,142,48,0.0,1,1,0
7,35,103,7,1.302110996923456,strong,susceptible,0,1,0.0,-1,-1,1,0,0,0,26.4,29.6,20.140317441163493,31.130692250574835,28.37055092218451,41.86884283091664,1,0,1.302,1.303,60,0.58,142,48,0.58,210,142,48,0.0,1,1,0
7,36,103,7,1.302110996923456,strong,susceptible,0,1,0.0,-1,-1,1,0,0,0,26.4,29.6,20.140317441163493,31.130692250574835,28.37055092218451,41.86884283091664,1,0,1.302,1.303,60,0.58,142,48,0.58,210,142,48,0.0,1,1,0
7,37,103,7,1.302110996923456,strong,susceptible,0,1,0.0,-1,-1,1,0,0,0,26.4,29.6,20.140317441163493,31.130692250574835,28.37055092218451,41.86884283091664,1,0,1.302,1.303,60,0.58,142,48,0.58,210,142,48,0.0,1,1,0
7,38,103,7,1.302110996923456,strong,susceptible,0,1,0.0,-1,-1,1,0,0,0,26.4,29.6,20.140317441163493,31.130692250574835,28.37055092218451,41.86884283091664,1,0,1.302,1.303,60,0.58,142,48,0.58,210,142,48,0.0,1,1,0
7,39,103,7,1.302110996923456,strong,susceptible,0,1,0.0,-1,-1,1,0,0,0,26.4,29.6,20.140317441163493,31.130692250574835,28.37055092218451,41.86884283091664,1,0,1.302,1.303,60,0.58,142,48,0.58,210,142,48,0.0,1,1,0
8,0,77,9,1.3024445796040562,medium,susceptible,0,1,0.0,-1,-1,0,1,0,0,29.3,20.3,19.22455044602691,32.86609194899813,29.397887447564624,49.49747468305833,1,0,1.302,1.303,60,0.58,142,48,0.58,210,142,48,0.0,1,1,0
8,1,77,9,1.3024445796040562,medium,susceptible,0,1,0.0,-1,-1,0,1,0,0,29.3,20.3,19.22455044602691,32.86609194899813,29.397887447564624,49.49747468305833,1,0,1.302,1.303,60,0.58,142,48,0.58,210,142,48,0.0,1,1,0
8,2,77,9,1.3024445796040562,medium,susceptible,0,1,0.0,-1,-1,0,1,0,0,29.3,20.3,19.22455044602691,32.86609194899813,29.397887447564624,49.49747468305833,1,0,1.302,1.303,60,0.58,142,48,0.58,210,142,48,0.0,1,1,0
8,3,77,9,1.3024445796040562,medium,susceptible,0,1,0.0,-1,-1,0,1,0,0,29.3,20.3,19.22455044602691,32.86609194899813,29.397887447564624,49.49747468305833,1,0,1.302,1.303,60,0.58,142,48,0.58,210,142,48,0.0,1,1,0
8,4,77,9,1.3024445796040562,medium,susceptible,0,1,0.0,-1,-1,0,1,0,0,29.3,20.3,19.22455044602691,32.86609194899813,29.397887447564624,49.49747468305833,1,0,1.302,1.303,60,0.58,142,48,0.58,210,142,48,0.0,1,1,0
8,5,77,9,1.3024445796040562,medium,susceptible,0,1,0.0,-1,-1,0,1,0,0,29.3,20.3,19.22455044602691,32.86609194899813,29.397887447564624,49.49747468305833,1,0,1.302,1.303,60,0.58,142,48,0.58,210,142,48,0.0,1,1,0
8,6,77,9,1.3024445796040562,medium,susceptible,0,1,0.0,-1,-1,0,1,0,0,29.3,20.3,19.22455044602691,32.86609194899813,29.397887447564624,49.49747468305833,1,0,1.302,1.303,60,0.58,142,48,0.58,210,142,48,0.0,1,1,0
8,7,77,9,1.3024445796040562,medium,susceptible,0,1,0.0,-1,-1,0,1,0,0,29.3,20.3,19.22455044602691,32.86609194899813,29.397887447564624,49.49747468305833,1,0,1.302,1.303,60,0.58,142,48,0.58,210,142,48,0.0,1,1,0
8,8,77,9,1.3024445796040562,medium,susceptible,0,1,0.0,-1,-1,0,1,0,0,29.3,20.3,19.22455044602691,32.86609194899813,29.397887447564624,49.49747468305833,1,0,1.302,1.303,60,0.58,142,48,0.58,210,142,48,0.0,1,1,0
8,9,77,9,1.3024445796040562,medium,susceptible,0,1,0.0,-1,-1,0,1,0,0,29.3,20.3,19.22455044602691,32.86609194899813,29.397887447564624,49.49747468305833,1,0,1.302,1.303,60,0.58,142,48,0.58,210,142,48,0.0,1,1,0
8,10,77,9,1.3024445796040562,medium,susceptible,0,1,0.0,-1,-1,0,1,0,0,29.3,20.3,19.22455044602691,32.86609194899813,29.397887447564624,49.49747468305833,1,0,1.302,1.303,60,0.58,142,48,0.58,210,142,48,0.0,1,1,0
8,11,77,9,1.3024445796040562,medium,susceptible,0,1,0.0,-1,-1,0,1,0,0,29.3,20.3,19.22455044602691,32.86609194899813,29.397887447564624,49.49747468305833,1,0,1.302,1.303,60,0.58,142,48,0.58,210,142,48,0.0,1,1,0
8,12,77,9,1.3024445796040562,medium,susceptible,0,1,0.0,-1,-1,0,1,0,0,29.3,20.3,19.22455044602691,32.86609194899813,29.397887447564624,49.49747468305833,1,0,1.302,1.303,60,0.58,142,48,0.58,210,142,48,0.0,1,1,0
8,13,77,9,1.3024445796040562,medium,susceptible,0,1,0.0,-1,-1,0,1,0,0,29.3,20.3,19.22455044602691,32.86609194899813,29.397887447564624,49.49747468305833,1,0,1.302,1.303,60,0.58,142,48,0.58,210,142,48,0.0,1,1,0
8,14,77,9,1.3024445796040562,medium,susceptible,0,1,0.0,-1,-1,0,1,0,0,29.3,20.3,19.22455044602691,32.86609194899813,29.397887447564624,49.49747468305833,1,0,1.302,1.303,60,0.58,142,48,0.58,210,142,48,0.0,1,1,0
8,15,77,9,1.3024445796040562,medium,susceptible,0,1,0.0,-1,-1,0,1,0,0,29.3,20.3,19.22455044602691,32.86609194899813,29.397887447564624,49.49747468305833,1,0,1.302,1.303,60,0.58,142,48,0.58,210,142,48,0.0,1,1,0
8,16,77,9,1.3024445796040562,medium,susceptible,0,1,0.0,-1,-1,0,1,0,0,29.3,20.3,19.22455044602691,32.86609194899813,29.397887447564624,49.49747468305833,1,0,1.302,1.303,60,0.58,142,48,0.58,210,142,48,0.0,1,1,0
8,17,77,9,1.3024445796040562,medium,susceptible,0,1,0.0,-1,-1,0,1,0,0,29.3,20.3,19.22455044602691,32.86609194899813,29.397887447564624,49.49747468305833,1,0,1.302,1.303,60,0.58,142,48,0.58,210,142,48,0.0,1,1,0
8,18,77,9,1.3024445796040562,medium,susceptible,0,1,0.0,-1,-1,0,1,0,0,29.3,20.3,19.22455044602691,32.86609194899813,29.397887447564624,49.49747468305833,1,0,1.302,1.303,60,0.58,142,48,0.58,210,142,48,0.0,1,1,0
8,19,77,9,1.3024445796040562,medium,susceptible,0,1,0.0,-1,-1,0,1,0,0,29.3,20.3,19.22455044602691,32.86609194899813,29.397887447564624,49.49747468305833,1,0,1.302,1.303,60,0.58,142,48,0.58,210,142,48,0.0,1,1,0
8,20,77,9,1.3024445796040562,medium,susceptible,0,1,0.0,-1,-1,0,1,0,0,29.3,20.3,19.22455044602691,32.86609194899813,29.397887447564624,49.49747468305833,1,0,1.302,1.303,60,0.58,142,48,0.58,210,142,48,0.0,1,1,0
8,21,77,9,1.3024445796040562,medium,susceptible,0,1,0.0,-1,-1,0,1,0,0,29.3,20.3,19.22455044602691,32.86609194899813,29.397887447564624,49.49747468305833,1,0,1.302,1.303,60,0.58,142,48,0.58,210,142,48,0.0,1,1,0
8,22,77,9,1.3024445796040562,medium,susceptible,0,1,0.0,-1,-1,0,1,0,0,29.3,20.3,19.22455044602691,32.86609194899813,29.397887447564624,49.49747468305833,1,0,1.302,1.303,60,0.58,142,48,0.58,210,142,48,0.0,1,1,0
8,23,77,9,1.3024445796040562,medium,susceptible,0,1,0.0,-1,-1,0,1,0,0,29.3,20.3,19.22455044602691,32.86609194899813,29.397887447564624,49.49747468305833,1,0,1.302,1.303,60,0.58,142,48,0.58,210,142,48,0.0,1,1,0
8,24,77,9,1.3024445796040562,medium,susceptible,0,1,0.0,-1,-1,0,1,0,0,29.3,20.3,19.22455044602691,32.86609194899813,29.397887447564624,49.49747468305833,1,0,1.302,1.303,60,0.58,142,48,0.58,210,142,48,0.0,1,1,0
8,25,77,9,1.3024445796040562,medium,susceptible,0,1,0.0,-1,-1,0,1,0,0,29.3,20.3,19.22455044602691,32.86609194899813,29.397887447564624,49.49747468305833,1,0,1.302,1.303,60,0.58,142,48,0.58,210,142,48,0.0,1,1,0
8,26,77,9,1.3024445796040562,medium,susceptible,0,1,0.0,-1,-1,0,1,0,0,29.3,20.3,19.22455044602691,32.86609194899813,29.397887447564624,49.49747468305833,1,0,1.302,1.303,60,0.58,142,48,0.58,210,142,48,0.0,1,1,0
8,27,77,9,1.3024445796040562,medium,susceptible,0,1,0.0,-1,-1,0,1,0,0,29.3,20.3,19.22455044602691,32.86609194899813,29.397887447564624,49.49747468305833,1,0,1.302,1.303,60,0.58,142,48,0.58,210,142,48,0.0,1,1,0
8,28,77,9,1.3024445796040562,medium,susceptible,0,1,0.0,-1,-1,0,1,0,0,29.3,20.3,19.22455044602691,32.86609194899813,29.397887447564624,49.49747468305833,1,0,1.302,1.303,60,0.58,142,48,0.58,210,142,48,0.0,1,1,0
8,29,77,9,1.3024445796040562,medium,susceptible,0,1,0.0,-1,-1,0,1,0,0,29.3,20.3,19.22455044602691,32.86609194899813,29.397887447564624,49.49747468305833,1,0,1.302,1.303,60,0.58,142,48,0.58,210,142,48,0.0,1,1,0
8,30,77,9,1.3024445796040562,medium,susceptible,0,1,0.0,-1,-1,0,1,0,0,29.3,20.3,19.22455044602691,32.86609194899813,29.397887447564624,49.49747468305833,1,0,1.302,1.303,60,0.58,142,48,0.58,210,142,48,0.0,1,1,0
8,31,77,9,1.3024445796040562,medium,susceptible,0,1,0.0,-1,-1,0,1,0,0,29.3,20.3,19.22455044602691,32.86609194899813,29.397887447564624,49.49747468305833,1,0,1.302,1.303,60,0.58,142,48,0.58,210,142,48,0.0,1,1,0
8,32,77,9,1.3024445796040562,medium,susceptible,0,1,0.0,-1,-1,0,1,0,0,29.3,20.3,19.22455044602691,32.86609194899813,29.397887447564624,49.49747468305833,1,0,1.302,1.303,60,0.58,142,48,0.58,210,142,48,0.0,1,1,0
8,33,77,9,1.3024445796040562,medium,susceptible,0,1,0.0,-1,-1,0,1,0,0,29.3,20.3,19.22455044602691,32.86609194899813,29.397887447564624,49.49747468305833,1,0,1.302,1.303,60,0.58,142,48,0.58,210,142,48,0.0,1,1,0
8,34,77,9,1.3024445796040562,medium,susceptible,0,1,0.0,-1,-1,0,1,0,0,29.3,20.3,19.22455044602691,32.86609194899813,29.397887447564624,49.49747468305833,1,0,1.302,1.303,60,0.58,142,48,0.58,210,142,48,0.0,1,1,0
8,35,77,9,1.3024445796040562,medium,susceptible,0,1,0.0,-1,-1,0,1,0,0,29.3,20.3,19.22455044602691,32.86609194899813,29.397887447564624,49.49747468305833,1,0,1.302,1.303,60,0.58,142,48,0.58,210,142,48,0.0,1,1,0
8,36,77,9,1.3024445796040562,medium,susceptible,0,1,0.0,-1,-1,0,1,0,0,29.3,20.3,19.22455044602691,32.86609194899813,29.397887447564624,49.49747468305833,1,0,1.302,1.303,60,0.58,142,48,0.58,210,142,48,0.0,1,1,0
8,37,77,9,1.3024445796040562,medium,susceptible,0,1,0.0,-1,-1,0,1,0,0,29.3,20.3,19.22455044602691,32.86609194899813,29.397887447564624,49.49747468305833,1,0,1.302,1.303,60,0.58,142,48,0.58,210,142,48,0.0,1,1,0
8,38,77,9,1.3024445796040562,medium,susceptible,0,1,0.0,-1,-1,0,1,0,0,29.3,20.3,19.22455044602691,32.86609194899813,29.397887447564624,49.49747468305833,1,0,1.302,1.303,60,0.58,142,48,0.58,210,142,48,0.0,1,1,0
8,39,77,9,1.3024445796040562,medium,susceptible,0,1,0.0,-1,-1,0,1,0,0,29.3,20.3,19.22455044602691,32.86609194899813,29.397887447564624,49.49747468305833,1,0,1.302,1.303,60,0.58,142,48,0.58,210,142,48,0.0,1,1,0
9,0,122,8,1.302420111116075,strong,susceptible,0,1,0.0,-1,-1,1,0,0,0,16.0,24.9,19.98118705099944,26.092336039534676,29.23044553359528,48.30113870293329,1,0,1.302,1.303,60,0.58,142,48,0.58,210,142,48,0.0,1,1,0
9,1,122,8,1.302420111116075,strong,susceptible,0,1,0.0,-1,-1,1,0,0,0,16.0,24.9,19.98118705099944,26.092336039534676,29.23044553359528,48.30113870293329,1,0,1.302,1.303,60,0.58,142,48,0.58,210,142,48,0.0,1,1,0
9,2,122,8,1.302420111116075,strong,susceptible,0,1,0.0,-1,-1,1,0,0,0,16.0,24.9,19.98118705099944,26.092336039534676,29.23044553359528,48.30113870293329,1,0,1.302,1.303,60,0.58,142,48,0.58,210,142,48,0.0,1,1,0
9,3,122,8,1.302420111116075,strong,susceptible,0,1,0.0,-1,-1,1,0,0,0,16.0,24.9,19.98118705099944,26.092336039534676,29.23044553359528,48.30113870293329,1,0,1.302,1.303,60,0.58,142,48,0.58,210,142,48,0.0,1,1,0
9,4,122,8,1.302420111116075,strong,susceptible,0,1,0.0,-1,-1,1,0,0,0,16.0,24.9,19.98118705099944,26.092336039534676,29.23044553359528,48.30113870293329,1,0,1.302,1.303,60,0.58,142,48,0.58,210,142,48,0.0,1,1,0
9,5,122,8,1.302420111116075,strong,susceptible,0,1,0.0,-1,-1,1,0,0,0,16.0,24.9,19.98118705099944,26.092336039534676,29.23044553359528,48.30113870293329,1,0,1.302,1.303,60,0.58,142,48,0.58,210,142,48,0.0,1,1,0
9,6,122,8,1.302420111116075,strong,susceptible,0,1,0.0,-1,-1,1,0,0,0,16.0,24.9,19.98118705099944,26.092336039534676,29.23044553359528,48.30113870293329,1,0,1.302,1.303,60,0.58,142,48,0.58,210,142,48,0.0,1,1,0
9,7,122,8,1.302420111116075,strong,susceptible,0,1,0.0,-1,-1,1,0,0,0,16.0,24.9,19.98118705099944,26.092336039534676,29.23044553359528,48.30113870293329,1,0,1.302,1.303,60,0.58,142,48,0.58,210,142,48,0.0,1,1,0
9,8,122,8,1.302420111116075,strong,susceptible,0,1,0.0,-1,-1,1,0,0,0,16.0,24.9,19.98118705099944,26.092336039534676,29.23044553359528,48.30113870293329,1,0,1.302,1.303,60,0.58,142,48,0.58,210,142,48,0.0,1,1,0
9,9,122,8,1.302420111116075,strong,susceptible,0,1,0.0,-1,-1,1,0,0,0,16.0,24.9,19.98118705099944,26.092336039534676,29.23044553359528,48.30113870293329,1,0,1.302,1.303,60,0.58,142,48,0.58,210,142,48,0.0,1,1,0
9,10,122,8,1.302420111116075,strong,susceptible,0,1,0.0,-1,-1,1,0,0,0,16.0,24.9,19.98118705099944,26.092336039534676,29.23044553359528,48.30113870293329,1,0,1.302,1.303,60,0.58,142,48,0.58,210,142,48,0.0,1,1,0
9,11,122,8,1.302420111116075,strong,susceptible,0,1,0.0,-1,-1,1,0,0,0,16.0,24.9,19.98118705099944,26.092336039534676,29.23044553359528,48.30113870293329,1,0,1.302,1.303,60,0.58,142,48,0.58,210,142,48,0.0,1,1,0
9,12,122,8,1.302420111116075,strong,susceptible,0,1,0.0,-1,-1,1,0,0,0,16.0,24.9,19.98118705099944,26.092336039534676,29.23044553359528,48.30113870293329,1,0,1.302,1.303,60,0.58,142,48,0.58,210,142,48,0.0,1,1,0
9,13,122,8,1.302420111116075,strong,susceptible,0,1,0.0,-1,-1,1,0,0,0,16.0,24.9,19.98118705099944,26.092336039534676,29.23044553359528,48.30113870293329,1,0,1.302,1.303,60,0.58,142,48,0.58,210,142,48,0.0,1,1,0
9,14,122,8,1.302420111116075,strong,susceptible,0,1,0.0,-1,-1,1,0,0,0,16.0,24.9,19.98118705099944,26.092336039534676,29.23044553359528,48.30113870293329,1,0,1.302,1.303,60,0.58,142,48,0.58,210,142,48,0.0,1,1,0
9,15,122,8,1.302420111116075,strong,susceptible,0,1,0.0,-1,-1,1,0,0,0,16.0,24.9,19.98118705099944,26.092336039534676,29.23044553359528,48.30113870293329,1,0,1.302,1.303,60,0.58,142,48,0.58,210,142,48,0.0,1,1,0
9,16,122,8,1.302420111116075,strong,susceptible,0,1,0.0,-1,-1,1,0,0,0,16.0,24.9,19.98118705099944,26.092336039534676,29.23044553359528,48.30113870293329,1,0,1.302,1.303,60,0.58,142,48,0.58,210,142,48,0.0,1,1,0
9,17,122,8,1.302420111116075,strong,susceptible,0,1,0.0,-1,-1,1,0,0,0,16.0,24.9,19.98118705099944,26.092336039534676,29.23044553359528,48.30113870293329,1,0,1.302,1.303,60,0.58,142,48,0.58,210,142,48,0.0,1,1,0
9,18,122,8,1.302420111116075,strong,susceptible,0,1,0.0,-1,-1,1,0,0,0,16.0,24.9,19.98118705099944,26.092336039534676,29.23044553359528,48.30113870293329,1,0,1.302,1.303,60,0.58,142,48,0.58,210,142,48,0.0,1,1,0
9,19,122,8,1.302420111116075,strong,susceptible,0,1,0.0,-1,-1,1,0,0,0,16.0,24.9,19.98118705099944,26.092336039534676,29.23044553359528,48.30113870293329,1,0,1.302,1.303,60,0.58,142,48,0.58,210,142,48,0.0,1,1,0
9,20,122,8,1.302420111116075,strong,susceptible,0,1,0.0,-1,-1,1,0,0,0,16.0,24.9,19.98118705099944,26.092336039534676,29.23044553359528,48.30113870293329,1,0,1.302,1.303,60,0.58,142,48,0.58,210,142,48,0.0,1,1,0
9,21,122,8,1.302420111116075,strong,susceptible,0,1,0.0,-1,-1,1,0,0,0,16.0,24.9,19.98118705099944,26.092336039534676,29.23044553359528,48.30113870293329,1,0,1.302,1.303,60,0.58,142,48,0.58,210,142,48,0.0,1,1,0
9,22,122,8,1.302420111116075,strong,susceptible,0,1,0.0,-1,-1,1,0,0,0,16.0,24.9,19.98118705099944,26.092336039534676,29.23044553359528,48.30113870293329,1,0,1.302,1.303,60,0.58,142,48,0.58,210,142,48,0.0,1,1,0
9,23,122,8,1.302420111116075,strong,susceptible,0,1,0.0,-1,-1,1,0,0,0,16.0,24.9,19.98118705099944,26.092336039534676,29.23044553359528,48.30113870293329,1,0,1.302,1.303,60,0.58,142,48,0.58,210,142,48,0.0,1,1,0
9,24,122,8,1.302420111116075,strong,susceptible,0,1,0.0,-1,-1,1,0,0,0,16.0,24.9,19.98118705099944,26.092336039534676,29.23044553359528,48.30113870293329,1,0,1.302,1.303,60,0.58,142,48,0.58,210,142,48,0.0,1,1,0
9,25,122,8,1.302420111116075,strong,susceptible,0,1,0.0,-1,-1,1,0,0,0,16.0,24.9,19.98118705099944,26.092336039534676,29.23044553359528,48.30113870293329,1,0,1.302,1.303,60,0.58,142,48,0.58,210,142,48,0.0,1,1,0
9,26,122,8,1.302420111116075,strong,susceptible,0,1,0.0,-1,-1,1,0,0,0,16.0,24.9,19.98118705099944,26.092336039534676,29.23044553359528,48.30113870293329,1,0,1.302,1.303,60,0.58,142,48,0.58,210,142,48,0.0,1,1,0
9,27,122,8,1.302420111116075,strong,susceptible,0,1,0.0,-1,-1,1,0,0,0,16.0,24.9,19.98118705099944,26.092336039534676,29.23044553359528,48.30113870293329,1,0,1.302,1.303,60,0.58,142,48,0.58,210,142,48,0.0,1,1,0
9,28,122,8,1.302420111116075,strong,susceptible,0,1,0.0,-1,-1,1,0,0,0,16.0,24.9,19.98118705099944,26.092336039534676,29.23044553359528,48.30113870293329,1,0,1.302,1.303,60,0.58,142,48,0.58,210,142,48,0.0,1,1,0
9,29,122,8,1.302420111116075,strong,susceptible,0,1,0.0,-1,-1,1,0,0,0,16.0,24.9,19.98118705099944,26.092336039534676,29.23044553359528,48.30113870293329,1,0,1.302,1.303,60,0.58,142,48,0.58,210,142,48,0.0,1,1,0
9,30,122,8,1.302420111116075,strong,susceptible,0,1,0.0,-1,-1,1,0,0,0,16.0,24.9,19.98118705099944,26.092336039534676,29.23044553359528,48.30113870293329,1,0,1.302,1.303,60,0.58,142,48,0.58,210,142,48,0.0,1,1,0
9,31,122,8,1.302420111116075,strong,susceptible,0,1,0.0,-1,-1,1,0,0,0,16.0,24.9,19.98118705099944,26.092336039534676,29.23044553359528,48.30113870293329,1,0,1.302,1.303,60,0.58,142,48,0.58,210,142,48,0.0,1,1,0
9,32,122,8,1.302420111116075,strong,susceptible,0,1,0.0,-1,-1,1,0,0,0,16.0,24.9,19.98118705099944,26.092336039534676,29.23044553359528,48.30113870293329,1,0,1.302,1.303,60,0.58,142,48,0.58,210,142,48,0.0,1,1,0
9,33,122,8,1.302420111116075,strong,susceptible,0,1,0.0,-1,-1,1,0,0,0,16.0,24.9,19.98118705099944,26.092336039534676,29.23044553359528,48.30113870293329,1,0,1.302,1.303,60,0.58,142,48,0.58,210,142,48,0.0,1,1,0
9,34,122,8,1.302420111116075,strong,susceptible,0,1,0.0,-1,-1,1,0,0,0,16.0,24.9,19.98118705099944,26.092336039534676,29.23044553359528,48.30113870293329,1,0,1.302,1.303,60,0.58,142,48,0.58,210,142,48,0.0,1,1,0
9,35,122,8,1.302420111116075,strong,susceptible,0,1,0.0,-1,-1,1,0,0,0,16.0,24.9,19.98118705099944,26.092336039534676,29.23044553359528,48.30113870293329,1,0,1.302,1.303,60,0.58,142,48,0.58,210,142,48,0.0,1,1,0
9,36,122,8,1.302420111116075,strong,susceptible,0,1,0.0,-1,-1,1,0,0,0,16.0,24.9,19.98118705099944,26.092336039534676,29.23044553359528,48.30113870293329,1,0,1.302,1.303,60,0.58,142,48,0.58,210,142,48,0.0,1,1,0
9,37,122,8,1.302420111116075,strong,susceptible,0,1,0.0,-1,-1,1,0,0,0,16.0,24.9,19.98118705099944,26.092336039534676,29.23044553359528,48.30113870293329,1,0,1.302,1.303,60,0.58,142,48,0.58,210,142,48,0.0,1,1,0
9,38,122,8,1.302420111116075,strong,susceptible,0,1,0.0,-1,-1,1,0,0,0,16.0,24.9,19.98118705099944,26.092336039534676,29.23044553359528,48.30113870293329,1,0,1.302,1.303,60,0.58,142,48,0.58,210,142,48,0.0,1,1,0
9,39,122,8,1.302420111116075,strong,susceptible,0,1,0.0,-1,-1,1,0,0,0,16.0,24.9,19.98118705099944,26.092336039534676,29.23044553359528,48.30113870293329,1,0,1.302,1.303,60,0.58,142,48,0.58,210,142,48,0.0,1,1,0
10,0,91,4,1.3029192823534015,compromised,susceptible,0,1,0.0,-1,-1,0,0,0,1,17.4,14.9,17.84703356533139,29.461330587738228,27.80761943181493,41.43669871020132,1,0,1.302,1.303,60,0.58,142,48,0.58,210,142,48,0.0,1,1,0
10,1,91,4,1.3029192823534015,compromised,susceptible,0,1,0.0,-1,-1,0,0,0,1,17.4,14.9,17.84703356533139,29.461330587738228,27.80761943181493,41.43669871020132,1,0,1.302,1.303,60,0.58,142,48,0.58,210,142,48,0.0,1,1,0
10,2,91,4,1.3029192823534015,compromised,susceptible,0,1,0.0,-1,-1,0,0,0,1,17.4,14.9,17.84703356533139,29.461330587738228,27.80761943181493,41.43669871020132,1,0,1.302,1.303,60,0.58,142,48,0.58,210,142,48,0.0,1,1,0
10,3,91,4,1.3029192823534015,compromised,susceptible,0,1,0.0,-1,-1,0,0,0,1,17.4,14.9,17.84703356533139,29.461330587738228,27.80761943181493,41.43669871020132,1,0,1.302,1.303,60,0.58,142,48,0.58,210,142,48,0.0,1,1,0
10,4,91,4,1.3029192823534015,compromised,susceptible,0,1,0.0,-1,-1,0,0,0,1,17.4,14.9,17.84703356533139,29.461330587738228,27.80761943181493,41.43669871020132,1,0,1.302,1.303,60,0.58,142,48,0.58,210,142,48,0.0,1,1,0
10,5,91,4,1.3029192823534015,compromised,susceptible,0,1,0.0,-1,-1,0,0,0,1,17.4,14.9,17.84703356533139,29.461330587738228,27.80761943181493,41.43669871020132,1,0,1.302,1.303,60,0.58,142,48,0.58,210,142,48,0.0,1,1,0
10,6,91,4,1.3029192823534015,compromised,susceptible,0,1,0.0,-1,-1,0,0,0,1,17.4,14.9,17.84703356533139,29.461330587738228,27.80761943181493,41.43669871020132,1,0,1.302,1.303,60,0.58,142,48,0.58,210,142,48,0.0,1,1,0
10,7,91,4,1.3029192823534015,compromised,susceptible,0,1,0.0,-1,-1,0,0,0,1,17.4,14.9,17.84703356533139,29.461330587738228,27.80761943181493,41.43669871020132,1,0,1.302,1.303,60,0.58,142,48,0.58,210,142,48,0.0,1,1,0
10,8,91,4,1.3029192823534015,compromised,susceptible,0,1,0.0,-1,-1,0,0,0,1,17.4,14.9,17.84703356533139,29.461330587738228,27.80761943181493,41.43669871020132,1,0,1.302,1.303,60,0.58,142,48,0.58,210,142,48,0.0,1,1,0
10,9,91,4,1.3029192823534015,compromised,susceptible,0,1,0.0,-1,-1,0,0,0,1,17.4,14.9,17.84703356533139,29.461330587738228,27.80761943181493,41.43669871020132,1,0,1.302,1.303,60,0.58,142,48,0.58,210,142,48,0.0,1,1,0
10,10,91,4,1.3029192823534015,compromised,susceptible,0,1,0.0,-1,-1,0,0,0,1,17.4,14.9,17.84703356533139,29.461330587738228,27.80761943181493,41.43669871020132,1,0,1.302,1.303,60,0.58,142,48,0.58,210,142,48,0.0,1,1,0
10,11,91,4,1.3029192823534015,compromised,susceptible,0,1,0.0,-1,-1,0,0,0,1,17.4,14.9,17.84703356533139,29.461330587738228,27.80761943181493,41.43669871020132,1,0,1.302,1.303,60,0.58,142,48,0.58,210,142,48,0.0,1,1,0
10,12,91,4,1.3029192823534015,compromised,susceptible,0,1,0.0,-1,-1,0,0,0,1,17.4,14.9,17.84703356533139,29.461330587738228,27.80761943181493,41.43669871020132,1,0,1.302,1.303,60,0.58,142,48,0.58,210,142,48,0.0,1,1,0
10,13,91,4,1.3029192823534015,compromised,susceptible,0,1,0.0,-1,-1,0,0,0,1,17.4,14.9,17.84703356533139,29.461330587738228,27.80761943181493,41.43669871020132,1,0,1.302,1.303,60,0.58,142,48,0.58,210,142,48,0.0,1,1,0
10,14,91,4,1.3029192823534015,compromised,susceptible,0,1,0.0,-1,-1,0,0,0,1,17.4,14.9,17.84703356533139,29.461330587738228,27.80761943181493,41.43669871020132,1,0,1.302,1.303,60,0.58,142,48,0.58,210,142,48,0.0,1,1,0
10,15,91,4,1.3029192823534015,compromised,susceptible,0,1,0.0,-1,-1,0,0,0,1,17.4,14.9,17.84703356533139,29.461330587738228,27.80761943181493,41.43669871020132,1,0,1.302,1.303,60,0.58,142,48,0.58,210,142,48,0.0,1,1,0
10,16,91,4,1.3029192823534015,compromised,susceptible,0,1,0.0,-1,-1,0,0,0,1,17.4,14.9,17.84703356533139,29.461330587738228,27.80761943181493,41.43669871020132,1,0,1.302,1.303,60,0.58,142,48,0.58,210,142,48,0.0,1,1,0
10,17,91,4,1.3029192823534015,compromised,susceptible,0,1,0.0,-1,-1,0,0,0,1,17.4,14.9,17.84703356533139,29.461330587738228,27.80761943181493,41.43669871020132,1,0,1.302,1.303,60,0.58,142,48,0.58,210,142,48,0.0,1,1,0
10,18,91,4,1.3029192823534015,compromised,susceptible,0,1,0.0,-1,-1,0,0,0,1,17.4,14.9,17.84703356533139,29.461330587738228,27.80761943181493,41.43669871020132,1,0,1.302,1.303,60,0.58,142,48,0.58,210,142,48,0.0,1,1,0
10,19,91,4,1.3029192823534015,compromised,susceptible,0,1,0.0,-1,-1,0,0,0,1,17.4,14.9,17.84703356533139,29.461330587738228,27.80761943181493,41.43669871020132,1,0,1.302,1.303,60,0.58,142,48,0.58,210,142,48,0.0,1,1,0
10,20,91,4,1.3029192823534015,compromised,susceptible,0,1,0.0,-1,-1,0,0,0,1,17.4,14.9,17.84703356533139,29.461330587738228,27.80761943181493,41.43669871020132,1,0,1.302,1.303,60,0.58,142,48,0.58,210,142,48,0.0,1,1,0
10,21,91,4,1.3029192823534015,compromised,susceptible,0,1,0.0,-1,-1,0,0,0,1,17.4,14.9,17.84703356533139,29.461330587738228,27.80761943181493,41.43669871020132,1,0,1.302,1.303,60,0.58,142,48,0.58,210,142,48,0.0,1,1,0
10,22,91,4,1.3029192823534015,compromised,susceptible,0,1,0.0,-1,-1,0,0,0,1,17.4,14.9,17.84703356533139,29.461330587738228,27.80761943181493,41.43669871020132,1,0,1.302,1.303,60,0.58,142,48,0.58,210,142,48,0.0,1,1,0
10,23,91,4,1.3029192823534015,compromised,susceptible,0,1,0.0,-1,-1,0,0,0,1,17.4,14.9,17.84703356533139,29.461330587738228,27.80761943181493,41.43669871020132,1,0,1.302,1.303,60,0.58,142,48,0.58,210,142,48,0.0,1,1,0
10,24,91,4,1.3029192823534015,compromised,susceptible,0,1,0.0,-1,-1,0,0,0,1,17.4,14.9,17.84703356533139,29.461330587738228,27.80761943181493,41.43669871020132,1,0,1.302,1.303,60,0.58,142,48,0.58,210,142,48,0.0,1,1,0
10,25,91,4,1.3029192823534015,compromised,susceptible,0,1,0.0,-1,-1,0,0,0,1,17.4,14.9,17.84703356533139,29.461330587738228,27.80761943181493,41.43669871020132,1,0,1.302,1.303,60,0.58,142,48,0.58,210,142,48,0.0,1,1,0
10,26,91,4,1.3029192823534015,compromised,susceptible,0,1,0.0,-1,-1,0,0,0,1,17.4,14.9,17.84703356533139,29.461330587738228,27.80761943181493,41.43669871020132,1,0,1.302,1.303,60,0.58,142,48,0.58,210,142,48,0.0,1,1,0
10,27,91,4,1.3029192823534015,compromised,susceptible,0,1,0.0,-1,-1,0,0,0,1,17.4,14.9,17.84703356533139,29.461330587738228,27.80761943181493,41.43669871020132,1,0,1.302,1.303,60,0.58,142,48,0.58,210,142,48,0.0,1,1,0
10,28,91,4,1.3029192823534015,compromised,susceptible,0,1,0.0,-1,-1,0,0,0,1,17.4,14.9,17.84703356533139,29.461330587738228,27.80761943181493,41.43669871020132,1,0,1.302,1.303,60,0.58,142,48,0.58,210,142,48,0.0,1,1,0
10,29,91,4,1.3029192823534015,compromised,susceptible,0,1,0.0,-1,-1,0,0,0,1,17.4,14.9,17.84703356533139,29.461330587738228,27.80761943181493,41.43669871020132,1,0,1.302,1.303,60,0.58,142,48,0.58,210,142,48,0.0,1,1,0
10,30,91,4,1.3029192823534015,compromised,susceptible,0,1,0.0,-1,-1,0,0,0,1,17.4,14.9,17.84703356533139,29.461330587738228,27.80761943181493,41.43669871020132,1,0,1.302,1.303,60,0.58,142,48,0.58,210,142,48,0.0,1,1,0
10,31,91,4,1.3029192823534015,compromised,susceptible,0,1,0.0,-1,-1,0,0,0,1,17.4,14.9,17.84703356533139,29.461330587738228,27.80761943181493,41.43669871020132,1,0,1.302,1.303,60,0.58,142,48,0.58,210,142,48,0.0,1,1,0
10,32,91,4,1.3029192823534015,compromised,susceptible,0,1,0.0,-1,-1,0,0,0,1,17.4,14.9,17.84703356533139,29.461330587738228,27.80761943181493,41.43669871020132,1,0,1.302,1.303,60,0.58,142,48,0.58,210,142,48,0.0,1,1,0
10,33,91,4,1.3029192823534015,compromised,susceptible,0,1,0.0,-1,-1,0,0,0,1,17.4,14.9,17.84703356533139,29.461330587738228,27.80761943181493,41.43669871020132,1,0,1.302,1.303,60,0.58,142,48,0.58,210,142,48,0.0,1,1,0
10,34,91,4,1.3029192823534015,compromised,susceptible,0,1,0.0,-1,-1,0,0,0,1,17.4,14.9,17.84703356533139,29.461330587738228,27.80761943181493,41.43669871020132,1,0,1.302,1.303,60,0.58,142,48,0.58,210,142,48,0.0,1,1,0
10,35,91,4,1.3029192823534015,compromised,susceptible,0,1,0.0,-1,-1,0,0,0,1,17.4,14.9,17.84703356533139,29.461330587738228,27.80761943181493,41.43669871020132,1,0,1.302,1.303,60,0.58,142,48,0.58,210,142,48,0.0,1,1,0
10,36,91,4,1.3029192823534015,compromised,susceptible,0,1,0.0,-1,-1,0,0,0,1,17.4,14.9,17.84703356533139,29.461330587738228,27.80761943181493,41.43669871020132,1,0,1.302,1.303,60,0.58,142,48,0.58,210,142,48,0.0,1,1,0
10,37,91,4,1.3029192823534015,compromised,susceptible,0,1,0.0,-1,-1,0,0,0,1,17.4,14.9,17.84703356533139,29.461330587738228,27.80761943181493,41.43669871020132,1,0,1.302,1.303,60,0.58,142,48,0.58,210,142,48,0.0,1,1,0
10,38,91,4,1.3029192823534015,compromised,susceptible,0,1,0.0,-1,-1,0,0,0,1,17.4,14.9,17.84703356533139,29.461330587738228,27.80761943181493,41.43669871020132,1,0,1.302,1.303,60,0.58,142,48,0.58,210,142,48,0.0,1,1,0
10,39,91,4,1.3029192823534015,compromised,susceptible,0,1,0.0,-1,-1,0,0,0,1,17.4,14.9,17.84703356533139,29.461330587738228,27.80761943181493,41.43669871020132,1,0,1.302,1.303,60,0.58,142,48,0.58,210,142,48,0.0,1,1,0
11,0,149,6,1.3026590184917581,medium,susceptible,0,1,0.0,-1,-1,0,1,0,0,10.2,28.1,15.106418799506907,20.92008604188807,25.251011177135577,37.48332962798263,1,0,1.302,1.303,60,0.58,142,48,0.58,210,142,48,0.0,1,1,0
11,1,149,6,1.3026590184917581,medium,susceptible,0,1,0.0,-1,-1,0,1,0,0,10.2,28.1,15.106418799506907,20.92008604188807,25.251011177135577,37.48332962798263,1,0,1.302,1.303,60,0.58,142,48,0.58,210,142,48,0.0,1,1,0
11,2,149,6,1.3026590184917581,medium,susceptible,0,1,0.0,-1,-1,0,1,0,0,10.2,28.1,15.106418799506907,20.92008604188807,25.251011177135577,37.48332962798263,1,0,1.302,1.303,60,0.58,142,48,0.58,210,142,48,0.0,1,1,0
11,3,149,6,1.3026590184917581,medium,susceptible,0,1,0.0,-1,-1,0,1,0,0,10.2,28.1,15.106418799506907,20.92008604188807,25.251011177135577,37.48332962798263,1,0,1.302,1.303,60,0.58,142,48,0.58,210,142,48,0.0,1,1,0
11,4,149,6,1.3026590184917581,medium,susceptible,0,1,0.0,-1,-1,0,1,0,0,10.2,28.1,15.106418799506907,20.92008604188807,25.251011177135577,37.48332962798263,1,0,1.302,1.303,60,0.58,142,48,0.58,210,142,48,0.0,1,1,0
11,5,149,6,1.3026590184917581,medium,susceptible,0,1,0.0,-1,-1,0,1,0,0,10.2,28.1,15.106418799506907,20.92008604188807,25.251011177135577,37.48332962798263,1,0,1.302,1.303,60,0.58,142,48,0.58,210,142,48,0.0,1,1,0
11,6,149,6,1.3026590184917581,medium,susceptible,0,1,0.0,-1,-1,0,1,0,0,10.2,28.1,15.106418799506907,20.92008604188807,25.251011177135577,37.48332962798263,1,0,1.302,1.303,60,0.58,142,48,0.58,210,142,48,0.0,1,1,0
11,7,149,6,1.3026590184917581,medium,susceptible,0,1,0.0,-1,-1,0,1,0,0,10.2,28.1,15.106418799506907,20.92008604188807,25.251011177135577,37.48332962798263,1,0,1.302,1.303,60,0.58,142,48,0.58,210,142,48,0.0,1,1,0
11,8,149,6,1.3026590184917581,medium,susceptible,0,1,0.0,-1,-1,0,1,0,0,10.2,28.1,15.106418799506907,20.92008604188807,25.251011177135577,37.48332962798263,1,0,1.302,1.303,60,0.58,142,48,0.58,210,142,48,0.0,1,1,0
11,9,149,6,1.3026590184917581,medium,susceptible,0,1,0.0,-1,-1,0,1,0,0,10.2,28.1,15.106418799506907,20.92008604188807,25.251011177135577,37.48332962798263,1,0,1.302,1.303,60,0.58,142,48,0.58,210,142,48,0.0,1,1,0
11,10,149,6,1.3026590184917581,medium,susceptible,0,1,0.0,-1,-1,0,1,0,0,10.2,28.1,15.106418799506907,20.92008604188807,25.251011177135577,37.48332962798263,1,0,1.302,1.303,60,0.58,142,48,0.58,210,142,48,0.0,1,1,0
11,11,149,6,1.3026590184917581,medium,susceptible,0,1,0.0,-1,-1,0,1,0,0,10.2,28.1,15.106418799506907,20.92008604188807,25.251011177135577,37.48332962798263,1,0,1.302,1.303,60,0.58,142,48,0.58,210,142,48,0.0,1,1,0
11,12,149,6,1.3026590184917581,medium,susceptible,0,1,0.0,-1,-1,0,1,0,0,10.2,28.1,15.106418799506907,20.92008604188807,25.251011177135577,37.48332962798263,1,0,1.302,1.303,60,0.58,142,48,0.58,210,142,48,0.0,1,1,0
11,13,149,6,1.3026590184917581,medium,susceptible,0,1,0.0,-1,-1,0,1,0,0,10.2,28.1,15.106418799506907,20.92008604188807,25.251011177135577,37.48332962798263,1,0,1.302,1.303,60,0.58,142,48,0.58,210,142,48,0.0,1,1,0
11,14,149,6,1.3026590184917581,medium,susceptible,0,1,0.0,-1,-1,0,1,0,0,10.2,28.1,15.106418799506907,20.92008604188807,25.251011177135577,37.48332962798263,1,0,1.302,1.303,60,0.58,142,48,0.58,210,142,48,0.0,1,1,0
11,15,149,6,1.3026590184917581,medium,susceptible,0,1,0.0,-1,-1,0,1,0,0,10.2,28.1,15.106418799506907,20.92008604188807,25.251011177135577,37.48332962798263,1,0,1.302,1.303,60,0.58,142,48,0.58,210,142,48,0.0,1,1,0
11,16,149,6,1.3026590184917581,medium,susceptible,0,1,0.0,-1,-1,0,1,0,0,10.2,28.1,15.106418799506907,20.92008604188807,25.251011177135577,37.48332962798263,1,0,1.302,1.303,60,0.58,142,48,0.58,210,142,48,0.0,1,1,0
11,17,149,6,1.3026590184917581,medium,susceptible,0,1,0.0,-1,-1,0,1,0,0,10.2,28.1,15.106418799506907,20.92008604188807,25.251011177135577,37.48332962798263,1,0,1.302,1.303,60,0.58,142,48,0.58,210,142,48,0.0,1,1,0
11,18,149,6,1.3026590184917581,medium,susceptible,0,1,0.0,-1,-1,0,1,0,0,10.2,28.1,15.106418799506907,20.92008604188807,25.251011177135577,37.48332962798263,1,0,1.302,1.303,60,0.58,142,48,0.58,210,142,48,0.0,1,1,0
11,19,149,6,1.3026590184917581,medium,susceptible,0,1,0.0,-1,-1,0,1,0,0,10.2,28.1,15.106418799506907,20.92008604188807,25.251011177135577,37.48332962798263,1,0,1.302,1.303,60,0.58,142,48,0.58,210,142,48,0.0,1,1,0
11,20,149,6,1.3026590184917581,medium,susceptible,0,1,0.0,-1,-1,0,1,0,0,10.2,28.1,15.106418799506907,20.92008604188807,25.251011177135577,37.48332962798263,1,0,1.302,1.303,60,0.58,142,48,0.58,210,142,48,0.0,1,1,0
11,21,149,6,1.3026590184917581,medium,susceptible,0,1,0.0,-1,-1,0,1,0,0,10.2,28.1,15.106418799506907,20.92008604188807,25.251011177135577,37.48332962798263,1,0,1.302,1.303,60,0.58,142,48,0.58,210,142,48,0.0,1,1,0
11,22,149,6,1.3026590184917581,medium,susceptible,0,1,0.0,-1,-1,0,1,0,0,10.2,28.1,15.106418799506907,20.92008604188807,25.251011177135577,37.48332962798263,1,0,1.302,1.303,60,0.58,142,48,0.58,210,142,48,0.0,1,1,0
11,23,149,6,1.3026590184917581,medium,susceptible,0,1,0.0,-1,-1,0,1,0,0,10.2,28.1,15.106418799506907,20.92008604188807,25.251011177135577,37.48332962798263,1,0,1.302,1.303,60,0.58,142,48,0.58,210,142,48,0.0,1,1,0
11,24,149,6,1.3026590184917581,medium,susceptible,0,1,0.0,-1,-1,0,1,0,0,10.2,28.1,15.106418799506907,20.92008604188807,25.251011177135577,37.48332962798263,1,0,1.302,1.303,60,0.58,142,48,0.58,210,142,48,0.0,1,1,0
11,25,149,6,1.3026590184917581,medium,susceptible,0,1,0.0,-1,-1,0,1,0,0,10.2,28.1,15.106418799506907,20.92008604188807,25.251011177135577,37.48332962798263,1,0,1.302,1.303,60,0.58,142,48,0.58,210,142,48,0.0,1,1,0
11,26,149,6,1.3026590184917581,medium,susceptible,0,1,0.0,-1,-1,0,1,0,0,10.2,28.1,15.106418799506907,20.92008604188807,25.251011177135577,37.48332962798263,1,0,1.302,1.303,60,0.58,142,48,0.58,210,142,48,0.0,1,1,0
11,27,149,6,1.3026590184917581,medium,susceptible,0,1,0.0,-1,-1,0,1,0,0,10.2,28.1,15.106418799506907,20.92008604188807,25.251011177135577,37.48332962798263,1,0,1.302,1.303,60,0.58,142,48,0.58,210,142,48,0.0,1,1,0
11,28,149,6,1.3026590184917581,medium,susceptible,0,1,0.0,-1,-1,0,1,0,0,10.2,28.1,15.106418799506907,20.92008604188807,25.251011177135577,37.48332962798263,1,0,1.302,1.303,60,0.58,142,48,0.58,210,142,48,0.0,1,1,0
11,29,149,6,1.3026590184917581,medium,susceptible,0,1,0.0,-1,-1,0,1,0,0,10.2,28.1,15.106418799506907,20.92008604188807,25.251011177135577,37.48332962798263,1,0,1.302,1.303,60,0.58,142,48,0.58,210,142,48,0.0,1,1,0
11,30,149,6,1.3026590184917581,medium,susceptible,0,1,0.0,-1,-1,0,1,0,0,10.2,28.1,15.106418799506907,20.92008604188807,25.251011177135577,37.48332962798263,1,0,1.302,1.303,60,0.58,142,48,0.58,210,142,48,0.0,1,1,0
11,31,149,6,1.3026590184917581,medium,susceptible,0,1,0.0,-1,-1,0,1,0,0,10.2,28.1,15.106418799506907,20.92008604188807,25.251011177135577,37.48332962798263,1,0,1.302,1.303,60,0.58,142,48,0.58,210,142,48,0.0,1,1,0
11,32,149,6,1.3026590184917581,medium,susceptible,0,1,0.0,-1,-1,0,1,0,0,10.2,28.1,15.106418799506907,20.92008604188807,25.251011177135577,37.48332962798263,1,0,1.302,1.303,60,0.58,142,48,0.58,210,142,48,0.0,1,1,0
11,33,149,6,1.3026590184917581,medium,susceptible,0,1,0.0,-1,-1,0,1,0,0,10.2,28.1,15.106418799506907,20.92008604188807,25.251011177135577,37.48332962798263,1,0,1.302,1.303,60,0.58,142,48,0.58,210,142,48,0.0,1,1,0
11,34,149,6,1.3026590184917581,medium,susceptible,0,1,0.0,-1,-1,0,1,0,0,10.2,28.1,15.106418799506907,20.92008604188807,25.251011177135577,37.48332962798263,1,0,1.302,1.303,60,0.58,142,48,0.58,210,142,48,0.0,1,1,0
11,35,149,6,1.3026590184917581,medium,susceptible,0,1,0.0,-1,-1,0,1,0,0,10.2,28.1,15.106418799506907,20.92008604188807,25.251011177135577,37.48332962798263,1,0,1.302,1.303,60,0.58,142,48,0.58,210,142,48,0.0,1,1,0
11,36,149,6,1.3026590184917581,medium,susceptible,0,1,0.0,-1,-1,0,1,0,0,10.2,28.1,15.106418799506907,20.92008604188807,25.251011177135577,37.48332962798263,1,0,1.302,1.303,60,0.58,142,48,0.58,210,142,48,0.0,1,1,0
11,37,149,6,1.3026590184917581,medium,susceptible,0,1,0.0,-1,-1,0,1,0,0,10.2,28.1,15.106418799506907,20.92008604188807,25.251011177135577,37.48332962798263,1,0,1.302,1.303,60,0.58,142,48,0.58,210,142,48,0.0,1,1,0
11,38,149,6,1.3026590184917581,medium,susceptible,0,1,0.0,-1,-1,0,1,0,0,10.2,28.1,15.106418799506907,20.92008604188807,25.251011177135577,37.48332962798263,1,0,1.302,1.303,60,0.58,142,48,0.58,210,142,48,0.0,1,1,0
11,39,149,6,1.3026590184917581,medium,susceptible,0,1,0.0,-1,-1,0,1,0,0,10.2,28.1,15.106418799506907,20.92008604188807,25.251011177135577,37.48332962798263,1,0,1.302,1.303,60,0.58,142,48,0.58,210,142,48,0.0,1,1,0
12,0,55,3,1.3023350131621463,compromised,susceptible,0,1,0.0,-1,-1,0,0,0,1,19.4,21.5,15.114566414921644,21.293426215618755,24.659386966701202,42.44997055358225,1,0,1.302,1.303,60,0.58,142,48,0.58,210,142,48,0.0,1,1,0
12,1,55,3,1.3023350131621463,compromised,susceptible,0,1,0.0,-1,-1,0,0,0,1,19.4,21.5,15.114566414921644,21.293426215618755,24.659386966701202,42.44997055358225,1,0,1.302,1.303,60,0.58,142,48,0.58,210,142,48,0.0,1,1,0
12,2,55,3,1.3023350131621463,compromised,susceptible,0,1,0.0,-1,-1,0,0,0,1,19.4,21.5,15.114566414921644,21.293426215618755,24.659386966701202,42.44997055358225,1,0,1.302,1.303,60,0.58,142,48,0.58,210,142,48,0.0,1,1,0
12,3,55,3,1.3023350131621463,compromised,susceptible,0,1,0.0,-1,-1,0,0,0,1,19.4,21.5,15.114566414921644,21.293426215618755,24.659386966701202,42.44997055358225,1,0,1.302,1.303,60,0.58,142,48,0.58,210,142,48,0.0,1,1,0
12,4,55,3,1.3023350131621463,compromised,susceptible,0,1,0.0,-1,-1,0,0,0,1,19.4,21.5,15.114566414921644,21.293426215618755,24.659386966701202,42.44997055358225,1,0,1.302,1.303,60,0.58,142,48,0.58,210,142,48,0.0,1,1,0
12,5,55,3,1.3023350131621463,compromised,susceptible,0,1,0.0,-1,-1,0,0,0,1,19.4,21.5,15.114566414921644,21.293426215618755,24.659386966701202,42.44997055358225,1,0,1.302,1.303,60,0.58,142,48,0.58,210,142,48,0.0,1,1,0
12,6,55,3,1.3023350131621463,compromised,susceptible,0,1,0.0,-1,-1,0,0,0,1,19.4,21.5,15.114566414921644,21.293426215618755,24.659386966701202,42.44997055358225,1,0,1.302,1.303,60,0.58,142,48,0.58,210,142,48,0.0,1,1,0
12,7,55,3,1.3023350131621463,compromised,susceptible,0,1,0.0,-1,-1,0,0,0,1,19.4,21.5,15.114566414921644,21.293426215618755,24.659386966701202,42.44997055358225,1,0,1.302,1.303,60,0.58,142,48,0.58,210,142,48,0.0,1,1,0
12,8,55,3,1.3023350131621463,compromised,susceptible,0,1,0.0,-1,-1,0,0,0,1,19.4,21.5,15.114566414921644,21.293426215618755,24.659386966701202,42.44997055358225,1,0,1.302,1.303,60,0.58,142,48,0.58,210,142,48,0.0,1,1,0
12,9,55,3,1.3023350131621463,compromised,susceptible,0,1,0.0,-1,-1,0,0,0,1,19.4,21.5,15.114566414921644,21.293426215618755,24.659386966701202,42.44997055358225,1,0,1.302,1.303,60,0.58,142,48,0.58,210,142,48,0.0,1,1,0
12,10,55,3,1.3023350131621463,compromised,susceptible,0,1,0.0,-1,-1,0,0,0,1,19.4,21.5,15.114566414921644,21.293426215618755,24.659386966701202,42.44997055358225,1,0,1.302,1.303,60,0.58,142,48,0.58,210,142,48,0.0,1,1,0
12,11,55,3,1.3023350131621463,compromised,susceptible,0,1,0.0,-1,-1,0,0,0,1,19.4,21.5,15.114566414921644,21.293426215618755,24.659386966701202,42.44997055358225,1,0,1.302,1.303,60,0.58,142,48,0.58,210,142,48,0.0,1,1,0
12,12,55,3,1.3023350131621463,compromised,susceptible,0,1,0.0,-1,-1,0,0,0,1,19.4,21.5,15.114566414921644,21.293426215618755,24.659386966701202,42.44997055358225,1,0,1.302,1.303,60,0.58,142,48,0.58,210,142,48,0.0,1,1,0
12,13,55,3,1.3023350131621463,compromised,susceptible,0,1,0.0,-1,-1,0,0,0,1,19.4,21.5,15.114566414921644,21.293426215618755,24.659386966701202,42.44997055358225,1,0,1.302,1.303,60,0.58,142,48,0.58,210,142,48,0.0,1,1,0
12,14,55,3,1.3023350131621463,compromised,susceptible,0,1,0.0,-1,-1,0,0,0,1,19.4,21.5,15.114566414921644,21.293426215618755,24.659386966701202,42.44997055358225,1,0,1.302,1.303,60,0.58,142,48,0.58,210,142,48,0.0,1,1,0
12,15,55,3,1.3023350131621463,compromised,susceptible,0,1,0.0,-1,-1,0,0,0,1,19.4,21.5,15.114566414921644,21.293426215618755,24.659386966701202,42.44997055358225,1,0,1.302,1.303,60,0.58,142,48,0.58,210,142,48,0.0,1,1,0
12,16,55,3,1.3023350131621463,compromised,susceptible,0,1,0.0,-1,-1,0,0,0,1,19.4,21.5,15.114566414921644,21.293426215618755,24.659386966701202,42.44997055358225,1,0,1.302,1.303,60,0.58,142,48,0.58,210,142,48,0.0,1,1,0
12,17,55,3,1.3023350131621463,compromised,susceptible,0,1,0.0,-1,-1,0,0,0,1,19.4,21.5,15.114566414921644,21.293426215618755,24.659386966701202,42.44997055358225,1,0,1.302,1.303,60,0.58,142,48,0.58,210,142,48,0.0,1,1,0
12,18,55,3,1.3023350131621463,compromised,susceptible,0,1,0.0,-1,-1,0,0,0,1,19.4,21.5,15.114566414921644,21.293426215618755,24.659386966701202,42.44997055358225,1,0,1.302,1.303,60,0.58,142,48,0.58,210,142,48,0.0,1,1,0
12,19,55,3,1.3023350131621463,compromised,susceptible,0,1,0.0,-1,-1,0,0,0,1,19.4,21.5,15.114566414921644,21.293426215618755,24.659386966701202,42.44997055358225,1,0,1.302,1.303,60,0.58,142,48,0.58,210,142,48,0.0,1,1,0
12,20,55,3,1.3023350131621463,compromised,susceptible,0,1,0.0,-1,-1,0,0,0,1,19.4,21.5,15.114566414921644,21.293426215618755,24.659386966701202,42.44997055358225,1,0,1.302,1.303,60,0.58,142,48,0.58,210,142,48,0.0,1,1,0
12,21,55,3,1.3023350131621463,compromised,susceptible,0,1,0.0,-1,-1,0,0,0,1,19.4,21.5,15.114566414921644,21.293426215618755,24.659386966701202,42.44997055358225,1,0,1.302,1.303,60,0.58,142,48,0.58,210,142,48,0.0,1,1,0
12,22,55,3,1.3023350131621463,compromised,susceptible,0,1,0.0,-1,-1,0,0,0,1,19.4,21.5,15.114566414921644,21.293426215618755,24.659386966701202,42.44997055358225,1,0,1.302,1.303,60,0.58,142,48,0.58,210,142,48,0.0,1,1,0
12,23,55,3,1.3023350131621463,compromised,susceptible,0,1,0.0,-1,-1,0,0,0,1,19.4,21.5,15.114566414921644,21.293426215618755,24.659386966701202,42.44997055358225,1,0,1.302,1.303,60,0.58,142,48,0.58,210,142,48,0.0,1,1,0
12,24,55,3,1.3023350131621463,compromised,susceptible,0,1,0.0,-1,-1,0,0,0,1,19.4,21.5,15.114566414921644,21.293426215618755,24.659386966701202,42.44997055358225,1,0,1.302,1.303,60,0.58,142,48,0.58,210,142,48,0.0,1,1,0
12,25,55,3,1.3023350131621463,compromised,susceptible,0,1,0.0,-1,-1,0,0,0,1,19.4,21.5,15.114566414921644,21.293426215618755,24.659386966701202,42.44997055358225,1,0,1.302,1.303,60,0.58,142,48,0.58,210,142,48,0.0,1,1,0
12,26,55,3,1.3023350131621463,compromised,susceptible,0,1,0.0,-1,-1,0,0,0,1,19.4,21.5,15.114566414921644,21.293426215618755,24.659386966701202,42.44997055358225,1,0,1.302,1.303,60,0.58,142,48,0.58,210,142,48,0.0,1,1,0
12,27,55,3,1.3023350131621463,compromised,susceptible,0,1,0.0,-1,-1,0,0,0,1,19.4,21.5,15.114566414921644,21.293426215618755,24.659386966701202,42.44997055358225,1,0,1.302,1.303,60,0.58,142,48,0.58,210,142,48,0.0,1,1,0
12,28,55,3,1.3023350131621463,compromised,susceptible,0,1,0.0,-1,-1,0,0,0,1,19.4,21.5,15.114566414921644,21.293426215618755,24.659386966701202,42.44997055358225,1,0,1.302,1.303,60,0.58,142,48,0.58,210,142,48,0.0,1,1,0
12,29,55,3,1.3023350131621463,compromised,susceptible,0,1,0.0,-1,-1,0,0,0,1,19.4,21.5,15.114566414921644,21.293426215618755,24.659386966701202,42.44997055358225,1,0,1.302,1.303,60,0.58,142,48,0.58,210,142,48,0.0,1,1,0
12,30,55,3,1.3023350131621463,compromised,susceptible,0,1,0.0,-1,-1,0,0,0,1,19.4,21.5,15.114566414921644,21.293426215618755,24.659386966701202,42.44997055358225,1,0,1.302,1.303,60,0.58,142,48,0.58,210,142,48,0.0,1,1,0
12,31,55,3,1.3023350131621463,compromised,susceptible,0,1,0.0,-1,-1,0,0,0,1,19.4,21.5,15.114566414921644,21.293426215618755,24.659386966701202,42.44997055358225,1,0,1.302,1.303,60,0.58,142,48,0.58,210,142,48,0.0,1,1,0
12,32,55,3,1.3023350131621463,compromised,susceptible,0,1,0.0,-1,-1,0,0,0,1,19.4,21.5,15.114566414921644,21.293426215618755,24.659386966701202,42.44997055358225,1,0,1.302,1.303,60,0.58,142,48,0.58,210,142,48,0.0,1,1,0
12,33,55,3,1.3023350131621463,compromised,susceptible,0,1,0.0,-1,-1,0,0,0,1,19.4,21.5,15.114566414921644,21.293426215618755,24.659386966701202,42.44997055358225,1,0,1.302,1.303,60,0.58,142,48,0.58,210,142,48,0.0,1,1,0
12,34,55,3,1.3023350131621463,compromised,susceptible,0,1,0.0,-1,-1,0,0,0,1,19.4,21.5,15.114566414921644,21.293426215618755,24.659386966701202,42.44997055358225,1,0,1.302,1.303,60,0.58,142,48,0.58,210,142,48,0.0,1,1,0
12,35,55,3,1.3023350131621463,compromised,susceptible,0,1,0.0,-1,-1,0,0,0,1,19.4,21.5,15.114566414921644,21.293426215618755,24.659386966701202,42.44997055358225,1,0,1.302,1.303,60,0.58,142,48,0.58,210,142,48,0.0,1,1,0
12,36,55,3,1.3023350131621463,compromised,susceptible,0,1,0.0,-1,-1,0,0,0,1,19.4,21.5,15.114566414921644,21.293426215618755,24.659386966701202,42.44997055358225,1,0,1.302,1.303,60,0.58,142,48,0.58,210,142,48,0.0,1,1,0
12,37,55,3,1.3023350131621463,compromised,susceptible,0,1,0.0,-1,-1,0,0,0,1,19.4,21.5,15.114566414921644,21.293426215618755,24.659386966701202,42.44997055358225,1,0,1.302,1.303,60,0.58,142,48,0.58,210,142,48,0.0,1,1,0
12,38,55,3,1.3023350131621463,compromised,susceptible,0,1,0.0,-1,-1,0,0,0,1,19.4,21.5,15.114566414921644,21.293426215618755,24.659386966701202,42.44997055358225,1,0,1.302,1.303,60,0.58,142,48,0.58,210,142,48,0.0,1,1,0
12,39,55,3,1.3023350131621463,compromised,susceptible,0,1,0.0,-1,-1,0,0,0,1,19.4,21.5,15.114566414921644,21.293426215618755,24.659386966701202,42.44997055358225,1,0,1.302,1.303,60,0.58,142,48,0.58,210,142,48,0.0,1,1,0
13,0,129,2,1.3022910595191455,medium,susceptible,0,1,0.0,-1,-1,0,1,0,0,23.8,20.3,19.240033252633065,26.7904833849634,23.832857089116175,42.190046219457976,1,0,1.302,1.303,60,0.58,142,48,0.58,210,142,48,0.0,1,1,0
13,1,129,2,1.3022910595191455,medium,susceptible,0,1,0.0,-1,-1,0,1,0,0,23.8,20.3,19.240033252633065,26.7904833849634,23.832857089116175,42.190046219457976,1,0,1.302,1.303,60,0.58,142,48,0.58,210,142,48,0.0,1,1,0
13,2,129,2,1.3022910595191455,medium,susceptible,0,1,0.0,-1,-1,0,1,0,0,23.8,20.3,19.240033252633065,26.7904833849634,23.832857089116175,42.190046219457976,1,0,1.302,1.303,60,0.58,142,48,0.58,210,142,48,0.0,1,1,0
13,3,129,2,1.3022910595191455,medium,susceptible,0,1,0.0,-1,-1,0,1,0,0,23.8,20.3,19.240033252633065,26.7904833849634,23.832857089116175,42.190046219457976,1,0,1.302,1.303,60,0.58,142,48,0.58,210,142,48,0.0,1,1,0
13,4,129,2,1.3022910595191455,medium,susceptible,0,1,0.0,-1,-1,0,1,0,0,23.8,20.3,19.240033252633065,26.7904833849634,23.832857089116175,42.190046219457976,1,0,1.302,1.303,60,0.58,142,48,0.58,210,142,48,0.0,1,1,0
13,5,129,2,1.3022910595191455,medium,susceptible,0,1,0.0,-1,-1,0,1,0,0,23.8,20.3,19.240033252633065,26.7904833849634,23.832857089116175,42.190046219457976,1,0,1.302,1.303,60,0.58,142,48,0.58,210,142,48,0.0,1,1,0
13,6,129,2,1.3022910595191455,medium,susceptible,0,1,0.0,-1,-1,0,1,0,0,23.8,20.3,19.240033252633065,26.7904833849634,23.832857089116175,42.190046219457976,1,0,1.302,1.303,60,0.58,142,48,0.58,210,142,48,0.0,1,1,0
13,7,129,2,1.3022910595191455,medium,susceptible,0,1,0.0,-1,-1,0,1,0,0,23.8,20.3,19.240033252633065,26.7904833849634,23.832857089116175,42.190046219457976,1,0,1.302,1.303,60,0.58,142,48,0.58,210,142,48,0.0,1,1,0
13,8,129,2,1.3022910595191455,medium,susceptible,0,1,0.0,-1,-1,0,1,0,0,23.8,20.3,19.240033252633065,26.7904833849634,23.832857089116175,42.190046219457976,1,0,1.302,1.303,60,0.58,142,48,0.58,210,142,48,0.0,1,1,0
13,9,129,2,1.3022910595191455,medium,susceptible,0,1,0.0,-1,-1,0,1,0,0,23.8,20.3,19.240033252633065,26.7904833849634,23.832857089116175,42.190046219457976,1,0,1.302,1.303,60,0.58,142,48,0.58,210,142,48,0.0,1,1,0
13,10,129,2,1.3022910595191455,medium,susceptible,0,1,0.0,-1,-1,0,1,0,0,23.8,20.3,19.240033252633065,26.7904833849634,23.832857089116175,42.190046219457976,1,0,1.302,1.303,60,0.58,142,48,0.58,210,142,48,0.0,1,1,0
13,11,129,2,1.3022910595191455,medium,susceptible,0,1,0.0,-1,-1,0,1,0,0,23.8,20.3,19.240033252633065,26.7904833849634,23.832857089116175,42.190046219457976,1,0,1.302,1.303,60,0.58,142,48,0.58,210,142,48,0.0,1,1,0
13,12,129,2,1.3022910595191455,medium,susceptible,0,1,0.0,-1,-1,0,1,0,0,23.8,20.3,19.240033252633065,26.7904833849634,23.832857089116175,42.190046219457976,1,0,1.302,1.303,60,0.58,142,48,0.58,210,142,48,0.0,1,1,0
13,13,129,2,1.3022910595191455,medium,susceptible,0,1,0.0,-1,-1,0,1,0,0,23.8,20.3,19.240033252633065,26.7904833849634,23.832857089116175,42.190046219457976,1,0,1.302,1.303,60,0.58,142,48,0.58,210,142,48,0.0,1,1,0
13,14,129,2,1.3022910595191455,medium,susceptible,0,1,0.0,-1,-1,0,1,0,0,23.8,20.3,19.240033252633065,26.7904833849634,23.832857089116175,42.190046219457976,1,0,1.302,1.303,60,0.58,142,48,0.58,210,142,48,0.0,1,1,0
13,15,129,2,1.3022910595191455,medium,susceptible,0,1,0.0,-1,-1,0,1,0,0,23.8,20.3,19.240033252633065,26.7904833849634,23.832857089116175,42.190046219457976,1,0,1.302,1.303,60,0.58,142,48,0.58,210,142,48,0.0,1,1,0
13,16,129,2,1.3022910595191455,medium,susceptible,0,1,0.0,-1,-1,0,1,0,0,23.8,20.3,19.240033252633065,26.7904833849634,23.832857089116175,42.190046219457976,1,0,1.302,1.303,60,0.58,142,48,0.58,210,142,48,0.0,1,1,0
13,17,129,2,1.3022910595191455,medium,susceptible,0,1,0.0,-1,-1,0,1,0,0,23.8,20.3,19.240033252633065,26.7904833849634,23.832857089116175,42.190046219457976,1,0,1.302,1.303,60,0.58,142,48,0.58,210,142,48,0.0,1,1,0
13,18,129,2,1.3022910595191455,medium,susceptible,0,1,0.0,-1,-1,0,1,0,0,23.8,20.3,19.240033252633065,26.7904833849634,23.832857089116175,42.190046219457976,1,0,1.302,1.303,60,0.58,142,48,0.58,210,142,48,0.0,1,1,0
13,19,129,2,1.3022910595191455,medium,susceptible,0,1,0.0,-1,-1,0,1,0,0,23.8,20.3,19.240033252633065,26.7904833849634,23.832857089116175,42.190046219457976,1,0,1.302,1.303,60,0.58,142,48,0.58,210,142,48,0.0,1,1,0
13,20,129,2,1.3022910595191455,medium,susceptible,0,1,0.0,-1,-1,0,1,0,0,23.8,20.3,19.240033252633065,26.7904833849634,23.832857089116175,42.190046219457976,1,0,1.302,1.303,60,0.58,142,48,0.58,210,142,48,0.0,1,1,0
13,21,129,2,1.3022910595191455,medium,susceptible,0,1,0.0,-1,-1,0,1,0,0,23.8,20.3,19.240033252633065,26.7904833849634,23.832857089116175,42.190046219457976,1,0,1.302,1.303,60,0.58,142,48,0.58,210,142,48,0.0,1,1,0
13,22,129,2,1.3022910595191455,medium,susceptible,0,1,0.0,-1,-1,0,1,0,0,23.8,20.3,19.240033252633065,26.7904833849634,23.832857089116175,42.190046219457976,1,0,1.302,1.303,60,0.58,142,48,0.58,210,142,48,0.0,1,1,0
13,23,129,2,1.3022910595191455,medium,susceptible,0,1,0.0,-1,-1,0,1,0,0,23.8,20.3,19.240033252633065,26.7904833849634,23.832857089116175,42.190046219457976,1,0,1.302,1.303,60,0.58,142,48,0.58,210,142,48,0.0,1,1,0
13,24,129,2,1.3022910595191455,medium,susceptible,0,1,0.0,-1,-1,0,1,0,0,23.8,20.3,19.240033252633065,26.7904833849634,23.832857089116175,42.190046219457976,1,0,1.302,1.303,60,0.58,142,48,0.58,210,142,48,0.0,1,1,0
13,25,129,2,1.3022910595191455,medium,susceptible,0,1,0.0,-1,-1,0,1,0,0,23.8,20.3,19.240033252633065,26.7904833849634,23.832857089116175,42.190046219457976,1,0,1.302,1.303,60,0.58,142,48,0.58,210,142,48,0.0,1,1,0
13,26,129,2,1.3022910595191455,medium,susceptible,0,1,0.0,-1,-1,0,1,0,0,23.8,20.3,19.240033252633065,26.7904833849634,23.832857089116175,42.190046219457976,1,0,1.302,1.303,60,0.58,142,48,0.58,210,142,48,0.0,1,1,0
13,27,129,2,1.3022910595191455,medium,susceptible,0,1,0.0,-1,-1,0,1,0,0,23.8,20.3,19.240033252633065,26.7904833849634,23.832857089116175,42.190046219457976,1,0,1.302,1.303,60,0.58,142,48,0.58,210,142,48,0.0,1,1,0
13,28,129,2,1.3022910595191455,medium,susceptible,0,1,0.0,-1,-1,0,1,0,0,23.8,20.3,19.240033252633065,26.7904833849634,23.832857089116175,42.190046219457976,1,0,1.302,1.303,60,0.58,142,48,0.58,210,142,48,0.0,1,1,0
13,29,129,2,1.3022910595191455,medium,susceptible,0,1,0.0,-1,-1,0,1,0,0,23.8,20.3,19.240033252633065,26.7904833849634,23.832857089116175,42.190046219457976,1,0,1.302,1.303,60,0.58,142,48,0.58,210,142,48,0.0,1,1,0
13,30,129,2,1.3022910595191455,medium,susceptible,0,1,0.0,-1,-1,0,1,0,0,23.8,20.3,19.240033252633065,26.7904833849634,23.832857089116175,42.190046219457976,1,0,1.302,1.303,60,0.58,142,48,0.58,210,142,48,0.0,1,1,0
13,31,129,2,1.3022910595191455,medium,susceptible,0,1,0.0,-1,-1,0,1,0,0,23.8,20.3,19.240033252633065,26.7904833849634,23.832857089116175,42.190046219457976,1,0,1.302,1.303,60,0.58,142,48,0.58,210,142,48,0.0,1,1,0
13,32,129,2,1.3022910595191455,medium,susceptible,0,1,0.0,-1,-1,0,1,0,0,23.8,20.3,19.240033252633065,26.7904833849634,23.832857089116175,42.190046219457976,1,0,1.302,1.303,60,0.58,142,48,0.58,210,142,48,0.0,1,1,0
13,33,129,2,1.3022910595191455,medium,susceptible,0,1,0.0,-1,-1,0,1,0,0,23.8,20.3,19.240033252633065,26.7904833849634,23.832857089116175,42.190046219457976,1,0,1.302,1.303,60,0.58,142,48,0.58,210,142,48,0.0,1,1,0
13,34,129,2,1.3022910595191455,medium,susceptible,0,1,0.0,-1,-1,0,1,0,0,23.8,20.3,19.240033252633065,26.7904833849634,23.832857089116175,42.190046219457976,1,0,1.302,1.303,60,0.58,142,48,0.58,210,142,48,0.0,1,1,0
13,35,129,2,1.3022910595191455,medium,susceptible,0,1,0.0,-1,-1,0,1,0,0,23.8,20.3,19.240033252633065,26.7904833849634,23.832857089116175,42.190046219457976,1,0,1.302,1.303,60,0.58,142,48,0.58,210,142,48,0.0,1,1,0
13,36,129,2,1.3022910595191455,medium,susceptible,0,1,0.0,-1,-1,0,1,0,0,23.8,20.3,19.240033252633065,26.7904833849634,23.832857089116175,42.190046219457976,1,0,1.302,1.303,60,0.58,142,48,0.58,210,142,48,0.0,1,1,0
13,37,129,2,1.3022910595191455,medium,susceptible,0,1,0.0,-1,-1,0,1,0,0,23.8,20.3,19.240033252633065,26.7904833849634,23.832857089116175,42.190046219457976,1,0,1.302,1.303,60,0.58,142,48,0.58,210,142,48,0.0,1,1,0
13,38,129,2,1.3022910595191455,medium,susceptible,0,1,0.0,-1,-1,0,1,0,0,23.8,20.3,19.240033252633065,26.7904833849634,23.832857089116175,42.190046219457976,1,0,1.302,1.303,60,0.58,142,48,0.58,210,142,48,0.0,1,1,0
13,39,129,2,1.3022910595191455,medium,susceptible,0,1,0.0,-1,-1,0,1,0,0,23.8,20.3,19.240033252633065,26.7904833849634,23.832857089116175,42.190046219457976,1,0,1.302,1.303,60,0.58,142,48,0.58,210,142,48,0.0,1,1,0
14,0,35,3,1.30224805850122,medium,susceptible,0,1,0.0,-1,-1,0,1,0,0,16.4,24.7,14.722742282873744,26.5,23.36915205852983,46.0,1,0,1.302,1.303,60,0.58,142,48,0.58,210,142,48,0.0,1,1,0
14,1,35,3,1.30224805850122,medium,susceptible,0,1,0.0,-1,-1,0,1,0,0,16.4,24.7,14.722742282873744,26.5,23.36915205852983,46.0,1,0,1.302,1.303,60,0.58,142,48,0.58,210,142,48,0.0,1,1,0
14,2,35,3,1.30224805850122,medium,susceptible,0,1,0.0,-1,-1,0,1,0,0,16.4,24.7,14.722742282873744,26.5,23.36915205852983,46.0,1,0,1.302,1.303,60,0.58,142,48,0.58,210,142,48,0.0,1,1,0
14,3,35,3,1.30224805850122,medium,susceptible,0,1,0.0,-1,-1,0,1,0,0,16.4,24.7,14.722742282873744,26.5,23.36915205852983,46.0,1,0,1.302,1.303,60,0.58,142,48,0.58,210,142,48,0.0,1,1,0
14,4,35,3,1.30224805850122,medium,susceptible,0,1,0.0,-1,-1,0,1,0,0,16.4,24.7,14.722742282873744,26.5,23.36915205852983,46.0,1,0,1.302,1.303,60,0.58,142,48,0.58,210,142,48,0.0,1,1,0
14,5,35,3,1.30224805850122,medium,susceptible,0,1,0.0,-1,-1,0,1,0,0,16.4,24.7,14.722742282873744,26.5,23.36915205852983,46.0,1,0,1.302,1.303,60,0.58,142,48,0.58,210,142,48,0.0,1,1,0
14,6,35,3,1.30224805850122,medium,susceptible,0,1,0.0,-1,-1,0,1,0,0,16.4,24.7,14.722742282873744,26.5,23.36915205852983,46.0,1,0,1.302,1.303,60,0.58,142,48,0.58,210,142,48,0.0,1,1,0
14,7,35,3,1.30224805850122,medium,susceptible,0,1,0.0,-1,-1,0,1,0,0,16.4,24.7,14.722742282873744,26.5,23.36915205852983,46.0,1,0,1.302,1.303,60,0.58,142,48,0.58,210,142,48,0.0,1,1,0
14,8,35,3,1.30224805850122,medium,susceptible,0,1,0.0,-1,-1,0,1,0,0,16.4,24.7,14.722742282873744,26.5,23.36915205852983,46.0,1,0,1.302,1.303,60,0.58,142,48,0.58,210,142,48,0.0,1,1,0
14,9,35,3,1.30224805850122,medium,susceptible,0,1,0.0,-1,-1,0,1,0,0,16.4,24.7,14.722742282873744,26.5,23.36915205852983,46.0,1,0,1.302,1.303,60,0.58,142,48,0.58,210,142,48,0.0,1,1,0
14,10,35,3,1.30224805850122,medium,susceptible,0,1,0.0,-1,-1,0,1,0,0,16.4,24.7,14.722742282873744,26.5,23.36915205852983,46.0,1,0,1.302,1.303,60,0.58,142,48,0.58,210,142,48,0.0,1,1,0
14,11,35,3,1.30224805850122,medium,susceptible,0,1,0.0,-1,-1,0,1,0,0,16.4,24.7,14.722742282873744,26.5,23.36915205852983,46.0,1,0,1.302,1.303,60,0.58,142,48,0.58,210,142,48,0.0,1,1,0
14,12,35,3,1.30224805850122,medium,susceptible,0,1,0.0,-1,-1,0,1,0,0,16.4,24.7,14.722742282873744,26.5,23.36915205852983,46.0,1,0,1.302,1.303,60,0.58,142,48,0.58,210,142,48,0.0,1,1,0
14,13,35,3,1.30224805850122,medium,susceptible,0,1,0.0,-1,-1,0,1,0,0,16.4,24.7,14.722742282873744,26.5,23.36915205852983,46.0,1,0,1.302,1.303,60,0.58,142,48,0.58,210,142,48,0.0,1,1,0
14,14,35,3,1.30224805850122,medium,susceptible,0,1,0.0,-1,-1,0,1,0,0,16.4,24.7,14.722742282873744,26.5,23.36915205852983,46.0,1,0,1.302,1.303,60,0.58,142,48,0.58,210,142,48,0.0,1,1,0
14,15,35,3,1.30224805850122,medium,susceptible,0,1,0.0,-1,-1,0,1,0,0,16.4,24.7,14.722742282873744,26.5,23.36915205852983,46.0,1,0,1.302,1.303,60,0.58,142,48,0.58,210,142,48,0.0,1,1,0
14,16,35,3,1.30224805850122,medium,susceptible,0,1,0.0,-1,-1,0,1,0,0,16.4,24.7,14.722742282873744,26.5,23.36915205852983,46.0,1,0,1.302,1.303,60,0.58,142,48,0.58,210,142,48,0.0,1,1,0
14,17,35,3,1.30224805850122,medium,susceptible,0,1,0.0,-1,-1,0,1,0,0,16.4,24.7,14.722742282873744,26.5,23.36915205852983,46.0,1,0,1.302,1.303,60,0.58,142,48,0.58,210,142,48,0.0,1,1,0
14,18,35,3,1.30224805850122,medium,susceptible,0,1,0.0,-1,-1,0,1,0,0,16.4,24.7,14.722742282873744,26.5,23.36915205852983,46.0,1,0,1.302,1.303,60,0.58,142,48,0.58,210,142,48,0.0,1,1,0
14,19,35,3,1.30224805850122,medium,susceptible,0,1,0.0,-1,-1,0,1,0,0,16.4,24.7,14.722742282873744,26.5,23.36915205852983,46.0,1,0,1.302,1.303,60,0.58,142,48,0.58,210,142,48,0.0,1,1,0
14,20,35,3,1.30224805850122,medium,susceptible,0,1,0.0,-1,-1,0,1,0,0,16.4,24.7,14.722742282873744,26.5,23.36915205852983,46.0,1,0,1.302,1.303,60,0.58,142,48,0.58,210,142,48,0.0,1,1,0
14,21,35,3,1.30224805850122,medium,susceptible,0,1,0.0,-1,-1,0,1,0,0,16.4,24.7,14.722742282873744,26.5,23.36915205852983,46.0,1,0,1.302,1.303,60,0.58,142,48,0.58,210,142,48,0.0,1,1,0
14,22,35,3,1.30224805850122,medium,susceptible,0,1,0.0,-1,-1,0,1,0,0,16.4,24.7,14.722742282873744,26.5,23.36915205852983,46.0,1,0,1.302,1.303,60,0.58,142,48,0.58,210,142,48,0.0,1,1,0
14,23,35,3,1.30224805850122,medium,susceptible,0,1,0.0,-1,-1,0,1,0,0,16.4,24.7,14.722742282873744,26.5,23.36915205852983,46.0,1,0,1.302,1.303,60,0.58,142,48,0.58,210,142,48,0.0,1,1,0
14,24,35,3,1.30224805850122,medium,susceptible,0,1,0.0,-1,-1,0,1,0,0,16.4,24.7,14.722742282873744,26.5,23.36915205852983,46.0,1,0,1.302,1.303,60,0.58,142,48,0.58,210,142,48,0.0,1,1,0
14,25,35,3,1.30224805850122,medium,susceptible,0,1,0.0,-1,-1,0,1,0,0,16.4,24.7,14.722742282873744,26.5,23.36915205852983,46.0,1,0,1.302,1.303,60,0.58,142,48,0.58,210,142,48,0.0,1,1,0
14,26,35,3,1.30224805850122,medium,susceptible,0,1,0.0,-1,-1,0,1,0,0,16.4,24.7,14.722742282873744,26.5,23.36915205852983,46.0,1,0,1.302,1.303,60,0.58,142,48,0.58,210,142,48,0.0,1,1,0
14,27,35,3,1.30224805850122,medium,susceptible,0,1,0.0,-1,-1,0,1,0,0,16.4,24.7,14.722742282873744,26.5,23.36915205852983,46.0,1,0,1.302,1.303,60,0.58,142,48,0.58,210,142,48,0.0,1,1,0
14,28,35,3,1.30224805850122,medium,susceptible,0,1,0.0,-1,-1,0,1,0,0,16.4,24.7,14.722742282873744,26.5,23.36915205852983,46.0,1,0,1.302,1.303,60,0.58,142,48,0.58,210,142,48,0.0,1,1,0
14,29,35,3,1.30224805850122,medium,susceptible,0,1,0.0,-1,-1,0,1,0,0,16.4,24.7,14.722742282873744,26.5,23.36915205852983,46.0,1,0,1.302,1.303,60,0.58,142,48,0.58,210,142,48,0.0,1,1,0
14,30,35,3,1.30224805850122,medium,susceptible,0,1,0.0,-1,-1,0,1,0,0,16.4,24.7,14.722742282873744,26.5,23.36915205852983,46.0,1,0,1.302,1.303,60,0.58,142,48,0.58,210,142,48,0.0,1,1,0
14,31,35,3,1.30224805850122,medium,susceptible,0,1,0.0,-1,-1,0,1,0,0,16.4,24.7,14.722742282873744,26.5,23.36915205852983,46.0,1,0,1.302,1.303,60,0.58,142,48,0.58,210,142,48,0.0,1,1,0
14,32,35,3,1.30224805850122,medium,susceptible,0,1,0.0,-1,-1,0,1,0,0,16.4,24.7,14.722742282873744,26.5,23.36915205852983,46.0,1,0,1.302,1.303,60,0.58,142,48,0.58,210,142,48,0.0,1,1,0
14,33,35,3,1.30224805850122,medium,susceptible,0,1,0.0,-1,-1,0,1,0,0,16.4,24.7,14.722742282873744,26.5,23.36915205852983,46.0,1,0,1.302,1.303,60,0.58,142,48,0.58,210,142,48,0.0,1,1,0
14,34,35,3,1.30224805850122,medium,susceptible,0,1,0.0,-1,-1,0,1,0,0,16.4,24.7,14.722742282873744,26.5,23.36915205852983,46.0,1,0,1.302,1.303,60,0.58,142,48,0.58,210,142,48,0.0,1,1,0
14,35,35,3,1.30224805850122,medium,susceptible,0,1,0.0,-1,-1,0,1,0,0,16.4,24.7,14.722742282873744,26.5,23.36915205852983,46.0,1,0,1.302,1.303,60,0.58,142,48,0.58,210,142,48,0.0,1,1,0
14,36,35,3,1.30224805850122,medium,susceptible,0,1,0.0,-1,-1,0,1,0,0,16.4,24.7,14.722742282873744,26.5,23.36915205852983,46.0,1,0,1.302,1.303,60,0.58,142,48,0.58,210,142,48,0.0,1,1,0
14,37,35,3,1.30224805850122,medium,susceptible,0,1,0.0,-1,-1,0,1,0,0,16.4,24.7,14.722742282873744,26.5,23.36915205852983,46.0,1,0,1.302,1.303,60,0.58,142,48,0.58,210,142,48,0.0,1,1,0
14,38,35,3,1.30224805850122,medium,susceptible,0,1,0.0,-1,-1,0,1,0,0,16.4,24.7,14.722742282873744,26.5,23.36915205852983,46.0,1,0,1.302,1.303,60,0.58,142,48,0.58,210,142,48,0.0,1,1,0
14,39,35,3,1.30224805850122,medium,susceptible,0,1,0.0,-1,-1,0,1,0,0,16.4,24.7,14.722742282873744,26.5,23.36915205852983,46.0,1,0,1.302,1.303,60,0.58,142,48,0.58,210,142,48,0.0,1,1,0
15,0,72,1,1.302795657155682,medium,susceptible,0,1,0.0,-1,-1,0,1,0,0,25.8,24.3,16.693111718068607,24.069275020241054,25.616915225507718,44.14748010928823,1,0,1.302,1.303,60,0.58,142,48,0.58,210,142,48,0.0,1,1,0
15,1,72,1,1.302795657155682,medium,susceptible,0,1,0.0,-1,-1,0,1,0,0,25.8,24.3,16.693111718068607,24.069275020241054,25.616915225507718,44.14748010928823,1,0,1.302,1.303,60,0.58,142,48,0.58,210,142,48,0.0,1,1,0
15,2,72,1,1.302795657155682,medium,susceptible,0,1,0.0,-1,-1,0,1,0,0,25.8,24.3,16.693111718068607,24.069275020241054,25.616915225507718,44.14748010928823,1,0,1.302,1.303,60,0.58,142,48,0.58,210,142,48,0.0,1,1,0
15,3,72,1,1.302795657155682,medium,susceptible,0,1,0.0,-1,-1,0,1,0,0,25.8,24.3,16.693111718068607,24.069275020241054,25.616915225507718,44.14748010928823,1,0,1.302,1.303,60,0.58,142,48,0.58,210,142,48,0.0,1,1,0
15,4,72,1,1.302795657155682,medium,susceptible,0,1,0.0,-1,-1,0,1,0,0,25.8,24.3,16.693111718068607,24.069275020241054,25.616915225507718,44.14748010928823,1,0,1.302,1.303,60,0.58,142,48,0.58,210,142,48,0.0,1,1,0
15,5,72,1,1.302795657155682,medium,susceptible,0,1,0.0,-1,-1,0,1,0,0,25.8,24.3,16.693111718068607,24.069275020241054,25.616915225507718,44.14748010928823,1,0,1.302,1.303,60,0.58,142,48,0.58,210,142,48,0.0,1,1,0
15,6,72,1,1.302795657155682,medium,susceptible,0,1,0.0,-1,-1,0,1,0,0,25.8,24.3,16.693111718068607,24.069275020241054,25.616915225507718,44.14748010928823,1,0,1.302,1.303,60,0.58,142,48,0.58,210,142,48,0.0,1,1,0
15,7,72,1,1.302795657155682,medium,susceptible,0,1,0.0,-1,-1,0,1,0,0,25.8,24.3,16.693111718068607,24.069275020241054,25.616915225507718,44.14748010928823,1,0,1.302,1.303,60,0.58,142,48,0.58,210,142,48,0.0,1,1,0
15,8,72,1,1.302795657155682,medium,susceptible,0,1,0.0,-1,-1,0,1,0,0,25.8,24.3,16.693111718068607,24.069275020241054,25.616915225507718,44.14748010928823,1,0,1.302,1.303,60,0.58,142,48,0.58,210,142,48,0.0,1,1,0
15,9,72,1,1.302795657155682,medium,susceptible,0,1,0.0,-1,-1,0,1,0,0,25.8,24.3,16.693111718068607,24.069275020241054,25.616915225507718,44.14748010928823,1,0,1.302,1.303,60,0.58,142,48,0.58,210,142,48,0.0,1,1,0
15,10,72,1,1.302795657155682,medium,susceptible,0,1,0.0,-1,-1,0,1,0,0,25.8,24.3,16.693111718068607,24.069275020241054,25.616915225507718,44.14748010928823,1,0,1.302,1.303,60,0.58,142,48,0.58,210,142,48,0.0,1,1,0
15,11,72,1,1.302795657155682,medium,susceptible,0,1,0.0,-1,-1,0,1,0,0,25.8,24.3,16.693111718068607,24.069275020241054,25.616915225507718,44.14748010928823,1,0,1.302,1.303,60,0.58,142,48,0.58,210,142,48,0.0,1,1,0
15,12,72,1,1.302795657155682,medium,susceptible,0,1,0.0,-1,-1,0,1,0,0,25.8,24.3,16.693111718068607,24.069275020241054,25.616915225507718,44.14748010928823,1,0,1.302,1.303,60,0.58,142,48,0.58,210,142,48,0.0,1,1,0
15,13,72,1,1.302795657155682,medium,susceptible,0,1,0.0,-1,-1,0,1,0,0,25.8,24.3,16.693111718068607,24.069275020241054,25.616915225507718,44.14748010928823,1,0,1.302,1.303,60,0.58,142,48,0.58,210,142,48,0.0,1,1,0
15,14,72,1,1.302795657155682,medium,susceptible,0,1,0.0,-1,-1,0,1,0,0,25.8,24.3,16.693111718068607,24.069275020241054,25.616915225507718,44.14748010928823,1,0,1.302,1.303,60,0.58,142,48,0.58,210,142,48,0.0,1,1,0
15,15,72,1,1.302795657155682,medium,susceptible,0,1,0.0,-1,-1,0,1,0,0,25.8,24.3,16.693111718068607,24.069275020241054,25.616915225507718,44.14748010928823,1,0,1.302,1.303,60,0.58,142,48,0.58,210,142,48,0.0,1,1,0
15,16,72,1,1.302795657155682,medium,susceptible,0,1,0.0,-1,-1,0,1,0,0,25.8,24.3,16.693111718068607,24.069275020241054,25.616915225507718,44.14748010928823,1,0,1.302,1.303,60,0.58,142,48,0.58,210,142,48,0.0,1,1,0
15,17,72,1,1.302795657155682,medium,susceptible,0,1,0.0,-1,-1,0,1,0,0,25.8,24.3,16.693111718068607,24.069275020241054,25.616915225507718,44.14748010928823,1,0,1.302,1.303,60,0.58,142,48,0.58,210,142,48,0.0,1,1,0
15,18,72,1,1.302795657155682,medium,susceptible,0,1,0.0,-1,-1,0,1,0,0,25.8,24.3,16.693111718068607,24.069275020241054,25.616915225507718,44.14748010928823,1,0,1.302,1.303,60,0.58,142,48,0.58,210,142,48,0.0,1,1,0
15,19,72,1,1.302795657155682,medium,susceptible,0,1,0.0,-1,-1,0,1,0,0,25.8,24.3,16.693111718068607,24.069275020241054,25.616915225507718,44.14748010928823,1,0,1.302,1.303,60,0.58,142,48,0.58,210,142,48,0.0,1,1,0
15,20,72,1,1.302795657155682,medium,susceptible,0,1,0.0,-1,-1,0,1,0,0,25.8,24.3,16.693111718068607,24.069275020241054,25.616915225507718,44.14748010928823,1,0,1.302,1.303,60,0.58,142,48,0.58,210,142,48,0.0,1,1,0
15,22,72,1,1.302795657155682,medium,infected,1,1,1.25,21,1,0,1,0,0,25.8,24.3,16.693111718068607,24.069275020241054,25.616915225507718,44.14748010928823,1,0,1.302,1.303,60,0.58,142,48,0.58,210,142,48,0.0,1,1,0
15,23,72,1,1.302795657155682,medium,infected,1,1,11.45,21,2,0,1,0,0,25.8,24.3,16.693111718068607,24.069275020241054,25.616915225507718,44.14748010928823,1,0,1.302,1.303,60,0.58,142,48,0.58,210,142,48,0.0,1,1,0
15,24,72,1,1.302795657155682,medium,infected,1,1,26.309,21,3,0,1,0,0,25.8,24.3,16.693111718068607,24.069275020241054,25.616915225507718,44.14748010928823,1,0,1.302,1.303,60,0.58,142,48,0.58,210,142,48,0.0,1,1,0
15,27,72,1,1.302795657155682,medium,infected,1,1,36.651,21,6,0,1,0,0,25.8,24.3,16.693111718068607,24.069275020241054,25.616915225507718,44.14748010928823,1,0,1.302,1.303,60,0.58,142,48,0.58,210,142,48,0.0,1,1,0
15,28,72,1,1.302795657155682,medium,infected,1,1,30.345,21,7,0,1,0,0,25.8,24.3,16.693111718068607,24.069275020241054,25.616915225507718,44.14748010928823,1,0,1.302,1.303,60,0.58,142,48,0.58,210,142,48,0.0,1,1,0
15,29,72,1,1.302795657155682,medium,infected,1,1,23.247,21,8,0,1,0,0,25.8,24.3,16.693111718068607,24.069275020241054,25.616915225507718,44.14748010928823,1,0,1.302,1.303,60,0.58,142,48,0.58,210,142,48,0.0,1,1,0
15,30,72,1,1.302795657155682,medium,infected,1,1,16.792,21,9,0,1,0,0,25.8,24.3,16.693111718068607,24.069275020241054,25.616915225507718,44.14748010928823,1,0,1.302,1.303,60,0.58,142,48,0.58,210,142,48,0.0,1,1,0
15,31,72,1,1.302795657155682,medium,infected,1,1,11.585,21,10,0,1,0,0,25.8,24.3,16.693111718068607,24.069275020241054,25.616915225507718,44.14748010928823,1,0,1.302,1.303,60,0.58,142,48,0.58,210,142,48,0.0,1,1,0
15,32,72,1,1.302795657155682,medium,infected,1,1,7.701,21,11,0,1,0,0,25.8,24.3,16.693111718068607,24.069275020241054,25.616915225507718,44.14748010928823,1,0,1.302,1.303,60,0.58,142,48,0.58,210,142,48,0.0,1,1,0
15,33,72,1,1.302795657155682,medium,infected,1,1,4.967,21,12,0,1,0,0,25.8,24.3,16.693111718068607,24.069275020241054,25.616915225507718,44.14748010928823,1,0,1.302,1.303,60,0.58,142,48,0.58,210,142,48,0.0,1,1,0
15,34,72,1,1.302795657155682,medium,infected,1,1,3.122,21,13,0,1,0,0,25.8,24.3,16.693111718068607,24.069275020241054,25.616915225507718,44.14748010928823,1,0,1.302,1.303,60,0.58,142,48,0.58,210,142,48,0.0,1,1,0
15,35,72,1,1.302795657155682,medium,infected,1,1,1.921,21,14,0,1,0,0,25.8,24.3,16.693111718068607,24.069275020241054,25.616915225507718,44.14748010928823,1,0,1.302,1.303,60,0.58,142,48,0.58,210,142,48,0.0,1,1,0
15,36,72,1,1.302795657155682,medium,infected,1,1,1.16,21,15,0,1,0,0,25.8,24.3,16.693111718068607,24.069275020241054,25.616915225507718,44.14748010928823,1,0,1.302,1.303,60,0.58,142,48,0.58,210,142,48,0.0,1,1,0
15,37,72,1,1.302795657155682,medium,infected,1,1,0.689,21,16,0,1,0,0,25.8,24.3,16.693111718068607,24.069275020241054,25.616915225507718,44.14748010928823,1,0,1.302,1.303,60,0.58,142,48,0.58,210,142,48,0.0,1,1,0
15,38,72,1,1.302795657155682,medium,recovered,2,1,0.62,21,17,0,1,0,0,25.8,24.3,16.693111718068607,24.069275020241054,25.616915225507718,44.14748010928823,1,0,1.302,1.303,60,0.58,142,48,0.58,210,142,48,0.0,1,1,0
15,39,72,1,1.302795657155682,medium,recovered,2,1,0.62,21,18,0,1,0,0,25.8,24.3,16.693111718068607,24.069275020241054,25.616915225507718,44.14748010928823,1,0,1.302,1.303,60,0.58,142,48,0.58,210,142,48,0.0,1,1,0
16,0,35,9,1.3028301737658603,medium,susceptible,0,1,0.0,-1,-1,0,1,0,0,29.8,25.0,20.568237413432577,33.103474137920934,30.487796584479803,45.5411901469428,1,0,1.302,1.303,60,0.58,142,48,0.58,210,142,48,0.0,1,1,0
16,1,35,9,1.3028301737658603,medium,susceptible,0,1,0.0,-1,-1,0,1,0,0,29.8,25.0,20.568237413432577,33.103474137920934,30.487796584479803,45.5411901469428,1,0,1.302,1.303,60,0.58,142,48,0.58,210,142,48,0.0,1,1,0
16,2,35,9,1.3028301737658603,medium,susceptible,0,1,0.0,-1,-1,0,1,0,0,29.8,25.0,20.568237413432577,33.103474137920934,30.487796584479803,45.5411901469428,1,0,1.302,1.303,60,0.58,142,48,0.58,210,142,48,0.0,1,1,0
16,3,35,9,1.3028301737658603,medium,susceptible,0,1,0.0,-1,-1,0,1,0,0,29.8,25.0,20.568237413432577,33.103474137920934,30.487796584479803,45.5411901469428,1,0,1.302,1.303,60,0.58,142,48,0.58,210,142,48,0.0,1,1,0
16,4,35,9,1.3028301737658603,medium,susceptible,0,1,0.0,-1,-1,0,1,0,0,29.8,25.0,20.568237413432577,33.103474137920934,30.487796584479803,45.5411901469428,1,0,1.302,1.303,60,0.58,142,48,0.58,210,142,48,0.0,1,1,0
16,5,35,9,1.3028301737658603,medium,susceptible,0,1,0.0,-1,-1,0,1,0,0,29.8,25.0,20.568237413432577,33.103474137920934,30.487796584479803,45.5411901469428,1,0,1.302,1.303,60,0.58,142,48,0.58,210,142,48,0.0,1,1,0
16,6,35,9,1.3028301737658603,medium,susceptible,0,1,0.0,-1,-1,0,1,0,0,29.8,25.0,20.568237413432577,33.103474137920934,30.487796584479803,45.5411901469428,1,0,1.302,1.303,60,0.58,142,48,0.58,210,142,48,0.0,1,1,0
16,7,35,9,1.3028301737658603,medium,susceptible,0,1,0.0,-1,-1,0,1,0,0,29.8,25.0,20.568237413432577,33.103474137920934,30.487796584479803,45.5411901469428,1,0,1.302,1.303,60,0.58,142,48,0.58,210,142,48,0.0,1,1,0
16,8,35,9,1.3028301737658603,medium,susceptible,0,1,0.0,-1,-1,0,1,0,0,29.8,25.0,20.568237413432577,33.103474137920934,30.487796584479803,45.5411901469428,1,0,1.302,1.303,60,0.58,142,48,0.58,210,142,48,0.0,1,1,0
16,9,35,9,1.3028301737658603,medium,susceptible,0,1,0.0,-1,-1,0,1,0,0,29.8,25.0,20.568237413432577,33.103474137920934,30.487796584479803,45.5411901469428,1,0,1.302,1.303,60,0.58,142,48,0.58,210,142,48,0.0,1,1,0
16,10,35,9,1.3028301737658603,medium,susceptible,0,1,0.0,-1,-1,0,1,0,0,29.8,25.0,20.568237413432577,33.103474137920934,30.487796584479803,45.5411901469428,1,0,1.302,1.303,60,0.58,142,48,0.58,210,142,48,0.0,1,1,0
16,11,35,9,1.3028301737658603,medium,susceptible,0,1,0.0,-1,-1,0,1,0,0,29.8,25.0,20.568237413432577,33.103474137920934,30.487796584479803,45.5411901469428,1,0,1.302,1.303,60,0.58,142,48,0.58,210,142,48,0.0,1,1,0
16,12,35,9,1.3028301737658603,medium,susceptible,0,1,0.0,-1,-1,0,1,0,0,29.8,25.0,20.568237413432577,33.103474137920934,30.487796584479803,45.5411901469428,1,0,1.302,1.303,60,0.58,142,48,0.58,210,142,48,0.0,1,1,0
16,13,35,9,1.3028301737658603,medium,susceptible,0,1,0.0,-1,-1,0,1,0,0,29.8,25.0,20.568237413432577,33.103474137920934,30.487796584479803,45.5411901469428,1,0,1.302,1.303,60,0.58,142,48,0.58,210,142,48,0.0,1,1,0
16,14,35,9,1.3028301737658603,medium,susceptible,0,1,0.0,-1,-1,0,1,0,0,29.8,25.0,20.568237413432577,33.103474137920934,30.487796584479803,45.5411901469428,1,0,1.302,1.303,60,0.58,142,48,0.58,210,142,48,0.0,1,1,0
16,15,35,9,1.3028301737658603,medium,susceptible,0,1,0.0,-1,-1,0,1,0,0,29.8,25.0,20.568237413432577,33.103474137920934,30.487796584479803,45.5411901469428,1,0,1.302,1.303,60,0.58,142,48,0.58,210,142,48,0.0,1,1,0
16,16,35,9,1.3028301737658603,medium,susceptible,0,1,0.0,-1,-1,0,1,0,0,29.8,25.0,20.568237413432577,33.103474137920934,30.487796584479803,45.5411901469428,1,0,1.302,1.303,60,0.58,142,48,0.58,210,142,48,0.0,1,1,0
16,17,35,9,1.3028301737658603,medium,susceptible,0,1,0.0,-1,-1,0,1,0,0,29.8,25.0,20.568237413432577,33.103474137920934,30.487796584479803,45.5411901469428,1,0,1.302,1.303,60,0.58,142,48,0.58,210,142,48,0.0,1,1,0
16,18,35,9,1.3028301737658603,medium,susceptible,0,1,0.0,-1,-1,0,1,0,0,29.8,25.0,20.568237413432577,33.103474137920934,30.487796584479803,45.5411901469428,1,0,1.302,1.303,60,0.58,142,48,0.58,210,142,48,0.0,1,1,0
16,19,35,9,1.3028301737658603,medium,susceptible,0,1,0.0,-1,-1,0,1,0,0,29.8,25.0,20.568237413432577,33.103474137920934,30.487796584479803,45.5411901469428,1,0,1.302,1.303,60,0.58,142,48,0.58,210,142,48,0.0,1,1,0
16,20,35,9,1.3028301737658603,medium,susceptible,0,1,0.0,-1,-1,0,1,0,0,29.8,25.0,20.568237413432577,33.103474137920934,30.487796584479803,45.5411901469428,1,0,1.302,1.303,60,0.58,142,48,0.58,210,142,48,0.0,1,1,0
16,21,35,9,1.3028301737658603,medium,susceptible,0,1,0.0,-1,-1,0,1,0,0,29.8,25.0,20.568237413432577,33.103474137920934,30.487796584479803,45.5411901469428,1,0,1.302,1.303,60,0.58,142,48,0.58,210,142,48,0.0,1,1,0
16,22,35,9,1.3028301737658603,medium,susceptible,0,1,0.0,-1,-1,0,1,0,0,29.8,25.0,20.568237413432577,33.103474137920934,30.487796584479803,45.5411901469428,1,0,1.302,1.303,60,0.58,142,48,0.58,210,142,48,0.0,1,1,0
16,23,35,9,1.3028301737658603,medium,susceptible,0,1,0.0,-1,-1,0,1,0,0,29.8,25.0,20.568237413432577,33.103474137920934,30.487796584479803,45.5411901469428,1,0,1.302,1.303,60,0.58,142,48,0.58,210,142,48,0.0,1,1,0
16,24,35,9,1.3028301737658603,medium,susceptible,0,1,0.0,-1,-1,0,1,0,0,29.8,25.0,20.568237413432577,33.103474137920934,30.487796584479803,45.5411901469428,1,0,1.302,1.303,60,0.58,142,48,0.58,210,142,48,0.0,1,1,0
16,25,35,9,1.3028301737658603,medium,susceptible,0,1,0.0,-1,-1,0,1,0,0,29.8,25.0,20.568237413432577,33.103474137920934,30.487796584479803,45.5411901469428,1,0,1.302,1.303,60,0.58,142,48,0.58,210,142,48,0.0,1,1,0
16,26,35,9,1.3028301737658603,medium,susceptible,0,1,0.0,-1,-1,0,1,0,0,29.8,25.0,20.568237413432577,33.103474137920934,30.487796584479803,45.5411901469428,1,0,1.302,1.303,60,0.58,142,48,0.58,210,142,48,0.0,1,1,0
16,27,35,9,1.3028301737658603,medium,susceptible,0,1,0.0,-1,-1,0,1,0,0,29.8,25.0,20.568237413432577,33.103474137920934,30.487796584479803,45.5411901469428,1,0,1.302,1.303,60,0.58,142,48,0.58,210,142,48,0.0,1,1,0
16,28,35,9,1.3028301737658603,medium,susceptible,0,1,0.0,-1,-1,0,1,0,0,29.8,25.0,20.568237413432577,33.103474137920934,30.487796584479803,45.5411901469428,1,0,1.302,1.303,60,0.58,142,48,0.58,210,142,48,0.0,1,1,0
16,29,35,9,1.3028301737658603,medium,susceptible,0,1,0.0,-1,-1,0,1,0,0,29.8,25.0,20.568237413432577,33.103474137920934,30.487796584479803,45.5411901469428,1,0,1.302,1.303,60,0.58,142,48,0.58,210,142,48,0.0,1,1,0
16,30,35,9,1.3028301737658603,medium,susceptible,0,1,0.0,-1,-1,0,1,0,0,29.8,25.0,20.568237413432577,33.103474137920934,30.487796584479803,45.5411901469428,1,0,1.302,1.303,60,0.58,142,48,0.58,210,142,48,0.0,1,1,0
16,31,35,9,1.3028301737658603,medium,susceptible,0,1,0.0,-1,-1,0,1,0,0,29.8,25.0,20.568237413432577,33.103474137920934,30.487796584479803,45.5411901469428,1,0,1.302,1.303,60,0.58,142,48,0.58,210,142,48,0.0,1,1,0
16,32,35,9,1.3028301737658603,medium,susceptible,0,1,0.0,-1,-1,0,1,0,0,29.8,25.0,20.568237413432577,33.103474137920934,30.487796584479803,45.5411901469428,1,0,1.302,1.303,60,0.58,142,48,0.58,210,142,48,0.0,1,1,0
16,33,35,9,1.3028301737658603,medium,susceptible,0,1,0.0,-1,-1,0,1,0,0,29.8,25.0,20.568237413432577,33.103474137920934,30.487796584479803,45.5411901469428,1,0,1.302,1.303,60,0.58,142,48,0.58,210,142,48,0.0,1,1,0
16,34,35,9,1.3028301737658603,medium,susceptible,0,1,0.0,-1,-1,0,1,0,0,29.8,25.0,20.568237413432577,33.103474137920934,30.487796584479803,45.5411901469428,1,0,1.302,1.303,60,0.58,142,48,0.58,210,142,48,0.0,1,1,0
16,35,35,9,1.3028301737658603,medium,susceptible,0,1,0.0,-1,-1,0,1,0,0,29.8,25.0,20.568237413432577,33.103474137920934,30.487796584479803,45.5411901469428,1,0,1.302,1.303,60,0.58,142,48,0.58,210,142,48,0.0,1,1,0
16,37,35,9,1.3028301737658603,medium,infected,1,1,1.019,36,1,0,1,0,0,29.8,25.0,20.568237413432577,33.103474137920934,30.487796584479803,45.5411901469428,1,0,1.302,1.303,60,0.58,142,48,0.58,210,142,48,0.0,1,1,0
16,38,35,9,1.3028301737658603,medium,infected,1,1,10.741,36,2,0,1,0,0,29.8,25.0,20.568237413432577,33.103474137920934,30.487796584479803,45.5411901469428,1,0,1.302,1.303,60,0.58,142,48,0.58,210,142,48,0.0,1,1,0
16,39,35,9,1.3028301737658603,medium,infected,1,1,25.615,36,3,0,1,0,0,29.8,25.0,20.568237413432577,33.103474137920934,30.487796584479803,45.5411901469428,1,0,1.302,1.303,60,0.58,142,48,0.58,210,142,48,0.0,1,1,0
17,0,193,4,1.3027619950130978,strong,susceptible,0,1,0.0,-1,-1,1,0,0,0,25.9,21.9,20.38441312086504,32.41635389737717,31.683257999641633,59.20304046246274,1,0,1.302,1.303,60,0.58,142,48,0.58,210,142,48,0.0,1,1,0
17,1,193,4,1.3027619950130978,strong,susceptible,0,1,0.0,-1,-1,1,0,0,0,25.9,21.9,20.38441312086504,32.41635389737717,31.683257999641633,59.20304046246274,1,0,1.302,1.303,60,0.58,142,48,0.58,210,142,48,0.0,1,1,0
17,2,193,4,1.3027619950130978,strong,susceptible,0,1,0.0,-1,-1,1,0,0,0,25.9,21.9,20.38441312086504,32.41635389737717,31.683257999641633,59.20304046246274,1,0,1.302,1.303,60,0.58,142,48,0.58,210,142,48,0.0,1,1,0
17,3,193,4,1.3027619950130978,strong,susceptible,0,1,0.0,-1,-1,1,0,0,0,25.9,21.9,20.38441312086504,32.41635389737717,31.683257999641633,59.20304046246274,1,0,1.302,1.303,60,0.58,142,48,0.58,210,142,48,0.0,1,1,0
17,4,193,4,1.3027619950130978,strong,susceptible,0,1,0.0,-1,-1,1,0,0,0,25.9,21.9,20.38441312086504,32.41635389737717,31.683257999641633,59.20304046246274,1,0,1.302,1.303,60,0.58,142,48,0.58,210,142,48,0.0,1,1,0
17,5,193,4,1.3027619950130978,strong,susceptible,0,1,0.0,-1,-1,1,0,0,0,25.9,21.9,20.38441312086504,32.41635389737717,31.683257999641633,59.20304046246274,1,0,1.302,1.303,60,0.58,142,48,0.58,210,142,48,0.0,1,1,0
17,6,193,4,1.3027619950130978,strong,susceptible,0,1,0.0,-1,-1,1,0,0,0,25.9,21.9,20.38441312086504,32.41635389737717,31.683257999641633,59.20304046246274,1,0,1.302,1.303,60,0.58,142,48,0.58,210,142,48,0.0,1,1,0
17,7,193,4,1.3027619950130978,strong,susceptible,0,1,0.0,-1,-1,1,0,0,0,25.9,21.9,20.38441312086504,32.41635389737717,31.683257999641633,59.20304046246274,1,0,1.302,1.303,60,0.58,142,48,0.58,210,142,48,0.0,1,1,0
17,8,193,4,1.3027619950130978,strong,susceptible,0,1,0.0,-1,-1,1,0,0,0,25.9,21.9,20.38441312086504,32.41635389737717,31.683257999641633,59.20304046246274,1,0,1.302,1.303,60,0.58,142,48,0.58,210,142,48,0.0,1,1,0
17,9,193,4,1.3027619950130978,strong,susceptible,0,1,0.0,-1,-1,1,0,0,0,25.9,21.9,20.38441312086504,32.41635389737717,31.683257999641633,59.20304046246274,1,0,1.302,1.303,60,0.58,142,48,0.58,210,142,48,0.0,1,1,0
17,10,193,4,1.3027619950130978,strong,susceptible,0,1,0.0,-1,-1,1,0,0,0,25.9,21.9,20.38441312086504,32.41635389737717,31.683257999641633,59.20304046246274,1,0,1.302,1.303,60,0.58,142,48,0.58,210,142,48,0.0,1,1,0
17,11,193,4,1.3027619950130978,strong,susceptible,0,1,0.0,-1,-1,1,0,0,0,25.9,21.9,20.38441312086504,32.41635389737717,31.683257999641633,59.20304046246274,1,0,1.302,1.303,60,0.58,142,48,0.58,210,142,48,0.0,1,1,0
17,12,193,4,1.3027619950130978,strong,susceptible,0,1,0.0,-1,-1,1,0,0,0,25.9,21.9,20.38441312086504,32.41635389737717,31.683257999641633,59.20304046246274,1,0,1.302,1.303,60,0.58,142,48,0.58,210,142,48,0.0,1,1,0
17,13,193,4,1.3027619950130978,strong,susceptible,0,1,0.0,-1,-1,1,0,0,0,25.9,21.9,20.38441312086504,32.41635389737717,31.683257999641633,59.20304046246274,1,0,1.302,1.303,60,0.58,142,48,0.58,210,142,48,0.0,1,1,0
17,14,193,4,1.3027619950130978,strong,susceptible,0,1,0.0,-1,-1,1,0,0,0,25.9,21.9,20.38441312086504,32.41635389737717,31.683257999641633,59.20304046246274,1,0,1.302,1.303,60,0.58,142,48,0.58,210,142,48,0.0,1,1,0
17,15,193,4,1.3027619950130978,strong,susceptible,0,1,0.0,-1,-1,1,0,0,0,25.9,21.9,20.38441312086504,32.41635389737717,31.683257999641633,59.20304046246274,1,0,1.302,1.303,60,0.58,142,48,0.58,210,142,48,0.0,1,1,0
17,16,193,4,1.3027619950130978,strong,susceptible,0,1,0.0,-1,-1,1,0,0,0,25.9,21.9,20.38441312086504,32.41635389737717,31.683257999641633,59.20304046246274,1,0,1.302,1.303,60,0.58,142,48,0.58,210,142,48,0.0,1,1,0
17,17,193,4,1.3027619950130978,strong,susceptible,0,1,0.0,-1,-1,1,0,0,0,25.9,21.9,20.38441312086504,32.41635389737717,31.683257999641633,59.20304046246274,1,0,1.302,1.303,60,0.58,142,48,0.58,210,142,48,0.0,1,1,0
17,18,193,4,1.3027619950130978,strong,susceptible,0,1,0.0,-1,-1,1,0,0,0,25.9,21.9,20.38441312086504,32.41635389737717,31.683257999641633,59.20304046246274,1,0,1.302,1.303,60,0.58,142,48,0.58,210,142,48,0.0,1,1,0
17,19,193,4,1.3027619950130978,strong,susceptible,0,1,0.0,-1,-1,1,0,0,0,25.9,21.9,20.38441312086504,32.41635389737717,31.683257999641633,59.20304046246274,1,0,1.302,1.303,60,0.58,142,48,0.58,210,142,48,0.0,1,1,0
17,20,193,4,1.3027619950130978,strong,susceptible,0,1,0.0,-1,-1,1,0,0,0,25.9,21.9,20.38441312086504,32.41635389737717,31.683257999641633,59.20304046246274,1,0,1.302,1.303,60,0.58,142,48,0.58,210,142,48,0.0,1,1,0
17,21,193,4,1.3027619950130978,strong,susceptible,0,1,0.0,-1,-1,1,0,0,0,25.9,21.9,20.38441312086504,32.41635389737717,31.683257999641633,59.20304046246274,1,0,1.302,1.303,60,0.58,142,48,0.58,210,142,48,0.0,1,1,0
17,22,193,4,1.3027619950130978,strong,susceptible,0,1,0.0,-1,-1,1,0,0,0,25.9,21.9,20.38441312086504,32.41635389737717,31.683257999641633,59.20304046246274,1,0,1.302,1.303,60,0.58,142,48,0.58,210,142,48,0.0,1,1,0
17,23,193,4,1.3027619950130978,strong,susceptible,0,1,0.0,-1,-1,1,0,0,0,25.9,21.9,20.38441312086504,32.41635389737717,31.683257999641633,59.20304046246274,1,0,1.302,1.303,60,0.58,142,48,0.58,210,142,48,0.0,1,1,0
17,24,193,4,1.3027619950130978,strong,susceptible,0,1,0.0,-1,-1,1,0,0,0,25.9,21.9,20.38441312086504,32.41635389737717,31.683257999641633,59.20304046246274,1,0,1.302,1.303,60,0.58,142,48,0.58,210,142,48,0.0,1,1,0
17,25,193,4,1.3027619950130978,strong,susceptible,0,1,0.0,-1,-1,1,0,0,0,25.9,21.9,20.38441312086504,32.41635389737717,31.683257999641633,59.20304046246274,1,0,1.302,1.303,60,0.58,142,48,0.58,210,142,48,0.0,1,1,0
17,26,193,4,1.3027619950130978,strong,susceptible,0,1,0.0,-1,-1,1,0,0,0,25.9,21.9,20.38441312086504,32.41635389737717,31.683257999641633,59.20304046246274,1,0,1.302,1.303,60,0.58,142,48,0.58,210,142,48,0.0,1,1,0
17,27,193,4,1.3027619950130978,strong,susceptible,0,1,0.0,-1,-1,1,0,0,0,25.9,21.9,20.38441312086504,32.41635389737717,31.683257999641633,59.20304046246274,1,0,1.302,1.303,60,0.58,142,48,0.58,210,142,48,0.0,1,1,0
17,28,193,4,1.3027619950130978,strong,susceptible,0,1,0.0,-1,-1,1,0,0,0,25.9,21.9,20.38441312086504,32.41635389737717,31.683257999641633,59.20304046246274,1,0,1.302,1.303,60,0.58,142,48,0.58,210,142,48,0.0,1,1,0
17,29,193,4,1.3027619950130978,strong,susceptible,0,1,0.0,-1,-1,1,0,0,0,25.9,21.9,20.38441312086504,32.41635389737717,31.683257999641633,59.20304046246274,1,0,1.302,1.303,60,0.58,142,48,0.58,210,142,48,0.0,1,1,0
17,30,193,4,1.3027619950130978,strong,susceptible,0,1,0.0,-1,-1,1,0,0,0,25.9,21.9,20.38441312086504,32.41635389737717,31.683257999641633,59.20304046246274,1,0,1.302,1.303,60,0.58,142,48,0.58,210,142,48,0.0,1,1,0
17,31,193,4,1.3027619950130978,strong,susceptible,0,1,0.0,-1,-1,1,0,0,0,25.9,21.9,20.38441312086504,32.41635389737717,31.683257999641633,59.20304046246274,1,0,1.302,1.303,60,0.58,142,48,0.58,210,142,48,0.0,1,1,0
17,32,193,4,1.3027619950130978,strong,susceptible,0,1,0.0,-1,-1,1,0,0,0,25.9,21.9,20.38441312086504,32.41635389737717,31.683257999641633,59.20304046246274,1,0,1.302,1.303,60,0.58,142,48,0.58,210,142,48,0.0,1,1,0
17,33,193,4,1.3027619950130978,strong,susceptible,0,1,0.0,-1,-1,1,0,0,0,25.9,21.9,20.38441312086504,32.41635389737717,31.683257999641633,59.20304046246274,1,0,1.302,1.303,60,0.58,142,48,0.58,210,142,48,0.0,1,1,0
17,34,193,4,1.3027619950130978,strong,susceptible,0,1,0.0,-1,-1,1,0,0,0,25.9,21.9,20.38441312086504,32.41635389737717,31.683257999641633,59.20304046246274,1,0,1.302,1.303,60,0.58,142,48,0.58,210,142,48,0.0,1,1,0
17,35,193,4,1.3027619950130978,strong,susceptible,0,1,0.0,-1,-1,1,0,0,0,25.9,21.9,20.38441312086504,32.41635389737717,31.683257999641633,59.20304046246274,1,0,1.302,1.303,60,0.58,142,48,0.58,210,142,48,0.0,1,1,0
17,36,193,4,1.3027619950130978,strong,susceptible,0,1,0.0,-1,-1,1,0,0,0,25.9,21.9,20.38441312086504,32.41635389737717,31.683257999641633,59.20304046246274,1,0,1.302,1.303,60,0.58,142,48,0.58,210,142,48,0.0,1,1,0
17,37,193,4,1.3027619950130978,strong,susceptible,0,1,0.0,-1,-1,1,0,0,0,25.9,21.9,20.38441312086504,32.41635389737717,31.683257999641633,59.20304046246274,1,0,1.302,1.303,60,0.58,142,48,0.58,210,142,48,0.0,1,1,0
17,38,193,4,1.3027619950130978,strong,susceptible,0,1,0.0,-1,-1,1,0,0,0,25.9,21.9,20.38441312086504,32.41635389737717,31.683257999641633,59.20304046246274,1,0,1.302,1.303,60,0.58,142,48,0.58,210,142,48,0.0,1,1,0
17,39,193,4,1.3027619950130978,strong,susceptible,0,1,0.0,-1,-1,1,0,0,0,25.9,21.9,20.38441312086504,32.41635389737717,31.683257999641633,59.20304046246274,1,0,1.302,1.303,60,0.58,142,48,0.58,210,142,48,0.0,1,1,0
18,0,24,2,1.3025954099154864,strong,susceptible,0,1,0.0,-1,-1,1,0,0,0,18.0,28.6,14.118551788844655,25.868127106537884,21.913677082795584,44.28317965096906,1,0,1.302,1.303,60,0.58,142,48,0.58,210,142,48,0.0,1,1,0
18,1,24,2,1.3025954099154864,strong,susceptible,0,1,0.0,-1,-1,1,0,0,0,18.0,28.6,14.118551788844655,25.868127106537884,21.913677082795584,44.28317965096906,1,0,1.302,1.303,60,0.58,142,48,0.58,210,142,48,0.0,1,1,0
18,2,24,2,1.3025954099154864,strong,susceptible,0,1,0.0,-1,-1,1,0,0,0,18.0,28.6,14.118551788844655,25.868127106537884,21.913677082795584,44.28317965096906,1,0,1.302,1.303,60,0.58,142,48,0.58,210,142,48,0.0,1,1,0
18,3,24,2,1.3025954099154864,strong,susceptible,0,1,0.0,-1,-1,1,0,0,0,18.0,28.6,14.118551788844655,25.868127106537884,21.913677082795584,44.28317965096906,1,0,1.302,1.303,60,0.58,142,48,0.58,210,142,48,0.0,1,1,0
18,4,24,2,1.3025954099154864,strong,susceptible,0,1,0.0,-1,-1,1,0,0,0,18.0,28.6,14.118551788844655,25.868127106537884,21.913677082795584,44.28317965096906,1,0,1.302,1.303,60,0.58,142,48,0.58,210,142,48,0.0,1,1,0
18,5,24,2,1.3025954099154864,strong,susceptible,0,1,0.0,-1,-1,1,0,0,0,18.0,28.6,14.118551788844655,25.868127106537884,21.913677082795584,44.28317965096906,1,0,1.302,1.303,60,0.58,142,48,0.58,210,142,48,0.0,1,1,0
18,6,24,2,1.3025954099154864,strong,susceptible,0,1,0.0,-1,-1,1,0,0,0,18.0,28.6,14.118551788844655,25.868127106537884,21.913677082795584,44.28317965096906,1,0,1.302,1.303,60,0.58,142,48,0.58,210,142,48,0.0,1,1,0
18,7,24,2,1.3025954099154864,strong,susceptible,0,1,0.0,-1,-1,1,0,0,0,18.0,28.6,14.118551788844655,25.868127106537884,21.913677082795584,44.28317965096906,1,0,1.302,1.303,60,0.58,142,48,0.58,210,142,48,0.0,1,1,0
18,8,24,2,1.3025954099154864,strong,susceptible,0,1,0.0,-1,-1,1,0,0,0,18.0,28.6,14.118551788844655,25.868127106537884,21.913677082795584,44.28317965096906,1,0,1.302,1.303,60,0.58,142,48,0.58,210,142,48,0.0,1,1,0
18,9,24,2,1.3025954099154864,strong,susceptible,0,1,0.0,-1,-1,1,0,0,0,18.0,28.6,14.118551788844655,25.868127106537884,21.913677082795584,44.28317965096906,1,0,1.302,1.303,60,0.58,142,48,0.58,210,142,48,0.0,1,1,0
18,10,24,2,1.3025954099154864,strong,susceptible,0,1,0.0,-1,-1,1,0,0,0,18.0,28.6,14.118551788844655,25.868127106537884,21.913677082795584,44.28317965096906,1,0,1.302,1.303,60,0.58,142,48,0.58,210,142,48,0.0,1,1,0
18,11,24,2,1.3025954099154864,strong,susceptible,0,1,0.0,-1,-1,1,0,0,0,18.0,28.6,14.118551788844655,25.868127106537884,21.913677082795584,44.28317965096906,1,0,1.302,1.303,60,0.58,142,48,0.58,210,142,48,0.0,1,1,0
18,12,24,2,1.3025954099154864,strong,susceptible,0,1,0.0,-1,-1,1,0,0,0,18.0,28.6,14.118551788844655,25.868127106537884,21.913677082795584,44.28317965096906,1,0,1.302,1.303,60,0.58,142,48,0.58,210,142,48,0.0,1,1,0
18,13,24,2,1.3025954099154864,strong,susceptible,0,1,0.0,-1,-1,1,0,0,0,18.0,28.6,14.118551788844655,25.868127106537884,21.913677082795584,44.28317965096906,1,0,1.302,1.303,60,0.58,142,48,0.58,210,142,48,0.0,1,1,0
18,14,24,2,1.3025954099154864,strong,susceptible,0,1,0.0,-1,-1,1,0,0,0,18.0,28.6,14.118551788844655,25.868127106537884,21.913677082795584,44.28317965096906,1,0,1.302,1.303,60,0.58,142,48,0.58,210,142,48,0.0,1,1,0
18,15,24,2,1.3025954099154864,strong,susceptible,0,1,0.0,-1,-1,1,0,0,0,18.0,28.6,14.118551788844655,25.868127106537884,21.913677082795584,44.28317965096906,1,0,1.302,1.303,60,0.58,142,48,0.58,210,142,48,0.0,1,1,0
18,16,24,2,1.3025954099154864,strong,susceptible,0,1,0.0,-1,-1,1,0,0,0,18.0,28.6,14.118551788844655,25.868127106537884,21.913677082795584,44.28317965096906,1,0,1.302,1.303,60,0.58,142,48,0.58,210,142,48,0.0,1,1,0
18,17,24,2,1.3025954099154864,strong,susceptible,0,1,0.0,-1,-1,1,0,0,0,18.0,28.6,14.118551788844655,25.868127106537884,21.913677082795584,44.28317965096906,1,0,1.302,1.303,60,0.58,142,48,0.58,210,142,48,0.0,1,1,0
18,18,24,2,1.3025954099154864,strong,susceptible,0,1,0.0,-1,-1,1,0,0,0,18.0,28.6,14.118551788844655,25.868127106537884,21.913677082795584,44.28317965096906,1,0,1.302,1.303,60,0.58,142,48,0.58,210,142,48,0.0,1,1,0
18,19,24,2,1.3025954099154864,strong,susceptible,0,1,0.0,-1,-1,1,0,0,0,18.0,28.6,14.118551788844655,25.868127106537884,21.913677082795584,44.28317965096906,1,0,1.302,1.303,60,0.58,142,48,0.58,210,142,48,0.0,1,1,0
18,20,24,2,1.3025954099154864,strong,susceptible,0,1,0.0,-1,-1,1,0,0,0,18.0,28.6,14.118551788844655,25.868127106537884,21.913677082795584,44.28317965096906,1,0,1.302,1.303,60,0.58,142,48,0.58,210,142,48,0.0,1,1,0
18,21,24,2,1.3025954099154864,strong,susceptible,0,1,0.0,-1,-1,1,0,0,0,18.0,28.6,14.118551788844655,25.868127106537884,21.913677082795584,44.28317965096906,1,0,1.302,1.303,60,0.58,142,48,0.58,210,142,48,0.0,1,1,0
18,22,24,2,1.3025954099154864,strong,susceptible,0,1,0.0,-1,-1,1,0,0,0,18.0,28.6,14.118551788844655,25.868127106537884,21.913677082795584,44.28317965096906,1,0,1.302,1.303,60,0.58,142,48,0.58,210,142,48,0.0,1,1,0
18,23,24,2,1.3025954099154864,strong,susceptible,0,1,0.0,-1,-1,1,0,0,0,18.0,28.6,14.118551788844655,25.868127106537884,21.913677082795584,44.28317965096906,1,0,1.302,1.303,60,0.58,142,48,0.58,210,142,48,0.0,1,1,0
18,24,24,2,1.3025954099154864,strong,susceptible,0,1,0.0,-1,-1,1,0,0,0,18.0,28.6,14.118551788844655,25.868127106537884,21.913677082795584,44.28317965096906,1,0,1.302,1.303,60,0.58,142,48,0.58,210,142,48,0.0,1,1,0
18,25,24,2,1.3025954099154864,strong,susceptible,0,1,0.0,-1,-1,1,0,0,0,18.0,28.6,14.118551788844655,25.868127106537884,21.913677082795584,44.28317965096906,1,0,1.302,1.303,60,0.58,142,48,0.58,210,142,48,0.0,1,1,0
18,26,24,2,1.3025954099154864,strong,susceptible,0,1,0.0,-1,-1,1,0,0,0,18.0,28.6,14.118551788844655,25.868127106537884,21.913677082795584,44.28317965096906,1,0,1.302,1.303,60,0.58,142,48,0.58,210,142,48,0.0,1,1,0
18,27,24,2,1.3025954099154864,strong,susceptible,0,1,0.0,-1,-1,1,0,0,0,18.0,28.6,14.118551788844655,25.868127106537884,21.913677082795584,44.28317965096906,1,0,1.302,1.303,60,0.58,142,48,0.58,210,142,48,0.0,1,1,0
18,28,24,2,1.3025954099154864,strong,susceptible,0,1,0.0,-1,-1,1,0,0,0,18.0,28.6,14.118551788844655,25.868127106537884,21.913677082795584,44.28317965096906,1,0,1.302,1.303,60,0.58,142,48,0.58,210,142,48,0.0,1,1,0
18,29,24,2,1.3025954099154864,strong,susceptible,0,1,0.0,-1,-1,1,0,0,0,18.0,28.6,14.118551788844655,25.868127106537884,21.913677082795584,44.28317965096906,1,0,1.302,1.303,60,0.58,142,48,0.58,210,142,48,0.0,1,1,0
18,30,24,2,1.3025954099154864,strong,susceptible,0,1,0.0,-1,-1,1,0,0,0,18.0,28.6,14.118551788844655,25.868127106537884,21.913677082795584,44.28317965096906,1,0,1.302,1.303,60,0.58,142,48,0.58,210,142,48,0.0,1,1,0
18,31,24,2,1.3025954099154864,strong,susceptible,0,1,0.0,-1,-1,1,0,0,0,18.0,28.6,14.118551788844655,25.868127106537884,21.913677082795584,44.28317965096906,1,0,1.302,1.303,60,0.58,142,48,0.58,210,142,48,0.0,1,1,0
18,32,24,2,1.3025954099154864,strong,susceptible,0,1,0.0,-1,-1,1,0,0,0,18.0,28.6,14.118551788844655,25.868127106537884,21.913677082795584,44.28317965096906,1,0,1.302,1.303,60,0.58,142,48,0.58,210,142,48,0.0,1,1,0
18,33,24,2,1.3025954099154864,strong,susceptible,0,1,0.0,-1,-1,1,0,0,0,18.0,28.6,14.118551788844655,25.868127106537884,21.913677082795584,44.28317965096906,1,0,1.302,1.303,60,0.58,142,48,0.58,210,142,48,0.0,1,1,0
18,34,24,2,1.3025954099154864,strong,susceptible,0,1,0.0,-1,-1,1,0,0,0,18.0,28.6,14.118551788844655,25.868127106537884,21.913677082795584,44.28317965096906,1,0,1.302,1.303,60,0.58,142,48,0.58,210,142,48,0.0,1,1,0
18,35,24,2,1.3025954099154864,strong,susceptible,0,1,0.0,-1,-1,1,0,0,0,18.0,28.6,14.118551788844655,25.868127106537884,21.913677082795584,44.28317965096906,1,0,1.302,1.303,60,0.58,142,48,0.58,210,142,48,0.0,1,1,0
18,36,24,2,1.3025954099154864,strong,susceptible,0,1,0.0,-1,-1,1,0,0,0,18.0,28.6,14.118551788844655,25.868127106537884,21.913677082795584,44.28317965096906,1,0,1.302,1.303,60,0.58,142,48,0.58,210,142,48,0.0,1,1,0
18,37,24,2,1.3025954099154864,strong,susceptible,0,1,0.0,-1,-1,1,0,0,0,18.0,28.6,14.118551788844655,25.868127106537884,21.913677082795584,44.28317965096906,1,0,1.302,1.303,60,0.58,142,48,0.58,210,142,48,0.0,1,1,0
18,38,24,2,1.3025954099154864,strong,susceptible,0,1,0.0,-1,-1,1,0,0,0,18.0,28.6,14.118551788844655,25.868127106537884,21.913677082795584,44.28317965096906,1,0,1.302,1.303,60,0.58,142,48,0.58,210,142,48,0.0,1,1,0
18,39,24,2,1.3025954099154864,strong,susceptible,0,1,0.0,-1,-1,1,0,0,0,18.0,28.6,14.118551788844655,25.868127106537884,21.913677082795584,44.28317965096906,1,0,1.302,1.303,60,0.58,142,48,0.58,210,142,48,0.0,1,1,0
19,0,158,5,1.3024108045023357,medium,susceptible,0,1,0.0,-1,-1,0,1,0,0,27.8,23.9,17.437477020404735,24.544856895080894,26.84513921508658,38.41874542459709,1,0,1.302,1.303,60,0.58,142,48,0.58,210,142,48,0.0,1,1,0
19,1,158,5,1.3024108045023357,medium,susceptible,0,1,0.0,-1,-1,0,1,0,0,27.8,23.9,17.437477020404735,24.544856895080894,26.84513921508658,38.41874542459709,1,0,1.302,1.303,60,0.58,142,48,0.58,210,142,48,0.0,1,1,0
19,2,158,5,1.3024108045023357,medium,susceptible,0,1,0.0,-1,-1,0,1,0,0,27.8,23.9,17.437477020404735,24.544856895080894,26.84513921508658,38.41874542459709,1,0,1.302,1.303,60,0.58,142,48,0.58,210,142,48,0.0,1,1,0
19,3,158,5,1.3024108045023357,medium,susceptible,0,1,0.0,-1,-1,0,1,0,0,27.8,23.9,17.437477020404735,24.544856895080894,26.84513921508658,38.41874542459709,1,0,1.302,1.303,60,0.58,142,48,0.58,210,142,48,0.0,1,1,0
19,4,158,5,1.3024108045023357,medium,susceptible,0,1,0.0,-1,-1,0,1,0,0,27.8,23.9,17.437477020404735,24.544856895080894,26.84513921508658,38.41874542459709,1,0,1.302,1.303,60,0.58,142,48,0.58,210,142,48,0.0,1,1,0
19,5,158,5,1.3024108045023357,medium,susceptible,0,1,0.0,-1,-1,0,1,0,0,27.8,23.9,17.437477020404735,24.544856895080894,26.84513921508658,38.41874542459709,1,0,1.302,1.303,60,0.58,142,48,0.58,210,142,48,0.0,1,1,0
19,6,158,5,1.3024108045023357,medium,susceptible,0,1,0.0,-1,-1,0,1,0,0,27.8,23.9,17.437477020404735,24.544856895080894,26.84513921508658,38.41874542459709,1,0,1.302,1.303,60,0.58,142,48,0.58,210,142,48,0.0,1,1,0
19,7,158,5,1.3024108045023357,medium,susceptible,0,1,0.0,-1,-1,0,1,0,0,27.8,23.9,17.437477020404735,24.544856895080894,26.84513921508658,38.41874542459709,1,0,1.302,1.303,60,0.58,142,48,0.58,210,142,48,0.0,1,1,0
19,8,158,5,1.3024108045023357,medium,susceptible,0,1,0.0,-1,-1,0,1,0,0,27.8,23.9,17.437477020404735,24.544856895080894,26.84513921508658,38.41874542459709,1,0,1.302,1.303,60,0.58,142,48,0.58,210,142,48,0.0,1,1,0
19,9,158,5,1.3024108045023357,medium,susceptible,0,1,0.0,-1,-1,0,1,0,0,27.8,23.9,17.437477020404735,24.544856895080894,26.84513921508658,38.41874542459709,1,0,1.302,1.303,60,0.58,142,48,0.58,210,142,48,0.0,1,1,0
19,10,158,5,1.3024108045023357,medium,susceptible,0,1,0.0,-1,-1,0,1,0,0,27.8,23.9,17.437477020404735,24.544856895080894,26.84513921508658,38.41874542459709,1,0,1.302,1.303,60,0.58,142,48,0.58,210,142,48,0.0,1,1,0
19,11,158,5,1.3024108045023357,medium,susceptible,0,1,0.0,-1,-1,0,1,0,0,27.8,23.9,17.437477020404735,24.544856895080894,26.84513921508658,38.41874542459709,1,0,1.302,1.303,60,0.58,142,48,0.58,210,142,48,0.0,1,1,0
19,12,158,5,1.3024108045023357,medium,susceptible,0,1,0.0,-1,-1,0,1,0,0,27.8,23.9,17.437477020404735,24.544856895080894,26.84513921508658,38.41874542459709,1,0,1.302,1.303,60,0.58,142,48,0.58,210,142,48,0.0,1,1,0
19,13,158,5,1.3024108045023357,medium,susceptible,0,1,0.0,-1,-1,0,1,0,0,27.8,23.9,17.437477020404735,24.544856895080894,26.84513921508658,38.41874542459709,1,0,1.302,1.303,60,0.58,142,48,0.58,210,142,48,0.0,1,1,0
19,14,158,5,1.3024108045023357,medium,susceptible,0,1,0.0,-1,-1,0,1,0,0,27.8,23.9,17.437477020404735,24.544856895080894,26.84513921508658,38.41874542459709,1,0,1.302,1.303,60,0.58,142,48,0.58,210,142,48,0.0,1,1,0
19,15,158,5,1.3024108045023357,medium,susceptible,0,1,0.0,-1,-1,0,1,0,0,27.8,23.9,17.437477020404735,24.544856895080894,26.84513921508658,38.41874542459709,1,0,1.302,1.303,60,0.58,142,48,0.58,210,142,48,0.0,1,1,0
19,16,158,5,1.3024108045023357,medium,susceptible,0,1,0.0,-1,-1,0,1,0,0,27.8,23.9,17.437477020404735,24.544856895080894,26.84513921508658,38.41874542459709,1,0,1.302,1.303,60,0.58,142,48,0.58,210,142,48,0.0,1,1,0
19,17,158,5,1.3024108045023357,medium,susceptible,0,1,0.0,-1,-1,0,1,0,0,27.8,23.9,17.437477020404735,24.544856895080894,26.84513921508658,38.41874542459709,1,0,1.302,1.303,60,0.58,142,48,0.58,210,142,48,0.0,1,1,0
19,18,158,5,1.3024108045023357,medium,susceptible,0,1,0.0,-1,-1,0,1,0,0,27.8,23.9,17.437477020404735,24.544856895080894,26.84513921508658,38.41874542459709,1,0,1.302,1.303,60,0.58,142,48,0.58,210,142,48,0.0,1,1,0
19,19,158,5,1.3024108045023357,medium,susceptible,0,1,0.0,-1,-1,0,1,0,0,27.8,23.9,17.437477020404735,24.544856895080894,26.84513921508658,38.41874542459709,1,0,1.302,1.303,60,0.58,142,48,0.58,210,142,48,0.0,1,1,0
19,20,158,5,1.3024108045023357,medium,susceptible,0,1,0.0,-1,-1,0,1,0,0,27.8,23.9,17.437477020404735,24.544856895080894,26.84513921508658,38.41874542459709,1,0,1.302,1.303,60,0.58,142,48,0.58,210,142,48,0.0,1,1,0
19,21,158,5,1.3024108045023357,medium,susceptible,0,1,0.0,-1,-1,0,1,0,0,27.8,23.9,17.437477020404735,24.544856895080894,26.84513921508658,38.41874542459709,1,0,1.302,1.303,60,0.58,142,48,0.58,210,142,48,0.0,1,1,0
19,22,158,5,1.3024108045023357,medium,susceptible,0,1,0.0,-1,-1,0,1,0,0,27.8,23.9,17.437477020404735,24.544856895080894,26.84513921508658,38.41874542459709,1,0,1.302,1.303,60,0.58,142,48,0.58,210,142,48,0.0,1,1,0
19,23,158,5,1.3024108045023357,medium,susceptible,0,1,0.0,-1,-1,0,1,0,0,27.8,23.9,17.437477020404735,24.544856895080894,26.84513921508658,38.41874542459709,1,0,1.302,1.303,60,0.58,142,48,0.58,210,142,48,0.0,1,1,0
19,24,158,5,1.3024108045023357,medium,susceptible,0,1,0.0,-1,-1,0,1,0,0,27.8,23.9,17.437477020404735,24.544856895080894,26.84513921508658,38.41874542459709,1,0,1.302,1.303,60,0.58,142,48,0.58,210,142,48,0.0,1,1,0
19,25,158,5,1.3024108045023357,medium,susceptible,0,1,0.0,-1,-1,0,1,0,0,27.8,23.9,17.437477020404735,24.544856895080894,26.84513921508658,38.41874542459709,1,0,1.302,1.303,60,0.58,142,48,0.58,210,142,48,0.0,1,1,0
19,26,158,5,1.3024108045023357,medium,susceptible,0,1,0.0,-1,-1,0,1,0,0,27.8,23.9,17.437477020404735,24.544856895080894,26.84513921508658,38.41874542459709,1,0,1.302,1.303,60,0.58,142,48,0.58,210,142,48,0.0,1,1,0
19,27,158,5,1.3024108045023357,medium,susceptible,0,1,0.0,-1,-1,0,1,0,0,27.8,23.9,17.437477020404735,24.544856895080894,26.84513921508658,38.41874542459709,1,0,1.302,1.303,60,0.58,142,48,0.58,210,142,48,0.0,1,1,0
19,28,158,5,1.3024108045023357,medium,susceptible,0,1,0.0,-1,-1,0,1,0,0,27.8,23.9,17.437477020404735,24.544856895080894,26.84513921508658,38.41874542459709,1,0,1.302,1.303,60,0.58,142,48,0.58,210,142,48,0.0,1,1,0
19,29,158,5,1.3024108045023357,medium,susceptible,0,1,0.0,-1,-1,0,1,0,0,27.8,23.9,17.437477020404735,24.544856895080894,26.84513921508658,38.41874542459709,1,0,1.302,1.303,60,0.58,142,48,0.58,210,142,48,0.0,1,1,0
19,30,158,5,1.3024108045023357,medium,susceptible,0,1,0.0,-1,-1,0,1,0,0,27.8,23.9,17.437477020404735,24.544856895080894,26.84513921508658,38.41874542459709,1,0,1.302,1.303,60,0.58,142,48,0.58,210,142,48,0.0,1,1,0
19,31,158,5,1.3024108045023357,medium,susceptible,0,1,0.0,-1,-1,0,1,0,0,27.8,23.9,17.437477020404735,24.544856895080894,26.84513921508658,38.41874542459709,1,0,1.302,1.303,60,0.58,142,48,0.58,210,142,48,0.0,1,1,0
19,32,158,5,1.3024108045023357,medium,susceptible,0,1,0.0,-1,-1,0,1,0,0,27.8,23.9,17.437477020404735,24.544856895080894,26.84513921508658,38.41874542459709,1,0,1.302,1.303,60,0.58,142,48,0.58,210,142,48,0.0,1,1,0
19,33,158,5,1.3024108045023357,medium,susceptible,0,1,0.0,-1,-1,0,1,0,0,27.8,23.9,17.437477020404735,24.544856895080894,26.84513921508658,38.41874542459709,1,0,1.302,1.303,60,0.58,142,48,0.58,210,142,48,0.0,1,1,0
19,34,158,5,1.3024108045023357,medium,susceptible,0,1,0.0,-1,-1,0,1,0,0,27.8,23.9,17.437477020404735,24.544856895080894,26.84513921508658,38.41874542459709,1,0,1.302,1.303,60,0.58,142,48,0.58,210,142,48,0.0,1,1,0
19,35,158,5,1.3024108045023357,medium,susceptible,0,1,0.0,-1,-1,0,1,0,0,27.8,23.9,17.437477020404735,24.544856895080894,26.84513921508658,38.41874542459709,1,0,1.302,1.303,60,0.58,142,48,0.58,210,142,48,0.0,1,1,0
19,36,158,5,1.3024108045023357,medium,susceptible,0,1,0.0,-1,-1,0,1,0,0,27.8,23.9,17.437477020404735,24.544856895080894,26.84513921508658,38.41874542459709,1,0,1.302,1.303,60,0.58,142,48,0.58,210,142,48,0.0,1,1,0
19,37,158,5,1.3024108045023357,medium,susceptible,0,1,0.0,-1,-1,0,1,0,0,27.8,23.9,17.437477020404735,24.544856895080894,26.84513921508658,38.41874542459709,1,0,1.302,1.303,60,0.58,142,48,0.58,210,142,48,0.0,1,1,0
19,38,158,5,1.3024108045023357,medium,susceptible,0,1,0.0,-1,-1,0,1,0,0,27.8,23.9,17.437477020404735,24.544856895080894,26.84513921508658,38.41874542459709,1,0,1.302,1.303,60,0.58,142,48,0.58,210,142,48,0.0,1,1,0
19,39,158,5,1.3024108045023357,medium,susceptible,0,1,0.0,-1,-1,0,1,0,0,27.8,23.9,17.437477020404735,24.544856895080894,26.84513921508658,38.41874542459709,1,0,1.302,1.303,60,0.58,142,48,0.58,210,142,48,0.0,1,1,0
20,0,64,8,1.3023540578606136,medium,susceptible,0,1,0.0,-1,-1,0,1,0,0,26.9,21.4,16.70242673475057,31.237317426437247,27.357061169116538,49.193495504995376,1,0,1.302,1.303,60,0.58,142,48,0.58,210,142,48,0.0,1,1,0
20,1,64,8,1.3023540578606136,medium,susceptible,0,1,0.0,-1,-1,0,1,0,0,26.9,21.4,16.70242673475057,31.237317426437247,27.357061169116538,49.193495504995376,1,0,1.302,1.303,60,0.58,142,48,0.58,210,142,48,0.0,1,1,0
20,2,64,8,1.3023540578606136,medium,susceptible,0,1,0.0,-1,-1,0,1,0,0,26.9,21.4,16.70242673475057,31.237317426437247,27.357061169116538,49.193495504995376,1,0,1.302,1.303,60,0.58,142,48,0.58,210,142,48,0.0,1,1,0
20,3,64,8,1.3023540578606136,medium,susceptible,0,1,0.0,-1,-1,0,1,0,0,26.9,21.4,16.70242673475057,31.237317426437247,27.357061169116538,49.193495504995376,1,0,1.302,1.303,60,0.58,142,48,0.58,210,142,48,0.0,1,1,0
20,4,64,8,1.3023540578606136,medium,susceptible,0,1,0.0,-1,-1,0,1,0,0,26.9,21.4,16.70242673475057,31.237317426437247,27.357061169116538,49.193495504995376,1,0,1.302,1.303,60,0.58,142,48,0.58,210,142,48,0.0,1,1,0
20,5,64,8,1.3023540578606136,medium,susceptible,0,1,0.0,-1,-1,0,1,0,0,26.9,21.4,16.70242673475057,31.237317426437247,27.357061169116538,49.193495504995376,1,0,1.302,1.303,60,0.58,142,48,0.58,210,142,48,0.0,1,1,0
20,6,64,8,1.3023540578606136,medium,susceptible,0,1,0.0,-1,-1,0,1,0,0,26.9,21.4,16.70242673475057,31.237317426437247,27.357061169116538,49.193495504995376,1,0,1.302,1.303,60,0.58,142,48,0.58,210,142,48,0.0,1,1,0
20,7,64,8,1.3023540578606136,medium,susceptible,0,1,0.0,-1,-1,0,1,0,0,26.9,21.4,16.70242673475057,31.237317426437247,27.357061169116538,49.193495504995376,1,0,1.302,1.303,60,0.58,142,48,0.58,210,142,48,0.0,1,1,0
20,8,64,8,1.3023540578606136,medium,susceptible,0,1,0.0,-1,-1,0,1,0,0,26.9,21.4,16.70242673475057,31.237317426437247,27.357061169116538,49.193495504995376,1,0,1.302,1.303,60,0.58,142,48,0.58,210,142,48,0.0,1,1,0
20,9,64,8,1.3023540578606136,medium,susceptible,0,1,0.0,-1,-1,0,1,0,0,26.9,21.4,16.70242673475057,31.237317426437247,27.357061169116538,49.193495504995376,1,0,1.302,1.303,60,0.58,142,48,0.58,210,142,48,0.0,1,1,0
20,10,64,8,1.3023540578606136,medium,susceptible,0,1,0.0,-1,-1,0,1,0,0,26.9,21.4,16.70242673475057,31.237317426437247,27.357061169116538,49.193495504995376,1,0,1.302,1.303,60,0.58,142,48,0.58,210,142,48,0.0,1,1,0
20,11,64,8,1.3023540578606136,medium,susceptible,0,1,0.0,-1,-1,0,1,0,0,26.9,21.4,16.70242673475057,31.237317426437247,27.357061169116538,49.193495504995376,1,0,1.302,1.303,60,0.58,142,48,0.58,210,142,48,0.0,1,1,0
20,12,64,8,1.3023540578606136,medium,susceptible,0,1,0.0,-1,-1,0,1,0,0,26.9,21.4,16.70242673475057,31.237317426437247,27.357061169116538,49.193495504995376,1,0,1.302,1.303,60,0.58,142,48,0.58,210,142,48,0.0,1,1,0
20,13,64,8,1.3023540578606136,medium,susceptible,0,1,0.0,-1,-1,0,1,0,0,26.9,21.4,16.70242673475057,31.237317426437247,27.357061169116538,49.193495504995376,1,0,1.302,1.303,60,0.58,142,48,0.58,210,142,48,0.0,1,1,0
20,14,64,8,1.3023540578606136,medium,susceptible,0,1,0.0,-1,-1,0,1,0,0,26.9,21.4,16.70242673475057,31.237317426437247,27.357061169116538,49.193495504995376,1,0,1.302,1.303,60,0.58,142,48,0.58,210,142,48,0.0,1,1,0
20,15,64,8,1.3023540578606136,medium,susceptible,0,1,0.0,-1,-1,0,1,0,0,26.9,21.4,16.70242673475057,31.237317426437247,27.357061169116538,49.193495504995376,1,0,1.302,1.303,60,0.58,142,48,0.58,210,142,48,0.0,1,1,0
20,16,64,8,1.3023540578606136,medium,susceptible,0,1,0.0,-1,-1,0,1,0,0,26.9,21.4,16.70242673475057,31.237317426437247,27.357061169116538,49.193495504995376,1,0,1.302,1.303,60,0.58,142,48,0.58,210,142,48,0.0,1,1,0
20,17,64,8,1.3023540578606136,medium,susceptible,0,1,0.0,-1,-1,0,1,0,0,26.9,21.4,16.70242673475057,31.237317426437247,27.357061169116538,49.193495504995376,1,0,1.302,1.303,60,0.58,142,48,0.58,210,142,48,0.0,1,1,0
20,18,64,8,1.3023540578606136,medium,susceptible,0,1,0.0,-1,-1,0,1,0,0,26.9,21.4,16.70242673475057,31.237317426437247,27.357061169116538,49.193495504995376,1,0,1.302,1.303,60,0.58,142,48,0.58,210,142,48,0.0,1,1,0
20,19,64,8,1.3023540578606136,medium,susceptible,0,1,0.0,-1,-1,0,1,0,0,26.9,21.4,16.70242673475057,31.237317426437247,27.357061169116538,49.193495504995376,1,0,1.302,1.303,60,0.58,142,48,0.58,210,142,48,0.0,1,1,0
20,20,64,8,1.3023540578606136,medium,susceptible,0,1,0.0,-1,-1,0,1,0,0,26.9,21.4,16.70242673475057,31.237317426437247,27.357061169116538,49.193495504995376,1,0,1.302,1.303,60,0.58,142,48,0.58,210,142,48,0.0,1,1,0
20,21,64,8,1.3023540578606136,medium,susceptible,0,1,0.0,-1,-1,0,1,0,0,26.9,21.4,16.70242673475057,31.237317426437247,27.357061169116538,49.193495504995376,1,0,1.302,1.303,60,0.58,142,48,0.58,210,142,48,0.0,1,1,0
20,22,64,8,1.3023540578606136,medium,susceptible,0,1,0.0,-1,-1,0,1,0,0,26.9,21.4,16.70242673475057,31.237317426437247,27.357061169116538,49.193495504995376,1,0,1.302,1.303,60,0.58,142,48,0.58,210,142,48,0.0,1,1,0
20,23,64,8,1.3023540578606136,medium,susceptible,0,1,0.0,-1,-1,0,1,0,0,26.9,21.4,16.70242673475057,31.237317426437247,27.357061169116538,49.193495504995376,1,0,1.302,1.303,60,0.58,142,48,0.58,210,142,48,0.0,1,1,0
20,24,64,8,1.3023540578606136,medium,susceptible,0,1,0.0,-1,-1,0,1,0,0,26.9,21.4,16.70242673475057,31.237317426437247,27.357061169116538,49.193495504995376,1,0,1.302,1.303,60,0.58,142,48,0.58,210,142,48,0.0,1,1,0
20,25,64,8,1.3023540578606136,medium,susceptible,0,1,0.0,-1,-1,0,1,0,0,26.9,21.4,16.70242673475057,31.237317426437247,27.357061169116538,49.193495504995376,1,0,1.302,1.303,60,0.58,142,48,0.58,210,142,48,0.0,1,1,0
20,26,64,8,1.3023540578606136,medium,susceptible,0,1,0.0,-1,-1,0,1,0,0,26.9,21.4,16.70242673475057,31.237317426437247,27.357061169116538,49.193495504995376,1,0,1.302,1.303,60,0.58,142,48,0.58,210,142,48,0.0,1,1,0
20,27,64,8,1.3023540578606136,medium,susceptible,0,1,0.0,-1,-1,0,1,0,0,26.9,21.4,16.70242673475057,31.237317426437247,27.357061169116538,49.193495504995376,1,0,1.302,1.303,60,0.58,142,48,0.58,210,142,48,0.0,1,1,0
20,28,64,8,1.3023540578606136,medium,susceptible,0,1,0.0,-1,-1,0,1,0,0,26.9,21.4,16.70242673475057,31.237317426437247,27.357061169116538,49.193495504995376,1,0,1.302,1.303,60,0.58,142,48,0.58,210,142,48,0.0,1,1,0
20,29,64,8,1.3023540578606136,medium,susceptible,0,1,0.0,-1,-1,0,1,0,0,26.9,21.4,16.70242673475057,31.237317426437247,27.357061169116538,49.193495504995376,1,0,1.302,1.303,60,0.58,142,48,0.58,210,142,48,0.0,1,1,0
20,30,64,8,1.3023540578606136,medium,susceptible,0,1,0.0,-1,-1,0,1,0,0,26.9,21.4,16.70242673475057,31.237317426437247,27.357061169116538,49.193495504995376,1,0,1.302,1.303,60,0.58,142,48,0.58,210,142,48,0.0,1,1,0
20,31,64,8,1.3023540578606136,medium,susceptible,0,1,0.0,-1,-1,0,1,0,0,26.9,21.4,16.70242673475057,31.237317426437247,27.357061169116538,49.193495504995376,1,0,1.302,1.303,60,0.58,142,48,0.58,210,142,48,0.0,1,1,0
20,32,64,8,1.3023540578606136,medium,susceptible,0,1,0.0,-1,-1,0,1,0,0,26.9,21.4,16.70242673475057,31.237317426437247,27.357061169116538,49.193495504995376,1,0,1.302,1.303,60,0.58,142,48,0.58,210,142,48,0.0,1,1,0
20,33,64,8,1.3023540578606136,medium,susceptible,0,1,0.0,-1,-1,0,1,0,0,26.9,21.4,16.70242673475057,31.237317426437247,27.357061169116538,49.193495504995376,1,0,1.302,1.303,60,0.58,142,48,0.58,210,142,48,0.0,1,1,0
20,34,64,8,1.3023540578606136,medium,susceptible,0,1,0.0,-1,-1,0,1,0,0,26.9,21.4,16.70242673475057,31.237317426437247,27.357061169116538,49.193495504995376,1,0,1.302,1.303,60,0.58,142,48,0.58,210,142,48,0.0,1,1,0
20,35,64,8,1.3023540578606136,medium,susceptible,0,1,0.0,-1,-1,0,1,0,0,26.9,21.4,16.70242673475057,31.237317426437247,27.357061169116538,49.193495504995376,1,0,1.302,1.303,60,0.58,142,48,0.58,210,142,48,0.0,1,1,0
20,36,64,8,1.3023540578606136,medium,susceptible,0,1,0.0,-1,-1,0,1,0,0,26.9,21.4,16.70242673475057,31.237317426437247,27.357061169116538,49.193495504995376,1,0,1.302,1.303,60,0.58,142,48,0.58,210,142,48,0.0,1,1,0
20,37,64,8,1.3023540578606136,medium,susceptible,0,1,0.0,-1,-1,0,1,0,0,26.9,21.4,16.70242673475057,31.237317426437247,27.357061169116538,49.193495504995376,1,0,1.302,1.303,60,0.58,142,48,0.58,210,142,48,0.0,1,1,0
20,38,64,8,1.3023540578606136,medium,susceptible,0,1,0.0,-1,-1,0,1,0,0,26.9,21.4,16.70242673475057,31.237317426437247,27.357061169116538,49.193495504995376,1,0,1.302,1.303,60,0.58,142,48,0.58,210,142,48,0.0,1,1,0
20,39,64,8,1.3023540578606136,medium,susceptible,0,1,0.0,-1,-1,0,1,0,0,26.9,21.4,16.70242673475057,31.237317426437247,27.357061169116538,49.193495504995376,1,0,1.302,1.303,60,0.58,142,48,0.58,210,142,48,0.0,1,1,0
21,0,136,3,1.3023909660494963,compromised,susceptible,0,1,0.0,-1,-1,0,0,0,1,30.9,18.3,21.341810167165566,31.255399533520603,27.125339331249155,45.65084884205331,1,0,1.302,1.303,60,0.58,142,48,0.58,210,142,48,0.0,1,1,0
21,1,136,3,1.3023909660494963,compromised,susceptible,0,1,0.0,-1,-1,0,0,0,1,30.9,18.3,21.341810167165566,31.255399533520603,27.125339331249155,45.65084884205331,1,0,1.302,1.303,60,0.58,142,48,0.58,210,142,48,0.0,1,1,0
21,2,136,3,1.3023909660494963,compromised,susceptible,0,1,0.0,-1,-1,0,0,0,1,30.9,18.3,21.341810167165566,31.255399533520603,27.125339331249155,45.65084884205331,1,0,1.302,1.303,60,0.58,142,48,0.58,210,142,48,0.0,1,1,0
21,3,136,3,1.3023909660494963,compromised,susceptible,0,1,0.0,-1,-1,0,0,0,1,30.9,18.3,21.341810167165566,31.255399533520603,27.125339331249155,45.65084884205331,1,0,1.302,1.303,60,0.58,142,48,0.58,210,142,48,0.0,1,1,0
21,4,136,3,1.3023909660494963,compromised,susceptible,0,1,0.0,-1,-1,0,0,0,1,30.9,18.3,21.341810167165566,31.255399533520603,27.125339331249155,45.65084884205331,1,0,1.302,1.303,60,0.58,142,48,0.58,210,142,48,0.0,1,1,0
21,5,136,3,1.3023909660494963,compromised,susceptible,0,1,0.0,-1,-1,0,0,0,1,30.9,18.3,21.341810167165566,31.255399533520603,27.125339331249155,45.65084884205331,1,0,1.302,1.303,60,0.58,142,48,0.58,210,142,48,0.0,1,1,0
21,6,136,3,1.3023909660494963,compromised,susceptible,0,1,0.0,-1,-1,0,0,0,1,30.9,18.3,21.341810167165566,31.255399533520603,27.125339331249155,45.65084884205331,1,0,1.302,1.303,60,0.58,142,48,0.58,210,142,48,0.0,1,1,0
21,7,136,3,1.3023909660494963,compromised,susceptible,0,1,0.0,-1,-1,0,0,0,1,30.9,18.3,21.341810167165566,31.255399533520603,27.125339331249155,45.65084884205331,1,0,1.302,1.303,60,0.58,142,48,0.58,210,142,48,0.0,1,1,0
21,8,136,3,1.3023909660494963,compromised,susceptible,0,1,0.0,-1,-1,0,0,0,1,30.9,18.3,21.341810167165566,31.255399533520603,27.125339331249155,45.65084884205331,1,0,1.302,1.303,60,0.58,142,48,0.58,210,142,48,0.0,1,1,0
21,9,136,3,1.3023909660494963,compromised,susceptible,0,1,0.0,-1,-1,0,0,0,1,30.9,18.3,21.341810167165566,31.255399533520603,27.125339331249155,45.65084884205331,1,0,1.302,1.303,60,0.58,142,48,0.58,210,142,48,0.0,1,1,0
21,10,136,3,1.3023909660494963,compromised,susceptible,0,1,0.0,-1,-1,0,0,0,1,30.9,18.3,21.341810167165566,31.255399533520603,27.125339331249155,45.65084884205331,1,0,1.302,1.303,60,0.58,142,48,0.58,210,142,48,0.0,1,1,0
21,11,136,3,1.3023909660494963,compromised,susceptible,0,1,0.0,-1,-1,0,0,0,1,30.9,18.3,21.341810167165566,31.255399533520603,27.125339331249155,45.65084884205331,1,0,1.302,1.303,60,0.58,142,48,0.58,210,142,48,0.0,1,1,0
21,12,136,3,1.3023909660494963,compromised,susceptible,0,1,0.0,-1,-1,0,0,0,1,30.9,18.3,21.341810167165566,31.255399533520603,27.125339331249155,45.65084884205331,1,0,1.302,1.303,60,0.58,142,48,0.58,210,142,48,0.0,1,1,0
21,13,136,3,1.3023909660494963,compromised,susceptible,0,1,0.0,-1,-1,0,0,0,1,30.9,18.3,21.341810167165566,31.255399533520603,27.125339331249155,45.65084884205331,1,0,1.302,1.303,60,0.58,142,48,0.58,210,142,48,0.0,1,1,0
21,14,136,3,1.3023909660494963,compromised,susceptible,0,1,0.0,-1,-1,0,0,0,1,30.9,18.3,21.341810167165566,31.255399533520603,27.125339331249155,45.65084884205331,1,0,1.302,1.303,60,0.58,142,48,0.58,210,142,48,0.0,1,1,0
21,15,136,3,1.3023909660494963,compromised,susceptible,0,1,0.0,-1,-1,0,0,0,1,30.9,18.3,21.341810167165566,31.255399533520603,27.125339331249155,45.65084884205331,1,0,1.302,1.303,60,0.58,142,48,0.58,210,142,48,0.0,1,1,0
21,16,136,3,1.3023909660494963,compromised,susceptible,0,1,0.0,-1,-1,0,0,0,1,30.9,18.3,21.341810167165566,31.255399533520603,27.125339331249155,45.65084884205331,1,0,1.302,1.303,60,0.58,142,48,0.58,210,142,48,0.0,1,1,0
21,17,136,3,1.3023909660494963,compromised,susceptible,0,1,0.0,-1,-1,0,0,0,1,30.9,18.3,21.341810167165566,31.255399533520603,27.125339331249155,45.65084884205331,1,0,1.302,1.303,60,0.58,142,48,0.58,210,142,48,0.0,1,1,0
21,18,136,3,1.3023909660494963,compromised,susceptible,0,1,0.0,-1,-1,0,0,0,1,30.9,18.3,21.341810167165566,31.255399533520603,27.125339331249155,45.65084884205331,1,0,1.302,1.303,60,0.58,142,48,0.58,210,142,48,0.0,1,1,0
21,19,136,3,1.3023909660494963,compromised,susceptible,0,1,0.0,-1,-1,0,0,0,1,30.9,18.3,21.341810167165566,31.255399533520603,27.125339331249155,45.65084884205331,1,0,1.302,1.303,60,0.58,142,48,0.58,210,142,48,0.0,1,1,0
21,20,136,3,1.3023909660494963,compromised,susceptible,0,1,0.0,-1,-1,0,0,0,1,30.9,18.3,21.341810167165566,31.255399533520603,27.125339331249155,45.65084884205331,1,0,1.302,1.303,60,0.58,142,48,0.58,210,142,48,0.0,1,1,0
21,21,136,3,1.3023909660494963,compromised,susceptible,0,1,0.0,-1,-1,0,0,0,1,30.9,18.3,21.341810167165566,31.255399533520603,27.125339331249155,45.65084884205331,1,0,1.302,1.303,60,0.58,142,48,0.58,210,142,48,0.0,1,1,0
21,22,136,3,1.3023909660494963,compromised,susceptible,0,1,0.0,-1,-1,0,0,0,1,30.9,18.3,21.341810167165566,31.255399533520603,27.125339331249155,45.65084884205331,1,0,1.302,1.303,60,0.58,142,48,0.58,210,142,48,0.0,1,1,0
21,23,136,3,1.3023909660494963,compromised,susceptible,0,1,0.0,-1,-1,0,0,0,1,30.9,18.3,21.341810167165566,31.255399533520603,27.125339331249155,45.65084884205331,1,0,1.302,1.303,60,0.58,142,48,0.58,210,142,48,0.0,1,1,0
21,24,136,3,1.3023909660494963,compromised,susceptible,0,1,0.0,-1,-1,0,0,0,1,30.9,18.3,21.341810167165566,31.255399533520603,27.125339331249155,45.65084884205331,1,0,1.302,1.303,60,0.58,142,48,0.58,210,142,48,0.0,1,1,0
21,25,136,3,1.3023909660494963,compromised,susceptible,0,1,0.0,-1,-1,0,0,0,1,30.9,18.3,21.341810167165566,31.255399533520603,27.125339331249155,45.65084884205331,1,0,1.302,1.303,60,0.58,142,48,0.58,210,142,48,0.0,1,1,0
21,26,136,3,1.3023909660494963,compromised,susceptible,0,1,0.0,-1,-1,0,0,0,1,30.9,18.3,21.341810167165566,31.255399533520603,27.125339331249155,45.65084884205331,1,0,1.302,1.303,60,0.58,142,48,0.58,210,142,48,0.0,1,1,0
21,27,136,3,1.3023909660494963,compromised,susceptible,0,1,0.0,-1,-1,0,0,0,1,30.9,18.3,21.341810167165566,31.255399533520603,27.125339331249155,45.65084884205331,1,0,1.302,1.303,60,0.58,142,48,0.58,210,142,48,0.0,1,1,0
21,28,136,3,1.3023909660494963,compromised,susceptible,0,1,0.0,-1,-1,0,0,0,1,30.9,18.3,21.341810167165566,31.255399533520603,27.125339331249155,45.65084884205331,1,0,1.302,1.303,60,0.58,142,48,0.58,210,142,48,0.0,1,1,0
21,29,136,3,1.3023909660494963,compromised,susceptible,0,1,0.0,-1,-1,0,0,0,1,30.9,18.3,21.341810167165566,31.255399533520603,27.125339331249155,45.65084884205331,1,0,1.302,1.303,60,0.58,142,48,0.58,210,142,48,0.0,1,1,0
21,30,136,3,1.3023909660494963,compromised,susceptible,0,1,0.0,-1,-1,0,0,0,1,30.9,18.3,21.341810167165566,31.255399533520603,27.125339331249155,45.65084884205331,1,0,1.302,1.303,60,0.58,142,48,0.58,210,142,48,0.0,1,1,0
21,31,136,3,1.3023909660494963,compromised,susceptible,0,1,0.0,-1,-1,0,0,0,1,30.9,18.3,21.341810167165566,31.255399533520603,27.125339331249155,45.65084884205331,1,0,1.302,1.303,60,0.58,142,48,0.58,210,142,48,0.0,1,1,0
21,32,136,3,1.3023909660494963,compromised,susceptible,0,1,0.0,-1,-1,0,0,0,1,30.9,18.3,21.341810167165566,31.255399533520603,27.125339331249155,45.65084884205331,1,0,1.302,1.303,60,0.58,142,48,0.58,210,142,48,0.0,1,1,0
21,33,136,3,1.3023909660494963,compromised,susceptible,0,1,0.0,-1,-1,0,0,0,1,30.9,18.3,21.341810167165566,31.255399533520603,27.125339331249155,45.65084884205331,1,0,1.302,1.303,60,0.58,142,48,0.58,210,142,48,0.0,1,1,0
21,34,136,3,1.3023909660494963,compromised,susceptible,0,1,0.0,-1,-1,0,0,0,1,30.9,18.3,21.341810167165566,31.255399533520603,27.125339331249155,45.65084884205331,1,0,1.302,1.303,60,0.58,142,48,0.58,210,142,48,0.0,1,1,0
21,35,136,3,1.3023909660494963,compromised,susceptible,0,1,0.0,-1,-1,0,0,0,1,30.9,18.3,21.341810167165566,31.255399533520603,27.125339331249155,45.65084884205331,1,0,1.302,1.303,60,0.58,142,48,0.58,210,142,48,0.0,1,1,0
21,36,136,3,1.3023909660494963,compromised,susceptible,0,1,0.0,-1,-1,0,0,0,1,30.9,18.3,21.341810167165566,31.255399533520603,27.125339331249155,45.65084884205331,1,0,1.302,1.303,60,0.58,142,48,0.58,210,142,48,0.0,1,1,0
21,37,136,3,1.3023909660494963,compromised,susceptible,0,1,0.0,-1,-1,0,0,0,1,30.9,18.3,21.341810167165566,31.255399533520603,27.125339331249155,45.65084884205331,1,0,1.302,1.303,60,0.58,142,48,0.58,210,142,48,0.0,1,1,0
21,38,136,3,1.3023909660494963,compromised,susceptible,0,1,0.0,-1,-1,0,0,0,1,30.9,18.3,21.341810167165566,31.255399533520603,27.125339331249155,45.65084884205331,1,0,1.302,1.303,60,0.58,142,48,0.58,210,142,48,0.0,1,1,0
21,39,136,3,1.3023909660494963,compromised,susceptible,0,1,0.0,-1,-1,0,0,0,1,30.9,18.3,21.341810167165566,31.255399533520603,27.125339331249155,45.65084884205331,1,0,1.302,1.303,60,0.58,142,48,0.58,210,142,48,0.0,1,1,0
22,0,180,3,1.3027516139341357,strong,susceptible,0,1,0.0,-1,-1,1,0,0,0,23.0,25.5,16.222869399876313,27.5,24.18187693023429,40.70626487409524,1,0,1.302,1.303,60,0.58,142,48,0.58,210,142,48,0.0,1,1,0
22,1,180,3,1.3027516139341357,strong,susceptible,0,1,0.0,-1,-1,1,0,0,0,23.0,25.5,16.222869399876313,27.5,24.18187693023429,40.70626487409524,1,0,1.302,1.303,60,0.58,142,48,0.58,210,142,48,0.0,1,1,0
22,2,180,3,1.3027516139341357,strong,susceptible,0,1,0.0,-1,-1,1,0,0,0,23.0,25.5,16.222869399876313,27.5,24.18187693023429,40.70626487409524,1,0,1.302,1.303,60,0.58,142,48,0.58,210,142,48,0.0,1,1,0
22,3,180,3,1.3027516139341357,strong,susceptible,0,1,0.0,-1,-1,1,0,0,0,23.0,25.5,16.222869399876313,27.5,24.18187693023429,40.70626487409524,1,0,1.302,1.303,60,0.58,142,48,0.58,210,142,48,0.0,1,1,0
22,4,180,3,1.3027516139341357,strong,susceptible,0,1,0.0,-1,-1,1,0,0,0,23.0,25.5,16.222869399876313,27.5,24.18187693023429,40.70626487409524,1,0,1.302,1.303,60,0.58,142,48,0.58,210,142,48,0.0,1,1,0
22,5,180,3,1.3027516139341357,strong,susceptible,0,1,0.0,-1,-1,1,0,0,0,23.0,25.5,16.222869399876313,27.5,24.18187693023429,40.70626487409524,1,0,1.302,1.303,60,0.58,142,48,0.58,210,142,48,0.0,1,1,0
22,6,180,3,1.3027516139341357,strong,susceptible,0,1,0.0,-1,-1,1,0,0,0,23.0,25.5,16.222869399876313,27.5,24.18187693023429,40.70626487409524,1,0,1.302,1.303,60,0.58,142,48,0.58,210,142,48,0.0,1,1,0
22,7,180,3,1.3027516139341357,strong,susceptible,0,1,0.0,-1,-1,1,0,0,0,23.0,25.5,16.222869399876313,27.5,24.18187693023429,40.70626487409524,1,0,1.302,1.303,60,0.58,142,48,0.58,210,142,48,0.0,1,1,0
22,8,180,3,1.3027516139341357,strong,susceptible,0,1,0.0,-1,-1,1,0,0,0,23.0,25.5,16.222869399876313,27.5,24.18187693023429,40.70626487409524,1,0,1.302,1.303,60,0.58,142,48,0.58,210,142,48,0.0,1,1,0
22,9,180,3,1.3027516139341357,strong,susceptible,0,1,0.0,-1,-1,1,0,0,0,23.0,25.5,16.222869399876313,27.5,24.18187693023429,40.70626487409524,1,0,1.302,1.303,60,0.58,142,48,0.58,210,142,48,0.0,1,1,0
22,10,180,3,1.3027516139341357,strong,susceptible,0,1,0.0,-1,-1,1,0,0,0,23.0,25.5,16.222869399876313,27.5,24.18187693023429,40.70626487409524,1,0,1.302,1.303,60,0.58,142,48,0.58,210,142,48,0.0,1,1,0
22,11,180,3,1.3027516139341357,strong,susceptible,0,1,0.0,-1,-1,1,0,0,0,23.0,25.5,16.222869399876313,27.5,24.18187693023429,40.70626487409524,1,0,1.302,1.303,60,0.58,142,48,0.58,210,142,48,0.0,1,1,0
22,12,180,3,1.3027516139341357,strong,susceptible,0,1,0.0,-1,-1,1,0,0,0,23.0,25.5,16.222869399876313,27.5,24.18187693023429,40.70626487409524,1,0,1.302,1.303,60,0.58,142,48,0.58,210,142,48,0.0,1,1,0
22,14,180,3,1.3027516139341357,strong,infected,1,1,0.285,13,1,1,0,0,0,23.0,25.5,16.222869399876313,27.5,24.18187693023429,40.70626487409524,1,0,1.302,1.303,60,0.58,142,48,0.58,210,142,48,0.0,1,1,0
22,15,180,3,1.3027516139341357,strong,infected,1,1,5.293,13,2,1,0,0,0,23.0,25.5,16.222869399876313,27.5,24.18187693023429,40.70626487409524,1,0,1.302,1.303,60,0.58,142,48,0.58,210,142,48,0.0,1,1,0
22,16,180,3,1.3027516139341357,strong,infected,1,1,13.577,13,3,1,0,0,0,23.0,25.5,16.222869399876313,27.5,24.18187693023429,40.70626487409524,1,0,1.302,1.303,60,0.58,142,48,0.58,210,142,48,0.0,1,1,0
22,17,180,3,1.3027516139341357,strong,infected,1,1,18.358,13,4,1,0,0,0,23.0,25.5,16.222869399876313,27.5,24.18187693023429,40.70626487409524,1,0,1.302,1.303,60,0.58,142,48,0.58,210,142,48,0.0,1,1,0
22,18,180,3,1.3027516139341357,strong,infected,1,1,18.002,13,5,1,0,0,0,23.0,25.5,16.222869399876313,27.5,24.18187693023429,40.70626487409524,1,0,1.302,1.303,60,0.58,142,48,0.58,210,142,48,0.0,1,1,0
22,19,180,3,1.3027516139341357,strong,infected,1,1,14.546,13,6,1,0,0,0,23.0,25.5,16.222869399876313,27.5,24.18187693023429,40.70626487409524,1,0,1.302,1.303,60,0.58,142,48,0.58,210,142,48,0.0,1,1,0
22,20,180,3,1.3027516139341357,strong,infected,1,1,10.325,13,7,1,0,0,0,23.0,25.5,16.222869399876313,27.5,24.18187693023429,40.70626487409524,1,0,1.302,1.303,60,0.58,142,48,0.58,210,142,48,0.0,1,1,0
22,21,180,3,1.3027516139341357,strong,infected,1,1,6.678,13,8,1,0,0,0,23.0,25.5,16.222869399876313,27.5,24.18187693023429,40.70626487409524,1,0,1.302,1.303,60,0.58,142,48,0.58,210,142,48,0.0,1,1,0
22,22,180,3,1.3027516139341357,strong,infected,1,1,4.028,13,9,1,0,0,0,23.0,25.5,16.222869399876313,27.5,24.18187693023429,40.70626487409524,1,0,1.302,1.303,60,0.58,142,48,0.58,210,142,48,0.0,1,1,0
22,23,180,3,1.3027516139341357,strong,infected,1,1,2.301,13,10,1,0,0,0,23.0,25.5,16.222869399876313,27.5,24.18187693023429,40.70626487409524,1,0,1.302,1.303,60,0.58,142,48,0.58,210,142,48,0.0,1,1,0
22,24,180,3,1.3027516139341357,strong,infected,1,1,1.258,13,11,1,0,0,0,23.0,25.5,16.222869399876313,27.5,24.18187693023429,40.70626487409524,1,0,1.302,1.303,60,0.58,142,48,0.58,210,142,48,0.0,1,1,0
22,25,180,3,1.3027516139341357,strong,infected,1,1,0.664,13,12,1,0,0,0,23.0,25.5,16.222869399876313,27.5,24.18187693023429,40.70626487409524,1,0,1.302,1.303,60,0.58,142,48,0.58,210,142,48,0.0,1,1,0
22,26,180,3,1.3027516139341357,strong,recovered,2,1,0.527,13,13,1,0,0,0,23.0,25.5,16.222869399876313,27.5,24.18187693023429,40.70626487409524,1,0,1.302,1.303,60,0.58,142,48,0.58,210,142,48,0.0,1,1,0
22,27,180,3,1.3027516139341357,strong,recovered,2,1,0.527,13,14,1,0,0,0,23.0,25.5,16.222869399876313,27.5,24.18187693023429,40.70626487409524,1,0,1.302,1.303,60,0.58,142,48,0.58,210,142,48,0.0,1,1,0
22,28,180,3,1.3027516139341357,strong,recovered,2,1,0.527,13,15,1,0,0,0,23.0,25.5,16.222869399876313,27.5,24.18187693023429,40.70626487409524,1,0,1.302,1.303,60,0.58,142,48,0.58,210,142,48,0.0,1,1,0
22,29,180,3,1.3027516139341357,strong,recovered,2,1,0.527,13,16,1,0,0,0,23.0,25.5,16.222869399876313,27.5,24.18187693023429,40.70626487409524,1,0,1.302,1.303,60,0.58,142,48,0.58,210,142,48,0.0,1,1,0
22,30,180,3,1.3027516139341357,strong,recovered,2,1,0.527,13,17,1,0,0,0,23.0,25.5,16.222869399876313,27.5,24.18187693023429,40.70626487409524,1,0,1.302,1.303,60,0.58,142,48,0.58,210,142,48,0.0,1,1,0
22,31,180,3,1.3027516139341357,strong,recovered,2,1,0.527,13,18,1,0,0,0,23.0,25.5,16.222869399876313,27.5,24.18187693023429,40.70626487409524,1,0,1.302,1.303,60,0.58,142,48,0.58,210,142,48,0.0,1,1,0
22,32,180,3,1.3027516139341357,strong,recovered,2,1,0.527,13,19,1,0,0,0,23.0,25.5,16.222869399876313,27.5,24.18187693023429,40.70626487409524,1,0,1.302,1.303,60,0.58,142,48,0.58,210,142,48,0.0,1,1,0
22,33,180,3,1.3027516139341357,strong,recovered,2,1,0.527,13,20,1,0,0,0,23.0,25.5,16.222869399876313,27.5,24.18187693023429,40.70626487409524,1,0,1.302,1.303,60,0.58,142,48,0.58,210,142,48,0.0,1,1,0
22,34,180,3,1.3027516139341357,strong,recovered,2,1,0.527,13,21,1,0,0,0,23.0,25.5,16.222869399876313,27.5,24.18187693023429,40.70626487409524,1,0,1.302,1.303,60,0.58,142,48,0.58,210,142,48,0.0,1,1,0
22,35,180,3,1.3027516139341357,strong,recovered,2,1,0.527,13,22,1,0,0,0,23.0,25.5,16.222869399876313,27.5,24.18187693023429,40.70626487409524,1,0,1.302,1.303,60,0.58,142,48,0.58,210,142,48,0.0,1,1,0
22,36,180,3,1.3027516139341357,strong,recovered,2,1,0.527,13,23,1,0,0,0,23.0,25.5,16.222869399876313,27.5,24.18187693023429,40.70626487409524,1,0,1.302,1.303,60,0.58,142,48,0.58,210,142,48,0.0,1,1,0
22,37,180,3,1.3027516139341357,strong,recovered,2,1,0.527,13,24,1,0,0,0,23.0,25.5,16.222869399876313,27.5,24.18187693023429,40.70626487409524,1,0,1.302,1.303,60,0.58,142,48,0.58,210,142,48,0.0,1,1,0
22,38,180,3,1.3027516139341357,strong,recovered,2,1,0.527,13,25,1,0,0,0,23.0,25.5,16.222869399876313,27.5,24.18187693023429,40.70626487409524,1,0,1.302,1.303,60,0.58,142,48,0.58,210,142,48,0.0,1,1,0
22,39,180,3,1.3027516139341357,strong,recovered,2,1,0.527,13,26,1,0,0,0,23.0,25.5,16.222869399876313,27.5,24.18187693023429,40.70626487409524,1,0,1.302,1.303,60,0.58,142,48,0.58,210,142,48,0.0,1,1,0
23,0,154,3,1.302444124336162,medium,susceptible,0,1,0.0,-1,-1,0,1,0,0,23.7,18.9,17.86122696545682,26.580067720004024,25.255949161704116,46.69047011971501,1,0,1.302,1.303,60,0.58,142,48,0.58,210,142,48,0.0,1,1,0
23,1,154,3,1.302444124336162,medium,susceptible,0,1,0.0,-1,-1,0,1,0,0,23.7,18.9,17.86122696545682,26.580067720004024,25.255949161704116,46.69047011971501,1,0,1.302,1.303,60,0.58,142,48,0.58,210,142,48,0.0,1,1,0
23,2,154,3,1.302444124336162,medium,susceptible,0,1,0.0,-1,-1,0,1,0,0,23.7,18.9,17.86122696545682,26.580067720004024,25.255949161704116,46.69047011971501,1,0,1.302,1.303,60,0.58,142,48,0.58,210,142,48,0.0,1,1,0
23,3,154,3,1.302444124336162,medium,susceptible,0,1,0.0,-1,-1,0,1,0,0,23.7,18.9,17.86122696545682,26.580067720004024,25.255949161704116,46.69047011971501,1,0,1.302,1.303,60,0.58,142,48,0.58,210,142,48,0.0,1,1,0
23,4,154,3,1.302444124336162,medium,susceptible,0,1,0.0,-1,-1,0,1,0,0,23.7,18.9,17.86122696545682,26.580067720004024,25.255949161704116,46.69047011971501,1,0,1.302,1.303,60,0.58,142,48,0.58,210,142,48,0.0,1,1,0
23,5,154,3,1.302444124336162,medium,susceptible,0,1,0.0,-1,-1,0,1,0,0,23.7,18.9,17.86122696545682,26.580067720004024,25.255949161704116,46.69047011971501,1,0,1.302,1.303,60,0.58,142,48,0.58,210,142,48,0.0,1,1,0
23,6,154,3,1.302444124336162,medium,susceptible,0,1,0.0,-1,-1,0,1,0,0,23.7,18.9,17.86122696545682,26.580067720004024,25.255949161704116,46.69047011971501,1,0,1.302,1.303,60,0.58,142,48,0.58,210,142,48,0.0,1,1,0
23,7,154,3,1.302444124336162,medium,susceptible,0,1,0.0,-1,-1,0,1,0,0,23.7,18.9,17.86122696545682,26.580067720004024,25.255949161704116,46.69047011971501,1,0,1.302,1.303,60,0.58,142,48,0.58,210,142,48,0.0,1,1,0
23,8,154,3,1.302444124336162,medium,susceptible,0,1,0.0,-1,-1,0,1,0,0,23.7,18.9,17.86122696545682,26.580067720004024,25.255949161704116,46.69047011971501,1,0,1.302,1.303,60,0.58,142,48,0.58,210,142,48,0.0,1,1,0
23,9,154,3,1.302444124336162,medium,susceptible,0,1,0.0,-1,-1,0,1,0,0,23.7,18.9,17.86122696545682,26.580067720004024,25.255949161704116,46.69047011971501,1,0,1.302,1.303,60,0.58,142,48,0.58,210,142,48,0.0,1,1,0
23,10,154,3,1.302444124336162,medium,susceptible,0,1,0.0,-1,-1,0,1,0,0,23.7,18.9,17.86122696545682,26.580067720004024,25.255949161704116,46.69047011971501,1,0,1.302,1.303,60,0.58,142,48,0.58,210,142,48,0.0,1,1,0
23,11,154,3,1.302444124336162,medium,susceptible,0,1,0.0,-1,-1,0,1,0,0,23.7,18.9,17.86122696545682,26.580067720004024,25.255949161704116,46.69047011971501,1,0,1.302,1.303,60,0.58,142,48,0.58,210,142,48,0.0,1,1,0
23,12,154,3,1.302444124336162,medium,susceptible,0,1,0.0,-1,-1,0,1,0,0,23.7,18.9,17.86122696545682,26.580067720004024,25.255949161704116,46.69047011971501,1,0,1.302,1.303,60,0.58,142,48,0.58,210,142,48,0.0,1,1,0
23,13,154,3,1.302444124336162,medium,susceptible,0,1,0.0,-1,-1,0,1,0,0,23.7,18.9,17.86122696545682,26.580067720004024,25.255949161704116,46.69047011971501,1,0,1.302,1.303,60,0.58,142,48,0.58,210,142,48,0.0,1,1,0
23,14,154,3,1.302444124336162,medium,susceptible,0,1,0.0,-1,-1,0,1,0,0,23.7,18.9,17.86122696545682,26.580067720004024,25.255949161704116,46.69047011971501,1,0,1.302,1.303,60,0.58,142,48,0.58,210,142,48,0.0,1,1,0
23,15,154,3,1.302444124336162,medium,susceptible,0,1,0.0,-1,-1,0,1,0,0,23.7,18.9,17.86122696545682,26.580067720004024,25.255949161704116,46.69047011971501,1,0,1.302,1.303,60,0.58,142,48,0.58,210,142,48,0.0,1,1,0
23,16,154,3,1.302444124336162,medium,susceptible,0,1,0.0,-1,-1,0,1,0,0,23.7,18.9,17.86122696545682,26.580067720004024,25.255949161704116,46.69047011971501,1,0,1.302,1.303,60,0.58,142,48,0.58,210,142,48,0.0,1,1,0
23,17,154,3,1.302444124336162,medium,susceptible,0,1,0.0,-1,-1,0,1,0,0,23.7,18.9,17.86122696545682,26.580067720004024,25.255949161704116,46.69047011971501,1,0,1.302,1.303,60,0.58,142,48,0.58,210,142,48,0.0,1,1,0
23,18,154,3,1.302444124336162,medium,susceptible,0,1,0.0,-1,-1,0,1,0,0,23.7,18.9,17.86122696545682,26.580067720004024,25.255949161704116,46.69047011971501,1,0,1.302,1.303,60,0.58,142,48,0.58,210,142,48,0.0,1,1,0
23,19,154,3,1.302444124336162,medium,susceptible,0,1,0.0,-1,-1,0,1,0,0,23.7,18.9,17.86122696545682,26.580067720004024,25.255949161704116,46.69047011971501,1,0,1.302,1.303,60,0.58,142,48,0.58,210,142,48,0.0,1,1,0
23,20,154,3,1.302444124336162,medium,susceptible,0,1,0.0,-1,-1,0,1,0,0,23.7,18.9,17.86122696545682,26.580067720004024,25.255949161704116,46.69047011971501,1,0,1.302,1.303,60,0.58,142,48,0.58,210,142,48,0.0,1,1,0
23,21,154,3,1.302444124336162,medium,susceptible,0,1,0.0,-1,-1,0,1,0,0,23.7,18.9,17.86122696545682,26.580067720004024,25.255949161704116,46.69047011971501,1,0,1.302,1.303,60,0.58,142,48,0.58,210,142,48,0.0,1,1,0
23,22,154,3,1.302444124336162,medium,susceptible,0,1,0.0,-1,-1,0,1,0,0,23.7,18.9,17.86122696545682,26.580067720004024,25.255949161704116,46.69047011971501,1,0,1.302,1.303,60,0.58,142,48,0.58,210,142,48,0.0,1,1,0
23,23,154,3,1.302444124336162,medium,susceptible,0,1,0.0,-1,-1,0,1,0,0,23.7,18.9,17.86122696545682,26.580067720004024,25.255949161704116,46.69047011971501,1,0,1.302,1.303,60,0.58,142,48,0.58,210,142,48,0.0,1,1,0
23,24,154,3,1.302444124336162,medium,susceptible,0,1,0.0,-1,-1,0,1,0,0,23.7,18.9,17.86122696545682,26.580067720004024,25.255949161704116,46.69047011971501,1,0,1.302,1.303,60,0.58,142,48,0.58,210,142,48,0.0,1,1,0
23,25,154,3,1.302444124336162,medium,susceptible,0,1,0.0,-1,-1,0,1,0,0,23.7,18.9,17.86122696545682,26.580067720004024,25.255949161704116,46.69047011971501,1,0,1.302,1.303,60,0.58,142,48,0.58,210,142,48,0.0,1,1,0
23,26,154,3,1.302444124336162,medium,susceptible,0,1,0.0,-1,-1,0,1,0,0,23.7,18.9,17.86122696545682,26.580067720004024,25.255949161704116,46.69047011971501,1,0,1.302,1.303,60,0.58,142,48,0.58,210,142,48,0.0,1,1,0
23,27,154,3,1.302444124336162,medium,susceptible,0,1,0.0,-1,-1,0,1,0,0,23.7,18.9,17.86122696545682,26.580067720004024,25.255949161704116,46.69047011971501,1,0,1.302,1.303,60,0.58,142,48,0.58,210,142,48,0.0,1,1,0
23,28,154,3,1.302444124336162,medium,susceptible,0,1,0.0,-1,-1,0,1,0,0,23.7,18.9,17.86122696545682,26.580067720004024,25.255949161704116,46.69047011971501,1,0,1.302,1.303,60,0.58,142,48,0.58,210,142,48,0.0,1,1,0
23,29,154,3,1.302444124336162,medium,susceptible,0,1,0.0,-1,-1,0,1,0,0,23.7,18.9,17.86122696545682,26.580067720004024,25.255949161704116,46.69047011971501,1,0,1.302,1.303,60,0.58,142,48,0.58,210,142,48,0.0,1,1,0
23,30,154,3,1.302444124336162,medium,susceptible,0,1,0.0,-1,-1,0,1,0,0,23.7,18.9,17.86122696545682,26.580067720004024,25.255949161704116,46.69047011971501,1,0,1.302,1.303,60,0.58,142,48,0.58,210,142,48,0.0,1,1,0
23,31,154,3,1.302444124336162,medium,susceptible,0,1,0.0,-1,-1,0,1,0,0,23.7,18.9,17.86122696545682,26.580067720004024,25.255949161704116,46.69047011971501,1,0,1.302,1.303,60,0.58,142,48,0.58,210,142,48,0.0,1,1,0
23,32,154,3,1.302444124336162,medium,susceptible,0,1,0.0,-1,-1,0,1,0,0,23.7,18.9,17.86122696545682,26.580067720004024,25.255949161704116,46.69047011971501,1,0,1.302,1.303,60,0.58,142,48,0.58,210,142,48,0.0,1,1,0
23,33,154,3,1.302444124336162,medium,susceptible,0,1,0.0,-1,-1,0,1,0,0,23.7,18.9,17.86122696545682,26.580067720004024,25.255949161704116,46.69047011971501,1,0,1.302,1.303,60,0.58,142,48,0.58,210,142,48,0.0,1,1,0
23,34,154,3,1.302444124336162,medium,susceptible,0,1,0.0,-1,-1,0,1,0,0,23.7,18.9,17.86122696545682,26.580067720004024,25.255949161704116,46.69047011971501,1,0,1.302,1.303,60,0.58,142,48,0.58,210,142,48,0.0,1,1,0
23,35,154,3,1.302444124336162,medium,susceptible,0,1,0.0,-1,-1,0,1,0,0,23.7,18.9,17.86122696545682,26.580067720004024,25.255949161704116,46.69047011971501,1,0,1.302,1.303,60,0.58,142,48,0.58,210,142,48,0.0,1,1,0
23,36,154,3,1.302444124336162,medium,susceptible,0,1,0.0,-1,-1,0,1,0,0,23.7,18.9,17.86122696545682,26.580067720004024,25.255949161704116,46.69047011971501,1,0,1.302,1.303,60,0.58,142,48,0.58,210,142,48,0.0,1,1,0
23,37,154,3,1.302444124336162,medium,susceptible,0,1,0.0,-1,-1,0,1,0,0,23.7,18.9,17.86122696545682,26.580067720004024,25.255949161704116,46.69047011971501,1,0,1.302,1.303,60,0.58,142,48,0.58,210,142,48,0.0,1,1,0
23,38,154,3,1.302444124336162,medium,susceptible,0,1,0.0,-1,-1,0,1,0,0,23.7,18.9,17.86122696545682,26.580067720004024,25.255949161704116,46.69047011971501,1,0,1.302,1.303,60,0.58,142,48,0.58,210,142,48,0.0,1,1,0
23,39,154,3,1.302444124336162,medium,susceptible,0,1,0.0,-1,-1,0,1,0,0,23.7,18.9,17.86122696545682,26.580067720004024,25.255949161704116,46.69047011971501,1,0,1.302,1.303,60,0.58,142,48,0.58,210,142,48,0.0,1,1,0
24,0,37,8,1.302233064171752,strong,susceptible,0,1,0.0,-1,-1,1,0,0,0,30.4,34.8,16.219764740004678,31.83080269173242,20.492404280501017,42.44997055358225,1,0,1.302,1.303,60,0.58,142,48,0.58,210,142,48,0.0,1,1,0
24,1,37,8,1.302233064171752,strong,susceptible,0,1,0.0,-1,-1,1,0,0,0,30.4,34.8,16.219764740004678,31.83080269173242,20.492404280501017,42.44997055358225,1,0,1.302,1.303,60,0.58,142,48,0.58,210,142,48,0.0,1,1,0
24,2,37,8,1.302233064171752,strong,susceptible,0,1,0.0,-1,-1,1,0,0,0,30.4,34.8,16.219764740004678,31.83080269173242,20.492404280501017,42.44997055358225,1,0,1.302,1.303,60,0.58,142,48,0.58,210,142,48,0.0,1,1,0
24,3,37,8,1.302233064171752,strong,susceptible,0,1,0.0,-1,-1,1,0,0,0,30.4,34.8,16.219764740004678,31.83080269173242,20.492404280501017,42.44997055358225,1,0,1.302,1.303,60,0.58,142,48,0.58,210,142,48,0.0,1,1,0
24,4,37,8,1.302233064171752,strong,susceptible,0,1,0.0,-1,-1,1,0,0,0,30.4,34.8,16.219764740004678,31.83080269173242,20.492404280501017,42.44997055358225,1,0,1.302,1.303,60,0.58,142,48,0.58,210,142,48,0.0,1,1,0
24,5,37,8,1.302233064171752,strong,susceptible,0,1,0.0,-1,-1,1,0,0,0,30.4,34.8,16.219764740004678,31.83080269173242,20.492404280501017,42.44997055358225,1,0,1.302,1.303,60,0.58,142,48,0.58,210,142,48,0.0,1,1,0
24,6,37,8,1.302233064171752,strong,susceptible,0,1,0.0,-1,-1,1,0,0,0,30.4,34.8,16.219764740004678,31.83080269173242,20.492404280501017,42.44997055358225,1,0,1.302,1.303,60,0.58,142,48,0.58,210,142,48,0.0,1,1,0
24,7,37,8,1.302233064171752,strong,susceptible,0,1,0.0,-1,-1,1,0,0,0,30.4,34.8,16.219764740004678,31.83080269173242,20.492404280501017,42.44997055358225,1,0,1.302,1.303,60,0.58,142,48,0.58,210,142,48,0.0,1,1,0
24,8,37,8,1.302233064171752,strong,susceptible,0,1,0.0,-1,-1,1,0,0,0,30.4,34.8,16.219764740004678,31.83080269173242,20.492404280501017,42.44997055358225,1,0,1.302,1.303,60,0.58,142,48,0.58,210,142,48,0.0,1,1,0
24,9,37,8,1.302233064171752,strong,susceptible,0,1,0.0,-1,-1,1,0,0,0,30.4,34.8,16.219764740004678,31.83080269173242,20.492404280501017,42.44997055358225,1,0,1.302,1.303,60,0.58,142,48,0.58,210,142,48,0.0,1,1,0
24,10,37,8,1.302233064171752,strong,susceptible,0,1,0.0,-1,-1,1,0,0,0,30.4,34.8,16.219764740004678,31.83080269173242,20.492404280501017,42.44997055358225,1,0,1.302,1.303,60,0.58,142,48,0.58,210,142,48,0.0,1,1,0
24,11,37,8,1.302233064171752,strong,susceptible,0,1,0.0,-1,-1,1,0,0,0,30.4,34.8,16.219764740004678,31.83080269173242,20.492404280501017,42.44997055358225,1,0,1.302,1.303,60,0.58,142,48,0.58,210,142,48,0.0,1,1,0
24,12,37,8,1.302233064171752,strong,susceptible,0,1,0.0,-1,-1,1,0,0,0,30.4,34.8,16.219764740004678,31.83080269173242,20.492404280501017,42.44997055358225,1,0,1.302,1.303,60,0.58,142,48,0.58,210,142,48,0.0,1,1,0
24,13,37,8,1.302233064171752,strong,susceptible,0,1,0.0,-1,-1,1,0,0,0,30.4,34.8,16.219764740004678,31.83080269173242,20.492404280501017,42.44997055358225,1,0,1.302,1.303,60,0.58,142,48,0.58,210,142,48,0.0,1,1,0
24,14,37,8,1.302233064171752,strong,susceptible,0,1,0.0,-1,-1,1,0,0,0,30.4,34.8,16.219764740004678,31.83080269173242,20.492404280501017,42.44997055358225,1,0,1.302,1.303,60,0.58,142,48,0.58,210,142,48,0.0,1,1,0
24,15,37,8,1.302233064171752,strong,susceptible,0,1,0.0,-1,-1,1,0,0,0,30.4,34.8,16.219764740004678,31.83080269173242,20.492404280501017,42.44997055358225,1,0,1.302,1.303,60,0.58,142,48,0.58,210,142,48,0.0,1,1,0
24,16,37,8,1.302233064171752,strong,susceptible,0,1,0.0,-1,-1,1,0,0,0,30.4,34.8,16.219764740004678,31.83080269173242,20.492404280501017,42.44997055358225,1,0,1.302,1.303,60,0.58,142,48,0.58,210,142,48,0.0,1,1,0
24,17,37,8,1.302233064171752,strong,susceptible,0,1,0.0,-1,-1,1,0,0,0,30.4,34.8,16.219764740004678,31.83080269173242,20.492404280501017,42.44997055358225,1,0,1.302,1.303,60,0.58,142,48,0.58,210,142,48,0.0,1,1,0
24,18,37,8,1.302233064171752,strong,susceptible,0,1,0.0,-1,-1,1,0,0,0,30.4,34.8,16.219764740004678,31.83080269173242,20.492404280501017,42.44997055358225,1,0,1.302,1.303,60,0.58,142,48,0.58,210,142,48,0.0,1,1,0
24,19,37,8,1.302233064171752,strong,susceptible,0,1,0.0,-1,-1,1,0,0,0,30.4,34.8,16.219764740004678,31.83080269173242,20.492404280501017,42.44997055358225,1,0,1.302,1.303,60,0.58,142,48,0.58,210,142,48,0.0,1,1,0
24,20,37,8,1.302233064171752,strong,susceptible,0,1,0.0,-1,-1,1,0,0,0,30.4,34.8,16.219764740004678,31.83080269173242,20.492404280501017,42.44997055358225,1,0,1.302,1.303,60,0.58,142,48,0.58,210,142,48,0.0,1,1,0
24,21,37,8,1.302233064171752,strong,susceptible,0,1,0.0,-1,-1,1,0,0,0,30.4,34.8,16.219764740004678,31.83080269173242,20.492404280501017,42.44997055358225,1,0,1.302,1.303,60,0.58,142,48,0.58,210,142,48,0.0,1,1,0
24,22,37,8,1.302233064171752,strong,susceptible,0,1,0.0,-1,-1,1,0,0,0,30.4,34.8,16.219764740004678,31.83080269173242,20.492404280501017,42.44997055358225,1,0,1.302,1.303,60,0.58,142,48,0.58,210,142,48,0.0,1,1,0
24,23,37,8,1.302233064171752,strong,susceptible,0,1,0.0,-1,-1,1,0,0,0,30.4,34.8,16.219764740004678,31.83080269173242,20.492404280501017,42.44997055358225,1,0,1.302,1.303,60,0.58,142,48,0.58,210,142,48,0.0,1,1,0
24,24,37,8,1.302233064171752,strong,susceptible,0,1,0.0,-1,-1,1,0,0,0,30.4,34.8,16.219764740004678,31.83080269173242,20.492404280501017,42.44997055358225,1,0,1.302,1.303,60,0.58,142,48,0.58,210,142,48,0.0,1,1,0
24,25,37,8,1.302233064171752,strong,susceptible,0,1,0.0,-1,-1,1,0,0,0,30.4,34.8,16.219764740004678,31.83080269173242,20.492404280501017,42.44997055358225,1,0,1.302,1.303,60,0.58,142,48,0.58,210,142,48,0.0,1,1,0
24,26,37,8,1.302233064171752,strong,susceptible,0,1,0.0,-1,-1,1,0,0,0,30.4,34.8,16.219764740004678,31.83080269173242,20.492404280501017,42.44997055358225,1,0,1.302,1.303,60,0.58,142,48,0.58,210,142,48,0.0,1,1,0
24,27,37,8,1.302233064171752,strong,susceptible,0,1,0.0,-1,-1,1,0,0,0,30.4,34.8,16.219764740004678,31.83080269173242,20.492404280501017,42.44997055358225,1,0,1.302,1.303,60,0.58,142,48,0.58,210,142,48,0.0,1,1,0
24,28,37,8,1.302233064171752,strong,susceptible,0,1,0.0,-1,-1,1,0,0,0,30.4,34.8,16.219764740004678,31.83080269173242,20.492404280501017,42.44997055358225,1,0,1.302,1.303,60,0.58,142,48,0.58,210,142,48,0.0,1,1,0
24,29,37,8,1.302233064171752,strong,susceptible,0,1,0.0,-1,-1,1,0,0,0,30.4,34.8,16.219764740004678,31.83080269173242,20.492404280501017,42.44997055358225,1,0,1.302,1.303,60,0.58,142,48,0.58,210,142,48,0.0,1,1,0
24,30,37,8,1.302233064171752,strong,susceptible,0,1,0.0,-1,-1,1,0,0,0,30.4,34.8,16.219764740004678,31.83080269173242,20.492404280501017,42.44997055358225,1,0,1.302,1.303,60,0.58,142,48,0.58,210,142,48,0.0,1,1,0
24,31,37,8,1.302233064171752,strong,susceptible,0,1,0.0,-1,-1,1,0,0,0,30.4,34.8,16.219764740004678,31.83080269173242,20.492404280501017,42.44997055358225,1,0,1.302,1.303,60,0.58,142,48,0.58,210,142,48,0.0,1,1,0
24,32,37,8,1.302233064171752,strong,susceptible,0,1,0.0,-1,-1,1,0,0,0,30.4,34.8,16.219764740004678,31.83080269173242,20.492404280501017,42.44997055358225,1,0,1.302,1.303,60,0.58,142,48,0.58,210,142,48,0.0,1,1,0
24,33,37,8,1.302233064171752,strong,susceptible,0,1,0.0,-1,-1,1,0,0,0,30.4,34.8,16.219764740004678,31.83080269173242,20.492404280501017,42.44997055358225,1,0,1.302,1.303,60,0.58,142,48,0.58,210,142,48,0.0,1,1,0
24,34,37,8,1.302233064171752,strong,susceptible,0,1,0.0,-1,-1,1,0,0,0,30.4,34.8,16.219764740004678,31.83080269173242,20.492404280501017,42.44997055358225,1,0,1.302,1.303,60,0.58,142,48,0.58,210,142,48,0.0,1,1,0
24,35,37,8,1.302233064171752,strong,susceptible,0,1,0.0,-1,-1,1,0,0,0,30.4,34.8,16.219764740004678,31.83080269173242,20.492404280501017,42.44997055358225,1,0,1.302,1.303,60,0.58,142,48,0.58,210,142,48,0.0,1,1,0
24,36,37,8,1.302233064171752,strong,susceptible,0,1,0.0,-1,-1,1,0,0,0,30.4,34.8,16.219764740004678,31.83080269173242,20.492404280501017,42.44997055358225,1,0,1.302,1.303,60,0.58,142,48,0.58,210,142,48,0.0,1,1,0
24,37,37,8,1.302233064171752,strong,susceptible,0,1,0.0,-1,-1,1,0,0,0,30.4,34.8,16.219764740004678,31.83080269173242,20.492404280501017,42.44997055358225,1,0,1.302,1.303,60,0.58,142,48,0.58,210,142,48,0.0,1,1,0
24,38,37,8,1.302233064171752,strong,susceptible,0,1,0.0,-1,-1,1,0,0,0,30.4,34.8,16.219764740004678,31.83080269173242,20.492404280501017,42.44997055358225,1,0,1.302,1.303,60,0.58,142,48,0.58,210,142,48,0.0,1,1,0
24,39,37,8,1.302233064171752,strong,susceptible,0,1,0.0,-1,-1,1,0,0,0,30.4,34.8,16.219764740004678,31.83080269173242,20.492404280501017,42.44997055358225,1,0,1.302,1.303,60,0.58,142,48,0.58,210,142,48,0.0,1,1,0
25,0,79,8,1.3022547522165189,medium,susceptible,0,1,0.0,-1,-1,0,1,0,0,18.6,15.8,18.328852581236976,25.207141845120006,23.085387599121866,41.19465984809196,1,0,1.302,1.303,60,0.58,142,48,0.58,210,142,48,0.0,1,1,0
25,1,79,8,1.3022547522165189,medium,susceptible,0,1,0.0,-1,-1,0,1,0,0,18.6,15.8,18.328852581236976,25.207141845120006,23.085387599121866,41.19465984809196,1,0,1.302,1.303,60,0.58,142,48,0.58,210,142,48,0.0,1,1,0
25,2,79,8,1.3022547522165189,medium,susceptible,0,1,0.0,-1,-1,0,1,0,0,18.6,15.8,18.328852581236976,25.207141845120006,23.085387599121866,41.19465984809196,1,0,1.302,1.303,60,0.58,142,48,0.58,210,142,48,0.0,1,1,0
25,3,79,8,1.3022547522165189,medium,susceptible,0,1,0.0,-1,-1,0,1,0,0,18.6,15.8,18.328852581236976,25.207141845120006,23.085387599121866,41.19465984809196,1,0,1.302,1.303,60,0.58,142,48,0.58,210,142,48,0.0,1,1,0
25,4,79,8,1.3022547522165189,medium,susceptible,0,1,0.0,-1,-1,0,1,0,0,18.6,15.8,18.328852581236976,25.207141845120006,23.085387599121866,41.19465984809196,1,0,1.302,1.303,60,0.58,142,48,0.58,210,142,48,0.0,1,1,0
25,5,79,8,1.3022547522165189,medium,susceptible,0,1,0.0,-1,-1,0,1,0,0,18.6,15.8,18.328852581236976,25.207141845120006,23.085387599121866,41.19465984809196,1,0,1.302,1.303,60,0.58,142,48,0.58,210,142,48,0.0,1,1,0
25,6,79,8,1.3022547522165189,medium,susceptible,0,1,0.0,-1,-1,0,1,0,0,18.6,15.8,18.328852581236976,25.207141845120006,23.085387599121866,41.19465984809196,1,0,1.302,1.303,60,0.58,142,48,0.58,210,142,48,0.0,1,1,0
25,7,79,8,1.3022547522165189,medium,susceptible,0,1,0.0,-1,-1,0,1,0,0,18.6,15.8,18.328852581236976,25.207141845120006,23.085387599121866,41.19465984809196,1,0,1.302,1.303,60,0.58,142,48,0.58,210,142,48,0.0,1,1,0
25,8,79,8,1.3022547522165189,medium,susceptible,0,1,0.0,-1,-1,0,1,0,0,18.6,15.8,18.328852581236976,25.207141845120006,23.085387599121866,41.19465984809196,1,0,1.302,1.303,60,0.58,142,48,0.58,210,142,48,0.0,1,1,0
25,9,79,8,1.3022547522165189,medium,susceptible,0,1,0.0,-1,-1,0,1,0,0,18.6,15.8,18.328852581236976,25.207141845120006,23.085387599121866,41.19465984809196,1,0,1.302,1.303,60,0.58,142,48,0.58,210,142,48,0.0,1,1,0
25,10,79,8,1.3022547522165189,medium,susceptible,0,1,0.0,-1,-1,0,1,0,0,18.6,15.8,18.328852581236976,25.207141845120006,23.085387599121866,41.19465984809196,1,0,1.302,1.303,60,0.58,142,48,0.58,210,142,48,0.0,1,1,0
25,11,79,8,1.3022547522165189,medium,susceptible,0,1,0.0,-1,-1,0,1,0,0,18.6,15.8,18.328852581236976,25.207141845120006,23.085387599121866,41.19465984809196,1,0,1.302,1.303,60,0.58,142,48,0.58,210,142,48,0.0,1,1,0
25,12,79,8,1.3022547522165189,medium,susceptible,0,1,0.0,-1,-1,0,1,0,0,18.6,15.8,18.328852581236976,25.207141845120006,23.085387599121866,41.19465984809196,1,0,1.302,1.303,60,0.58,142,48,0.58,210,142,48,0.0,1,1,0
25,13,79,8,1.3022547522165189,medium,susceptible,0,1,0.0,-1,-1,0,1,0,0,18.6,15.8,18.328852581236976,25.207141845120006,23.085387599121866,41.19465984809196,1,0,1.302,1.303,60,0.58,142,48,0.58,210,142,48,0.0,1,1,0
25,14,79,8,1.3022547522165189,medium,susceptible,0,1,0.0,-1,-1,0,1,0,0,18.6,15.8,18.328852581236976,25.207141845120006,23.085387599121866,41.19465984809196,1,0,1.302,1.303,60,0.58,142,48,0.58,210,142,48,0.0,1,1,0
25,15,79,8,1.3022547522165189,medium,susceptible,0,1,0.0,-1,-1,0,1,0,0,18.6,15.8,18.328852581236976,25.207141845120006,23.085387599121866,41.19465984809196,1,0,1.302,1.303,60,0.58,142,48,0.58,210,142,48,0.0,1,1,0
25,16,79,8,1.3022547522165189,medium,susceptible,0,1,0.0,-1,-1,0,1,0,0,18.6,15.8,18.328852581236976,25.207141845120006,23.085387599121866,41.19465984809196,1,0,1.302,1.303,60,0.58,142,48,0.58,210,142,48,0.0,1,1,0
25,17,79,8,1.3022547522165189,medium,susceptible,0,1,0.0,-1,-1,0,1,0,0,18.6,15.8,18.328852581236976,25.207141845120006,23.085387599121866,41.19465984809196,1,0,1.302,1.303,60,0.58,142,48,0.58,210,142,48,0.0,1,1,0
25,18,79,8,1.3022547522165189,medium,susceptible,0,1,0.0,-1,-1,0,1,0,0,18.6,15.8,18.328852581236976,25.207141845120006,23.085387599121866,41.19465984809196,1,0,1.302,1.303,60,0.58,142,48,0.58,210,142,48,0.0,1,1,0
25,19,79,8,1.3022547522165189,medium,susceptible,0,1,0.0,-1,-1,0,1,0,0,18.6,15.8,18.328852581236976,25.207141845120006,23.085387599121866,41.19465984809196,1,0,1.302,1.303,60,0.58,142,48,0.58,210,142,48,0.0,1,1,0
25,20,79,8,1.3022547522165189,medium,susceptible,0,1,0.0,-1,-1,0,1,0,0,18.6,15.8,18.328852581236976,25.207141845120006,23.085387599121866,41.19465984809196,1,0,1.302,1.303,60,0.58,142,48,0.58,210,142,48,0.0,1,1,0
25,21,79,8,1.3022547522165189,medium,susceptible,0,1,0.0,-1,-1,0,1,0,0,18.6,15.8,18.328852581236976,25.207141845120006,23.085387599121866,41.19465984809196,1,0,1.302,1.303,60,0.58,142,48,0.58,210,142,48,0.0,1,1,0
25,22,79,8,1.3022547522165189,medium,susceptible,0,1,0.0,-1,-1,0,1,0,0,18.6,15.8,18.328852581236976,25.207141845120006,23.085387599121866,41.19465984809196,1,0,1.302,1.303,60,0.58,142,48,0.58,210,142,48,0.0,1,1,0
25,23,79,8,1.3022547522165189,medium,susceptible,0,1,0.0,-1,-1,0,1,0,0,18.6,15.8,18.328852581236976,25.207141845120006,23.085387599121866,41.19465984809196,1,0,1.302,1.303,60,0.58,142,48,0.58,210,142,48,0.0,1,1,0
25,24,79,8,1.3022547522165189,medium,susceptible,0,1,0.0,-1,-1,0,1,0,0,18.6,15.8,18.328852581236976,25.207141845120006,23.085387599121866,41.19465984809196,1,0,1.302,1.303,60,0.58,142,48,0.58,210,142,48,0.0,1,1,0
25,25,79,8,1.3022547522165189,medium,susceptible,0,1,0.0,-1,-1,0,1,0,0,18.6,15.8,18.328852581236976,25.207141845120006,23.085387599121866,41.19465984809196,1,0,1.302,1.303,60,0.58,142,48,0.58,210,142,48,0.0,1,1,0
25,26,79,8,1.3022547522165189,medium,susceptible,0,1,0.0,-1,-1,0,1,0,0,18.6,15.8,18.328852581236976,25.207141845120006,23.085387599121866,41.19465984809196,1,0,1.302,1.303,60,0.58,142,48,0.58,210,142,48,0.0,1,1,0
25,27,79,8,1.3022547522165189,medium,susceptible,0,1,0.0,-1,-1,0,1,0,0,18.6,15.8,18.328852581236976,25.207141845120006,23.085387599121866,41.19465984809196,1,0,1.302,1.303,60,0.58,142,48,0.58,210,142,48,0.0,1,1,0
25,28,79,8,1.3022547522165189,medium,susceptible,0,1,0.0,-1,-1,0,1,0,0,18.6,15.8,18.328852581236976,25.207141845120006,23.085387599121866,41.19465984809196,1,0,1.302,1.303,60,0.58,142,48,0.58,210,142,48,0.0,1,1,0
25,29,79,8,1.3022547522165189,medium,susceptible,0,1,0.0,-1,-1,0,1,0,0,18.6,15.8,18.328852581236976,25.207141845120006,23.085387599121866,41.19465984809196,1,0,1.302,1.303,60,0.58,142,48,0.58,210,142,48,0.0,1,1,0
25,30,79,8,1.3022547522165189,medium,susceptible,0,1,0.0,-1,-1,0,1,0,0,18.6,15.8,18.328852581236976,25.207141845120006,23.085387599121866,41.19465984809196,1,0,1.302,1.303,60,0.58,142,48,0.58,210,142,48,0.0,1,1,0
25,31,79,8,1.3022547522165189,medium,susceptible,0,1,0.0,-1,-1,0,1,0,0,18.6,15.8,18.328852581236976,25.207141845120006,23.085387599121866,41.19465984809196,1,0,1.302,1.303,60,0.58,142,48,0.58,210,142,48,0.0,1,1,0
25,32,79,8,1.3022547522165189,medium,susceptible,0,1,0.0,-1,-1,0,1,0,0,18.6,15.8,18.328852581236976,25.207141845120006,23.085387599121866,41.19465984809196,1,0,1.302,1.303,60,0.58,142,48,0.58,210,142,48,0.0,1,1,0
25,33,79,8,1.3022547522165189,medium,susceptible,0,1,0.0,-1,-1,0,1,0,0,18.6,15.8,18.328852581236976,25.207141845120006,23.085387599121866,41.19465984809196,1,0,1.302,1.303,60,0.58,142,48,0.58,210,142,48,0.0,1,1,0
25,34,79,8,1.3022547522165189,medium,susceptible,0,1,0.0,-1,-1,0,1,0,0,18.6,15.8,18.328852581236976,25.207141845120006,23.085387599121866,41.19465984809196,1,0,1.302,1.303,60,0.58,142,48,0.58,210,142,48,0.0,1,1,0
25,35,79,8,1.3022547522165189,medium,susceptible,0,1,0.0,-1,-1,0,1,0,0,18.6,15.8,18.328852581236976,25.207141845120006,23.085387599121866,41.19465984809196,1,0,1.302,1.303,60,0.58,142,48,0.58,210,142,48,0.0,1,1,0
25,36,79,8,1.3022547522165189,medium,susceptible,0,1,0.0,-1,-1,0,1,0,0,18.6,15.8,18.328852581236976,25.207141845120006,23.085387599121866,41.19465984809196,1,0,1.302,1.303,60,0.58,142,48,0.58,210,142,48,0.0,1,1,0
25,37,79,8,1.3022547522165189,medium,susceptible,0,1,0.0,-1,-1,0,1,0,0,18.6,15.8,18.328852581236976,25.207141845120006,23.085387599121866,41.19465984809196,1,0,1.302,1.303,60,0.58,142,48,0.58,210,142,48,0.0,1,1,0
25,38,79,8,1.3022547522165189,medium,susceptible,0,1,0.0,-1,-1,0,1,0,0,18.6,15.8,18.328852581236976,25.207141845120006,23.085387599121866,41.19465984809196,1,0,1.302,1.303,60,0.58,142,48,0.58,210,142,48,0.0,1,1,0
25,39,79,8,1.3022547522165189,medium,susceptible,0,1,0.0,-1,-1,0,1,0,0,18.6,15.8,18.328852581236976,25.207141845120006,23.085387599121866,41.19465984809196,1,0,1.302,1.303,60,0.58,142,48,0.58,210,142,48,0.0,1,1,0
26,0,25,5,1.3021928482378982,medium,susceptible,0,1,0.0,-1,-1,0,1,0,0,18.5,18.1,13.161504478833915,23.49170066214875,21.94148512636112,29.732137494637012,1,0,1.302,1.303,60,0.58,142,48,0.58,210,142,48,0.0,1,1,0
26,1,25,5,1.3021928482378982,medium,susceptible,0,1,0.0,-1,-1,0,1,0,0,18.5,18.1,13.161504478833915,23.49170066214875,21.94148512636112,29.732137494637012,1,0,1.302,1.303,60,0.58,142,48,0.58,210,142,48,0.0,1,1,0
26,2,25,5,1.3021928482378982,medium,susceptible,0,1,0.0,-1,-1,0,1,0,0,18.5,18.1,13.161504478833915,23.49170066214875,21.94148512636112,29.732137494637012,1,0,1.302,1.303,60,0.58,142,48,0.58,210,142,48,0.0,1,1,0
26,3,25,5,1.3021928482378982,medium,susceptible,0,1,0.0,-1,-1,0,1,0,0,18.5,18.1,13.161504478833915,23.49170066214875,21.94148512636112,29.732137494637012,1,0,1.302,1.303,60,0.58,142,48,0.58,210,142,48,0.0,1,1,0
26,4,25,5,1.3021928482378982,medium,susceptible,0,1,0.0,-1,-1,0,1,0,0,18.5,18.1,13.161504478833915,23.49170066214875,21.94148512636112,29.732137494637012,1,0,1.302,1.303,60,0.58,142,48,0.58,210,142,48,0.0,1,1,0
26,5,25,5,1.3021928482378982,medium,susceptible,0,1,0.0,-1,-1,0,1,0,0,18.5,18.1,13.161504478833915,23.49170066214875,21.94148512636112,29.732137494637012,1,0,1.302,1.303,60,0.58,142,48,0.58,210,142,48,0.0,1,1,0
26,6,25,5,1.3021928482378982,medium,susceptible,0,1,0.0,-1,-1,0,1,0,0,18.5,18.1,13.161504478833915,23.49170066214875,21.94148512636112,29.732137494637012,1,0,1.302,1.303,60,0.58,142,48,0.58,210,142,48,0.0,1,1,0
26,7,25,5,1.3021928482378982,medium,susceptible,0,1,0.0,-1,-1,0,1,0,0,18.5,18.1,13.161504478833915,23.49170066214875,21.94148512636112,29.732137494637012,1,0,1.302,1.303,60,0.58,142,48,0.58,210,142,48,0.0,1,1,0
26,8,25,5,1.3021928482378982,medium,susceptible,0,1,0.0,-1,-1,0,1,0,0,18.5,18.1,13.161504478833915,23.49170066214875,21.94148512636112,29.732137494637012,1,0,1.302,1.303,60,0.58,142,48,0.58,210,142,48,0.0,1,1,0
26,9,25,5,1.3021928482378982,medium,susceptible,0,1,0.0,-1,-1,0,1,0,0,18.5,18.1,13.161504478833915,23.49170066214875,21.94148512636112,29.732137494637012,1,0,1.302,1.303,60,0.58,142,48,0.58,210,142,48,0.0,1,1,0
26,10,25,5,1.3021928482378982,medium,susceptible,0,1,0.0,-1,-1,0,1,0,0,18.5,18.1,13.161504478833915,23.49170066214875,21.94148512636112,29.732137494637012,1,0,1.302,1.303,60,0.58,142,48,0.58,210,142,48,0.0,1,1,0
26,11,25,5,1.3021928482378982,medium,susceptible,0,1,0.0,-1,-1,0,1,0,0,18.5,18.1,13.161504478833915,23.49170066214875,21.94148512636112,29.732137494637012,1,0,1.302,1.303,60,0.58,142,48,0.58,210,142,48,0.0,1,1,0
26,12,25,5,1.3021928482378982,medium,susceptible,0,1,0.0,-1,-1,0,1,0,0,18.5,18.1,13.161504478833915,23.49170066214875,21.94148512636112,29.732137494637012,1,0,1.302,1.303,60,0.58,142,48,0.58,210,142,48,0.0,1,1,0
26,13,25,5,1.3021928482378982,medium,susceptible,0,1,0.0,-1,-1,0,1,0,0,18.5,18.1,13.161504478833915,23.49170066214875,21.94148512636112,29.732137494637012,1,0,1.302,1.303,60,0.58,142,48,0.58,210,142,48,0.0,1,1,0
26,14,25,5,1.3021928482378982,medium,susceptible,0,1,0.0,-1,-1,0,1,0,0,18.5,18.1,13.161504478833915,23.49170066214875,21.94148512636112,29.732137494637012,1,0,1.302,1.303,60,0.58,142,48,0.58,210,142,48,0.0,1,1,0
26,15,25,5,1.3021928482378982,medium,susceptible,0,1,0.0,-1,-1,0,1,0,0,18.5,18.1,13.161504478833915,23.49170066214875,21.94148512636112,29.732137494637012,1,0,1.302,1.303,60,0.58,142,48,0.58,210,142,48,0.0,1,1,0
26,16,25,5,1.3021928482378982,medium,susceptible,0,1,0.0,-1,-1,0,1,0,0,18.5,18.1,13.161504478833915,23.49170066214875,21.94148512636112,29.732137494637012,1,0,1.302,1.303,60,0.58,142,48,0.58,210,142,48,0.0,1,1,0
26,17,25,5,1.3021928482378982,medium,susceptible,0,1,0.0,-1,-1,0,1,0,0,18.5,18.1,13.161504478833915,23.49170066214875,21.94148512636112,29.732137494637012,1,0,1.302,1.303,60,0.58,142,48,0.58,210,142,48,0.0,1,1,0
26,18,25,5,1.3021928482378982,medium,susceptible,0,1,0.0,-1,-1,0,1,0,0,18.5,18.1,13.161504478833915,23.49170066214875,21.94148512636112,29.732137494637012,1,0,1.302,1.303,60,0.58,142,48,0.58,210,142,48,0.0,1,1,0
26,19,25,5,1.3021928482378982,medium,susceptible,0,1,0.0,-1,-1,0,1,0,0,18.5,18.1,13.161504478833915,23.49170066214875,21.94148512636112,29.732137494637012,1,0,1.302,1.303,60,0.58,142,48,0.58,210,142,48,0.0,1,1,0
26,20,25,5,1.3021928482378982,medium,susceptible,0,1,0.0,-1,-1,0,1,0,0,18.5,18.1,13.161504478833915,23.49170066214875,21.94148512636112,29.732137494637012,1,0,1.302,1.303,60,0.58,142,48,0.58,210,142,48,0.0,1,1,0
26,21,25,5,1.3021928482378982,medium,susceptible,0,1,0.0,-1,-1,0,1,0,0,18.5,18.1,13.161504478833915,23.49170066214875,21.94148512636112,29.732137494637012,1,0,1.302,1.303,60,0.58,142,48,0.58,210,142,48,0.0,1,1,0
26,22,25,5,1.3021928482378982,medium,susceptible,0,1,0.0,-1,-1,0,1,0,0,18.5,18.1,13.161504478833915,23.49170066214875,21.94148512636112,29.732137494637012,1,0,1.302,1.303,60,0.58,142,48,0.58,210,142,48,0.0,1,1,0
26,23,25,5,1.3021928482378982,medium,susceptible,0,1,0.0,-1,-1,0,1,0,0,18.5,18.1,13.161504478833915,23.49170066214875,21.94148512636112,29.732137494637012,1,0,1.302,1.303,60,0.58,142,48,0.58,210,142,48,0.0,1,1,0
26,24,25,5,1.3021928482378982,medium,susceptible,0,1,0.0,-1,-1,0,1,0,0,18.5,18.1,13.161504478833915,23.49170066214875,21.94148512636112,29.732137494637012,1,0,1.302,1.303,60,0.58,142,48,0.58,210,142,48,0.0,1,1,0
26,25,25,5,1.3021928482378982,medium,susceptible,0,1,0.0,-1,-1,0,1,0,0,18.5,18.1,13.161504478833915,23.49170066214875,21.94148512636112,29.732137494637012,1,0,1.302,1.303,60,0.58,142,48,0.58,210,142,48,0.0,1,1,0
26,26,25,5,1.3021928482378982,medium,susceptible,0,1,0.0,-1,-1,0,1,0,0,18.5,18.1,13.161504478833915,23.49170066214875,21.94148512636112,29.732137494637012,1,0,1.302,1.303,60,0.58,142,48,0.58,210,142,48,0.0,1,1,0
26,27,25,5,1.3021928482378982,medium,susceptible,0,1,0.0,-1,-1,0,1,0,0,18.5,18.1,13.161504478833915,23.49170066214875,21.94148512636112,29.732137494637012,1,0,1.302,1.303,60,0.58,142,48,0.58,210,142,48,0.0,1,1,0
26,28,25,5,1.3021928482378982,medium,susceptible,0,1,0.0,-1,-1,0,1,0,0,18.5,18.1,13.161504478833915,23.49170066214875,21.94148512636112,29.732137494637012,1,0,1.302,1.303,60,0.58,142,48,0.58,210,142,48,0.0,1,1,0
26,29,25,5,1.3021928482378982,medium,susceptible,0,1,0.0,-1,-1,0,1,0,0,18.5,18.1,13.161504478833915,23.49170066214875,21.94148512636112,29.732137494637012,1,0,1.302,1.303,60,0.58,142,48,0.58,210,142,48,0.0,1,1,0
26,30,25,5,1.3021928482378982,medium,susceptible,0,1,0.0,-1,-1,0,1,0,0,18.5,18.1,13.161504478833915,23.49170066214875,21.94148512636112,29.732137494637012,1,0,1.302,1.303,60,0.58,142,48,0.58,210,142,48,0.0,1,1,0
26,32,25,5,1.3021928482378982,medium,infected,1,1,0.365,31,1,0,1,0,0,18.5,18.1,13.161504478833915,23.49170066214875,21.94148512636112,29.732137494637012,1,0,1.302,1.303,60,0.58,142,48,0.58,210,142,48,0.0,1,1,0
26,33,25,5,1.3021928482378982,medium,infected,1,1,8.053,31,2,0,1,0,0,18.5,18.1,13.161504478833915,23.49170066214875,21.94148512636112,29.732137494637012,1,0,1.302,1.303,60,0.58,142,48,0.58,210,142,48,0.0,1,1,0
26,34,25,5,1.3021928482378982,medium,infected,1,1,22.733,31,3,0,1,0,0,18.5,18.1,13.161504478833915,23.49170066214875,21.94148512636112,29.732137494637012,1,0,1.302,1.303,60,0.58,142,48,0.58,210,142,48,0.0,1,1,0
26,35,25,5,1.3021928482378982,medium,infected,1,1,34.864,31,4,0,1,0,0,18.5,18.1,13.161504478833915,23.49170066214875,21.94148512636112,29.732137494637012,1,0,1.302,1.303,60,0.58,142,48,0.58,210,142,48,0.0,1,1,0
26,36,25,5,1.3021928482378982,medium,infected,1,1,39.687,31,5,0,1,0,0,18.5,18.1,13.161504478833915,23.49170066214875,21.94148512636112,29.732137494637012,1,0,1.302,1.303,60,0.58,142,48,0.58,210,143,54,0.0,1,1,0
26,37,25,5,1.3021928482378982,medium,infected,1,1,37.84,31,6,0,1,0,0,18.5,18.1,13.161504478833915,23.49170066214875,21.94148512636112,29.732137494637012,1,0,1.302,1.303,60,0.58,142,48,0.58,210,142,48,0.0,1,1,0
26,38,25,5,1.3021928482378982,medium,infected,1,1,32.074,31,7,0,1,0,0,18.5,18.1,13.161504478833915,23.49170066214875,21.94148512636112,29.732137494637012,1,0,1.302,1.303,60,0.58,142,48,0.58,210,142,48,0.0,1,1,0
26,39,25,5,1.3021928482378982,medium,infected,1,1,25.001,31,8,0,1,0,0,18.5,18.1,13.161504478833915,23.49170066214875,21.94148512636112,29.732137494637012,1,0,1.302,1.303,60,0.58,142,48,0.58,210,142,48,0.0,1,1,0
27,0,186,2,1.3023122320958742,low,susceptible,0,1,0.0,-1,-1,0,0,1,0,21.3,23.3,17.681534288074577,29.020337696174387,30.748182308864756,43.56604182158393,1,0,1.302,1.303,60,0.58,142,48,0.58,210,142,48,0.0,1,1,0
27,1,186,2,1.3023122320958742,low,susceptible,0,1,0.0,-1,-1,0,0,1,0,21.3,23.3,17.681534288074577,29.020337696174387,30.748182308864756,43.56604182158393,1,0,1.302,1.303,60,0.58,142,48,0.58,210,142,48,0.0,1,1,0
27,2,186,2,1.3023122320958742,low,susceptible,0,1,0.0,-1,-1,0,0,1,0,21.3,23.3,17.681534288074577,29.020337696174387,30.748182308864756,43.56604182158393,1,0,1.302,1.303,60,0.58,142,48,0.58,210,142,48,0.0,1,1,0
27,3,186,2,1.3023122320958742,low,susceptible,0,1,0.0,-1,-1,0,0,1,0,21.3,23.3,17.681534288074577,29.020337696174387,30.748182308864756,43.56604182158393,1,0,1.302,1.303,60,0.58,142,48,0.58,210,142,48,0.0,1,1,0
27,4,186,2,1.3023122320958742,low,susceptible,0,1,0.0,-1,-1,0,0,1,0,21.3,23.3,17.681534288074577,29.020337696174387,30.748182308864756,43.56604182158393,1,0,1.302,1.303,60,0.58,142,48,0.58,210,142,48,0.0,1,1,0
27,5,186,2,1.3023122320958742,low,susceptible,0,1,0.0,-1,-1,0,0,1,0,21.3,23.3,17.681534288074577,29.020337696174387,30.748182308864756,43.56604182158393,1,0,1.302,1.303,60,0.58,142,48,0.58,210,142,48,0.0,1,1,0
27,6,186,2,1.3023122320958742,low,susceptible,0,1,0.0,-1,-1,0,0,1,0,21.3,23.3,17.681534288074577,29.020337696174387,30.748182308864756,43.56604182158393,1,0,1.302,1.303,60,0.58,142,48,0.58,210,142,48,0.0,1,1,0
27,7,186,2,1.3023122320958742,low,susceptible,0,1,0.0,-1,-1,0,0,1,0,21.3,23.3,17.681534288074577,29.020337696174387,30.748182308864756,43.56604182158393,1,0,1.302,1.303,60,0.58,142,48,0.58,210,142,48,0.0,1,1,0
27,8,186,2,1.3023122320958742,low,susceptible,0,1,0.0,-1,-1,0,0,1,0,21.3,23.3,17.681534288074577,29.020337696174387,30.748182308864756,43.56604182158393,1,0,1.302,1.303,60,0.58,142,48,0.58,210,142,48,0.0,1,1,0
27,9,186,2,1.3023122320958742,low,susceptible,0,1,0.0,-1,-1,0,0,1,0,21.3,23.3,17.681534288074577,29.020337696174387,30.748182308864756,43.56604182158393,1,0,1.302,1.303,60,0.58,142,48,0.58,210,142,48,0.0,1,1,0
27,10,186,2,1.3023122320958742,low,susceptible,0,1,0.0,-1,-1,0,0,1,0,21.3,23.3,17.681534288074577,29.020337696174387,30.748182308864756,43.56604182158393,1,0,1.302,1.303,60,0.58,142,48,0.58,210,142,48,0.0,1,1,0
27,11,186,2,1.3023122320958742,low,susceptible,0,1,0.0,-1,-1,0,0,1,0,21.3,23.3,17.681534288074577,29.020337696174387,30.748182308864756,43.56604182158393,1,0,1.302,1.303,60,0.58,142,48,0.58,210,142,48,0.0,1,1,0
27,12,186,2,1.3023122320958742,low,susceptible,0,1,0.0,-1,-1,0,0,1,0,21.3,23.3,17.681534288074577,29.020337696174387,30.748182308864756,43.56604182158393,1,0,1.302,1.303,60,0.58,142,48,0.58,210,142,48,0.0,1,1,0
27,13,186,2,1.3023122320958742,low,susceptible,0,1,0.0,-1,-1,0,0,1,0,21.3,23.3,17.681534288074577,29.020337696174387,30.748182308864756,43.56604182158393,1,0,1.302,1.303,60,0.58,142,48,0.58,210,142,48,0.0,1,1,0
27,14,186,2,1.3023122320958742,low,susceptible,0,1,0.0,-1,-1,0,0,1,0,21.3,23.3,17.681534288074577,29.020337696174387,30.748182308864756,43.56604182158393,1,0,1.302,1.303,60,0.58,142,48,0.58,210,142,48,0.0,1,1,0
27,15,186,2,1.3023122320958742,low,susceptible,0,1,0.0,-1,-1,0,0,1,0,21.3,23.3,17.681534288074577,29.020337696174387,30.748182308864756,43.56604182158393,1,0,1.302,1.303,60,0.58,142,48,0.58,210,142,48,0.0,1,1,0
27,16,186,2,1.3023122320958742,low,susceptible,0,1,0.0,-1,-1,0,0,1,0,21.3,23.3,17.681534288074577,29.020337696174387,30.748182308864756,43.56604182158393,1,0,1.302,1.303,60,0.58,142,48,0.58,210,142,48,0.0,1,1,0
27,17,186,2,1.3023122320958742,low,susceptible,0,1,0.0,-1,-1,0,0,1,0,21.3,23.3,17.681534288074577,29.020337696174387,30.748182308864756,43.56604182158393,1,0,1.302,1.303,60,0.58,142,48,0.58,210,142,48,0.0,1,1,0
27,18,186,2,1.3023122320958742,low,susceptible,0,1,0.0,-1,-1,0,0,1,0,21.3,23.3,17.681534288074577,29.020337696174387,30.748182308864756,43.56604182158393,1,0,1.302,1.303,60,0.58,142,48,0.58,210,142,48,0.0,1,1,0
27,19,186,2,1.3023122320958742,low,susceptible,0,1,0.0,-1,-1,0,0,1,0,21.3,23.3,17.681534288074577,29.020337696174387,30.748182308864756,43.56604182158393,1,0,1.302,1.303,60,0.58,142,48,0.58,210,142,48,0.0,1,1,0
27,20,186,2,1.3023122320958742,low,susceptible,0,1,0.0,-1,-1,0,0,1,0,21.3,23.3,17.681534288074577,29.020337696174387,30.748182308864756,43.56604182158393,1,0,1.302,1.303,60,0.58,142,48,0.58,210,142,48,0.0,1,1,0
27,21,186,2,1.3023122320958742,low,susceptible,0,1,0.0,-1,-1,0,0,1,0,21.3,23.3,17.681534288074577,29.020337696174387,30.748182308864756,43.56604182158393,1,0,1.302,1.303,60,0.58,142,48,0.58,210,142,48,0.0,1,1,0
27,22,186,2,1.3023122320958742,low,susceptible,0,1,0.0,-1,-1,0,0,1,0,21.3,23.3,17.681534288074577,29.020337696174387,30.748182308864756,43.56604182158393,1,0,1.302,1.303,60,0.58,142,48,0.58,210,142,48,0.0,1,1,0
27,23,186,2,1.3023122320958742,low,susceptible,0,1,0.0,-1,-1,0,0,1,0,21.3,23.3,17.681534288074577,29.020337696174387,30.748182308864756,43.56604182158393,1,0,1.302,1.303,60,0.58,142,48,0.58,210,142,48,0.0,1,1,0
27,24,186,2,1.3023122320958742,low,susceptible,0,1,0.0,-1,-1,0,0,1,0,21.3,23.3,17.681534288074577,29.020337696174387,30.748182308864756,43.56604182158393,1,0,1.302,1.303,60,0.58,142,48,0.58,210,142,48,0.0,1,1,0
27,25,186,2,1.3023122320958742,low,susceptible,0,1,0.0,-1,-1,0,0,1,0,21.3,23.3,17.681534288074577,29.020337696174387,30.748182308864756,43.56604182158393,1,0,1.302,1.303,60,0.58,142,48,0.58,210,142,48,0.0,1,1,0
27,26,186,2,1.3023122320958742,low,susceptible,0,1,0.0,-1,-1,0,0,1,0,21.3,23.3,17.681534288074577,29.020337696174387,30.748182308864756,43.56604182158393,1,0,1.302,1.303,60,0.58,142,48,0.58,210,142,48,0.0,1,1,0
27,27,186,2,1.3023122320958742,low,susceptible,0,1,0.0,-1,-1,0,0,1,0,21.3,23.3,17.681534288074577,29.020337696174387,30.748182308864756,43.56604182158393,1,0,1.302,1.303,60,0.58,142,48,0.58,210,142,48,0.0,1,1,0
27,28,186,2,1.3023122320958742,low,susceptible,0,1,0.0,-1,-1,0,0,1,0,21.3,23.3,17.681534288074577,29.020337696174387,30.748182308864756,43.56604182158393,1,0,1.302,1.303,60,0.58,142,48,0.58,210,142,48,0.0,1,1,0
27,29,186,2,1.3023122320958742,low,susceptible,0,1,0.0,-1,-1,0,0,1,0,21.3,23.3,17.681534288074577,29.020337696174387,30.748182308864756,43.56604182158393,1,0,1.302,1.303,60,0.58,142,48,0.58,210,142,48,0.0,1,1,0
27,30,186,2,1.3023122320958742,low,susceptible,0,1,0.0,-1,-1,0,0,1,0,21.3,23.3,17.681534288074577,29.020337696174387,30.748182308864756,43.56604182158393,1,0,1.302,1.303,60,0.58,142,48,0.58,210,142,48,0.0,1,1,0
27,31,186,2,1.3023122320958742,low,susceptible,0,1,0.0,-1,-1,0,0,1,0,21.3,23.3,17.681534288074577,29.020337696174387,30.748182308864756,43.56604182158393,1,0,1.302,1.303,60,0.58,142,48,0.58,210,142,48,0.0,1,1,0
27,32,186,2,1.3023122320958742,low,susceptible,0,1,0.0,-1,-1,0,0,1,0,21.3,23.3,17.681534288074577,29.020337696174387,30.748182308864756,43.56604182158393,1,0,1.302,1.303,60,0.58,142,48,0.58,210,142,48,0.0,1,1,0
27,33,186,2,1.3023122320958742,low,susceptible,0,1,0.0,-1,-1,0,0,1,0,21.3,23.3,17.681534288074577,29.020337696174387,30.748182308864756,43.56604182158393,1,0,1.302,1.303,60,0.58,142,48,0.58,210,142,48,0.0,1,1,0
27,34,186,2,1.3023122320958742,low,susceptible,0,1,0.0,-1,-1,0,0,1,0,21.3,23.3,17.681534288074577,29.020337696174387,30.748182308864756,43.56604182158393,1,0,1.302,1.303,60,0.58,142,48,0.58,210,142,48,0.0,1,1,0
27,35,186,2,1.3023122320958742,low,susceptible,0,1,0.0,-1,-1,0,0,1,0,21.3,23.3,17.681534288074577,29.020337696174387,30.748182308864756,43.56604182158393,1,0,1.302,1.303,60,0.58,142,48,0.58,210,142,48,0.0,1,1,0
27,36,186,2,1.3023122320958742,low,susceptible,0,1,0.0,-1,-1,0,0,1,0,21.3,23.3,17.681534288074577,29.020337696174387,30.748182308864756,43.56604182158393,1,0,1.302,1.303,60,0.58,142,48,0.58,210,142,48,0.0,1,1,0
27,37,186,2,1.3023122320958742,low,susceptible,0,1,0.0,-1,-1,0,0,1,0,21.3,23.3,17.681534288074577,29.020337696174387,30.748182308864756,43.56604182158393,1,0,1.302,1.303,60,0.58,142,48,0.58,210,142,48,0.0,1,1,0
27,38,186,2,1.3023122320958742,low,susceptible,0,1,0.0,-1,-1,0,0,1,0,21.3,23.3,17.681534288074577,29.020337696174387,30.748182308864756,43.56604182158393,1,0,1.302,1.303,60,0.58,142,48,0.58,210,142,48,0.0,1,1,0
27,39,186,2,1.3023122320958742,low,susceptible,0,1,0.0,-1,-1,0,0,1,0,21.3,23.3,17.681534288074577,29.020337696174387,30.748182308864756,43.56604182158393,1,0,1.302,1.303,60,0.58,142,48,0.58,210,142,48,0.0,1,1,0
28,0,18,7,1.3020814769956555,strong,susceptible,0,1,0.0,-1,-1,1,0,0,0,23.8,20.4,16.416643865224785,29.785902705810344,26.46617988320559,47.07440918375928,1,0,1.302,1.303,60,0.58,142,48,0.58,210,142,48,0.0,1,1,0
28,1,18,7,1.3020814769956555,strong,susceptible,0,1,0.0,-1,-1,1,0,0,0,23.8,20.4,16.416643865224785,29.785902705810344,26.46617988320559,47.07440918375928,1,0,1.302,1.303,60,0.58,142,48,0.58,210,142,48,0.0,1,1,0
28,2,18,7,1.3020814769956555,strong,susceptible,0,1,0.0,-1,-1,1,0,0,0,23.8,20.4,16.416643865224785,29.785902705810344,26.46617988320559,47.07440918375928,1,0,1.302,1.303,60,0.58,142,48,0.58,210,142,48,0.0,1,1,0
28,3,18,7,1.3020814769956555,strong,susceptible,0,1,0.0,-1,-1,1,0,0,0,23.8,20.4,16.416643865224785,29.785902705810344,26.46617988320559,47.07440918375928,1,0,1.302,1.303,60,0.58,142,48,0.58,210,142,48,0.0,1,1,0
28,4,18,7,1.3020814769956555,strong,susceptible,0,1,0.0,-1,-1,1,0,0,0,23.8,20.4,16.416643865224785,29.785902705810344,26.46617988320559,47.07440918375928,1,0,1.302,1.303,60,0.58,142,48,0.58,210,142,48,0.0,1,1,0
28,5,18,7,1.3020814769956555,strong,susceptible,0,1,0.0,-1,-1,1,0,0,0,23.8,20.4,16.416643865224785,29.785902705810344,26.46617988320559,47.07440918375928,1,0,1.302,1.303,60,0.58,142,48,0.58,210,142,48,0.0,1,1,0
28,6,18,7,1.3020814769956555,strong,susceptible,0,1,0.0,-1,-1,1,0,0,0,23.8,20.4,16.416643865224785,29.785902705810344,26.46617988320559,47.07440918375928,1,0,1.302,1.303,60,0.58,142,48,0.58,210,142,48,0.0,1,1,0
28,7,18,7,1.3020814769956555,strong,susceptible,0,1,0.0,-1,-1,1,0,0,0,23.8,20.4,16.416643865224785,29.785902705810344,26.46617988320559,47.07440918375928,1,0,1.302,1.303,60,0.58,142,48,0.58,210,142,48,0.0,1,1,0
28,8,18,7,1.3020814769956555,strong,susceptible,0,1,0.0,-1,-1,1,0,0,0,23.8,20.4,16.416643865224785,29.785902705810344,26.46617988320559,47.07440918375928,1,0,1.302,1.303,60,0.58,142,48,0.58,210,142,48,0.0,1,1,0
28,9,18,7,1.3020814769956555,strong,susceptible,0,1,0.0,-1,-1,1,0,0,0,23.8,20.4,16.416643865224785,29.785902705810344,26.46617988320559,47.07440918375928,1,0,1.302,1.303,60,0.58,142,48,0.58,210,142,48,0.0,1,1,0
28,10,18,7,1.3020814769956555,strong,susceptible,0,1,0.0,-1,-1,1,0,0,0,23.8,20.4,16.416643865224785,29.785902705810344,26.46617988320559,47.07440918375928,1,0,1.302,1.303,60,0.58,142,48,0.58,210,142,48,0.0,1,1,0
28,11,18,7,1.3020814769956555,strong,susceptible,0,1,0.0,-1,-1,1,0,0,0,23.8,20.4,16.416643865224785,29.785902705810344,26.46617988320559,47.07440918375928,1,0,1.302,1.303,60,0.58,142,48,0.58,210,142,48,0.0,1,1,0
28,12,18,7,1.3020814769956555,strong,susceptible,0,1,0.0,-1,-1,1,0,0,0,23.8,20.4,16.416643865224785,29.785902705810344,26.46617988320559,47.07440918375928,1,0,1.302,1.303,60,0.58,142,48,0.58,210,142,48,0.0,1,1,0
28,13,18,7,1.3020814769956555,strong,susceptible,0,1,0.0,-1,-1,1,0,0,0,23.8,20.4,16.416643865224785,29.785902705810344,26.46617988320559,47.07440918375928,1,0,1.302,1.303,60,0.58,142,48,0.58,210,142,48,0.0,1,1,0
28,14,18,7,1.3020814769956555,strong,susceptible,0,1,0.0,-1,-1,1,0,0,0,23.8,20.4,16.416643865224785,29.785902705810344,26.46617988320559,47.07440918375928,1,0,1.302,1.303,60,0.58,142,48,0.58,210,142,48,0.0,1,1,0
28,15,18,7,1.3020814769956555,strong,susceptible,0,1,0.0,-1,-1,1,0,0,0,23.8,20.4,16.416643865224785,29.785902705810344,26.46617988320559,47.07440918375928,1,0,1.302,1.303,60,0.58,142,48,0.58,210,142,48,0.0,1,1,0
28,16,18,7,1.3020814769956555,strong,susceptible,0,1,0.0,-1,-1,1,0,0,0,23.8,20.4,16.416643865224785,29.785902705810344,26.46617988320559,47.07440918375928,1,0,1.302,1.303,60,0.58,142,48,0.58,210,142,48,0.0,1,1,0
28,17,18,7,1.3020814769956555,strong,susceptible,0,1,0.0,-1,-1,1,0,0,0,23.8,20.4,16.416643865224785,29.785902705810344,26.46617988320559,47.07440918375928,1,0,1.302,1.303,60,0.58,142,48,0.58,210,142,48,0.0,1,1,0
28,18,18,7,1.3020814769956555,strong,susceptible,0,1,0.0,-1,-1,1,0,0,0,23.8,20.4,16.416643865224785,29.785902705810344,26.46617988320559,47.07440918375928,1,0,1.302,1.303,60,0.58,142,48,0.58,210,142,48,0.0,1,1,0
28,19,18,7,1.3020814769956555,strong,susceptible,0,1,0.0,-1,-1,1,0,0,0,23.8,20.4,16.416643865224785,29.785902705810344,26.46617988320559,47.07440918375928,1,0,1.302,1.303,60,0.58,142,48,0.58,210,142,48,0.0,1,1,0
28,20,18,7,1.3020814769956555,strong,susceptible,0,1,0.0,-1,-1,1,0,0,0,23.8,20.4,16.416643865224785,29.785902705810344,26.46617988320559,47.07440918375928,1,0,1.302,1.303,60,0.58,142,48,0.58,210,142,48,0.0,1,1,0
28,21,18,7,1.3020814769956555,strong,susceptible,0,1,0.0,-1,-1,1,0,0,0,23.8,20.4,16.416643865224785,29.785902705810344,26.46617988320559,47.07440918375928,1,0,1.302,1.303,60,0.58,142,48,0.58,210,142,48,0.0,1,1,0
28,22,18,7,1.3020814769956555,strong,susceptible,0,1,0.0,-1,-1,1,0,0,0,23.8,20.4,16.416643865224785,29.785902705810344,26.46617988320559,47.07440918375928,1,0,1.302,1.303,60,0.58,142,48,0.58,210,142,48,0.0,1,1,0
28,23,18,7,1.3020814769956555,strong,susceptible,0,1,0.0,-1,-1,1,0,0,0,23.8,20.4,16.416643865224785,29.785902705810344,26.46617988320559,47.07440918375928,1,0,1.302,1.303,60,0.58,142,48,0.58,210,142,48,0.0,1,1,0
28,24,18,7,1.3020814769956555,strong,susceptible,0,1,0.0,-1,-1,1,0,0,0,23.8,20.4,16.416643865224785,29.785902705810344,26.46617988320559,47.07440918375928,1,0,1.302,1.303,60,0.58,142,48,0.58,210,142,48,0.0,1,1,0
28,25,18,7,1.3020814769956555,strong,susceptible,0,1,0.0,-1,-1,1,0,0,0,23.8,20.4,16.416643865224785,29.785902705810344,26.46617988320559,47.07440918375928,1,0,1.302,1.303,60,0.58,142,48,0.58,210,142,48,0.0,1,1,0
28,26,18,7,1.3020814769956555,strong,susceptible,0,1,0.0,-1,-1,1,0,0,0,23.8,20.4,16.416643865224785,29.785902705810344,26.46617988320559,47.07440918375928,1,0,1.302,1.303,60,0.58,142,48,0.58,210,142,48,0.0,1,1,0
28,27,18,7,1.3020814769956555,strong,susceptible,0,1,0.0,-1,-1,1,0,0,0,23.8,20.4,16.416643865224785,29.785902705810344,26.46617988320559,47.07440918375928,1,0,1.302,1.303,60,0.58,142,48,0.58,210,142,48,0.0,1,1,0
28,28,18,7,1.3020814769956555,strong,susceptible,0,1,0.0,-1,-1,1,0,0,0,23.8,20.4,16.416643865224785,29.785902705810344,26.46617988320559,47.07440918375928,1,0,1.302,1.303,60,0.58,142,48,0.58,210,142,48,0.0,1,1,0
28,29,18,7,1.3020814769956555,strong,susceptible,0,1,0.0,-1,-1,1,0,0,0,23.8,20.4,16.416643865224785,29.785902705810344,26.46617988320559,47.07440918375928,1,0,1.302,1.303,60,0.58,142,48,0.58,210,142,48,0.0,1,1,0
28,30,18,7,1.3020814769956555,strong,susceptible,0,1,0.0,-1,-1,1,0,0,0,23.8,20.4,16.416643865224785,29.785902705810344,26.46617988320559,47.07440918375928,1,0,1.302,1.303,60,0.58,142,48,0.58,210,142,48,0.0,1,1,0
28,31,18,7,1.3020814769956555,strong,susceptible,0,1,0.0,-1,-1,1,0,0,0,23.8,20.4,16.416643865224785,29.785902705810344,26.46617988320559,47.07440918375928,1,0,1.302,1.303,60,0.58,142,48,0.58,210,142,48,0.0,1,1,0
28,32,18,7,1.3020814769956555,strong,susceptible,0,1,0.0,-1,-1,1,0,0,0,23.8,20.4,16.416643865224785,29.785902705810344,26.46617988320559,47.07440918375928,1,0,1.302,1.303,60,0.58,142,48,0.58,210,142,48,0.0,1,1,0
28,33,18,7,1.3020814769956555,strong,susceptible,0,1,0.0,-1,-1,1,0,0,0,23.8,20.4,16.416643865224785,29.785902705810344,26.46617988320559,47.07440918375928,1,0,1.302,1.303,60,0.58,142,48,0.58,210,142,48,0.0,1,1,0
28,34,18,7,1.3020814769956555,strong,susceptible,0,1,0.0,-1,-1,1,0,0,0,23.8,20.4,16.416643865224785,29.785902705810344,26.46617988320559,47.07440918375928,1,0,1.302,1.303,60,0.58,142,48,0.58,210,142,48,0.0,1,1,0
28,35,18,7,1.3020814769956555,strong,susceptible,0,1,0.0,-1,-1,1,0,0,0,23.8,20.4,16.416643865224785,29.785902705810344,26.46617988320559,47.07440918375928,1,0,1.302,1.303,60,0.58,142,48,0.58,210,142,48,0.0,1,1,0
28,36,18,7,1.3020814769956555,strong,susceptible,0,1,0.0,-1,-1,1,0,0,0,23.8,20.4,16.416643865224785,29.785902705810344,26.46617988320559,47.07440918375928,1,0,1.302,1.303,60,0.58,142,48,0.58,210,142,48,0.0,1,1,0
28,37,18,7,1.3020814769956555,strong,susceptible,0,1,0.0,-1,-1,1,0,0,0,23.8,20.4,16.416643865224785,29.785902705810344,26.46617988320559,47.07440918375928,1,0,1.302,1.303,60,0.58,142,48,0.58,210,142,48,0.0,1,1,0
28,38,18,7,1.3020814769956555,strong,susceptible,0,1,0.0,-1,-1,1,0,0,0,23.8,20.4,16.416643865224785,29.785902705810344,26.46617988320559,47.07440918375928,1,0,1.302,1.303,60,0.58,142,48,0.58,210,142,48,0.0,1,1,0
28,39,18,7,1.3020814769956555,strong,susceptible,0,1,0.0,-1,-1,1,0,0,0,23.8,20.4,16.416643865224785,29.785902705810344,26.46617988320559,47.07440918375928,1,0,1.302,1.303,60,0.58,142,48,0.58,210,142,48,0.0,1,1,0
29,0,175,3,1.3021072853770632,low,susceptible,0,1,0.0,-1,-1,0,0,1,0,25.1,29.2,18.38658891810581,30.56550343115585,24.116854902564075,50.32891812864648,1,0,1.302,1.303,60,0.58,142,48,0.58,210,142,48,0.0,1,1,0
29,1,175,3,1.3021072853770632,low,susceptible,0,1,0.0,-1,-1,0,0,1,0,25.1,29.2,18.38658891810581,30.56550343115585,24.116854902564075,50.32891812864648,1,0,1.302,1.303,60,0.58,142,48,0.58,210,142,48,0.0,1,1,0
29,2,175,3,1.3021072853770632,low,susceptible,0,1,0.0,-1,-1,0,0,1,0,25.1,29.2,18.38658891810581,30.56550343115585,24.116854902564075,50.32891812864648,1,0,1.302,1.303,60,0.58,142,48,0.58,210,142,48,0.0,1,1,0
29,3,175,3,1.3021072853770632,low,susceptible,0,1,0.0,-1,-1,0,0,1,0,25.1,29.2,18.38658891810581,30.56550343115585,24.116854902564075,50.32891812864648,1,0,1.302,1.303,60,0.58,142,48,0.58,210,142,48,0.0,1,1,0
29,4,175,3,1.3021072853770632,low,susceptible,0,1,0.0,-1,-1,0,0,1,0,25.1,29.2,18.38658891810581,30.56550343115585,24.116854902564075,50.32891812864648,1,0,1.302,1.303,60,0.58,142,48,0.58,210,142,48,0.0,1,1,0
29,5,175,3,1.3021072853770632,low,susceptible,0,1,0.0,-1,-1,0,0,1,0,25.1,29.2,18.38658891810581,30.56550343115585,24.116854902564075,50.32891812864648,1,0,1.302,1.303,60,0.58,142,48,0.58,210,142,48,0.0,1,1,0
29,6,175,3,1.3021072853770632,low,susceptible,0,1,0.0,-1,-1,0,0,1,0,25.1,29.2,18.38658891810581,30.56550343115585,24.116854902564075,50.32891812864648,1,0,1.302,1.303,60,0.58,142,48,0.58,210,142,48,0.0,1,1,0
29,7,175,3,1.3021072853770632,low,susceptible,0,1,0.0,-1,-1,0,0,1,0,25.1,29.2,18.38658891810581,30.56550343115585,24.116854902564075,50.32891812864648,1,0,1.302,1.303,60,0.58,142,48,0.58,210,142,48,0.0,1,1,0
29,8,175,3,1.3021072853770632,low,susceptible,0,1,0.0,-1,-1,0,0,1,0,25.1,29.2,18.38658891810581,30.56550343115585,24.116854902564075,50.32891812864648,1,0,1.302,1.303,60,0.58,142,48,0.58,210,142,48,0.0,1,1,0
29,9,175,3,1.3021072853770632,low,susceptible,0,1,0.0,-1,-1,0,0,1,0,25.1,29.2,18.38658891810581,30.56550343115585,24.116854902564075,50.32891812864648,1,0,1.302,1.303,60,0.58,142,48,0.58,210,142,48,0.0,1,1,0
29,10,175,3,1.3021072853770632,low,susceptible,0,1,0.0,-1,-1,0,0,1,0,25.1,29.2,18.38658891810581,30.56550343115585,24.116854902564075,50.32891812864648,1,0,1.302,1.303,60,0.58,142,48,0.58,210,142,48,0.0,1,1,0
29,11,175,3,1.3021072853770632,low,susceptible,0,1,0.0,-1,-1,0,0,1,0,25.1,29.2,18.38658891810581,30.56550343115585,24.116854902564075,50.32891812864648,1,0,1.302,1.303,60,0.58,142,48,0.58,210,142,48,0.0,1,1,0
29,12,175,3,1.3021072853770632,low,susceptible,0,1,0.0,-1,-1,0,0,1,0,25.1,29.2,18.38658891810581,30.56550343115585,24.116854902564075,50.32891812864648,1,0,1.302,1.303,60,0.58,142,48,0.58,210,142,48,0.0,1,1,0
29,13,175,3,1.3021072853770632,low,susceptible,0,1,0.0,-1,-1,0,0,1,0,25.1,29.2,18.38658891810581,30.56550343115585,24.116854902564075,50.32891812864648,1,0,1.302,1.303,60,0.58,142,48,0.58,210,142,48,0.0,1,1,0
29,14,175,3,1.3021072853770632,low,susceptible,0,1,0.0,-1,-1,0,0,1,0,25.1,29.2,18.38658891810581,30.56550343115585,24.116854902564075,50.32891812864648,1,0,1.302,1.303,60,0.58,142,48,0.58,210,142,48,0.0,1,1,0
29,15,175,3,1.3021072853770632,low,susceptible,0,1,0.0,-1,-1,0,0,1,0,25.1,29.2,18.38658891810581,30.56550343115585,24.116854902564075,50.32891812864648,1,0,1.302,1.303,60,0.58,142,48,0.58,210,142,48,0.0,1,1,0
29,16,175,3,1.3021072853770632,low,susceptible,0,1,0.0,-1,-1,0,0,1,0,25.1,29.2,18.38658891810581,30.56550343115585,24.116854902564075,50.32891812864648,1,0,1.302,1.303,60,0.58,142,48,0.58,210,142,48,0.0,1,1,0
29,17,175,3,1.3021072853770632,low,susceptible,0,1,0.0,-1,-1,0,0,1,0,25.1,29.2,18.38658891810581,30.56550343115585,24.116854902564075,50.32891812864648,1,0,1.302,1.303,60,0.58,142,48,0.58,210,142,48,0.0,1,1,0
29,18,175,3,1.3021072853770632,low,susceptible,0,1,0.0,-1,-1,0,0,1,0,25.1,29.2,18.38658891810581,30.56550343115585,24.116854902564075,50.32891812864648,1,0,1.302,1.303,60,0.58,142,48,0.58,210,142,48,0.0,1,1,0
29,19,175,3,1.3021072853770632,low,susceptible,0,1,0.0,-1,-1,0,0,1,0,25.1,29.2,18.38658891810581,30.56550343115585,24.116854902564075,50.32891812864648,1,0,1.302,1.303,60,0.58,142,48,0.58,210,142,48,0.0,1,1,0
29,20,175,3,1.3021072853770632,low,susceptible,0,1,0.0,-1,-1,0,0,1,0,25.1,29.2,18.38658891810581,30.56550343115585,24.116854902564075,50.32891812864648,1,0,1.302,1.303,60,0.58,142,48,0.58,210,142,48,0.0,1,1,0
29,21,175,3,1.3021072853770632,low,susceptible,0,1,0.0,-1,-1,0,0,1,0,25.1,29.2,18.38658891810581,30.56550343115585,24.116854902564075,50.32891812864648,1,0,1.302,1.303,60,0.58,142,48,0.58,210,142,48,0.0,1,1,0
29,22,175,3,1.3021072853770632,low,susceptible,0,1,0.0,-1,-1,0,0,1,0,25.1,29.2,18.38658891810581,30.56550343115585,24.116854902564075,50.32891812864648,1,0,1.302,1.303,60,0.58,142,48,0.58,210,142,48,0.0,1,1,0
29,23,175,3,1.3021072853770632,low,susceptible,0,1,0.0,-1,-1,0,0,1,0,25.1,29.2,18.38658891810581,30.56550343115585,24.116854902564075,50.32891812864648,1,0,1.302,1.303,60,0.58,142,48,0.58,210,142,48,0.0,1,1,0
29,24,175,3,1.3021072853770632,low,susceptible,0,1,0.0,-1,-1,0,0,1,0,25.1,29.2,18.38658891810581,30.56550343115585,24.116854902564075,50.32891812864648,1,0,1.302,1.303,60,0.58,142,48,0.58,210,142,48,0.0,1,1,0
29,25,175,3,1.3021072853770632,low,susceptible,0,1,0.0,-1,-1,0,0,1,0,25.1,29.2,18.38658891810581,30.56550343115585,24.116854902564075,50.32891812864648,1,0,1.302,1.303,60,0.58,142,48,0.58,210,142,48,0.0,1,1,0
29,26,175,3,1.3021072853770632,low,susceptible,0,1,0.0,-1,-1,0,0,1,0,25.1,29.2,18.38658891810581,30.56550343115585,24.116854902564075,50.32891812864648,1,0,1.302,1.303,60,0.58,142,48,0.58,210,142,48,0.0,1,1,0
29,27,175,3,1.3021072853770632,low,susceptible,0,1,0.0,-1,-1,0,0,1,0,25.1,29.2,18.38658891810581,30.56550343115585,24.116854902564075,50.32891812864648,1,0,1.302,1.303,60,0.58,142,48,0.58,210,142,48,0.0,1,1,0
29,28,175,3,1.3021072853770632,low,susceptible,0,1,0.0,-1,-1,0,0,1,0,25.1,29.2,18.38658891810581,30.56550343115585,24.116854902564075,50.32891812864648,1,0,1.302,1.303,60,0.58,142,48,0.58,210,142,48,0.0,1,1,0
29,29,175,3,1.3021072853770632,low,susceptible,0,1,0.0,-1,-1,0,0,1,0,25.1,29.2,18.38658891810581,30.56550343115585,24.116854902564075,50.32891812864648,1,0,1.302,1.303,60,0.58,142,48,0.58,210,142,48,0.0,1,1,0
29,30,175,3,1.3021072853770632,low,susceptible,0,1,0.0,-1,-1,0,0,1,0,25.1,29.2,18.38658891810581,30.56550343115585,24.116854902564075,50.32891812864648,1,0,1.302,1.303,60,0.58,142,48,0.58,210,142,48,0.0,1,1,0
29,31,175,3,1.3021072853770632,low,susceptible,0,1,0.0,-1,-1,0,0,1,0,25.1,29.2,18.38658891810581,30.56550343115585,24.116854902564075,50.32891812864648,1,0,1.302,1.303,60,0.58,142,48,0.58,210,142,48,0.0,1,1,0
29,32,175,3,1.3021072853770632,low,susceptible,0,1,0.0,-1,-1,0,0,1,0,25.1,29.2,18.38658891810581,30.56550343115585,24.116854902564075,50.32891812864648,1,0,1.302,1.303,60,0.58,142,48,0.58,210,142,48,0.0,1,1,0
29,33,175,3,1.3021072853770632,low,susceptible,0,1,0.0,-1,-1,0,0,1,0,25.1,29.2,18.38658891810581,30.56550343115585,24.116854902564075,50.32891812864648,1,0,1.302,1.303,60,0.58,142,48,0.58,210,142,48,0.0,1,1,0
29,34,175,3,1.3021072853770632,low,susceptible,0,1,0.0,-1,-1,0,0,1,0,25.1,29.2,18.38658891810581,30.56550343115585,24.116854902564075,50.32891812864648,1,0,1.302,1.303,60,0.58,142,48,0.58,210,142,48,0.0,1,1,0
29,35,175,3,1.3021072853770632,low,susceptible,0,1,0.0,-1,-1,0,0,1,0,25.1,29.2,18.38658891810581,30.56550343115585,24.116854902564075,50.32891812864648,1,0,1.302,1.303,60,0.58,142,48,0.58,210,142,48,0.0,1,1,0
29,36,175,3,1.3021072853770632,low,susceptible,0,1,0.0,-1,-1,0,0,1,0,25.1,29.2,18.38658891810581,30.56550343115585,24.116854902564075,50.32891812864648,1,0,1.302,1.303,60,0.58,142,48,0.58,210,142,48,0.0,1,1,0
29,37,175,3,1.3021072853770632,low,susceptible,0,1,0.0,-1,-1,0,0,1,0,25.1,29.2,18.38658891810581,30.56550343115585,24.116854902564075,50.32891812864648,1,0,1.302,1.303,60,0.58,142,48,0.58,210,142,48,0.0,1,1,0
29,38,175,3,1.3021072853770632,low,susceptible,0,1,0.0,-1,-1,0,0,1,0,25.1,29.2,18.38658891810581,30.56550343115585,24.116854902564075,50.32891812864648,1,0,1.302,1.303,60,0.58,142,48,0.58,210,142,48,0.0,1,1,0
29,39,175,3,1.3021072853770632,low,susceptible,0,1,0.0,-1,-1,0,0,1,0,25.1,29.2,18.38658891810581,30.56550343115585,24.116854902564075,50.32891812864648,1,0,1.302,1.303,60,0.58,142,48,0.58,210,142,48,0.0,1,1,0
30,0,84,9,1.3027328850061792,strong,susceptible,0,1,0.0,-1,-1,1,0,0,0,29.5,25.8,20.382645065991884,32.491383473161,35.11452539107845,52.773099207835045,1,0,1.302,1.303,60,0.58,142,48,0.58,210,142,48,0.0,1,1,0
30,1,84,9,1.3027328850061792,strong,susceptible,0,1,0.0,-1,-1,1,0,0,0,29.5,25.8,20.382645065991884,32.491383473161,35.11452539107845,52.773099207835045,1,0,1.302,1.303,60,0.58,142,48,0.58,210,142,48,0.0,1,1,0
30,2,84,9,1.3027328850061792,strong,susceptible,0,1,0.0,-1,-1,1,0,0,0,29.5,25.8,20.382645065991884,32.491383473161,35.11452539107845,52.773099207835045,1,0,1.302,1.303,60,0.58,142,48,0.58,210,142,48,0.0,1,1,0
30,3,84,9,1.3027328850061792,strong,susceptible,0,1,0.0,-1,-1,1,0,0,0,29.5,25.8,20.382645065991884,32.491383473161,35.11452539107845,52.773099207835045,1,0,1.302,1.303,60,0.58,142,48,0.58,210,142,48,0.0,1,1,0
30,4,84,9,1.3027328850061792,strong,susceptible,0,1,0.0,-1,-1,1,0,0,0,29.5,25.8,20.382645065991884,32.491383473161,35.11452539107845,52.773099207835045,1,0,1.302,1.303,60,0.58,142,48,0.58,210,142,48,0.0,1,1,0
30,5,84,9,1.3027328850061792,strong,susceptible,0,1,0.0,-1,-1,1,0,0,0,29.5,25.8,20.382645065991884,32.491383473161,35.11452539107845,52.773099207835045,1,0,1.302,1.303,60,0.58,142,48,0.58,210,142,48,0.0,1,1,0
30,6,84,9,1.3027328850061792,strong,susceptible,0,1,0.0,-1,-1,1,0,0,0,29.5,25.8,20.382645065991884,32.491383473161,35.11452539107845,52.773099207835045,1,0,1.302,1.303,60,0.58,142,48,0.58,210,142,48,0.0,1,1,0
30,7,84,9,1.3027328850061792,strong,susceptible,0,1,0.0,-1,-1,1,0,0,0,29.5,25.8,20.382645065991884,32.491383473161,35.11452539107845,52.773099207835045,1,0,1.302,1.303,60,0.58,142,48,0.58,210,142,48,0.0,1,1,0
30,8,84,9,1.3027328850061792,strong,susceptible,0,1,0.0,-1,-1,1,0,0,0,29.5,25.8,20.382645065991884,32.491383473161,35.11452539107845,52.773099207835045,1,0,1.302,1.303,60,0.58,142,48,0.58,210,142,48,0.0,1,1,0
30,9,84,9,1.3027328850061792,strong,susceptible,0,1,0.0,-1,-1,1,0,0,0,29.5,25.8,20.382645065991884,32.491383473161,35.11452539107845,52.773099207835045,1,0,1.302,1.303,60,0.58,142,48,0.58,210,142,48,0.0,1,1,0
30,10,84,9,1.3027328850061792,strong,susceptible,0,1,0.0,-1,-1,1,0,0,0,29.5,25.8,20.382645065991884,32.491383473161,35.11452539107845,52.773099207835045,1,0,1.302,1.303,60,0.58,142,48,0.58,210,142,48,0.0,1,1,0
30,11,84,9,1.3027328850061792,strong,susceptible,0,1,0.0,-1,-1,1,0,0,0,29.5,25.8,20.382645065991884,32.491383473161,35.11452539107845,52.773099207835045,1,0,1.302,1.303,60,0.58,142,48,0.58,210,142,48,0.0,1,1,0
30,12,84,9,1.3027328850061792,strong,susceptible,0,1,0.0,-1,-1,1,0,0,0,29.5,25.8,20.382645065991884,32.491383473161,35.11452539107845,52.773099207835045,1,0,1.302,1.303,60,0.58,142,48,0.58,210,142,48,0.0,1,1,0
30,13,84,9,1.3027328850061792,strong,susceptible,0,1,0.0,-1,-1,1,0,0,0,29.5,25.8,20.382645065991884,32.491383473161,35.11452539107845,52.773099207835045,1,0,1.302,1.303,60,0.58,142,48,0.58,210,142,48,0.0,1,1,0
30,14,84,9,1.3027328850061792,strong,susceptible,0,1,0.0,-1,-1,1,0,0,0,29.5,25.8,20.382645065991884,32.491383473161,35.11452539107845,52.773099207835045,1,0,1.302,1.303,60,0.58,142,48,0.58,210,142,48,0.0,1,1,0
30,15,84,9,1.3027328850061792,strong,susceptible,0,1,0.0,-1,-1,1,0,0,0,29.5,25.8,20.382645065991884,32.491383473161,35.11452539107845,52.773099207835045,1,0,1.302,1.303,60,0.58,142,48,0.58,210,142,48,0.0,1,1,0
30,16,84,9,1.3027328850061792,strong,susceptible,0,1,0.0,-1,-1,1,0,0,0,29.5,25.8,20.382645065991884,32.491383473161,35.11452539107845,52.773099207835045,1,0,1.302,1.303,60,0.58,142,48,0.58,210,142,48,0.0,1,1,0
30,17,84,9,1.3027328850061792,strong,susceptible,0,1,0.0,-1,-1,1,0,0,0,29.5,25.8,20.382645065991884,32.491383473161,35.11452539107845,52.773099207835045,1,0,1.302,1.303,60,0.58,142,48,0.58,210,142,48,0.0,1,1,0
30,18,84,9,1.3027328850061792,strong,susceptible,0,1,0.0,-1,-1,1,0,0,0,29.5,25.8,20.382645065991884,32.491383473161,35.11452539107845,52.773099207835045,1,0,1.302,1.303,60,0.58,142,48,0.58,210,142,48,0.0,1,1,0
30,19,84,9,1.3027328850061792,strong,susceptible,0,1,0.0,-1,-1,1,0,0,0,29.5,25.8,20.382645065991884,32.491383473161,35.11452539107845,52.773099207835045,1,0,1.302,1.303,60,0.58,142,48,0.58,210,142,48,0.0,1,1,0
30,20,84,9,1.3027328850061792,strong,susceptible,0,1,0.0,-1,-1,1,0,0,0,29.5,25.8,20.382645065991884,32.491383473161,35.11452539107845,52.773099207835045,1,0,1.302,1.303,60,0.58,142,48,0.58,210,142,48,0.0,1,1,0
30,21,84,9,1.3027328850061792,strong,susceptible,0,1,0.0,-1,-1,1,0,0,0,29.5,25.8,20.382645065991884,32.491383473161,35.11452539107845,52.773099207835045,1,0,1.302,1.303,60,0.58,142,48,0.58,210,142,48,0.0,1,1,0
30,22,84,9,1.3027328850061792,strong,susceptible,0,1,0.0,-1,-1,1,0,0,0,29.5,25.8,20.382645065991884,32.491383473161,35.11452539107845,52.773099207835045,1,0,1.302,1.303,60,0.58,142,48,0.58,210,142,48,0.0,1,1,0
30,23,84,9,1.3027328850061792,strong,susceptible,0,1,0.0,-1,-1,1,0,0,0,29.5,25.8,20.382645065991884,32.491383473161,35.11452539107845,52.773099207835045,1,0,1.302,1.303,60,0.58,142,48,0.58,210,142,48,0.0,1,1,0
30,24,84,9,1.3027328850061792,strong,susceptible,0,1,0.0,-1,-1,1,0,0,0,29.5,25.8,20.382645065991884,32.491383473161,35.11452539107845,52.773099207835045,1,0,1.302,1.303,60,0.58,142,48,0.58,210,142,48,0.0,1,1,0
30,25,84,9,1.3027328850061792,strong,susceptible,0,1,0.0,-1,-1,1,0,0,0,29.5,25.8,20.382645065991884,32.491383473161,35.11452539107845,52.773099207835045,1,0,1.302,1.303,60,0.58,142,48,0.58,210,142,48,0.0,1,1,0
30,26,84,9,1.3027328850061792,strong,susceptible,0,1,0.0,-1,-1,1,0,0,0,29.5,25.8,20.382645065991884,32.491383473161,35.11452539107845,52.773099207835045,1,0,1.302,1.303,60,0.58,142,48,0.58,210,142,48,0.0,1,1,0
30,27,84,9,1.3027328850061792,strong,susceptible,0,1,0.0,-1,-1,1,0,0,0,29.5,25.8,20.382645065991884,32.491383473161,35.11452539107845,52.773099207835045,1,0,1.302,1.303,60,0.58,142,48,0.58,210,142,48,0.0,1,1,0
30,28,84,9,1.3027328850061792,strong,susceptible,0,1,0.0,-1,-1,1,0,0,0,29.5,25.8,20.382645065991884,32.491383473161,35.11452539107845,52.773099207835045,1,0,1.302,1.303,60,0.58,142,48,0.58,210,142,48,0.0,1,1,0
30,29,84,9,1.3027328850061792,strong,susceptible,0,1,0.0,-1,-1,1,0,0,0,29.5,25.8,20.382645065991884,32.491383473161,35.11452539107845,52.773099207835045,1,0,1.302,1.303,60,0.58,142,48,0.58,210,142,48,0.0,1,1,0
30,30,84,9,1.3027328850061792,strong,susceptible,0,1,0.0,-1,-1,1,0,0,0,29.5,25.8,20.382645065991884,32.491383473161,35.11452539107845,52.773099207835045,1,0,1.302,1.303,60,0.58,142,48,0.58,210,142,48,0.0,1,1,0
30,31,84,9,1.3027328850061792,strong,susceptible,0,1,0.0,-1,-1,1,0,0,0,29.5,25.8,20.382645065991884,32.491383473161,35.11452539107845,52.773099207835045,1,0,1.302,1.303,60,0.58,142,48,0.58,210,142,48,0.0,1,1,0
30,32,84,9,1.3027328850061792,strong,susceptible,0,1,0.0,-1,-1,1,0,0,0,29.5,25.8,20.382645065991884,32.491383473161,35.11452539107845,52.773099207835045,1,0,1.302,1.303,60,0.58,142,48,0.58,210,142,48,0.0,1,1,0
30,33,84,9,1.3027328850061792,strong,susceptible,0,1,0.0,-1,-1,1,0,0,0,29.5,25.8,20.382645065991884,32.491383473161,35.11452539107845,52.773099207835045,1,0,1.302,1.303,60,0.58,142,48,0.58,210,142,48,0.0,1,1,0
30,34,84,9,1.3027328850061792,strong,susceptible,0,1,0.0,-1,-1,1,0,0,0,29.5,25.8,20.382645065991884,32.491383473161,35.11452539107845,52.773099207835045,1,0,1.302,1.303,60,0.58,142,48,0.58,210,142,48,0.0,1,1,0
30,35,84,9,1.3027328850061792,strong,susceptible,0,1,0.0,-1,-1,1,0,0,0,29.5,25.8,20.382645065991884,32.491383473161,35.11452539107845,52.773099207835045,1,0,1.302,1.303,60,0.58,142,48,0.58,210,142,48,0.0,1,1,0
30,36,84,9,1.3027328850061792,strong,susceptible,0,1,0.0,-1,-1,1,0,0,0,29.5,25.8,20.382645065991884,32.491383473161,35.11452539107845,52.773099207835045,1,0,1.302,1.303,60,0.58,142,48,0.58,210,142,48,0.0,1,1,0
30,37,84,9,1.3027328850061792,strong,susceptible,0,1,0.0,-1,-1,1,0,0,0,29.5,25.8,20.382645065991884,32.491383473161,35.11452539107845,52.773099207835045,1,0,1.302,1.303,60,0.58,142,48,0.58,210,142,48,0.0,1,1,0
30,38,84,9,1.3027328850061792,strong,susceptible,0,1,0.0,-1,-1,1,0,0,0,29.5,25.8,20.382645065991884,32.491383473161,35.11452539107845,52.773099207835045,1,0,1.302,1.303,60,0.58,142,48,0.58,210,142,48,0.0,1,1,0
30,39,84,9,1.3027328850061792,strong,susceptible,0,1,0.0,-1,-1,1,0,0,0,29.5,25.8,20.382645065991884,32.491383473161,35.11452539107845,52.773099207835045,1,0,1.302,1.303,60,0.58,142,48,0.58,210,142,48,0.0,1,1,0
31,0,120,1,1.302660608457641,strong,susceptible,0,1,0.0,-1,-1,1,0,0,0,22.8,23.3,16.318454557143447,25.62674384310266,26.005601077924403,35.34119409414458,1,0,1.302,1.303,60,0.58,142,48,0.58,210,142,48,0.0,1,1,0
31,1,120,1,1.302660608457641,strong,susceptible,0,1,0.0,-1,-1,1,0,0,0,22.8,23.3,16.318454557143447,25.62674384310266,26.005601077924403,35.34119409414458,1,0,1.302,1.303,60,0.58,142,48,0.58,210,142,48,0.0,1,1,0
31,2,120,1,1.302660608457641,strong,susceptible,0,1,0.0,-1,-1,1,0,0,0,22.8,23.3,16.318454557143447,25.62674384310266,26.005601077924403,35.34119409414458,1,0,1.302,1.303,60,0.58,142,48,0.58,210,142,48,0.0,1,1,0
31,3,120,1,1.302660608457641,strong,susceptible,0,1,0.0,-1,-1,1,0,0,0,22.8,23.3,16.318454557143447,25.62674384310266,26.005601077924403,35.34119409414458,1,0,1.302,1.303,60,0.58,142,48,0.58,210,142,48,0.0,1,1,0
31,4,120,1,1.302660608457641,strong,susceptible,0,1,0.0,-1,-1,1,0,0,0,22.8,23.3,16.318454557143447,25.62674384310266,26.005601077924403,35.34119409414458,1,0,1.302,1.303,60,0.58,142,48,0.58,210,142,48,0.0,1,1,0
31,5,120,1,1.302660608457641,strong,susceptible,0,1,0.0,-1,-1,1,0,0,0,22.8,23.3,16.318454557143447,25.62674384310266,26.005601077924403,35.34119409414458,1,0,1.302,1.303,60,0.58,142,48,0.58,210,142,48,0.0,1,1,0
31,6,120,1,1.302660608457641,strong,susceptible,0,1,0.0,-1,-1,1,0,0,0,22.8,23.3,16.318454557143447,25.62674384310266,26.005601077924403,35.34119409414458,1,0,1.302,1.303,60,0.58,142,48,0.58,210,142,48,0.0,1,1,0
31,7,120,1,1.302660608457641,strong,susceptible,0,1,0.0,-1,-1,1,0,0,0,22.8,23.3,16.318454557143447,25.62674384310266,26.005601077924403,35.34119409414458,1,0,1.302,1.303,60,0.58,142,48,0.58,210,142,48,0.0,1,1,0
31,8,120,1,1.302660608457641,strong,susceptible,0,1,0.0,-1,-1,1,0,0,0,22.8,23.3,16.318454557143447,25.62674384310266,26.005601077924403,35.34119409414458,1,0,1.302,1.303,60,0.58,142,48,0.58,210,142,48,0.0,1,1,0
31,9,120,1,1.302660608457641,strong,susceptible,0,1,0.0,-1,-1,1,0,0,0,22.8,23.3,16.318454557143447,25.62674384310266,26.005601077924403,35.34119409414458,1,0,1.302,1.303,60,0.58,142,48,0.58,210,142,48,0.0,1,1,0
31,10,120,1,1.302660608457641,strong,susceptible,0,1,0.0,-1,-1,1,0,0,0,22.8,23.3,16.318454557143447,25.62674384310266,26.005601077924403,35.34119409414458,1,0,1.302,1.303,60,0.58,142,48,0.58,210,142,48,0.0,1,1,0
31,11,120,1,1.302660608457641,strong,susceptible,0,1,0.0,-1,-1,1,0,0,0,22.8,23.3,16.318454557143447,25.62674384310266,26.005601077924403,35.34119409414458,1,0,1.302,1.303,60,0.58,142,48,0.58,210,142,48,0.0,1,1,0
31,12,120,1,1.302660608457641,strong,susceptible,0,1,0.0,-1,-1,1,0,0,0,22.8,23.3,16.318454557143447,25.62674384310266,26.005601077924403,35.34119409414458,1,0,1.302,1.303,60,0.58,142,48,0.58,210,142,48,0.0,1,1,0
31,13,120,1,1.302660608457641,strong,susceptible,0,1,0.0,-1,-1,1,0,0,0,22.8,23.3,16.318454557143447,25.62674384310266,26.005601077924403,35.34119409414458,1,0,1.302,1.303,60,0.58,142,48,0.58,210,142,48,0.0,1,1,0
31,14,120,1,1.302660608457641,strong,susceptible,0,1,0.0,-1,-1,1,0,0,0,22.8,23.3,16.318454557143447,25.62674384310266,26.005601077924403,35.34119409414458,1,0,1.302,1.303,60,0.58,142,48,0.58,210,142,48,0.0,1,1,0
31,15,120,1,1.302660608457641,strong,susceptible,0,1,0.0,-1,-1,1,0,0,0,22.8,23.3,16.318454557143447,25.62674384310266,26.005601077924403,35.34119409414458,1,0,1.302,1.303,60,0.58,142,48,0.58,210,142,48,0.0,1,1,0
31,16,120,1,1.302660608457641,strong,susceptible,0,1,0.0,-1,-1,1,0,0,0,22.8,23.3,16.318454557143447,25.62674384310266,26.005601077924403,35.34119409414458,1,0,1.302,1.303,60,0.58,142,48,0.58,210,142,48,0.0,1,1,0
31,17,120,1,1.302660608457641,strong,susceptible,0,1,0.0,-1,-1,1,0,0,0,22.8,23.3,16.318454557143447,25.62674384310266,26.005601077924403,35.34119409414458,1,0,1.302,1.303,60,0.58,142,48,0.58,210,142,48,0.0,1,1,0
31,18,120,1,1.302660608457641,strong,susceptible,0,1,0.0,-1,-1,1,0,0,0,22.8,23.3,16.318454557143447,25.62674384310266,26.005601077924403,35.34119409414458,1,0,1.302,1.303,60,0.58,142,48,0.58,210,142,48,0.0,1,1,0
31,19,120,1,1.302660608457641,strong,susceptible,0,1,0.0,-1,-1,1,0,0,0,22.8,23.3,16.318454557143447,25.62674384310266,26.005601077924403,35.34119409414458,1,0,1.302,1.303,60,0.58,142,48,0.58,210,142,48,0.0,1,1,0
31,20,120,1,1.302660608457641,strong,susceptible,0,1,0.0,-1,-1,1,0,0,0,22.8,23.3,16.318454557143447,25.62674384310266,26.005601077924403,35.34119409414458,1,0,1.302,1.303,60,0.58,142,48,0.58,210,142,48,0.0,1,1,0
31,21,120,1,1.302660608457641,strong,susceptible,0,1,0.0,-1,-1,1,0,0,0,22.8,23.3,16.318454557143447,25.62674384310266,26.005601077924403,35.34119409414458,1,0,1.302,1.303,60,0.58,142,48,0.58,210,142,48,0.0,1,1,0
31,22,120,1,1.302660608457641,strong,susceptible,0,1,0.0,-1,-1,1,0,0,0,22.8,23.3,16.318454557143447,25.62674384310266,26.005601077924403,35.34119409414458,1,0,1.302,1.303,60,0.58,142,48,0.58,210,142,48,0.0,1,1,0
31,23,120,1,1.302660608457641,strong,susceptible,0,1,0.0,-1,-1,1,0,0,0,22.8,23.3,16.318454557143447,25.62674384310266,26.005601077924403,35.34119409414458,1,0,1.302,1.303,60,0.58,142,48,0.58,210,142,48,0.0,1,1,0
31,24,120,1,1.302660608457641,strong,susceptible,0,1,0.0,-1,-1,1,0,0,0,22.8,23.3,16.318454557143447,25.62674384310266,26.005601077924403,35.34119409414458,1,0,1.302,1.303,60,0.58,142,48,0.58,210,142,48,0.0,1,1,0
31,25,120,1,1.302660608457641,strong,susceptible,0,1,0.0,-1,-1,1,0,0,0,22.8,23.3,16.318454557143447,25.62674384310266,26.005601077924403,35.34119409414458,1,0,1.302,1.303,60,0.58,142,48,0.58,210,142,48,0.0,1,1,0
31,26,120,1,1.302660608457641,strong,susceptible,0,1,0.0,-1,-1,1,0,0,0,22.8,23.3,16.318454557143447,25.62674384310266,26.005601077924403,35.34119409414458,1,0,1.302,1.303,60,0.58,142,48,0.58,210,142,48,0.0,1,1,0
31,27,120,1,1.302660608457641,strong,susceptible,0,1,0.0,-1,-1,1,0,0,0,22.8,23.3,16.318454557143447,25.62674384310266,26.005601077924403,35.34119409414458,1,0,1.302,1.303,60,0.58,142,48,0.58,210,142,48,0.0,1,1,0
31,28,120,1,1.302660608457641,strong,susceptible,0,1,0.0,-1,-1,1,0,0,0,22.8,23.3,16.318454557143447,25.62674384310266,26.005601077924403,35.34119409414458,1,0,1.302,1.303,60,0.58,142,48,0.58,210,142,48,0.0,1,1,0
31,29,120,1,1.302660608457641,strong,susceptible,0,1,0.0,-1,-1,1,0,0,0,22.8,23.3,16.318454557143447,25.62674384310266,26.005601077924403,35.34119409414458,1,0,1.302,1.303,60,0.58,142,48,0.58,210,142,48,0.0,1,1,0
31,30,120,1,1.302660608457641,strong,susceptible,0,1,0.0,-1,-1,1,0,0,0,22.8,23.3,16.318454557143447,25.62674384310266,26.005601077924403,35.34119409414458,1,0,1.302,1.303,60,0.58,142,48,0.58,210,142,48,0.0,1,1,0
31,31,120,1,1.302660608457641,strong,susceptible,0,1,0.0,-1,-1,1,0,0,0,22.8,23.3,16.318454557143447,25.62674384310266,26.005601077924403,35.34119409414458,1,0,1.302,1.303,60,0.58,142,48,0.58,210,142,48,0.0,1,1,0
31,32,120,1,1.302660608457641,strong,susceptible,0,1,0.0,-1,-1,1,0,0,0,22.8,23.3,16.318454557143447,25.62674384310266,26.005601077924403,35.34119409414458,1,0,1.302,1.303,60,0.58,142,48,0.58,210,142,48,0.0,1,1,0
31,33,120,1,1.302660608457641,strong,susceptible,0,1,0.0,-1,-1,1,0,0,0,22.8,23.3,16.318454557143447,25.62674384310266,26.005601077924403,35.34119409414458,1,0,1.302,1.303,60,0.58,142,48,0.58,210,142,48,0.0,1,1,0
31,34,120,1,1.302660608457641,strong,susceptible,0,1,0.0,-1,-1,1,0,0,0,22.8,23.3,16.318454557143447,25.62674384310266,26.005601077924403,35.34119409414458,1,0,1.302,1.303,60,0.58,142,48,0.58,210,142,48,0.0,1,1,0
31,35,120,1,1.302660608457641,strong,susceptible,0,1,0.0,-1,-1,1,0,0,0,22.8,23.3,16.318454557143447,25.62674384310266,26.005601077924403,35.34119409414458,1,0,1.302,1.303,60,0.58,142,48,0.58,210,142,48,0.0,1,1,0
31,36,120,1,1.302660608457641,strong,susceptible,0,1,0.0,-1,-1,1,0,0,0,22.8,23.3,16.318454557143447,25.62674384310266,26.005601077924403,35.34119409414458,1,0,1.302,1.303,60,0.58,142,48,0.58,210,142,48,0.0,1,1,0
31,37,120,1,1.302660608457641,strong,susceptible,0,1,0.0,-1,-1,1,0,0,0,22.8,23.3,16.318454557143447,25.62674384310266,26.005601077924403,35.34119409414458,1,0,1.302,1.303,60,0.58,142,48,0.58,210,142,48,0.0,1,1,0
31,38,120,1,1.302660608457641,strong,susceptible,0,1,0.0,-1,-1,1,0,0,0,22.8,23.3,16.318454557143447,25.62674384310266,26.005601077924403,35.34119409414458,1,0,1.302,1.303,60,0.58,142,48,0.58,210,142,48,0.0,1,1,0
31,39,120,1,1.302660608457641,strong,susceptible,0,1,0.0,-1,-1,1,0,0,0,22.8,23.3,16.318454557143447,25.62674384310266,26.005601077924403,35.34119409414458,1,0,1.302,1.303,60,0.58,142,48,0.58,210,142,48,0.0,1,1,0
32,0,143,3,1.3028119956860678,low,susceptible,0,1,0.0,-1,-1,0,0,1,0,23.9,28.5,21.28593162556237,30.14398779192959,29.880662393700895,51.22499389946279,1,0,1.302,1.303,60,0.58,142,48,0.58,210,142,48,0.0,1,1,0
32,1,143,3,1.3028119956860678,low,susceptible,0,1,0.0,-1,-1,0,0,1,0,23.9,28.5,21.28593162556237,30.14398779192959,29.880662393700895,51.22499389946279,1,0,1.302,1.303,60,0.58,142,48,0.58,210,142,48,0.0,1,1,0
32,2,143,3,1.3028119956860678,low,susceptible,0,1,0.0,-1,-1,0,0,1,0,23.9,28.5,21.28593162556237,30.14398779192959,29.880662393700895,51.22499389946279,1,0,1.302,1.303,60,0.58,142,48,0.58,210,142,48,0.0,1,1,0
32,3,143,3,1.3028119956860678,low,susceptible,0,1,0.0,-1,-1,0,0,1,0,23.9,28.5,21.28593162556237,30.14398779192959,29.880662393700895,51.22499389946279,1,0,1.302,1.303,60,0.58,142,48,0.58,210,142,48,0.0,1,1,0
32,4,143,3,1.3028119956860678,low,susceptible,0,1,0.0,-1,-1,0,0,1,0,23.9,28.5,21.28593162556237,30.14398779192959,29.880662393700895,51.22499389946279,1,0,1.302,1.303,60,0.58,142,48,0.58,210,142,48,0.0,1,1,0
32,5,143,3,1.3028119956860678,low,susceptible,0,1,0.0,-1,-1,0,0,1,0,23.9,28.5,21.28593162556237,30.14398779192959,29.880662393700895,51.22499389946279,1,0,1.302,1.303,60,0.58,142,48,0.58,210,142,48,0.0,1,1,0
32,6,143,3,1.3028119956860678,low,susceptible,0,1,0.0,-1,-1,0,0,1,0,23.9,28.5,21.28593162556237,30.14398779192959,29.880662393700895,51.22499389946279,1,0,1.302,1.303,60,0.58,142,48,0.58,210,142,48,0.0,1,1,0
32,7,143,3,1.3028119956860678,low,susceptible,0,1,0.0,-1,-1,0,0,1,0,23.9,28.5,21.28593162556237,30.14398779192959,29.880662393700895,51.22499389946279,1,0,1.302,1.303,60,0.58,142,48,0.58,210,142,48,0.0,1,1,0
32,8,143,3,1.3028119956860678,low,susceptible,0,1,0.0,-1,-1,0,0,1,0,23.9,28.5,21.28593162556237,30.14398779192959,29.880662393700895,51.22499389946279,1,0,1.302,1.303,60,0.58,142,48,0.58,210,142,48,0.0,1,1,0
32,9,143,3,1.3028119956860678,low,susceptible,0,1,0.0,-1,-1,0,0,1,0,23.9,28.5,21.28593162556237,30.14398779192959,29.880662393700895,51.22499389946279,1,0,1.302,1.303,60,0.58,142,48,0.58,210,142,48,0.0,1,1,0
32,10,143,3,1.3028119956860678,low,susceptible,0,1,0.0,-1,-1,0,0,1,0,23.9,28.5,21.28593162556237,30.14398779192959,29.880662393700895,51.22499389946279,1,0,1.302,1.303,60,0.58,142,48,0.58,210,142,48,0.0,1,1,0
32,11,143,3,1.3028119956860678,low,susceptible,0,1,0.0,-1,-1,0,0,1,0,23.9,28.5,21.28593162556237,30.14398779192959,29.880662393700895,51.22499389946279,1,0,1.302,1.303,60,0.58,142,48,0.58,210,142,48,0.0,1,1,0
32,12,143,3,1.3028119956860678,low,susceptible,0,1,0.0,-1,-1,0,0,1,0,23.9,28.5,21.28593162556237,30.14398779192959,29.880662393700895,51.22499389946279,1,0,1.302,1.303,60,0.58,142,48,0.58,210,142,48,0.0,1,1,0
32,13,143,3,1.3028119956860678,low,susceptible,0,1,0.0,-1,-1,0,0,1,0,23.9,28.5,21.28593162556237,30.14398779192959,29.880662393700895,51.22499389946279,1,0,1.302,1.303,60,0.58,142,48,0.58,210,142,48,0.0,1,1,0
32,14,143,3,1.3028119956860678,low,susceptible,0,1,0.0,-1,-1,0,0,1,0,23.9,28.5,21.28593162556237,30.14398779192959,29.880662393700895,51.22499389946279,1,0,1.302,1.303,60,0.58,142,48,0.58,210,142,48,0.0,1,1,0
32,15,143,3,1.3028119956860678,low,susceptible,0,1,0.0,-1,-1,0,0,1,0,23.9,28.5,21.28593162556237,30.14398779192959,29.880662393700895,51.22499389946279,1,0,1.302,1.303,60,0.58,142,48,0.58,210,142,48,0.0,1,1,0
32,16,143,3,1.3028119956860678,low,susceptible,0,1,0.0,-1,-1,0,0,1,0,23.9,28.5,21.28593162556237,30.14398779192959,29.880662393700895,51.22499389946279,1,0,1.302,1.303,60,0.58,142,48,0.58,210,142,48,0.0,1,1,0
32,17,143,3,1.3028119956860678,low,susceptible,0,1,0.0,-1,-1,0,0,1,0,23.9,28.5,21.28593162556237,30.14398779192959,29.880662393700895,51.22499389946279,1,0,1.302,1.303,60,0.58,142,48,0.58,210,142,48,0.0,1,1,0
32,18,143,3,1.3028119956860678,low,susceptible,0,1,0.0,-1,-1,0,0,1,0,23.9,28.5,21.28593162556237,30.14398779192959,29.880662393700895,51.22499389946279,1,0,1.302,1.303,60,0.58,142,48,0.58,210,142,48,0.0,1,1,0
32,19,143,3,1.3028119956860678,low,susceptible,0,1,0.0,-1,-1,0,0,1,0,23.9,28.5,21.28593162556237,30.14398779192959,29.880662393700895,51.22499389946279,1,0,1.302,1.303,60,0.58,142,48,0.58,210,142,48,0.0,1,1,0
32,20,143,3,1.3028119956860678,low,susceptible,0,1,0.0,-1,-1,0,0,1,0,23.9,28.5,21.28593162556237,30.14398779192959,29.880662393700895,51.22499389946279,1,0,1.302,1.303,60,0.58,142,48,0.58,210,142,48,0.0,1,1,0
32,21,143,3,1.3028119956860678,low,susceptible,0,1,0.0,-1,-1,0,0,1,0,23.9,28.5,21.28593162556237,30.14398779192959,29.880662393700895,51.22499389946279,1,0,1.302,1.303,60,0.58,142,48,0.58,210,142,48,0.0,1,1,0
32,22,143,3,1.3028119956860678,low,susceptible,0,1,0.0,-1,-1,0,0,1,0,23.9,28.5,21.28593162556237,30.14398779192959,29.880662393700895,51.22499389946279,1,0,1.302,1.303,60,0.58,142,48,0.58,210,142,48,0.0,1,1,0
32,23,143,3,1.3028119956860678,low,susceptible,0,1,0.0,-1,-1,0,0,1,0,23.9,28.5,21.28593162556237,30.14398779192959,29.880662393700895,51.22499389946279,1,0,1.302,1.303,60,0.58,142,48,0.58,210,142,48,0.0,1,1,0
32,24,143,3,1.3028119956860678,low,susceptible,0,1,0.0,-1,-1,0,0,1,0,23.9,28.5,21.28593162556237,30.14398779192959,29.880662393700895,51.22499389946279,1,0,1.302,1.303,60,0.58,142,48,0.58,210,142,48,0.0,1,1,0
32,25,143,3,1.3028119956860678,low,susceptible,0,1,0.0,-1,-1,0,0,1,0,23.9,28.5,21.28593162556237,30.14398779192959,29.880662393700895,51.22499389946279,1,0,1.302,1.303,60,0.58,142,48,0.58,210,142,48,0.0,1,1,0
32,26,143,3,1.3028119956860678,low,susceptible,0,1,0.0,-1,-1,0,0,1,0,23.9,28.5,21.28593162556237,30.14398779192959,29.880662393700895,51.22499389946279,1,0,1.302,1.303,60,0.58,142,48,0.58,210,142,48,0.0,1,1,0
32,27,143,3,1.3028119956860678,low,susceptible,0,1,0.0,-1,-1,0,0,1,0,23.9,28.5,21.28593162556237,30.14398779192959,29.880662393700895,51.22499389946279,1,0,1.302,1.303,60,0.58,142,48,0.58,210,142,48,0.0,1,1,0
32,28,143,3,1.3028119956860678,low,susceptible,0,1,0.0,-1,-1,0,0,1,0,23.9,28.5,21.28593162556237,30.14398779192959,29.880662393700895,51.22499389946279,1,0,1.302,1.303,60,0.58,142,48,0.58,210,142,48,0.0,1,1,0
32,29,143,3,1.3028119956860678,low,susceptible,0,1,0.0,-1,-1,0,0,1,0,23.9,28.5,21.28593162556237,30.14398779192959,29.880662393700895,51.22499389946279,1,0,1.302,1.303,60,0.58,142,48,0.58,210,142,48,0.0,1,1,0
32,30,143,3,1.3028119956860678,low,susceptible,0,1,0.0,-1,-1,0,0,1,0,23.9,28.5,21.28593162556237,30.14398779192959,29.880662393700895,51.22499389946279,1,0,1.302,1.303,60,0.58,142,48,0.58,210,142,48,0.0,1,1,0
32,31,143,3,1.3028119956860678,low,susceptible,0,1,0.0,-1,-1,0,0,1,0,23.9,28.5,21.28593162556237,30.14398779192959,29.880662393700895,51.22499389946279,1,0,1.302,1.303,60,0.58,142,48,0.58,210,142,48,0.0,1,1,0
32,32,143,3,1.3028119956860678,low,susceptible,0,1,0.0,-1,-1,0,0,1,0,23.9,28.5,21.28593162556237,30.14398779192959,29.880662393700895,51.22499389946279,1,0,1.302,1.303,60,0.58,142,48,0.58,210,142,48,0.0,1,1,0
32,33,143,3,1.3028119956860678,low,susceptible,0,1,0.0,-1,-1,0,0,1,0,23.9,28.5,21.28593162556237,30.14398779192959,29.880662393700895,51.22499389946279,1,0,1.302,1.303,60,0.58,142,48,0.58,210,142,48,0.0,1,1,0
32,34,143,3,1.3028119956860678,low,susceptible,0,1,0.0,-1,-1,0,0,1,0,23.9,28.5,21.28593162556237,30.14398779192959,29.880662393700895,51.22499389946279,1,0,1.302,1.303,60,0.58,142,48,0.58,210,142,48,0.0,1,1,0
32,35,143,3,1.3028119956860678,low,susceptible,0,1,0.0,-1,-1,0,0,1,0,23.9,28.5,21.28593162556237,30.14398779192959,29.880662393700895,51.22499389946279,1,0,1.302,1.303,60,0.58,142,48,0.58,210,142,48,0.0,1,1,0
32,36,143,3,1.3028119956860678,low,susceptible,0,1,0.0,-1,-1,0,0,1,0,23.9,28.5,21.28593162556237,30.14398779192959,29.880662393700895,51.22499389946279,1,0,1.302,1.303,60,0.58,142,48,0.58,210,142,48,0.0,1,1,0
32,37,143,3,1.3028119956860678,low,susceptible,0,1,0.0,-1,-1,0,0,1,0,23.9,28.5,21.28593162556237,30.14398779192959,29.880662393700895,51.22499389946279,1,0,1.302,1.303,60,0.58,142,48,0.58,210,142,48,0.0,1,1,0
32,38,143,3,1.3028119956860678,low,susceptible,0,1,0.0,-1,-1,0,0,1,0,23.9,28.5,21.28593162556237,30.14398779192959,29.880662393700895,51.22499389946279,1,0,1.302,1.303,60,0.58,142,48,0.58,210,142,48,0.0,1,1,0
32,39,143,3,1.3028119956860678,low,susceptible,0,1,0.0,-1,-1,0,0,1,0,23.9,28.5,21.28593162556237,30.14398779192959,29.880662393700895,51.22499389946279,1,0,1.302,1.303,60,0.58,142,48,0.58,210,142,48,0.0,1,1,0
33,0,25,2,1.3026289893574898,low,susceptible,0,1,0.0,-1,-1,0,0,1,0,27.3,24.9,17.742557386832964,27.51908428709066,23.62089340954373,38.600518131237564,1,0,1.302,1.303,60,0.58,142,48,0.58,210,142,48,0.0,1,1,0
33,1,25,2,1.3026289893574898,low,susceptible,0,1,0.0,-1,-1,0,0,1,0,27.3,24.9,17.742557386832964,27.51908428709066,23.62089340954373,38.600518131237564,1,0,1.302,1.303,60,0.58,142,48,0.58,210,142,48,0.0,1,1,0
33,2,25,2,1.3026289893574898,low,susceptible,0,1,0.0,-1,-1,0,0,1,0,27.3,24.9,17.742557386832964,27.51908428709066,23.62089340954373,38.600518131237564,1,0,1.302,1.303,60,0.58,142,48,0.58,210,142,48,0.0,1,1,0
33,3,25,2,1.3026289893574898,low,susceptible,0,1,0.0,-1,-1,0,0,1,0,27.3,24.9,17.742557386832964,27.51908428709066,23.62089340954373,38.600518131237564,1,0,1.302,1.303,60,0.58,142,48,0.58,210,142,48,0.0,1,1,0
33,4,25,2,1.3026289893574898,low,susceptible,0,1,0.0,-1,-1,0,0,1,0,27.3,24.9,17.742557386832964,27.51908428709066,23.62089340954373,38.600518131237564,1,0,1.302,1.303,60,0.58,142,48,0.58,210,142,48,0.0,1,1,0
33,5,25,2,1.3026289893574898,low,susceptible,0,1,0.0,-1,-1,0,0,1,0,27.3,24.9,17.742557386832964,27.51908428709066,23.62089340954373,38.600518131237564,1,0,1.302,1.303,60,0.58,142,48,0.58,210,142,48,0.0,1,1,0
33,6,25,2,1.3026289893574898,low,susceptible,0,1,0.0,-1,-1,0,0,1,0,27.3,24.9,17.742557386832964,27.51908428709066,23.62089340954373,38.600518131237564,1,0,1.302,1.303,60,0.58,142,48,0.58,210,142,48,0.0,1,1,0
33,7,25,2,1.3026289893574898,low,susceptible,0,1,0.0,-1,-1,0,0,1,0,27.3,24.9,17.742557386832964,27.51908428709066,23.62089340954373,38.600518131237564,1,0,1.302,1.303,60,0.58,142,48,0.58,210,142,48,0.0,1,1,0
33,8,25,2,1.3026289893574898,low,susceptible,0,1,0.0,-1,-1,0,0,1,0,27.3,24.9,17.742557386832964,27.51908428709066,23.62089340954373,38.600518131237564,1,0,1.302,1.303,60,0.58,142,48,0.58,210,142,48,0.0,1,1,0
33,9,25,2,1.3026289893574898,low,susceptible,0,1,0.0,-1,-1,0,0,1,0,27.3,24.9,17.742557386832964,27.51908428709066,23.62089340954373,38.600518131237564,1,0,1.302,1.303,60,0.58,142,48,0.58,210,142,48,0.0,1,1,0
33,10,25,2,1.3026289893574898,low,susceptible,0,1,0.0,-1,-1,0,0,1,0,27.3,24.9,17.742557386832964,27.51908428709066,23.62089340954373,38.600518131237564,1,0,1.302,1.303,60,0.58,142,48,0.58,210,142,48,0.0,1,1,0
33,11,25,2,1.3026289893574898,low,susceptible,0,1,0.0,-1,-1,0,0,1,0,27.3,24.9,17.742557386832964,27.51908428709066,23.62089340954373,38.600518131237564,1,0,1.302,1.303,60,0.58,142,48,0.58,210,142,48,0.0,1,1,0
33,12,25,2,1.3026289893574898,low,susceptible,0,1,0.0,-1,-1,0,0,1,0,27.3,24.9,17.742557386832964,27.51908428709066,23.62089340954373,38.600518131237564,1,0,1.302,1.303,60,0.58,142,48,0.58,210,142,48,0.0,1,1,0
33,13,25,2,1.3026289893574898,low,susceptible,0,1,0.0,-1,-1,0,0,1,0,27.3,24.9,17.742557386832964,27.51908428709066,23.62089340954373,38.600518131237564,1,0,1.302,1.303,60,0.58,142,48,0.58,210,142,48,0.0,1,1,0
33,14,25,2,1.3026289893574898,low,susceptible,0,1,0.0,-1,-1,0,0,1,0,27.3,24.9,17.742557386832964,27.51908428709066,23.62089340954373,38.600518131237564,1,0,1.302,1.303,60,0.58,142,48,0.58,210,142,48,0.0,1,1,0
33,15,25,2,1.3026289893574898,low,susceptible,0,1,0.0,-1,-1,0,0,1,0,27.3,24.9,17.742557386832964,27.51908428709066,23.62089340954373,38.600518131237564,1,0,1.302,1.303,60,0.58,142,48,0.58,210,142,48,0.0,1,1,0
33,16,25,2,1.3026289893574898,low,susceptible,0,1,0.0,-1,-1,0,0,1,0,27.3,24.9,17.742557386832964,27.51908428709066,23.62089340954373,38.600518131237564,1,0,1.302,1.303,60,0.58,142,48,0.58,210,142,48,0.0,1,1,0
33,17,25,2,1.3026289893574898,low,susceptible,0,1,0.0,-1,-1,0,0,1,0,27.3,24.9,17.742557386832964,27.51908428709066,23.62089340954373,38.600518131237564,1,0,1.302,1.303,60,0.58,142,48,0.58,210,142,48,0.0,1,1,0
33,18,25,2,1.3026289893574898,low,susceptible,0,1,0.0,-1,-1,0,0,1,0,27.3,24.9,17.742557386832964,27.51908428709066,23.62089340954373,38.600518131237564,1,0,1.302,1.303,60,0.58,142,48,0.58,210,142,48,0.0,1,1,0
33,19,25,2,1.3026289893574898,low,susceptible,0,1,0.0,-1,-1,0,0,1,0,27.3,24.9,17.742557386832964,27.51908428709066,23.62089340954373,38.600518131237564,1,0,1.302,1.303,60,0.58,142,48,0.58,210,142,48,0.0,1,1,0
33,21,25,2,1.3026289893574898,low,infected,1,1,3.72,20,1,0,0,1,0,27.3,24.9,17.742557386832964,27.51908428709066,23.62089340954373,38.600518131237564,1,0,1.302,1.303,60,0.58,142,48,0.58,210,142,48,0.0,1,1,0
33,22,25,2,1.3026289893574898,low,infected,1,1,21.223,20,2,0,0,1,0,27.3,24.9,17.742557386832964,27.51908428709066,23.62089340954373,38.600518131237564,1,0,1.302,1.303,60,0.58,142,48,0.58,210,142,48,0.0,1,1,0
33,24,25,2,1.3026289893574898,low,infected,1,0,67.518,20,4,0,0,1,0,27.3,24.9,17.742557386832964,27.51908428709066,23.62089340954373,38.600518131237564,1,0,1.302,1.303,60,0.58,142,48,0.58,210,142,48,0.0,1,1,0
33,25,25,2,1.3026289893574898,low,infected,1,0,81.22,20,5,0,0,1,0,27.3,24.9,17.742557386832964,27.51908428709066,23.62089340954373,38.600518131237564,1,0,1.302,1.303,60,0.58,142,48,0.58,210,142,48,0.0,1,1,0
33,26,25,2,1.3026289893574898,low,infected,1,0,85.996,20,6,0,0,1,0,27.3,24.9,17.742557386832964,27.51908428709066,23.62089340954373,38.600518131237564,1,0,1.302,1.303,60,0.58,142,48,0.58,210,142,48,0.0,1,1,0
33,27,25,2,1.3026289893574898,low,infected,1,0,83.429,20,7,0,0,1,0,27.3,24.9,17.742557386832964,27.51908428709066,23.62089340954373,38.600518131237564,1,0,1.302,1.303,60,0.58,142,48,0.58,210,142,48,0.0,1,1,0
33,28,25,2,1.3026289893574898,low,infected,1,0,75.946,20,8,0,0,1,0,27.3,24.9,17.742557386832964,27.51908428709066,23.62089340954373,38.600518131237564,1,0,1.302,1.303,60,0.58,142,48,0.58,210,142,48,0.0,1,1,0
33,29,25,2,1.3026289893574898,low,infected,1,0,65.864,20,9,0,0,1,0,27.3,24.9,17.742557386832964,27.51908428709066,23.62089340954373,38.600518131237564,1,0,1.302,1.303,60,0.58,142,48,0.58,210,142,48,0.0,1,1,0
33,30,25,2,1.3026289893574898,low,infected,1,0,54.984,20,10,0,0,1,0,27.3,24.9,17.742557386832964,27.51908428709066,23.62089340954373,38.600518131237564,1,0,1.302,1.303,60,0.58,142,48,0.58,210,142,48,0.0,1,1,0
33,32,25,2,1.3026289893574898,low,infected,1,1,35.13,20,12,0,0,1,0,27.3,24.9,17.742557386832964,27.51908428709066,23.62089340954373,38.600518131237564,1,0,1.302,1.303,60,0.58,142,48,0.58,210,142,48,0.0,1,1,0
33,33,25,2,1.3026289893574898,low,infected,1,1,27.143,20,13,0,0,1,0,27.3,24.9,17.742557386832964,27.51908428709066,23.62089340954373,38.600518131237564,1,0,1.302,1.303,60,0.58,142,48,0.58,210,142,48,0.0,1,1,0
33,34,25,2,1.3026289893574898,low,infected,1,1,20.596,20,14,0,0,1,0,27.3,24.9,17.742557386832964,27.51908428709066,23.62089340954373,38.600518131237564,1,0,1.302,1.303,60,0.58,142,48,0.58,210,142,48,0.0,1,1,0
33,35,25,2,1.3026289893574898,low,infected,1,1,15.387,20,15,0,0,1,0,27.3,24.9,17.742557386832964,27.51908428709066,23.62089340954373,38.600518131237564,1,0,1.302,1.303,60,0.58,142,48,0.58,210,142,48,0.0,1,1,0
33,36,25,2,1.3026289893574898,low,infected,1,1,11.341,20,16,0,0,1,0,27.3,24.9,17.742557386832964,27.51908428709066,23.62089340954373,38.600518131237564,1,0,1.302,1.303,60,0.58,142,48,0.58,210,142,48,0.0,1,1,0
33,37,25,2,1.3026289893574898,low,infected,1,1,8.26,20,17,0,0,1,0,27.3,24.9,17.742557386832964,27.51908428709066,23.62089340954373,38.600518131237564,1,0,1.302,1.303,60,0.58,142,48,0.58,210,142,48,0.0,1,1,0
33,38,25,2,1.3026289893574898,low,infected,1,1,5.953,20,18,0,0,1,0,27.3,24.9,17.742557386832964,27.51908428709066,23.62089340954373,38.600518131237564,1,0,1.302,1.303,60,0.58,142,48,0.58,210,142,48,0.0,1,1,0
33,39,25,2,1.3026289893574898,low,infected,1,1,4.25,20,19,0,0,1,0,27.3,24.9,17.742557386832964,27.51908428709066,23.62089340954373,38.600518131237564,1,0,1.302,1.303,60,0.58,142,48,0.58,210,142,48,0.0,1,1,0
34,0,90,6,1.3022591582993972,medium,susceptible,0,1,0.0,-1,-1,0,1,0,0,28.8,22.8,19.625581853273285,26.692320993124596,26.813686702452912,44.553338819890925,1,0,1.302,1.303,60,0.58,142,48,0.58,210,142,48,0.0,1,1,0
34,1,90,6,1.3022591582993972,medium,susceptible,0,1,0.0,-1,-1,0,1,0,0,28.8,22.8,19.625581853273285,26.692320993124596,26.813686702452912,44.553338819890925,1,0,1.302,1.303,60,0.58,142,48,0.58,210,142,48,0.0,1,1,0
34,2,90,6,1.3022591582993972,medium,susceptible,0,1,0.0,-1,-1,0,1,0,0,28.8,22.8,19.625581853273285,26.692320993124596,26.813686702452912,44.553338819890925,1,0,1.302,1.303,60,0.58,142,48,0.58,210,142,48,0.0,1,1,0
34,3,90,6,1.3022591582993972,medium,susceptible,0,1,0.0,-1,-1,0,1,0,0,28.8,22.8,19.625581853273285,26.692320993124596,26.813686702452912,44.553338819890925,1,0,1.302,1.303,60,0.58,142,48,0.58,210,142,48,0.0,1,1,0
34,4,90,6,1.3022591582993972,medium,susceptible,0,1,0.0,-1,-1,0,1,0,0,28.8,22.8,19.625581853273285,26.692320993124596,26.813686702452912,44.553338819890925,1,0,1.302,1.303,60,0.58,142,48,0.58,210,142,48,0.0,1,1,0
34,5,90,6,1.3022591582993972,medium,susceptible,0,1,0.0,-1,-1,0,1,0,0,28.8,22.8,19.625581853273285,26.692320993124596,26.813686702452912,44.553338819890925,1,0,1.302,1.303,60,0.58,142,48,0.58,210,142,48,0.0,1,1,0
34,6,90,6,1.3022591582993972,medium,susceptible,0,1,0.0,-1,-1,0,1,0,0,28.8,22.8,19.625581853273285,26.692320993124596,26.813686702452912,44.553338819890925,1,0,1.302,1.303,60,0.58,142,48,0.58,210,142,48,0.0,1,1,0
34,7,90,6,1.3022591582993972,medium,susceptible,0,1,0.0,-1,-1,0,1,0,0,28.8,22.8,19.625581853273285,26.692320993124596,26.813686702452912,44.553338819890925,1,0,1.302,1.303,60,0.58,142,48,0.58,210,142,48,0.0,1,1,0
34,8,90,6,1.3022591582993972,medium,susceptible,0,1,0.0,-1,-1,0,1,0,0,28.8,22.8,19.625581853273285,26.692320993124596,26.813686702452912,44.553338819890925,1,0,1.302,1.303,60,0.58,142,48,0.58,210,142,48,0.0,1,1,0
34,9,90,6,1.3022591582993972,medium,susceptible,0,1,0.0,-1,-1,0,1,0,0,28.8,22.8,19.625581853273285,26.692320993124596,26.813686702452912,44.553338819890925,1,0,1.302,1.303,60,0.58,142,48,0.58,210,142,48,0.0,1,1,0
34,10,90,6,1.3022591582993972,medium,susceptible,0,1,0.0,-1,-1,0,1,0,0,28.8,22.8,19.625581853273285,26.692320993124596,26.813686702452912,44.553338819890925,1,0,1.302,1.303,60,0.58,142,48,0.58,210,142,48,0.0,1,1,0
34,11,90,6,1.3022591582993972,medium,susceptible,0,1,0.0,-1,-1,0,1,0,0,28.8,22.8,19.625581853273285,26.692320993124596,26.813686702452912,44.553338819890925,1,0,1.302,1.303,60,0.58,142,48,0.58,210,142,48,0.0,1,1,0
34,12,90,6,1.3022591582993972,medium,susceptible,0,1,0.0,-1,-1,0,1,0,0,28.8,22.8,19.625581853273285,26.692320993124596,26.813686702452912,44.553338819890925,1,0,1.302,1.303,60,0.58,142,48,0.58,210,142,48,0.0,1,1,0
34,13,90,6,1.3022591582993972,medium,susceptible,0,1,0.0,-1,-1,0,1,0,0,28.8,22.8,19.625581853273285,26.692320993124596,26.813686702452912,44.553338819890925,1,0,1.302,1.303,60,0.58,142,48,0.58,210,142,48,0.0,1,1,0
34,14,90,6,1.3022591582993972,medium,susceptible,0,1,0.0,-1,-1,0,1,0,0,28.8,22.8,19.625581853273285,26.692320993124596,26.813686702452912,44.553338819890925,1,0,1.302,1.303,60,0.58,142,48,0.58,210,142,48,0.0,1,1,0
34,15,90,6,1.3022591582993972,medium,susceptible,0,1,0.0,-1,-1,0,1,0,0,28.8,22.8,19.625581853273285,26.692320993124596,26.813686702452912,44.553338819890925,1,0,1.302,1.303,60,0.58,142,48,0.58,210,142,48,0.0,1,1,0
34,16,90,6,1.3022591582993972,medium,susceptible,0,1,0.0,-1,-1,0,1,0,0,28.8,22.8,19.625581853273285,26.692320993124596,26.813686702452912,44.553338819890925,1,0,1.302,1.303,60,0.58,142,48,0.58,210,142,48,0.0,1,1,0
34,17,90,6,1.3022591582993972,medium,susceptible,0,1,0.0,-1,-1,0,1,0,0,28.8,22.8,19.625581853273285,26.692320993124596,26.813686702452912,44.553338819890925,1,0,1.302,1.303,60,0.58,142,48,0.58,210,142,48,0.0,1,1,0
34,18,90,6,1.3022591582993972,medium,susceptible,0,1,0.0,-1,-1,0,1,0,0,28.8,22.8,19.625581853273285,26.692320993124596,26.813686702452912,44.553338819890925,1,0,1.302,1.303,60,0.58,142,48,0.58,210,142,48,0.0,1,1,0
34,19,90,6,1.3022591582993972,medium,susceptible,0,1,0.0,-1,-1,0,1,0,0,28.8,22.8,19.625581853273285,26.692320993124596,26.813686702452912,44.553338819890925,1,0,1.302,1.303,60,0.58,142,48,0.58,210,142,48,0.0,1,1,0
34,20,90,6,1.3022591582993972,medium,susceptible,0,1,0.0,-1,-1,0,1,0,0,28.8,22.8,19.625581853273285,26.692320993124596,26.813686702452912,44.553338819890925,1,0,1.302,1.303,60,0.58,142,48,0.58,210,142,48,0.0,1,1,0
34,21,90,6,1.3022591582993972,medium,susceptible,0,1,0.0,-1,-1,0,1,0,0,28.8,22.8,19.625581853273285,26.692320993124596,26.813686702452912,44.553338819890925,1,0,1.302,1.303,60,0.58,142,48,0.58,210,142,48,0.0,1,1,0
34,22,90,6,1.3022591582993972,medium,susceptible,0,1,0.0,-1,-1,0,1,0,0,28.8,22.8,19.625581853273285,26.692320993124596,26.813686702452912,44.553338819890925,1,0,1.302,1.303,60,0.58,142,48,0.58,210,142,48,0.0,1,1,0
34,23,90,6,1.3022591582993972,medium,susceptible,0,1,0.0,-1,-1,0,1,0,0,28.8,22.8,19.625581853273285,26.692320993124596,26.813686702452912,44.553338819890925,1,0,1.302,1.303,60,0.58,142,48,0.58,210,142,48,0.0,1,1,0
34,24,90,6,1.3022591582993972,medium,susceptible,0,1,0.0,-1,-1,0,1,0,0,28.8,22.8,19.625581853273285,26.692320993124596,26.813686702452912,44.553338819890925,1,0,1.302,1.303,60,0.58,142,48,0.58,210,142,48,0.0,1,1,0
34,25,90,6,1.3022591582993972,medium,susceptible,0,1,0.0,-1,-1,0,1,0,0,28.8,22.8,19.625581853273285,26.692320993124596,26.813686702452912,44.553338819890925,1,0,1.302,1.303,60,0.58,142,48,0.58,210,142,48,0.0,1,1,0
34,26,90,6,1.3022591582993972,medium,susceptible,0,1,0.0,-1,-1,0,1,0,0,28.8,22.8,19.625581853273285,26.692320993124596,26.813686702452912,44.553338819890925,1,0,1.302,1.303,60,0.58,142,48,0.58,210,142,48,0.0,1,1,0
34,27,90,6,1.3022591582993972,medium,susceptible,0,1,0.0,-1,-1,0,1,0,0,28.8,22.8,19.625581853273285,26.692320993124596,26.813686702452912,44.553338819890925,1,0,1.302,1.303,60,0.58,142,48,0.58,210,142,48,0.0,1,1,0
34,28,90,6,1.3022591582993972,medium,susceptible,0,1,0.0,-1,-1,0,1,0,0,28.8,22.8,19.625581853273285,26.692320993124596,26.813686702452912,44.553338819890925,1,0,1.302,1.303,60,0.58,142,48,0.58,210,142,48,0.0,1,1,0
34,29,90,6,1.3022591582993972,medium,susceptible,0,1,0.0,-1,-1,0,1,0,0,28.8,22.8,19.625581853273285,26.692320993124596,26.813686702452912,44.553338819890925,1,0,1.302,1.303,60,0.58,142,48,0.58,210,142,48,0.0,1,1,0
34,30,90,6,1.3022591582993972,medium,susceptible,0,1,0.0,-1,-1,0,1,0,0,28.8,22.8,19.625581853273285,26.692320993124596,26.813686702452912,44.553338819890925,1,0,1.302,1.303,60,0.58,142,48,0.58,210,142,48,0.0,1,1,0
34,31,90,6,1.3022591582993972,medium,susceptible,0,1,0.0,-1,-1,0,1,0,0,28.8,22.8,19.625581853273285,26.692320993124596,26.813686702452912,44.553338819890925,1,0,1.302,1.303,60,0.58,142,48,0.58,210,142,48,0.0,1,1,0
34,32,90,6,1.3022591582993972,medium,susceptible,0,1,0.0,-1,-1,0,1,0,0,28.8,22.8,19.625581853273285,26.692320993124596,26.813686702452912,44.553338819890925,1,0,1.302,1.303,60,0.58,142,48,0.58,210,142,48,0.0,1,1,0
34,33,90,6,1.3022591582993972,medium,susceptible,0,1,0.0,-1,-1,0,1,0,0,28.8,22.8,19.625581853273285,26.692320993124596,26.813686702452912,44.553338819890925,1,0,1.302,1.303,60,0.58,142,48,0.58,210,142,48,0.0,1,1,0
34,34,90,6,1.3022591582993972,medium,susceptible,0,1,0.0,-1,-1,0,1,0,0,28.8,22.8,19.625581853273285,26.692320993124596,26.813686702452912,44.553338819890925,1,0,1.302,1.303,60,0.58,142,48,0.58,210,142,48,0.0,1,1,0
34,35,90,6,1.3022591582993972,medium,susceptible,0,1,0.0,-1,-1,0,1,0,0,28.8,22.8,19.625581853273285,26.692320993124596,26.813686702452912,44.553338819890925,1,0,1.302,1.303,60,0.58,142,48,0.58,210,142,48,0.0,1,1,0
34,36,90,6,1.3022591582993972,medium,susceptible,0,1,0.0,-1,-1,0,1,0,0,28.8,22.8,19.625581853273285,26.692320993124596,26.813686702452912,44.553338819890925,1,0,1.302,1.303,60,0.58,142,48,0.58,210,142,48,0.0,1,1,0
34,37,90,6,1.3022591582993972,medium,susceptible,0,1,0.0,-1,-1,0,1,0,0,28.8,22.8,19.625581853273285,26.692320993124596,26.813686702452912,44.553338819890925,1,0,1.302,1.303,60,0.58,142,48,0.58,210,142,48,0.0,1,1,0
34,38,90,6,1.3022591582993972,medium,susceptible,0,1,0.0,-1,-1,0,1,0,0,28.8,22.8,19.625581853273285,26.692320993124596,26.813686702452912,44.553338819890925,1,0,1.302,1.303,60,0.58,142,48,0.58,210,142,48,0.0,1,1,0
34,39,90,6,1.3022591582993972,medium,susceptible,0,1,0.0,-1,-1,0,1,0,0,28.8,22.8,19.625581853273285,26.692320993124596,26.813686702452912,44.553338819890925,1,0,1.302,1.303,60,0.58,142,48,0.58,210,142,48,0.0,1,1,0
35,0,111,1,1.3026715848457986,strong,susceptible,0,1,0.0,-1,-1,1,0,0,0,18.9,19.5,21.32590254176832,33.98028840372018,34.33129870909301,48.010415536631214,1,0,1.302,1.303,60,0.58,142,48,0.58,210,142,48,0.0,1,1,0
35,1,111,1,1.3026715848457986,strong,susceptible,0,1,0.0,-1,-1,1,0,0,0,18.9,19.5,21.32590254176832,33.98028840372018,34.33129870909301,48.010415536631214,1,0,1.302,1.303,60,0.58,142,48,0.58,210,142,48,0.0,1,1,0
35,2,111,1,1.3026715848457986,strong,susceptible,0,1,0.0,-1,-1,1,0,0,0,18.9,19.5,21.32590254176832,33.98028840372018,34.33129870909301,48.010415536631214,1,0,1.302,1.303,60,0.58,142,48,0.58,210,142,48,0.0,1,1,0
35,3,111,1,1.3026715848457986,strong,susceptible,0,1,0.0,-1,-1,1,0,0,0,18.9,19.5,21.32590254176832,33.98028840372018,34.33129870909301,48.010415536631214,1,0,1.302,1.303,60,0.58,142,48,0.58,210,142,48,0.0,1,1,0
35,4,111,1,1.3026715848457986,strong,susceptible,0,1,0.0,-1,-1,1,0,0,0,18.9,19.5,21.32590254176832,33.98028840372018,34.33129870909301,48.010415536631214,1,0,1.302,1.303,60,0.58,142,48,0.58,210,142,48,0.0,1,1,0
35,5,111,1,1.3026715848457986,strong,susceptible,0,1,0.0,-1,-1,1,0,0,0,18.9,19.5,21.32590254176832,33.98028840372018,34.33129870909301,48.010415536631214,1,0,1.302,1.303,60,0.58,142,48,0.58,210,142,48,0.0,1,1,0
35,6,111,1,1.3026715848457986,strong,susceptible,0,1,0.0,-1,-1,1,0,0,0,18.9,19.5,21.32590254176832,33.98028840372018,34.33129870909301,48.010415536631214,1,0,1.302,1.303,60,0.58,142,48,0.58,210,142,48,0.0,1,1,0
35,7,111,1,1.3026715848457986,strong,susceptible,0,1,0.0,-1,-1,1,0,0,0,18.9,19.5,21.32590254176832,33.98028840372018,34.33129870909301,48.010415536631214,1,0,1.302,1.303,60,0.58,142,48,0.58,210,142,48,0.0,1,1,0
35,8,111,1,1.3026715848457986,strong,susceptible,0,1,0.0,-1,-1,1,0,0,0,18.9,19.5,21.32590254176832,33.98028840372018,34.33129870909301,48.010415536631214,1,0,1.302,1.303,60,0.58,142,48,0.58,210,142,48,0.0,1,1,0
35,9,111,1,1.3026715848457986,strong,susceptible,0,1,0.0,-1,-1,1,0,0,0,18.9,19.5,21.32590254176832,33.98028840372018,34.33129870909301,48.010415536631214,1,0,1.302,1.303,60,0.58,142,48,0.58,210,142,48,0.0,1,1,0
35,10,111,1,1.3026715848457986,strong,susceptible,0,1,0.0,-1,-1,1,0,0,0,18.9,19.5,21.32590254176832,33.98028840372018,34.33129870909301,48.010415536631214,1,0,1.302,1.303,60,0.58,142,48,0.58,210,142,48,0.0,1,1,0
35,11,111,1,1.3026715848457986,strong,susceptible,0,1,0.0,-1,-1,1,0,0,0,18.9,19.5,21.32590254176832,33.98028840372018,34.33129870909301,48.010415536631214,1,0,1.302,1.303,60,0.58,142,48,0.58,210,142,48,0.0,1,1,0
35,12,111,1,1.3026715848457986,strong,susceptible,0,1,0.0,-1,-1,1,0,0,0,18.9,19.5,21.32590254176832,33.98028840372018,34.33129870909301,48.010415536631214,1,0,1.302,1.303,60,0.58,142,48,0.58,210,142,48,0.0,1,1,0
35,13,111,1,1.3026715848457986,strong,susceptible,0,1,0.0,-1,-1,1,0,0,0,18.9,19.5,21.32590254176832,33.98028840372018,34.33129870909301,48.010415536631214,1,0,1.302,1.303,60,0.58,142,48,0.58,210,142,48,0.0,1,1,0
35,14,111,1,1.3026715848457986,strong,susceptible,0,1,0.0,-1,-1,1,0,0,0,18.9,19.5,21.32590254176832,33.98028840372018,34.33129870909301,48.010415536631214,1,0,1.302,1.303,60,0.58,142,48,0.58,210,142,48,0.0,1,1,0
35,15,111,1,1.3026715848457986,strong,susceptible,0,1,0.0,-1,-1,1,0,0,0,18.9,19.5,21.32590254176832,33.98028840372018,34.33129870909301,48.010415536631214,1,0,1.302,1.303,60,0.58,142,48,0.58,210,142,48,0.0,1,1,0
35,16,111,1,1.3026715848457986,strong,susceptible,0,1,0.0,-1,-1,1,0,0,0,18.9,19.5,21.32590254176832,33.98028840372018,34.33129870909301,48.010415536631214,1,0,1.302,1.303,60,0.58,142,48,0.58,210,142,48,0.0,1,1,0
35,17,111,1,1.3026715848457986,strong,susceptible,0,1,0.0,-1,-1,1,0,0,0,18.9,19.5,21.32590254176832,33.98028840372018,34.33129870909301,48.010415536631214,1,0,1.302,1.303,60,0.58,142,48,0.58,210,142,48,0.0,1,1,0
35,18,111,1,1.3026715848457986,strong,susceptible,0,1,0.0,-1,-1,1,0,0,0,18.9,19.5,21.32590254176832,33.98028840372018,34.33129870909301,48.010415536631214,1,0,1.302,1.303,60,0.58,142,48,0.58,210,142,48,0.0,1,1,0
35,19,111,1,1.3026715848457986,strong,susceptible,0,1,0.0,-1,-1,1,0,0,0,18.9,19.5,21.32590254176832,33.98028840372018,34.33129870909301,48.010415536631214,1,0,1.302,1.303,60,0.58,142,48,0.58,210,142,48,0.0,1,1,0
35,20,111,1,1.3026715848457986,strong,susceptible,0,1,0.0,-1,-1,1,0,0,0,18.9,19.5,21.32590254176832,33.98028840372018,34.33129870909301,48.010415536631214,1,0,1.302,1.303,60,0.58,142,48,0.58,210,142,48,0.0,1,1,0
35,21,111,1,1.3026715848457986,strong,susceptible,0,1,0.0,-1,-1,1,0,0,0,18.9,19.5,21.32590254176832,33.98028840372018,34.33129870909301,48.010415536631214,1,0,1.302,1.303,60,0.58,142,48,0.58,210,142,48,0.0,1,1,0
35,22,111,1,1.3026715848457986,strong,susceptible,0,1,0.0,-1,-1,1,0,0,0,18.9,19.5,21.32590254176832,33.98028840372018,34.33129870909301,48.010415536631214,1,0,1.302,1.303,60,0.58,142,48,0.58,210,142,48,0.0,1,1,0
35,23,111,1,1.3026715848457986,strong,susceptible,0,1,0.0,-1,-1,1,0,0,0,18.9,19.5,21.32590254176832,33.98028840372018,34.33129870909301,48.010415536631214,1,0,1.302,1.303,60,0.58,142,48,0.58,210,142,48,0.0,1,1,0
35,24,111,1,1.3026715848457986,strong,susceptible,0,1,0.0,-1,-1,1,0,0,0,18.9,19.5,21.32590254176832,33.98028840372018,34.33129870909301,48.010415536631214,1,0,1.302,1.303,60,0.58,142,48,0.58,210,142,48,0.0,1,1,0
35,25,111,1,1.3026715848457986,strong,susceptible,0,1,0.0,-1,-1,1,0,0,0,18.9,19.5,21.32590254176832,33.98028840372018,34.33129870909301,48.010415536631214,1,0,1.302,1.303,60,0.58,142,48,0.58,210,142,48,0.0,1,1,0
35,26,111,1,1.3026715848457986,strong,susceptible,0,1,0.0,-1,-1,1,0,0,0,18.9,19.5,21.32590254176832,33.98028840372018,34.33129870909301,48.010415536631214,1,0,1.302,1.303,60,0.58,142,48,0.58,210,142,48,0.0,1,1,0
35,27,111,1,1.3026715848457986,strong,susceptible,0,1,0.0,-1,-1,1,0,0,0,18.9,19.5,21.32590254176832,33.98028840372018,34.33129870909301,48.010415536631214,1,0,1.302,1.303,60,0.58,142,48,0.58,210,142,48,0.0,1,1,0
35,28,111,1,1.3026715848457986,strong,susceptible,0,1,0.0,-1,-1,1,0,0,0,18.9,19.5,21.32590254176832,33.98028840372018,34.33129870909301,48.010415536631214,1,0,1.302,1.303,60,0.58,142,48,0.58,210,142,48,0.0,1,1,0
35,29,111,1,1.3026715848457986,strong,susceptible,0,1,0.0,-1,-1,1,0,0,0,18.9,19.5,21.32590254176832,33.98028840372018,34.33129870909301,48.010415536631214,1,0,1.302,1.303,60,0.58,142,48,0.58,210,142,48,0.0,1,1,0
35,30,111,1,1.3026715848457986,strong,susceptible,0,1,0.0,-1,-1,1,0,0,0,18.9,19.5,21.32590254176832,33.98028840372018,34.33129870909301,48.010415536631214,1,0,1.302,1.303,60,0.58,142,48,0.58,210,142,48,0.0,1,1,0
35,31,111,1,1.3026715848457986,strong,susceptible,0,1,0.0,-1,-1,1,0,0,0,18.9,19.5,21.32590254176832,33.98028840372018,34.33129870909301,48.010415536631214,1,0,1.302,1.303,60,0.58,142,48,0.58,210,142,48,0.0,1,1,0
35,32,111,1,1.3026715848457986,strong,susceptible,0,1,0.0,-1,-1,1,0,0,0,18.9,19.5,21.32590254176832,33.98028840372018,34.33129870909301,48.010415536631214,1,0,1.302,1.303,60,0.58,142,48,0.58,210,142,48,0.0,1,1,0
35,33,111,1,1.3026715848457986,strong,susceptible,0,1,0.0,-1,-1,1,0,0,0,18.9,19.5,21.32590254176832,33.98028840372018,34.33129870909301,48.010415536631214,1,0,1.302,1.303,60,0.58,142,48,0.58,210,142,48,0.0,1,1,0
35,34,111,1,1.3026715848457986,strong,susceptible,0,1,0.0,-1,-1,1,0,0,0,18.9,19.5,21.32590254176832,33.98028840372018,34.33129870909301,48.010415536631214,1,0,1.302,1.303,60,0.58,142,48,0.58,210,142,48,0.0,1,1,0
35,35,111,1,1.3026715848457986,strong,susceptible,0,1,0.0,-1,-1,1,0,0,0,18.9,19.5,21.32590254176832,33.98028840372018,34.33129870909301,48.010415536631214,1,0,1.302,1.303,60,0.58,142,48,0.58,210,142,48,0.0,1,1,0
35,36,111,1,1.3026715848457986,strong,susceptible,0,1,0.0,-1,-1,1,0,0,0,18.9,19.5,21.32590254176832,33.98028840372018,34.33129870909301,48.010415536631214,1,0,1.302,1.303,60,0.58,142,48,0.58,210,142,48,0.0,1,1,0
35,37,111,1,1.3026715848457986,strong,susceptible,0,1,0.0,-1,-1,1,0,0,0,18.9,19.5,21.32590254176832,33.98028840372018,34.33129870909301,48.010415536631214,1,0,1.302,1.303,60,0.58,142,48,0.58,210,142,48,0.0,1,1,0
35,38,111,1,1.3026715848457986,strong,susceptible,0,1,0.0,-1,-1,1,0,0,0,18.9,19.5,21.32590254176832,33.98028840372018,34.33129870909301,48.010415536631214,1,0,1.302,1.303,60,0.58,142,48,0.58,210,142,48,0.0,1,1,0
35,39,111,1,1.3026715848457986,strong,susceptible,0,1,0.0,-1,-1,1,0,0,0,18.9,19.5,21.32590254176832,33.98028840372018,34.33129870909301,48.010415536631214,1,0,1.302,1.303,60,0.58,142,48,0.58,210,142,48,0.0,1,1,0
36,0,80,8,1.3023449285102793,medium,susceptible,0,1,0.0,-1,-1,0,1,0,0,22.7,27.2,16.65836440931439,30.576625059021804,24.901888639841616,42.80186911806539,1,0,1.302,1.303,60,0.58,142,48,0.58,210,142,48,0.0,1,1,0
36,1,80,8,1.3023449285102793,medium,susceptible,0,1,0.0,-1,-1,0,1,0,0,22.7,27.2,16.65836440931439,30.576625059021804,24.901888639841616,42.80186911806539,1,0,1.302,1.303,60,0.58,142,48,0.58,210,142,48,0.0,1,1,0
36,2,80,8,1.3023449285102793,medium,susceptible,0,1,0.0,-1,-1,0,1,0,0,22.7,27.2,16.65836440931439,30.576625059021804,24.901888639841616,42.80186911806539,1,0,1.302,1.303,60,0.58,142,48,0.58,210,142,48,0.0,1,1,0
36,3,80,8,1.3023449285102793,medium,susceptible,0,1,0.0,-1,-1,0,1,0,0,22.7,27.2,16.65836440931439,30.576625059021804,24.901888639841616,42.80186911806539,1,0,1.302,1.303,60,0.58,142,48,0.58,210,142,48,0.0,1,1,0
36,4,80,8,1.3023449285102793,medium,susceptible,0,1,0.0,-1,-1,0,1,0,0,22.7,27.2,16.65836440931439,30.576625059021804,24.901888639841616,42.80186911806539,1,0,1.302,1.303,60,0.58,142,48,0.58,210,142,48,0.0,1,1,0
36,5,80,8,1.3023449285102793,medium,susceptible,0,1,0.0,-1,-1,0,1,0,0,22.7,27.2,16.65836440931439,30.576625059021804,24.901888639841616,42.80186911806539,1,0,1.302,1.303,60,0.58,142,48,0.58,210,142,48,0.0,1,1,0
36,6,80,8,1.3023449285102793,medium,susceptible,0,1,0.0,-1,-1,0,1,0,0,22.7,27.2,16.65836440931439,30.576625059021804,24.901888639841616,42.80186911806539,1,0,1.302,1.303,60,0.58,142,48,0.58,210,142,48,0.0,1,1,0
36,7,80,8,1.3023449285102793,medium,susceptible,0,1,0.0,-1,-1,0,1,0,0,22.7,27.2,16.65836440931439,30.576625059021804,24.901888639841616,42.80186911806539,1,0,1.302,1.303,60,0.58,142,48,0.58,210,142,48,0.0,1,1,0
36,8,80,8,1.3023449285102793,medium,susceptible,0,1,0.0,-1,-1,0,1,0,0,22.7,27.2,16.65836440931439,30.576625059021804,24.901888639841616,42.80186911806539,1,0,1.302,1.303,60,0.58,142,48,0.58,210,142,48,0.0,1,1,0
36,9,80,8,1.3023449285102793,medium,susceptible,0,1,0.0,-1,-1,0,1,0,0,22.7,27.2,16.65836440931439,30.576625059021804,24.901888639841616,42.80186911806539,1,0,1.302,1.303,60,0.58,142,48,0.58,210,142,48,0.0,1,1,0
36,10,80,8,1.3023449285102793,medium,susceptible,0,1,0.0,-1,-1,0,1,0,0,22.7,27.2,16.65836440931439,30.576625059021804,24.901888639841616,42.80186911806539,1,0,1.302,1.303,60,0.58,142,48,0.58,210,142,48,0.0,1,1,0
36,11,80,8,1.3023449285102793,medium,susceptible,0,1,0.0,-1,-1,0,1,0,0,22.7,27.2,16.65836440931439,30.576625059021804,24.901888639841616,42.80186911806539,1,0,1.302,1.303,60,0.58,142,48,0.58,210,142,48,0.0,1,1,0
36,12,80,8,1.3023449285102793,medium,susceptible,0,1,0.0,-1,-1,0,1,0,0,22.7,27.2,16.65836440931439,30.576625059021804,24.901888639841616,42.80186911806539,1,0,1.302,1.303,60,0.58,142,48,0.58,210,142,48,0.0,1,1,0
36,13,80,8,1.3023449285102793,medium,susceptible,0,1,0.0,-1,-1,0,1,0,0,22.7,27.2,16.65836440931439,30.576625059021804,24.901888639841616,42.80186911806539,1,0,1.302,1.303,60,0.58,142,48,0.58,210,142,48,0.0,1,1,0
36,14,80,8,1.3023449285102793,medium,susceptible,0,1,0.0,-1,-1,0,1,0,0,22.7,27.2,16.65836440931439,30.576625059021804,24.901888639841616,42.80186911806539,1,0,1.302,1.303,60,0.58,142,48,0.58,210,142,48,0.0,1,1,0
36,15,80,8,1.3023449285102793,medium,susceptible,0,1,0.0,-1,-1,0,1,0,0,22.7,27.2,16.65836440931439,30.576625059021804,24.901888639841616,42.80186911806539,1,0,1.302,1.303,60,0.58,142,48,0.58,210,142,48,0.0,1,1,0
36,17,80,8,1.3023449285102793,medium,infected,1,1,1.508,16,1,0,1,0,0,22.7,27.2,16.65836440931439,30.576625059021804,24.901888639841616,42.80186911806539,1,0,1.302,1.303,60,0.58,142,48,0.58,210,142,48,0.0,1,1,0
36,18,80,8,1.3023449285102793,medium,infected,1,1,12.172,16,2,0,1,0,0,22.7,27.2,16.65836440931439,30.576625059021804,24.901888639841616,42.80186911806539,1,0,1.302,1.303,60,0.58,142,48,0.58,210,142,48,0.0,1,1,0
36,19,80,8,1.3023449285102793,medium,infected,1,1,26.99,16,3,0,1,0,0,22.7,27.2,16.65836440931439,30.576625059021804,24.901888639841616,42.80186911806539,1,0,1.302,1.303,60,0.58,142,48,0.58,210,142,48,0.0,1,1,0
36,20,80,8,1.3023449285102793,medium,infected,1,1,37.124,16,4,0,1,0,0,22.7,27.2,16.65836440931439,30.576625059021804,24.901888639841616,42.80186911806539,1,0,1.302,1.303,60,0.58,142,48,0.58,210,142,48,0.0,1,1,0
36,22,80,8,1.3023449285102793,medium,infected,1,1,36.388,16,6,0,1,0,0,22.7,27.2,16.65836440931439,30.576625059021804,24.901888639841616,42.80186911806539,1,0,1.302,1.303,60,0.58,142,48,0.58,210,142,48,0.0,1,1,0
36,23,80,8,1.3023449285102793,medium,infected,1,1,29.993,16,7,0,1,0,0,22.7,27.2,16.65836440931439,30.576625059021804,24.901888639841616,42.80186911806539,1,0,1.302,1.303,60,0.58,142,48,0.58,210,142,48,0.0,1,1,0
36,24,80,8,1.3023449285102793,medium,infected,1,1,22.901,16,8,0,1,0,0,22.7,27.2,16.65836440931439,30.576625059021804,24.901888639841616,42.80186911806539,1,0,1.302,1.303,60,0.58,142,48,0.58,210,142,48,0.0,1,1,0
36,25,80,8,1.3023449285102793,medium,infected,1,1,16.5,16,9,0,1,0,0,22.7,27.2,16.65836440931439,30.576625059021804,24.901888639841616,42.80186911806539,1,0,1.302,1.303,60,0.58,142,48,0.58,210,142,48,0.0,1,1,0
36,26,80,8,1.3023449285102793,medium,infected,1,1,11.36,16,10,0,1,0,0,22.7,27.2,16.65836440931439,30.576625059021804,24.901888639841616,42.80186911806539,1,0,1.302,1.303,60,0.58,142,48,0.58,210,142,48,0.0,1,1,0
36,27,80,8,1.3023449285102793,medium,infected,1,1,7.539,16,11,0,1,0,0,22.7,27.2,16.65836440931439,30.576625059021804,24.901888639841616,42.80186911806539,1,0,1.302,1.303,60,0.58,142,48,0.58,210,142,48,0.0,1,1,0
36,28,80,8,1.3023449285102793,medium,infected,1,1,4.855,16,12,0,1,0,0,22.7,27.2,16.65836440931439,30.576625059021804,24.901888639841616,42.80186911806539,1,0,1.302,1.303,60,0.58,142,48,0.58,210,142,48,0.0,1,1,0
36,29,80,8,1.3023449285102793,medium,infected,1,1,3.049,16,13,0,1,0,0,22.7,27.2,16.65836440931439,30.576625059021804,24.901888639841616,42.80186911806539,1,0,1.302,1.303,60,0.58,142,48,0.58,210,142,48,0.0,1,1,0
36,30,80,8,1.3023449285102793,medium,infected,1,1,1.874,16,14,0,1,0,0,22.7,27.2,16.65836440931439,30.576625059021804,24.901888639841616,42.80186911806539,1,0,1.302,1.303,60,0.58,142,48,0.58,210,142,48,0.0,1,1,0
36,31,80,8,1.3023449285102793,medium,infected,1,1,1.131,16,15,0,1,0,0,22.7,27.2,16.65836440931439,30.576625059021804,24.901888639841616,42.80186911806539,1,0,1.302,1.303,60,0.58,142,48,0.58,210,142,48,0.0,1,1,0
36,32,80,8,1.3023449285102793,medium,infected,1,1,0.672,16,16,0,1,0,0,22.7,27.2,16.65836440931439,30.576625059021804,24.901888639841616,42.80186911806539,1,0,1.302,1.303,60,0.58,142,48,0.58,210,142,48,0.0,1,1,0
36,33,80,8,1.3023449285102793,medium,recovered,2,1,0.62,16,17,0,1,0,0,22.7,27.2,16.65836440931439,30.576625059021804,24.901888639841616,42.80186911806539,1,0,1.302,1.303,60,0.58,142,48,0.58,210,142,48,0.0,1,1,0
36,34,80,8,1.3023449285102793,medium,recovered,2,1,0.62,16,18,0,1,0,0,22.7,27.2,16.65836440931439,30.576625059021804,24.901888639841616,42.80186911806539,1,0,1.302,1.303,60,0.58,142,48,0.58,210,142,48,0.0,1,1,0
36,35,80,8,1.3023449285102793,medium,recovered,2,1,0.62,16,19,0,1,0,0,22.7,27.2,16.65836440931439,30.576625059021804,24.901888639841616,42.80186911806539,1,0,1.302,1.303,60,0.58,142,48,0.58,210,142,48,0.0,1,1,0
36,36,80,8,1.3023449285102793,medium,recovered,2,1,0.62,16,20,0,1,0,0,22.7,27.2,16.65836440931439,30.576625059021804,24.901888639841616,42.80186911806539,1,0,1.302,1.303,60,0.58,142,48,0.58,210,142,48,0.0,1,1,0
36,37,80,8,1.3023449285102793,medium,recovered,2,1,0.62,16,21,0,1,0,0,22.7,27.2,16.65836440931439,30.576625059021804,24.901888639841616,42.80186911806539,1,0,1.302,1.303,60,0.58,142,48,0.58,210,142,48,0.0,1,1,0
36,38,80,8,1.3023449285102793,medium,recovered,2,1,0.62,16,22,0,1,0,0,22.7,27.2,16.65836440931439,30.576625059021804,24.901888639841616,42.80186911806539,1,0,1.302,1.303,60,0.58,142,48,0.58,210,142,48,0.0,1,1,0
36,39,80,8,1.3023449285102793,medium,recovered,2,1,0.62,16,23,0,1,0,0,22.7,27.2,16.65836440931439,30.576625059021804,24.901888639841616,42.80186911806539,1,0,1.302,1.303,60,0.58,142,48,0.58,210,142,48,0.0,1,1,0
37,0,156,9,1.3027590860206033,medium,susceptible,0,1,0.0,-1,-1,0,1,0,0,16.9,22.8,18.39820297101402,36.003472054789384,22.15428095736944,53.75872022286245,1,0,1.302,1.303,60,0.58,142,48,0.58,210,142,48,0.0,1,1,0
37,1,156,9,1.3027590860206033,medium,susceptible,0,1,0.0,-1,-1,0,1,0,0,16.9,22.8,18.39820297101402,36.003472054789384,22.15428095736944,53.75872022286245,1,0,1.302,1.303,60,0.58,142,48,0.58,210,142,48,0.0,1,1,0
37,2,156,9,1.3027590860206033,medium,susceptible,0,1,0.0,-1,-1,0,1,0,0,16.9,22.8,18.39820297101402,36.003472054789384,22.15428095736944,53.75872022286245,1,0,1.302,1.303,60,0.58,142,48,0.58,210,142,48,0.0,1,1,0
37,3,156,9,1.3027590860206033,medium,susceptible,0,1,0.0,-1,-1,0,1,0,0,16.9,22.8,18.39820297101402,36.003472054789384,22.15428095736944,53.75872022286245,1,0,1.302,1.303,60,0.58,142,48,0.58,210,142,48,0.0,1,1,0
37,4,156,9,1.3027590860206033,medium,susceptible,0,1,0.0,-1,-1,0,1,0,0,16.9,22.8,18.39820297101402,36.003472054789384,22.15428095736944,53.75872022286245,1,0,1.302,1.303,60,0.58,142,48,0.58,210,142,48,0.0,1,1,0
37,5,156,9,1.3027590860206033,medium,susceptible,0,1,0.0,-1,-1,0,1,0,0,16.9,22.8,18.39820297101402,36.003472054789384,22.15428095736944,53.75872022286245,1,0,1.302,1.303,60,0.58,142,48,0.58,210,142,48,0.0,1,1,0
37,6,156,9,1.3027590860206033,medium,susceptible,0,1,0.0,-1,-1,0,1,0,0,16.9,22.8,18.39820297101402,36.003472054789384,22.15428095736944,53.75872022286245,1,0,1.302,1.303,60,0.58,142,48,0.58,210,142,48,0.0,1,1,0
37,7,156,9,1.3027590860206033,medium,susceptible,0,1,0.0,-1,-1,0,1,0,0,16.9,22.8,18.39820297101402,36.003472054789384,22.15428095736944,53.75872022286245,1,0,1.302,1.303,60,0.58,142,48,0.58,210,142,48,0.0,1,1,0
37,8,156,9,1.3027590860206033,medium,susceptible,0,1,0.0,-1,-1,0,1,0,0,16.9,22.8,18.39820297101402,36.003472054789384,22.15428095736944,53.75872022286245,1,0,1.302,1.303,60,0.58,142,48,0.58,210,142,48,0.0,1,1,0
37,9,156,9,1.3027590860206033,medium,susceptible,0,1,0.0,-1,-1,0,1,0,0,16.9,22.8,18.39820297101402,36.003472054789384,22.15428095736944,53.75872022286245,1,0,1.302,1.303,60,0.58,142,48,0.58,210,142,48,0.0,1,1,0
37,10,156,9,1.3027590860206033,medium,susceptible,0,1,0.0,-1,-1,0,1,0,0,16.9,22.8,18.39820297101402,36.003472054789384,22.15428095736944,53.75872022286245,1,0,1.302,1.303,60,0.58,142,48,0.58,210,142,48,0.0,1,1,0
37,11,156,9,1.3027590860206033,medium,susceptible,0,1,0.0,-1,-1,0,1,0,0,16.9,22.8,18.39820297101402,36.003472054789384,22.15428095736944,53.75872022286245,1,0,1.302,1.303,60,0.58,142,48,0.58,210,142,48,0.0,1,1,0
37,12,156,9,1.3027590860206033,medium,susceptible,0,1,0.0,-1,-1,0,1,0,0,16.9,22.8,18.39820297101402,36.003472054789384,22.15428095736944,53.75872022286245,1,0,1.302,1.303,60,0.58,142,48,0.58,210,142,48,0.0,1,1,0
37,13,156,9,1.3027590860206033,medium,susceptible,0,1,0.0,-1,-1,0,1,0,0,16.9,22.8,18.39820297101402,36.003472054789384,22.15428095736944,53.75872022286245,1,0,1.302,1.303,60,0.58,142,48,0.58,210,142,48,0.0,1,1,0
37,14,156,9,1.3027590860206033,medium,susceptible,0,1,0.0,-1,-1,0,1,0,0,16.9,22.8,18.39820297101402,36.003472054789384,22.15428095736944,53.75872022286245,1,0,1.302,1.303,60,0.58,142,48,0.58,210,142,48,0.0,1,1,0
37,15,156,9,1.3027590860206033,medium,susceptible,0,1,0.0,-1,-1,0,1,0,0,16.9,22.8,18.39820297101402,36.003472054789384,22.15428095736944,53.75872022286245,1,0,1.302,1.303,60,0.58,142,48,0.58,210,142,48,0.0,1,1,0
37,16,156,9,1.3027590860206033,medium,susceptible,0,1,0.0,-1,-1,0,1,0,0,16.9,22.8,18.39820297101402,36.003472054789384,22.15428095736944,53.75872022286245,1,0,1.302,1.303,60,0.58,142,48,0.58,210,142,48,0.0,1,1,0
37,17,156,9,1.3027590860206033,medium,susceptible,0,1,0.0,-1,-1,0,1,0,0,16.9,22.8,18.39820297101402,36.003472054789384,22.15428095736944,53.75872022286245,1,0,1.302,1.303,60,0.58,142,48,0.58,210,142,48,0.0,1,1,0
37,18,156,9,1.3027590860206033,medium,susceptible,0,1,0.0,-1,-1,0,1,0,0,16.9,22.8,18.39820297101402,36.003472054789384,22.15428095736944,53.75872022286245,1,0,1.302,1.303,60,0.58,142,48,0.58,210,142,48,0.0,1,1,0
37,19,156,9,1.3027590860206033,medium,susceptible,0,1,0.0,-1,-1,0,1,0,0,16.9,22.8,18.39820297101402,36.003472054789384,22.15428095736944,53.75872022286245,1,0,1.302,1.303,60,0.58,142,48,0.58,210,142,48,0.0,1,1,0
37,21,156,9,1.3027590860206033,medium,infected,1,1,2.113,20,1,0,1,0,0,16.9,22.8,18.39820297101402,36.003472054789384,22.15428095736944,53.75872022286245,1,0,1.302,1.303,60,0.58,142,48,0.58,210,142,48,0.0,1,1,0
37,22,156,9,1.3027590860206033,medium,infected,1,1,13.645,20,2,0,1,0,0,16.9,22.8,18.39820297101402,36.003472054789384,22.15428095736944,53.75872022286245,1,0,1.302,1.303,60,0.58,142,48,0.58,210,142,48,0.0,1,1,0
37,23,156,9,1.3027590860206033,medium,infected,1,1,28.312,20,3,0,1,0,0,16.9,22.8,18.39820297101402,36.003472054789384,22.15428095736944,53.75872022286245,1,0,1.302,1.303,60,0.58,142,48,0.58,210,142,48,0.0,1,1,0
37,25,156,9,1.3027590860206033,medium,infected,1,1,39.61,20,5,0,1,0,0,16.9,22.8,18.39820297101402,36.003472054789384,22.15428095736944,53.75872022286245,1,0,1.302,1.303,60,0.58,142,48,0.58,210,142,48,0.0,1,1,0
37,26,156,9,1.3027590860206033,medium,infected,1,1,35.841,20,6,0,1,0,0,16.9,22.8,18.39820297101402,36.003472054789384,22.15428095736944,53.75872022286245,1,0,1.302,1.303,60,0.58,142,48,0.58,210,142,48,0.0,1,1,0
37,27,156,9,1.3027590860206033,medium,infected,1,1,29.285,20,7,0,1,0,0,16.9,22.8,18.39820297101402,36.003472054789384,22.15428095736944,53.75872022286245,1,0,1.302,1.303,60,0.58,142,48,0.58,210,142,48,0.0,1,1,0
37,28,156,9,1.3027590860206033,medium,infected,1,1,22.215,20,8,0,1,0,0,16.9,22.8,18.39820297101402,36.003472054789384,22.15428095736944,53.75872022286245,1,0,1.302,1.303,60,0.58,142,48,0.58,210,142,48,0.0,1,1,0
37,29,156,9,1.3027590860206033,medium,infected,1,1,15.925,20,9,0,1,0,0,16.9,22.8,18.39820297101402,36.003472054789384,22.15428095736944,53.75872022286245,1,0,1.302,1.303,60,0.58,142,48,0.58,210,142,48,0.0,1,1,0
37,30,156,9,1.3027590860206033,medium,infected,1,1,10.92,20,10,0,1,0,0,16.9,22.8,18.39820297101402,36.003472054789384,22.15428095736944,53.75872022286245,1,0,1.302,1.303,60,0.58,142,48,0.58,210,142,48,0.0,1,1,0
37,31,156,9,1.3027590860206033,medium,infected,1,1,7.224,20,11,0,1,0,0,16.9,22.8,18.39820297101402,36.003472054789384,22.15428095736944,53.75872022286245,1,0,1.302,1.303,60,0.58,142,48,0.58,210,142,48,0.0,1,1,0
37,32,156,9,1.3027590860206033,medium,infected,1,1,4.64,20,12,0,1,0,0,16.9,22.8,18.39820297101402,36.003472054789384,22.15428095736944,53.75872022286245,1,0,1.302,1.303,60,0.58,142,48,0.58,210,142,48,0.0,1,1,0
37,33,156,9,1.3027590860206033,medium,infected,1,1,2.907,20,13,0,1,0,0,16.9,22.8,18.39820297101402,36.003472054789384,22.15428095736944,53.75872022286245,1,0,1.302,1.303,60,0.58,142,48,0.58,210,142,48,0.0,1,1,0
37,34,156,9,1.3027590860206033,medium,infected,1,1,1.783,20,14,0,1,0,0,16.9,22.8,18.39820297101402,36.003472054789384,22.15428095736944,53.75872022286245,1,0,1.302,1.303,60,0.58,142,48,0.58,210,142,48,0.0,1,1,0
37,35,156,9,1.3027590860206033,medium,infected,1,1,1.074,20,15,0,1,0,0,16.9,22.8,18.39820297101402,36.003472054789384,22.15428095736944,53.75872022286245,1,0,1.302,1.303,60,0.58,142,48,0.58,210,142,48,0.0,1,1,0
37,36,156,9,1.3027590860206033,medium,infected,1,1,0.637,20,16,0,1,0,0,16.9,22.8,18.39820297101402,36.003472054789384,22.15428095736944,53.75872022286245,1,0,1.302,1.303,60,0.58,142,48,0.58,210,142,48,0.0,1,1,0
37,37,156,9,1.3027590860206033,medium,recovered,2,1,0.62,20,17,0,1,0,0,16.9,22.8,18.39820297101402,36.003472054789384,22.15428095736944,53.75872022286245,1,0,1.302,1.303,60,0.58,142,48,0.58,210,142,48,0.0,1,1,0
37,38,156,9,1.3027590860206033,medium,recovered,2,1,0.62,20,18,0,1,0,0,16.9,22.8,18.39820297101402,36.003472054789384,22.15428095736944,53.75872022286245,1,0,1.302,1.303,60,0.58,142,48,0.58,210,142,48,0.0,1,1,0
37,39,156,9,1.3027590860206033,medium,recovered,2,1,0.62,20,19,0,1,0,0,16.9,22.8,18.39820297101402,36.003472054789384,22.15428095736944,53.75872022286245,1,0,1.302,1.303,60,0.58,142,48,0.58,210,142,48,0.0,1,1,0
38,0,163,6,1.302168314760311,strong,susceptible,0,1,0.0,-1,-1,1,0,0,0,31.1,20.7,21.24442841843466,29.88143236192,26.510602732208476,50.53711507397311,1,0,1.302,1.303,60,0.58,142,48,0.58,210,142,48,0.0,1,1,0
38,1,163,6,1.302168314760311,strong,susceptible,0,1,0.0,-1,-1,1,0,0,0,31.1,20.7,21.24442841843466,29.88143236192,26.510602732208476,50.53711507397311,1,0,1.302,1.303,60,0.58,142,48,0.58,210,142,48,0.0,1,1,0
38,2,163,6,1.302168314760311,strong,susceptible,0,1,0.0,-1,-1,1,0,0,0,31.1,20.7,21.24442841843466,29.88143236192,26.510602732208476,50.53711507397311,1,0,1.302,1.303,60,0.58,142,48,0.58,210,142,48,0.0,1,1,0
38,3,163,6,1.302168314760311,strong,susceptible,0,1,0.0,-1,-1,1,0,0,0,31.1,20.7,21.24442841843466,29.88143236192,26.510602732208476,50.53711507397311,1,0,1.302,1.303,60,0.58,142,48,0.58,210,142,48,0.0,1,1,0
38,4,163,6,1.302168314760311,strong,susceptible,0,1,0.0,-1,-1,1,0,0,0,31.1,20.7,21.24442841843466,29.88143236192,26.510602732208476,50.53711507397311,1,0,1.302,1.303,60,0.58,142,48,0.58,210,142,48,0.0,1,1,0
38,5,163,6,1.302168314760311,strong,susceptible,0,1,0.0,-1,-1,1,0,0,0,31.1,20.7,21.24442841843466,29.88143236192,26.510602732208476,50.53711507397311,1,0,1.302,1.303,60,0.58,142,48,0.58,210,142,48,0.0,1,1,0
38,6,163,6,1.302168314760311,strong,susceptible,0,1,0.0,-1,-1,1,0,0,0,31.1,20.7,21.24442841843466,29.88143236192,26.510602732208476,50.53711507397311,1,0,1.302,1.303,60,0.58,142,48,0.58,210,142,48,0.0,1,1,0
38,7,163,6,1.302168314760311,strong,susceptible,0,1,0.0,-1,-1,1,0,0,0,31.1,20.7,21.24442841843466,29.88143236192,26.510602732208476,50.53711507397311,1,0,1.302,1.303,60,0.58,142,48,0.58,210,142,48,0.0,1,1,0
38,8,163,6,1.302168314760311,strong,susceptible,0,1,0.0,-1,-1,1,0,0,0,31.1,20.7,21.24442841843466,29.88143236192,26.510602732208476,50.53711507397311,1,0,1.302,1.303,60,0.58,142,48,0.58,210,142,48,0.0,1,1,0
38,9,163,6,1.302168314760311,strong,susceptible,0,1,0.0,-1,-1,1,0,0,0,31.1,20.7,21.24442841843466,29.88143236192,26.510602732208476,50.53711507397311,1,0,1.302,1.303,60,0.58,142,48,0.58,210,142,48,0.0,1,1,0
38,10,163,6,1.302168314760311,strong,susceptible,0,1,0.0,-1,-1,1,0,0,0,31.1,20.7,21.24442841843466,29.88143236192,26.510602732208476,50.53711507397311,1,0,1.302,1.303,60,0.58,142,48,0.58,210,142,48,0.0,1,1,0
38,11,163,6,1.302168314760311,strong,susceptible,0,1,0.0,-1,-1,1,0,0,0,31.1,20.7,21.24442841843466,29.88143236192,26.510602732208476,50.53711507397311,1,0,1.302,1.303,60,0.58,142,48,0.58,210,142,48,0.0,1,1,0
38,12,163,6,1.302168314760311,strong,susceptible,0,1,0.0,-1,-1,1,0,0,0,31.1,20.7,21.24442841843466,29.88143236192,26.510602732208476,50.53711507397311,1,0,1.302,1.303,60,0.58,142,48,0.58,210,142,48,0.0,1,1,0
38,13,163,6,1.302168314760311,strong,susceptible,0,1,0.0,-1,-1,1,0,0,0,31.1,20.7,21.24442841843466,29.88143236192,26.510602732208476,50.53711507397311,1,0,1.302,1.303,60,0.58,142,48,0.58,210,142,48,0.0,1,1,0
38,14,163,6,1.302168314760311,strong,susceptible,0,1,0.0,-1,-1,1,0,0,0,31.1,20.7,21.24442841843466,29.88143236192,26.510602732208476,50.53711507397311,1,0,1.302,1.303,60,0.58,142,48,0.58,210,142,48,0.0,1,1,0
38,15,163,6,1.302168314760311,strong,susceptible,0,1,0.0,-1,-1,1,0,0,0,31.1,20.7,21.24442841843466,29.88143236192,26.510602732208476,50.53711507397311,1,0,1.302,1.303,60,0.58,142,48,0.58,210,142,48,0.0,1,1,0
38,16,163,6,1.302168314760311,strong,susceptible,0,1,0.0,-1,-1,1,0,0,0,31.1,20.7,21.24442841843466,29.88143236192,26.510602732208476,50.53711507397311,1,0,1.302,1.303,60,0.58,142,48,0.58,210,142,48,0.0,1,1,0
38,17,163,6,1.302168314760311,strong,susceptible,0,1,0.0,-1,-1,1,0,0,0,31.1,20.7,21.24442841843466,29.88143236192,26.510602732208476,50.53711507397311,1,0,1.302,1.303,60,0.58,142,48,0.58,210,142,48,0.0,1,1,0
38,18,163,6,1.302168314760311,strong,susceptible,0,1,0.0,-1,-1,1,0,0,0,31.1,20.7,21.24442841843466,29.88143236192,26.510602732208476,50.53711507397311,1,0,1.302,1.303,60,0.58,142,48,0.58,210,142,48,0.0,1,1,0
38,19,163,6,1.302168314760311,strong,susceptible,0,1,0.0,-1,-1,1,0,0,0,31.1,20.7,21.24442841843466,29.88143236192,26.510602732208476,50.53711507397311,1,0,1.302,1.303,60,0.58,142,48,0.58,210,142,48,0.0,1,1,0
38,20,163,6,1.302168314760311,strong,susceptible,0,1,0.0,-1,-1,1,0,0,0,31.1,20.7,21.24442841843466,29.88143236192,26.510602732208476,50.53711507397311,1,0,1.302,1.303,60,0.58,142,48,0.58,210,142,48,0.0,1,1,0
38,21,163,6,1.302168314760311,strong,susceptible,0,1,0.0,-1,-1,1,0,0,0,31.1,20.7,21.24442841843466,29.88143236192,26.510602732208476,50.53711507397311,1,0,1.302,1.303,60,0.58,142,48,0.58,210,142,48,0.0,1,1,0
38,22,163,6,1.302168314760311,strong,susceptible,0,1,0.0,-1,-1,1,0,0,0,31.1,20.7,21.24442841843466,29.88143236192,26.510602732208476,50.53711507397311,1,0,1.302,1.303,60,0.58,142,48,0.58,210,142,48,0.0,1,1,0
38,23,163,6,1.302168314760311,strong,susceptible,0,1,0.0,-1,-1,1,0,0,0,31.1,20.7,21.24442841843466,29.88143236192,26.510602732208476,50.53711507397311,1,0,1.302,1.303,60,0.58,142,48,0.58,210,142,48,0.0,1,1,0
38,24,163,6,1.302168314760311,strong,susceptible,0,1,0.0,-1,-1,1,0,0,0,31.1,20.7,21.24442841843466,29.88143236192,26.510602732208476,50.53711507397311,1,0,1.302,1.303,60,0.58,142,48,0.58,210,142,48,0.0,1,1,0
38,25,163,6,1.302168314760311,strong,susceptible,0,1,0.0,-1,-1,1,0,0,0,31.1,20.7,21.24442841843466,29.88143236192,26.510602732208476,50.53711507397311,1,0,1.302,1.303,60,0.58,142,48,0.58,210,142,48,0.0,1,1,0
38,26,163,6,1.302168314760311,strong,susceptible,0,1,0.0,-1,-1,1,0,0,0,31.1,20.7,21.24442841843466,29.88143236192,26.510602732208476,50.53711507397311,1,0,1.302,1.303,60,0.58,142,48,0.58,210,142,48,0.0,1,1,0
38,27,163,6,1.302168314760311,strong,susceptible,0,1,0.0,-1,-1,1,0,0,0,31.1,20.7,21.24442841843466,29.88143236192,26.510602732208476,50.53711507397311,1,0,1.302,1.303,60,0.58,142,48,0.58,210,142,48,0.0,1,1,0
38,28,163,6,1.302168314760311,strong,susceptible,0,1,0.0,-1,-1,1,0,0,0,31.1,20.7,21.24442841843466,29.88143236192,26.510602732208476,50.53711507397311,1,0,1.302,1.303,60,0.58,142,48,0.58,210,142,48,0.0,1,1,0
38,29,163,6,1.302168314760311,strong,susceptible,0,1,0.0,-1,-1,1,0,0,0,31.1,20.7,21.24442841843466,29.88143236192,26.510602732208476,50.53711507397311,1,0,1.302,1.303,60,0.58,142,48,0.58,210,142,48,0.0,1,1,0
38,30,163,6,1.302168314760311,strong,susceptible,0,1,0.0,-1,-1,1,0,0,0,31.1,20.7,21.24442841843466,29.88143236192,26.510602732208476,50.53711507397311,1,0,1.302,1.303,60,0.58,142,48,0.58,210,142,48,0.0,1,1,0
38,31,163,6,1.302168314760311,strong,susceptible,0,1,0.0,-1,-1,1,0,0,0,31.1,20.7,21.24442841843466,29.88143236192,26.510602732208476,50.53711507397311,1,0,1.302,1.303,60,0.58,142,48,0.58,210,142,48,0.0,1,1,0
38,32,163,6,1.302168314760311,strong,susceptible,0,1,0.0,-1,-1,1,0,0,0,31.1,20.7,21.24442841843466,29.88143236192,26.510602732208476,50.53711507397311,1,0,1.302,1.303,60,0.58,142,48,0.58,210,142,48,0.0,1,1,0
38,33,163,6,1.302168314760311,strong,susceptible,0,1,0.0,-1,-1,1,0,0,0,31.1,20.7,21.24442841843466,29.88143236192,26.510602732208476,50.53711507397311,1,0,1.302,1.303,60,0.58,142,48,0.58,210,142,48,0.0,1,1,0
38,34,163,6,1.302168314760311,strong,susceptible,0,1,0.0,-1,-1,1,0,0,0,31.1,20.7,21.24442841843466,29.88143236192,26.510602732208476,50.53711507397311,1,0,1.302,1.303,60,0.58,142,48,0.58,210,142,48,0.0,1,1,0
38,35,163,6,1.302168314760311,strong,susceptible,0,1,0.0,-1,-1,1,0,0,0,31.1,20.7,21.24442841843466,29.88143236192,26.510602732208476,50.53711507397311,1,0,1.302,1.303,60,0.58,142,48,0.58,210,142,48,0.0,1,1,0
38,36,163,6,1.302168314760311,strong,susceptible,0,1,0.0,-1,-1,1,0,0,0,31.1,20.7,21.24442841843466,29.88143236192,26.510602732208476,50.53711507397311,1,0,1.302,1.303,60,0.58,142,48,0.58,210,142,48,0.0,1,1,0
38,37,163,6,1.302168314760311,strong,susceptible,0,1,0.0,-1,-1,1,0,0,0,31.1,20.7,21.24442841843466,29.88143236192,26.510602732208476,50.53711507397311,1,0,1.302,1.303,60,0.58,142,48,0.58,210,142,48,0.0,1,1,0
38,38,163,6,1.302168314760311,strong,susceptible,0,1,0.0,-1,-1,1,0,0,0,31.1,20.7,21.24442841843466,29.88143236192,26.510602732208476,50.53711507397311,1,0,1.302,1.303,60,0.58,142,48,0.58,210,142,48,0.0,1,1,0
39,0,52,9,1.3022927345609043,strong,susceptible,0,1,0.0,-1,-1,1,0,0,0,26.7,24.6,17.24149974708419,30.978218154051405,29.038862185583802,45.48626166217664,1,0,1.302,1.303,60,0.58,142,48,0.58,210,142,48,0.0,1,1,0
39,1,52,9,1.3022927345609043,strong,susceptible,0,1,0.0,-1,-1,1,0,0,0,26.7,24.6,17.24149974708419,30.978218154051405,29.038862185583802,45.48626166217664,1,0,1.302,1.303,60,0.58,142,48,0.58,210,142,48,0.0,1,1,0
39,2,52,9,1.3022927345609043,strong,susceptible,0,1,0.0,-1,-1,1,0,0,0,26.7,24.6,17.24149974708419,30.978218154051405,29.038862185583802,45.48626166217664,1,0,1.302,1.303,60,0.58,142,48,0.58,210,142,48,0.0,1,1,0
39,3,52,9,1.3022927345609043,strong,susceptible,0,1,0.0,-1,-1,1,0,0,0,26.7,24.6,17.24149974708419,30.978218154051405,29.038862185583802,45.48626166217664,1,0,1.302,1.303,60,0.58,142,48,0.58,210,142,48,0.0,1,1,0
39,4,52,9,1.3022927345609043,strong,susceptible,0,1,0.0,-1,-1,1,0,0,0,26.7,24.6,17.24149974708419,30.978218154051405,29.038862185583802,45.48626166217664,1,0,1.302,1.303,60,0.58,142,48,0.58,210,142,48,0.0,1,1,0
39,5,52,9,1.3022927345609043,strong,susceptible,0,1,0.0,-1,-1,1,0,0,0,26.7,24.6,17.24149974708419,30.978218154051405,29.038862185583802,45.48626166217664,1,0,1.302,1.303,60,0.58,142,48,0.58,210,142,48,0.0,1,1,0
39,6,52,9,1.3022927345609043,strong,susceptible,0,1,0.0,-1,-1,1,0,0,0,26.7,24.6,17.24149974708419,30.978218154051405,29.038862185583802,45.48626166217664,1,0,1.302,1.303,60,0.58,142,48,0.58,210,142,48,0.0,1,1,0
39,7,52,9,1.3022927345609043,strong,susceptible,0,1,0.0,-1,-1,1,0,0,0,26.7,24.6,17.24149974708419,30.978218154051405,29.038862185583802,45.48626166217664,1,0,1.302,1.303,60,0.58,142,48,0.58,210,142,48,0.0,1,1,0
39,8,52,9,1.3022927345609043,strong,susceptible,0,1,0.0,-1,-1,1,0,0,0,26.7,24.6,17.24149974708419,30.978218154051405,29.038862185583802,45.48626166217664,1,0,1.302,1.303,60,0.58,142,48,0.58,210,142,48,0.0,1,1,0
39,9,52,9,1.3022927345609043,strong,susceptible,0,1,0.0,-1,-1,1,0,0,0,26.7,24.6,17.24149974708419,30.978218154051405,29.038862185583802,45.48626166217664,1,0,1.302,1.303,60,0.58,142,48,0.58,210,142,48,0.0,1,1,0
39,10,52,9,1.3022927345609043,strong,susceptible,0,1,0.0,-1,-1,1,0,0,0,26.7,24.6,17.24149974708419,30.978218154051405,29.038862185583802,45.48626166217664,1,0,1.302,1.303,60,0.58,142,48,0.58,210,142,48,0.0,1,1,0
39,11,52,9,1.3022927345609043,strong,susceptible,0,1,0.0,-1,-1,1,0,0,0,26.7,24.6,17.24149974708419,30.978218154051405,29.038862185583802,45.48626166217664,1,0,1.302,1.303,60,0.58,142,48,0.58,210,142,48,0.0,1,1,0
39,12,52,9,1.3022927345609043,strong,susceptible,0,1,0.0,-1,-1,1,0,0,0,26.7,24.6,17.24149974708419,30.978218154051405,29.038862185583802,45.48626166217664,1,0,1.302,1.303,60,0.58,142,48,0.58,210,142,48,0.0,1,1,0
39,13,52,9,1.3022927345609043,strong,susceptible,0,1,0.0,-1,-1,1,0,0,0,26.7,24.6,17.24149974708419,30.978218154051405,29.038862185583802,45.48626166217664,1,0,1.302,1.303,60,0.58,142,48,0.58,210,142,48,0.0,1,1,0
39,14,52,9,1.3022927345609043,strong,susceptible,0,1,0.0,-1,-1,1,0,0,0,26.7,24.6,17.24149974708419,30.978218154051405,29.038862185583802,45.48626166217664,1,0,1.302,1.303,60,0.58,142,48,0.58,210,142,48,0.0,1,1,0
39,15,52,9,1.3022927345609043,strong,susceptible,0,1,0.0,-1,-1,1,0,0,0,26.7,24.6,17.24149974708419,30.978218154051405,29.038862185583802,45.48626166217664,1,0,1.302,1.303,60,0.58,142,48,0.58,210,142,48,0.0,1,1,0
39,16,52,9,1.3022927345609043,strong,susceptible,0,1,0.0,-1,-1,1,0,0,0,26.7,24.6,17.24149974708419,30.978218154051405,29.038862185583802,45.48626166217664,1,0,1.302,1.303,60,0.58,142,48,0.58,210,142,48,0.0,1,1,0
39,17,52,9,1.3022927345609043,strong,susceptible,0,1,0.0,-1,-1,1,0,0,0,26.7,24.6,17.24149974708419,30.978218154051405,29.038862185583802,45.48626166217664,1,0,1.302,1.303,60,0.58,142,48,0.58,210,142,48,0.0,1,1,0
39,18,52,9,1.3022927345609043,strong,susceptible,0,1,0.0,-1,-1,1,0,0,0,26.7,24.6,17.24149974708419,30.978218154051405,29.038862185583802,45.48626166217664,1,0,1.302,1.303,60,0.58,142,48,0.58,210,142,48,0.0,1,1,0
39,19,52,9,1.3022927345609043,strong,susceptible,0,1,0.0,-1,-1,1,0,0,0,26.7,24.6,17.24149974708419,30.978218154051405,29.038862185583802,45.48626166217664,1,0,1.302,1.303,60,0.58,142,48,0.58,210,142,48,0.0,1,1,0
39,20,52,9,1.3022927345609043,strong,susceptible,0,1,0.0,-1,-1,1,0,0,0,26.7,24.6,17.24149974708419,30.978218154051405,29.038862185583802,45.48626166217664,1,0,1.302,1.303,60,0.58,142,48,0.58,210,142,48,0.0,1,1,0
39,21,52,9,1.3022927345609043,strong,susceptible,0,1,0.0,-1,-1,1,0,0,0,26.7,24.6,17.24149974708419,30.978218154051405,29.038862185583802,45.48626166217664,1,0,1.302,1.303,60,0.58,142,48,0.58,210,142,48,0.0,1,1,0
39,22,52,9,1.3022927345609043,strong,susceptible,0,1,0.0,-1,-1,1,0,0,0,26.7,24.6,17.24149974708419,30.978218154051405,29.038862185583802,45.48626166217664,1,0,1.302,1.303,60,0.58,142,48,0.58,210,142,48,0.0,1,1,0
39,23,52,9,1.3022927345609043,strong,susceptible,0,1,0.0,-1,-1,1,0,0,0,26.7,24.6,17.24149974708419,30.978218154051405,29.038862185583802,45.48626166217664,1,0,1.302,1.303,60,0.58,142,48,0.58,210,142,48,0.0,1,1,0
39,24,52,9,1.3022927345609043,strong,susceptible,0,1,0.0,-1,-1,1,0,0,0,26.7,24.6,17.24149974708419,30.978218154051405,29.038862185583802,45.48626166217664,1,0,1.302,1.303,60,0.58,142,48,0.58,210,142,48,0.0,1,1,0
39,25,52,9,1.3022927345609043,strong,susceptible,0,1,0.0,-1,-1,1,0,0,0,26.7,24.6,17.24149974708419,30.978218154051405,29.038862185583802,45.48626166217664,1,0,1.302,1.303,60,0.58,142,48,0.58,210,142,48,0.0,1,1,0
39,26,52,9,1.3022927345609043,strong,susceptible,0,1,0.0,-1,-1,1,0,0,0,26.7,24.6,17.24149974708419,30.978218154051405,29.038862185583802,45.48626166217664,1,0,1.302,1.303,60,0.58,142,48,0.58,210,142,48,0.0,1,1,0
39,27,52,9,1.3022927345609043,strong,susceptible,0,1,0.0,-1,-1,1,0,0,0,26.7,24.6,17.24149974708419,30.978218154051405,29.038862185583802,45.48626166217664,1,0,1.302,1.303,60,0.58,142,48,0.58,210,142,48,0.0,1,1,0
39,28,52,9,1.3022927345609043,strong,susceptible,0,1,0.0,-1,-1,1,0,0,0,26.7,24.6,17.24149974708419,30.978218154051405,29.038862185583802,45.48626166217664,1,0,1.302,1.303,60,0.58,142,48,0.58,210,142,48,0.0,1,1,0
39,29,52,9,1.3022927345609043,strong,susceptible,0,1,0.0,-1,-1,1,0,0,0,26.7,24.6,17.24149974708419,30.978218154051405,29.038862185583802,45.48626166217664,1,0,1.302,1.303,60,0.58,142,48,0.58,210,142,48,0.0,1,1,0
39,30,52,9,1.3022927345609043,strong,susceptible,0,1,0.0,-1,-1,1,0,0,0,26.7,24.6,17.24149974708419,30.978218154051405,29.038862185583802,45.48626166217664,1,0,1.302,1.303,60,0.58,142,48,0.58,210,142,48,0.0,1,1,0
39,31,52,9,1.3022927345609043,strong,susceptible,0,1,0.0,-1,-1,1,0,0,0,26.7,24.6,17.24149974708419,30.978218154051405,29.038862185583802,45.48626166217664,1,0,1.302,1.303,60,0.58,142,48,0.58,210,142,48,0.0,1,1,0
39,32,52,9,1.3022927345609043,strong,susceptible,0,1,0.0,-1,-1,1,0,0,0,26.7,24.6,17.24149974708419,30.978218154051405,29.038862185583802,45.48626166217664,1,0,1.302,1.303,60,0.58,142,48,0.58,210,142,48,0.0,1,1,0
39,33,52,9,1.3022927345609043,strong,susceptible,0,1,0.0,-1,-1,1,0,0,0,26.7,24.6,17.24149974708419,30.978218154051405,29.038862185583802,45.48626166217664,1,0,1.302,1.303,60,0.58,142,48,0.58,210,142,48,0.0,1,1,0
39,34,52,9,1.3022927345609043,strong,susceptible,0,1,0.0,-1,-1,1,0,0,0,26.7,24.6,17.24149974708419,30.978218154051405,29.038862185583802,45.48626166217664,1,0,1.302,1.303,60,0.58,142,48,0.58,210,142,48,0.0,1,1,0
39,35,52,9,1.3022927345609043,strong,susceptible,0,1,0.0,-1,-1,1,0,0,0,26.7,24.6,17.24149974708419,30.978218154051405,29.038862185583802,45.48626166217664,1,0,1.302,1.303,60,0.58,142,48,0.58,210,142,48,0.0,1,1,0
39,36,52,9,1.3022927345609043,strong,susceptible,0,1,0.0,-1,-1,1,0,0,0,26.7,24.6,17.24149974708419,30.978218154051405,29.038862185583802,45.48626166217664,1,0,1.302,1.303,60,0.58,142,48,0.58,210,142,48,0.0,1,1,0
39,37,52,9,1.3022927345609043,strong,susceptible,0,1,0.0,-1,-1,1,0,0,0,26.7,24.6,17.24149974708419,30.978218154051405,29.038862185583802,45.48626166217664,1,0,1.302,1.303,60,0.58,142,48,0.58,210,142,48,0.0,1,1,0
39,38,52,9,1.3022927345609043,strong,susceptible,0,1,0.0,-1,-1,1,0,0,0,26.7,24.6,17.24149974708419,30.978218154051405,29.038862185583802,45.48626166217664,1,0,1.302,1.303,60,0.58,142,48,0.58,210,142,48,0.0,1,1,0
39,39,52,9,1.3022927345609043,strong,susceptible,0,1,0.0,-1,-1,1,0,0,0,26.7,24.6,17.24149974708419,30.978218154051405,29.038862185583802,45.48626166217664,1,0,1.302,1.303,60,0.58,142,48,0.58,210,142,48,0.0,1,1,0
40,0,141,4,1.302262446589277,medium,susceptible,0,1,0.0,-1,-1,0,1,0,0,30.0,24.8,20.15257871868841,30.030651008594536,29.08594120729227,51.40038910358559,1,0,1.302,1.303,60,0.58,142,48,0.58,210,142,48,0.0,1,1,0
40,1,141,4,1.302262446589277,medium,susceptible,0,1,0.0,-1,-1,0,1,0,0,30.0,24.8,20.15257871868841,30.030651008594536,29.08594120729227,51.40038910358559,1,0,1.302,1.303,60,0.58,142,48,0.58,210,142,48,0.0,1,1,0
40,2,141,4,1.302262446589277,medium,susceptible,0,1,0.0,-1,-1,0,1,0,0,30.0,24.8,20.15257871868841,30.030651008594536,29.08594120729227,51.40038910358559,1,0,1.302,1.303,60,0.58,142,48,0.58,210,142,48,0.0,1,1,0
40,3,141,4,1.302262446589277,medium,susceptible,0,1,0.0,-1,-1,0,1,0,0,30.0,24.8,20.15257871868841,30.030651008594536,29.08594120729227,51.40038910358559,1,0,1.302,1.303,60,0.58,142,48,0.58,210,142,48,0.0,1,1,0
40,4,141,4,1.302262446589277,medium,susceptible,0,1,0.0,-1,-1,0,1,0,0,30.0,24.8,20.15257871868841,30.030651008594536,29.08594120729227,51.40038910358559,1,0,1.302,1.303,60,0.58,142,48,0.58,210,142,48,0.0,1,1,0
40,5,141,4,1.302262446589277,medium,susceptible,0,1,0.0,-1,-1,0,1,0,0,30.0,24.8,20.15257871868841,30.030651008594536,29.08594120729227,51.40038910358559,1,0,1.302,1.303,60,0.58,142,48,0.58,210,142,48,0.0,1,1,0
40,6,141,4,1.302262446589277,medium,susceptible,0,1,0.0,-1,-1,0,1,0,0,30.0,24.8,20.15257871868841,30.030651008594536,29.08594120729227,51.40038910358559,1,0,1.302,1.303,60,0.58,142,48,0.58,210,142,48,0.0,1,1,0
40,7,141,4,1.302262446589277,medium,susceptible,0,1,0.0,-1,-1,0,1,0,0,30.0,24.8,20.15257871868841,30.030651008594536,29.08594120729227,51.40038910358559,1,0,1.302,1.303,60,0.58,142,48,0.58,210,142,48,0.0,1,1,0
40,8,141,4,1.302262446589277,medium,susceptible,0,1,0.0,-1,-1,0,1,0,0,30.0,24.8,20.15257871868841,30.030651008594536,29.08594120729227,51.40038910358559,1,0,1.302,1.303,60,0.58,142,48,0.58,210,142,48,0.0,1,1,0
40,9,141,4,1.302262446589277,medium,susceptible,0,1,0.0,-1,-1,0,1,0,0,30.0,24.8,20.15257871868841,30.030651008594536,29.08594120729227,51.40038910358559,1,0,1.302,1.303,60,0.58,142,48,0.58,210,142,48,0.0,1,1,0
40,10,141,4,1.302262446589277,medium,susceptible,0,1,0.0,-1,-1,0,1,0,0,30.0,24.8,20.15257871868841,30.030651008594536,29.08594120729227,51.40038910358559,1,0,1.302,1.303,60,0.58,142,48,0.58,210,142,48,0.0,1,1,0
40,11,141,4,1.302262446589277,medium,susceptible,0,1,0.0,-1,-1,0,1,0,0,30.0,24.8,20.15257871868841,30.030651008594536,29.08594120729227,51.40038910358559,1,0,1.302,1.303,60,0.58,142,48,0.58,210,142,48,0.0,1,1,0
40,12,141,4,1.302262446589277,medium,susceptible,0,1,0.0,-1,-1,0,1,0,0,30.0,24.8,20.15257871868841,30.030651008594536,29.08594120729227,51.40038910358559,1,0,1.302,1.303,60,0.58,142,48,0.58,210,142,48,0.0,1,1,0
40,13,141,4,1.302262446589277,medium,susceptible,0,1,0.0,-1,-1,0,1,0,0,30.0,24.8,20.15257871868841,30.030651008594536,29.08594120729227,51.40038910358559,1,0,1.302,1.303,60,0.58,142,48,0.58,210,142,48,0.0,1,1,0
40,14,141,4,1.302262446589277,medium,susceptible,0,1,0.0,-1,-1,0,1,0,0,30.0,24.8,20.15257871868841,30.030651008594536,29.08594120729227,51.40038910358559,1,0,1.302,1.303,60,0.58,142,48,0.58,210,142,48,0.0,1,1,0
40,15,141,4,1.302262446589277,medium,susceptible,0,1,0.0,-1,-1,0,1,0,0,30.0,24.8,20.15257871868841,30.030651008594536,29.08594120729227,51.40038910358559,1,0,1.302,1.303,60,0.58,142,48,0.58,210,142,48,0.0,1,1,0
40,16,141,4,1.302262446589277,medium,susceptible,0,1,0.0,-1,-1,0,1,0,0,30.0,24.8,20.15257871868841,30.030651008594536,29.08594120729227,51.40038910358559,1,0,1.302,1.303,60,0.58,142,48,0.58,210,142,48,0.0,1,1,0
40,17,141,4,1.302262446589277,medium,susceptible,0,1,0.0,-1,-1,0,1,0,0,30.0,24.8,20.15257871868841,30.030651008594536,29.08594120729227,51.40038910358559,1,0,1.302,1.303,60,0.58,142,48,0.58,210,142,48,0.0,1,1,0
40,18,141,4,1.302262446589277,medium,susceptible,0,1,0.0,-1,-1,0,1,0,0,30.0,24.8,20.15257871868841,30.030651008594536,29.08594120729227,51.40038910358559,1,0,1.302,1.303,60,0.58,142,48,0.58,210,142,48,0.0,1,1,0
40,19,141,4,1.302262446589277,medium,susceptible,0,1,0.0,-1,-1,0,1,0,0,30.0,24.8,20.15257871868841,30.030651008594536,29.08594120729227,51.40038910358559,1,0,1.302,1.303,60,0.58,142,48,0.58,210,142,48,0.0,1,1,0
40,20,141,4,1.302262446589277,medium,susceptible,0,1,0.0,-1,-1,0,1,0,0,30.0,24.8,20.15257871868841,30.030651008594536,29.08594120729227,51.40038910358559,1,0,1.302,1.303,60,0.58,142,48,0.58,210,142,48,0.0,1,1,0
40,21,141,4,1.302262446589277,medium,susceptible,0,1,0.0,-1,-1,0,1,0,0,30.0,24.8,20.15257871868841,30.030651008594536,29.08594120729227,51.40038910358559,1,0,1.302,1.303,60,0.58,142,48,0.58,210,142,48,0.0,1,1,0
40,22,141,4,1.302262446589277,medium,susceptible,0,1,0.0,-1,-1,0,1,0,0,30.0,24.8,20.15257871868841,30.030651008594536,29.08594120729227,51.40038910358559,1,0,1.302,1.303,60,0.58,142,48,0.58,210,142,48,0.0,1,1,0
40,23,141,4,1.302262446589277,medium,susceptible,0,1,0.0,-1,-1,0,1,0,0,30.0,24.8,20.15257871868841,30.030651008594536,29.08594120729227,51.40038910358559,1,0,1.302,1.303,60,0.58,142,48,0.58,210,142,48,0.0,1,1,0
40,24,141,4,1.302262446589277,medium,susceptible,0,1,0.0,-1,-1,0,1,0,0,30.0,24.8,20.15257871868841,30.030651008594536,29.08594120729227,51.40038910358559,1,0,1.302,1.303,60,0.58,142,48,0.58,210,142,48,0.0,1,1,0
40,25,141,4,1.302262446589277,medium,susceptible,0,1,0.0,-1,-1,0,1,0,0,30.0,24.8,20.15257871868841,30.030651008594536,29.08594120729227,51.40038910358559,1,0,1.302,1.303,60,0.58,142,48,0.58,210,142,48,0.0,1,1,0
40,26,141,4,1.302262446589277,medium,susceptible,0,1,0.0,-1,-1,0,1,0,0,30.0,24.8,20.15257871868841,30.030651008594536,29.08594120729227,51.40038910358559,1,0,1.302,1.303,60,0.58,142,48,0.58,210,142,48,0.0,1,1,0
40,27,141,4,1.302262446589277,medium,susceptible,0,1,0.0,-1,-1,0,1,0,0,30.0,24.8,20.15257871868841,30.030651008594536,29.08594120729227,51.40038910358559,1,0,1.302,1.303,60,0.58,142,48,0.58,210,142,48,0.0,1,1,0
40,28,141,4,1.302262446589277,medium,susceptible,0,1,0.0,-1,-1,0,1,0,0,30.0,24.8,20.15257871868841,30.030651008594536,29.08594120729227,51.40038910358559,1,0,1.302,1.303,60,0.58,142,48,0.58,210,142,48,0.0,1,1,0
40,29,141,4,1.302262446589277,medium,susceptible,0,1,0.0,-1,-1,0,1,0,0,30.0,24.8,20.15257871868841,30.030651008594536,29.08594120729227,51.40038910358559,1,0,1.302,1.303,60,0.58,142,48,0.58,210,142,48,0.0,1,1,0
40,30,141,4,1.302262446589277,medium,susceptible,0,1,0.0,-1,-1,0,1,0,0,30.0,24.8,20.15257871868841,30.030651008594536,29.08594120729227,51.40038910358559,1,0,1.302,1.303,60,0.58,142,48,0.58,210,142,48,0.0,1,1,0
40,31,141,4,1.302262446589277,medium,susceptible,0,1,0.0,-1,-1,0,1,0,0,30.0,24.8,20.15257871868841,30.030651008594536,29.08594120729227,51.40038910358559,1,0,1.302,1.303,60,0.58,142,48,0.58,210,142,48,0.0,1,1,0
40,32,141,4,1.302262446589277,medium,susceptible,0,1,0.0,-1,-1,0,1,0,0,30.0,24.8,20.15257871868841,30.030651008594536,29.08594120729227,51.40038910358559,1,0,1.302,1.303,60,0.58,142,48,0.58,210,142,48,0.0,1,1,0
40,33,141,4,1.302262446589277,medium,susceptible,0,1,0.0,-1,-1,0,1,0,0,30.0,24.8,20.15257871868841,30.030651008594536,29.08594120729227,51.40038910358559,1,0,1.302,1.303,60,0.58,142,48,0.58,210,142,48,0.0,1,1,0
40,34,141,4,1.302262446589277,medium,susceptible,0,1,0.0,-1,-1,0,1,0,0,30.0,24.8,20.15257871868841,30.030651008594536,29.08594120729227,51.40038910358559,1,0,1.302,1.303,60,0.58,142,48,0.58,210,142,48,0.0,1,1,0
40,35,141,4,1.302262446589277,medium,susceptible,0,1,0.0,-1,-1,0,1,0,0,30.0,24.8,20.15257871868841,30.030651008594536,29.08594120729227,51.40038910358559,1,0,1.302,1.303,60,0.58,142,48,0.58,210,142,48,0.0,1,1,0
40,36,141,4,1.302262446589277,medium,susceptible,0,1,0.0,-1,-1,0,1,0,0,30.0,24.8,20.15257871868841,30.030651008594536,29.08594120729227,51.40038910358559,1,0,1.302,1.303,60,0.58,142,48,0.58,210,142,48,0.0,1,1,0
40,37,141,4,1.302262446589277,medium,susceptible,0,1,0.0,-1,-1,0,1,0,0,30.0,24.8,20.15257871868841,30.030651008594536,29.08594120729227,51.40038910358559,1,0,1.302,1.303,60,0.58,142,48,0.58,210,142,48,0.0,1,1,0
40,38,141,4,1.302262446589277,medium,susceptible,0,1,0.0,-1,-1,0,1,0,0,30.0,24.8,20.15257871868841,30.030651008594536,29.08594120729227,51.40038910358559,1,0,1.302,1.303,60,0.58,142,48,0.58,210,142,48,0.0,1,1,0
40,39,141,4,1.302262446589277,medium,susceptible,0,1,0.0,-1,-1,0,1,0,0,30.0,24.8,20.15257871868841,30.030651008594536,29.08594120729227,51.40038910358559,1,0,1.302,1.303,60,0.58,142,48,0.58,210,142,48,0.0,1,1,0
41,0,122,3,1.3027625973189567,medium,susceptible,0,1,0.0,-1,-1,0,1,0,0,28.0,20.4,18.670444424342726,29.670861126701396,23.082212293435408,43.41658669218482,1,0,1.302,1.303,60,0.58,142,48,0.58,210,142,48,0.0,1,1,0
41,1,122,3,1.3027625973189567,medium,susceptible,0,1,0.0,-1,-1,0,1,0,0,28.0,20.4,18.670444424342726,29.670861126701396,23.082212293435408,43.41658669218482,1,0,1.302,1.303,60,0.58,142,48,0.58,210,142,48,0.0,1,1,0
41,2,122,3,1.3027625973189567,medium,susceptible,0,1,0.0,-1,-1,0,1,0,0,28.0,20.4,18.670444424342726,29.670861126701396,23.082212293435408,43.41658669218482,1,0,1.302,1.303,60,0.58,142,48,0.58,210,142,48,0.0,1,1,0
41,3,122,3,1.3027625973189567,medium,susceptible,0,1,0.0,-1,-1,0,1,0,0,28.0,20.4,18.670444424342726,29.670861126701396,23.082212293435408,43.41658669218482,1,0,1.302,1.303,60,0.58,142,48,0.58,210,142,48,0.0,1,1,0
41,4,122,3,1.3027625973189567,medium,susceptible,0,1,0.0,-1,-1,0,1,0,0,28.0,20.4,18.670444424342726,29.670861126701396,23.082212293435408,43.41658669218482,1,0,1.302,1.303,60,0.58,142,48,0.58,210,142,48,0.0,1,1,0
41,5,122,3,1.3027625973189567,medium,susceptible,0,1,0.0,-1,-1,0,1,0,0,28.0,20.4,18.670444424342726,29.670861126701396,23.082212293435408,43.41658669218482,1,0,1.302,1.303,60,0.58,142,48,0.58,210,142,48,0.0,1,1,0
41,6,122,3,1.3027625973189567,medium,susceptible,0,1,0.0,-1,-1,0,1,0,0,28.0,20.4,18.670444424342726,29.670861126701396,23.082212293435408,43.41658669218482,1,0,1.302,1.303,60,0.58,142,48,0.58,210,142,48,0.0,1,1,0
41,7,122,3,1.3027625973189567,medium,susceptible,0,1,0.0,-1,-1,0,1,0,0,28.0,20.4,18.670444424342726,29.670861126701396,23.082212293435408,43.41658669218482,1,0,1.302,1.303,60,0.58,142,48,0.58,210,142,48,0.0,1,1,0
41,8,122,3,1.3027625973189567,medium,susceptible,0,1,0.0,-1,-1,0,1,0,0,28.0,20.4,18.670444424342726,29.670861126701396,23.082212293435408,43.41658669218482,1,0,1.302,1.303,60,0.58,142,48,0.58,210,142,48,0.0,1,1,0
41,9,122,3,1.3027625973189567,medium,susceptible,0,1,0.0,-1,-1,0,1,0,0,28.0,20.4,18.670444424342726,29.670861126701396,23.082212293435408,43.41658669218482,1,0,1.302,1.303,60,0.58,142,48,0.58,210,142,48,0.0,1,1,0
41,10,122,3,1.3027625973189567,medium,susceptible,0,1,0.0,-1,-1,0,1,0,0,28.0,20.4,18.670444424342726,29.670861126701396,23.082212293435408,43.41658669218482,1,0,1.302,1.303,60,0.58,142,48,0.58,210,142,48,0.0,1,1,0
41,11,122,3,1.3027625973189567,medium,susceptible,0,1,0.0,-1,-1,0,1,0,0,28.0,20.4,18.670444424342726,29.670861126701396,23.082212293435408,43.41658669218482,1,0,1.302,1.303,60,0.58,142,48,0.58,210,142,48,0.0,1,1,0
41,12,122,3,1.3027625973189567,medium,susceptible,0,1,0.0,-1,-1,0,1,0,0,28.0,20.4,18.670444424342726,29.670861126701396,23.082212293435408,43.41658669218482,1,0,1.302,1.303,60,0.58,142,48,0.58,210,142,48,0.0,1,1,0
41,13,122,3,1.3027625973189567,medium,susceptible,0,1,0.0,-1,-1,0,1,0,0,28.0,20.4,18.670444424342726,29.670861126701396,23.082212293435408,43.41658669218482,1,0,1.302,1.303,60,0.58,142,48,0.58,210,142,48,0.0,1,1,0
41,14,122,3,1.3027625973189567,medium,susceptible,0,1,0.0,-1,-1,0,1,0,0,28.0,20.4,18.670444424342726,29.670861126701396,23.082212293435408,43.41658669218482,1,0,1.302,1.303,60,0.58,142,48,0.58,210,142,48,0.0,1,1,0
41,15,122,3,1.3027625973189567,medium,susceptible,0,1,0.0,-1,-1,0,1,0,0,28.0,20.4,18.670444424342726,29.670861126701396,23.082212293435408,43.41658669218482,1,0,1.302,1.303,60,0.58,142,48,0.58,210,142,48,0.0,1,1,0
41,16,122,3,1.3027625973189567,medium,susceptible,0,1,0.0,-1,-1,0,1,0,0,28.0,20.4,18.670444424342726,29.670861126701396,23.082212293435408,43.41658669218482,1,0,1.302,1.303,60,0.58,142,48,0.58,210,142,48,0.0,1,1,0
41,17,122,3,1.3027625973189567,medium,susceptible,0,1,0.0,-1,-1,0,1,0,0,28.0,20.4,18.670444424342726,29.670861126701396,23.082212293435408,43.41658669218482,1,0,1.302,1.303,60,0.58,142,48,0.58,210,142,48,0.0,1,1,0
41,18,122,3,1.3027625973189567,medium,susceptible,0,1,0.0,-1,-1,0,1,0,0,28.0,20.4,18.670444424342726,29.670861126701396,23.082212293435408,43.41658669218482,1,0,1.302,1.303,60,0.58,142,48,0.58,210,142,48,0.0,1,1,0
41,19,122,3,1.3027625973189567,medium,susceptible,0,1,0.0,-1,-1,0,1,0,0,28.0,20.4,18.670444424342726,29.670861126701396,23.082212293435408,43.41658669218482,1,0,1.302,1.303,60,0.58,142,48,0.58,210,142,48,0.0,1,1,0
41,20,122,3,1.3027625973189567,medium,susceptible,0,1,0.0,-1,-1,0,1,0,0,28.0,20.4,18.670444424342726,29.670861126701396,23.082212293435408,43.41658669218482,1,0,1.302,1.303,60,0.58,142,48,0.58,210,142,48,0.0,1,1,0
41,21,122,3,1.3027625973189567,medium,susceptible,0,1,0.0,-1,-1,0,1,0,0,28.0,20.4,18.670444424342726,29.670861126701396,23.082212293435408,43.41658669218482,1,0,1.302,1.303,60,0.58,142,48,0.58,210,142,48,0.0,1,1,0
41,22,122,3,1.3027625973189567,medium,susceptible,0,1,0.0,-1,-1,0,1,0,0,28.0,20.4,18.670444424342726,29.670861126701396,23.082212293435408,43.41658669218482,1,0,1.302,1.303,60,0.58,142,48,0.58,210,142,48,0.0,1,1,0
41,23,122,3,1.3027625973189567,medium,susceptible,0,1,0.0,-1,-1,0,1,0,0,28.0,20.4,18.670444424342726,29.670861126701396,23.082212293435408,43.41658669218482,1,0,1.302,1.303,60,0.58,142,48,0.58,210,142,48,0.0,1,1,0
41,24,122,3,1.3027625973189567,medium,susceptible,0,1,0.0,-1,-1,0,1,0,0,28.0,20.4,18.670444424342726,29.670861126701396,23.082212293435408,43.41658669218482,1,0,1.302,1.303,60,0.58,142,48,0.58,210,142,48,0.0,1,1,0
41,25,122,3,1.3027625973189567,medium,susceptible,0,1,0.0,-1,-1,0,1,0,0,28.0,20.4,18.670444424342726,29.670861126701396,23.082212293435408,43.41658669218482,1,0,1.302,1.303,60,0.58,142,48,0.58,210,142,48,0.0,1,1,0
41,26,122,3,1.3027625973189567,medium,susceptible,0,1,0.0,-1,-1,0,1,0,0,28.0,20.4,18.670444424342726,29.670861126701396,23.082212293435408,43.41658669218482,1,0,1.302,1.303,60,0.58,142,48,0.58,210,142,48,0.0,1,1,0
41,27,122,3,1.3027625973189567,medium,susceptible,0,1,0.0,-1,-1,0,1,0,0,28.0,20.4,18.670444424342726,29.670861126701396,23.082212293435408,43.41658669218482,1,0,1.302,1.303,60,0.58,142,48,0.58,210,142,48,0.0,1,1,0
41,28,122,3,1.3027625973189567,medium,susceptible,0,1,0.0,-1,-1,0,1,0,0,28.0,20.4,18.670444424342726,29.670861126701396,23.082212293435408,43.41658669218482,1,0,1.302,1.303,60,0.58,142,48,0.58,210,142,48,0.0,1,1,0
41,29,122,3,1.3027625973189567,medium,susceptible,0,1,0.0,-1,-1,0,1,0,0,28.0,20.4,18.670444424342726,29.670861126701396,23.082212293435408,43.41658669218482,1,0,1.302,1.303,60,0.58,142,48,0.58,210,142,48,0.0,1,1,0
41,30,122,3,1.3027625973189567,medium,susceptible,0,1,0.0,-1,-1,0,1,0,0,28.0,20.4,18.670444424342726,29.670861126701396,23.082212293435408,43.41658669218482,1,0,1.302,1.303,60,0.58,142,48,0.58,210,142,48,0.0,1,1,0
41,31,122,3,1.3027625973189567,medium,susceptible,0,1,0.0,-1,-1,0,1,0,0,28.0,20.4,18.670444424342726,29.670861126701396,23.082212293435408,43.41658669218482,1,0,1.302,1.303,60,0.58,142,48,0.58,210,142,48,0.0,1,1,0
41,32,122,3,1.3027625973189567,medium,susceptible,0,1,0.0,-1,-1,0,1,0,0,28.0,20.4,18.670444424342726,29.670861126701396,23.082212293435408,43.41658669218482,1,0,1.302,1.303,60,0.58,142,48,0.58,210,142,48,0.0,1,1,0
41,33,122,3,1.3027625973189567,medium,susceptible,0,1,0.0,-1,-1,0,1,0,0,28.0,20.4,18.670444424342726,29.670861126701396,23.082212293435408,43.41658669218482,1,0,1.302,1.303,60,0.58,142,48,0.58,210,142,48,0.0,1,1,0
41,34,122,3,1.3027625973189567,medium,susceptible,0,1,0.0,-1,-1,0,1,0,0,28.0,20.4,18.670444424342726,29.670861126701396,23.082212293435408,43.41658669218482,1,0,1.302,1.303,60,0.58,142,48,0.58,210,142,48,0.0,1,1,0
41,35,122,3,1.3027625973189567,medium,susceptible,0,1,0.0,-1,-1,0,1,0,0,28.0,20.4,18.670444424342726,29.670861126701396,23.082212293435408,43.41658669218482,1,0,1.302,1.303,60,0.58,142,48,0.58,210,142,48,0.0,1,1,0
41,36,122,3,1.3027625973189567,medium,susceptible,0,1,0.0,-1,-1,0,1,0,0,28.0,20.4,18.670444424342726,29.670861126701396,23.082212293435408,43.41658669218482,1,0,1.302,1.303,60,0.58,142,48,0.58,210,142,48,0.0,1,1,0
41,37,122,3,1.3027625973189567,medium,susceptible,0,1,0.0,-1,-1,0,1,0,0,28.0,20.4,18.670444424342726,29.670861126701396,23.082212293435408,43.41658669218482,1,0,1.302,1.303,60,0.58,142,48,0.58,210,142,48,0.0,1,1,0
41,39,122,3,1.3027625973189567,medium,infected,1,1,1.25,38,1,0,1,0,0,28.0,20.4,18.670444424342726,29.670861126701396,23.082212293435408,43.41658669218482,1,0,1.302,1.303,60,0.58,142,48,0.58,210,142,48,0.0,1,1,0
42,0,113,5,1.3029523067127509,medium,susceptible,0,1,0.0,-1,-1,0,1,0,0,28.5,18.8,18.20476285319298,30.137849956491586,22.063383165055527,39.05124837953327,1,0,1.302,1.303,60,0.58,142,48,0.58,210,142,48,0.0,1,1,0
42,1,113,5,1.3029523067127509,medium,susceptible,0,1,0.0,-1,-1,0,1,0,0,28.5,18.8,18.20476285319298,30.137849956491586,22.063383165055527,39.05124837953327,1,0,1.302,1.303,60,0.58,142,48,0.58,210,142,48,0.0,1,1,0
42,2,113,5,1.3029523067127509,medium,susceptible,0,1,0.0,-1,-1,0,1,0,0,28.5,18.8,18.20476285319298,30.137849956491586,22.063383165055527,39.05124837953327,1,0,1.302,1.303,60,0.58,142,48,0.58,210,142,48,0.0,1,1,0
42,3,113,5,1.3029523067127509,medium,susceptible,0,1,0.0,-1,-1,0,1,0,0,28.5,18.8,18.20476285319298,30.137849956491586,22.063383165055527,39.05124837953327,1,0,1.302,1.303,60,0.58,142,48,0.58,210,142,48,0.0,1,1,0
42,4,113,5,1.3029523067127509,medium,susceptible,0,1,0.0,-1,-1,0,1,0,0,28.5,18.8,18.20476285319298,30.137849956491586,22.063383165055527,39.05124837953327,1,0,1.302,1.303,60,0.58,142,48,0.58,210,142,48,0.0,1,1,0
42,5,113,5,1.3029523067127509,medium,susceptible,0,1,0.0,-1,-1,0,1,0,0,28.5,18.8,18.20476285319298,30.137849956491586,22.063383165055527,39.05124837953327,1,0,1.302,1.303,60,0.58,142,48,0.58,210,142,48,0.0,1,1,0
42,6,113,5,1.3029523067127509,medium,susceptible,0,1,0.0,-1,-1,0,1,0,0,28.5,18.8,18.20476285319298,30.137849956491586,22.063383165055527,39.05124837953327,1,0,1.302,1.303,60,0.58,142,48,0.58,210,142,48,0.0,1,1,0
42,7,113,5,1.3029523067127509,medium,susceptible,0,1,0.0,-1,-1,0,1,0,0,28.5,18.8,18.20476285319298,30.137849956491586,22.063383165055527,39.05124837953327,1,0,1.302,1.303,60,0.58,142,48,0.58,210,142,48,0.0,1,1,0
42,8,113,5,1.3029523067127509,medium,susceptible,0,1,0.0,-1,-1,0,1,0,0,28.5,18.8,18.20476285319298,30.137849956491586,22.063383165055527,39.05124837953327,1,0,1.302,1.303,60,0.58,142,48,0.58,210,142,48,0.0,1,1,0
42,9,113,5,1.3029523067127509,medium,susceptible,0,1,0.0,-1,-1,0,1,0,0,28.5,18.8,18.20476285319298,30.137849956491586,22.063383165055527,39.05124837953327,1,0,1.302,1.303,60,0.58,142,48,0.58,210,142,48,0.0,1,1,0
42,10,113,5,1.3029523067127509,medium,susceptible,0,1,0.0,-1,-1,0,1,0,0,28.5,18.8,18.20476285319298,30.137849956491586,22.063383165055527,39.05124837953327,1,0,1.302,1.303,60,0.58,142,48,0.58,210,142,48,0.0,1,1,0
42,11,113,5,1.3029523067127509,medium,susceptible,0,1,0.0,-1,-1,0,1,0,0,28.5,18.8,18.20476285319298,30.137849956491586,22.063383165055527,39.05124837953327,1,0,1.302,1.303,60,0.58,142,48,0.58,210,142,48,0.0,1,1,0
42,12,113,5,1.3029523067127509,medium,susceptible,0,1,0.0,-1,-1,0,1,0,0,28.5,18.8,18.20476285319298,30.137849956491586,22.063383165055527,39.05124837953327,1,0,1.302,1.303,60,0.58,142,48,0.58,210,142,48,0.0,1,1,0
42,13,113,5,1.3029523067127509,medium,susceptible,0,1,0.0,-1,-1,0,1,0,0,28.5,18.8,18.20476285319298,30.137849956491586,22.063383165055527,39.05124837953327,1,0,1.302,1.303,60,0.58,142,48,0.58,210,142,48,0.0,1,1,0
42,14,113,5,1.3029523067127509,medium,susceptible,0,1,0.0,-1,-1,0,1,0,0,28.5,18.8,18.20476285319298,30.137849956491586,22.063383165055527,39.05124837953327,1,0,1.302,1.303,60,0.58,142,48,0.58,210,142,48,0.0,1,1,0
42,15,113,5,1.3029523067127509,medium,susceptible,0,1,0.0,-1,-1,0,1,0,0,28.5,18.8,18.20476285319298,30.137849956491586,22.063383165055527,39.05124837953327,1,0,1.302,1.303,60,0.58,142,48,0.58,210,142,48,0.0,1,1,0
42,16,113,5,1.3029523067127509,medium,susceptible,0,1,0.0,-1,-1,0,1,0,0,28.5,18.8,18.20476285319298,30.137849956491586,22.063383165055527,39.05124837953327,1,0,1.302,1.303,60,0.58,142,48,0.58,210,142,48,0.0,1,1,0
42,17,113,5,1.3029523067127509,medium,susceptible,0,1,0.0,-1,-1,0,1,0,0,28.5,18.8,18.20476285319298,30.137849956491586,22.063383165055527,39.05124837953327,1,0,1.302,1.303,60,0.58,142,48,0.58,210,142,48,0.0,1,1,0
42,18,113,5,1.3029523067127509,medium,susceptible,0,1,0.0,-1,-1,0,1,0,0,28.5,18.8,18.20476285319298,30.137849956491586,22.063383165055527,39.05124837953327,1,0,1.302,1.303,60,0.58,142,48,0.58,210,142,48,0.0,1,1,0
42,19,113,5,1.3029523067127509,medium,susceptible,0,1,0.0,-1,-1,0,1,0,0,28.5,18.8,18.20476285319298,30.137849956491586,22.063383165055527,39.05124837953327,1,0,1.302,1.303,60,0.58,142,48,0.58,210,142,48,0.0,1,1,0
42,20,113,5,1.3029523067127509,medium,susceptible,0,1,0.0,-1,-1,0,1,0,0,28.5,18.8,18.20476285319298,30.137849956491586,22.063383165055527,39.05124837953327,1,0,1.302,1.303,60,0.58,142,48,0.58,210,142,48,0.0,1,1,0
42,21,113,5,1.3029523067127509,medium,susceptible,0,1,0.0,-1,-1,0,1,0,0,28.5,18.8,18.20476285319298,30.137849956491586,22.063383165055527,39.05124837953327,1,0,1.302,1.303,60,0.58,142,48,0.58,210,142,48,0.0,1,1,0
42,22,113,5,1.3029523067127509,medium,susceptible,0,1,0.0,-1,-1,0,1,0,0,28.5,18.8,18.20476285319298,30.137849956491586,22.063383165055527,39.05124837953327,1,0,1.302,1.303,60,0.58,142,48,0.58,210,142,48,0.0,1,1,0
42,23,113,5,1.3029523067127509,medium,susceptible,0,1,0.0,-1,-1,0,1,0,0,28.5,18.8,18.20476285319298,30.137849956491586,22.063383165055527,39.05124837953327,1,0,1.302,1.303,60,0.58,142,48,0.58,210,142,48,0.0,1,1,0
42,24,113,5,1.3029523067127509,medium,susceptible,0,1,0.0,-1,-1,0,1,0,0,28.5,18.8,18.20476285319298,30.137849956491586,22.063383165055527,39.05124837953327,1,0,1.302,1.303,60,0.58,142,48,0.58,210,142,48,0.0,1,1,0
42,25,113,5,1.3029523067127509,medium,susceptible,0,1,0.0,-1,-1,0,1,0,0,28.5,18.8,18.20476285319298,30.137849956491586,22.063383165055527,39.05124837953327,1,0,1.302,1.303,60,0.58,142,48,0.58,210,142,48,0.0,1,1,0
42,26,113,5,1.3029523067127509,medium,susceptible,0,1,0.0,-1,-1,0,1,0,0,28.5,18.8,18.20476285319298,30.137849956491586,22.063383165055527,39.05124837953327,1,0,1.302,1.303,60,0.58,142,48,0.58,210,142,48,0.0,1,1,0
42,27,113,5,1.3029523067127509,medium,susceptible,0,1,0.0,-1,-1,0,1,0,0,28.5,18.8,18.20476285319298,30.137849956491586,22.063383165055527,39.05124837953327,1,0,1.302,1.303,60,0.58,142,48,0.58,210,142,48,0.0,1,1,0
42,28,113,5,1.3029523067127509,medium,susceptible,0,1,0.0,-1,-1,0,1,0,0,28.5,18.8,18.20476285319298,30.137849956491586,22.063383165055527,39.05124837953327,1,0,1.302,1.303,60,0.58,142,48,0.58,210,142,48,0.0,1,1,0
42,29,113,5,1.3029523067127509,medium,susceptible,0,1,0.0,-1,-1,0,1,0,0,28.5,18.8,18.20476285319298,30.137849956491586,22.063383165055527,39.05124837953327,1,0,1.302,1.303,60,0.58,142,48,0.58,210,142,48,0.0,1,1,0
42,30,113,5,1.3029523067127509,medium,susceptible,0,1,0.0,-1,-1,0,1,0,0,28.5,18.8,18.20476285319298,30.137849956491586,22.063383165055527,39.05124837953327,1,0,1.302,1.303,60,0.58,142,48,0.58,210,142,48,0.0,1,1,0
42,31,113,5,1.3029523067127509,medium,susceptible,0,1,0.0,-1,-1,0,1,0,0,28.5,18.8,18.20476285319298,30.137849956491586,22.063383165055527,39.05124837953327,1,0,1.302,1.303,60,0.58,142,48,0.58,210,142,48,0.0,1,1,0
42,32,113,5,1.3029523067127509,medium,susceptible,0,1,0.0,-1,-1,0,1,0,0,28.5,18.8,18.20476285319298,30.137849956491586,22.063383165055527,39.05124837953327,1,0,1.302,1.303,60,0.58,142,48,0.58,210,142,48,0.0,1,1,0
42,33,113,5,1.3029523067127509,medium,susceptible,0,1,0.0,-1,-1,0,1,0,0,28.5,18.8,18.20476285319298,30.137849956491586,22.063383165055527,39.05124837953327,1,0,1.302,1.303,60,0.58,142,48,0.58,210,142,48,0.0,1,1,0
42,34,113,5,1.3029523067127509,medium,susceptible,0,1,0.0,-1,-1,0,1,0,0,28.5,18.8,18.20476285319298,30.137849956491586,22.063383165055527,39.05124837953327,1,0,1.302,1.303,60,0.58,142,48,0.58,210,142,48,0.0,1,1,0
42,35,113,5,1.3029523067127509,medium,susceptible,0,1,0.0,-1,-1,0,1,0,0,28.5,18.8,18.20476285319298,30.137849956491586,22.063383165055527,39.05124837953327,1,0,1.302,1.303,60,0.58,142,48,0.58,210,142,48,0.0,1,1,0
42,36,113,5,1.3029523067127509,medium,susceptible,0,1,0.0,-1,-1,0,1,0,0,28.5,18.8,18.20476285319298,30.137849956491586,22.063383165055527,39.05124837953327,1,0,1.302,1.303,60,0.58,142,48,0.58,210,142,48,0.0,1,1,0
42,37,113,5,1.3029523067127509,medium,susceptible,0,1,0.0,-1,-1,0,1,0,0,28.5,18.8,18.20476285319298,30.137849956491586,22.063383165055527,39.05124837953327,1,0,1.302,1.303,60,0.58,142,48,0.58,210,142,48,0.0,1,1,0
42,38,113,5,1.3029523067127509,medium,susceptible,0,1,0.0,-1,-1,0,1,0,0,28.5,18.8,18.20476285319298,30.137849956491586,22.063383165055527,39.05124837953327,1,0,1.302,1.303,60,0.58,142,48,0.58,210,142,48,0.0,1,1,0
42,39,113,5,1.3029523067127509,medium,susceptible,0,1,0.0,-1,-1,0,1,0,0,28.5,18.8,18.20476285319298,30.137849956491586,22.063383165055527,39.05124837953327,1,0,1.302,1.303,60,0.58,142,48,0.58,210,142,48,0.0,1,1,0
43,0,133,5,1.3027472819508032,strong,susceptible,0,1,0.0,-1,-1,1,0,0,0,28.3,25.0,17.05222275081043,29.656196654325047,23.000734622982783,48.16637831516918,1,0,1.302,1.303,60,0.58,142,48,0.58,210,142,48,0.0,1,1,0
43,1,133,5,1.3027472819508032,strong,susceptible,0,1,0.0,-1,-1,1,0,0,0,28.3,25.0,17.05222275081043,29.656196654325047,23.000734622982783,48.16637831516918,1,0,1.302,1.303,60,0.58,142,48,0.58,210,142,48,0.0,1,1,0
43,2,133,5,1.3027472819508032,strong,susceptible,0,1,0.0,-1,-1,1,0,0,0,28.3,25.0,17.05222275081043,29.656196654325047,23.000734622982783,48.16637831516918,1,0,1.302,1.303,60,0.58,142,48,0.58,210,142,48,0.0,1,1,0
43,3,133,5,1.3027472819508032,strong,susceptible,0,1,0.0,-1,-1,1,0,0,0,28.3,25.0,17.05222275081043,29.656196654325047,23.000734622982783,48.16637831516918,1,0,1.302,1.303,60,0.58,142,48,0.58,210,142,48,0.0,1,1,0
43,4,133,5,1.3027472819508032,strong,susceptible,0,1,0.0,-1,-1,1,0,0,0,28.3,25.0,17.05222275081043,29.656196654325047,23.000734622982783,48.16637831516918,1,0,1.302,1.303,60,0.58,142,48,0.58,210,142,48,0.0,1,1,0
43,5,133,5,1.3027472819508032,strong,susceptible,0,1,0.0,-1,-1,1,0,0,0,28.3,25.0,17.05222275081043,29.656196654325047,23.000734622982783,48.16637831516918,1,0,1.302,1.303,60,0.58,142,48,0.58,210,142,48,0.0,1,1,0
43,6,133,5,1.3027472819508032,strong,susceptible,0,1,0.0,-1,-1,1,0,0,0,28.3,25.0,17.05222275081043,29.656196654325047,23.000734622982783,48.16637831516918,1,0,1.302,1.303,60,0.58,142,48,0.58,210,142,48,0.0,1,1,0
43,7,133,5,1.3027472819508032,strong,susceptible,0,1,0.0,-1,-1,1,0,0,0,28.3,25.0,17.05222275081043,29.656196654325047,23.000734622982783,48.16637831516918,1,0,1.302,1.303,60,0.58,142,48,0.58,210,142,48,0.0,1,1,0
43,8,133,5,1.3027472819508032,strong,susceptible,0,1,0.0,-1,-1,1,0,0,0,28.3,25.0,17.05222275081043,29.656196654325047,23.000734622982783,48.16637831516918,1,0,1.302,1.303,60,0.58,142,48,0.58,210,142,48,0.0,1,1,0
43,9,133,5,1.3027472819508032,strong,susceptible,0,1,0.0,-1,-1,1,0,0,0,28.3,25.0,17.05222275081043,29.656196654325047,23.000734622982783,48.16637831516918,1,0,1.302,1.303,60,0.58,142,48,0.58,210,142,48,0.0,1,1,0
43,10,133,5,1.3027472819508032,strong,susceptible,0,1,0.0,-1,-1,1,0,0,0,28.3,25.0,17.05222275081043,29.656196654325047,23.000734622982783,48.16637831516918,1,0,1.302,1.303,60,0.58,142,48,0.58,210,142,48,0.0,1,1,0
43,11,133,5,1.3027472819508032,strong,susceptible,0,1,0.0,-1,-1,1,0,0,0,28.3,25.0,17.05222275081043,29.656196654325047,23.000734622982783,48.16637831516918,1,0,1.302,1.303,60,0.58,142,48,0.58,210,142,48,0.0,1,1,0
43,12,133,5,1.3027472819508032,strong,susceptible,0,1,0.0,-1,-1,1,0,0,0,28.3,25.0,17.05222275081043,29.656196654325047,23.000734622982783,48.16637831516918,1,0,1.302,1.303,60,0.58,142,48,0.58,210,142,48,0.0,1,1,0
43,13,133,5,1.3027472819508032,strong,susceptible,0,1,0.0,-1,-1,1,0,0,0,28.3,25.0,17.05222275081043,29.656196654325047,23.000734622982783,48.16637831516918,1,0,1.302,1.303,60,0.58,142,48,0.58,210,142,48,0.0,1,1,0
43,14,133,5,1.3027472819508032,strong,susceptible,0,1,0.0,-1,-1,1,0,0,0,28.3,25.0,17.05222275081043,29.656196654325047,23.000734622982783,48.16637831516918,1,0,1.302,1.303,60,0.58,142,48,0.58,210,142,48,0.0,1,1,0
43,15,133,5,1.3027472819508032,strong,susceptible,0,1,0.0,-1,-1,1,0,0,0,28.3,25.0,17.05222275081043,29.656196654325047,23.000734622982783,48.16637831516918,1,0,1.302,1.303,60,0.58,142,48,0.58,210,142,48,0.0,1,1,0
43,16,133,5,1.3027472819508032,strong,susceptible,0,1,0.0,-1,-1,1,0,0,0,28.3,25.0,17.05222275081043,29.656196654325047,23.000734622982783,48.16637831516918,1,0,1.302,1.303,60,0.58,142,48,0.58,210,142,48,0.0,1,1,0
43,17,133,5,1.3027472819508032,strong,susceptible,0,1,0.0,-1,-1,1,0,0,0,28.3,25.0,17.05222275081043,29.656196654325047,23.000734622982783,48.16637831516918,1,0,1.302,1.303,60,0.58,142,48,0.58,210,142,48,0.0,1,1,0
43,18,133,5,1.3027472819508032,strong,susceptible,0,1,0.0,-1,-1,1,0,0,0,28.3,25.0,17.05222275081043,29.656196654325047,23.000734622982783,48.16637831516918,1,0,1.302,1.303,60,0.58,142,48,0.58,210,142,48,0.0,1,1,0
43,19,133,5,1.3027472819508032,strong,susceptible,0,1,0.0,-1,-1,1,0,0,0,28.3,25.0,17.05222275081043,29.656196654325047,23.000734622982783,48.16637831516918,1,0,1.302,1.303,60,0.58,142,48,0.58,210,142,48,0.0,1,1,0
43,20,133,5,1.3027472819508032,strong,susceptible,0,1,0.0,-1,-1,1,0,0,0,28.3,25.0,17.05222275081043,29.656196654325047,23.000734622982783,48.16637831516918,1,0,1.302,1.303,60,0.58,142,48,0.58,210,142,48,0.0,1,1,0
43,21,133,5,1.3027472819508032,strong,susceptible,0,1,0.0,-1,-1,1,0,0,0,28.3,25.0,17.05222275081043,29.656196654325047,23.000734622982783,48.16637831516918,1,0,1.302,1.303,60,0.58,142,48,0.58,210,142,48,0.0,1,1,0
43,22,133,5,1.3027472819508032,strong,susceptible,0,1,0.0,-1,-1,1,0,0,0,28.3,25.0,17.05222275081043,29.656196654325047,23.000734622982783,48.16637831516918,1,0,1.302,1.303,60,0.58,142,48,0.58,210,142,48,0.0,1,1,0
43,23,133,5,1.3027472819508032,strong,susceptible,0,1,0.0,-1,-1,1,0,0,0,28.3,25.0,17.05222275081043,29.656196654325047,23.000734622982783,48.16637831516918,1,0,1.302,1.303,60,0.58,142,48,0.58,210,142,48,0.0,1,1,0
43,24,133,5,1.3027472819508032,strong,susceptible,0,1,0.0,-1,-1,1,0,0,0,28.3,25.0,17.05222275081043,29.656196654325047,23.000734622982783,48.16637831516918,1,0,1.302,1.303,60,0.58,142,48,0.58,210,142,48,0.0,1,1,0
43,25,133,5,1.3027472819508032,strong,susceptible,0,1,0.0,-1,-1,1,0,0,0,28.3,25.0,17.05222275081043,29.656196654325047,23.000734622982783,48.16637831516918,1,0,1.302,1.303,60,0.58,142,48,0.58,210,142,48,0.0,1,1,0
43,26,133,5,1.3027472819508032,strong,susceptible,0,1,0.0,-1,-1,1,0,0,0,28.3,25.0,17.05222275081043,29.656196654325047,23.000734622982783,48.16637831516918,1,0,1.302,1.303,60,0.58,142,48,0.58,210,142,48,0.0,1,1,0
43,27,133,5,1.3027472819508032,strong,susceptible,0,1,0.0,-1,-1,1,0,0,0,28.3,25.0,17.05222275081043,29.656196654325047,23.000734622982783,48.16637831516918,1,0,1.302,1.303,60,0.58,142,48,0.58,210,142,48,0.0,1,1,0
43,28,133,5,1.3027472819508032,strong,susceptible,0,1,0.0,-1,-1,1,0,0,0,28.3,25.0,17.05222275081043,29.656196654325047,23.000734622982783,48.16637831516918,1,0,1.302,1.303,60,0.58,142,48,0.58,210,142,48,0.0,1,1,0
43,29,133,5,1.3027472819508032,strong,susceptible,0,1,0.0,-1,-1,1,0,0,0,28.3,25.0,17.05222275081043,29.656196654325047,23.000734622982783,48.16637831516918,1,0,1.302,1.303,60,0.58,142,48,0.58,210,142,48,0.0,1,1,0
43,30,133,5,1.3027472819508032,strong,susceptible,0,1,0.0,-1,-1,1,0,0,0,28.3,25.0,17.05222275081043,29.656196654325047,23.000734622982783,48.16637831516918,1,0,1.302,1.303,60,0.58,142,48,0.58,210,142,48,0.0,1,1,0
43,31,133,5,1.3027472819508032,strong,susceptible,0,1,0.0,-1,-1,1,0,0,0,28.3,25.0,17.05222275081043,29.656196654325047,23.000734622982783,48.16637831516918,1,0,1.302,1.303,60,0.58,142,48,0.58,210,142,48,0.0,1,1,0
43,32,133,5,1.3027472819508032,strong,susceptible,0,1,0.0,-1,-1,1,0,0,0,28.3,25.0,17.05222275081043,29.656196654325047,23.000734622982783,48.16637831516918,1,0,1.302,1.303,60,0.58,142,48,0.58,210,142,48,0.0,1,1,0
43,33,133,5,1.3027472819508032,strong,susceptible,0,1,0.0,-1,-1,1,0,0,0,28.3,25.0,17.05222275081043,29.656196654325047,23.000734622982783,48.16637831516918,1,0,1.302,1.303,60,0.58,142,48,0.58,210,142,48,0.0,1,1,0
43,34,133,5,1.3027472819508032,strong,susceptible,0,1,0.0,-1,-1,1,0,0,0,28.3,25.0,17.05222275081043,29.656196654325047,23.000734622982783,48.16637831516918,1,0,1.302,1.303,60,0.58,142,48,0.58,210,142,48,0.0,1,1,0
43,35,133,5,1.3027472819508032,strong,susceptible,0,1,0.0,-1,-1,1,0,0,0,28.3,25.0,17.05222275081043,29.656196654325047,23.000734622982783,48.16637831516918,1,0,1.302,1.303,60,0.58,142,48,0.58,210,142,48,0.0,1,1,0
43,36,133,5,1.3027472819508032,strong,susceptible,0,1,0.0,-1,-1,1,0,0,0,28.3,25.0,17.05222275081043,29.656196654325047,23.000734622982783,48.16637831516918,1,0,1.302,1.303,60,0.58,142,48,0.58,210,142,48,0.0,1,1,0
43,37,133,5,1.3027472819508032,strong,susceptible,0,1,0.0,-1,-1,1,0,0,0,28.3,25.0,17.05222275081043,29.656196654325047,23.000734622982783,48.16637831516918,1,0,1.302,1.303,60,0.58,142,48,0.58,210,142,48,0.0,1,1,0
43,38,133,5,1.3027472819508032,strong,susceptible,0,1,0.0,-1,-1,1,0,0,0,28.3,25.0,17.05222275081043,29.656196654325047,23.000734622982783,48.16637831516918,1,0,1.302,1.303,60,0.58,142,48,0.58,210,142,48,0.0,1,1,0
43,39,133,5,1.3027472819508032,strong,susceptible,0,1,0.0,-1,-1,1,0,0,0,28.3,25.0,17.05222275081043,29.656196654325047,23.000734622982783,48.16637831516918,1,0,1.302,1.303,60,0.58,142,48,0.58,210,142,48,0.0,1,1,0
44,0,66,6,1.3022849628330293,medium,susceptible,0,1,0.0,-1,-1,0,1,0,0,26.3,28.6,17.99645306561807,32.68103425535979,30.061312809001794,50.44799302251776,1,0,1.302,1.303,60,0.58,142,48,0.58,210,142,48,0.0,1,1,0
44,1,66,6,1.3022849628330293,medium,susceptible,0,1,0.0,-1,-1,0,1,0,0,26.3,28.6,17.99645306561807,32.68103425535979,30.061312809001794,50.44799302251776,1,0,1.302,1.303,60,0.58,142,48,0.58,210,142,48,0.0,1,1,0
44,2,66,6,1.3022849628330293,medium,susceptible,0,1,0.0,-1,-1,0,1,0,0,26.3,28.6,17.99645306561807,32.68103425535979,30.061312809001794,50.44799302251776,1,0,1.302,1.303,60,0.58,142,48,0.58,210,142,48,0.0,1,1,0
44,3,66,6,1.3022849628330293,medium,susceptible,0,1,0.0,-1,-1,0,1,0,0,26.3,28.6,17.99645306561807,32.68103425535979,30.061312809001794,50.44799302251776,1,0,1.302,1.303,60,0.58,142,48,0.58,210,142,48,0.0,1,1,0
44,4,66,6,1.3022849628330293,medium,susceptible,0,1,0.0,-1,-1,0,1,0,0,26.3,28.6,17.99645306561807,32.68103425535979,30.061312809001794,50.44799302251776,1,0,1.302,1.303,60,0.58,142,48,0.58,210,142,48,0.0,1,1,0
44,5,66,6,1.3022849628330293,medium,susceptible,0,1,0.0,-1,-1,0,1,0,0,26.3,28.6,17.99645306561807,32.68103425535979,30.061312809001794,50.44799302251776,1,0,1.302,1.303,60,0.58,142,48,0.58,210,142,48,0.0,1,1,0
44,6,66,6,1.3022849628330293,medium,susceptible,0,1,0.0,-1,-1,0,1,0,0,26.3,28.6,17.99645306561807,32.68103425535979,30.061312809001794,50.44799302251776,1,0,1.302,1.303,60,0.58,142,48,0.58,210,142,48,0.0,1,1,0
44,7,66,6,1.3022849628330293,medium,susceptible,0,1,0.0,-1,-1,0,1,0,0,26.3,28.6,17.99645306561807,32.68103425535979,30.061312809001794,50.44799302251776,1,0,1.302,1.303,60,0.58,142,48,0.58,210,142,48,0.0,1,1,0
44,8,66,6,1.3022849628330293,medium,susceptible,0,1,0.0,-1,-1,0,1,0,0,26.3,28.6,17.99645306561807,32.68103425535979,30.061312809001794,50.44799302251776,1,0,1.302,1.303,60,0.58,142,48,0.58,210,142,48,0.0,1,1,0
44,9,66,6,1.3022849628330293,medium,susceptible,0,1,0.0,-1,-1,0,1,0,0,26.3,28.6,17.99645306561807,32.68103425535979,30.061312809001794,50.44799302251776,1,0,1.302,1.303,60,0.58,142,48,0.58,210,142,48,0.0,1,1,0
44,10,66,6,1.3022849628330293,medium,susceptible,0,1,0.0,-1,-1,0,1,0,0,26.3,28.6,17.99645306561807,32.68103425535979,30.061312809001794,50.44799302251776,1,0,1.302,1.303,60,0.58,142,48,0.58,210,142,48,0.0,1,1,0
44,11,66,6,1.3022849628330293,medium,susceptible,0,1,0.0,-1,-1,0,1,0,0,26.3,28.6,17.99645306561807,32.68103425535979,30.061312809001794,50.44799302251776,1,0,1.302,1.303,60,0.58,142,48,0.58,210,142,48,0.0,1,1,0
44,12,66,6,1.3022849628330293,medium,susceptible,0,1,0.0,-1,-1,0,1,0,0,26.3,28.6,17.99645306561807,32.68103425535979,30.061312809001794,50.44799302251776,1,0,1.302,1.303,60,0.58,142,48,0.58,210,142,48,0.0,1,1,0
44,13,66,6,1.3022849628330293,medium,susceptible,0,1,0.0,-1,-1,0,1,0,0,26.3,28.6,17.99645306561807,32.68103425535979,30.061312809001794,50.44799302251776,1,0,1.302,1.303,60,0.58,142,48,0.58,210,142,48,0.0,1,1,0
44,14,66,6,1.3022849628330293,medium,susceptible,0,1,0.0,-1,-1,0,1,0,0,26.3,28.6,17.99645306561807,32.68103425535979,30.061312809001794,50.44799302251776,1,0,1.302,1.303,60,0.58,142,48,0.58,210,142,48,0.0,1,1,0
44,15,66,6,1.3022849628330293,medium,susceptible,0,1,0.0,-1,-1,0,1,0,0,26.3,28.6,17.99645306561807,32.68103425535979,30.061312809001794,50.44799302251776,1,0,1.302,1.303,60,0.58,142,48,0.58,210,142,48,0.0,1,1,0
44,16,66,6,1.3022849628330293,medium,susceptible,0,1,0.0,-1,-1,0,1,0,0,26.3,28.6,17.99645306561807,32.68103425535979,30.061312809001794,50.44799302251776,1,0,1.302,1.303,60,0.58,142,48,0.58,210,142,48,0.0,1,1,0
44,17,66,6,1.3022849628330293,medium,susceptible,0,1,0.0,-1,-1,0,1,0,0,26.3,28.6,17.99645306561807,32.68103425535979,30.061312809001794,50.44799302251776,1,0,1.302,1.303,60,0.58,142,48,0.58,210,142,48,0.0,1,1,0
44,18,66,6,1.3022849628330293,medium,susceptible,0,1,0.0,-1,-1,0,1,0,0,26.3,28.6,17.99645306561807,32.68103425535979,30.061312809001794,50.44799302251776,1,0,1.302,1.303,60,0.58,142,48,0.58,210,142,48,0.0,1,1,0
44,19,66,6,1.3022849628330293,medium,susceptible,0,1,0.0,-1,-1,0,1,0,0,26.3,28.6,17.99645306561807,32.68103425535979,30.061312809001794,50.44799302251776,1,0,1.302,1.303,60,0.58,142,48,0.58,210,142,48,0.0,1,1,0
44,20,66,6,1.3022849628330293,medium,susceptible,0,1,0.0,-1,-1,0,1,0,0,26.3,28.6,17.99645306561807,32.68103425535979,30.061312809001794,50.44799302251776,1,0,1.302,1.303,60,0.58,142,48,0.58,210,142,48,0.0,1,1,0
44,22,66,6,1.3022849628330293,medium,infected,1,1,0.64,21,1,0,1,0,0,26.3,28.6,17.99645306561807,32.68103425535979,30.061312809001794,50.44799302251776,1,0,1.302,1.303,60,0.58,142,48,0.58,210,142,48,0.0,1,1,0
44,23,66,6,1.3022849628330293,medium,infected,1,1,9.364,21,2,0,1,0,0,26.3,28.6,17.99645306561807,32.68103425535979,30.061312809001794,50.44799302251776,1,0,1.302,1.303,60,0.58,142,48,0.58,210,142,48,0.0,1,1,0
44,24,66,6,1.3022849628330293,medium,infected,1,1,24.194,21,3,0,1,0,0,26.3,28.6,17.99645306561807,32.68103425535979,30.061312809001794,50.44799302251776,1,0,1.302,1.303,60,0.58,142,48,0.58,210,142,48,0.0,1,1,0
44,27,66,6,1.3022849628330293,medium,infected,1,1,37.391,21,6,0,1,0,0,26.3,28.6,17.99645306561807,32.68103425535979,30.061312809001794,50.44799302251776,1,0,1.302,1.303,60,0.58,142,48,0.58,210,142,48,0.0,1,1,0
44,28,66,6,1.3022849628330293,medium,infected,1,1,31.39,21,7,0,1,0,0,26.3,28.6,17.99645306561807,32.68103425535979,30.061312809001794,50.44799302251776,1,0,1.302,1.303,60,0.58,142,48,0.58,210,142,48,0.0,1,1,0
44,29,66,6,1.3022849628330293,medium,infected,1,1,24.295,21,8,0,1,0,0,26.3,28.6,17.99645306561807,32.68103425535979,30.061312809001794,50.44799302251776,1,0,1.302,1.303,60,0.58,142,48,0.58,210,142,48,0.0,1,1,0
44,30,66,6,1.3022849628330293,medium,infected,1,1,17.688,21,9,0,1,0,0,26.3,28.6,17.99645306561807,32.68103425535979,30.061312809001794,50.44799302251776,1,0,1.302,1.303,60,0.58,142,48,0.58,210,142,48,0.0,1,1,0
44,31,66,6,1.3022849628330293,medium,infected,1,1,12.279,21,10,0,1,0,0,26.3,28.6,17.99645306561807,32.68103425535979,30.061312809001794,50.44799302251776,1,0,1.302,1.303,60,0.58,142,48,0.58,210,142,48,0.0,1,1,0
44,32,66,6,1.3022849628330293,medium,infected,1,1,8.205,21,11,0,1,0,0,26.3,28.6,17.99645306561807,32.68103425535979,30.061312809001794,50.44799302251776,1,0,1.302,1.303,60,0.58,142,48,0.58,210,142,48,0.0,1,1,0
44,33,66,6,1.3022849628330293,medium,infected,1,1,5.314,21,12,0,1,0,0,26.3,28.6,17.99645306561807,32.68103425535979,30.061312809001794,50.44799302251776,1,0,1.302,1.303,60,0.58,142,48,0.58,210,142,48,0.0,1,1,0
44,34,66,6,1.3022849628330293,medium,infected,1,1,3.352,21,13,0,1,0,0,26.3,28.6,17.99645306561807,32.68103425535979,30.061312809001794,50.44799302251776,1,0,1.302,1.303,60,0.58,142,48,0.58,210,142,48,0.0,1,1,0
44,35,66,6,1.3022849628330293,medium,infected,1,1,2.069,21,14,0,1,0,0,26.3,28.6,17.99645306561807,32.68103425535979,30.061312809001794,50.44799302251776,1,0,1.302,1.303,60,0.58,142,48,0.58,210,142,48,0.0,1,1,0
44,36,66,6,1.3022849628330293,medium,infected,1,1,1.253,21,15,0,1,0,0,26.3,28.6,17.99645306561807,32.68103425535979,30.061312809001794,50.44799302251776,1,0,1.302,1.303,60,0.58,142,48,0.58,210,142,48,0.0,1,1,0
44,37,66,6,1.3022849628330293,medium,infected,1,1,0.746,21,16,0,1,0,0,26.3,28.6,17.99645306561807,32.68103425535979,30.061312809001794,50.44799302251776,1,0,1.302,1.303,60,0.58,142,48,0.58,210,142,48,0.0,1,1,0
44,38,66,6,1.3022849628330293,medium,recovered,2,1,0.62,21,17,0,1,0,0,26.3,28.6,17.99645306561807,32.68103425535979,30.061312809001794,50.44799302251776,1,0,1.302,1.303,60,0.58,142,48,0.58,210,142,48,0.0,1,1,0
44,39,66,6,1.3022849628330293,medium,recovered,2,1,0.62,21,18,0,1,0,0,26.3,28.6,17.99645306561807,32.68103425535979,30.061312809001794,50.44799302251776,1,0,1.302,1.303,60,0.58,142,48,0.58,210,142,48,0.0,1,1,0
45,0,15,4,1.3024641305725986,strong,susceptible,0,1,0.0,-1,-1,1,0,0,0,23.8,33.7,17.539614306718743,34.13693014903362,28.917926238182435,55.47071299343465,1,0,1.302,1.303,60,0.58,142,48,0.58,210,142,48,0.0,1,1,0
45,1,15,4,1.3024641305725986,strong,susceptible,0,1,0.0,-1,-1,1,0,0,0,23.8,33.7,17.539614306718743,34.13693014903362,28.917926238182435,55.47071299343465,1,0,1.302,1.303,60,0.58,142,48,0.58,210,142,48,0.0,1,1,0
45,2,15,4,1.3024641305725986,strong,susceptible,0,1,0.0,-1,-1,1,0,0,0,23.8,33.7,17.539614306718743,34.13693014903362,28.917926238182435,55.47071299343465,1,0,1.302,1.303,60,0.58,142,48,0.58,210,142,48,0.0,1,1,0
45,3,15,4,1.3024641305725986,strong,susceptible,0,1,0.0,-1,-1,1,0,0,0,23.8,33.7,17.539614306718743,34.13693014903362,28.917926238182435,55.47071299343465,1,0,1.302,1.303,60,0.58,142,48,0.58,210,142,48,0.0,1,1,0
45,4,15,4,1.3024641305725986,strong,susceptible,0,1,0.0,-1,-1,1,0,0,0,23.8,33.7,17.539614306718743,34.13693014903362,28.917926238182435,55.47071299343465,1,0,1.302,1.303,60,0.58,142,48,0.58,210,142,48,0.0,1,1,0
45,5,15,4,1.3024641305725986,strong,susceptible,0,1,0.0,-1,-1,1,0,0,0,23.8,33.7,17.539614306718743,34.13693014903362,28.917926238182435,55.47071299343465,1,0,1.302,1.303,60,0.58,142,48,0.58,210,142,48,0.0,1,1,0
45,6,15,4,1.3024641305725986,strong,susceptible,0,1,0.0,-1,-1,1,0,0,0,23.8,33.7,17.539614306718743,34.13693014903362,28.917926238182435,55.47071299343465,1,0,1.302,1.303,60,0.58,142,48,0.58,210,142,48,0.0,1,1,0
45,7,15,4,1.3024641305725986,strong,susceptible,0,1,0.0,-1,-1,1,0,0,0,23.8,33.7,17.539614306718743,34.13693014903362,28.917926238182435,55.47071299343465,1,0,1.302,1.303,60,0.58,142,48,0.58,210,142,48,0.0,1,1,0
45,8,15,4,1.3024641305725986,strong,susceptible,0,1,0.0,-1,-1,1,0,0,0,23.8,33.7,17.539614306718743,34.13693014903362,28.917926238182435,55.47071299343465,1,0,1.302,1.303,60,0.58,142,48,0.58,210,142,48,0.0,1,1,0
45,9,15,4,1.3024641305725986,strong,susceptible,0,1,0.0,-1,-1,1,0,0,0,23.8,33.7,17.539614306718743,34.13693014903362,28.917926238182435,55.47071299343465,1,0,1.302,1.303,60,0.58,142,48,0.58,210,142,48,0.0,1,1,0
45,10,15,4,1.3024641305725986,strong,susceptible,0,1,0.0,-1,-1,1,0,0,0,23.8,33.7,17.539614306718743,34.13693014903362,28.917926238182435,55.47071299343465,1,0,1.302,1.303,60,0.58,142,48,0.58,210,142,48,0.0,1,1,0
45,11,15,4,1.3024641305725986,strong,susceptible,0,1,0.0,-1,-1,1,0,0,0,23.8,33.7,17.539614306718743,34.13693014903362,28.917926238182435,55.47071299343465,1,0,1.302,1.303,60,0.58,142,48,0.58,210,142,48,0.0,1,1,0
45,12,15,4,1.3024641305725986,strong,susceptible,0,1,0.0,-1,-1,1,0,0,0,23.8,33.7,17.539614306718743,34.13693014903362,28.917926238182435,55.47071299343465,1,0,1.302,1.303,60,0.58,142,48,0.58,210,142,48,0.0,1,1,0
45,13,15,4,1.3024641305725986,strong,susceptible,0,1,0.0,-1,-1,1,0,0,0,23.8,33.7,17.539614306718743,34.13693014903362,28.917926238182435,55.47071299343465,1,0,1.302,1.303,60,0.58,142,48,0.58,210,142,48,0.0,1,1,0
45,14,15,4,1.3024641305725986,strong,susceptible,0,1,0.0,-1,-1,1,0,0,0,23.8,33.7,17.539614306718743,34.13693014903362,28.917926238182435,55.47071299343465,1,0,1.302,1.303,60,0.58,142,48,0.58,210,142,48,0.0,1,1,0
45,15,15,4,1.3024641305725986,strong,susceptible,0,1,0.0,-1,-1,1,0,0,0,23.8,33.7,17.539614306718743,34.13693014903362,28.917926238182435,55.47071299343465,1,0,1.302,1.303,60,0.58,142,48,0.58,210,142,48,0.0,1,1,0
45,16,15,4,1.3024641305725986,strong,susceptible,0,1,0.0,-1,-1,1,0,0,0,23.8,33.7,17.539614306718743,34.13693014903362,28.917926238182435,55.47071299343465,1,0,1.302,1.303,60,0.58,142,48,0.58,210,142,48,0.0,1,1,0
45,17,15,4,1.3024641305725986,strong,susceptible,0,1,0.0,-1,-1,1,0,0,0,23.8,33.7,17.539614306718743,34.13693014903362,28.917926238182435,55.47071299343465,1,0,1.302,1.303,60,0.58,142,48,0.58,210,142,48,0.0,1,1,0
45,18,15,4,1.3024641305725986,strong,susceptible,0,1,0.0,-1,-1,1,0,0,0,23.8,33.7,17.539614306718743,34.13693014903362,28.917926238182435,55.47071299343465,1,0,1.302,1.303,60,0.58,142,48,0.58,210,142,48,0.0,1,1,0
45,19,15,4,1.3024641305725986,strong,susceptible,0,1,0.0,-1,-1,1,0,0,0,23.8,33.7,17.539614306718743,34.13693014903362,28.917926238182435,55.47071299343465,1,0,1.302,1.303,60,0.58,142,48,0.58,210,142,48,0.0,1,1,0
45,20,15,4,1.3024641305725986,strong,susceptible,0,1,0.0,-1,-1,1,0,0,0,23.8,33.7,17.539614306718743,34.13693014903362,28.917926238182435,55.47071299343465,1,0,1.302,1.303,60,0.58,142,48,0.58,210,142,48,0.0,1,1,0
45,21,15,4,1.3024641305725986,strong,susceptible,0,1,0.0,-1,-1,1,0,0,0,23.8,33.7,17.539614306718743,34.13693014903362,28.917926238182435,55.47071299343465,1,0,1.302,1.303,60,0.58,142,48,0.58,210,142,48,0.0,1,1,0
45,22,15,4,1.3024641305725986,strong,susceptible,0,1,0.0,-1,-1,1,0,0,0,23.8,33.7,17.539614306718743,34.13693014903362,28.917926238182435,55.47071299343465,1,0,1.302,1.303,60,0.58,142,48,0.58,210,142,48,0.0,1,1,0
45,23,15,4,1.3024641305725986,strong,susceptible,0,1,0.0,-1,-1,1,0,0,0,23.8,33.7,17.539614306718743,34.13693014903362,28.917926238182435,55.47071299343465,1,0,1.302,1.303,60,0.58,142,48,0.58,210,142,48,0.0,1,1,0
45,24,15,4,1.3024641305725986,strong,susceptible,0,1,0.0,-1,-1,1,0,0,0,23.8,33.7,17.539614306718743,34.13693014903362,28.917926238182435,55.47071299343465,1,0,1.302,1.303,60,0.58,142,48,0.58,210,142,48,0.0,1,1,0
45,25,15,4,1.3024641305725986,strong,susceptible,0,1,0.0,-1,-1,1,0,0,0,23.8,33.7,17.539614306718743,34.13693014903362,28.917926238182435,55.47071299343465,1,0,1.302,1.303,60,0.58,142,48,0.58,210,142,48,0.0,1,1,0
45,26,15,4,1.3024641305725986,strong,susceptible,0,1,0.0,-1,-1,1,0,0,0,23.8,33.7,17.539614306718743,34.13693014903362,28.917926238182435,55.47071299343465,1,0,1.302,1.303,60,0.58,142,48,0.58,210,142,48,0.0,1,1,0
45,27,15,4,1.3024641305725986,strong,susceptible,0,1,0.0,-1,-1,1,0,0,0,23.8,33.7,17.539614306718743,34.13693014903362,28.917926238182435,55.47071299343465,1,0,1.302,1.303,60,0.58,142,48,0.58,210,142,48,0.0,1,1,0
45,28,15,4,1.3024641305725986,strong,susceptible,0,1,0.0,-1,-1,1,0,0,0,23.8,33.7,17.539614306718743,34.13693014903362,28.917926238182435,55.47071299343465,1,0,1.302,1.303,60,0.58,142,48,0.58,210,142,48,0.0,1,1,0
45,29,15,4,1.3024641305725986,strong,susceptible,0,1,0.0,-1,-1,1,0,0,0,23.8,33.7,17.539614306718743,34.13693014903362,28.917926238182435,55.47071299343465,1,0,1.302,1.303,60,0.58,142,48,0.58,210,142,48,0.0,1,1,0
45,30,15,4,1.3024641305725986,strong,susceptible,0,1,0.0,-1,-1,1,0,0,0,23.8,33.7,17.539614306718743,34.13693014903362,28.917926238182435,55.47071299343465,1,0,1.302,1.303,60,0.58,142,48,0.58,210,142,48,0.0,1,1,0
45,31,15,4,1.3024641305725986,strong,susceptible,0,1,0.0,-1,-1,1,0,0,0,23.8,33.7,17.539614306718743,34.13693014903362,28.917926238182435,55.47071299343465,1,0,1.302,1.303,60,0.58,142,48,0.58,210,142,48,0.0,1,1,0
45,32,15,4,1.3024641305725986,strong,susceptible,0,1,0.0,-1,-1,1,0,0,0,23.8,33.7,17.539614306718743,34.13693014903362,28.917926238182435,55.47071299343465,1,0,1.302,1.303,60,0.58,142,48,0.58,210,142,48,0.0,1,1,0
45,33,15,4,1.3024641305725986,strong,susceptible,0,1,0.0,-1,-1,1,0,0,0,23.8,33.7,17.539614306718743,34.13693014903362,28.917926238182435,55.47071299343465,1,0,1.302,1.303,60,0.58,142,48,0.58,210,142,48,0.0,1,1,0
45,34,15,4,1.3024641305725986,strong,susceptible,0,1,0.0,-1,-1,1,0,0,0,23.8,33.7,17.539614306718743,34.13693014903362,28.917926238182435,55.47071299343465,1,0,1.302,1.303,60,0.58,142,48,0.58,210,142,48,0.0,1,1,0
45,35,15,4,1.3024641305725986,strong,susceptible,0,1,0.0,-1,-1,1,0,0,0,23.8,33.7,17.539614306718743,34.13693014903362,28.917926238182435,55.47071299343465,1,0,1.302,1.303,60,0.58,142,48,0.58,210,142,48,0.0,1,1,0
45,36,15,4,1.3024641305725986,strong,susceptible,0,1,0.0,-1,-1,1,0,0,0,23.8,33.7,17.539614306718743,34.13693014903362,28.917926238182435,55.47071299343465,1,0,1.302,1.303,60,0.58,142,48,0.58,210,142,48,0.0,1,1,0
45,37,15,4,1.3024641305725986,strong,susceptible,0,1,0.0,-1,-1,1,0,0,0,23.8,33.7,17.539614306718743,34.13693014903362,28.917926238182435,55.47071299343465,1,0,1.302,1.303,60,0.58,142,48,0.58,210,142,48,0.0,1,1,0
45,38,15,4,1.3024641305725986,strong,susceptible,0,1,0.0,-1,-1,1,0,0,0,23.8,33.7,17.539614306718743,34.13693014903362,28.917926238182435,55.47071299343465,1,0,1.302,1.303,60,0.58,142,48,0.58,210,142,48,0.0,1,1,0
45,39,15,4,1.3024641305725986,strong,susceptible,0,1,0.0,-1,-1,1,0,0,0,23.8,33.7,17.539614306718743,34.13693014903362,28.917926238182435,55.47071299343465,1,0,1.302,1.303,60,0.58,142,48,0.58,210,142,48,0.0,1,1,0
46,0,140,7,1.3022744726552453,low,susceptible,0,1,0.0,-1,-1,0,0,1,0,23.1,26.0,18.384592613186463,22.50799857828323,25.15718798182404,42.01190307520001,1,0,1.302,1.303,60,0.58,142,48,0.58,210,142,48,0.0,1,1,0
46,1,140,7,1.3022744726552453,low,susceptible,0,1,0.0,-1,-1,0,0,1,0,23.1,26.0,18.384592613186463,22.50799857828323,25.15718798182404,42.01190307520001,1,0,1.302,1.303,60,0.58,142,48,0.58,210,142,48,0.0,1,1,0
46,2,140,7,1.3022744726552453,low,susceptible,0,1,0.0,-1,-1,0,0,1,0,23.1,26.0,18.384592613186463,22.50799857828323,25.15718798182404,42.01190307520001,1,0,1.302,1.303,60,0.58,142,48,0.58,210,142,48,0.0,1,1,0
46,3,140,7,1.3022744726552453,low,susceptible,0,1,0.0,-1,-1,0,0,1,0,23.1,26.0,18.384592613186463,22.50799857828323,25.15718798182404,42.01190307520001,1,0,1.302,1.303,60,0.58,142,48,0.58,210,142,48,0.0,1,1,0
46,4,140,7,1.3022744726552453,low,susceptible,0,1,0.0,-1,-1,0,0,1,0,23.1,26.0,18.384592613186463,22.50799857828323,25.15718798182404,42.01190307520001,1,0,1.302,1.303,60,0.58,142,48,0.58,210,142,48,0.0,1,1,0
46,5,140,7,1.3022744726552453,low,susceptible,0,1,0.0,-1,-1,0,0,1,0,23.1,26.0,18.384592613186463,22.50799857828323,25.15718798182404,42.01190307520001,1,0,1.302,1.303,60,0.58,142,48,0.58,210,142,48,0.0,1,1,0
46,6,140,7,1.3022744726552453,low,susceptible,0,1,0.0,-1,-1,0,0,1,0,23.1,26.0,18.384592613186463,22.50799857828323,25.15718798182404,42.01190307520001,1,0,1.302,1.303,60,0.58,142,48,0.58,210,142,48,0.0,1,1,0
46,7,140,7,1.3022744726552453,low,susceptible,0,1,0.0,-1,-1,0,0,1,0,23.1,26.0,18.384592613186463,22.50799857828323,25.15718798182404,42.01190307520001,1,0,1.302,1.303,60,0.58,142,48,0.58,210,142,48,0.0,1,1,0
46,8,140,7,1.3022744726552453,low,susceptible,0,1,0.0,-1,-1,0,0,1,0,23.1,26.0,18.384592613186463,22.50799857828323,25.15718798182404,42.01190307520001,1,0,1.302,1.303,60,0.58,142,48,0.58,210,142,48,0.0,1,1,0
46,9,140,7,1.3022744726552453,low,susceptible,0,1,0.0,-1,-1,0,0,1,0,23.1,26.0,18.384592613186463,22.50799857828323,25.15718798182404,42.01190307520001,1,0,1.302,1.303,60,0.58,142,48,0.58,210,142,48,0.0,1,1,0
46,10,140,7,1.3022744726552453,low,susceptible,0,1,0.0,-1,-1,0,0,1,0,23.1,26.0,18.384592613186463,22.50799857828323,25.15718798182404,42.01190307520001,1,0,1.302,1.303,60,0.58,142,48,0.58,210,142,48,0.0,1,1,0
46,11,140,7,1.3022744726552453,low,susceptible,0,1,0.0,-1,-1,0,0,1,0,23.1,26.0,18.384592613186463,22.50799857828323,25.15718798182404,42.01190307520001,1,0,1.302,1.303,60,0.58,142,48,0.58,210,142,48,0.0,1,1,0
46,12,140,7,1.3022744726552453,low,susceptible,0,1,0.0,-1,-1,0,0,1,0,23.1,26.0,18.384592613186463,22.50799857828323,25.15718798182404,42.01190307520001,1,0,1.302,1.303,60,0.58,142,48,0.58,210,142,48,0.0,1,1,0
46,13,140,7,1.3022744726552453,low,susceptible,0,1,0.0,-1,-1,0,0,1,0,23.1,26.0,18.384592613186463,22.50799857828323,25.15718798182404,42.01190307520001,1,0,1.302,1.303,60,0.58,142,48,0.58,210,142,48,0.0,1,1,0
46,14,140,7,1.3022744726552453,low,susceptible,0,1,0.0,-1,-1,0,0,1,0,23.1,26.0,18.384592613186463,22.50799857828323,25.15718798182404,42.01190307520001,1,0,1.302,1.303,60,0.58,142,48,0.58,210,142,48,0.0,1,1,0
46,15,140,7,1.3022744726552453,low,susceptible,0,1,0.0,-1,-1,0,0,1,0,23.1,26.0,18.384592613186463,22.50799857828323,25.15718798182404,42.01190307520001,1,0,1.302,1.303,60,0.58,142,48,0.58,210,142,48,0.0,1,1,0
46,16,140,7,1.3022744726552453,low,susceptible,0,1,0.0,-1,-1,0,0,1,0,23.1,26.0,18.384592613186463,22.50799857828323,25.15718798182404,42.01190307520001,1,0,1.302,1.303,60,0.58,142,48,0.58,210,142,48,0.0,1,1,0
46,17,140,7,1.3022744726552453,low,susceptible,0,1,0.0,-1,-1,0,0,1,0,23.1,26.0,18.384592613186463,22.50799857828323,25.15718798182404,42.01190307520001,1,0,1.302,1.303,60,0.58,142,48,0.58,210,142,48,0.0,1,1,0
46,18,140,7,1.3022744726552453,low,susceptible,0,1,0.0,-1,-1,0,0,1,0,23.1,26.0,18.384592613186463,22.50799857828323,25.15718798182404,42.01190307520001,1,0,1.302,1.303,60,0.58,142,48,0.58,210,142,48,0.0,1,1,0
46,19,140,7,1.3022744726552453,low,susceptible,0,1,0.0,-1,-1,0,0,1,0,23.1,26.0,18.384592613186463,22.50799857828323,25.15718798182404,42.01190307520001,1,0,1.302,1.303,60,0.58,142,48,0.58,210,142,48,0.0,1,1,0
46,20,140,7,1.3022744726552453,low,susceptible,0,1,0.0,-1,-1,0,0,1,0,23.1,26.0,18.384592613186463,22.50799857828323,25.15718798182404,42.01190307520001,1,0,1.302,1.303,60,0.58,142,48,0.58,210,142,48,0.0,1,1,0
46,21,140,7,1.3022744726552453,low,susceptible,0,1,0.0,-1,-1,0,0,1,0,23.1,26.0,18.384592613186463,22.50799857828323,25.15718798182404,42.01190307520001,1,0,1.302,1.303,60,0.58,142,48,0.58,210,142,48,0.0,1,1,0
46,22,140,7,1.3022744726552453,low,susceptible,0,1,0.0,-1,-1,0,0,1,0,23.1,26.0,18.384592613186463,22.50799857828323,25.15718798182404,42.01190307520001,1,0,1.302,1.303,60,0.58,142,48,0.58,210,142,48,0.0,1,1,0
46,23,140,7,1.3022744726552453,low,susceptible,0,1,0.0,-1,-1,0,0,1,0,23.1,26.0,18.384592613186463,22.50799857828323,25.15718798182404,42.01190307520001,1,0,1.302,1.303,60,0.58,142,48,0.58,210,142,48,0.0,1,1,0
46,24,140,7,1.3022744726552453,low,susceptible,0,1,0.0,-1,-1,0,0,1,0,23.1,26.0,18.384592613186463,22.50799857828323,25.15718798182404,42.01190307520001,1,0,1.302,1.303,60,0.58,142,48,0.58,210,142,48,0.0,1,1,0
46,25,140,7,1.3022744726552453,low,susceptible,0,1,0.0,-1,-1,0,0,1,0,23.1,26.0,18.384592613186463,22.50799857828323,25.15718798182404,42.01190307520001,1,0,1.302,1.303,60,0.58,142,48,0.58,210,142,48,0.0,1,1,0
46,26,140,7,1.3022744726552453,low,susceptible,0,1,0.0,-1,-1,0,0,1,0,23.1,26.0,18.384592613186463,22.50799857828323,25.15718798182404,42.01190307520001,1,0,1.302,1.303,60,0.58,142,48,0.58,210,142,48,0.0,1,1,0
46,27,140,7,1.3022744726552453,low,susceptible,0,1,0.0,-1,-1,0,0,1,0,23.1,26.0,18.384592613186463,22.50799857828323,25.15718798182404,42.01190307520001,1,0,1.302,1.303,60,0.58,142,48,0.58,210,142,48,0.0,1,1,0
46,28,140,7,1.3022744726552453,low,susceptible,0,1,0.0,-1,-1,0,0,1,0,23.1,26.0,18.384592613186463,22.50799857828323,25.15718798182404,42.01190307520001,1,0,1.302,1.303,60,0.58,142,48,0.58,210,142,48,0.0,1,1,0
46,29,140,7,1.3022744726552453,low,susceptible,0,1,0.0,-1,-1,0,0,1,0,23.1,26.0,18.384592613186463,22.50799857828323,25.15718798182404,42.01190307520001,1,0,1.302,1.303,60,0.58,142,48,0.58,210,142,48,0.0,1,1,0
46,30,140,7,1.3022744726552453,low,susceptible,0,1,0.0,-1,-1,0,0,1,0,23.1,26.0,18.384592613186463,22.50799857828323,25.15718798182404,42.01190307520001,1,0,1.302,1.303,60,0.58,142,48,0.58,210,142,48,0.0,1,1,0
46,31,140,7,1.3022744726552453,low,susceptible,0,1,0.0,-1,-1,0,0,1,0,23.1,26.0,18.384592613186463,22.50799857828323,25.15718798182404,42.01190307520001,1,0,1.302,1.303,60,0.58,142,48,0.58,210,142,48,0.0,1,1,0
46,32,140,7,1.3022744726552453,low,susceptible,0,1,0.0,-1,-1,0,0,1,0,23.1,26.0,18.384592613186463,22.50799857828323,25.15718798182404,42.01190307520001,1,0,1.302,1.303,60,0.58,142,48,0.58,210,142,48,0.0,1,1,0
46,33,140,7,1.3022744726552453,low,susceptible,0,1,0.0,-1,-1,0,0,1,0,23.1,26.0,18.384592613186463,22.50799857828323,25.15718798182404,42.01190307520001,1,0,1.302,1.303,60,0.58,142,48,0.58,210,142,48,0.0,1,1,0
46,34,140,7,1.3022744726552453,low,susceptible,0,1,0.0,-1,-1,0,0,1,0,23.1,26.0,18.384592613186463,22.50799857828323,25.15718798182404,42.01190307520001,1,0,1.302,1.303,60,0.58,142,48,0.58,210,142,48,0.0,1,1,0
46,35,140,7,1.3022744726552453,low,susceptible,0,1,0.0,-1,-1,0,0,1,0,23.1,26.0,18.384592613186463,22.50799857828323,25.15718798182404,42.01190307520001,1,0,1.302,1.303,60,0.58,142,48,0.58,210,142,48,0.0,1,1,0
46,36,140,7,1.3022744726552453,low,susceptible,0,1,0.0,-1,-1,0,0,1,0,23.1,26.0,18.384592613186463,22.50799857828323,25.15718798182404,42.01190307520001,1,0,1.302,1.303,60,0.58,142,48,0.58,210,142,48,0.0,1,1,0
46,37,140,7,1.3022744726552453,low,susceptible,0,1,0.0,-1,-1,0,0,1,0,23.1,26.0,18.384592613186463,22.50799857828323,25.15718798182404,42.01190307520001,1,0,1.302,1.303,60,0.58,142,48,0.58,210,142,48,0.0,1,1,0
46,38,140,7,1.3022744726552453,low,susceptible,0,1,0.0,-1,-1,0,0,1,0,23.1,26.0,18.384592613186463,22.50799857828323,25.15718798182404,42.01190307520001,1,0,1.302,1.303,60,0.58,142,48,0.58,210,142,48,0.0,1,1,0
46,39,140,7,1.3022744726552453,low,susceptible,0,1,0.0,-1,-1,0,0,1,0,23.1,26.0,18.384592613186463,22.50799857828323,25.15718798182404,42.01190307520001,1,0,1.302,1.303,60,0.58,142,48,0.58,210,142,48,0.0,1,1,0
47,0,3,1,1.3028817872834035,medium,susceptible,0,1,0.0,-1,-1,0,1,0,0,24.6,30.9,20.213277132774465,29.95947262553198,24.3709653678867,39.395431207184416,1,0,1.302,1.303,60,0.58,142,48,0.58,210,142,48,0.0,1,1,0
47,1,3,1,1.3028817872834035,medium,susceptible,0,1,0.0,-1,-1,0,1,0,0,24.6,30.9,20.213277132774465,29.95947262553198,24.3709653678867,39.395431207184416,1,0,1.302,1.303,60,0.58,142,48,0.58,210,142,48,0.0,1,1,0
47,2,3,1,1.3028817872834035,medium,susceptible,0,1,0.0,-1,-1,0,1,0,0,24.6,30.9,20.213277132774465,29.95947262553198,24.3709653678867,39.395431207184416,1,0,1.302,1.303,60,0.58,142,48,0.58,210,142,48,0.0,1,1,0
47,3,3,1,1.3028817872834035,medium,susceptible,0,1,0.0,-1,-1,0,1,0,0,24.6,30.9,20.213277132774465,29.95947262553198,24.3709653678867,39.395431207184416,1,0,1.302,1.303,60,0.58,142,48,0.58,210,142,48,0.0,1,1,0
47,4,3,1,1.3028817872834035,medium,susceptible,0,1,0.0,-1,-1,0,1,0,0,24.6,30.9,20.213277132774465,29.95947262553198,24.3709653678867,39.395431207184416,1,0,1.302,1.303,60,0.58,142,48,0.58,210,142,48,0.0,1,1,0
47,5,3,1,1.3028817872834035,medium,susceptible,0,1,0.0,-1,-1,0,1,0,0,24.6,30.9,20.213277132774465,29.95947262553198,24.3709653678867,39.395431207184416,1,0,1.302,1.303,60,0.58,142,48,0.58,210,142,48,0.0,1,1,0
47,6,3,1,1.3028817872834035,medium,susceptible,0,1,0.0,-1,-1,0,1,0,0,24.6,30.9,20.213277132774465,29.95947262553198,24.3709653678867,39.395431207184416,1,0,1.302,1.303,60,0.58,142,48,0.58,210,142,48,0.0,1,1,0
47,7,3,1,1.3028817872834035,medium,susceptible,0,1,0.0,-1,-1,0,1,0,0,24.6,30.9,20.213277132774465,29.95947262553198,24.3709653678867,39.395431207184416,1,0,1.302,1.303,60,0.58,142,48,0.58,210,142,48,0.0,1,1,0
47,8,3,1,1.3028817872834035,medium,susceptible,0,1,0.0,-1,-1,0,1,0,0,24.6,30.9,20.213277132774465,29.95947262553198,24.3709653678867,39.395431207184416,1,0,1.302,1.303,60,0.58,142,48,0.58,210,142,48,0.0,1,1,0
47,9,3,1,1.3028817872834035,medium,susceptible,0,1,0.0,-1,-1,0,1,0,0,24.6,30.9,20.213277132774465,29.95947262553198,24.3709653678867,39.395431207184416,1,0,1.302,1.303,60,0.58,142,48,0.58,210,142,48,0.0,1,1,0
47,10,3,1,1.3028817872834035,medium,susceptible,0,1,0.0,-1,-1,0,1,0,0,24.6,30.9,20.213277132774465,29.95947262553198,24.3709653678867,39.395431207184416,1,0,1.302,1.303,60,0.58,142,48,0.58,210,142,48,0.0,1,1,0
47,11,3,1,1.3028817872834035,medium,susceptible,0,1,0.0,-1,-1,0,1,0,0,24.6,30.9,20.213277132774465,29.95947262553198,24.3709653678867,39.395431207184416,1,0,1.302,1.303,60,0.58,142,48,0.58,210,142,48,0.0,1,1,0
47,12,3,1,1.3028817872834035,medium,susceptible,0,1,0.0,-1,-1,0,1,0,0,24.6,30.9,20.213277132774465,29.95947262553198,24.3709653678867,39.395431207184416,1,0,1.302,1.303,60,0.58,142,48,0.58,210,142,48,0.0,1,1,0
47,13,3,1,1.3028817872834035,medium,susceptible,0,1,0.0,-1,-1,0,1,0,0,24.6,30.9,20.213277132774465,29.95947262553198,24.3709653678867,39.395431207184416,1,0,1.302,1.303,60,0.58,142,48,0.58,210,142,48,0.0,1,1,0
47,14,3,1,1.3028817872834035,medium,susceptible,0,1,0.0,-1,-1,0,1,0,0,24.6,30.9,20.213277132774465,29.95947262553198,24.3709653678867,39.395431207184416,1,0,1.302,1.303,60,0.58,142,48,0.58,210,142,48,0.0,1,1,0
47,15,3,1,1.3028817872834035,medium,susceptible,0,1,0.0,-1,-1,0,1,0,0,24.6,30.9,20.213277132774465,29.95947262553198,24.3709653678867,39.395431207184416,1,0,1.302,1.303,60,0.58,142,48,0.58,210,142,48,0.0,1,1,0
47,16,3,1,1.3028817872834035,medium,susceptible,0,1,0.0,-1,-1,0,1,0,0,24.6,30.9,20.213277132774465,29.95947262553198,24.3709653678867,39.395431207184416,1,0,1.302,1.303,60,0.58,142,48,0.58,210,142,48,0.0,1,1,0
47,17,3,1,1.3028817872834035,medium,susceptible,0,1,0.0,-1,-1,0,1,0,0,24.6,30.9,20.213277132774465,29.95947262553198,24.3709653678867,39.395431207184416,1,0,1.302,1.303,60,0.58,142,48,0.58,210,142,48,0.0,1,1,0
47,18,3,1,1.3028817872834035,medium,susceptible,0,1,0.0,-1,-1,0,1,0,0,24.6,30.9,20.213277132774465,29.95947262553198,24.3709653678867,39.395431207184416,1,0,1.302,1.303,60,0.58,142,48,0.58,210,142,48,0.0,1,1,0
47,19,3,1,1.3028817872834035,medium,susceptible,0,1,0.0,-1,-1,0,1,0,0,24.6,30.9,20.213277132774465,29.95947262553198,24.3709653678867,39.395431207184416,1,0,1.302,1.303,60,0.58,142,48,0.58,210,142,48,0.0,1,1,0
47,20,3,1,1.3028817872834035,medium,susceptible,0,1,0.0,-1,-1,0,1,0,0,24.6,30.9,20.213277132774465,29.95947262553198,24.3709653678867,39.395431207184416,1,0,1.302,1.303,60,0.58,142,48,0.58,210,142,48,0.0,1,1,0
47,21,3,1,1.3028817872834035,medium,susceptible,0,1,0.0,-1,-1,0,1,0,0,24.6,30.9,20.213277132774465,29.95947262553198,24.3709653678867,39.395431207184416,1,0,1.302,1.303,60,0.58,142,48,0.58,210,142,48,0.0,1,1,0
47,22,3,1,1.3028817872834035,medium,susceptible,0,1,0.0,-1,-1,0,1,0,0,24.6,30.9,20.213277132774465,29.95947262553198,24.3709653678867,39.395431207184416,1,0,1.302,1.303,60,0.58,142,48,0.58,210,142,48,0.0,1,1,0
47,23,3,1,1.3028817872834035,medium,susceptible,0,1,0.0,-1,-1,0,1,0,0,24.6,30.9,20.213277132774465,29.95947262553198,24.3709653678867,39.395431207184416,1,0,1.302,1.303,60,0.58,142,48,0.58,210,142,48,0.0,1,1,0
47,24,3,1,1.3028817872834035,medium,susceptible,0,1,0.0,-1,-1,0,1,0,0,24.6,30.9,20.213277132774465,29.95947262553198,24.3709653678867,39.395431207184416,1,0,1.302,1.303,60,0.58,142,48,0.58,210,142,48,0.0,1,1,0
47,25,3,1,1.3028817872834035,medium,susceptible,0,1,0.0,-1,-1,0,1,0,0,24.6,30.9,20.213277132774465,29.95947262553198,24.3709653678867,39.395431207184416,1,0,1.302,1.303,60,0.58,142,48,0.58,210,142,48,0.0,1,1,0
47,26,3,1,1.3028817872834035,medium,susceptible,0,1,0.0,-1,-1,0,1,0,0,24.6,30.9,20.213277132774465,29.95947262553198,24.3709653678867,39.395431207184416,1,0,1.302,1.303,60,0.58,142,48,0.58,210,142,48,0.0,1,1,0
47,27,3,1,1.3028817872834035,medium,susceptible,0,1,0.0,-1,-1,0,1,0,0,24.6,30.9,20.213277132774465,29.95947262553198,24.3709653678867,39.395431207184416,1,0,1.302,1.303,60,0.58,142,48,0.58,210,142,48,0.0,1,1,0
47,28,3,1,1.3028817872834035,medium,susceptible,0,1,0.0,-1,-1,0,1,0,0,24.6,30.9,20.213277132774465,29.95947262553198,24.3709653678867,39.395431207184416,1,0,1.302,1.303,60,0.58,142,48,0.58,210,142,48,0.0,1,1,0
47,29,3,1,1.3028817872834035,medium,susceptible,0,1,0.0,-1,-1,0,1,0,0,24.6,30.9,20.213277132774465,29.95947262553198,24.3709653678867,39.395431207184416,1,0,1.302,1.303,60,0.58,142,48,0.58,210,142,48,0.0,1,1,0
47,30,3,1,1.3028817872834035,medium,susceptible,0,1,0.0,-1,-1,0,1,0,0,24.6,30.9,20.213277132774465,29.95947262553198,24.3709653678867,39.395431207184416,1,0,1.302,1.303,60,0.58,142,48,0.58,210,142,48,0.0,1,1,0
47,31,3,1,1.3028817872834035,medium,susceptible,0,1,0.0,-1,-1,0,1,0,0,24.6,30.9,20.213277132774465,29.95947262553198,24.3709653678867,39.395431207184416,1,0,1.302,1.303,60,0.58,142,48,0.58,210,142,48,0.0,1,1,0
47,32,3,1,1.3028817872834035,medium,susceptible,0,1,0.0,-1,-1,0,1,0,0,24.6,30.9,20.213277132774465,29.95947262553198,24.3709653678867,39.395431207184416,1,0,1.302,1.303,60,0.58,142,48,0.58,210,142,48,0.0,1,1,0
47,33,3,1,1.3028817872834035,medium,susceptible,0,1,0.0,-1,-1,0,1,0,0,24.6,30.9,20.213277132774465,29.95947262553198,24.3709653678867,39.395431207184416,1,0,1.302,1.303,60,0.58,142,48,0.58,210,142,48,0.0,1,1,0
47,34,3,1,1.3028817872834035,medium,susceptible,0,1,0.0,-1,-1,0,1,0,0,24.6,30.9,20.213277132774465,29.95947262553198,24.3709653678867,39.395431207184416,1,0,1.302,1.303,60,0.58,142,48,0.58,210,142,48,0.0,1,1,0
47,35,3,1,1.3028817872834035,medium,susceptible,0,1,0.0,-1,-1,0,1,0,0,24.6,30.9,20.213277132774465,29.95947262553198,24.3709653678867,39.395431207184416,1,0,1.302,1.303,60,0.58,142,48,0.58,210,142,48,0.0,1,1,0
47,36,3,1,1.3028817872834035,medium,susceptible,0,1,0.0,-1,-1,0,1,0,0,24.6,30.9,20.213277132774465,29.95947262553198,24.3709653678867,39.395431207184416,1,0,1.302,1.303,60,0.58,142,48,0.58,210,142,48,0.0,1,1,0
47,37,3,1,1.3028817872834035,medium,susceptible,0,1,0.0,-1,-1,0,1,0,0,24.6,30.9,20.213277132774465,29.95947262553198,24.3709653678867,39.395431207184416,1,0,1.302,1.303,60,0.58,142,48,0.58,210,142,48,0.0,1,1,0
47,38,3,1,1.3028817872834035,medium,susceptible,0,1,0.0,-1,-1,0,1,0,0,24.6,30.9,20.213277132774465,29.95947262553198,24.3709653678867,39.395431207184416,1,0,1.302,1.303,60,0.58,142,48,0.58,210,142,48,0.0,1,1,0
47,39,3,1,1.3028817872834035,medium,susceptible,0,1,0.0,-1,-1,0,1,0,0,24.6,30.9,20.213277132774465,29.95947262553198,24.3709653678867,39.395431207184416,1,0,1.302,1.303,60,0.58,142,48,0.58,210,142,48,0.0,1,1,0
48,0,23,2,1.3025826892216898,medium,susceptible,0,1,0.0,-1,-1,0,1,0,0,16.7,24.1,18.282806495499518,28.44819853699,32.4684152548204,44.10215414239989,1,0,1.302,1.303,60,0.58,142,48,0.58,210,142,48,0.0,1,1,0
48,1,23,2,1.3025826892216898,medium,susceptible,0,1,0.0,-1,-1,0,1,0,0,16.7,24.1,18.282806495499518,28.44819853699,32.4684152548204,44.10215414239989,1,0,1.302,1.303,60,0.58,142,48,0.58,210,142,48,0.0,1,1,0
48,2,23,2,1.3025826892216898,medium,susceptible,0,1,0.0,-1,-1,0,1,0,0,16.7,24.1,18.282806495499518,28.44819853699,32.4684152548204,44.10215414239989,1,0,1.302,1.303,60,0.58,142,48,0.58,210,142,48,0.0,1,1,0
48,3,23,2,1.3025826892216898,medium,susceptible,0,1,0.0,-1,-1,0,1,0,0,16.7,24.1,18.282806495499518,28.44819853699,32.4684152548204,44.10215414239989,1,0,1.302,1.303,60,0.58,142,48,0.58,210,142,48,0.0,1,1,0
48,4,23,2,1.3025826892216898,medium,susceptible,0,1,0.0,-1,-1,0,1,0,0,16.7,24.1,18.282806495499518,28.44819853699,32.4684152548204,44.10215414239989,1,0,1.302,1.303,60,0.58,142,48,0.58,210,142,48,0.0,1,1,0
48,5,23,2,1.3025826892216898,medium,susceptible,0,1,0.0,-1,-1,0,1,0,0,16.7,24.1,18.282806495499518,28.44819853699,32.4684152548204,44.10215414239989,1,0,1.302,1.303,60,0.58,142,48,0.58,210,142,48,0.0,1,1,0
48,6,23,2,1.3025826892216898,medium,susceptible,0,1,0.0,-1,-1,0,1,0,0,16.7,24.1,18.282806495499518,28.44819853699,32.4684152548204,44.10215414239989,1,0,1.302,1.303,60,0.58,142,48,0.58,210,142,48,0.0,1,1,0
48,7,23,2,1.3025826892216898,medium,susceptible,0,1,0.0,-1,-1,0,1,0,0,16.7,24.1,18.282806495499518,28.44819853699,32.4684152548204,44.10215414239989,1,0,1.302,1.303,60,0.58,142,48,0.58,210,142,48,0.0,1,1,0
48,8,23,2,1.3025826892216898,medium,susceptible,0,1,0.0,-1,-1,0,1,0,0,16.7,24.1,18.282806495499518,28.44819853699,32.4684152548204,44.10215414239989,1,0,1.302,1.303,60,0.58,142,48,0.58,210,142,48,0.0,1,1,0
48,9,23,2,1.3025826892216898,medium,susceptible,0,1,0.0,-1,-1,0,1,0,0,16.7,24.1,18.282806495499518,28.44819853699,32.4684152548204,44.10215414239989,1,0,1.302,1.303,60,0.58,142,48,0.58,210,142,48,0.0,1,1,0
48,10,23,2,1.3025826892216898,medium,susceptible,0,1,0.0,-1,-1,0,1,0,0,16.7,24.1,18.282806495499518,28.44819853699,32.4684152548204,44.10215414239989,1,0,1.302,1.303,60,0.58,142,48,0.58,210,142,48,0.0,1,1,0
48,11,23,2,1.3025826892216898,medium,susceptible,0,1,0.0,-1,-1,0,1,0,0,16.7,24.1,18.282806495499518,28.44819853699,32.4684152548204,44.10215414239989,1,0,1.302,1.303,60,0.58,142,48,0.58,210,142,48,0.0,1,1,0
48,12,23,2,1.3025826892216898,medium,susceptible,0,1,0.0,-1,-1,0,1,0,0,16.7,24.1,18.282806495499518,28.44819853699,32.4684152548204,44.10215414239989,1,0,1.302,1.303,60,0.58,142,48,0.58,210,142,48,0.0,1,1,0
48,13,23,2,1.3025826892216898,medium,susceptible,0,1,0.0,-1,-1,0,1,0,0,16.7,24.1,18.282806495499518,28.44819853699,32.4684152548204,44.10215414239989,1,0,1.302,1.303,60,0.58,142,48,0.58,210,142,48,0.0,1,1,0
48,14,23,2,1.3025826892216898,medium,susceptible,0,1,0.0,-1,-1,0,1,0,0,16.7,24.1,18.282806495499518,28.44819853699,32.4684152548204,44.10215414239989,1,0,1.302,1.303,60,0.58,142,48,0.58,210,142,48,0.0,1,1,0
48,15,23,2,1.3025826892216898,medium,susceptible,0,1,0.0,-1,-1,0,1,0,0,16.7,24.1,18.282806495499518,28.44819853699,32.4684152548204,44.10215414239989,1,0,1.302,1.303,60,0.58,142,48,0.58,210,142,48,0.0,1,1,0
48,16,23,2,1.3025826892216898,medium,susceptible,0,1,0.0,-1,-1,0,1,0,0,16.7,24.1,18.282806495499518,28.44819853699,32.4684152548204,44.10215414239989,1,0,1.302,1.303,60,0.58,142,48,0.58,210,142,48,0.0,1,1,0
48,17,23,2,1.3025826892216898,medium,susceptible,0,1,0.0,-1,-1,0,1,0,0,16.7,24.1,18.282806495499518,28.44819853699,32.4684152548204,44.10215414239989,1,0,1.302,1.303,60,0.58,142,48,0.58,210,142,48,0.0,1,1,0
48,18,23,2,1.3025826892216898,medium,susceptible,0,1,0.0,-1,-1,0,1,0,0,16.7,24.1,18.282806495499518,28.44819853699,32.4684152548204,44.10215414239989,1,0,1.302,1.303,60,0.58,142,48,0.58,210,142,48,0.0,1,1,0
48,19,23,2,1.3025826892216898,medium,susceptible,0,1,0.0,-1,-1,0,1,0,0,16.7,24.1,18.282806495499518,28.44819853699,32.4684152548204,44.10215414239989,1,0,1.302,1.303,60,0.58,142,48,0.58,210,142,48,0.0,1,1,0
48,20,23,2,1.3025826892216898,medium,susceptible,0,1,0.0,-1,-1,0,1,0,0,16.7,24.1,18.282806495499518,28.44819853699,32.4684152548204,44.10215414239989,1,0,1.302,1.303,60,0.58,142,48,0.58,210,142,48,0.0,1,1,0
48,21,23,2,1.3025826892216898,medium,susceptible,0,1,0.0,-1,-1,0,1,0,0,16.7,24.1,18.282806495499518,28.44819853699,32.4684152548204,44.10215414239989,1,0,1.302,1.303,60,0.58,142,48,0.58,210,142,48,0.0,1,1,0
48,22,23,2,1.3025826892216898,medium,susceptible,0,1,0.0,-1,-1,0,1,0,0,16.7,24.1,18.282806495499518,28.44819853699,32.4684152548204,44.10215414239989,1,0,1.302,1.303,60,0.58,142,48,0.58,210,142,48,0.0,1,1,0
48,23,23,2,1.3025826892216898,medium,susceptible,0,1,0.0,-1,-1,0,1,0,0,16.7,24.1,18.282806495499518,28.44819853699,32.4684152548204,44.10215414239989,1,0,1.302,1.303,60,0.58,142,48,0.58,210,142,48,0.0,1,1,0
48,24,23,2,1.3025826892216898,medium,susceptible,0,1,0.0,-1,-1,0,1,0,0,16.7,24.1,18.282806495499518,28.44819853699,32.4684152548204,44.10215414239989,1,0,1.302,1.303,60,0.58,142,48,0.58,210,142,48,0.0,1,1,0
48,25,23,2,1.3025826892216898,medium,susceptible,0,1,0.0,-1,-1,0,1,0,0,16.7,24.1,18.282806495499518,28.44819853699,32.4684152548204,44.10215414239989,1,0,1.302,1.303,60,0.58,142,48,0.58,210,142,48,0.0,1,1,0
48,26,23,2,1.3025826892216898,medium,susceptible,0,1,0.0,-1,-1,0,1,0,0,16.7,24.1,18.282806495499518,28.44819853699,32.4684152548204,44.10215414239989,1,0,1.302,1.303,60,0.58,142,48,0.58,210,142,48,0.0,1,1,0
48,27,23,2,1.3025826892216898,medium,susceptible,0,1,0.0,-1,-1,0,1,0,0,16.7,24.1,18.282806495499518,28.44819853699,32.4684152548204,44.10215414239989,1,0,1.302,1.303,60,0.58,142,48,0.58,210,142,48,0.0,1,1,0
48,28,23,2,1.3025826892216898,medium,susceptible,0,1,0.0,-1,-1,0,1,0,0,16.7,24.1,18.282806495499518,28.44819853699,32.4684152548204,44.10215414239989,1,0,1.302,1.303,60,0.58,142,48,0.58,210,142,48,0.0,1,1,0
48,29,23,2,1.3025826892216898,medium,susceptible,0,1,0.0,-1,-1,0,1,0,0,16.7,24.1,18.282806495499518,28.44819853699,32.4684152548204,44.10215414239989,1,0,1.302,1.303,60,0.58,142,48,0.58,210,142,48,0.0,1,1,0
48,30,23,2,1.3025826892216898,medium,susceptible,0,1,0.0,-1,-1,0,1,0,0,16.7,24.1,18.282806495499518,28.44819853699,32.4684152548204,44.10215414239989,1,0,1.302,1.303,60,0.58,142,48,0.58,210,142,48,0.0,1,1,0
48,31,23,2,1.3025826892216898,medium,susceptible,0,1,0.0,-1,-1,0,1,0,0,16.7,24.1,18.282806495499518,28.44819853699,32.4684152548204,44.10215414239989,1,0,1.302,1.303,60,0.58,142,48,0.58,210,142,48,0.0,1,1,0
48,32,23,2,1.3025826892216898,medium,susceptible,0,1,0.0,-1,-1,0,1,0,0,16.7,24.1,18.282806495499518,28.44819853699,32.4684152548204,44.10215414239989,1,0,1.302,1.303,60,0.58,142,48,0.58,210,142,48,0.0,1,1,0
48,33,23,2,1.3025826892216898,medium,susceptible,0,1,0.0,-1,-1,0,1,0,0,16.7,24.1,18.282806495499518,28.44819853699,32.4684152548204,44.10215414239989,1,0,1.302,1.303,60,0.58,142,48,0.58,210,142,48,0.0,1,1,0
48,34,23,2,1.3025826892216898,medium,susceptible,0,1,0.0,-1,-1,0,1,0,0,16.7,24.1,18.282806495499518,28.44819853699,32.4684152548204,44.10215414239989,1,0,1.302,1.303,60,0.58,142,48,0.58,210,142,48,0.0,1,1,0
48,35,23,2,1.3025826892216898,medium,susceptible,0,1,0.0,-1,-1,0,1,0,0,16.7,24.1,18.282806495499518,28.44819853699,32.4684152548204,44.10215414239989,1,0,1.302,1.303,60,0.58,142,48,0.58,210,142,48,0.0,1,1,0
48,36,23,2,1.3025826892216898,medium,susceptible,0,1,0.0,-1,-1,0,1,0,0,16.7,24.1,18.282806495499518,28.44819853699,32.4684152548204,44.10215414239989,1,0,1.302,1.303,60,0.58,142,48,0.58,210,142,48,0.0,1,1,0
48,37,23,2,1.3025826892216898,medium,susceptible,0,1,0.0,-1,-1,0,1,0,0,16.7,24.1,18.282806495499518,28.44819853699,32.4684152548204,44.10215414239989,1,0,1.302,1.303,60,0.58,142,48,0.58,210,142,48,0.0,1,1,0
48,38,23,2,1.3025826892216898,medium,susceptible,0,1,0.0,-1,-1,0,1,0,0,16.7,24.1,18.282806495499518,28.44819853699,32.4684152548204,44.10215414239989,1,0,1.302,1.303,60,0.58,142,48,0.58,210,142,48,0.0,1,1,0
48,39,23,2,1.3025826892216898,medium,susceptible,0,1,0.0,-1,-1,0,1,0,0,16.7,24.1,18.282806495499518,28.44819853699,32.4684152548204,44.10215414239989,1,0,1.302,1.303,60,0.58,142,48,0.58,210,142,48,0.0,1,1,0
49,0,184,8,1.3026713963414775,medium,susceptible,0,1,0.0,-1,-1,0,1,0,0,16.2,24.6,16.600639700188484,24.983994876720576,21.23000345521873,44.553338819890925,1,0,1.302,1.303,60,0.58,142,48,0.58,210,142,48,0.0,1,1,0
49,1,184,8,1.3026713963414775,medium,susceptible,0,1,0.0,-1,-1,0,1,0,0,16.2,24.6,16.600639700188484,24.983994876720576,21.23000345521873,44.553338819890925,1,0,1.302,1.303,60,0.58,142,48,0.58,210,142,48,0.0,1,1,0
49,2,184,8,1.3026713963414775,medium,susceptible,0,1,0.0,-1,-1,0,1,0,0,16.2,24.6,16.600639700188484,24.983994876720576,21.23000345521873,44.553338819890925,1,0,1.302,1.303,60,0.58,142,48,0.58,210,142,48,0.0,1,1,0
49,3,184,8,1.3026713963414775,medium,susceptible,0,1,0.0,-1,-1,0,1,0,0,16.2,24.6,16.600639700188484,24.983994876720576,21.23000345521873,44.553338819890925,1,0,1.302,1.303,60,0.58,142,48,0.58,210,142,48,0.0,1,1,0
49,4,184,8,1.3026713963414775,medium,susceptible,0,1,0.0,-1,-1,0,1,0,0,16.2,24.6,16.600639700188484,24.983994876720576,21.23000345521873,44.553338819890925,1,0,1.302,1.303,60,0.58,142,48,0.58,210,142,48,0.0,1,1,0
49,5,184,8,1.3026713963414775,medium,susceptible,0,1,0.0,-1,-1,0,1,0,0,16.2,24.6,16.600639700188484,24.983994876720576,21.23000345521873,44.553338819890925,1,0,1.302,1.303,60,0.58,142,48,0.58,210,142,48,0.0,1,1,0
49,6,184,8,1.3026713963414775,medium,susceptible,0,1,0.0,-1,-1,0,1,0,0,16.2,24.6,16.600639700188484,24.983994876720576,21.23000345521873,44.553338819890925,1,0,1.302,1.303,60,0.58,142,48,0.58,210,142,48,0.0,1,1,0
49,7,184,8,1.3026713963414775,medium,susceptible,0,1,0.0,-1,-1,0,1,0,0,16.2,24.6,16.600639700188484,24.983994876720576,21.23000345521873,44.553338819890925,1,0,1.302,1.303,60,0.58,142,48,0.58,210,142,48,0.0,1,1,0
49,8,184,8,1.3026713963414775,medium,susceptible,0,1,0.0,-1,-1,0,1,0,0,16.2,24.6,16.600639700188484,24.983994876720576,21.23000345521873,44.553338819890925,1,0,1.302,1.303,60,0.58,142,48,0.58,210,142,48,0.0,1,1,0
49,9,184,8,1.3026713963414775,medium,susceptible,0,1,0.0,-1,-1,0,1,0,0,16.2,24.6,16.600639700188484,24.983994876720576,21.23000345521873,44.553338819890925,1,0,1.302,1.303,60,0.58,142,48,0.58,210,142,48,0.0,1,1,0
49,10,184,8,1.3026713963414775,medium,susceptible,0,1,0.0,-1,-1,0,1,0,0,16.2,24.6,16.600639700188484,24.983994876720576,21.23000345521873,44.553338819890925,1,0,1.302,1.303,60,0.58,142,48,0.58,210,142,48,0.0,1,1,0
49,11,184,8,1.3026713963414775,medium,susceptible,0,1,0.0,-1,-1,0,1,0,0,16.2,24.6,16.600639700188484,24.983994876720576,21.23000345521873,44.553338819890925,1,0,1.302,1.303,60,0.58,142,48,0.58,210,142,48,0.0,1,1,0
49,12,184,8,1.3026713963414775,medium,susceptible,0,1,0.0,-1,-1,0,1,0,0,16.2,24.6,16.600639700188484,24.983994876720576,21.23000345521873,44.553338819890925,1,0,1.302,1.303,60,0.58,142,48,0.58,210,142,48,0.0,1,1,0
49,13,184,8,1.3026713963414775,medium,susceptible,0,1,0.0,-1,-1,0,1,0,0,16.2,24.6,16.600639700188484,24.983994876720576,21.23000345521873,44.553338819890925,1,0,1.302,1.303,60,0.58,142,48,0.58,210,142,48,0.0,1,1,0
49,14,184,8,1.3026713963414775,medium,susceptible,0,1,0.0,-1,-1,0,1,0,0,16.2,24.6,16.600639700188484,24.983994876720576,21.23000345521873,44.553338819890925,1,0,1.302,1.303,60,0.58,142,48,0.58,210,142,48,0.0,1,1,0
49,15,184,8,1.3026713963414775,medium,susceptible,0,1,0.0,-1,-1,0,1,0,0,16.2,24.6,16.600639700188484,24.983994876720576,21.23000345521873,44.553338819890925,1,0,1.302,1.303,60,0.58,142,48,0.58,210,142,48,0.0,1,1,0
49,16,184,8,1.3026713963414775,medium,susceptible,0,1,0.0,-1,-1,0,1,0,0,16.2,24.6,16.600639700188484,24.983994876720576,21.23000345521873,44.553338819890925,1,0,1.302,1.303,60,0.58,142,48,0.58,210,142,48,0.0,1,1,0
49,17,184,8,1.3026713963414775,medium,susceptible,0,1,0.0,-1,-1,0,1,0,0,16.2,24.6,16.600639700188484,24.983994876720576,21.23000345521873,44.553338819890925,1,0,1.302,1.303,60,0.58,142,48,0.58,210,142,48,0.0,1,1,0
49,18,184,8,1.3026713963414775,medium,susceptible,0,1,0.0,-1,-1,0,1,0,0,16.2,24.6,16.600639700188484,24.983994876720576,21.23000345521873,44.553338819890925,1,0,1.302,1.303,60,0.58,142,48,0.58,210,142,48,0.0,1,1,0
49,19,184,8,1.3026713963414775,medium,susceptible,0,1,0.0,-1,-1,0,1,0,0,16.2,24.6,16.600639700188484,24.983994876720576,21.23000345521873,44.553338819890925,1,0,1.302,1.303,60,0.58,142,48,0.58,210,142,48,0.0,1,1,0
49,20,184,8,1.3026713963414775,medium,susceptible,0,1,0.0,-1,-1,0,1,0,0,16.2,24.6,16.600639700188484,24.983994876720576,21.23000345521873,44.553338819890925,1,0,1.302,1.303,60,0.58,142,48,0.58,210,142,48,0.0,1,1,0
49,21,184,8,1.3026713963414775,medium,susceptible,0,1,0.0,-1,-1,0,1,0,0,16.2,24.6,16.600639700188484,24.983994876720576,21.23000345521873,44.553338819890925,1,0,1.302,1.303,60,0.58,142,48,0.58,210,142,48,0.0,1,1,0
49,22,184,8,1.3026713963414775,medium,susceptible,0,1,0.0,-1,-1,0,1,0,0,16.2,24.6,16.600639700188484,24.983994876720576,21.23000345521873,44.553338819890925,1,0,1.302,1.303,60,0.58,142,48,0.58,210,142,48,0.0,1,1,0
49,23,184,8,1.3026713963414775,medium,susceptible,0,1,0.0,-1,-1,0,1,0,0,16.2,24.6,16.600639700188484,24.983994876720576,21.23000345521873,44.553338819890925,1,0,1.302,1.303,60,0.58,142,48,0.58,210,142,48,0.0,1,1,0
49,24,184,8,1.3026713963414775,medium,susceptible,0,1,0.0,-1,-1,0,1,0,0,16.2,24.6,16.600639700188484,24.983994876720576,21.23000345521873,44.553338819890925,1,0,1.302,1.303,60,0.58,142,48,0.58,210,142,48,0.0,1,1,0
49,25,184,8,1.3026713963414775,medium,susceptible,0,1,0.0,-1,-1,0,1,0,0,16.2,24.6,16.600639700188484,24.983994876720576,21.23000345521873,44.553338819890925,1,0,1.302,1.303,60,0.58,142,48,0.58,210,142,48,0.0,1,1,0
49,26,184,8,1.3026713963414775,medium,susceptible,0,1,0.0,-1,-1,0,1,0,0,16.2,24.6,16.600639700188484,24.983994876720576,21.23000345521873,44.553338819890925,1,0,1.302,1.303,60,0.58,142,48,0.58,210,142,48,0.0,1,1,0
49,27,184,8,1.3026713963414775,medium,susceptible,0,1,0.0,-1,-1,0,1,0,0,16.2,24.6,16.600639700188484,24.983994876720576,21.23000345521873,44.553338819890925,1,0,1.302,1.303,60,0.58,142,48,0.58,210,142,48,0.0,1,1,0
49,28,184,8,1.3026713963414775,medium,susceptible,0,1,0.0,-1,-1,0,1,0,0,16.2,24.6,16.600639700188484,24.983994876720576,21.23000345521873,44.553338819890925,1,0,1.302,1.303,60,0.58,142,48,0.58,210,142,48,0.0,1,1,0
49,29,184,8,1.3026713963414775,medium,susceptible,0,1,0.0,-1,-1,0,1,0,0,16.2,24.6,16.600639700188484,24.983994876720576,21.23000345521873,44.553338819890925,1,0,1.302,1.303,60,0.58,142,48,0.58,210,142,48,0.0,1,1,0
49,30,184,8,1.3026713963414775,medium,susceptible,0,1,0.0,-1,-1,0,1,0,0,16.2,24.6,16.600639700188484,24.983994876720576,21.23000345521873,44.553338819890925,1,0,1.302,1.303,60,0.58,142,48,0.58,210,142,48,0.0,1,1,0
49,31,184,8,1.3026713963414775,medium,susceptible,0,1,0.0,-1,-1,0,1,0,0,16.2,24.6,16.600639700188484,24.983994876720576,21.23000345521873,44.553338819890925,1,0,1.302,1.303,60,0.58,142,48,0.58,210,142,48,0.0,1,1,0
49,32,184,8,1.3026713963414775,medium,susceptible,0,1,0.0,-1,-1,0,1,0,0,16.2,24.6,16.600639700188484,24.983994876720576,21.23000345521873,44.553338819890925,1,0,1.302,1.303,60,0.58,142,48,0.58,210,142,48,0.0,1,1,0
49,33,184,8,1.3026713963414775,medium,susceptible,0,1,0.0,-1,-1,0,1,0,0,16.2,24.6,16.600639700188484,24.983994876720576,21.23000345521873,44.553338819890925,1,0,1.302,1.303,60,0.58,142,48,0.58,210,142,48,0.0,1,1,0
49,34,184,8,1.3026713963414775,medium,susceptible,0,1,0.0,-1,-1,0,1,0,0,16.2,24.6,16.600639700188484,24.983994876720576,21.23000345521873,44.553338819890925,1,0,1.302,1.303,60,0.58,142,48,0.58,210,142,48,0.0,1,1,0
49,35,184,8,1.3026713963414775,medium,susceptible,0,1,0.0,-1,-1,0,1,0,0,16.2,24.6,16.600639700188484,24.983994876720576,21.23000345521873,44.553338819890925,1,0,1.302,1.303,60,0.58,142,48,0.58,210,142,48,0.0,1,1,0
49,36,184,8,1.3026713963414775,medium,susceptible,0,1,0.0,-1,-1,0,1,0,0,16.2,24.6,16.600639700188484,24.983994876720576,21.23000345521873,44.553338819890925,1,0,1.302,1.303,60,0.58,142,48,0.58,210,142,48,0.0,1,1,0
49,37,184,8,1.3026713963414775,medium,susceptible,0,1,0.0,-1,-1,0,1,0,0,16.2,24.6,16.600639700188484,24.983994876720576,21.23000345521873,44.553338819890925,1,0,1.302,1.303,60,0.58,142,48,0.58,210,142,48,0.0,1,1,0
49,38,184,8,1.3026713963414775,medium,susceptible,0,1,0.0,-1,-1,0,1,0,0,16.2,24.6,16.600639700188484,24.983994876720576,21.23000345521873,44.553338819890925,1,0,1.302,1.303,60,0.58,142,48,0.58,210,142,48,0.0,1,1,0
49,39,184,8,1.3026713963414775,medium,susceptible,0,1,0.0,-1,-1,0,1,0,0,16.2,24.6,16.600639700188484,24.983994876720576,21.23000345521873,44.553338819890925,1,0,1.302,1.303,60,0.58,142,48,0.58,210,142,48,0.0,1,1,0
50,0,102,5,1.3027053130391382,medium,susceptible,0,1,0.0,-1,-1,0,1,0,0,28.4,23.3,21.645515664173814,29.706059987820666,30.45092630928691,44.04543109109048,1,0,1.302,1.303,60,0.58,142,48,0.58,210,142,48,0.0,1,1,0
50,1,102,5,1.3027053130391382,medium,susceptible,0,1,0.0,-1,-1,0,1,0,0,28.4,23.3,21.645515664173814,29.706059987820666,30.45092630928691,44.04543109109048,1,0,1.302,1.303,60,0.58,142,48,0.58,210,142,48,0.0,1,1,0
50,2,102,5,1.3027053130391382,medium,susceptible,0,1,0.0,-1,-1,0,1,0,0,28.4,23.3,21.645515664173814,29.706059987820666,30.45092630928691,44.04543109109048,1,0,1.302,1.303,60,0.58,142,48,0.58,210,142,48,0.0,1,1,0
50,3,102,5,1.3027053130391382,medium,susceptible,0,1,0.0,-1,-1,0,1,0,0,28.4,23.3,21.645515664173814,29.706059987820666,30.45092630928691,44.04543109109048,1,0,1.302,1.303,60,0.58,142,48,0.58,210,142,48,0.0,1,1,0
50,4,102,5,1.3027053130391382,medium,susceptible,0,1,0.0,-1,-1,0,1,0,0,28.4,23.3,21.645515664173814,29.706059987820666,30.45092630928691,44.04543109109048,1,0,1.302,1.303,60,0.58,142,48,0.58,210,142,48,0.0,1,1,0
50,5,102,5,1.3027053130391382,medium,susceptible,0,1,0.0,-1,-1,0,1,0,0,28.4,23.3,21.645515664173814,29.706059987820666,30.45092630928691,44.04543109109048,1,0,1.302,1.303,60,0.58,142,48,0.58,210,142,48,0.0,1,1,0
50,6,102,5,1.3027053130391382,medium,susceptible,0,1,0.0,-1,-1,0,1,0,0,28.4,23.3,21.645515664173814,29.706059987820666,30.45092630928691,44.04543109109048,1,0,1.302,1.303,60,0.58,142,48,0.58,210,142,48,0.0,1,1,0
50,7,102,5,1.3027053130391382,medium,susceptible,0,1,0.0,-1,-1,0,1,0,0,28.4,23.3,21.645515664173814,29.706059987820666,30.45092630928691,44.04543109109048,1,0,1.302,1.303,60,0.58,142,48,0.58,210,142,48,0.0,1,1,0
50,8,102,5,1.3027053130391382,medium,susceptible,0,1,0.0,-1,-1,0,1,0,0,28.4,23.3,21.645515664173814,29.706059987820666,30.45092630928691,44.04543109109048,1,0,1.302,1.303,60,0.58,142,48,0.58,210,142,48,0.0,1,1,0
50,9,102,5,1.3027053130391382,medium,susceptible,0,1,0.0,-1,-1,0,1,0,0,28.4,23.3,21.645515664173814,29.706059987820666,30.45092630928691,44.04543109109048,1,0,1.302,1.303,60,0.58,142,48,0.58,210,142,48,0.0,1,1,0
50,10,102,5,1.3027053130391382,medium,susceptible,0,1,0.0,-1,-1,0,1,0,0,28.4,23.3,21.645515664173814,29.706059987820666,30.45092630928691,44.04543109109048,1,0,1.302,1.303,60,0.58,142,48,0.58,210,142,48,0.0,1,1,0
50,11,102,5,1.3027053130391382,medium,susceptible,0,1,0.0,-1,-1,0,1,0,0,28.4,23.3,21.645515664173814,29.706059987820666,30.45092630928691,44.04543109109048,1,0,1.302,1.303,60,0.58,142,48,0.58,210,142,48,0.0,1,1,0
50,12,102,5,1.3027053130391382,medium,susceptible,0,1,0.0,-1,-1,0,1,0,0,28.4,23.3,21.645515664173814,29.706059987820666,30.45092630928691,44.04543109109048,1,0,1.302,1.303,60,0.58,142,48,0.58,210,142,48,0.0,1,1,0
50,13,102,5,1.3027053130391382,medium,susceptible,0,1,0.0,-1,-1,0,1,0,0,28.4,23.3,21.645515664173814,29.706059987820666,30.45092630928691,44.04543109109048,1,0,1.302,1.303,60,0.58,142,48,0.58,210,142,48,0.0,1,1,0
50,14,102,5,1.3027053130391382,medium,susceptible,0,1,0.0,-1,-1,0,1,0,0,28.4,23.3,21.645515664173814,29.706059987820666,30.45092630928691,44.04543109109048,1,0,1.302,1.303,60,0.58,142,48,0.58,210,142,48,0.0,1,1,0
50,15,102,5,1.3027053130391382,medium,susceptible,0,1,0.0,-1,-1,0,1,0,0,28.4,23.3,21.645515664173814,29.706059987820666,30.45092630928691,44.04543109109048,1,0,1.302,1.303,60,0.58,142,48,0.58,210,142,48,0.0,1,1,0
50,16,102,5,1.3027053130391382,medium,susceptible,0,1,0.0,-1,-1,0,1,0,0,28.4,23.3,21.645515664173814,29.706059987820666,30.45092630928691,44.04543109109048,1,0,1.302,1.303,60,0.58,142,48,0.58,210,142,48,0.0,1,1,0
50,17,102,5,1.3027053130391382,medium,susceptible,0,1,0.0,-1,-1,0,1,0,0,28.4,23.3,21.645515664173814,29.706059987820666,30.45092630928691,44.04543109109048,1,0,1.302,1.303,60,0.58,142,48,0.58,210,142,48,0.0,1,1,0
50,18,102,5,1.3027053130391382,medium,susceptible,0,1,0.0,-1,-1,0,1,0,0,28.4,23.3,21.645515664173814,29.706059987820666,30.45092630928691,44.04543109109048,1,0,1.302,1.303,60,0.58,142,48,0.58,210,142,48,0.0,1,1,0
50,19,102,5,1.3027053130391382,medium,susceptible,0,1,0.0,-1,-1,0,1,0,0,28.4,23.3,21.645515664173814,29.706059987820666,30.45092630928691,44.04543109109048,1,0,1.302,1.303,60,0.58,142,48,0.58,210,142,48,0.0,1,1,0
50,20,102,5,1.3027053130391382,medium,susceptible,0,1,0.0,-1,-1,0,1,0,0,28.4,23.3,21.645515664173814,29.706059987820666,30.45092630928691,44.04543109109048,1,0,1.302,1.303,60,0.58,142,48,0.58,210,142,48,0.0,1,1,0
50,21,102,5,1.3027053130391382,medium,susceptible,0,1,0.0,-1,-1,0,1,0,0,28.4,23.3,21.645515664173814,29.706059987820666,30.45092630928691,44.04543109109048,1,0,1.302,1.303,60,0.58,142,48,0.58,210,142,48,0.0,1,1,0
50,22,102,5,1.3027053130391382,medium,susceptible,0,1,0.0,-1,-1,0,1,0,0,28.4,23.3,21.645515664173814,29.706059987820666,30.45092630928691,44.04543109109048,1,0,1.302,1.303,60,0.58,142,48,0.58,210,142,48,0.0,1,1,0
50,23,102,5,1.3027053130391382,medium,susceptible,0,1,0.0,-1,-1,0,1,0,0,28.4,23.3,21.645515664173814,29.706059987820666,30.45092630928691,44.04543109109048,1,0,1.302,1.303,60,0.58,142,48,0.58,210,142,48,0.0,1,1,0
50,24,102,5,1.3027053130391382,medium,susceptible,0,1,0.0,-1,-1,0,1,0,0,28.4,23.3,21.645515664173814,29.706059987820666,30.45092630928691,44.04543109109048,1,0,1.302,1.303,60,0.58,142,48,0.58,210,142,48,0.0,1,1,0
50,25,102,5,1.3027053130391382,medium,susceptible,0,1,0.0,-1,-1,0,1,0,0,28.4,23.3,21.645515664173814,29.706059987820666,30.45092630928691,44.04543109109048,1,0,1.302,1.303,60,0.58,142,48,0.58,210,142,48,0.0,1,1,0
50,26,102,5,1.3027053130391382,medium,susceptible,0,1,0.0,-1,-1,0,1,0,0,28.4,23.3,21.645515664173814,29.706059987820666,30.45092630928691,44.04543109109048,1,0,1.302,1.303,60,0.58,142,48,0.58,210,142,48,0.0,1,1,0
50,27,102,5,1.3027053130391382,medium,susceptible,0,1,0.0,-1,-1,0,1,0,0,28.4,23.3,21.645515664173814,29.706059987820666,30.45092630928691,44.04543109109048,1,0,1.302,1.303,60,0.58,142,48,0.58,210,142,48,0.0,1,1,0
50,28,102,5,1.3027053130391382,medium,susceptible,0,1,0.0,-1,-1,0,1,0,0,28.4,23.3,21.645515664173814,29.706059987820666,30.45092630928691,44.04543109109048,1,0,1.302,1.303,60,0.58,142,48,0.58,210,142,48,0.0,1,1,0
50,29,102,5,1.3027053130391382,medium,susceptible,0,1,0.0,-1,-1,0,1,0,0,28.4,23.3,21.645515664173814,29.706059987820666,30.45092630928691,44.04543109109048,1,0,1.302,1.303,60,0.58,142,48,0.58,210,142,48,0.0,1,1,0
50,30,102,5,1.3027053130391382,medium,susceptible,0,1,0.0,-1,-1,0,1,0,0,28.4,23.3,21.645515664173814,29.706059987820666,30.45092630928691,44.04543109109048,1,0,1.302,1.303,60,0.58,142,48,0.58,210,142,48,0.0,1,1,0
50,31,102,5,1.3027053130391382,medium,susceptible,0,1,0.0,-1,-1,0,1,0,0,28.4,23.3,21.645515664173814,29.706059987820666,30.45092630928691,44.04543109109048,1,0,1.302,1.303,60,0.58,142,48,0.58,210,142,48,0.0,1,1,0
50,32,102,5,1.3027053130391382,medium,susceptible,0,1,0.0,-1,-1,0,1,0,0,28.4,23.3,21.645515664173814,29.706059987820666,30.45092630928691,44.04543109109048,1,0,1.302,1.303,60,0.58,142,48,0.58,210,142,48,0.0,1,1,0
50,33,102,5,1.3027053130391382,medium,susceptible,0,1,0.0,-1,-1,0,1,0,0,28.4,23.3,21.645515664173814,29.706059987820666,30.45092630928691,44.04543109109048,1,0,1.302,1.303,60,0.58,142,48,0.58,210,142,48,0.0,1,1,0
50,34,102,5,1.3027053130391382,medium,susceptible,0,1,0.0,-1,-1,0,1,0,0,28.4,23.3,21.645515664173814,29.706059987820666,30.45092630928691,44.04543109109048,1,0,1.302,1.303,60,0.58,142,48,0.58,210,142,48,0.0,1,1,0
50,35,102,5,1.3027053130391382,medium,susceptible,0,1,0.0,-1,-1,0,1,0,0,28.4,23.3,21.645515664173814,29.706059987820666,30.45092630928691,44.04543109109048,1,0,1.302,1.303,60,0.58,142,48,0.58,210,142,48,0.0,1,1,0
50,36,102,5,1.3027053130391382,medium,susceptible,0,1,0.0,-1,-1,0,1,0,0,28.4,23.3,21.645515664173814,29.706059987820666,30.45092630928691,44.04543109109048,1,0,1.302,1.303,60,0.58,142,48,0.58,210,142,48,0.0,1,1,0
50,37,102,5,1.3027053130391382,medium,susceptible,0,1,0.0,-1,-1,0,1,0,0,28.4,23.3,21.645515664173814,29.706059987820666,30.45092630928691,44.04543109109048,1,0,1.302,1.303,60,0.58,142,48,0.58,210,142,48,0.0,1,1,0
50,38,102,5,1.3027053130391382,medium,susceptible,0,1,0.0,-1,-1,0,1,0,0,28.4,23.3,21.645515664173814,29.706059987820666,30.45092630928691,44.04543109109048,1,0,1.302,1.303,60,0.58,142,48,0.58,210,142,48,0.0,1,1,0
50,39,102,5,1.3027053130391382,medium,susceptible,0,1,0.0,-1,-1,0,1,0,0,28.4,23.3,21.645515664173814,29.706059987820666,30.45092630928691,44.04543109109048,1,0,1.302,1.303,60,0.58,142,48,0.58,210,142,48,0.0,1,1,0
51,0,181,8,1.3023279381595583,medium,susceptible,0,1,0.0,-1,-1,0,1,0,0,24.2,25.5,20.905884382966697,31.60838496348714,32.578742489024634,47.53945729601885,1,0,1.302,1.303,60,0.58,142,48,0.58,210,142,48,0.0,1,1,0
51,1,181,8,1.3023279381595583,medium,susceptible,0,1,0.0,-1,-1,0,1,0,0,24.2,25.5,20.905884382966697,31.60838496348714,32.578742489024634,47.53945729601885,1,0,1.302,1.303,60,0.58,142,48,0.58,210,142,48,0.0,1,1,0
51,2,181,8,1.3023279381595583,medium,susceptible,0,1,0.0,-1,-1,0,1,0,0,24.2,25.5,20.905884382966697,31.60838496348714,32.578742489024634,47.53945729601885,1,0,1.302,1.303,60,0.58,142,48,0.58,210,142,48,0.0,1,1,0
51,3,181,8,1.3023279381595583,medium,susceptible,0,1,0.0,-1,-1,0,1,0,0,24.2,25.5,20.905884382966697,31.60838496348714,32.578742489024634,47.53945729601885,1,0,1.302,1.303,60,0.58,142,48,0.58,210,142,48,0.0,1,1,0
51,4,181,8,1.3023279381595583,medium,susceptible,0,1,0.0,-1,-1,0,1,0,0,24.2,25.5,20.905884382966697,31.60838496348714,32.578742489024634,47.53945729601885,1,0,1.302,1.303,60,0.58,142,48,0.58,210,142,48,0.0,1,1,0
51,5,181,8,1.3023279381595583,medium,susceptible,0,1,0.0,-1,-1,0,1,0,0,24.2,25.5,20.905884382966697,31.60838496348714,32.578742489024634,47.53945729601885,1,0,1.302,1.303,60,0.58,142,48,0.58,210,142,48,0.0,1,1,0
51,6,181,8,1.3023279381595583,medium,susceptible,0,1,0.0,-1,-1,0,1,0,0,24.2,25.5,20.905884382966697,31.60838496348714,32.578742489024634,47.53945729601885,1,0,1.302,1.303,60,0.58,142,48,0.58,210,142,48,0.0,1,1,0
51,7,181,8,1.3023279381595583,medium,susceptible,0,1,0.0,-1,-1,0,1,0,0,24.2,25.5,20.905884382966697,31.60838496348714,32.578742489024634,47.53945729601885,1,0,1.302,1.303,60,0.58,142,48,0.58,210,142,48,0.0,1,1,0
51,8,181,8,1.3023279381595583,medium,susceptible,0,1,0.0,-1,-1,0,1,0,0,24.2,25.5,20.905884382966697,31.60838496348714,32.578742489024634,47.53945729601885,1,0,1.302,1.303,60,0.58,142,48,0.58,210,142,48,0.0,1,1,0
51,9,181,8,1.3023279381595583,medium,susceptible,0,1,0.0,-1,-1,0,1,0,0,24.2,25.5,20.905884382966697,31.60838496348714,32.578742489024634,47.53945729601885,1,0,1.302,1.303,60,0.58,142,48,0.58,210,142,48,0.0,1,1,0
51,10,181,8,1.3023279381595583,medium,susceptible,0,1,0.0,-1,-1,0,1,0,0,24.2,25.5,20.905884382966697,31.60838496348714,32.578742489024634,47.53945729601885,1,0,1.302,1.303,60,0.58,142,48,0.58,210,142,48,0.0,1,1,0
51,11,181,8,1.3023279381595583,medium,susceptible,0,1,0.0,-1,-1,0,1,0,0,24.2,25.5,20.905884382966697,31.60838496348714,32.578742489024634,47.53945729601885,1,0,1.302,1.303,60,0.58,142,48,0.58,210,142,48,0.0,1,1,0
51,12,181,8,1.3023279381595583,medium,susceptible,0,1,0.0,-1,-1,0,1,0,0,24.2,25.5,20.905884382966697,31.60838496348714,32.578742489024634,47.53945729601885,1,0,1.302,1.303,60,0.58,142,48,0.58,210,142,48,0.0,1,1,0
51,13,181,8,1.3023279381595583,medium,susceptible,0,1,0.0,-1,-1,0,1,0,0,24.2,25.5,20.905884382966697,31.60838496348714,32.578742489024634,47.53945729601885,1,0,1.302,1.303,60,0.58,142,48,0.58,210,142,48,0.0,1,1,0
51,14,181,8,1.3023279381595583,medium,susceptible,0,1,0.0,-1,-1,0,1,0,0,24.2,25.5,20.905884382966697,31.60838496348714,32.578742489024634,47.53945729601885,1,0,1.302,1.303,60,0.58,142,48,0.58,210,142,48,0.0,1,1,0
51,15,181,8,1.3023279381595583,medium,susceptible,0,1,0.0,-1,-1,0,1,0,0,24.2,25.5,20.905884382966697,31.60838496348714,32.578742489024634,47.53945729601885,1,0,1.302,1.303,60,0.58,142,48,0.58,210,142,48,0.0,1,1,0
51,16,181,8,1.3023279381595583,medium,susceptible,0,1,0.0,-1,-1,0,1,0,0,24.2,25.5,20.905884382966697,31.60838496348714,32.578742489024634,47.53945729601885,1,0,1.302,1.303,60,0.58,142,48,0.58,210,142,48,0.0,1,1,0
51,17,181,8,1.3023279381595583,medium,susceptible,0,1,0.0,-1,-1,0,1,0,0,24.2,25.5,20.905884382966697,31.60838496348714,32.578742489024634,47.53945729601885,1,0,1.302,1.303,60,0.58,142,48,0.58,210,142,48,0.0,1,1,0
51,18,181,8,1.3023279381595583,medium,susceptible,0,1,0.0,-1,-1,0,1,0,0,24.2,25.5,20.905884382966697,31.60838496348714,32.578742489024634,47.53945729601885,1,0,1.302,1.303,60,0.58,142,48,0.58,210,142,48,0.0,1,1,0
51,19,181,8,1.3023279381595583,medium,susceptible,0,1,0.0,-1,-1,0,1,0,0,24.2,25.5,20.905884382966697,31.60838496348714,32.578742489024634,47.53945729601885,1,0,1.302,1.303,60,0.58,142,48,0.58,210,142,48,0.0,1,1,0
51,20,181,8,1.3023279381595583,medium,susceptible,0,1,0.0,-1,-1,0,1,0,0,24.2,25.5,20.905884382966697,31.60838496348714,32.578742489024634,47.53945729601885,1,0,1.302,1.303,60,0.58,142,48,0.58,210,142,48,0.0,1,1,0
51,21,181,8,1.3023279381595583,medium,susceptible,0,1,0.0,-1,-1,0,1,0,0,24.2,25.5,20.905884382966697,31.60838496348714,32.578742489024634,47.53945729601885,1,0,1.302,1.303,60,0.58,142,48,0.58,210,142,48,0.0,1,1,0
51,22,181,8,1.3023279381595583,medium,susceptible,0,1,0.0,-1,-1,0,1,0,0,24.2,25.5,20.905884382966697,31.60838496348714,32.578742489024634,47.53945729601885,1,0,1.302,1.303,60,0.58,142,48,0.58,210,142,48,0.0,1,1,0
51,23,181,8,1.3023279381595583,medium,susceptible,0,1,0.0,-1,-1,0,1,0,0,24.2,25.5,20.905884382966697,31.60838496348714,32.578742489024634,47.53945729601885,1,0,1.302,1.303,60,0.58,142,48,0.58,210,142,48,0.0,1,1,0
51,24,181,8,1.3023279381595583,medium,susceptible,0,1,0.0,-1,-1,0,1,0,0,24.2,25.5,20.905884382966697,31.60838496348714,32.578742489024634,47.53945729601885,1,0,1.302,1.303,60,0.58,142,48,0.58,210,142,48,0.0,1,1,0
51,25,181,8,1.3023279381595583,medium,susceptible,0,1,0.0,-1,-1,0,1,0,0,24.2,25.5,20.905884382966697,31.60838496348714,32.578742489024634,47.53945729601885,1,0,1.302,1.303,60,0.58,142,48,0.58,210,142,48,0.0,1,1,0
51,26,181,8,1.3023279381595583,medium,susceptible,0,1,0.0,-1,-1,0,1,0,0,24.2,25.5,20.905884382966697,31.60838496348714,32.578742489024634,47.53945729601885,1,0,1.302,1.303,60,0.58,142,48,0.58,210,142,48,0.0,1,1,0
51,27,181,8,1.3023279381595583,medium,susceptible,0,1,0.0,-1,-1,0,1,0,0,24.2,25.5,20.905884382966697,31.60838496348714,32.578742489024634,47.53945729601885,1,0,1.302,1.303,60,0.58,142,48,0.58,210,142,48,0.0,1,1,0
51,28,181,8,1.3023279381595583,medium,susceptible,0,1,0.0,-1,-1,0,1,0,0,24.2,25.5,20.905884382966697,31.60838496348714,32.578742489024634,47.53945729601885,1,0,1.302,1.303,60,0.58,142,48,0.58,210,142,48,0.0,1,1,0
51,29,181,8,1.3023279381595583,medium,susceptible,0,1,0.0,-1,-1,0,1,0,0,24.2,25.5,20.905884382966697,31.60838496348714,32.578742489024634,47.53945729601885,1,0,1.302,1.303,60,0.58,142,48,0.58,210,142,48,0.0,1,1,0
51,30,181,8,1.3023279381595583,medium,susceptible,0,1,0.0,-1,-1,0,1,0,0,24.2,25.5,20.905884382966697,31.60838496348714,32.578742489024634,47.53945729601885,1,0,1.302,1.303,60,0.58,142,48,0.58,210,142,48,0.0,1,1,0
51,31,181,8,1.3023279381595583,medium,susceptible,0,1,0.0,-1,-1,0,1,0,0,24.2,25.5,20.905884382966697,31.60838496348714,32.578742489024634,47.53945729601885,1,0,1.302,1.303,60,0.58,142,48,0.58,210,142,48,0.0,1,1,0
51,32,181,8,1.3023279381595583,medium,susceptible,0,1,0.0,-1,-1,0,1,0,0,24.2,25.5,20.905884382966697,31.60838496348714,32.578742489024634,47.53945729601885,1,0,1.302,1.303,60,0.58,142,48,0.58,210,142,48,0.0,1,1,0
51,33,181,8,1.3023279381595583,medium,susceptible,0,1,0.0,-1,-1,0,1,0,0,24.2,25.5,20.905884382966697,31.60838496348714,32.578742489024634,47.53945729601885,1,0,1.302,1.303,60,0.58,142,48,0.58,210,142,48,0.0,1,1,0
51,34,181,8,1.3023279381595583,medium,susceptible,0,1,0.0,-1,-1,0,1,0,0,24.2,25.5,20.905884382966697,31.60838496348714,32.578742489024634,47.53945729601885,1,0,1.302,1.303,60,0.58,142,48,0.58,210,142,48,0.0,1,1,0
51,35,181,8,1.3023279381595583,medium,susceptible,0,1,0.0,-1,-1,0,1,0,0,24.2,25.5,20.905884382966697,31.60838496348714,32.578742489024634,47.53945729601885,1,0,1.302,1.303,60,0.58,142,48,0.58,210,142,48,0.0,1,1,0
51,36,181,8,1.3023279381595583,medium,susceptible,0,1,0.0,-1,-1,0,1,0,0,24.2,25.5,20.905884382966697,31.60838496348714,32.578742489024634,47.53945729601885,1,0,1.302,1.303,60,0.58,142,48,0.58,210,142,48,0.0,1,1,0
51,37,181,8,1.3023279381595583,medium,susceptible,0,1,0.0,-1,-1,0,1,0,0,24.2,25.5,20.905884382966697,31.60838496348714,32.578742489024634,47.53945729601885,1,0,1.302,1.303,60,0.58,142,48,0.58,210,142,48,0.0,1,1,0
51,38,181,8,1.3023279381595583,medium,susceptible,0,1,0.0,-1,-1,0,1,0,0,24.2,25.5,20.905884382966697,31.60838496348714,32.578742489024634,47.53945729601885,1,0,1.302,1.303,60,0.58,142,48,0.58,210,142,48,0.0,1,1,0
51,39,181,8,1.3023279381595583,medium,susceptible,0,1,0.0,-1,-1,0,1,0,0,24.2,25.5,20.905884382966697,31.60838496348714,32.578742489024634,47.53945729601885,1,0,1.302,1.303,60,0.58,142,48,0.58,210,142,48,0.0,1,1,0
52,0,171,6,1.302610892670145,low,susceptible,0,1,0.0,-1,-1,0,0,1,0,28.3,21.0,20.035010655592124,39.810676959830765,29.09049998478751,46.2709412050371,1,0,1.302,1.303,60,0.58,142,48,0.58,210,142,48,0.0,1,1,0
52,1,171,6,1.302610892670145,low,susceptible,0,1,0.0,-1,-1,0,0,1,0,28.3,21.0,20.035010655592124,39.810676959830765,29.09049998478751,46.2709412050371,1,0,1.302,1.303,60,0.58,142,48,0.58,210,142,48,0.0,1,1,0
52,2,171,6,1.302610892670145,low,susceptible,0,1,0.0,-1,-1,0,0,1,0,28.3,21.0,20.035010655592124,39.810676959830765,29.09049998478751,46.2709412050371,1,0,1.302,1.303,60,0.58,142,48,0.58,210,142,48,0.0,1,1,0
52,3,171,6,1.302610892670145,low,susceptible,0,1,0.0,-1,-1,0,0,1,0,28.3,21.0,20.035010655592124,39.810676959830765,29.09049998478751,46.2709412050371,1,0,1.302,1.303,60,0.58,142,48,0.58,210,142,48,0.0,1,1,0
52,4,171,6,1.302610892670145,low,susceptible,0,1,0.0,-1,-1,0,0,1,0,28.3,21.0,20.035010655592124,39.810676959830765,29.09049998478751,46.2709412050371,1,0,1.302,1.303,60,0.58,142,48,0.58,210,142,48,0.0,1,1,0
52,5,171,6,1.302610892670145,low,susceptible,0,1,0.0,-1,-1,0,0,1,0,28.3,21.0,20.035010655592124,39.810676959830765,29.09049998478751,46.2709412050371,1,0,1.302,1.303,60,0.58,142,48,0.58,210,142,48,0.0,1,1,0
52,6,171,6,1.302610892670145,low,susceptible,0,1,0.0,-1,-1,0,0,1,0,28.3,21.0,20.035010655592124,39.810676959830765,29.09049998478751,46.2709412050371,1,0,1.302,1.303,60,0.58,142,48,0.58,210,142,48,0.0,1,1,0
52,7,171,6,1.302610892670145,low,susceptible,0,1,0.0,-1,-1,0,0,1,0,28.3,21.0,20.035010655592124,39.810676959830765,29.09049998478751,46.2709412050371,1,0,1.302,1.303,60,0.58,142,48,0.58,210,142,48,0.0,1,1,0
52,8,171,6,1.302610892670145,low,susceptible,0,1,0.0,-1,-1,0,0,1,0,28.3,21.0,20.035010655592124,39.810676959830765,29.09049998478751,46.2709412050371,1,0,1.302,1.303,60,0.58,142,48,0.58,210,142,48,0.0,1,1,0
52,9,171,6,1.302610892670145,low,susceptible,0,1,0.0,-1,-1,0,0,1,0,28.3,21.0,20.035010655592124,39.810676959830765,29.09049998478751,46.2709412050371,1,0,1.302,1.303,60,0.58,142,48,0.58,210,142,48,0.0,1,1,0
52,10,171,6,1.302610892670145,low,susceptible,0,1,0.0,-1,-1,0,0,1,0,28.3,21.0,20.035010655592124,39.810676959830765,29.09049998478751,46.2709412050371,1,0,1.302,1.303,60,0.58,142,48,0.58,210,142,48,0.0,1,1,0
52,11,171,6,1.302610892670145,low,susceptible,0,1,0.0,-1,-1,0,0,1,0,28.3,21.0,20.035010655592124,39.810676959830765,29.09049998478751,46.2709412050371,1,0,1.302,1.303,60,0.58,142,48,0.58,210,142,48,0.0,1,1,0
52,12,171,6,1.302610892670145,low,susceptible,0,1,0.0,-1,-1,0,0,1,0,28.3,21.0,20.035010655592124,39.810676959830765,29.09049998478751,46.2709412050371,1,0,1.302,1.303,60,0.58,142,48,0.58,210,142,48,0.0,1,1,0
52,13,171,6,1.302610892670145,low,susceptible,0,1,0.0,-1,-1,0,0,1,0,28.3,21.0,20.035010655592124,39.810676959830765,29.09049998478751,46.2709412050371,1,0,1.302,1.303,60,0.58,142,48,0.58,210,142,48,0.0,1,1,0
52,14,171,6,1.302610892670145,low,susceptible,0,1,0.0,-1,-1,0,0,1,0,28.3,21.0,20.035010655592124,39.810676959830765,29.09049998478751,46.2709412050371,1,0,1.302,1.303,60,0.58,142,48,0.58,210,142,48,0.0,1,1,0
52,15,171,6,1.302610892670145,low,susceptible,0,1,0.0,-1,-1,0,0,1,0,28.3,21.0,20.035010655592124,39.810676959830765,29.09049998478751,46.2709412050371,1,0,1.302,1.303,60,0.58,142,48,0.58,210,142,48,0.0,1,1,0
52,16,171,6,1.302610892670145,low,susceptible,0,1,0.0,-1,-1,0,0,1,0,28.3,21.0,20.035010655592124,39.810676959830765,29.09049998478751,46.2709412050371,1,0,1.302,1.303,60,0.58,142,48,0.58,210,142,48,0.0,1,1,0
52,17,171,6,1.302610892670145,low,susceptible,0,1,0.0,-1,-1,0,0,1,0,28.3,21.0,20.035010655592124,39.810676959830765,29.09049998478751,46.2709412050371,1,0,1.302,1.303,60,0.58,142,48,0.58,210,142,48,0.0,1,1,0
52,18,171,6,1.302610892670145,low,susceptible,0,1,0.0,-1,-1,0,0,1,0,28.3,21.0,20.035010655592124,39.810676959830765,29.09049998478751,46.2709412050371,1,0,1.302,1.303,60,0.58,142,48,0.58,210,142,48,0.0,1,1,0
52,19,171,6,1.302610892670145,low,susceptible,0,1,0.0,-1,-1,0,0,1,0,28.3,21.0,20.035010655592124,39.810676959830765,29.09049998478751,46.2709412050371,1,0,1.302,1.303,60,0.58,142,48,0.58,210,142,48,0.0,1,1,0
52,20,171,6,1.302610892670145,low,susceptible,0,1,0.0,-1,-1,0,0,1,0,28.3,21.0,20.035010655592124,39.810676959830765,29.09049998478751,46.2709412050371,1,0,1.302,1.303,60,0.58,142,48,0.58,210,142,48,0.0,1,1,0
52,21,171,6,1.302610892670145,low,susceptible,0,1,0.0,-1,-1,0,0,1,0,28.3,21.0,20.035010655592124,39.810676959830765,29.09049998478751,46.2709412050371,1,0,1.302,1.303,60,0.58,142,48,0.58,210,142,48,0.0,1,1,0
52,22,171,6,1.302610892670145,low,susceptible,0,1,0.0,-1,-1,0,0,1,0,28.3,21.0,20.035010655592124,39.810676959830765,29.09049998478751,46.2709412050371,1,0,1.302,1.303,60,0.58,142,48,0.58,210,142,48,0.0,1,1,0
52,23,171,6,1.302610892670145,low,susceptible,0,1,0.0,-1,-1,0,0,1,0,28.3,21.0,20.035010655592124,39.810676959830765,29.09049998478751,46.2709412050371,1,0,1.302,1.303,60,0.58,142,48,0.58,210,142,48,0.0,1,1,0
52,24,171,6,1.302610892670145,low,susceptible,0,1,0.0,-1,-1,0,0,1,0,28.3,21.0,20.035010655592124,39.810676959830765,29.09049998478751,46.2709412050371,1,0,1.302,1.303,60,0.58,142,48,0.58,210,142,48,0.0,1,1,0
52,25,171,6,1.302610892670145,low,susceptible,0,1,0.0,-1,-1,0,0,1,0,28.3,21.0,20.035010655592124,39.810676959830765,29.09049998478751,46.2709412050371,1,0,1.302,1.303,60,0.58,142,48,0.58,210,142,48,0.0,1,1,0
52,26,171,6,1.302610892670145,low,susceptible,0,1,0.0,-1,-1,0,0,1,0,28.3,21.0,20.035010655592124,39.810676959830765,29.09049998478751,46.2709412050371,1,0,1.302,1.303,60,0.58,142,48,0.58,210,142,48,0.0,1,1,0
52,27,171,6,1.302610892670145,low,susceptible,0,1,0.0,-1,-1,0,0,1,0,28.3,21.0,20.035010655592124,39.810676959830765,29.09049998478751,46.2709412050371,1,0,1.302,1.303,60,0.58,142,48,0.58,210,142,48,0.0,1,1,0
52,28,171,6,1.302610892670145,low,susceptible,0,1,0.0,-1,-1,0,0,1,0,28.3,21.0,20.035010655592124,39.810676959830765,29.09049998478751,46.2709412050371,1,0,1.302,1.303,60,0.58,142,48,0.58,210,142,48,0.0,1,1,0
52,29,171,6,1.302610892670145,low,susceptible,0,1,0.0,-1,-1,0,0,1,0,28.3,21.0,20.035010655592124,39.810676959830765,29.09049998478751,46.2709412050371,1,0,1.302,1.303,60,0.58,142,48,0.58,210,142,48,0.0,1,1,0
52,30,171,6,1.302610892670145,low,susceptible,0,1,0.0,-1,-1,0,0,1,0,28.3,21.0,20.035010655592124,39.810676959830765,29.09049998478751,46.2709412050371,1,0,1.302,1.303,60,0.58,142,48,0.58,210,142,48,0.0,1,1,0
52,31,171,6,1.302610892670145,low,susceptible,0,1,0.0,-1,-1,0,0,1,0,28.3,21.0,20.035010655592124,39.810676959830765,29.09049998478751,46.2709412050371,1,0,1.302,1.303,60,0.58,142,48,0.58,210,142,48,0.0,1,1,0
52,32,171,6,1.302610892670145,low,susceptible,0,1,0.0,-1,-1,0,0,1,0,28.3,21.0,20.035010655592124,39.810676959830765,29.09049998478751,46.2709412050371,1,0,1.302,1.303,60,0.58,142,48,0.58,210,142,48,0.0,1,1,0
52,33,171,6,1.302610892670145,low,susceptible,0,1,0.0,-1,-1,0,0,1,0,28.3,21.0,20.035010655592124,39.810676959830765,29.09049998478751,46.2709412050371,1,0,1.302,1.303,60,0.58,142,48,0.58,210,142,48,0.0,1,1,0
52,34,171,6,1.302610892670145,low,susceptible,0,1,0.0,-1,-1,0,0,1,0,28.3,21.0,20.035010655592124,39.810676959830765,29.09049998478751,46.2709412050371,1,0,1.302,1.303,60,0.58,142,48,0.58,210,142,48,0.0,1,1,0
52,35,171,6,1.302610892670145,low,susceptible,0,1,0.0,-1,-1,0,0,1,0,28.3,21.0,20.035010655592124,39.810676959830765,29.09049998478751,46.2709412050371,1,0,1.302,1.303,60,0.58,142,48,0.58,210,142,48,0.0,1,1,0
52,36,171,6,1.302610892670145,low,susceptible,0,1,0.0,-1,-1,0,0,1,0,28.3,21.0,20.035010655592124,39.810676959830765,29.09049998478751,46.2709412050371,1,0,1.302,1.303,60,0.58,142,48,0.58,210,142,48,0.0,1,1,0
52,37,171,6,1.302610892670145,low,susceptible,0,1,0.0,-1,-1,0,0,1,0,28.3,21.0,20.035010655592124,39.810676959830765,29.09049998478751,46.2709412050371,1,0,1.302,1.303,60,0.58,142,48,0.58,210,142,48,0.0,1,1,0
52,38,171,6,1.302610892670145,low,susceptible,0,1,0.0,-1,-1,0,0,1,0,28.3,21.0,20.035010655592124,39.810676959830765,29.09049998478751,46.2709412050371,1,0,1.302,1.303,60,0.58,142,48,0.58,210,142,48,0.0,1,1,0
52,39,171,6,1.302610892670145,low,susceptible,0,1,0.0,-1,-1,0,0,1,0,28.3,21.0,20.035010655592124,39.810676959830765,29.09049998478751,46.2709412050371,1,0,1.302,1.303,60,0.58,142,48,0.58,210,142,48,0.0,1,1,0
53,0,160,5,1.3025702741924792,strong,susceptible,0,1,0.0,-1,-1,1,0,0,0,15.5,25.3,19.671082411110994,25.43108334302729,31.473882590337986,45.89117562233506,1,0,1.302,1.303,60,0.58,142,48,0.58,210,142,48,0.0,1,1,0
53,1,160,5,1.3025702741924792,strong,susceptible,0,1,0.0,-1,-1,1,0,0,0,15.5,25.3,19.671082411110994,25.43108334302729,31.473882590337986,45.89117562233506,1,0,1.302,1.303,60,0.58,142,48,0.58,210,142,48,0.0,1,1,0
53,2,160,5,1.3025702741924792,strong,susceptible,0,1,0.0,-1,-1,1,0,0,0,15.5,25.3,19.671082411110994,25.43108334302729,31.473882590337986,45.89117562233506,1,0,1.302,1.303,60,0.58,142,48,0.58,210,142,48,0.0,1,1,0
53,3,160,5,1.3025702741924792,strong,susceptible,0,1,0.0,-1,-1,1,0,0,0,15.5,25.3,19.671082411110994,25.43108334302729,31.473882590337986,45.89117562233506,1,0,1.302,1.303,60,0.58,142,48,0.58,210,142,48,0.0,1,1,0
53,4,160,5,1.3025702741924792,strong,susceptible,0,1,0.0,-1,-1,1,0,0,0,15.5,25.3,19.671082411110994,25.43108334302729,31.473882590337986,45.89117562233506,1,0,1.302,1.303,60,0.58,142,48,0.58,210,142,48,0.0,1,1,0
53,5,160,5,1.3025702741924792,strong,susceptible,0,1,0.0,-1,-1,1,0,0,0,15.5,25.3,19.671082411110994,25.43108334302729,31.473882590337986,45.89117562233506,1,0,1.302,1.303,60,0.58,142,48,0.58,210,142,48,0.0,1,1,0
53,6,160,5,1.3025702741924792,strong,susceptible,0,1,0.0,-1,-1,1,0,0,0,15.5,25.3,19.671082411110994,25.43108334302729,31.473882590337986,45.89117562233506,1,0,1.302,1.303,60,0.58,142,48,0.58,210,142,48,0.0,1,1,0
53,7,160,5,1.3025702741924792,strong,susceptible,0,1,0.0,-1,-1,1,0,0,0,15.5,25.3,19.671082411110994,25.43108334302729,31.473882590337986,45.89117562233506,1,0,1.302,1.303,60,0.58,142,48,0.58,210,142,48,0.0,1,1,0
53,8,160,5,1.3025702741924792,strong,susceptible,0,1,0.0,-1,-1,1,0,0,0,15.5,25.3,19.671082411110994,25.43108334302729,31.473882590337986,45.89117562233506,1,0,1.302,1.303,60,0.58,142,48,0.58,210,142,48,0.0,1,1,0
53,9,160,5,1.3025702741924792,strong,susceptible,0,1,0.0,-1,-1,1,0,0,0,15.5,25.3,19.671082411110994,25.43108334302729,31.473882590337986,45.89117562233506,1,0,1.302,1.303,60,0.58,142,48,0.58,210,142,48,0.0,1,1,0
53,10,160,5,1.3025702741924792,strong,susceptible,0,1,0.0,-1,-1,1,0,0,0,15.5,25.3,19.671082411110994,25.43108334302729,31.473882590337986,45.89117562233506,1,0,1.302,1.303,60,0.58,142,48,0.58,210,142,48,0.0,1,1,0
53,11,160,5,1.3025702741924792,strong,susceptible,0,1,0.0,-1,-1,1,0,0,0,15.5,25.3,19.671082411110994,25.43108334302729,31.473882590337986,45.89117562233506,1,0,1.302,1.303,60,0.58,142,48,0.58,210,142,48,0.0,1,1,0
53,12,160,5,1.3025702741924792,strong,susceptible,0,1,0.0,-1,-1,1,0,0,0,15.5,25.3,19.671082411110994,25.43108334302729,31.473882590337986,45.89117562233506,1,0,1.302,1.303,60,0.58,142,48,0.58,210,142,48,0.0,1,1,0
53,13,160,5,1.3025702741924792,strong,susceptible,0,1,0.0,-1,-1,1,0,0,0,15.5,25.3,19.671082411110994,25.43108334302729,31.473882590337986,45.89117562233506,1,0,1.302,1.303,60,0.58,142,48,0.58,210,142,48,0.0,1,1,0
53,14,160,5,1.3025702741924792,strong,susceptible,0,1,0.0,-1,-1,1,0,0,0,15.5,25.3,19.671082411110994,25.43108334302729,31.473882590337986,45.89117562233506,1,0,1.302,1.303,60,0.58,142,48,0.58,210,142,48,0.0,1,1,0
53,15,160,5,1.3025702741924792,strong,susceptible,0,1,0.0,-1,-1,1,0,0,0,15.5,25.3,19.671082411110994,25.43108334302729,31.473882590337986,45.89117562233506,1,0,1.302,1.303,60,0.58,142,48,0.58,210,142,48,0.0,1,1,0
53,16,160,5,1.3025702741924792,strong,susceptible,0,1,0.0,-1,-1,1,0,0,0,15.5,25.3,19.671082411110994,25.43108334302729,31.473882590337986,45.89117562233506,1,0,1.302,1.303,60,0.58,142,48,0.58,210,142,48,0.0,1,1,0
53,17,160,5,1.3025702741924792,strong,susceptible,0,1,0.0,-1,-1,1,0,0,0,15.5,25.3,19.671082411110994,25.43108334302729,31.473882590337986,45.89117562233506,1,0,1.302,1.303,60,0.58,142,48,0.58,210,142,48,0.0,1,1,0
53,18,160,5,1.3025702741924792,strong,susceptible,0,1,0.0,-1,-1,1,0,0,0,15.5,25.3,19.671082411110994,25.43108334302729,31.473882590337986,45.89117562233506,1,0,1.302,1.303,60,0.58,142,48,0.58,210,142,48,0.0,1,1,0
53,19,160,5,1.3025702741924792,strong,susceptible,0,1,0.0,-1,-1,1,0,0,0,15.5,25.3,19.671082411110994,25.43108334302729,31.473882590337986,45.89117562233506,1,0,1.302,1.303,60,0.58,142,48,0.58,210,142,48,0.0,1,1,0
53,20,160,5,1.3025702741924792,strong,susceptible,0,1,0.0,-1,-1,1,0,0,0,15.5,25.3,19.671082411110994,25.43108334302729,31.473882590337986,45.89117562233506,1,0,1.302,1.303,60,0.58,142,48,0.58,210,142,48,0.0,1,1,0
53,21,160,5,1.3025702741924792,strong,susceptible,0,1,0.0,-1,-1,1,0,0,0,15.5,25.3,19.671082411110994,25.43108334302729,31.473882590337986,45.89117562233506,1,0,1.302,1.303,60,0.58,142,48,0.58,210,142,48,0.0,1,1,0
53,22,160,5,1.3025702741924792,strong,susceptible,0,1,0.0,-1,-1,1,0,0,0,15.5,25.3,19.671082411110994,25.43108334302729,31.473882590337986,45.89117562233506,1,0,1.302,1.303,60,0.58,142,48,0.58,210,142,48,0.0,1,1,0
53,23,160,5,1.3025702741924792,strong,susceptible,0,1,0.0,-1,-1,1,0,0,0,15.5,25.3,19.671082411110994,25.43108334302729,31.473882590337986,45.89117562233506,1,0,1.302,1.303,60,0.58,142,48,0.58,210,142,48,0.0,1,1,0
53,24,160,5,1.3025702741924792,strong,susceptible,0,1,0.0,-1,-1,1,0,0,0,15.5,25.3,19.671082411110994,25.43108334302729,31.473882590337986,45.89117562233506,1,0,1.302,1.303,60,0.58,142,48,0.58,210,142,48,0.0,1,1,0
53,25,160,5,1.3025702741924792,strong,susceptible,0,1,0.0,-1,-1,1,0,0,0,15.5,25.3,19.671082411110994,25.43108334302729,31.473882590337986,45.89117562233506,1,0,1.302,1.303,60,0.58,142,48,0.58,210,142,48,0.0,1,1,0
53,26,160,5,1.3025702741924792,strong,susceptible,0,1,0.0,-1,-1,1,0,0,0,15.5,25.3,19.671082411110994,25.43108334302729,31.473882590337986,45.89117562233506,1,0,1.302,1.303,60,0.58,142,48,0.58,210,142,48,0.0,1,1,0
53,27,160,5,1.3025702741924792,strong,susceptible,0,1,0.0,-1,-1,1,0,0,0,15.5,25.3,19.671082411110994,25.43108334302729,31.473882590337986,45.89117562233506,1,0,1.302,1.303,60,0.58,142,48,0.58,210,142,48,0.0,1,1,0
53,28,160,5,1.3025702741924792,strong,susceptible,0,1,0.0,-1,-1,1,0,0,0,15.5,25.3,19.671082411110994,25.43108334302729,31.473882590337986,45.89117562233506,1,0,1.302,1.303,60,0.58,142,48,0.58,210,142,48,0.0,1,1,0
53,29,160,5,1.3025702741924792,strong,susceptible,0,1,0.0,-1,-1,1,0,0,0,15.5,25.3,19.671082411110994,25.43108334302729,31.473882590337986,45.89117562233506,1,0,1.302,1.303,60,0.58,142,48,0.58,210,142,48,0.0,1,1,0
53,30,160,5,1.3025702741924792,strong,susceptible,0,1,0.0,-1,-1,1,0,0,0,15.5,25.3,19.671082411110994,25.43108334302729,31.473882590337986,45.89117562233506,1,0,1.302,1.303,60,0.58,142,48,0.58,210,142,48,0.0,1,1,0
53,31,160,5,1.3025702741924792,strong,susceptible,0,1,0.0,-1,-1,1,0,0,0,15.5,25.3,19.671082411110994,25.43108334302729,31.473882590337986,45.89117562233506,1,0,1.302,1.303,60,0.58,142,48,0.58,210,142,48,0.0,1,1,0
53,32,160,5,1.3025702741924792,strong,susceptible,0,1,0.0,-1,-1,1,0,0,0,15.5,25.3,19.671082411110994,25.43108334302729,31.473882590337986,45.89117562233506,1,0,1.302,1.303,60,0.58,142,48,0.58,210,142,48,0.0,1,1,0
53,33,160,5,1.3025702741924792,strong,susceptible,0,1,0.0,-1,-1,1,0,0,0,15.5,25.3,19.671082411110994,25.43108334302729,31.473882590337986,45.89117562233506,1,0,1.302,1.303,60,0.58,142,48,0.58,210,142,48,0.0,1,1,0
53,34,160,5,1.3025702741924792,strong,susceptible,0,1,0.0,-1,-1,1,0,0,0,15.5,25.3,19.671082411110994,25.43108334302729,31.473882590337986,45.89117562233506,1,0,1.302,1.303,60,0.58,142,48,0.58,210,142,48,0.0,1,1,0
53,35,160,5,1.3025702741924792,strong,susceptible,0,1,0.0,-1,-1,1,0,0,0,15.5,25.3,19.671082411110994,25.43108334302729,31.473882590337986,45.89117562233506,1,0,1.302,1.303,60,0.58,142,48,0.58,210,142,48,0.0,1,1,0
53,36,160,5,1.3025702741924792,strong,susceptible,0,1,0.0,-1,-1,1,0,0,0,15.5,25.3,19.671082411110994,25.43108334302729,31.473882590337986,45.89117562233506,1,0,1.302,1.303,60,0.58,142,48,0.58,210,142,48,0.0,1,1,0
53,37,160,5,1.3025702741924792,strong,susceptible,0,1,0.0,-1,-1,1,0,0,0,15.5,25.3,19.671082411110994,25.43108334302729,31.473882590337986,45.89117562233506,1,0,1.302,1.303,60,0.58,142,48,0.58,210,142,48,0.0,1,1,0
53,38,160,5,1.3025702741924792,strong,susceptible,0,1,0.0,-1,-1,1,0,0,0,15.5,25.3,19.671082411110994,25.43108334302729,31.473882590337986,45.89117562233506,1,0,1.302,1.303,60,0.58,142,48,0.58,210,142,48,0.0,1,1,0
53,39,160,5,1.3025702741924792,strong,susceptible,0,1,0.0,-1,-1,1,0,0,0,15.5,25.3,19.671082411110994,25.43108334302729,31.473882590337986,45.89117562233506,1,0,1.302,1.303,60,0.58,142,48,0.58,210,142,48,0.0,1,1,0
54,0,0,1,1.302796766425591,low,susceptible,0,1,0.0,-1,-1,0,0,1,0,35.0,20.2,15.316704874505243,28.95582842883277,20.990247377466826,39.84971769034255,1,0,1.302,1.303,60,0.58,142,48,0.58,210,142,48,0.0,1,1,0
54,1,0,1,1.302796766425591,low,susceptible,0,1,0.0,-1,-1,0,0,1,0,35.0,20.2,15.316704874505243,28.95582842883277,20.990247377466826,39.84971769034255,1,0,1.302,1.303,60,0.58,142,48,0.58,210,142,48,0.0,1,1,0
54,2,0,1,1.302796766425591,low,susceptible,0,1,0.0,-1,-1,0,0,1,0,35.0,20.2,15.316704874505243,28.95582842883277,20.990247377466826,39.84971769034255,1,0,1.302,1.303,60,0.58,142,48,0.58,210,142,48,0.0,1,1,0
54,3,0,1,1.302796766425591,low,susceptible,0,1,0.0,-1,-1,0,0,1,0,35.0,20.2,15.316704874505243,28.95582842883277,20.990247377466826,39.84971769034255,1,0,1.302,1.303,60,0.58,142,48,0.58,210,142,48,0.0,1,1,0
54,4,0,1,1.302796766425591,low,susceptible,0,1,0.0,-1,-1,0,0,1,0,35.0,20.2,15.316704874505243,28.95582842883277,20.990247377466826,39.84971769034255,1,0,1.302,1.303,60,0.58,142,48,0.58,210,142,48,0.0,1,1,0
54,5,0,1,1.302796766425591,low,susceptible,0,1,0.0,-1,-1,0,0,1,0,35.0,20.2,15.316704874505243,28.95582842883277,20.990247377466826,39.84971769034255,1,0,1.302,1.303,60,0.58,142,48,0.58,210,142,48,0.0,1,1,0
54,6,0,1,1.302796766425591,low,susceptible,0,1,0.0,-1,-1,0,0,1,0,35.0,20.2,15.316704874505243,28.95582842883277,20.990247377466826,39.84971769034255,1,0,1.302,1.303,60,0.58,142,48,0.58,210,142,48,0.0,1,1,0
54,7,0,1,1.302796766425591,low,susceptible,0,1,0.0,-1,-1,0,0,1,0,35.0,20.2,15.316704874505243,28.95582842883277,20.990247377466826,39.84971769034255,1,0,1.302,1.303,60,0.58,142,48,0.58,210,142,48,0.0,1,1,0
54,8,0,1,1.302796766425591,low,susceptible,0,1,0.0,-1,-1,0,0,1,0,35.0,20.2,15.316704874505243,28.95582842883277,20.990247377466826,39.84971769034255,1,0,1.302,1.303,60,0.58,142,48,0.58,210,142,48,0.0,1,1,0
54,9,0,1,1.302796766425591,low,susceptible,0,1,0.0,-1,-1,0,0,1,0,35.0,20.2,15.316704874505243,28.95582842883277,20.990247377466826,39.84971769034255,1,0,1.302,1.303,60,0.58,142,48,0.58,210,142,48,0.0,1,1,0
54,10,0,1,1.302796766425591,low,susceptible,0,1,0.0,-1,-1,0,0,1,0,35.0,20.2,15.316704874505243,28.95582842883277,20.990247377466826,39.84971769034255,1,0,1.302,1.303,60,0.58,142,48,0.58,210,142,48,0.0,1,1,0
54,11,0,1,1.302796766425591,low,susceptible,0,1,0.0,-1,-1,0,0,1,0,35.0,20.2,15.316704874505243,28.95582842883277,20.990247377466826,39.84971769034255,1,0,1.302,1.303,60,0.58,142,48,0.58,210,142,48,0.0,1,1,0
54,12,0,1,1.302796766425591,low,susceptible,0,1,0.0,-1,-1,0,0,1,0,35.0,20.2,15.316704874505243,28.95582842883277,20.990247377466826,39.84971769034255,1,0,1.302,1.303,60,0.58,142,48,0.58,210,142,48,0.0,1,1,0
54,13,0,1,1.302796766425591,low,susceptible,0,1,0.0,-1,-1,0,0,1,0,35.0,20.2,15.316704874505243,28.95582842883277,20.990247377466826,39.84971769034255,1,0,1.302,1.303,60,0.58,142,48,0.58,210,142,48,0.0,1,1,0
54,14,0,1,1.302796766425591,low,susceptible,0,1,0.0,-1,-1,0,0,1,0,35.0,20.2,15.316704874505243,28.95582842883277,20.990247377466826,39.84971769034255,1,0,1.302,1.303,60,0.58,142,48,0.58,210,142,48,0.0,1,1,0
54,15,0,1,1.302796766425591,low,susceptible,0,1,0.0,-1,-1,0,0,1,0,35.0,20.2,15.316704874505243,28.95582842883277,20.990247377466826,39.84971769034255,1,0,1.302,1.303,60,0.58,142,48,0.58,210,142,48,0.0,1,1,0
54,16,0,1,1.302796766425591,low,susceptible,0,1,0.0,-1,-1,0,0,1,0,35.0,20.2,15.316704874505243,28.95582842883277,20.990247377466826,39.84971769034255,1,0,1.302,1.303,60,0.58,142,48,0.58,210,142,48,0.0,1,1,0
54,17,0,1,1.302796766425591,low,susceptible,0,1,0.0,-1,-1,0,0,1,0,35.0,20.2,15.316704874505243,28.95582842883277,20.990247377466826,39.84971769034255,1,0,1.302,1.303,60,0.58,142,48,0.58,210,142,48,0.0,1,1,0
54,18,0,1,1.302796766425591,low,susceptible,0,1,0.0,-1,-1,0,0,1,0,35.0,20.2,15.316704874505243,28.95582842883277,20.990247377466826,39.84971769034255,1,0,1.302,1.303,60,0.58,142,48,0.58,210,142,48,0.0,1,1,0
54,19,0,1,1.302796766425591,low,susceptible,0,1,0.0,-1,-1,0,0,1,0,35.0,20.2,15.316704874505243,28.95582842883277,20.990247377466826,39.84971769034255,1,0,1.302,1.303,60,0.58,142,48,0.58,210,142,48,0.0,1,1,0
54,20,0,1,1.302796766425591,low,susceptible,0,1,0.0,-1,-1,0,0,1,0,35.0,20.2,15.316704874505243,28.95582842883277,20.990247377466826,39.84971769034255,1,0,1.302,1.303,60,0.58,142,48,0.58,210,142,48,0.0,1,1,0
54,21,0,1,1.302796766425591,low,susceptible,0,1,0.0,-1,-1,0,0,1,0,35.0,20.2,15.316704874505243,28.95582842883277,20.990247377466826,39.84971769034255,1,0,1.302,1.303,60,0.58,142,48,0.58,210,142,48,0.0,1,1,0
54,22,0,1,1.302796766425591,low,susceptible,0,1,0.0,-1,-1,0,0,1,0,35.0,20.2,15.316704874505243,28.95582842883277,20.990247377466826,39.84971769034255,1,0,1.302,1.303,60,0.58,142,48,0.58,210,142,48,0.0,1,1,0
54,23,0,1,1.302796766425591,low,susceptible,0,1,0.0,-1,-1,0,0,1,0,35.0,20.2,15.316704874505243,28.95582842883277,20.990247377466826,39.84971769034255,1,0,1.302,1.303,60,0.58,142,48,0.58,210,142,48,0.0,1,1,0
54,24,0,1,1.302796766425591,low,susceptible,0,1,0.0,-1,-1,0,0,1,0,35.0,20.2,15.316704874505243,28.95582842883277,20.990247377466826,39.84971769034255,1,0,1.302,1.303,60,0.58,142,48,0.58,210,142,48,0.0,1,1,0
54,25,0,1,1.302796766425591,low,susceptible,0,1,0.0,-1,-1,0,0,1,0,35.0,20.2,15.316704874505243,28.95582842883277,20.990247377466826,39.84971769034255,1,0,1.302,1.303,60,0.58,142,48,0.58,210,142,48,0.0,1,1,0
54,26,0,1,1.302796766425591,low,susceptible,0,1,0.0,-1,-1,0,0,1,0,35.0,20.2,15.316704874505243,28.95582842883277,20.990247377466826,39.84971769034255,1,0,1.302,1.303,60,0.58,142,48,0.58,210,142,48,0.0,1,1,0
54,27,0,1,1.302796766425591,low,susceptible,0,1,0.0,-1,-1,0,0,1,0,35.0,20.2,15.316704874505243,28.95582842883277,20.990247377466826,39.84971769034255,1,0,1.302,1.303,60,0.58,142,48,0.58,210,142,48,0.0,1,1,0
54,28,0,1,1.302796766425591,low,susceptible,0,1,0.0,-1,-1,0,0,1,0,35.0,20.2,15.316704874505243,28.95582842883277,20.990247377466826,39.84971769034255,1,0,1.302,1.303,60,0.58,142,48,0.58,210,142,48,0.0,1,1,0
54,29,0,1,1.302796766425591,low,susceptible,0,1,0.0,-1,-1,0,0,1,0,35.0,20.2,15.316704874505243,28.95582842883277,20.990247377466826,39.84971769034255,1,0,1.302,1.303,60,0.58,142,48,0.58,210,142,48,0.0,1,1,0
54,30,0,1,1.302796766425591,low,susceptible,0,1,0.0,-1,-1,0,0,1,0,35.0,20.2,15.316704874505243,28.95582842883277,20.990247377466826,39.84971769034255,1,0,1.302,1.303,60,0.58,142,48,0.58,210,142,48,0.0,1,1,0
54,31,0,1,1.302796766425591,low,susceptible,0,1,0.0,-1,-1,0,0,1,0,35.0,20.2,15.316704874505243,28.95582842883277,20.990247377466826,39.84971769034255,1,0,1.302,1.303,60,0.58,142,48,0.58,210,142,48,0.0,1,1,0
54,32,0,1,1.302796766425591,low,susceptible,0,1,0.0,-1,-1,0,0,1,0,35.0,20.2,15.316704874505243,28.95582842883277,20.990247377466826,39.84971769034255,1,0,1.302,1.303,60,0.58,142,48,0.58,210,142,48,0.0,1,1,0
54,33,0,1,1.302796766425591,low,susceptible,0,1,0.0,-1,-1,0,0,1,0,35.0,20.2,15.316704874505243,28.95582842883277,20.990247377466826,39.84971769034255,1,0,1.302,1.303,60,0.58,142,48,0.58,210,142,48,0.0,1,1,0
54,34,0,1,1.302796766425591,low,susceptible,0,1,0.0,-1,-1,0,0,1,0,35.0,20.2,15.316704874505243,28.95582842883277,20.990247377466826,39.84971769034255,1,0,1.302,1.303,60,0.58,142,48,0.58,210,142,48,0.0,1,1,0
54,35,0,1,1.302796766425591,low,susceptible,0,1,0.0,-1,-1,0,0,1,0,35.0,20.2,15.316704874505243,28.95582842883277,20.990247377466826,39.84971769034255,1,0,1.302,1.303,60,0.58,142,48,0.58,210,142,48,0.0,1,1,0
54,36,0,1,1.302796766425591,low,susceptible,0,1,0.0,-1,-1,0,0,1,0,35.0,20.2,15.316704874505243,28.95582842883277,20.990247377466826,39.84971769034255,1,0,1.302,1.303,60,0.58,142,48,0.58,210,142,48,0.0,1,1,0
54,37,0,1,1.302796766425591,low,susceptible,0,1,0.0,-1,-1,0,0,1,0,35.0,20.2,15.316704874505243,28.95582842883277,20.990247377466826,39.84971769034255,1,0,1.302,1.303,60,0.58,142,48,0.58,210,142,48,0.0,1,1,0
54,38,0,1,1.302796766425591,low,susceptible,0,1,0.0,-1,-1,0,0,1,0,35.0,20.2,15.316704874505243,28.95582842883277,20.990247377466826,39.84971769034255,1,0,1.302,1.303,60,0.58,142,48,0.58,210,142,48,0.0,1,1,0
54,39,0,1,1.302796766425591,low,susceptible,0,1,0.0,-1,-1,0,0,1,0,35.0,20.2,15.316704874505243,28.95582842883277,20.990247377466826,39.84971769034255,1,0,1.302,1.303,60,0.58,142,48,0.58,210,142,48,0.0,1,1,0
55,0,156,8,1.3024537290543496,strong,susceptible,0,1,0.0,-1,-1,1,0,0,0,26.5,18.8,20.47872203461681,29.45318318959769,24.911778430410898,44.04543109109048,1,0,1.302,1.303,60,0.58,142,48,0.58,210,142,48,0.0,1,1,0
55,1,156,8,1.3024537290543496,strong,susceptible,0,1,0.0,-1,-1,1,0,0,0,26.5,18.8,20.47872203461681,29.45318318959769,24.911778430410898,44.04543109109048,1,0,1.302,1.303,60,0.58,142,48,0.58,210,142,48,0.0,1,1,0
55,2,156,8,1.3024537290543496,strong,susceptible,0,1,0.0,-1,-1,1,0,0,0,26.5,18.8,20.47872203461681,29.45318318959769,24.911778430410898,44.04543109109048,1,0,1.302,1.303,60,0.58,142,48,0.58,210,142,48,0.0,1,1,0
55,3,156,8,1.3024537290543496,strong,susceptible,0,1,0.0,-1,-1,1,0,0,0,26.5,18.8,20.47872203461681,29.45318318959769,24.911778430410898,44.04543109109048,1,0,1.302,1.303,60,0.58,142,48,0.58,210,142,48,0.0,1,1,0
55,4,156,8,1.3024537290543496,strong,susceptible,0,1,0.0,-1,-1,1,0,0,0,26.5,18.8,20.47872203461681,29.45318318959769,24.911778430410898,44.04543109109048,1,0,1.302,1.303,60,0.58,142,48,0.58,210,142,48,0.0,1,1,0
55,5,156,8,1.3024537290543496,strong,susceptible,0,1,0.0,-1,-1,1,0,0,0,26.5,18.8,20.47872203461681,29.45318318959769,24.911778430410898,44.04543109109048,1,0,1.302,1.303,60,0.58,142,48,0.58,210,142,48,0.0,1,1,0
55,6,156,8,1.3024537290543496,strong,susceptible,0,1,0.0,-1,-1,1,0,0,0,26.5,18.8,20.47872203461681,29.45318318959769,24.911778430410898,44.04543109109048,1,0,1.302,1.303,60,0.58,142,48,0.58,210,142,48,0.0,1,1,0
55,7,156,8,1.3024537290543496,strong,susceptible,0,1,0.0,-1,-1,1,0,0,0,26.5,18.8,20.47872203461681,29.45318318959769,24.911778430410898,44.04543109109048,1,0,1.302,1.303,60,0.58,142,48,0.58,210,142,48,0.0,1,1,0
55,8,156,8,1.3024537290543496,strong,susceptible,0,1,0.0,-1,-1,1,0,0,0,26.5,18.8,20.47872203461681,29.45318318959769,24.911778430410898,44.04543109109048,1,0,1.302,1.303,60,0.58,142,48,0.58,210,142,48,0.0,1,1,0
55,9,156,8,1.3024537290543496,strong,susceptible,0,1,0.0,-1,-1,1,0,0,0,26.5,18.8,20.47872203461681,29.45318318959769,24.911778430410898,44.04543109109048,1,0,1.302,1.303,60,0.58,142,48,0.58,210,142,48,0.0,1,1,0
55,10,156,8,1.3024537290543496,strong,susceptible,0,1,0.0,-1,-1,1,0,0,0,26.5,18.8,20.47872203461681,29.45318318959769,24.911778430410898,44.04543109109048,1,0,1.302,1.303,60,0.58,142,48,0.58,210,142,48,0.0,1,1,0
55,11,156,8,1.3024537290543496,strong,susceptible,0,1,0.0,-1,-1,1,0,0,0,26.5,18.8,20.47872203461681,29.45318318959769,24.911778430410898,44.04543109109048,1,0,1.302,1.303,60,0.58,142,48,0.58,210,142,48,0.0,1,1,0
55,12,156,8,1.3024537290543496,strong,susceptible,0,1,0.0,-1,-1,1,0,0,0,26.5,18.8,20.47872203461681,29.45318318959769,24.911778430410898,44.04543109109048,1,0,1.302,1.303,60,0.58,142,48,0.58,210,142,48,0.0,1,1,0
55,13,156,8,1.3024537290543496,strong,susceptible,0,1,0.0,-1,-1,1,0,0,0,26.5,18.8,20.47872203461681,29.45318318959769,24.911778430410898,44.04543109109048,1,0,1.302,1.303,60,0.58,142,48,0.58,210,142,48,0.0,1,1,0
55,14,156,8,1.3024537290543496,strong,susceptible,0,1,0.0,-1,-1,1,0,0,0,26.5,18.8,20.47872203461681,29.45318318959769,24.911778430410898,44.04543109109048,1,0,1.302,1.303,60,0.58,142,48,0.58,210,142,48,0.0,1,1,0
55,15,156,8,1.3024537290543496,strong,susceptible,0,1,0.0,-1,-1,1,0,0,0,26.5,18.8,20.47872203461681,29.45318318959769,24.911778430410898,44.04543109109048,1,0,1.302,1.303,60,0.58,142,48,0.58,210,142,48,0.0,1,1,0
55,16,156,8,1.3024537290543496,strong,susceptible,0,1,0.0,-1,-1,1,0,0,0,26.5,18.8,20.47872203461681,29.45318318959769,24.911778430410898,44.04543109109048,1,0,1.302,1.303,60,0.58,142,48,0.58,210,142,48,0.0,1,1,0
55,17,156,8,1.3024537290543496,strong,susceptible,0,1,0.0,-1,-1,1,0,0,0,26.5,18.8,20.47872203461681,29.45318318959769,24.911778430410898,44.04543109109048,1,0,1.302,1.303,60,0.58,142,48,0.58,210,142,48,0.0,1,1,0
55,18,156,8,1.3024537290543496,strong,susceptible,0,1,0.0,-1,-1,1,0,0,0,26.5,18.8,20.47872203461681,29.45318318959769,24.911778430410898,44.04543109109048,1,0,1.302,1.303,60,0.58,142,48,0.58,210,142,48,0.0,1,1,0
55,19,156,8,1.3024537290543496,strong,susceptible,0,1,0.0,-1,-1,1,0,0,0,26.5,18.8,20.47872203461681,29.45318318959769,24.911778430410898,44.04543109109048,1,0,1.302,1.303,60,0.58,142,48,0.58,210,142,48,0.0,1,1,0
55,20,156,8,1.3024537290543496,strong,susceptible,0,1,0.0,-1,-1,1,0,0,0,26.5,18.8,20.47872203461681,29.45318318959769,24.911778430410898,44.04543109109048,1,0,1.302,1.303,60,0.58,142,48,0.58,210,142,48,0.0,1,1,0
55,21,156,8,1.3024537290543496,strong,susceptible,0,1,0.0,-1,-1,1,0,0,0,26.5,18.8,20.47872203461681,29.45318318959769,24.911778430410898,44.04543109109048,1,0,1.302,1.303,60,0.58,142,48,0.58,210,142,48,0.0,1,1,0
55,22,156,8,1.3024537290543496,strong,susceptible,0,1,0.0,-1,-1,1,0,0,0,26.5,18.8,20.47872203461681,29.45318318959769,24.911778430410898,44.04543109109048,1,0,1.302,1.303,60,0.58,142,48,0.58,210,142,48,0.0,1,1,0
55,23,156,8,1.3024537290543496,strong,susceptible,0,1,0.0,-1,-1,1,0,0,0,26.5,18.8,20.47872203461681,29.45318318959769,24.911778430410898,44.04543109109048,1,0,1.302,1.303,60,0.58,142,48,0.58,210,142,48,0.0,1,1,0
55,24,156,8,1.3024537290543496,strong,susceptible,0,1,0.0,-1,-1,1,0,0,0,26.5,18.8,20.47872203461681,29.45318318959769,24.911778430410898,44.04543109109048,1,0,1.302,1.303,60,0.58,142,48,0.58,210,142,48,0.0,1,1,0
55,25,156,8,1.3024537290543496,strong,susceptible,0,1,0.0,-1,-1,1,0,0,0,26.5,18.8,20.47872203461681,29.45318318959769,24.911778430410898,44.04543109109048,1,0,1.302,1.303,60,0.58,142,48,0.58,210,142,48,0.0,1,1,0
55,26,156,8,1.3024537290543496,strong,susceptible,0,1,0.0,-1,-1,1,0,0,0,26.5,18.8,20.47872203461681,29.45318318959769,24.911778430410898,44.04543109109048,1,0,1.302,1.303,60,0.58,142,48,0.58,210,142,48,0.0,1,1,0
55,27,156,8,1.3024537290543496,strong,susceptible,0,1,0.0,-1,-1,1,0,0,0,26.5,18.8,20.47872203461681,29.45318318959769,24.911778430410898,44.04543109109048,1,0,1.302,1.303,60,0.58,142,48,0.58,210,142,48,0.0,1,1,0
55,28,156,8,1.3024537290543496,strong,susceptible,0,1,0.0,-1,-1,1,0,0,0,26.5,18.8,20.47872203461681,29.45318318959769,24.911778430410898,44.04543109109048,1,0,1.302,1.303,60,0.58,142,48,0.58,210,142,48,0.0,1,1,0
55,29,156,8,1.3024537290543496,strong,susceptible,0,1,0.0,-1,-1,1,0,0,0,26.5,18.8,20.47872203461681,29.45318318959769,24.911778430410898,44.04543109109048,1,0,1.302,1.303,60,0.58,142,48,0.58,210,142,48,0.0,1,1,0
55,30,156,8,1.3024537290543496,strong,susceptible,0,1,0.0,-1,-1,1,0,0,0,26.5,18.8,20.47872203461681,29.45318318959769,24.911778430410898,44.04543109109048,1,0,1.302,1.303,60,0.58,142,48,0.58,210,142,48,0.0,1,1,0
55,31,156,8,1.3024537290543496,strong,susceptible,0,1,0.0,-1,-1,1,0,0,0,26.5,18.8,20.47872203461681,29.45318318959769,24.911778430410898,44.04543109109048,1,0,1.302,1.303,60,0.58,142,48,0.58,210,142,48,0.0,1,1,0
55,32,156,8,1.3024537290543496,strong,susceptible,0,1,0.0,-1,-1,1,0,0,0,26.5,18.8,20.47872203461681,29.45318318959769,24.911778430410898,44.04543109109048,1,0,1.302,1.303,60,0.58,142,48,0.58,210,142,48,0.0,1,1,0
55,33,156,8,1.3024537290543496,strong,susceptible,0,1,0.0,-1,-1,1,0,0,0,26.5,18.8,20.47872203461681,29.45318318959769,24.911778430410898,44.04543109109048,1,0,1.302,1.303,60,0.58,142,48,0.58,210,142,48,0.0,1,1,0
55,34,156,8,1.3024537290543496,strong,susceptible,0,1,0.0,-1,-1,1,0,0,0,26.5,18.8,20.47872203461681,29.45318318959769,24.911778430410898,44.04543109109048,1,0,1.302,1.303,60,0.58,142,48,0.58,210,142,48,0.0,1,1,0
55,35,156,8,1.3024537290543496,strong,susceptible,0,1,0.0,-1,-1,1,0,0,0,26.5,18.8,20.47872203461681,29.45318318959769,24.911778430410898,44.04543109109048,1,0,1.302,1.303,60,0.58,142,48,0.58,210,142,48,0.0,1,1,0
55,36,156,8,1.3024537290543496,strong,susceptible,0,1,0.0,-1,-1,1,0,0,0,26.5,18.8,20.47872203461681,29.45318318959769,24.911778430410898,44.04543109109048,1,0,1.302,1.303,60,0.58,142,48,0.58,210,142,48,0.0,1,1,0
55,37,156,8,1.3024537290543496,strong,susceptible,0,1,0.0,-1,-1,1,0,0,0,26.5,18.8,20.47872203461681,29.45318318959769,24.911778430410898,44.04543109109048,1,0,1.302,1.303,60,0.58,142,48,0.58,210,142,48,0.0,1,1,0
55,38,156,8,1.3024537290543496,strong,susceptible,0,1,0.0,-1,-1,1,0,0,0,26.5,18.8,20.47872203461681,29.45318318959769,24.911778430410898,44.04543109109048,1,0,1.302,1.303,60,0.58,142,48,0.58,210,142,48,0.0,1,1,0
55,39,156,8,1.3024537290543496,strong,susceptible,0,1,0.0,-1,-1,1,0,0,0,26.5,18.8,20.47872203461681,29.45318318959769,24.911778430410898,44.04543109109048,1,0,1.302,1.303,60,0.58,142,48,0.58,210,142,48,0.0,1,1,0
56,0,126,3,1.3020804504369048,strong,susceptible,0,1,0.0,-1,-1,1,0,0,0,19.1,16.4,16.830958654546727,30.541283535568706,29.49017354813744,47.4236228055175,1,0,1.302,1.303,60,0.58,142,48,0.58,210,142,48,0.0,1,1,0
56,1,126,3,1.3020804504369048,strong,susceptible,0,1,0.0,-1,-1,1,0,0,0,19.1,16.4,16.830958654546727,30.541283535568706,29.49017354813744,47.4236228055175,1,0,1.302,1.303,60,0.58,142,48,0.58,210,142,48,0.0,1,1,0
56,2,126,3,1.3020804504369048,strong,susceptible,0,1,0.0,-1,-1,1,0,0,0,19.1,16.4,16.830958654546727,30.541283535568706,29.49017354813744,47.4236228055175,1,0,1.302,1.303,60,0.58,142,48,0.58,210,142,48,0.0,1,1,0
56,3,126,3,1.3020804504369048,strong,susceptible,0,1,0.0,-1,-1,1,0,0,0,19.1,16.4,16.830958654546727,30.541283535568706,29.49017354813744,47.4236228055175,1,0,1.302,1.303,60,0.58,142,48,0.58,210,142,48,0.0,1,1,0
56,4,126,3,1.3020804504369048,strong,susceptible,0,1,0.0,-1,-1,1,0,0,0,19.1,16.4,16.830958654546727,30.541283535568706,29.49017354813744,47.4236228055175,1,0,1.302,1.303,60,0.58,142,48,0.58,210,142,48,0.0,1,1,0
56,5,126,3,1.3020804504369048,strong,susceptible,0,1,0.0,-1,-1,1,0,0,0,19.1,16.4,16.830958654546727,30.541283535568706,29.49017354813744,47.4236228055175,1,0,1.302,1.303,60,0.58,142,48,0.58,210,142,48,0.0,1,1,0
56,6,126,3,1.3020804504369048,strong,susceptible,0,1,0.0,-1,-1,1,0,0,0,19.1,16.4,16.830958654546727,30.541283535568706,29.49017354813744,47.4236228055175,1,0,1.302,1.303,60,0.58,142,48,0.58,210,142,48,0.0,1,1,0
56,7,126,3,1.3020804504369048,strong,susceptible,0,1,0.0,-1,-1,1,0,0,0,19.1,16.4,16.830958654546727,30.541283535568706,29.49017354813744,47.4236228055175,1,0,1.302,1.303,60,0.58,142,48,0.58,210,142,48,0.0,1,1,0
56,8,126,3,1.3020804504369048,strong,susceptible,0,1,0.0,-1,-1,1,0,0,0,19.1,16.4,16.830958654546727,30.541283535568706,29.49017354813744,47.4236228055175,1,0,1.302,1.303,60,0.58,142,48,0.58,210,142,48,0.0,1,1,0
56,9,126,3,1.3020804504369048,strong,susceptible,0,1,0.0,-1,-1,1,0,0,0,19.1,16.4,16.830958654546727,30.541283535568706,29.49017354813744,47.4236228055175,1,0,1.302,1.303,60,0.58,142,48,0.58,210,142,48,0.0,1,1,0
56,10,126,3,1.3020804504369048,strong,susceptible,0,1,0.0,-1,-1,1,0,0,0,19.1,16.4,16.830958654546727,30.541283535568706,29.49017354813744,47.4236228055175,1,0,1.302,1.303,60,0.58,142,48,0.58,210,142,48,0.0,1,1,0
56,11,126,3,1.3020804504369048,strong,susceptible,0,1,0.0,-1,-1,1,0,0,0,19.1,16.4,16.830958654546727,30.541283535568706,29.49017354813744,47.4236228055175,1,0,1.302,1.303,60,0.58,142,48,0.58,210,142,48,0.0,1,1,0
56,12,126,3,1.3020804504369048,strong,susceptible,0,1,0.0,-1,-1,1,0,0,0,19.1,16.4,16.830958654546727,30.541283535568706,29.49017354813744,47.4236228055175,1,0,1.302,1.303,60,0.58,142,48,0.58,210,142,48,0.0,1,1,0
56,13,126,3,1.3020804504369048,strong,susceptible,0,1,0.0,-1,-1,1,0,0,0,19.1,16.4,16.830958654546727,30.541283535568706,29.49017354813744,47.4236228055175,1,0,1.302,1.303,60,0.58,142,48,0.58,210,142,48,0.0,1,1,0
56,14,126,3,1.3020804504369048,strong,susceptible,0,1,0.0,-1,-1,1,0,0,0,19.1,16.4,16.830958654546727,30.541283535568706,29.49017354813744,47.4236228055175,1,0,1.302,1.303,60,0.58,142,48,0.58,210,142,48,0.0,1,1,0
56,15,126,3,1.3020804504369048,strong,susceptible,0,1,0.0,-1,-1,1,0,0,0,19.1,16.4,16.830958654546727,30.541283535568706,29.49017354813744,47.4236228055175,1,0,1.302,1.303,60,0.58,142,48,0.58,210,142,48,0.0,1,1,0
56,16,126,3,1.3020804504369048,strong,susceptible,0,1,0.0,-1,-1,1,0,0,0,19.1,16.4,16.830958654546727,30.541283535568706,29.49017354813744,47.4236228055175,1,0,1.302,1.303,60,0.58,142,48,0.58,210,142,48,0.0,1,1,0
56,17,126,3,1.3020804504369048,strong,susceptible,0,1,0.0,-1,-1,1,0,0,0,19.1,16.4,16.830958654546727,30.541283535568706,29.49017354813744,47.4236228055175,1,0,1.302,1.303,60,0.58,142,48,0.58,210,142,48,0.0,1,1,0
56,18,126,3,1.3020804504369048,strong,susceptible,0,1,0.0,-1,-1,1,0,0,0,19.1,16.4,16.830958654546727,30.541283535568706,29.49017354813744,47.4236228055175,1,0,1.302,1.303,60,0.58,142,48,0.58,210,142,48,0.0,1,1,0
56,19,126,3,1.3020804504369048,strong,susceptible,0,1,0.0,-1,-1,1,0,0,0,19.1,16.4,16.830958654546727,30.541283535568706,29.49017354813744,47.4236228055175,1,0,1.302,1.303,60,0.58,142,48,0.58,210,142,48,0.0,1,1,0
56,20,126,3,1.3020804504369048,strong,susceptible,0,1,0.0,-1,-1,1,0,0,0,19.1,16.4,16.830958654546727,30.541283535568706,29.49017354813744,47.4236228055175,1,0,1.302,1.303,60,0.58,142,48,0.58,210,142,48,0.0,1,1,0
56,21,126,3,1.3020804504369048,strong,susceptible,0,1,0.0,-1,-1,1,0,0,0,19.1,16.4,16.830958654546727,30.541283535568706,29.49017354813744,47.4236228055175,1,0,1.302,1.303,60,0.58,142,48,0.58,210,142,48,0.0,1,1,0
56,22,126,3,1.3020804504369048,strong,susceptible,0,1,0.0,-1,-1,1,0,0,0,19.1,16.4,16.830958654546727,30.541283535568706,29.49017354813744,47.4236228055175,1,0,1.302,1.303,60,0.58,142,48,0.58,210,142,48,0.0,1,1,0
56,23,126,3,1.3020804504369048,strong,susceptible,0,1,0.0,-1,-1,1,0,0,0,19.1,16.4,16.830958654546727,30.541283535568706,29.49017354813744,47.4236228055175,1,0,1.302,1.303,60,0.58,142,48,0.58,210,142,48,0.0,1,1,0
56,24,126,3,1.3020804504369048,strong,susceptible,0,1,0.0,-1,-1,1,0,0,0,19.1,16.4,16.830958654546727,30.541283535568706,29.49017354813744,47.4236228055175,1,0,1.302,1.303,60,0.58,142,48,0.58,210,142,48,0.0,1,1,0
56,25,126,3,1.3020804504369048,strong,susceptible,0,1,0.0,-1,-1,1,0,0,0,19.1,16.4,16.830958654546727,30.541283535568706,29.49017354813744,47.4236228055175,1,0,1.302,1.303,60,0.58,142,48,0.58,210,142,48,0.0,1,1,0
56,26,126,3,1.3020804504369048,strong,susceptible,0,1,0.0,-1,-1,1,0,0,0,19.1,16.4,16.830958654546727,30.541283535568706,29.49017354813744,47.4236228055175,1,0,1.302,1.303,60,0.58,142,48,0.58,210,142,48,0.0,1,1,0
56,27,126,3,1.3020804504369048,strong,susceptible,0,1,0.0,-1,-1,1,0,0,0,19.1,16.4,16.830958654546727,30.541283535568706,29.49017354813744,47.4236228055175,1,0,1.302,1.303,60,0.58,142,48,0.58,210,142,48,0.0,1,1,0
56,28,126,3,1.3020804504369048,strong,susceptible,0,1,0.0,-1,-1,1,0,0,0,19.1,16.4,16.830958654546727,30.541283535568706,29.49017354813744,47.4236228055175,1,0,1.302,1.303,60,0.58,142,48,0.58,210,142,48,0.0,1,1,0
56,29,126,3,1.3020804504369048,strong,susceptible,0,1,0.0,-1,-1,1,0,0,0,19.1,16.4,16.830958654546727,30.541283535568706,29.49017354813744,47.4236228055175,1,0,1.302,1.303,60,0.58,142,48,0.58,210,142,48,0.0,1,1,0
56,30,126,3,1.3020804504369048,strong,susceptible,0,1,0.0,-1,-1,1,0,0,0,19.1,16.4,16.830958654546727,30.541283535568706,29.49017354813744,47.4236228055175,1,0,1.302,1.303,60,0.58,142,48,0.58,210,142,48,0.0,1,1,0
56,31,126,3,1.3020804504369048,strong,susceptible,0,1,0.0,-1,-1,1,0,0,0,19.1,16.4,16.830958654546727,30.541283535568706,29.49017354813744,47.4236228055175,1,0,1.302,1.303,60,0.58,142,48,0.58,210,142,48,0.0,1,1,0
56,32,126,3,1.3020804504369048,strong,susceptible,0,1,0.0,-1,-1,1,0,0,0,19.1,16.4,16.830958654546727,30.541283535568706,29.49017354813744,47.4236228055175,1,0,1.302,1.303,60,0.58,142,48,0.58,210,142,48,0.0,1,1,0
56,33,126,3,1.3020804504369048,strong,susceptible,0,1,0.0,-1,-1,1,0,0,0,19.1,16.4,16.830958654546727,30.541283535568706,29.49017354813744,47.4236228055175,1,0,1.302,1.303,60,0.58,142,48,0.58,210,142,48,0.0,1,1,0
56,34,126,3,1.3020804504369048,strong,susceptible,0,1,0.0,-1,-1,1,0,0,0,19.1,16.4,16.830958654546727,30.541283535568706,29.49017354813744,47.4236228055175,1,0,1.302,1.303,60,0.58,142,48,0.58,210,142,48,0.0,1,1,0
56,35,126,3,1.3020804504369048,strong,susceptible,0,1,0.0,-1,-1,1,0,0,0,19.1,16.4,16.830958654546727,30.541283535568706,29.49017354813744,47.4236228055175,1,0,1.302,1.303,60,0.58,142,48,0.58,210,142,48,0.0,1,1,0
56,36,126,3,1.3020804504369048,strong,susceptible,0,1,0.0,-1,-1,1,0,0,0,19.1,16.4,16.830958654546727,30.541283535568706,29.49017354813744,47.4236228055175,1,0,1.302,1.303,60,0.58,142,48,0.58,210,142,48,0.0,1,1,0
56,37,126,3,1.3020804504369048,strong,susceptible,0,1,0.0,-1,-1,1,0,0,0,19.1,16.4,16.830958654546727,30.541283535568706,29.49017354813744,47.4236228055175,1,0,1.302,1.303,60,0.58,142,48,0.58,210,142,48,0.0,1,1,0
56,38,126,3,1.3020804504369048,strong,susceptible,0,1,0.0,-1,-1,1,0,0,0,19.1,16.4,16.830958654546727,30.541283535568706,29.49017354813744,47.4236228055175,1,0,1.302,1.303,60,0.58,142,48,0.58,210,142,48,0.0,1,1,0
56,39,126,3,1.3020804504369048,strong,susceptible,0,1,0.0,-1,-1,1,0,0,0,19.1,16.4,16.830958654546727,30.541283535568706,29.49017354813744,47.4236228055175,1,0,1.302,1.303,60,0.58,142,48,0.58,210,142,48,0.0,1,1,0
57,0,85,3,1.3029444140087685,medium,susceptible,0,1,0.0,-1,-1,0,1,0,0,24.3,24.4,19.871545323035225,28.591082525850606,30.044173931619827,42.44997055358225,1,0,1.302,1.303,60,0.58,142,48,0.58,210,142,48,0.0,1,1,0
57,1,85,3,1.3029444140087685,medium,susceptible,0,1,0.0,-1,-1,0,1,0,0,24.3,24.4,19.871545323035225,28.591082525850606,30.044173931619827,42.44997055358225,1,0,1.302,1.303,60,0.58,142,48,0.58,210,142,48,0.0,1,1,0
57,2,85,3,1.3029444140087685,medium,susceptible,0,1,0.0,-1,-1,0,1,0,0,24.3,24.4,19.871545323035225,28.591082525850606,30.044173931619827,42.44997055358225,1,0,1.302,1.303,60,0.58,142,48,0.58,210,142,48,0.0,1,1,0
57,3,85,3,1.3029444140087685,medium,susceptible,0,1,0.0,-1,-1,0,1,0,0,24.3,24.4,19.871545323035225,28.591082525850606,30.044173931619827,42.44997055358225,1,0,1.302,1.303,60,0.58,142,48,0.58,210,142,48,0.0,1,1,0
57,4,85,3,1.3029444140087685,medium,susceptible,0,1,0.0,-1,-1,0,1,0,0,24.3,24.4,19.871545323035225,28.591082525850606,30.044173931619827,42.44997055358225,1,0,1.302,1.303,60,0.58,142,48,0.58,210,142,48,0.0,1,1,0
57,5,85,3,1.3029444140087685,medium,susceptible,0,1,0.0,-1,-1,0,1,0,0,24.3,24.4,19.871545323035225,28.591082525850606,30.044173931619827,42.44997055358225,1,0,1.302,1.303,60,0.58,142,48,0.58,210,142,48,0.0,1,1,0
57,6,85,3,1.3029444140087685,medium,susceptible,0,1,0.0,-1,-1,0,1,0,0,24.3,24.4,19.871545323035225,28.591082525850606,30.044173931619827,42.44997055358225,1,0,1.302,1.303,60,0.58,142,48,0.58,210,142,48,0.0,1,1,0
57,7,85,3,1.3029444140087685,medium,susceptible,0,1,0.0,-1,-1,0,1,0,0,24.3,24.4,19.871545323035225,28.591082525850606,30.044173931619827,42.44997055358225,1,0,1.302,1.303,60,0.58,142,48,0.58,210,142,48,0.0,1,1,0
57,8,85,3,1.3029444140087685,medium,susceptible,0,1,0.0,-1,-1,0,1,0,0,24.3,24.4,19.871545323035225,28.591082525850606,30.044173931619827,42.44997055358225,1,0,1.302,1.303,60,0.58,142,48,0.58,210,142,48,0.0,1,1,0
57,9,85,3,1.3029444140087685,medium,susceptible,0,1,0.0,-1,-1,0,1,0,0,24.3,24.4,19.871545323035225,28.591082525850606,30.044173931619827,42.44997055358225,1,0,1.302,1.303,60,0.58,142,48,0.58,210,142,48,0.0,1,1,0
57,10,85,3,1.3029444140087685,medium,susceptible,0,1,0.0,-1,-1,0,1,0,0,24.3,24.4,19.871545323035225,28.591082525850606,30.044173931619827,42.44997055358225,1,0,1.302,1.303,60,0.58,142,48,0.58,210,142,48,0.0,1,1,0
57,11,85,3,1.3029444140087685,medium,susceptible,0,1,0.0,-1,-1,0,1,0,0,24.3,24.4,19.871545323035225,28.591082525850606,30.044173931619827,42.44997055358225,1,0,1.302,1.303,60,0.58,142,48,0.58,210,142,48,0.0,1,1,0
57,12,85,3,1.3029444140087685,medium,susceptible,0,1,0.0,-1,-1,0,1,0,0,24.3,24.4,19.871545323035225,28.591082525850606,30.044173931619827,42.44997055358225,1,0,1.302,1.303,60,0.58,142,48,0.58,210,142,48,0.0,1,1,0
57,13,85,3,1.3029444140087685,medium,susceptible,0,1,0.0,-1,-1,0,1,0,0,24.3,24.4,19.871545323035225,28.591082525850606,30.044173931619827,42.44997055358225,1,0,1.302,1.303,60,0.58,142,48,0.58,210,142,48,0.0,1,1,0
57,14,85,3,1.3029444140087685,medium,susceptible,0,1,0.0,-1,-1,0,1,0,0,24.3,24.4,19.871545323035225,28.591082525850606,30.044173931619827,42.44997055358225,1,0,1.302,1.303,60,0.58,142,48,0.58,210,142,48,0.0,1,1,0
57,15,85,3,1.3029444140087685,medium,susceptible,0,1,0.0,-1,-1,0,1,0,0,24.3,24.4,19.871545323035225,28.591082525850606,30.044173931619827,42.44997055358225,1,0,1.302,1.303,60,0.58,142,48,0.58,210,142,48,0.0,1,1,0
57,16,85,3,1.3029444140087685,medium,susceptible,0,1,0.0,-1,-1,0,1,0,0,24.3,24.4,19.871545323035225,28.591082525850606,30.044173931619827,42.44997055358225,1,0,1.302,1.303,60,0.58,142,48,0.58,210,142,48,0.0,1,1,0
57,17,85,3,1.3029444140087685,medium,susceptible,0,1,0.0,-1,-1,0,1,0,0,24.3,24.4,19.871545323035225,28.591082525850606,30.044173931619827,42.44997055358225,1,0,1.302,1.303,60,0.58,142,48,0.58,210,142,48,0.0,1,1,0
57,18,85,3,1.3029444140087685,medium,susceptible,0,1,0.0,-1,-1,0,1,0,0,24.3,24.4,19.871545323035225,28.591082525850606,30.044173931619827,42.44997055358225,1,0,1.302,1.303,60,0.58,142,48,0.58,210,142,48,0.0,1,1,0
57,19,85,3,1.3029444140087685,medium,susceptible,0,1,0.0,-1,-1,0,1,0,0,24.3,24.4,19.871545323035225,28.591082525850606,30.044173931619827,42.44997055358225,1,0,1.302,1.303,60,0.58,142,48,0.58,210,142,48,0.0,1,1,0
57,20,85,3,1.3029444140087685,medium,susceptible,0,1,0.0,-1,-1,0,1,0,0,24.3,24.4,19.871545323035225,28.591082525850606,30.044173931619827,42.44997055358225,1,0,1.302,1.303,60,0.58,142,48,0.58,210,142,48,0.0,1,1,0
57,21,85,3,1.3029444140087685,medium,susceptible,0,1,0.0,-1,-1,0,1,0,0,24.3,24.4,19.871545323035225,28.591082525850606,30.044173931619827,42.44997055358225,1,0,1.302,1.303,60,0.58,142,48,0.58,210,142,48,0.0,1,1,0
57,22,85,3,1.3029444140087685,medium,susceptible,0,1,0.0,-1,-1,0,1,0,0,24.3,24.4,19.871545323035225,28.591082525850606,30.044173931619827,42.44997055358225,1,0,1.302,1.303,60,0.58,142,48,0.58,210,142,48,0.0,1,1,0
57,23,85,3,1.3029444140087685,medium,susceptible,0,1,0.0,-1,-1,0,1,0,0,24.3,24.4,19.871545323035225,28.591082525850606,30.044173931619827,42.44997055358225,1,0,1.302,1.303,60,0.58,142,48,0.58,210,142,48,0.0,1,1,0
57,24,85,3,1.3029444140087685,medium,susceptible,0,1,0.0,-1,-1,0,1,0,0,24.3,24.4,19.871545323035225,28.591082525850606,30.044173931619827,42.44997055358225,1,0,1.302,1.303,60,0.58,142,48,0.58,210,142,48,0.0,1,1,0
57,25,85,3,1.3029444140087685,medium,susceptible,0,1,0.0,-1,-1,0,1,0,0,24.3,24.4,19.871545323035225,28.591082525850606,30.044173931619827,42.44997055358225,1,0,1.302,1.303,60,0.58,142,48,0.58,210,142,48,0.0,1,1,0
57,26,85,3,1.3029444140087685,medium,susceptible,0,1,0.0,-1,-1,0,1,0,0,24.3,24.4,19.871545323035225,28.591082525850606,30.044173931619827,42.44997055358225,1,0,1.302,1.303,60,0.58,142,48,0.58,210,142,48,0.0,1,1,0
57,27,85,3,1.3029444140087685,medium,susceptible,0,1,0.0,-1,-1,0,1,0,0,24.3,24.4,19.871545323035225,28.591082525850606,30.044173931619827,42.44997055358225,1,0,1.302,1.303,60,0.58,142,48,0.58,210,142,48,0.0,1,1,0
57,28,85,3,1.3029444140087685,medium,susceptible,0,1,0.0,-1,-1,0,1,0,0,24.3,24.4,19.871545323035225,28.591082525850606,30.044173931619827,42.44997055358225,1,0,1.302,1.303,60,0.58,142,48,0.58,210,142,48,0.0,1,1,0
57,29,85,3,1.3029444140087685,medium,susceptible,0,1,0.0,-1,-1,0,1,0,0,24.3,24.4,19.871545323035225,28.591082525850606,30.044173931619827,42.44997055358225,1,0,1.302,1.303,60,0.58,142,48,0.58,210,142,48,0.0,1,1,0
57,30,85,3,1.3029444140087685,medium,susceptible,0,1,0.0,-1,-1,0,1,0,0,24.3,24.4,19.871545323035225,28.591082525850606,30.044173931619827,42.44997055358225,1,0,1.302,1.303,60,0.58,142,48,0.58,210,142,48,0.0,1,1,0
57,31,85,3,1.3029444140087685,medium,susceptible,0,1,0.0,-1,-1,0,1,0,0,24.3,24.4,19.871545323035225,28.591082525850606,30.044173931619827,42.44997055358225,1,0,1.302,1.303,60,0.58,142,48,0.58,210,142,48,0.0,1,1,0
57,32,85,3,1.3029444140087685,medium,susceptible,0,1,0.0,-1,-1,0,1,0,0,24.3,24.4,19.871545323035225,28.591082525850606,30.044173931619827,42.44997055358225,1,0,1.302,1.303,60,0.58,142,48,0.58,210,142,48,0.0,1,1,0
57,33,85,3,1.3029444140087685,medium,susceptible,0,1,0.0,-1,-1,0,1,0,0,24.3,24.4,19.871545323035225,28.591082525850606,30.044173931619827,42.44997055358225,1,0,1.302,1.303,60,0.58,142,48,0.58,210,142,48,0.0,1,1,0
57,35,85,3,1.3029444140087685,medium,infected,1,1,0.365,34,1,0,1,0,0,24.3,24.4,19.871545323035225,28.591082525850606,30.044173931619827,42.44997055358225,1,0,1.302,1.303,60,0.58,142,48,0.58,210,142,48,0.0,1,1,0
57,36,85,3,1.3029444140087685,medium,infected,1,1,8.053,34,2,0,1,0,0,24.3,24.4,19.871545323035225,28.591082525850606,30.044173931619827,42.44997055358225,1,0,1.302,1.303,60,0.58,142,48,0.58,210,142,48,0.0,1,1,0
57,37,85,3,1.3029444140087685,medium,infected,1,1,22.733,34,3,0,1,0,0,24.3,24.4,19.871545323035225,28.591082525850606,30.044173931619827,42.44997055358225,1,0,1.302,1.303,60,0.58,142,48,0.58,210,142,48,0.0,1,1,0
57,38,85,3,1.3029444140087685,medium,infected,1,1,34.864,34,4,0,1,0,0,24.3,24.4,19.871545323035225,28.591082525850606,30.044173931619827,42.44997055358225,1,0,1.302,1.303,60,0.58,142,48,0.58,210,142,48,0.0,1,1,0
58,0,62,6,1.302966224575327,medium,susceptible,0,1,0.0,-1,-1,0,1,0,0,19.4,22.8,20.55038499317447,37.36308338453881,27.723667641818157,53.75872022286245,1,0,1.302,1.303,60,0.58,142,48,0.58,210,142,48,0.0,1,1,0
58,1,62,6,1.302966224575327,medium,susceptible,0,1,0.0,-1,-1,0,1,0,0,19.4,22.8,20.55038499317447,37.36308338453881,27.723667641818157,53.75872022286245,1,0,1.302,1.303,60,0.58,142,48,0.58,210,142,48,0.0,1,1,0
58,2,62,6,1.302966224575327,medium,susceptible,0,1,0.0,-1,-1,0,1,0,0,19.4,22.8,20.55038499317447,37.36308338453881,27.723667641818157,53.75872022286245,1,0,1.302,1.303,60,0.58,142,48,0.58,210,142,48,0.0,1,1,0
58,3,62,6,1.302966224575327,medium,susceptible,0,1,0.0,-1,-1,0,1,0,0,19.4,22.8,20.55038499317447,37.36308338453881,27.723667641818157,53.75872022286245,1,0,1.302,1.303,60,0.58,142,48,0.58,210,142,48,0.0,1,1,0
58,4,62,6,1.302966224575327,medium,susceptible,0,1,0.0,-1,-1,0,1,0,0,19.4,22.8,20.55038499317447,37.36308338453881,27.723667641818157,53.75872022286245,1,0,1.302,1.303,60,0.58,142,48,0.58,210,142,48,0.0,1,1,0
58,5,62,6,1.302966224575327,medium,susceptible,0,1,0.0,-1,-1,0,1,0,0,19.4,22.8,20.55038499317447,37.36308338453881,27.723667641818157,53.75872022286245,1,0,1.302,1.303,60,0.58,142,48,0.58,210,142,48,0.0,1,1,0
58,6,62,6,1.302966224575327,medium,susceptible,0,1,0.0,-1,-1,0,1,0,0,19.4,22.8,20.55038499317447,37.36308338453881,27.723667641818157,53.75872022286245,1,0,1.302,1.303,60,0.58,142,48,0.58,210,142,48,0.0,1,1,0
58,7,62,6,1.302966224575327,medium,susceptible,0,1,0.0,-1,-1,0,1,0,0,19.4,22.8,20.55038499317447,37.36308338453881,27.723667641818157,53.75872022286245,1,0,1.302,1.303,60,0.58,142,48,0.58,210,142,48,0.0,1,1,0
58,8,62,6,1.302966224575327,medium,susceptible,0,1,0.0,-1,-1,0,1,0,0,19.4,22.8,20.55038499317447,37.36308338453881,27.723667641818157,53.75872022286245,1,0,1.302,1.303,60,0.58,142,48,0.58,210,142,48,0.0,1,1,0
58,9,62,6,1.302966224575327,medium,susceptible,0,1,0.0,-1,-1,0,1,0,0,19.4,22.8,20.55038499317447,37.36308338453881,27.723667641818157,53.75872022286245,1,0,1.302,1.303,60,0.58,142,48,0.58,210,142,48,0.0,1,1,0
58,10,62,6,1.302966224575327,medium,susceptible,0,1,0.0,-1,-1,0,1,0,0,19.4,22.8,20.55038499317447,37.36308338453881,27.723667641818157,53.75872022286245,1,0,1.302,1.303,60,0.58,142,48,0.58,210,142,48,0.0,1,1,0
58,11,62,6,1.302966224575327,medium,susceptible,0,1,0.0,-1,-1,0,1,0,0,19.4,22.8,20.55038499317447,37.36308338453881,27.723667641818157,53.75872022286245,1,0,1.302,1.303,60,0.58,142,48,0.58,210,142,48,0.0,1,1,0
58,12,62,6,1.302966224575327,medium,susceptible,0,1,0.0,-1,-1,0,1,0,0,19.4,22.8,20.55038499317447,37.36308338453881,27.723667641818157,53.75872022286245,1,0,1.302,1.303,60,0.58,142,48,0.58,210,142,48,0.0,1,1,0
58,13,62,6,1.302966224575327,medium,susceptible,0,1,0.0,-1,-1,0,1,0,0,19.4,22.8,20.55038499317447,37.36308338453881,27.723667641818157,53.75872022286245,1,0,1.302,1.303,60,0.58,142,48,0.58,210,142,48,0.0,1,1,0
58,14,62,6,1.302966224575327,medium,susceptible,0,1,0.0,-1,-1,0,1,0,0,19.4,22.8,20.55038499317447,37.36308338453881,27.723667641818157,53.75872022286245,1,0,1.302,1.303,60,0.58,142,48,0.58,210,142,48,0.0,1,1,0
58,15,62,6,1.302966224575327,medium,susceptible,0,1,0.0,-1,-1,0,1,0,0,19.4,22.8,20.55038499317447,37.36308338453881,27.723667641818157,53.75872022286245,1,0,1.302,1.303,60,0.58,142,48,0.58,210,142,48,0.0,1,1,0
58,16,62,6,1.302966224575327,medium,susceptible,0,1,0.0,-1,-1,0,1,0,0,19.4,22.8,20.55038499317447,37.36308338453881,27.723667641818157,53.75872022286245,1,0,1.302,1.303,60,0.58,142,48,0.58,210,142,48,0.0,1,1,0
58,17,62,6,1.302966224575327,medium,susceptible,0,1,0.0,-1,-1,0,1,0,0,19.4,22.8,20.55038499317447,37.36308338453881,27.723667641818157,53.75872022286245,1,0,1.302,1.303,60,0.58,142,48,0.58,210,142,48,0.0,1,1,0
58,18,62,6,1.302966224575327,medium,susceptible,0,1,0.0,-1,-1,0,1,0,0,19.4,22.8,20.55038499317447,37.36308338453881,27.723667641818157,53.75872022286245,1,0,1.302,1.303,60,0.58,142,48,0.58,210,142,48,0.0,1,1,0
58,19,62,6,1.302966224575327,medium,susceptible,0,1,0.0,-1,-1,0,1,0,0,19.4,22.8,20.55038499317447,37.36308338453881,27.723667641818157,53.75872022286245,1,0,1.302,1.303,60,0.58,142,48,0.58,210,142,48,0.0,1,1,0
58,20,62,6,1.302966224575327,medium,susceptible,0,1,0.0,-1,-1,0,1,0,0,19.4,22.8,20.55038499317447,37.36308338453881,27.723667641818157,53.75872022286245,1,0,1.302,1.303,60,0.58,142,48,0.58,210,142,48,0.0,1,1,0
58,21,62,6,1.302966224575327,medium,susceptible,0,1,0.0,-1,-1,0,1,0,0,19.4,22.8,20.55038499317447,37.36308338453881,27.723667641818157,53.75872022286245,1,0,1.302,1.303,60,0.58,142,48,0.58,210,142,48,0.0,1,1,0
58,22,62,6,1.302966224575327,medium,susceptible,0,1,0.0,-1,-1,0,1,0,0,19.4,22.8,20.55038499317447,37.36308338453881,27.723667641818157,53.75872022286245,1,0,1.302,1.303,60,0.58,142,48,0.58,210,142,48,0.0,1,1,0
58,23,62,6,1.302966224575327,medium,susceptible,0,1,0.0,-1,-1,0,1,0,0,19.4,22.8,20.55038499317447,37.36308338453881,27.723667641818157,53.75872022286245,1,0,1.302,1.303,60,0.58,142,48,0.58,210,142,48,0.0,1,1,0
58,24,62,6,1.302966224575327,medium,susceptible,0,1,0.0,-1,-1,0,1,0,0,19.4,22.8,20.55038499317447,37.36308338453881,27.723667641818157,53.75872022286245,1,0,1.302,1.303,60,0.58,142,48,0.58,210,142,48,0.0,1,1,0
58,25,62,6,1.302966224575327,medium,susceptible,0,1,0.0,-1,-1,0,1,0,0,19.4,22.8,20.55038499317447,37.36308338453881,27.723667641818157,53.75872022286245,1,0,1.302,1.303,60,0.58,142,48,0.58,210,142,48,0.0,1,1,0
58,26,62,6,1.302966224575327,medium,susceptible,0,1,0.0,-1,-1,0,1,0,0,19.4,22.8,20.55038499317447,37.36308338453881,27.723667641818157,53.75872022286245,1,0,1.302,1.303,60,0.58,142,48,0.58,210,142,48,0.0,1,1,0
58,27,62,6,1.302966224575327,medium,susceptible,0,1,0.0,-1,-1,0,1,0,0,19.4,22.8,20.55038499317447,37.36308338453881,27.723667641818157,53.75872022286245,1,0,1.302,1.303,60,0.58,142,48,0.58,210,142,48,0.0,1,1,0
58,28,62,6,1.302966224575327,medium,susceptible,0,1,0.0,-1,-1,0,1,0,0,19.4,22.8,20.55038499317447,37.36308338453881,27.723667641818157,53.75872022286245,1,0,1.302,1.303,60,0.58,142,48,0.58,210,142,48,0.0,1,1,0
58,29,62,6,1.302966224575327,medium,susceptible,0,1,0.0,-1,-1,0,1,0,0,19.4,22.8,20.55038499317447,37.36308338453881,27.723667641818157,53.75872022286245,1,0,1.302,1.303,60,0.58,142,48,0.58,210,142,48,0.0,1,1,0
58,30,62,6,1.302966224575327,medium,susceptible,0,1,0.0,-1,-1,0,1,0,0,19.4,22.8,20.55038499317447,37.36308338453881,27.723667641818157,53.75872022286245,1,0,1.302,1.303,60,0.58,142,48,0.58,210,142,48,0.0,1,1,0
58,31,62,6,1.302966224575327,medium,susceptible,0,1,0.0,-1,-1,0,1,0,0,19.4,22.8,20.55038499317447,37.36308338453881,27.723667641818157,53.75872022286245,1,0,1.302,1.303,60,0.58,142,48,0.58,210,142,48,0.0,1,1,0
58,32,62,6,1.302966224575327,medium,susceptible,0,1,0.0,-1,-1,0,1,0,0,19.4,22.8,20.55038499317447,37.36308338453881,27.723667641818157,53.75872022286245,1,0,1.302,1.303,60,0.58,142,48,0.58,210,142,48,0.0,1,1,0
58,33,62,6,1.302966224575327,medium,susceptible,0,1,0.0,-1,-1,0,1,0,0,19.4,22.8,20.55038499317447,37.36308338453881,27.723667641818157,53.75872022286245,1,0,1.302,1.303,60,0.58,142,48,0.58,210,142,48,0.0,1,1,0
58,34,62,6,1.302966224575327,medium,susceptible,0,1,0.0,-1,-1,0,1,0,0,19.4,22.8,20.55038499317447,37.36308338453881,27.723667641818157,53.75872022286245,1,0,1.302,1.303,60,0.58,142,48,0.58,210,142,48,0.0,1,1,0
58,35,62,6,1.302966224575327,medium,susceptible,0,1,0.0,-1,-1,0,1,0,0,19.4,22.8,20.55038499317447,37.36308338453881,27.723667641818157,53.75872022286245,1,0,1.302,1.303,60,0.58,142,48,0.58,210,142,48,0.0,1,1,0
58,36,62,6,1.302966224575327,medium,susceptible,0,1,0.0,-1,-1,0,1,0,0,19.4,22.8,20.55038499317447,37.36308338453881,27.723667641818157,53.75872022286245,1,0,1.302,1.303,60,0.58,142,48,0.58,210,142,48,0.0,1,1,0
58,37,62,6,1.302966224575327,medium,susceptible,0,1,0.0,-1,-1,0,1,0,0,19.4,22.8,20.55038499317447,37.36308338453881,27.723667641818157,53.75872022286245,1,0,1.302,1.303,60,0.58,142,48,0.58,210,142,48,0.0,1,1,0
58,38,62,6,1.302966224575327,medium,susceptible,0,1,0.0,-1,-1,0,1,0,0,19.4,22.8,20.55038499317447,37.36308338453881,27.723667641818157,53.75872022286245,1,0,1.302,1.303,60,0.58,142,48,0.58,210,142,48,0.0,1,1,0
58,39,62,6,1.302966224575327,medium,susceptible,0,1,0.0,-1,-1,0,1,0,0,19.4,22.8,20.55038499317447,37.36308338453881,27.723667641818157,53.75872022286245,1,0,1.302,1.303,60,0.58,142,48,0.58,210,142,48,0.0,1,1,0
59,0,186,4,1.302510087959496,strong,susceptible,0,1,0.0,-1,-1,1,0,0,0,24.8,29.4,18.521781984491575,32.975748664738454,27.285884475649038,44.598206241955516,1,0,1.302,1.303,60,0.58,142,48,0.58,210,142,48,0.0,1,1,0
59,1,186,4,1.302510087959496,strong,susceptible,0,1,0.0,-1,-1,1,0,0,0,24.8,29.4,18.521781984491575,32.975748664738454,27.285884475649038,44.598206241955516,1,0,1.302,1.303,60,0.58,142,48,0.58,210,142,48,0.0,1,1,0
59,2,186,4,1.302510087959496,strong,susceptible,0,1,0.0,-1,-1,1,0,0,0,24.8,29.4,18.521781984491575,32.975748664738454,27.285884475649038,44.598206241955516,1,0,1.302,1.303,60,0.58,142,48,0.58,210,142,48,0.0,1,1,0
59,3,186,4,1.302510087959496,strong,susceptible,0,1,0.0,-1,-1,1,0,0,0,24.8,29.4,18.521781984491575,32.975748664738454,27.285884475649038,44.598206241955516,1,0,1.302,1.303,60,0.58,142,48,0.58,210,142,48,0.0,1,1,0
59,4,186,4,1.302510087959496,strong,susceptible,0,1,0.0,-1,-1,1,0,0,0,24.8,29.4,18.521781984491575,32.975748664738454,27.285884475649038,44.598206241955516,1,0,1.302,1.303,60,0.58,142,48,0.58,210,142,48,0.0,1,1,0
59,5,186,4,1.302510087959496,strong,susceptible,0,1,0.0,-1,-1,1,0,0,0,24.8,29.4,18.521781984491575,32.975748664738454,27.285884475649038,44.598206241955516,1,0,1.302,1.303,60,0.58,142,48,0.58,210,142,48,0.0,1,1,0
59,6,186,4,1.302510087959496,strong,susceptible,0,1,0.0,-1,-1,1,0,0,0,24.8,29.4,18.521781984491575,32.975748664738454,27.285884475649038,44.598206241955516,1,0,1.302,1.303,60,0.58,142,48,0.58,210,142,48,0.0,1,1,0
59,7,186,4,1.302510087959496,strong,susceptible,0,1,0.0,-1,-1,1,0,0,0,24.8,29.4,18.521781984491575,32.975748664738454,27.285884475649038,44.598206241955516,1,0,1.302,1.303,60,0.58,142,48,0.58,210,142,48,0.0,1,1,0
59,8,186,4,1.302510087959496,strong,susceptible,0,1,0.0,-1,-1,1,0,0,0,24.8,29.4,18.521781984491575,32.975748664738454,27.285884475649038,44.598206241955516,1,0,1.302,1.303,60,0.58,142,48,0.58,210,142,48,0.0,1,1,0
59,9,186,4,1.302510087959496,strong,susceptible,0,1,0.0,-1,-1,1,0,0,0,24.8,29.4,18.521781984491575,32.975748664738454,27.285884475649038,44.598206241955516,1,0,1.302,1.303,60,0.58,142,48,0.58,210,142,48,0.0,1,1,0
59,10,186,4,1.302510087959496,strong,susceptible,0,1,0.0,-1,-1,1,0,0,0,24.8,29.4,18.521781984491575,32.975748664738454,27.285884475649038,44.598206241955516,1,0,1.302,1.303,60,0.58,142,48,0.58,210,142,48,0.0,1,1,0
59,11,186,4,1.302510087959496,strong,susceptible,0,1,0.0,-1,-1,1,0,0,0,24.8,29.4,18.521781984491575,32.975748664738454,27.285884475649038,44.598206241955516,1,0,1.302,1.303,60,0.58,142,48,0.58,210,142,48,0.0,1,1,0
59,12,186,4,1.302510087959496,strong,susceptible,0,1,0.0,-1,-1,1,0,0,0,24.8,29.4,18.521781984491575,32.975748664738454,27.285884475649038,44.598206241955516,1,0,1.302,1.303,60,0.58,142,48,0.58,210,142,48,0.0,1,1,0
59,13,186,4,1.302510087959496,strong,susceptible,0,1,0.0,-1,-1,1,0,0,0,24.8,29.4,18.521781984491575,32.975748664738454,27.285884475649038,44.598206241955516,1,0,1.302,1.303,60,0.58,142,48,0.58,210,142,48,0.0,1,1,0
59,14,186,4,1.302510087959496,strong,susceptible,0,1,0.0,-1,-1,1,0,0,0,24.8,29.4,18.521781984491575,32.975748664738454,27.285884475649038,44.598206241955516,1,0,1.302,1.303,60,0.58,142,48,0.58,210,142,48,0.0,1,1,0
59,15,186,4,1.302510087959496,strong,susceptible,0,1,0.0,-1,-1,1,0,0,0,24.8,29.4,18.521781984491575,32.975748664738454,27.285884475649038,44.598206241955516,1,0,1.302,1.303,60,0.58,142,48,0.58,210,142,48,0.0,1,1,0
59,16,186,4,1.302510087959496,strong,susceptible,0,1,0.0,-1,-1,1,0,0,0,24.8,29.4,18.521781984491575,32.975748664738454,27.285884475649038,44.598206241955516,1,0,1.302,1.303,60,0.58,142,48,0.58,210,142,48,0.0,1,1,0
59,17,186,4,1.302510087959496,strong,susceptible,0,1,0.0,-1,-1,1,0,0,0,24.8,29.4,18.521781984491575,32.975748664738454,27.285884475649038,44.598206241955516,1,0,1.302,1.303,60,0.58,142,48,0.58,210,142,48,0.0,1,1,0
59,18,186,4,1.302510087959496,strong,susceptible,0,1,0.0,-1,-1,1,0,0,0,24.8,29.4,18.521781984491575,32.975748664738454,27.285884475649038,44.598206241955516,1,0,1.302,1.303,60,0.58,142,48,0.58,210,142,48,0.0,1,1,0
59,19,186,4,1.302510087959496,strong,susceptible,0,1,0.0,-1,-1,1,0,0,0,24.8,29.4,18.521781984491575,32.975748664738454,27.285884475649038,44.598206241955516,1,0,1.302,1.303,60,0.58,142,48,0.58,210,142,48,0.0,1,1,0
59,20,186,4,1.302510087959496,strong,susceptible,0,1,0.0,-1,-1,1,0,0,0,24.8,29.4,18.521781984491575,32.975748664738454,27.285884475649038,44.598206241955516,1,0,1.302,1.303,60,0.58,142,48,0.58,210,142,48,0.0,1,1,0
59,21,186,4,1.302510087959496,strong,susceptible,0,1,0.0,-1,-1,1,0,0,0,24.8,29.4,18.521781984491575,32.975748664738454,27.285884475649038,44.598206241955516,1,0,1.302,1.303,60,0.58,142,48,0.58,210,142,48,0.0,1,1,0
59,22,186,4,1.302510087959496,strong,susceptible,0,1,0.0,-1,-1,1,0,0,0,24.8,29.4,18.521781984491575,32.975748664738454,27.285884475649038,44.598206241955516,1,0,1.302,1.303,60,0.58,142,48,0.58,210,142,48,0.0,1,1,0
59,23,186,4,1.302510087959496,strong,susceptible,0,1,0.0,-1,-1,1,0,0,0,24.8,29.4,18.521781984491575,32.975748664738454,27.285884475649038,44.598206241955516,1,0,1.302,1.303,60,0.58,142,48,0.58,210,142,48,0.0,1,1,0
59,24,186,4,1.302510087959496,strong,susceptible,0,1,0.0,-1,-1,1,0,0,0,24.8,29.4,18.521781984491575,32.975748664738454,27.285884475649038,44.598206241955516,1,0,1.302,1.303,60,0.58,142,48,0.58,210,142,48,0.0,1,1,0
59,25,186,4,1.302510087959496,strong,susceptible,0,1,0.0,-1,-1,1,0,0,0,24.8,29.4,18.521781984491575,32.975748664738454,27.285884475649038,44.598206241955516,1,0,1.302,1.303,60,0.58,142,48,0.58,210,142,48,0.0,1,1,0
59,26,186,4,1.302510087959496,strong,susceptible,0,1,0.0,-1,-1,1,0,0,0,24.8,29.4,18.521781984491575,32.975748664738454,27.285884475649038,44.598206241955516,1,0,1.302,1.303,60,0.58,142,48,0.58,210,142,48,0.0,1,1,0
59,27,186,4,1.302510087959496,strong,susceptible,0,1,0.0,-1,-1,1,0,0,0,24.8,29.4,18.521781984491575,32.975748664738454,27.285884475649038,44.598206241955516,1,0,1.302,1.303,60,0.58,142,48,0.58,210,142,48,0.0,1,1,0
59,28,186,4,1.302510087959496,strong,susceptible,0,1,0.0,-1,-1,1,0,0,0,24.8,29.4,18.521781984491575,32.975748664738454,27.285884475649038,44.598206241955516,1,0,1.302,1.303,60,0.58,142,48,0.58,210,142,48,0.0,1,1,0
59,29,186,4,1.302510087959496,strong,susceptible,0,1,0.0,-1,-1,1,0,0,0,24.8,29.4,18.521781984491575,32.975748664738454,27.285884475649038,44.598206241955516,1,0,1.302,1.303,60,0.58,142,48,0.58,210,142,48,0.0,1,1,0
59,30,186,4,1.302510087959496,strong,susceptible,0,1,0.0,-1,-1,1,0,0,0,24.8,29.4,18.521781984491575,32.975748664738454,27.285884475649038,44.598206241955516,1,0,1.302,1.303,60,0.58,142,48,0.58,210,142,48,0.0,1,1,0
59,31,186,4,1.302510087959496,strong,susceptible,0,1,0.0,-1,-1,1,0,0,0,24.8,29.4,18.521781984491575,32.975748664738454,27.285884475649038,44.598206241955516,1,0,1.302,1.303,60,0.58,142,48,0.58,210,142,48,0.0,1,1,0
59,32,186,4,1.302510087959496,strong,susceptible,0,1,0.0,-1,-1,1,0,0,0,24.8,29.4,18.521781984491575,32.975748664738454,27.285884475649038,44.598206241955516,1,0,1.302,1.303,60,0.58,142,48,0.58,210,142,48,0.0,1,1,0
59,33,186,4,1.302510087959496,strong,susceptible,0,1,0.0,-1,-1,1,0,0,0,24.8,29.4,18.521781984491575,32.975748664738454,27.285884475649038,44.598206241955516,1,0,1.302,1.303,60,0.58,142,48,0.58,210,142,48,0.0,1,1,0
59,34,186,4,1.302510087959496,strong,susceptible,0,1,0.0,-1,-1,1,0,0,0,24.8,29.4,18.521781984491575,32.975748664738454,27.285884475649038,44.598206241955516,1,0,1.302,1.303,60,0.58,142,48,0.58,210,142,48,0.0,1,1,0
59,35,186,4,1.302510087959496,strong,susceptible,0,1,0.0,-1,-1,1,0,0,0,24.8,29.4,18.521781984491575,32.975748664738454,27.285884475649038,44.598206241955516,1,0,1.302,1.303,60,0.58,142,48,0.58,210,142,48,0.0,1,1,0
59,36,186,4,1.302510087959496,strong,susceptible,0,1,0.0,-1,-1,1,0,0,0,24.8,29.4,18.521781984491575,32.975748664738454,27.285884475649038,44.598206241955516,1,0,1.302,1.303,60,0.58,142,48,0.58,210,142,48,0.0,1,1,0
59,37,186,4,1.302510087959496,strong,susceptible,0,1,0.0,-1,-1,1,0,0,0,24.8,29.4,18.521781984491575,32.975748664738454,27.285884475649038,44.598206241955516,1,0,1.302,1.303,60,0.58,142,48,0.58,210,142,48,0.0,1,1,0
59,38,186,4,1.302510087959496,strong,susceptible,0,1,0.0,-1,-1,1,0,0,0,24.8,29.4,18.521781984491575,32.975748664738454,27.285884475649038,44.598206241955516,1,0,1.302,1.303,60,0.58,142,48,0.58,210,142,48,0.0,1,1,0
59,39,186,4,1.302510087959496,strong,susceptible,0,1,0.0,-1,-1,1,0,0,0,24.8,29.4,18.521781984491575,32.975748664738454,27.285884475649038,44.598206241955516,1,0,1.302,1.303,60,0.58,142,48,0.58,210,142,48,0.0,1,1,0
60,0,83,9,1.3025333482727437,strong,susceptible,0,1,0.0,-1,-1,1,0,0,0,24.3,23.6,13.358187998104256,23.354871012274934,21.357864507008617,36.345563690772494,1,0,1.302,1.303,60,0.58,142,48,0.58,210,142,48,0.0,1,1,0
60,1,83,9,1.3025333482727437,strong,susceptible,0,1,0.0,-1,-1,1,0,0,0,24.3,23.6,13.358187998104256,23.354871012274934,21.357864507008617,36.345563690772494,1,0,1.302,1.303,60,0.58,142,48,0.58,210,142,48,0.0,1,1,0
60,2,83,9,1.3025333482727437,strong,susceptible,0,1,0.0,-1,-1,1,0,0,0,24.3,23.6,13.358187998104256,23.354871012274934,21.357864507008617,36.345563690772494,1,0,1.302,1.303,60,0.58,142,48,0.58,210,142,48,0.0,1,1,0
60,3,83,9,1.3025333482727437,strong,susceptible,0,1,0.0,-1,-1,1,0,0,0,24.3,23.6,13.358187998104256,23.354871012274934,21.357864507008617,36.345563690772494,1,0,1.302,1.303,60,0.58,142,48,0.58,210,142,48,0.0,1,1,0
60,4,83,9,1.3025333482727437,strong,susceptible,0,1,0.0,-1,-1,1,0,0,0,24.3,23.6,13.358187998104256,23.354871012274934,21.357864507008617,36.345563690772494,1,0,1.302,1.303,60,0.58,142,48,0.58,210,142,48,0.0,1,1,0
60,5,83,9,1.3025333482727437,strong,susceptible,0,1,0.0,-1,-1,1,0,0,0,24.3,23.6,13.358187998104256,23.354871012274934,21.357864507008617,36.345563690772494,1,0,1.302,1.303,60,0.58,142,48,0.58,210,142,48,0.0,1,1,0
60,6,83,9,1.3025333482727437,strong,susceptible,0,1,0.0,-1,-1,1,0,0,0,24.3,23.6,13.358187998104256,23.354871012274934,21.357864507008617,36.345563690772494,1,0,1.302,1.303,60,0.58,142,48,0.58,210,142,48,0.0,1,1,0
60,7,83,9,1.3025333482727437,strong,susceptible,0,1,0.0,-1,-1,1,0,0,0,24.3,23.6,13.358187998104256,23.354871012274934,21.357864507008617,36.345563690772494,1,0,1.302,1.303,60,0.58,142,48,0.58,210,142,48,0.0,1,1,0
60,8,83,9,1.3025333482727437,strong,susceptible,0,1,0.0,-1,-1,1,0,0,0,24.3,23.6,13.358187998104256,23.354871012274934,21.357864507008617,36.345563690772494,1,0,1.302,1.303,60,0.58,142,48,0.58,210,142,48,0.0,1,1,0
60,9,83,9,1.3025333482727437,strong,susceptible,0,1,0.0,-1,-1,1,0,0,0,24.3,23.6,13.358187998104256,23.354871012274934,21.357864507008617,36.345563690772494,1,0,1.302,1.303,60,0.58,142,48,0.58,210,142,48,0.0,1,1,0
60,10,83,9,1.3025333482727437,strong,susceptible,0,1,0.0,-1,-1,1,0,0,0,24.3,23.6,13.358187998104256,23.354871012274934,21.357864507008617,36.345563690772494,1,0,1.302,1.303,60,0.58,142,48,0.58,210,142,48,0.0,1,1,0
60,11,83,9,1.3025333482727437,strong,susceptible,0,1,0.0,-1,-1,1,0,0,0,24.3,23.6,13.358187998104256,23.354871012274934,21.357864507008617,36.345563690772494,1,0,1.302,1.303,60,0.58,142,48,0.58,210,142,48,0.0,1,1,0
60,12,83,9,1.3025333482727437,strong,susceptible,0,1,0.0,-1,-1,1,0,0,0,24.3,23.6,13.358187998104256,23.354871012274934,21.357864507008617,36.345563690772494,1,0,1.302,1.303,60,0.58,142,48,0.58,210,142,48,0.0,1,1,0
60,13,83,9,1.3025333482727437,strong,susceptible,0,1,0.0,-1,-1,1,0,0,0,24.3,23.6,13.358187998104256,23.354871012274934,21.357864507008617,36.345563690772494,1,0,1.302,1.303,60,0.58,142,48,0.58,210,142,48,0.0,1,1,0
60,14,83,9,1.3025333482727437,strong,susceptible,0,1,0.0,-1,-1,1,0,0,0,24.3,23.6,13.358187998104256,23.354871012274934,21.357864507008617,36.345563690772494,1,0,1.302,1.303,60,0.58,142,48,0.58,210,142,48,0.0,1,1,0
60,15,83,9,1.3025333482727437,strong,susceptible,0,1,0.0,-1,-1,1,0,0,0,24.3,23.6,13.358187998104256,23.354871012274934,21.357864507008617,36.345563690772494,1,0,1.302,1.303,60,0.58,142,48,0.58,210,142,48,0.0,1,1,0
60,16,83,9,1.3025333482727437,strong,susceptible,0,1,0.0,-1,-1,1,0,0,0,24.3,23.6,13.358187998104256,23.354871012274934,21.357864507008617,36.345563690772494,1,0,1.302,1.303,60,0.58,142,48,0.58,210,142,48,0.0,1,1,0
60,17,83,9,1.3025333482727437,strong,susceptible,0,1,0.0,-1,-1,1,0,0,0,24.3,23.6,13.358187998104256,23.354871012274934,21.357864507008617,36.345563690772494,1,0,1.302,1.303,60,0.58,142,48,0.58,210,142,48,0.0,1,1,0
60,18,83,9,1.3025333482727437,strong,susceptible,0,1,0.0,-1,-1,1,0,0,0,24.3,23.6,13.358187998104256,23.354871012274934,21.357864507008617,36.345563690772494,1,0,1.302,1.303,60,0.58,142,48,0.58,210,142,48,0.0,1,1,0
60,19,83,9,1.3025333482727437,strong,susceptible,0,1,0.0,-1,-1,1,0,0,0,24.3,23.6,13.358187998104256,23.354871012274934,21.357864507008617,36.345563690772494,1,0,1.302,1.303,60,0.58,142,48,0.58,210,142,48,0.0,1,1,0
60,20,83,9,1.3025333482727437,strong,susceptible,0,1,0.0,-1,-1,1,0,0,0,24.3,23.6,13.358187998104256,23.354871012274934,21.357864507008617,36.345563690772494,1,0,1.302,1.303,60,0.58,142,48,0.58,210,142,48,0.0,1,1,0
60,21,83,9,1.3025333482727437,strong,susceptible,0,1,0.0,-1,-1,1,0,0,0,24.3,23.6,13.358187998104256,23.354871012274934,21.357864507008617,36.345563690772494,1,0,1.302,1.303,60,0.58,142,48,0.58,210,142,48,0.0,1,1,0
60,22,83,9,1.3025333482727437,strong,susceptible,0,1,0.0,-1,-1,1,0,0,0,24.3,23.6,13.358187998104256,23.354871012274934,21.357864507008617,36.345563690772494,1,0,1.302,1.303,60,0.58,142,48,0.58,210,142,48,0.0,1,1,0
60,23,83,9,1.3025333482727437,strong,susceptible,0,1,0.0,-1,-1,1,0,0,0,24.3,23.6,13.358187998104256,23.354871012274934,21.357864507008617,36.345563690772494,1,0,1.302,1.303,60,0.58,142,48,0.58,210,142,48,0.0,1,1,0
60,24,83,9,1.3025333482727437,strong,susceptible,0,1,0.0,-1,-1,1,0,0,0,24.3,23.6,13.358187998104256,23.354871012274934,21.357864507008617,36.345563690772494,1,0,1.302,1.303,60,0.58,142,48,0.58,210,142,48,0.0,1,1,0
60,25,83,9,1.3025333482727437,strong,susceptible,0,1,0.0,-1,-1,1,0,0,0,24.3,23.6,13.358187998104256,23.354871012274934,21.357864507008617,36.345563690772494,1,0,1.302,1.303,60,0.58,142,48,0.58,210,142,48,0.0,1,1,0
60,26,83,9,1.3025333482727437,strong,susceptible,0,1,0.0,-1,-1,1,0,0,0,24.3,23.6,13.358187998104256,23.354871012274934,21.357864507008617,36.345563690772494,1,0,1.302,1.303,60,0.58,142,48,0.58,210,142,48,0.0,1,1,0
60,27,83,9,1.3025333482727437,strong,susceptible,0,1,0.0,-1,-1,1,0,0,0,24.3,23.6,13.358187998104256,23.354871012274934,21.357864507008617,36.345563690772494,1,0,1.302,1.303,60,0.58,142,48,0.58,210,142,48,0.0,1,1,0
60,28,83,9,1.3025333482727437,strong,susceptible,0,1,0.0,-1,-1,1,0,0,0,24.3,23.6,13.358187998104256,23.354871012274934,21.357864507008617,36.345563690772494,1,0,1.302,1.303,60,0.58,142,48,0.58,210,142,48,0.0,1,1,0
60,29,83,9,1.3025333482727437,strong,susceptible,0,1,0.0,-1,-1,1,0,0,0,24.3,23.6,13.358187998104256,23.354871012274934,21.357864507008617,36.345563690772494,1,0,1.302,1.303,60,0.58,142,48,0.58,210,142,48,0.0,1,1,0
60,30,83,9,1.3025333482727437,strong,susceptible,0,1,0.0,-1,-1,1,0,0,0,24.3,23.6,13.358187998104256,23.354871012274934,21.357864507008617,36.345563690772494,1,0,1.302,1.303,60,0.58,142,48,0.58,210,142,48,0.0,1,1,0
60,31,83,9,1.3025333482727437,strong,susceptible,0,1,0.0,-1,-1,1,0,0,0,24.3,23.6,13.358187998104256,23.354871012274934,21.357864507008617,36.345563690772494,1,0,1.302,1.303,60,0.58,142,48,0.58,210,142,48,0.0,1,1,0
60,32,83,9,1.3025333482727437,strong,susceptible,0,1,0.0,-1,-1,1,0,0,0,24.3,23.6,13.358187998104256,23.354871012274934,21.357864507008617,36.345563690772494,1,0,1.302,1.303,60,0.58,142,48,0.58,210,142,48,0.0,1,1,0
60,33,83,9,1.3025333482727437,strong,susceptible,0,1,0.0,-1,-1,1,0,0,0,24.3,23.6,13.358187998104256,23.354871012274934,21.357864507008617,36.345563690772494,1,0,1.302,1.303,60,0.58,142,48,0.58,210,142,48,0.0,1,1,0
60,34,83,9,1.3025333482727437,strong,infected,1,1,0.285,33,1,1,0,0,0,24.3,23.6,13.358187998104256,23.354871012274934,21.357864507008617,36.345563690772494,1,0,1.302,1.303,60,0.58,142,48,0.58,210,142,48,0.0,1,1,0
60,35,83,9,1.3025333482727437,strong,infected,1,1,5.293,33,2,1,0,0,0,24.3,23.6,13.358187998104256,23.354871012274934,21.357864507008617,36.345563690772494,1,0,1.302,1.303,60,0.58,142,48,0.58,210,142,48,0.0,1,1,0
60,36,83,9,1.3025333482727437,strong,infected,1,1,13.577,33,3,1,0,0,0,24.3,23.6,13.358187998104256,23.354871012274934,21.357864507008617,36.345563690772494,1,0,1.302,1.303,60,0.58,142,48,0.58,210,142,48,0.0,1,1,0
60,37,83,9,1.3025333482727437,strong,infected,1,1,18.358,33,4,1,0,0,0,24.3,23.6,13.358187998104256,23.354871012274934,21.357864507008617,36.345563690772494,1,0,1.302,1.303,60,0.58,142,48,0.58,210,142,48,0.0,1,1,0
60,38,83,9,1.3025333482727437,strong,infected,1,1,18.002,33,5,1,0,0,0,24.3,23.6,13.358187998104256,23.354871012274934,21.357864507008617,36.345563690772494,1,0,1.302,1.303,60,0.58,142,48,0.58,210,142,48,0.0,1,1,0
60,39,83,9,1.3025333482727437,strong,infected,1,1,14.546,33,6,1,0,0,0,24.3,23.6,13.358187998104256,23.354871012274934,21.357864507008617,36.345563690772494,1,0,1.302,1.303,60,0.58,142,48,0.58,210,142,48,0.0,1,1,0
61,0,180,7,1.302371796626913,strong,susceptible,0,1,0.0,-1,-1,1,0,0,0,23.1,28.9,21.38037606677354,29.87339953872006,28.50837417499688,50.11985634456667,1,0,1.302,1.303,60,0.58,142,48,0.58,210,142,48,0.0,1,1,0
61,1,180,7,1.302371796626913,strong,susceptible,0,1,0.0,-1,-1,1,0,0,0,23.1,28.9,21.38037606677354,29.87339953872006,28.50837417499688,50.11985634456667,1,0,1.302,1.303,60,0.58,142,48,0.58,210,142,48,0.0,1,1,0
61,2,180,7,1.302371796626913,strong,susceptible,0,1,0.0,-1,-1,1,0,0,0,23.1,28.9,21.38037606677354,29.87339953872006,28.50837417499688,50.11985634456667,1,0,1.302,1.303,60,0.58,142,48,0.58,210,142,48,0.0,1,1,0
61,3,180,7,1.302371796626913,strong,susceptible,0,1,0.0,-1,-1,1,0,0,0,23.1,28.9,21.38037606677354,29.87339953872006,28.50837417499688,50.11985634456667,1,0,1.302,1.303,60,0.58,142,48,0.58,210,142,48,0.0,1,1,0
61,4,180,7,1.302371796626913,strong,susceptible,0,1,0.0,-1,-1,1,0,0,0,23.1,28.9,21.38037606677354,29.87339953872006,28.50837417499688,50.11985634456667,1,0,1.302,1.303,60,0.58,142,48,0.58,210,142,48,0.0,1,1,0
61,5,180,7,1.302371796626913,strong,susceptible,0,1,0.0,-1,-1,1,0,0,0,23.1,28.9,21.38037606677354,29.87339953872006,28.50837417499688,50.11985634456667,1,0,1.302,1.303,60,0.58,142,48,0.58,210,142,48,0.0,1,1,0
61,6,180,7,1.302371796626913,strong,susceptible,0,1,0.0,-1,-1,1,0,0,0,23.1,28.9,21.38037606677354,29.87339953872006,28.50837417499688,50.11985634456667,1,0,1.302,1.303,60,0.58,142,48,0.58,210,142,48,0.0,1,1,0
61,7,180,7,1.302371796626913,strong,susceptible,0,1,0.0,-1,-1,1,0,0,0,23.1,28.9,21.38037606677354,29.87339953872006,28.50837417499688,50.11985634456667,1,0,1.302,1.303,60,0.58,142,48,0.58,210,142,48,0.0,1,1,0
61,8,180,7,1.302371796626913,strong,susceptible,0,1,0.0,-1,-1,1,0,0,0,23.1,28.9,21.38037606677354,29.87339953872006,28.50837417499688,50.11985634456667,1,0,1.302,1.303,60,0.58,142,48,0.58,210,142,48,0.0,1,1,0
61,9,180,7,1.302371796626913,strong,susceptible,0,1,0.0,-1,-1,1,0,0,0,23.1,28.9,21.38037606677354,29.87339953872006,28.50837417499688,50.11985634456667,1,0,1.302,1.303,60,0.58,142,48,0.58,210,142,48,0.0,1,1,0
61,10,180,7,1.302371796626913,strong,susceptible,0,1,0.0,-1,-1,1,0,0,0,23.1,28.9,21.38037606677354,29.87339953872006,28.50837417499688,50.11985634456667,1,0,1.302,1.303,60,0.58,142,48,0.58,210,142,48,0.0,1,1,0
61,11,180,7,1.302371796626913,strong,susceptible,0,1,0.0,-1,-1,1,0,0,0,23.1,28.9,21.38037606677354,29.87339953872006,28.50837417499688,50.11985634456667,1,0,1.302,1.303,60,0.58,142,48,0.58,210,142,48,0.0,1,1,0
61,12,180,7,1.302371796626913,strong,susceptible,0,1,0.0,-1,-1,1,0,0,0,23.1,28.9,21.38037606677354,29.87339953872006,28.50837417499688,50.11985634456667,1,0,1.302,1.303,60,0.58,142,48,0.58,210,142,48,0.0,1,1,0
61,13,180,7,1.302371796626913,strong,susceptible,0,1,0.0,-1,-1,1,0,0,0,23.1,28.9,21.38037606677354,29.87339953872006,28.50837417499688,50.11985634456667,1,0,1.302,1.303,60,0.58,142,48,0.58,210,142,48,0.0,1,1,0
61,14,180,7,1.302371796626913,strong,susceptible,0,1,0.0,-1,-1,1,0,0,0,23.1,28.9,21.38037606677354,29.87339953872006,28.50837417499688,50.11985634456667,1,0,1.302,1.303,60,0.58,142,48,0.58,210,142,48,0.0,1,1,0
61,15,180,7,1.302371796626913,strong,susceptible,0,1,0.0,-1,-1,1,0,0,0,23.1,28.9,21.38037606677354,29.87339953872006,28.50837417499688,50.11985634456667,1,0,1.302,1.303,60,0.58,142,48,0.58,210,142,48,0.0,1,1,0
61,16,180,7,1.302371796626913,strong,susceptible,0,1,0.0,-1,-1,1,0,0,0,23.1,28.9,21.38037606677354,29.87339953872006,28.50837417499688,50.11985634456667,1,0,1.302,1.303,60,0.58,142,48,0.58,210,142,48,0.0,1,1,0
61,17,180,7,1.302371796626913,strong,susceptible,0,1,0.0,-1,-1,1,0,0,0,23.1,28.9,21.38037606677354,29.87339953872006,28.50837417499688,50.11985634456667,1,0,1.302,1.303,60,0.58,142,48,0.58,210,142,48,0.0,1,1,0
61,18,180,7,1.302371796626913,strong,susceptible,0,1,0.0,-1,-1,1,0,0,0,23.1,28.9,21.38037606677354,29.87339953872006,28.50837417499688,50.11985634456667,1,0,1.302,1.303,60,0.58,142,48,0.58,210,142,48,0.0,1,1,0
61,19,180,7,1.302371796626913,strong,susceptible,0,1,0.0,-1,-1,1,0,0,0,23.1,28.9,21.38037606677354,29.87339953872006,28.50837417499688,50.11985634456667,1,0,1.302,1.303,60,0.58,142,48,0.58,210,142,48,0.0,1,1,0
61,20,180,7,1.302371796626913,strong,susceptible,0,1,0.0,-1,-1,1,0,0,0,23.1,28.9,21.38037606677354,29.87339953872006,28.50837417499688,50.11985634456667,1,0,1.302,1.303,60,0.58,142,48,0.58,210,142,48,0.0,1,1,0
61,21,180,7,1.302371796626913,strong,susceptible,0,1,0.0,-1,-1,1,0,0,0,23.1,28.9,21.38037606677354,29.87339953872006,28.50837417499688,50.11985634456667,1,0,1.302,1.303,60,0.58,142,48,0.58,210,142,48,0.0,1,1,0
61,22,180,7,1.302371796626913,strong,susceptible,0,1,0.0,-1,-1,1,0,0,0,23.1,28.9,21.38037606677354,29.87339953872006,28.50837417499688,50.11985634456667,1,0,1.302,1.303,60,0.58,142,48,0.58,210,142,48,0.0,1,1,0
61,23,180,7,1.302371796626913,strong,susceptible,0,1,0.0,-1,-1,1,0,0,0,23.1,28.9,21.38037606677354,29.87339953872006,28.50837417499688,50.11985634456667,1,0,1.302,1.303,60,0.58,142,48,0.58,210,142,48,0.0,1,1,0
61,24,180,7,1.302371796626913,strong,susceptible,0,1,0.0,-1,-1,1,0,0,0,23.1,28.9,21.38037606677354,29.87339953872006,28.50837417499688,50.11985634456667,1,0,1.302,1.303,60,0.58,142,48,0.58,210,142,48,0.0,1,1,0
61,25,180,7,1.302371796626913,strong,susceptible,0,1,0.0,-1,-1,1,0,0,0,23.1,28.9,21.38037606677354,29.87339953872006,28.50837417499688,50.11985634456667,1,0,1.302,1.303,60,0.58,142,48,0.58,210,142,48,0.0,1,1,0
61,26,180,7,1.302371796626913,strong,susceptible,0,1,0.0,-1,-1,1,0,0,0,23.1,28.9,21.38037606677354,29.87339953872006,28.50837417499688,50.11985634456667,1,0,1.302,1.303,60,0.58,142,48,0.58,210,142,48,0.0,1,1,0
61,27,180,7,1.302371796626913,strong,susceptible,0,1,0.0,-1,-1,1,0,0,0,23.1,28.9,21.38037606677354,29.87339953872006,28.50837417499688,50.11985634456667,1,0,1.302,1.303,60,0.58,142,48,0.58,210,142,48,0.0,1,1,0
61,28,180,7,1.302371796626913,strong,susceptible,0,1,0.0,-1,-1,1,0,0,0,23.1,28.9,21.38037606677354,29.87339953872006,28.50837417499688,50.11985634456667,1,0,1.302,1.303,60,0.58,142,48,0.58,210,142,48,0.0,1,1,0
61,29,180,7,1.302371796626913,strong,susceptible,0,1,0.0,-1,-1,1,0,0,0,23.1,28.9,21.38037606677354,29.87339953872006,28.50837417499688,50.11985634456667,1,0,1.302,1.303,60,0.58,142,48,0.58,210,142,48,0.0,1,1,0
61,30,180,7,1.302371796626913,strong,susceptible,0,1,0.0,-1,-1,1,0,0,0,23.1,28.9,21.38037606677354,29.87339953872006,28.50837417499688,50.11985634456667,1,0,1.302,1.303,60,0.58,142,48,0.58,210,142,48,0.0,1,1,0
61,31,180,7,1.302371796626913,strong,susceptible,0,1,0.0,-1,-1,1,0,0,0,23.1,28.9,21.38037606677354,29.87339953872006,28.50837417499688,50.11985634456667,1,0,1.302,1.303,60,0.58,142,48,0.58,210,142,48,0.0,1,1,0
61,32,180,7,1.302371796626913,strong,susceptible,0,1,0.0,-1,-1,1,0,0,0,23.1,28.9,21.38037606677354,29.87339953872006,28.50837417499688,50.11985634456667,1,0,1.302,1.303,60,0.58,142,48,0.58,210,142,48,0.0,1,1,0
61,33,180,7,1.302371796626913,strong,susceptible,0,1,0.0,-1,-1,1,0,0,0,23.1,28.9,21.38037606677354,29.87339953872006,28.50837417499688,50.11985634456667,1,0,1.302,1.303,60,0.58,142,48,0.58,210,142,48,0.0,1,1,0
61,34,180,7,1.302371796626913,strong,susceptible,0,1,0.0,-1,-1,1,0,0,0,23.1,28.9,21.38037606677354,29.87339953872006,28.50837417499688,50.11985634456667,1,0,1.302,1.303,60,0.58,142,48,0.58,210,142,48,0.0,1,1,0
61,35,180,7,1.302371796626913,strong,susceptible,0,1,0.0,-1,-1,1,0,0,0,23.1,28.9,21.38037606677354,29.87339953872006,28.50837417499688,50.11985634456667,1,0,1.302,1.303,60,0.58,142,48,0.58,210,142,48,0.0,1,1,0
61,36,180,7,1.302371796626913,strong,susceptible,0,1,0.0,-1,-1,1,0,0,0,23.1,28.9,21.38037606677354,29.87339953872006,28.50837417499688,50.11985634456667,1,0,1.302,1.303,60,0.58,142,48,0.58,210,142,48,0.0,1,1,0
61,37,180,7,1.302371796626913,strong,susceptible,0,1,0.0,-1,-1,1,0,0,0,23.1,28.9,21.38037606677354,29.87339953872006,28.50837417499688,50.11985634456667,1,0,1.302,1.303,60,0.58,142,48,0.58,210,142,48,0.0,1,1,0
61,38,180,7,1.302371796626913,strong,susceptible,0,1,0.0,-1,-1,1,0,0,0,23.1,28.9,21.38037606677354,29.87339953872006,28.50837417499688,50.11985634456667,1,0,1.302,1.303,60,0.58,142,48,0.58,210,142,48,0.0,1,1,0
61,39,180,7,1.302371796626913,strong,susceptible,0,1,0.0,-1,-1,1,0,0,0,23.1,28.9,21.38037606677354,29.87339953872006,28.50837417499688,50.11985634456667,1,0,1.302,1.303,60,0.58,142,48,0.58,210,142,48,0.0,1,1,0
62,0,16,8,1.3024329566204889,strong,susceptible,0,1,0.0,-1,-1,1,0,0,0,21.2,29.8,15.657346681229473,25.228555249954365,21.946743680058532,43.32435804486894,1,0,1.302,1.303,60,0.58,142,48,0.58,210,142,48,0.0,1,1,0
62,1,16,8,1.3024329566204889,strong,susceptible,0,1,0.0,-1,-1,1,0,0,0,21.2,29.8,15.657346681229473,25.228555249954365,21.946743680058532,43.32435804486894,1,0,1.302,1.303,60,0.58,142,48,0.58,210,142,48,0.0,1,1,0
62,2,16,8,1.3024329566204889,strong,susceptible,0,1,0.0,-1,-1,1,0,0,0,21.2,29.8,15.657346681229473,25.228555249954365,21.946743680058532,43.32435804486894,1,0,1.302,1.303,60,0.58,142,48,0.58,210,142,48,0.0,1,1,0
62,3,16,8,1.3024329566204889,strong,susceptible,0,1,0.0,-1,-1,1,0,0,0,21.2,29.8,15.657346681229473,25.228555249954365,21.946743680058532,43.32435804486894,1,0,1.302,1.303,60,0.58,142,48,0.58,210,142,48,0.0,1,1,0
62,4,16,8,1.3024329566204889,strong,susceptible,0,1,0.0,-1,-1,1,0,0,0,21.2,29.8,15.657346681229473,25.228555249954365,21.946743680058532,43.32435804486894,1,0,1.302,1.303,60,0.58,142,48,0.58,210,142,48,0.0,1,1,0
62,5,16,8,1.3024329566204889,strong,susceptible,0,1,0.0,-1,-1,1,0,0,0,21.2,29.8,15.657346681229473,25.228555249954365,21.946743680058532,43.32435804486894,1,0,1.302,1.303,60,0.58,142,48,0.58,210,142,48,0.0,1,1,0
62,6,16,8,1.3024329566204889,strong,susceptible,0,1,0.0,-1,-1,1,0,0,0,21.2,29.8,15.657346681229473,25.228555249954365,21.946743680058532,43.32435804486894,1,0,1.302,1.303,60,0.58,142,48,0.58,210,142,48,0.0,1,1,0
62,7,16,8,1.3024329566204889,strong,susceptible,0,1,0.0,-1,-1,1,0,0,0,21.2,29.8,15.657346681229473,25.228555249954365,21.946743680058532,43.32435804486894,1,0,1.302,1.303,60,0.58,142,48,0.58,210,142,48,0.0,1,1,0
62,8,16,8,1.3024329566204889,strong,susceptible,0,1,0.0,-1,-1,1,0,0,0,21.2,29.8,15.657346681229473,25.228555249954365,21.946743680058532,43.32435804486894,1,0,1.302,1.303,60,0.58,142,48,0.58,210,142,48,0.0,1,1,0
62,9,16,8,1.3024329566204889,strong,susceptible,0,1,0.0,-1,-1,1,0,0,0,21.2,29.8,15.657346681229473,25.228555249954365,21.946743680058532,43.32435804486894,1,0,1.302,1.303,60,0.58,142,48,0.58,210,142,48,0.0,1,1,0
62,10,16,8,1.3024329566204889,strong,susceptible,0,1,0.0,-1,-1,1,0,0,0,21.2,29.8,15.657346681229473,25.228555249954365,21.946743680058532,43.32435804486894,1,0,1.302,1.303,60,0.58,142,48,0.58,210,142,48,0.0,1,1,0
62,11,16,8,1.3024329566204889,strong,susceptible,0,1,0.0,-1,-1,1,0,0,0,21.2,29.8,15.657346681229473,25.228555249954365,21.946743680058532,43.32435804486894,1,0,1.302,1.303,60,0.58,142,48,0.58,210,142,48,0.0,1,1,0
62,12,16,8,1.3024329566204889,strong,susceptible,0,1,0.0,-1,-1,1,0,0,0,21.2,29.8,15.657346681229473,25.228555249954365,21.946743680058532,43.32435804486894,1,0,1.302,1.303,60,0.58,142,48,0.58,210,142,48,0.0,1,1,0
62,13,16,8,1.3024329566204889,strong,susceptible,0,1,0.0,-1,-1,1,0,0,0,21.2,29.8,15.657346681229473,25.228555249954365,21.946743680058532,43.32435804486894,1,0,1.302,1.303,60,0.58,142,48,0.58,210,142,48,0.0,1,1,0
62,14,16,8,1.3024329566204889,strong,susceptible,0,1,0.0,-1,-1,1,0,0,0,21.2,29.8,15.657346681229473,25.228555249954365,21.946743680058532,43.32435804486894,1,0,1.302,1.303,60,0.58,142,48,0.58,210,142,48,0.0,1,1,0
62,15,16,8,1.3024329566204889,strong,susceptible,0,1,0.0,-1,-1,1,0,0,0,21.2,29.8,15.657346681229473,25.228555249954365,21.946743680058532,43.32435804486894,1,0,1.302,1.303,60,0.58,142,48,0.58,210,142,48,0.0,1,1,0
62,16,16,8,1.3024329566204889,strong,susceptible,0,1,0.0,-1,-1,1,0,0,0,21.2,29.8,15.657346681229473,25.228555249954365,21.946743680058532,43.32435804486894,1,0,1.302,1.303,60,0.58,142,48,0.58,210,142,48,0.0,1,1,0
62,17,16,8,1.3024329566204889,strong,susceptible,0,1,0.0,-1,-1,1,0,0,0,21.2,29.8,15.657346681229473,25.228555249954365,21.946743680058532,43.32435804486894,1,0,1.302,1.303,60,0.58,142,48,0.58,210,142,48,0.0,1,1,0
62,18,16,8,1.3024329566204889,strong,susceptible,0,1,0.0,-1,-1,1,0,0,0,21.2,29.8,15.657346681229473,25.228555249954365,21.946743680058532,43.32435804486894,1,0,1.302,1.303,60,0.58,142,48,0.58,210,142,48,0.0,1,1,0
62,19,16,8,1.3024329566204889,strong,susceptible,0,1,0.0,-1,-1,1,0,0,0,21.2,29.8,15.657346681229473,25.228555249954365,21.946743680058532,43.32435804486894,1,0,1.302,1.303,60,0.58,142,48,0.58,210,142,48,0.0,1,1,0
62,20,16,8,1.3024329566204889,strong,susceptible,0,1,0.0,-1,-1,1,0,0,0,21.2,29.8,15.657346681229473,25.228555249954365,21.946743680058532,43.32435804486894,1,0,1.302,1.303,60,0.58,142,48,0.58,210,142,48,0.0,1,1,0
62,21,16,8,1.3024329566204889,strong,susceptible,0,1,0.0,-1,-1,1,0,0,0,21.2,29.8,15.657346681229473,25.228555249954365,21.946743680058532,43.32435804486894,1,0,1.302,1.303,60,0.58,142,48,0.58,210,142,48,0.0,1,1,0
62,22,16,8,1.3024329566204889,strong,susceptible,0,1,0.0,-1,-1,1,0,0,0,21.2,29.8,15.657346681229473,25.228555249954365,21.946743680058532,43.32435804486894,1,0,1.302,1.303,60,0.58,142,48,0.58,210,142,48,0.0,1,1,0
62,23,16,8,1.3024329566204889,strong,susceptible,0,1,0.0,-1,-1,1,0,0,0,21.2,29.8,15.657346681229473,25.228555249954365,21.946743680058532,43.32435804486894,1,0,1.302,1.303,60,0.58,142,48,0.58,210,142,48,0.0,1,1,0
62,24,16,8,1.3024329566204889,strong,susceptible,0,1,0.0,-1,-1,1,0,0,0,21.2,29.8,15.657346681229473,25.228555249954365,21.946743680058532,43.32435804486894,1,0,1.302,1.303,60,0.58,142,48,0.58,210,142,48,0.0,1,1,0
62,25,16,8,1.3024329566204889,strong,susceptible,0,1,0.0,-1,-1,1,0,0,0,21.2,29.8,15.657346681229473,25.228555249954365,21.946743680058532,43.32435804486894,1,0,1.302,1.303,60,0.58,142,48,0.58,210,142,48,0.0,1,1,0
62,26,16,8,1.3024329566204889,strong,susceptible,0,1,0.0,-1,-1,1,0,0,0,21.2,29.8,15.657346681229473,25.228555249954365,21.946743680058532,43.32435804486894,1,0,1.302,1.303,60,0.58,142,48,0.58,210,142,48,0.0,1,1,0
62,27,16,8,1.3024329566204889,strong,susceptible,0,1,0.0,-1,-1,1,0,0,0,21.2,29.8,15.657346681229473,25.228555249954365,21.946743680058532,43.32435804486894,1,0,1.302,1.303,60,0.58,142,48,0.58,210,142,48,0.0,1,1,0
62,28,16,8,1.3024329566204889,strong,susceptible,0,1,0.0,-1,-1,1,0,0,0,21.2,29.8,15.657346681229473,25.228555249954365,21.946743680058532,43.32435804486894,1,0,1.302,1.303,60,0.58,142,48,0.58,210,142,48,0.0,1,1,0
62,29,16,8,1.3024329566204889,strong,susceptible,0,1,0.0,-1,-1,1,0,0,0,21.2,29.8,15.657346681229473,25.228555249954365,21.946743680058532,43.32435804486894,1,0,1.302,1.303,60,0.58,142,48,0.58,210,142,48,0.0,1,1,0
62,30,16,8,1.3024329566204889,strong,susceptible,0,1,0.0,-1,-1,1,0,0,0,21.2,29.8,15.657346681229473,25.228555249954365,21.946743680058532,43.32435804486894,1,0,1.302,1.303,60,0.58,142,48,0.58,210,142,48,0.0,1,1,0
62,31,16,8,1.3024329566204889,strong,susceptible,0,1,0.0,-1,-1,1,0,0,0,21.2,29.8,15.657346681229473,25.228555249954365,21.946743680058532,43.32435804486894,1,0,1.302,1.303,60,0.58,142,48,0.58,210,142,48,0.0,1,1,0
62,32,16,8,1.3024329566204889,strong,susceptible,0,1,0.0,-1,-1,1,0,0,0,21.2,29.8,15.657346681229473,25.228555249954365,21.946743680058532,43.32435804486894,1,0,1.302,1.303,60,0.58,142,48,0.58,210,142,48,0.0,1,1,0
62,33,16,8,1.3024329566204889,strong,susceptible,0,1,0.0,-1,-1,1,0,0,0,21.2,29.8,15.657346681229473,25.228555249954365,21.946743680058532,43.32435804486894,1,0,1.302,1.303,60,0.58,142,48,0.58,210,142,48,0.0,1,1,0
62,34,16,8,1.3024329566204889,strong,susceptible,0,1,0.0,-1,-1,1,0,0,0,21.2,29.8,15.657346681229473,25.228555249954365,21.946743680058532,43.32435804486894,1,0,1.302,1.303,60,0.58,142,48,0.58,210,142,48,0.0,1,1,0
62,35,16,8,1.3024329566204889,strong,susceptible,0,1,0.0,-1,-1,1,0,0,0,21.2,29.8,15.657346681229473,25.228555249954365,21.946743680058532,43.32435804486894,1,0,1.302,1.303,60,0.58,142,48,0.58,210,142,48,0.0,1,1,0
62,36,16,8,1.3024329566204889,strong,susceptible,0,1,0.0,-1,-1,1,0,0,0,21.2,29.8,15.657346681229473,25.228555249954365,21.946743680058532,43.32435804486894,1,0,1.302,1.303,60,0.58,142,48,0.58,210,142,48,0.0,1,1,0
62,37,16,8,1.3024329566204889,strong,susceptible,0,1,0.0,-1,-1,1,0,0,0,21.2,29.8,15.657346681229473,25.228555249954365,21.946743680058532,43.32435804486894,1,0,1.302,1.303,60,0.58,142,48,0.58,210,142,48,0.0,1,1,0
62,38,16,8,1.3024329566204889,strong,susceptible,0,1,0.0,-1,-1,1,0,0,0,21.2,29.8,15.657346681229473,25.228555249954365,21.946743680058532,43.32435804486894,1,0,1.302,1.303,60,0.58,142,48,0.58,210,142,48,0.0,1,1,0
62,39,16,8,1.3024329566204889,strong,susceptible,0,1,0.0,-1,-1,1,0,0,0,21.2,29.8,15.657346681229473,25.228555249954365,21.946743680058532,43.32435804486894,1,0,1.302,1.303,60,0.58,142,48,0.58,210,142,48,0.0,1,1,0
63,0,48,6,1.3026302697250152,medium,susceptible,0,1,0.0,-1,-1,0,1,0,0,26.9,20.8,17.146767215028273,29.796811910001377,31.12511686503576,39.66106403010388,1,0,1.302,1.303,60,0.58,142,48,0.58,210,142,48,0.0,1,1,0
63,1,48,6,1.3026302697250152,medium,susceptible,0,1,0.0,-1,-1,0,1,0,0,26.9,20.8,17.146767215028273,29.796811910001377,31.12511686503576,39.66106403010388,1,0,1.302,1.303,60,0.58,142,48,0.58,210,142,48,0.0,1,1,0
63,2,48,6,1.3026302697250152,medium,susceptible,0,1,0.0,-1,-1,0,1,0,0,26.9,20.8,17.146767215028273,29.796811910001377,31.12511686503576,39.66106403010388,1,0,1.302,1.303,60,0.58,142,48,0.58,210,142,48,0.0,1,1,0
63,3,48,6,1.3026302697250152,medium,susceptible,0,1,0.0,-1,-1,0,1,0,0,26.9,20.8,17.146767215028273,29.796811910001377,31.12511686503576,39.66106403010388,1,0,1.302,1.303,60,0.58,142,48,0.58,210,142,48,0.0,1,1,0
63,4,48,6,1.3026302697250152,medium,susceptible,0,1,0.0,-1,-1,0,1,0,0,26.9,20.8,17.146767215028273,29.796811910001377,31.12511686503576,39.66106403010388,1,0,1.302,1.303,60,0.58,142,48,0.58,210,142,48,0.0,1,1,0
63,5,48,6,1.3026302697250152,medium,susceptible,0,1,0.0,-1,-1,0,1,0,0,26.9,20.8,17.146767215028273,29.796811910001377,31.12511686503576,39.66106403010388,1,0,1.302,1.303,60,0.58,142,48,0.58,210,142,48,0.0,1,1,0
63,6,48,6,1.3026302697250152,medium,susceptible,0,1,0.0,-1,-1,0,1,0,0,26.9,20.8,17.146767215028273,29.796811910001377,31.12511686503576,39.66106403010388,1,0,1.302,1.303,60,0.58,142,48,0.58,210,142,48,0.0,1,1,0
63,7,48,6,1.3026302697250152,medium,susceptible,0,1,0.0,-1,-1,0,1,0,0,26.9,20.8,17.146767215028273,29.796811910001377,31.12511686503576,39.66106403010388,1,0,1.302,1.303,60,0.58,142,48,0.58,210,142,48,0.0,1,1,0
63,8,48,6,1.3026302697250152,medium,susceptible,0,1,0.0,-1,-1,0,1,0,0,26.9,20.8,17.146767215028273,29.796811910001377,31.12511686503576,39.66106403010388,1,0,1.302,1.303,60,0.58,142,48,0.58,210,142,48,0.0,1,1,0
63,9,48,6,1.3026302697250152,medium,susceptible,0,1,0.0,-1,-1,0,1,0,0,26.9,20.8,17.146767215028273,29.796811910001377,31.12511686503576,39.66106403010388,1,0,1.302,1.303,60,0.58,142,48,0.58,210,142,48,0.0,1,1,0
63,10,48,6,1.3026302697250152,medium,susceptible,0,1,0.0,-1,-1,0,1,0,0,26.9,20.8,17.146767215028273,29.796811910001377,31.12511686503576,39.66106403010388,1,0,1.302,1.303,60,0.58,142,48,0.58,210,142,48,0.0,1,1,0
63,11,48,6,1.3026302697250152,medium,susceptible,0,1,0.0,-1,-1,0,1,0,0,26.9,20.8,17.146767215028273,29.796811910001377,31.12511686503576,39.66106403010388,1,0,1.302,1.303,60,0.58,142,48,0.58,210,142,48,0.0,1,1,0
63,12,48,6,1.3026302697250152,medium,susceptible,0,1,0.0,-1,-1,0,1,0,0,26.9,20.8,17.146767215028273,29.796811910001377,31.12511686503576,39.66106403010388,1,0,1.302,1.303,60,0.58,142,48,0.58,210,142,48,0.0,1,1,0
63,13,48,6,1.3026302697250152,medium,susceptible,0,1,0.0,-1,-1,0,1,0,0,26.9,20.8,17.146767215028273,29.796811910001377,31.12511686503576,39.66106403010388,1,0,1.302,1.303,60,0.58,142,48,0.58,210,142,48,0.0,1,1,0
63,14,48,6,1.3026302697250152,medium,susceptible,0,1,0.0,-1,-1,0,1,0,0,26.9,20.8,17.146767215028273,29.796811910001377,31.12511686503576,39.66106403010388,1,0,1.302,1.303,60,0.58,142,48,0.58,210,142,48,0.0,1,1,0
63,15,48,6,1.3026302697250152,medium,susceptible,0,1,0.0,-1,-1,0,1,0,0,26.9,20.8,17.146767215028273,29.796811910001377,31.12511686503576,39.66106403010388,1,0,1.302,1.303,60,0.58,142,48,0.58,210,142,48,0.0,1,1,0
63,16,48,6,1.3026302697250152,medium,susceptible,0,1,0.0,-1,-1,0,1,0,0,26.9,20.8,17.146767215028273,29.796811910001377,31.12511686503576,39.66106403010388,1,0,1.302,1.303,60,0.58,142,48,0.58,210,142,48,0.0,1,1,0
63,17,48,6,1.3026302697250152,medium,susceptible,0,1,0.0,-1,-1,0,1,0,0,26.9,20.8,17.146767215028273,29.796811910001377,31.12511686503576,39.66106403010388,1,0,1.302,1.303,60,0.58,142,48,0.58,210,142,48,0.0,1,1,0
63,18,48,6,1.3026302697250152,medium,susceptible,0,1,0.0,-1,-1,0,1,0,0,26.9,20.8,17.146767215028273,29.796811910001377,31.12511686503576,39.66106403010388,1,0,1.302,1.303,60,0.58,142,48,0.58,210,142,48,0.0,1,1,0
63,19,48,6,1.3026302697250152,medium,susceptible,0,1,0.0,-1,-1,0,1,0,0,26.9,20.8,17.146767215028273,29.796811910001377,31.12511686503576,39.66106403010388,1,0,1.302,1.303,60,0.58,142,48,0.58,210,142,48,0.0,1,1,0
63,20,48,6,1.3026302697250152,medium,susceptible,0,1,0.0,-1,-1,0,1,0,0,26.9,20.8,17.146767215028273,29.796811910001377,31.12511686503576,39.66106403010388,1,0,1.302,1.303,60,0.58,142,48,0.58,210,142,48,0.0,1,1,0
63,21,48,6,1.3026302697250152,medium,susceptible,0,1,0.0,-1,-1,0,1,0,0,26.9,20.8,17.146767215028273,29.796811910001377,31.12511686503576,39.66106403010388,1,0,1.302,1.303,60,0.58,142,48,0.58,210,142,48,0.0,1,1,0
63,22,48,6,1.3026302697250152,medium,susceptible,0,1,0.0,-1,-1,0,1,0,0,26.9,20.8,17.146767215028273,29.796811910001377,31.12511686503576,39.66106403010388,1,0,1.302,1.303,60,0.58,142,48,0.58,210,142,48,0.0,1,1,0
63,23,48,6,1.3026302697250152,medium,susceptible,0,1,0.0,-1,-1,0,1,0,0,26.9,20.8,17.146767215028273,29.796811910001377,31.12511686503576,39.66106403010388,1,0,1.302,1.303,60,0.58,142,48,0.58,210,142,48,0.0,1,1,0
63,24,48,6,1.3026302697250152,medium,susceptible,0,1,0.0,-1,-1,0,1,0,0,26.9,20.8,17.146767215028273,29.796811910001377,31.12511686503576,39.66106403010388,1,0,1.302,1.303,60,0.58,142,48,0.58,210,142,48,0.0,1,1,0
63,25,48,6,1.3026302697250152,medium,susceptible,0,1,0.0,-1,-1,0,1,0,0,26.9,20.8,17.146767215028273,29.796811910001377,31.12511686503576,39.66106403010388,1,0,1.302,1.303,60,0.58,142,48,0.58,210,142,48,0.0,1,1,0
63,26,48,6,1.3026302697250152,medium,susceptible,0,1,0.0,-1,-1,0,1,0,0,26.9,20.8,17.146767215028273,29.796811910001377,31.12511686503576,39.66106403010388,1,0,1.302,1.303,60,0.58,142,48,0.58,210,142,48,0.0,1,1,0
63,27,48,6,1.3026302697250152,medium,susceptible,0,1,0.0,-1,-1,0,1,0,0,26.9,20.8,17.146767215028273,29.796811910001377,31.12511686503576,39.66106403010388,1,0,1.302,1.303,60,0.58,142,48,0.58,210,142,48,0.0,1,1,0
63,28,48,6,1.3026302697250152,medium,susceptible,0,1,0.0,-1,-1,0,1,0,0,26.9,20.8,17.146767215028273,29.796811910001377,31.12511686503576,39.66106403010388,1,0,1.302,1.303,60,0.58,142,48,0.58,210,142,48,0.0,1,1,0
63,29,48,6,1.3026302697250152,medium,susceptible,0,1,0.0,-1,-1,0,1,0,0,26.9,20.8,17.146767215028273,29.796811910001377,31.12511686503576,39.66106403010388,1,0,1.302,1.303,60,0.58,142,48,0.58,210,142,48,0.0,1,1,0
63,30,48,6,1.3026302697250152,medium,susceptible,0,1,0.0,-1,-1,0,1,0,0,26.9,20.8,17.146767215028273,29.796811910001377,31.12511686503576,39.66106403010388,1,0,1.302,1.303,60,0.58,142,48,0.58,210,142,48,0.0,1,1,0
63,31,48,6,1.3026302697250152,medium,susceptible,0,1,0.0,-1,-1,0,1,0,0,26.9,20.8,17.146767215028273,29.796811910001377,31.12511686503576,39.66106403010388,1,0,1.302,1.303,60,0.58,142,48,0.58,210,142,48,0.0,1,1,0
63,32,48,6,1.3026302697250152,medium,susceptible,0,1,0.0,-1,-1,0,1,0,0,26.9,20.8,17.146767215028273,29.796811910001377,31.12511686503576,39.66106403010388,1,0,1.302,1.303,60,0.58,142,48,0.58,210,142,48,0.0,1,1,0
63,33,48,6,1.3026302697250152,medium,susceptible,0,1,0.0,-1,-1,0,1,0,0,26.9,20.8,17.146767215028273,29.796811910001377,31.12511686503576,39.66106403010388,1,0,1.302,1.303,60,0.58,142,48,0.58,210,142,48,0.0,1,1,0
63,34,48,6,1.3026302697250152,medium,susceptible,0,1,0.0,-1,-1,0,1,0,0,26.9,20.8,17.146767215028273,29.796811910001377,31.12511686503576,39.66106403010388,1,0,1.302,1.303,60,0.58,142,48,0.58,210,142,48,0.0,1,1,0
63,35,48,6,1.3026302697250152,medium,susceptible,0,1,0.0,-1,-1,0,1,0,0,26.9,20.8,17.146767215028273,29.796811910001377,31.12511686503576,39.66106403010388,1,0,1.302,1.303,60,0.58,142,48,0.58,210,142,48,0.0,1,1,0
63,36,48,6,1.3026302697250152,medium,susceptible,0,1,0.0,-1,-1,0,1,0,0,26.9,20.8,17.146767215028273,29.796811910001377,31.12511686503576,39.66106403010388,1,0,1.302,1.303,60,0.58,142,48,0.58,210,142,48,0.0,1,1,0
63,37,48,6,1.3026302697250152,medium,susceptible,0,1,0.0,-1,-1,0,1,0,0,26.9,20.8,17.146767215028273,29.796811910001377,31.12511686503576,39.66106403010388,1,0,1.302,1.303,60,0.58,142,48,0.58,210,142,48,0.0,1,1,0
63,38,48,6,1.3026302697250152,medium,susceptible,0,1,0.0,-1,-1,0,1,0,0,26.9,20.8,17.146767215028273,29.796811910001377,31.12511686503576,39.66106403010388,1,0,1.302,1.303,60,0.58,142,48,0.58,210,142,48,0.0,1,1,0
63,39,48,6,1.3026302697250152,medium,susceptible,0,1,0.0,-1,-1,0,1,0,0,26.9,20.8,17.146767215028273,29.796811910001377,31.12511686503576,39.66106403010388,1,0,1.302,1.303,60,0.58,142,48,0.58,210,142,48,0.0,1,1,0
64,0,145,3,1.3021341626952005,strong,susceptible,0,1,0.0,-1,-1,1,0,0,0,25.9,28.2,20.81397212175018,30.20347662107791,27.881202515920506,45.48626166217664,1,0,1.302,1.303,60,0.58,142,48,0.58,210,142,48,0.0,1,1,0
64,1,145,3,1.3021341626952005,strong,susceptible,0,1,0.0,-1,-1,1,0,0,0,25.9,28.2,20.81397212175018,30.20347662107791,27.881202515920506,45.48626166217664,1,0,1.302,1.303,60,0.58,142,48,0.58,210,142,48,0.0,1,1,0
64,2,145,3,1.3021341626952005,strong,susceptible,0,1,0.0,-1,-1,1,0,0,0,25.9,28.2,20.81397212175018,30.20347662107791,27.881202515920506,45.48626166217664,1,0,1.302,1.303,60,0.58,142,48,0.58,210,142,48,0.0,1,1,0
64,3,145,3,1.3021341626952005,strong,susceptible,0,1,0.0,-1,-1,1,0,0,0,25.9,28.2,20.81397212175018,30.20347662107791,27.881202515920506,45.48626166217664,1,0,1.302,1.303,60,0.58,142,48,0.58,210,142,48,0.0,1,1,0
64,4,145,3,1.3021341626952005,strong,susceptible,0,1,0.0,-1,-1,1,0,0,0,25.9,28.2,20.81397212175018,30.20347662107791,27.881202515920506,45.48626166217664,1,0,1.302,1.303,60,0.58,142,48,0.58,210,142,48,0.0,1,1,0
64,5,145,3,1.3021341626952005,strong,susceptible,0,1,0.0,-1,-1,1,0,0,0,25.9,28.2,20.81397212175018,30.20347662107791,27.881202515920506,45.48626166217664,1,0,1.302,1.303,60,0.58,142,48,0.58,210,142,48,0.0,1,1,0
64,6,145,3,1.3021341626952005,strong,susceptible,0,1,0.0,-1,-1,1,0,0,0,25.9,28.2,20.81397212175018,30.20347662107791,27.881202515920506,45.48626166217664,1,0,1.302,1.303,60,0.58,142,48,0.58,210,142,48,0.0,1,1,0
64,7,145,3,1.3021341626952005,strong,susceptible,0,1,0.0,-1,-1,1,0,0,0,25.9,28.2,20.81397212175018,30.20347662107791,27.881202515920506,45.48626166217664,1,0,1.302,1.303,60,0.58,142,48,0.58,210,142,48,0.0,1,1,0
64,8,145,3,1.3021341626952005,strong,susceptible,0,1,0.0,-1,-1,1,0,0,0,25.9,28.2,20.81397212175018,30.20347662107791,27.881202515920506,45.48626166217664,1,0,1.302,1.303,60,0.58,142,48,0.58,210,142,48,0.0,1,1,0
64,9,145,3,1.3021341626952005,strong,susceptible,0,1,0.0,-1,-1,1,0,0,0,25.9,28.2,20.81397212175018,30.20347662107791,27.881202515920506,45.48626166217664,1,0,1.302,1.303,60,0.58,142,48,0.58,210,142,48,0.0,1,1,0
64,10,145,3,1.3021341626952005,strong,susceptible,0,1,0.0,-1,-1,1,0,0,0,25.9,28.2,20.81397212175018,30.20347662107791,27.881202515920506,45.48626166217664,1,0,1.302,1.303,60,0.58,142,48,0.58,210,142,48,0.0,1,1,0
64,11,145,3,1.3021341626952005,strong,susceptible,0,1,0.0,-1,-1,1,0,0,0,25.9,28.2,20.81397212175018,30.20347662107791,27.881202515920506,45.48626166217664,1,0,1.302,1.303,60,0.58,142,48,0.58,210,142,48,0.0,1,1,0
64,12,145,3,1.3021341626952005,strong,susceptible,0,1,0.0,-1,-1,1,0,0,0,25.9,28.2,20.81397212175018,30.20347662107791,27.881202515920506,45.48626166217664,1,0,1.302,1.303,60,0.58,142,48,0.58,210,142,48,0.0,1,1,0
64,13,145,3,1.3021341626952005,strong,susceptible,0,1,0.0,-1,-1,1,0,0,0,25.9,28.2,20.81397212175018,30.20347662107791,27.881202515920506,45.48626166217664,1,0,1.302,1.303,60,0.58,142,48,0.58,210,142,48,0.0,1,1,0
64,14,145,3,1.3021341626952005,strong,susceptible,0,1,0.0,-1,-1,1,0,0,0,25.9,28.2,20.81397212175018,30.20347662107791,27.881202515920506,45.48626166217664,1,0,1.302,1.303,60,0.58,142,48,0.58,210,142,48,0.0,1,1,0
64,15,145,3,1.3021341626952005,strong,susceptible,0,1,0.0,-1,-1,1,0,0,0,25.9,28.2,20.81397212175018,30.20347662107791,27.881202515920506,45.48626166217664,1,0,1.302,1.303,60,0.58,142,48,0.58,210,142,48,0.0,1,1,0
64,16,145,3,1.3021341626952005,strong,susceptible,0,1,0.0,-1,-1,1,0,0,0,25.9,28.2,20.81397212175018,30.20347662107791,27.881202515920506,45.48626166217664,1,0,1.302,1.303,60,0.58,142,48,0.58,210,142,48,0.0,1,1,0
64,17,145,3,1.3021341626952005,strong,susceptible,0,1,0.0,-1,-1,1,0,0,0,25.9,28.2,20.81397212175018,30.20347662107791,27.881202515920506,45.48626166217664,1,0,1.302,1.303,60,0.58,142,48,0.58,210,142,48,0.0,1,1,0
64,18,145,3,1.3021341626952005,strong,susceptible,0,1,0.0,-1,-1,1,0,0,0,25.9,28.2,20.81397212175018,30.20347662107791,27.881202515920506,45.48626166217664,1,0,1.302,1.303,60,0.58,142,48,0.58,210,142,48,0.0,1,1,0
64,19,145,3,1.3021341626952005,strong,susceptible,0,1,0.0,-1,-1,1,0,0,0,25.9,28.2,20.81397212175018,30.20347662107791,27.881202515920506,45.48626166217664,1,0,1.302,1.303,60,0.58,142,48,0.58,210,142,48,0.0,1,1,0
64,20,145,3,1.3021341626952005,strong,susceptible,0,1,0.0,-1,-1,1,0,0,0,25.9,28.2,20.81397212175018,30.20347662107791,27.881202515920506,45.48626166217664,1,0,1.302,1.303,60,0.58,142,48,0.58,210,142,48,0.0,1,1,0
64,21,145,3,1.3021341626952005,strong,susceptible,0,1,0.0,-1,-1,1,0,0,0,25.9,28.2,20.81397212175018,30.20347662107791,27.881202515920506,45.48626166217664,1,0,1.302,1.303,60,0.58,142,48,0.58,210,142,48,0.0,1,1,0
64,22,145,3,1.3021341626952005,strong,susceptible,0,1,0.0,-1,-1,1,0,0,0,25.9,28.2,20.81397212175018,30.20347662107791,27.881202515920506,45.48626166217664,1,0,1.302,1.303,60,0.58,142,48,0.58,210,142,48,0.0,1,1,0
64,23,145,3,1.3021341626952005,strong,susceptible,0,1,0.0,-1,-1,1,0,0,0,25.9,28.2,20.81397212175018,30.20347662107791,27.881202515920506,45.48626166217664,1,0,1.302,1.303,60,0.58,142,48,0.58,210,142,48,0.0,1,1,0
64,24,145,3,1.3021341626952005,strong,susceptible,0,1,0.0,-1,-1,1,0,0,0,25.9,28.2,20.81397212175018,30.20347662107791,27.881202515920506,45.48626166217664,1,0,1.302,1.303,60,0.58,142,48,0.58,210,142,48,0.0,1,1,0
64,25,145,3,1.3021341626952005,strong,susceptible,0,1,0.0,-1,-1,1,0,0,0,25.9,28.2,20.81397212175018,30.20347662107791,27.881202515920506,45.48626166217664,1,0,1.302,1.303,60,0.58,142,48,0.58,210,142,48,0.0,1,1,0
64,26,145,3,1.3021341626952005,strong,susceptible,0,1,0.0,-1,-1,1,0,0,0,25.9,28.2,20.81397212175018,30.20347662107791,27.881202515920506,45.48626166217664,1,0,1.302,1.303,60,0.58,142,48,0.58,210,142,48,0.0,1,1,0
64,27,145,3,1.3021341626952005,strong,susceptible,0,1,0.0,-1,-1,1,0,0,0,25.9,28.2,20.81397212175018,30.20347662107791,27.881202515920506,45.48626166217664,1,0,1.302,1.303,60,0.58,142,48,0.58,210,142,48,0.0,1,1,0
64,28,145,3,1.3021341626952005,strong,susceptible,0,1,0.0,-1,-1,1,0,0,0,25.9,28.2,20.81397212175018,30.20347662107791,27.881202515920506,45.48626166217664,1,0,1.302,1.303,60,0.58,142,48,0.58,210,142,48,0.0,1,1,0
64,29,145,3,1.3021341626952005,strong,susceptible,0,1,0.0,-1,-1,1,0,0,0,25.9,28.2,20.81397212175018,30.20347662107791,27.881202515920506,45.48626166217664,1,0,1.302,1.303,60,0.58,142,48,0.58,210,142,48,0.0,1,1,0
64,30,145,3,1.3021341626952005,strong,susceptible,0,1,0.0,-1,-1,1,0,0,0,25.9,28.2,20.81397212175018,30.20347662107791,27.881202515920506,45.48626166217664,1,0,1.302,1.303,60,0.58,142,48,0.58,210,142,48,0.0,1,1,0
64,31,145,3,1.3021341626952005,strong,susceptible,0,1,0.0,-1,-1,1,0,0,0,25.9,28.2,20.81397212175018,30.20347662107791,27.881202515920506,45.48626166217664,1,0,1.302,1.303,60,0.58,142,48,0.58,210,142,48,0.0,1,1,0
64,32,145,3,1.3021341626952005,strong,susceptible,0,1,0.0,-1,-1,1,0,0,0,25.9,28.2,20.81397212175018,30.20347662107791,27.881202515920506,45.48626166217664,1,0,1.302,1.303,60,0.58,142,48,0.58,210,142,48,0.0,1,1,0
64,33,145,3,1.3021341626952005,strong,susceptible,0,1,0.0,-1,-1,1,0,0,0,25.9,28.2,20.81397212175018,30.20347662107791,27.881202515920506,45.48626166217664,1,0,1.302,1.303,60,0.58,142,48,0.58,210,142,48,0.0,1,1,0
64,34,145,3,1.3021341626952005,strong,susceptible,0,1,0.0,-1,-1,1,0,0,0,25.9,28.2,20.81397212175018,30.20347662107791,27.881202515920506,45.48626166217664,1,0,1.302,1.303,60,0.58,142,48,0.58,210,142,48,0.0,1,1,0
64,35,145,3,1.3021341626952005,strong,susceptible,0,1,0.0,-1,-1,1,0,0,0,25.9,28.2,20.81397212175018,30.20347662107791,27.881202515920506,45.48626166217664,1,0,1.302,1.303,60,0.58,142,48,0.58,210,142,48,0.0,1,1,0
64,36,145,3,1.3021341626952005,strong,susceptible,0,1,0.0,-1,-1,1,0,0,0,25.9,28.2,20.81397212175018,30.20347662107791,27.881202515920506,45.48626166217664,1,0,1.302,1.303,60,0.58,142,48,0.58,210,142,48,0.0,1,1,0
64,37,145,3,1.3021341626952005,strong,susceptible,0,1,0.0,-1,-1,1,0,0,0,25.9,28.2,20.81397212175018,30.20347662107791,27.881202515920506,45.48626166217664,1,0,1.302,1.303,60,0.58,142,48,0.58,210,142,48,0.0,1,1,0
64,38,145,3,1.3021341626952005,strong,susceptible,0,1,0.0,-1,-1,1,0,0,0,25.9,28.2,20.81397212175018,30.20347662107791,27.881202515920506,45.48626166217664,1,0,1.302,1.303,60,0.58,142,48,0.58,210,142,48,0.0,1,1,0
64,39,145,3,1.3021341626952005,strong,susceptible,0,1,0.0,-1,-1,1,0,0,0,25.9,28.2,20.81397212175018,30.20347662107791,27.881202515920506,45.48626166217664,1,0,1.302,1.303,60,0.58,142,48,0.58,210,142,48,0.0,1,1,0
65,0,56,3,1.3022074638989902,strong,susceptible,0,1,0.0,-1,-1,1,0,0,0,26.9,29.4,17.05981117011491,25.845115592699525,24.930121376223983,43.174066289845804,1,0,1.302,1.303,60,0.58,142,48,0.58,210,142,48,0.0,1,1,0
65,1,56,3,1.3022074638989902,strong,susceptible,0,1,0.0,-1,-1,1,0,0,0,26.9,29.4,17.05981117011491,25.845115592699525,24.930121376223983,43.174066289845804,1,0,1.302,1.303,60,0.58,142,48,0.58,210,142,48,0.0,1,1,0
65,2,56,3,1.3022074638989902,strong,susceptible,0,1,0.0,-1,-1,1,0,0,0,26.9,29.4,17.05981117011491,25.845115592699525,24.930121376223983,43.174066289845804,1,0,1.302,1.303,60,0.58,142,48,0.58,210,142,48,0.0,1,1,0
65,3,56,3,1.3022074638989902,strong,susceptible,0,1,0.0,-1,-1,1,0,0,0,26.9,29.4,17.05981117011491,25.845115592699525,24.930121376223983,43.174066289845804,1,0,1.302,1.303,60,0.58,142,48,0.58,210,142,48,0.0,1,1,0
65,4,56,3,1.3022074638989902,strong,susceptible,0,1,0.0,-1,-1,1,0,0,0,26.9,29.4,17.05981117011491,25.845115592699525,24.930121376223983,43.174066289845804,1,0,1.302,1.303,60,0.58,142,48,0.58,210,142,48,0.0,1,1,0
65,5,56,3,1.3022074638989902,strong,susceptible,0,1,0.0,-1,-1,1,0,0,0,26.9,29.4,17.05981117011491,25.845115592699525,24.930121376223983,43.174066289845804,1,0,1.302,1.303,60,0.58,142,48,0.58,210,142,48,0.0,1,1,0
65,6,56,3,1.3022074638989902,strong,susceptible,0,1,0.0,-1,-1,1,0,0,0,26.9,29.4,17.05981117011491,25.845115592699525,24.930121376223983,43.174066289845804,1,0,1.302,1.303,60,0.58,142,48,0.58,210,142,48,0.0,1,1,0
65,7,56,3,1.3022074638989902,strong,susceptible,0,1,0.0,-1,-1,1,0,0,0,26.9,29.4,17.05981117011491,25.845115592699525,24.930121376223983,43.174066289845804,1,0,1.302,1.303,60,0.58,142,48,0.58,210,142,48,0.0,1,1,0
65,8,56,3,1.3022074638989902,strong,susceptible,0,1,0.0,-1,-1,1,0,0,0,26.9,29.4,17.05981117011491,25.845115592699525,24.930121376223983,43.174066289845804,1,0,1.302,1.303,60,0.58,142,48,0.58,210,142,48,0.0,1,1,0
65,9,56,3,1.3022074638989902,strong,susceptible,0,1,0.0,-1,-1,1,0,0,0,26.9,29.4,17.05981117011491,25.845115592699525,24.930121376223983,43.174066289845804,1,0,1.302,1.303,60,0.58,142,48,0.58,210,142,48,0.0,1,1,0
65,10,56,3,1.3022074638989902,strong,susceptible,0,1,0.0,-1,-1,1,0,0,0,26.9,29.4,17.05981117011491,25.845115592699525,24.930121376223983,43.174066289845804,1,0,1.302,1.303,60,0.58,142,48,0.58,210,142,48,0.0,1,1,0
65,11,56,3,1.3022074638989902,strong,susceptible,0,1,0.0,-1,-1,1,0,0,0,26.9,29.4,17.05981117011491,25.845115592699525,24.930121376223983,43.174066289845804,1,0,1.302,1.303,60,0.58,142,48,0.58,210,142,48,0.0,1,1,0
65,12,56,3,1.3022074638989902,strong,susceptible,0,1,0.0,-1,-1,1,0,0,0,26.9,29.4,17.05981117011491,25.845115592699525,24.930121376223983,43.174066289845804,1,0,1.302,1.303,60,0.58,142,48,0.58,210,142,48,0.0,1,1,0
65,13,56,3,1.3022074638989902,strong,susceptible,0,1,0.0,-1,-1,1,0,0,0,26.9,29.4,17.05981117011491,25.845115592699525,24.930121376223983,43.174066289845804,1,0,1.302,1.303,60,0.58,142,48,0.58,210,142,48,0.0,1,1,0
65,14,56,3,1.3022074638989902,strong,susceptible,0,1,0.0,-1,-1,1,0,0,0,26.9,29.4,17.05981117011491,25.845115592699525,24.930121376223983,43.174066289845804,1,0,1.302,1.303,60,0.58,142,48,0.58,210,142,48,0.0,1,1,0
65,15,56,3,1.3022074638989902,strong,susceptible,0,1,0.0,-1,-1,1,0,0,0,26.9,29.4,17.05981117011491,25.845115592699525,24.930121376223983,43.174066289845804,1,0,1.302,1.303,60,0.58,142,48,0.58,210,142,48,0.0,1,1,0
65,16,56,3,1.3022074638989902,strong,susceptible,0,1,0.0,-1,-1,1,0,0,0,26.9,29.4,17.05981117011491,25.845115592699525,24.930121376223983,43.174066289845804,1,0,1.302,1.303,60,0.58,142,48,0.58,210,142,48,0.0,1,1,0
65,17,56,3,1.3022074638989902,strong,susceptible,0,1,0.0,-1,-1,1,0,0,0,26.9,29.4,17.05981117011491,25.845115592699525,24.930121376223983,43.174066289845804,1,0,1.302,1.303,60,0.58,142,48,0.58,210,142,48,0.0,1,1,0
65,18,56,3,1.3022074638989902,strong,susceptible,0,1,0.0,-1,-1,1,0,0,0,26.9,29.4,17.05981117011491,25.845115592699525,24.930121376223983,43.174066289845804,1,0,1.302,1.303,60,0.58,142,48,0.58,210,142,48,0.0,1,1,0
65,19,56,3,1.3022074638989902,strong,susceptible,0,1,0.0,-1,-1,1,0,0,0,26.9,29.4,17.05981117011491,25.845115592699525,24.930121376223983,43.174066289845804,1,0,1.302,1.303,60,0.58,142,48,0.58,210,142,48,0.0,1,1,0
65,20,56,3,1.3022074638989902,strong,susceptible,0,1,0.0,-1,-1,1,0,0,0,26.9,29.4,17.05981117011491,25.845115592699525,24.930121376223983,43.174066289845804,1,0,1.302,1.303,60,0.58,142,48,0.58,210,142,48,0.0,1,1,0
65,21,56,3,1.3022074638989902,strong,susceptible,0,1,0.0,-1,-1,1,0,0,0,26.9,29.4,17.05981117011491,25.845115592699525,24.930121376223983,43.174066289845804,1,0,1.302,1.303,60,0.58,142,48,0.58,210,142,48,0.0,1,1,0
65,22,56,3,1.3022074638989902,strong,susceptible,0,1,0.0,-1,-1,1,0,0,0,26.9,29.4,17.05981117011491,25.845115592699525,24.930121376223983,43.174066289845804,1,0,1.302,1.303,60,0.58,142,48,0.58,210,142,48,0.0,1,1,0
65,23,56,3,1.3022074638989902,strong,susceptible,0,1,0.0,-1,-1,1,0,0,0,26.9,29.4,17.05981117011491,25.845115592699525,24.930121376223983,43.174066289845804,1,0,1.302,1.303,60,0.58,142,48,0.58,210,142,48,0.0,1,1,0
65,24,56,3,1.3022074638989902,strong,susceptible,0,1,0.0,-1,-1,1,0,0,0,26.9,29.4,17.05981117011491,25.845115592699525,24.930121376223983,43.174066289845804,1,0,1.302,1.303,60,0.58,142,48,0.58,210,142,48,0.0,1,1,0
65,25,56,3,1.3022074638989902,strong,susceptible,0,1,0.0,-1,-1,1,0,0,0,26.9,29.4,17.05981117011491,25.845115592699525,24.930121376223983,43.174066289845804,1,0,1.302,1.303,60,0.58,142,48,0.58,210,142,48,0.0,1,1,0
65,26,56,3,1.3022074638989902,strong,susceptible,0,1,0.0,-1,-1,1,0,0,0,26.9,29.4,17.05981117011491,25.845115592699525,24.930121376223983,43.174066289845804,1,0,1.302,1.303,60,0.58,142,48,0.58,210,142,48,0.0,1,1,0
65,27,56,3,1.3022074638989902,strong,susceptible,0,1,0.0,-1,-1,1,0,0,0,26.9,29.4,17.05981117011491,25.845115592699525,24.930121376223983,43.174066289845804,1,0,1.302,1.303,60,0.58,142,48,0.58,210,142,48,0.0,1,1,0
65,28,56,3,1.3022074638989902,strong,susceptible,0,1,0.0,-1,-1,1,0,0,0,26.9,29.4,17.05981117011491,25.845115592699525,24.930121376223983,43.174066289845804,1,0,1.302,1.303,60,0.58,142,48,0.58,210,142,48,0.0,1,1,0
65,29,56,3,1.3022074638989902,strong,susceptible,0,1,0.0,-1,-1,1,0,0,0,26.9,29.4,17.05981117011491,25.845115592699525,24.930121376223983,43.174066289845804,1,0,1.302,1.303,60,0.58,142,48,0.58,210,142,48,0.0,1,1,0
65,31,56,3,1.3022074638989902,strong,infected,1,1,1.26,30,1,1,0,0,0,26.9,29.4,17.05981117011491,25.845115592699525,24.930121376223983,43.174066289845804,1,0,1.302,1.303,60,0.58,142,48,0.58,210,142,48,0.0,1,1,0
65,32,56,3,1.3022074638989902,strong,infected,1,1,8.229,30,2,1,0,0,0,26.9,29.4,17.05981117011491,25.845115592699525,24.930121376223983,43.174066289845804,1,0,1.302,1.303,60,0.58,142,48,0.58,210,142,48,0.0,1,1,0
65,33,56,3,1.3022074638989902,strong,infected,1,1,15.856,30,3,1,0,0,0,26.9,29.4,17.05981117011491,25.845115592699525,24.930121376223983,43.174066289845804,1,0,1.302,1.303,60,0.58,142,48,0.58,210,142,48,0.0,1,1,0
65,34,56,3,1.3022074638989902,strong,infected,1,1,18.749,30,4,1,0,0,0,26.9,29.4,17.05981117011491,25.845115592699525,24.930121376223983,43.174066289845804,1,0,1.302,1.303,60,0.58,142,48,0.58,210,142,48,0.0,1,1,0
65,35,56,3,1.3022074638989902,strong,infected,1,1,17.01,30,5,1,0,0,0,26.9,29.4,17.05981117011491,25.845115592699525,24.930121376223983,43.174066289845804,1,0,1.302,1.303,60,0.58,142,48,0.58,210,142,48,0.0,1,1,0
65,36,56,3,1.3022074638989902,strong,infected,1,1,13.064,30,6,1,0,0,0,26.9,29.4,17.05981117011491,25.845115592699525,24.930121376223983,43.174066289845804,1,0,1.302,1.303,60,0.58,142,48,0.58,210,142,48,0.0,1,1,0
65,37,56,3,1.3022074638989902,strong,infected,1,1,8.946,30,7,1,0,0,0,26.9,29.4,17.05981117011491,25.845115592699525,24.930121376223983,43.174066289845804,1,0,1.302,1.303,60,0.58,142,48,0.58,210,142,48,0.0,1,1,0
65,38,56,3,1.3022074638989902,strong,infected,1,1,5.635,30,8,1,0,0,0,26.9,29.4,17.05981117011491,25.845115592699525,24.930121376223983,43.174066289845804,1,0,1.302,1.303,60,0.58,142,48,0.58,210,142,48,0.0,1,1,0
65,39,56,3,1.3022074638989902,strong,infected,1,1,3.33,30,9,1,0,0,0,26.9,29.4,17.05981117011491,25.845115592699525,24.930121376223983,43.174066289845804,1,0,1.302,1.303,60,0.58,142,48,0.58,210,142,48,0.0,1,1,0
66,0,61,9,1.3029121673135171,compromised,susceptible,0,1,0.0,-1,-1,0,0,0,1,22.5,27.6,15.374791523756334,25.59316314956008,21.203829671559117,38.118237105091836,1,0,1.302,1.303,60,0.58,142,48,0.58,210,142,48,0.0,1,1,0
66,1,61,9,1.3029121673135171,compromised,susceptible,0,1,0.0,-1,-1,0,0,0,1,22.5,27.6,15.374791523756334,25.59316314956008,21.203829671559117,38.118237105091836,1,0,1.302,1.303,60,0.58,142,48,0.58,210,142,48,0.0,1,1,0
66,2,61,9,1.3029121673135171,compromised,susceptible,0,1,0.0,-1,-1,0,0,0,1,22.5,27.6,15.374791523756334,25.59316314956008,21.203829671559117,38.118237105091836,1,0,1.302,1.303,60,0.58,142,48,0.58,210,142,48,0.0,1,1,0
66,3,61,9,1.3029121673135171,compromised,susceptible,0,1,0.0,-1,-1,0,0,0,1,22.5,27.6,15.374791523756334,25.59316314956008,21.203829671559117,38.118237105091836,1,0,1.302,1.303,60,0.58,142,48,0.58,210,142,48,0.0,1,1,0
66,4,61,9,1.3029121673135171,compromised,susceptible,0,1,0.0,-1,-1,0,0,0,1,22.5,27.6,15.374791523756334,25.59316314956008,21.203829671559117,38.118237105091836,1,0,1.302,1.303,60,0.58,142,48,0.58,210,142,48,0.0,1,1,0
66,5,61,9,1.3029121673135171,compromised,susceptible,0,1,0.0,-1,-1,0,0,0,1,22.5,27.6,15.374791523756334,25.59316314956008,21.203829671559117,38.118237105091836,1,0,1.302,1.303,60,0.58,142,48,0.58,210,142,48,0.0,1,1,0
66,6,61,9,1.3029121673135171,compromised,susceptible,0,1,0.0,-1,-1,0,0,0,1,22.5,27.6,15.374791523756334,25.59316314956008,21.203829671559117,38.118237105091836,1,0,1.302,1.303,60,0.58,142,48,0.58,210,142,48,0.0,1,1,0
66,7,61,9,1.3029121673135171,compromised,susceptible,0,1,0.0,-1,-1,0,0,0,1,22.5,27.6,15.374791523756334,25.59316314956008,21.203829671559117,38.118237105091836,1,0,1.302,1.303,60,0.58,142,48,0.58,210,142,48,0.0,1,1,0
66,8,61,9,1.3029121673135171,compromised,susceptible,0,1,0.0,-1,-1,0,0,0,1,22.5,27.6,15.374791523756334,25.59316314956008,21.203829671559117,38.118237105091836,1,0,1.302,1.303,60,0.58,142,48,0.58,210,142,48,0.0,1,1,0
66,9,61,9,1.3029121673135171,compromised,susceptible,0,1,0.0,-1,-1,0,0,0,1,22.5,27.6,15.374791523756334,25.59316314956008,21.203829671559117,38.118237105091836,1,0,1.302,1.303,60,0.58,142,48,0.58,210,142,48,0.0,1,1,0
66,10,61,9,1.3029121673135171,compromised,susceptible,0,1,0.0,-1,-1,0,0,0,1,22.5,27.6,15.374791523756334,25.59316314956008,21.203829671559117,38.118237105091836,1,0,1.302,1.303,60,0.58,142,48,0.58,210,142,48,0.0,1,1,0
66,11,61,9,1.3029121673135171,compromised,susceptible,0,1,0.0,-1,-1,0,0,0,1,22.5,27.6,15.374791523756334,25.59316314956008,21.203829671559117,38.118237105091836,1,0,1.302,1.303,60,0.58,142,48,0.58,210,142,48,0.0,1,1,0
66,12,61,9,1.3029121673135171,compromised,susceptible,0,1,0.0,-1,-1,0,0,0,1,22.5,27.6,15.374791523756334,25.59316314956008,21.203829671559117,38.118237105091836,1,0,1.302,1.303,60,0.58,142,48,0.58,210,142,48,0.0,1,1,0
66,13,61,9,1.3029121673135171,compromised,susceptible,0,1,0.0,-1,-1,0,0,0,1,22.5,27.6,15.374791523756334,25.59316314956008,21.203829671559117,38.118237105091836,1,0,1.302,1.303,60,0.58,142,48,0.58,210,142,48,0.0,1,1,0
66,14,61,9,1.3029121673135171,compromised,susceptible,0,1,0.0,-1,-1,0,0,0,1,22.5,27.6,15.374791523756334,25.59316314956008,21.203829671559117,38.118237105091836,1,0,1.302,1.303,60,0.58,142,48,0.58,210,142,48,0.0,1,1,0
66,15,61,9,1.3029121673135171,compromised,susceptible,0,1,0.0,-1,-1,0,0,0,1,22.5,27.6,15.374791523756334,25.59316314956008,21.203829671559117,38.118237105091836,1,0,1.302,1.303,60,0.58,142,48,0.58,210,142,48,0.0,1,1,0
66,16,61,9,1.3029121673135171,compromised,susceptible,0,1,0.0,-1,-1,0,0,0,1,22.5,27.6,15.374791523756334,25.59316314956008,21.203829671559117,38.118237105091836,1,0,1.302,1.303,60,0.58,142,48,0.58,210,142,48,0.0,1,1,0
66,17,61,9,1.3029121673135171,compromised,susceptible,0,1,0.0,-1,-1,0,0,0,1,22.5,27.6,15.374791523756334,25.59316314956008,21.203829671559117,38.118237105091836,1,0,1.302,1.303,60,0.58,142,48,0.58,210,142,48,0.0,1,1,0
66,18,61,9,1.3029121673135171,compromised,susceptible,0,1,0.0,-1,-1,0,0,0,1,22.5,27.6,15.374791523756334,25.59316314956008,21.203829671559117,38.118237105091836,1,0,1.302,1.303,60,0.58,142,48,0.58,210,142,48,0.0,1,1,0
66,19,61,9,1.3029121673135171,compromised,susceptible,0,1,0.0,-1,-1,0,0,0,1,22.5,27.6,15.374791523756334,25.59316314956008,21.203829671559117,38.118237105091836,1,0,1.302,1.303,60,0.58,142,48,0.58,210,142,48,0.0,1,1,0
66,20,61,9,1.3029121673135171,compromised,susceptible,0,1,0.0,-1,-1,0,0,0,1,22.5,27.6,15.374791523756334,25.59316314956008,21.203829671559117,38.118237105091836,1,0,1.302,1.303,60,0.58,142,48,0.58,210,142,48,0.0,1,1,0
66,21,61,9,1.3029121673135171,compromised,susceptible,0,1,0.0,-1,-1,0,0,0,1,22.5,27.6,15.374791523756334,25.59316314956008,21.203829671559117,38.118237105091836,1,0,1.302,1.303,60,0.58,142,48,0.58,210,142,48,0.0,1,1,0
66,22,61,9,1.3029121673135171,compromised,susceptible,0,1,0.0,-1,-1,0,0,0,1,22.5,27.6,15.374791523756334,25.59316314956008,21.203829671559117,38.118237105091836,1,0,1.302,1.303,60,0.58,142,48,0.58,210,142,48,0.0,1,1,0
66,23,61,9,1.3029121673135171,compromised,susceptible,0,1,0.0,-1,-1,0,0,0,1,22.5,27.6,15.374791523756334,25.59316314956008,21.203829671559117,38.118237105091836,1,0,1.302,1.303,60,0.58,142,48,0.58,210,142,48,0.0,1,1,0
66,24,61,9,1.3029121673135171,compromised,susceptible,0,1,0.0,-1,-1,0,0,0,1,22.5,27.6,15.374791523756334,25.59316314956008,21.203829671559117,38.118237105091836,1,0,1.302,1.303,60,0.58,142,48,0.58,210,142,48,0.0,1,1,0
66,25,61,9,1.3029121673135171,compromised,susceptible,0,1,0.0,-1,-1,0,0,0,1,22.5,27.6,15.374791523756334,25.59316314956008,21.203829671559117,38.118237105091836,1,0,1.302,1.303,60,0.58,142,48,0.58,210,142,48,0.0,1,1,0
66,26,61,9,1.3029121673135171,compromised,susceptible,0,1,0.0,-1,-1,0,0,0,1,22.5,27.6,15.374791523756334,25.59316314956008,21.203829671559117,38.118237105091836,1,0,1.302,1.303,60,0.58,142,48,0.58,210,142,48,0.0,1,1,0
66,27,61,9,1.3029121673135171,compromised,susceptible,0,1,0.0,-1,-1,0,0,0,1,22.5,27.6,15.374791523756334,25.59316314956008,21.203829671559117,38.118237105091836,1,0,1.302,1.303,60,0.58,142,48,0.58,210,142,48,0.0,1,1,0
66,28,61,9,1.3029121673135171,compromised,susceptible,0,1,0.0,-1,-1,0,0,0,1,22.5,27.6,15.374791523756334,25.59316314956008,21.203829671559117,38.118237105091836,1,0,1.302,1.303,60,0.58,142,48,0.58,210,142,48,0.0,1,1,0
66,29,61,9,1.3029121673135171,compromised,susceptible,0,1,0.0,-1,-1,0,0,0,1,22.5,27.6,15.374791523756334,25.59316314956008,21.203829671559117,38.118237105091836,1,0,1.302,1.303,60,0.58,142,48,0.58,210,142,48,0.0,1,1,0
66,30,61,9,1.3029121673135171,compromised,susceptible,0,1,0.0,-1,-1,0,0,0,1,22.5,27.6,15.374791523756334,25.59316314956008,21.203829671559117,38.118237105091836,1,0,1.302,1.303,60,0.58,142,48,0.58,210,142,48,0.0,1,1,0
66,31,61,9,1.3029121673135171,compromised,susceptible,0,1,0.0,-1,-1,0,0,0,1,22.5,27.6,15.374791523756334,25.59316314956008,21.203829671559117,38.118237105091836,1,0,1.302,1.303,60,0.58,142,48,0.58,210,142,48,0.0,1,1,0
66,32,61,9,1.3029121673135171,compromised,susceptible,0,1,0.0,-1,-1,0,0,0,1,22.5,27.6,15.374791523756334,25.59316314956008,21.203829671559117,38.118237105091836,1,0,1.302,1.303,60,0.58,142,48,0.58,210,142,48,0.0,1,1,0
66,33,61,9,1.3029121673135171,compromised,susceptible,0,1,0.0,-1,-1,0,0,0,1,22.5,27.6,15.374791523756334,25.59316314956008,21.203829671559117,38.118237105091836,1,0,1.302,1.303,60,0.58,142,48,0.58,210,142,48,0.0,1,1,0
66,34,61,9,1.3029121673135171,compromised,susceptible,0,1,0.0,-1,-1,0,0,0,1,22.5,27.6,15.374791523756334,25.59316314956008,21.203829671559117,38.118237105091836,1,0,1.302,1.303,60,0.58,142,48,0.58,210,142,48,0.0,1,1,0
66,35,61,9,1.3029121673135171,compromised,susceptible,0,1,0.0,-1,-1,0,0,0,1,22.5,27.6,15.374791523756334,25.59316314956008,21.203829671559117,38.118237105091836,1,0,1.302,1.303,60,0.58,142,48,0.58,210,142,48,0.0,1,1,0
66,36,61,9,1.3029121673135171,compromised,susceptible,0,1,0.0,-1,-1,0,0,0,1,22.5,27.6,15.374791523756334,25.59316314956008,21.203829671559117,38.118237105091836,1,0,1.302,1.303,60,0.58,142,48,0.58,210,142,48,0.0,1,1,0
66,37,61,9,1.3029121673135171,compromised,susceptible,0,1,0.0,-1,-1,0,0,0,1,22.5,27.6,15.374791523756334,25.59316314956008,21.203829671559117,38.118237105091836,1,0,1.302,1.303,60,0.58,142,48,0.58,210,142,48,0.0,1,1,0
66,38,61,9,1.3029121673135171,compromised,susceptible,0,1,0.0,-1,-1,0,0,0,1,22.5,27.6,15.374791523756334,25.59316314956008,21.203829671559117,38.118237105091836,1,0,1.302,1.303,60,0.58,142,48,0.58,210,142,48,0.0,1,1,0
66,39,61,9,1.3029121673135171,compromised,susceptible,0,1,0.0,-1,-1,0,0,0,1,22.5,27.6,15.374791523756334,25.59316314956008,21.203829671559117,38.118237105091836,1,0,1.302,1.303,60,0.58,142,48,0.58,210,142,48,0.0,1,1,0
67,0,36,6,1.302106813935167,medium,susceptible,0,1,0.0,-1,-1,0,1,0,0,28.9,21.7,21.18853355802661,34.56153931757091,27.4080283145963,47.01063709417264,1,0,1.302,1.303,60,0.58,142,48,0.58,210,142,48,0.0,1,1,0
67,1,36,6,1.302106813935167,medium,susceptible,0,1,0.0,-1,-1,0,1,0,0,28.9,21.7,21.18853355802661,34.56153931757091,27.4080283145963,47.01063709417264,1,0,1.302,1.303,60,0.58,142,48,0.58,210,142,48,0.0,1,1,0
67,2,36,6,1.302106813935167,medium,susceptible,0,1,0.0,-1,-1,0,1,0,0,28.9,21.7,21.18853355802661,34.56153931757091,27.4080283145963,47.01063709417264,1,0,1.302,1.303,60,0.58,142,48,0.58,210,142,48,0.0,1,1,0
67,3,36,6,1.302106813935167,medium,susceptible,0,1,0.0,-1,-1,0,1,0,0,28.9,21.7,21.18853355802661,34.56153931757091,27.4080283145963,47.01063709417264,1,0,1.302,1.303,60,0.58,142,48,0.58,210,142,48,0.0,1,1,0
67,4,36,6,1.302106813935167,medium,susceptible,0,1,0.0,-1,-1,0,1,0,0,28.9,21.7,21.18853355802661,34.56153931757091,27.4080283145963,47.01063709417264,1,0,1.302,1.303,60,0.58,142,48,0.58,210,142,48,0.0,1,1,0
67,5,36,6,1.302106813935167,medium,susceptible,0,1,0.0,-1,-1,0,1,0,0,28.9,21.7,21.18853355802661,34.56153931757091,27.4080283145963,47.01063709417264,1,0,1.302,1.303,60,0.58,142,48,0.58,210,142,48,0.0,1,1,0
67,6,36,6,1.302106813935167,medium,susceptible,0,1,0.0,-1,-1,0,1,0,0,28.9,21.7,21.18853355802661,34.56153931757091,27.4080283145963,47.01063709417264,1,0,1.302,1.303,60,0.58,142,48,0.58,210,142,48,0.0,1,1,0
67,7,36,6,1.302106813935167,medium,susceptible,0,1,0.0,-1,-1,0,1,0,0,28.9,21.7,21.18853355802661,34.56153931757091,27.4080283145963,47.01063709417264,1,0,1.302,1.303,60,0.58,142,48,0.58,210,142,48,0.0,1,1,0
67,8,36,6,1.302106813935167,medium,susceptible,0,1,0.0,-1,-1,0,1,0,0,28.9,21.7,21.18853355802661,34.56153931757091,27.4080283145963,47.01063709417264,1,0,1.302,1.303,60,0.58,142,48,0.58,210,142,48,0.0,1,1,0
67,9,36,6,1.302106813935167,medium,susceptible,0,1,0.0,-1,-1,0,1,0,0,28.9,21.7,21.18853355802661,34.56153931757091,27.4080283145963,47.01063709417264,1,0,1.302,1.303,60,0.58,142,48,0.58,210,142,48,0.0,1,1,0
67,10,36,6,1.302106813935167,medium,susceptible,0,1,0.0,-1,-1,0,1,0,0,28.9,21.7,21.18853355802661,34.56153931757091,27.4080283145963,47.01063709417264,1,0,1.302,1.303,60,0.58,142,48,0.58,210,142,48,0.0,1,1,0
67,11,36,6,1.302106813935167,medium,susceptible,0,1,0.0,-1,-1,0,1,0,0,28.9,21.7,21.18853355802661,34.56153931757091,27.4080283145963,47.01063709417264,1,0,1.302,1.303,60,0.58,142,48,0.58,210,142,48,0.0,1,1,0
67,12,36,6,1.302106813935167,medium,susceptible,0,1,0.0,-1,-1,0,1,0,0,28.9,21.7,21.18853355802661,34.56153931757091,27.4080283145963,47.01063709417264,1,0,1.302,1.303,60,0.58,142,48,0.58,210,142,48,0.0,1,1,0
67,13,36,6,1.302106813935167,medium,susceptible,0,1,0.0,-1,-1,0,1,0,0,28.9,21.7,21.18853355802661,34.56153931757091,27.4080283145963,47.01063709417264,1,0,1.302,1.303,60,0.58,142,48,0.58,210,142,48,0.0,1,1,0
67,14,36,6,1.302106813935167,medium,susceptible,0,1,0.0,-1,-1,0,1,0,0,28.9,21.7,21.18853355802661,34.56153931757091,27.4080283145963,47.01063709417264,1,0,1.302,1.303,60,0.58,142,48,0.58,210,142,48,0.0,1,1,0
67,15,36,6,1.302106813935167,medium,susceptible,0,1,0.0,-1,-1,0,1,0,0,28.9,21.7,21.18853355802661,34.56153931757091,27.4080283145963,47.01063709417264,1,0,1.302,1.303,60,0.58,142,48,0.58,210,142,48,0.0,1,1,0
67,16,36,6,1.302106813935167,medium,susceptible,0,1,0.0,-1,-1,0,1,0,0,28.9,21.7,21.18853355802661,34.56153931757091,27.4080283145963,47.01063709417264,1,0,1.302,1.303,60,0.58,142,48,0.58,210,142,48,0.0,1,1,0
67,17,36,6,1.302106813935167,medium,susceptible,0,1,0.0,-1,-1,0,1,0,0,28.9,21.7,21.18853355802661,34.56153931757091,27.4080283145963,47.01063709417264,1,0,1.302,1.303,60,0.58,142,48,0.58,210,142,48,0.0,1,1,0
67,18,36,6,1.302106813935167,medium,susceptible,0,1,0.0,-1,-1,0,1,0,0,28.9,21.7,21.18853355802661,34.56153931757091,27.4080283145963,47.01063709417264,1,0,1.302,1.303,60,0.58,142,48,0.58,210,142,48,0.0,1,1,0
67,19,36,6,1.302106813935167,medium,susceptible,0,1,0.0,-1,-1,0,1,0,0,28.9,21.7,21.18853355802661,34.56153931757091,27.4080283145963,47.01063709417264,1,0,1.302,1.303,60,0.58,142,48,0.58,210,142,48,0.0,1,1,0
67,20,36,6,1.302106813935167,medium,susceptible,0,1,0.0,-1,-1,0,1,0,0,28.9,21.7,21.18853355802661,34.56153931757091,27.4080283145963,47.01063709417264,1,0,1.302,1.303,60,0.58,142,48,0.58,210,142,48,0.0,1,1,0
67,21,36,6,1.302106813935167,medium,susceptible,0,1,0.0,-1,-1,0,1,0,0,28.9,21.7,21.18853355802661,34.56153931757091,27.4080283145963,47.01063709417264,1,0,1.302,1.303,60,0.58,142,48,0.58,210,142,48,0.0,1,1,0
67,22,36,6,1.302106813935167,medium,susceptible,0,1,0.0,-1,-1,0,1,0,0,28.9,21.7,21.18853355802661,34.56153931757091,27.4080283145963,47.01063709417264,1,0,1.302,1.303,60,0.58,142,48,0.58,210,142,48,0.0,1,1,0
67,23,36,6,1.302106813935167,medium,susceptible,0,1,0.0,-1,-1,0,1,0,0,28.9,21.7,21.18853355802661,34.56153931757091,27.4080283145963,47.01063709417264,1,0,1.302,1.303,60,0.58,142,48,0.58,210,142,48,0.0,1,1,0
67,24,36,6,1.302106813935167,medium,susceptible,0,1,0.0,-1,-1,0,1,0,0,28.9,21.7,21.18853355802661,34.56153931757091,27.4080283145963,47.01063709417264,1,0,1.302,1.303,60,0.58,142,48,0.58,210,142,48,0.0,1,1,0
67,25,36,6,1.302106813935167,medium,susceptible,0,1,0.0,-1,-1,0,1,0,0,28.9,21.7,21.18853355802661,34.56153931757091,27.4080283145963,47.01063709417264,1,0,1.302,1.303,60,0.58,142,48,0.58,210,142,48,0.0,1,1,0
67,26,36,6,1.302106813935167,medium,susceptible,0,1,0.0,-1,-1,0,1,0,0,28.9,21.7,21.18853355802661,34.56153931757091,27.4080283145963,47.01063709417264,1,0,1.302,1.303,60,0.58,142,48,0.58,210,142,48,0.0,1,1,0
67,27,36,6,1.302106813935167,medium,susceptible,0,1,0.0,-1,-1,0,1,0,0,28.9,21.7,21.18853355802661,34.56153931757091,27.4080283145963,47.01063709417264,1,0,1.302,1.303,60,0.58,142,48,0.58,210,142,48,0.0,1,1,0
67,28,36,6,1.302106813935167,medium,susceptible,0,1,0.0,-1,-1,0,1,0,0,28.9,21.7,21.18853355802661,34.56153931757091,27.4080283145963,47.01063709417264,1,0,1.302,1.303,60,0.58,142,48,0.58,210,142,48,0.0,1,1,0
67,29,36,6,1.302106813935167,medium,susceptible,0,1,0.0,-1,-1,0,1,0,0,28.9,21.7,21.18853355802661,34.56153931757091,27.4080283145963,47.01063709417264,1,0,1.302,1.303,60,0.58,142,48,0.58,210,142,48,0.0,1,1,0
67,30,36,6,1.302106813935167,medium,susceptible,0,1,0.0,-1,-1,0,1,0,0,28.9,21.7,21.18853355802661,34.56153931757091,27.4080283145963,47.01063709417264,1,0,1.302,1.303,60,0.58,142,48,0.58,210,142,48,0.0,1,1,0
67,31,36,6,1.302106813935167,medium,susceptible,0,1,0.0,-1,-1,0,1,0,0,28.9,21.7,21.18853355802661,34.56153931757091,27.4080283145963,47.01063709417264,1,0,1.302,1.303,60,0.58,142,48,0.58,210,142,48,0.0,1,1,0
67,32,36,6,1.302106813935167,medium,susceptible,0,1,0.0,-1,-1,0,1,0,0,28.9,21.7,21.18853355802661,34.56153931757091,27.4080283145963,47.01063709417264,1,0,1.302,1.303,60,0.58,142,48,0.58,210,142,48,0.0,1,1,0
67,33,36,6,1.302106813935167,medium,susceptible,0,1,0.0,-1,-1,0,1,0,0,28.9,21.7,21.18853355802661,34.56153931757091,27.4080283145963,47.01063709417264,1,0,1.302,1.303,60,0.58,142,48,0.58,210,142,48,0.0,1,1,0
67,34,36,6,1.302106813935167,medium,susceptible,0,1,0.0,-1,-1,0,1,0,0,28.9,21.7,21.18853355802661,34.56153931757091,27.4080283145963,47.01063709417264,1,0,1.302,1.303,60,0.58,142,48,0.58,210,142,48,0.0,1,1,0
67,35,36,6,1.302106813935167,medium,susceptible,0,1,0.0,-1,-1,0,1,0,0,28.9,21.7,21.18853355802661,34.56153931757091,27.4080283145963,47.01063709417264,1,0,1.302,1.303,60,0.58,142,48,0.58,210,142,48,0.0,1,1,0
67,36,36,6,1.302106813935167,medium,susceptible,0,1,0.0,-1,-1,0,1,0,0,28.9,21.7,21.18853355802661,34.56153931757091,27.4080283145963,47.01063709417264,1,0,1.302,1.303,60,0.58,142,48,0.58,210,142,48,0.0,1,1,0
67,37,36,6,1.302106813935167,medium,susceptible,0,1,0.0,-1,-1,0,1,0,0,28.9,21.7,21.18853355802661,34.56153931757091,27.4080283145963,47.01063709417264,1,0,1.302,1.303,60,0.58,142,48,0.58,210,142,48,0.0,1,1,0
67,38,36,6,1.302106813935167,medium,susceptible,0,1,0.0,-1,-1,0,1,0,0,28.9,21.7,21.18853355802661,34.56153931757091,27.4080283145963,47.01063709417264,1,0,1.302,1.303,60,0.58,142,48,0.58,210,142,48,0.0,1,1,0
67,39,36,6,1.302106813935167,medium,susceptible,0,1,0.0,-1,-1,0,1,0,0,28.9,21.7,21.18853355802661,34.56153931757091,27.4080283145963,47.01063709417264,1,0,1.302,1.303,60,0.58,142,48,0.58,210,142,48,0.0,1,1,0
68,0,139,4,1.302108139154881,medium,susceptible,0,1,0.0,-1,-1,0,1,0,0,20.6,35.1,17.128852891178106,27.567553391623278,28.00420706267314,48.010415536631214,1,0,1.302,1.303,60,0.58,142,48,0.58,210,142,48,0.0,1,1,0
68,1,139,4,1.302108139154881,medium,susceptible,0,1,0.0,-1,-1,0,1,0,0,20.6,35.1,17.128852891178106,27.567553391623278,28.00420706267314,48.010415536631214,1,0,1.302,1.303,60,0.58,142,48,0.58,210,142,48,0.0,1,1,0
68,2,139,4,1.302108139154881,medium,susceptible,0,1,0.0,-1,-1,0,1,0,0,20.6,35.1,17.128852891178106,27.567553391623278,28.00420706267314,48.010415536631214,1,0,1.302,1.303,60,0.58,142,48,0.58,210,142,48,0.0,1,1,0
68,3,139,4,1.302108139154881,medium,susceptible,0,1,0.0,-1,-1,0,1,0,0,20.6,35.1,17.128852891178106,27.567553391623278,28.00420706267314,48.010415536631214,1,0,1.302,1.303,60,0.58,142,48,0.58,210,142,48,0.0,1,1,0
68,4,139,4,1.302108139154881,medium,susceptible,0,1,0.0,-1,-1,0,1,0,0,20.6,35.1,17.128852891178106,27.567553391623278,28.00420706267314,48.010415536631214,1,0,1.302,1.303,60,0.58,142,48,0.58,210,142,48,0.0,1,1,0
68,5,139,4,1.302108139154881,medium,susceptible,0,1,0.0,-1,-1,0,1,0,0,20.6,35.1,17.128852891178106,27.567553391623278,28.00420706267314,48.010415536631214,1,0,1.302,1.303,60,0.58,142,48,0.58,210,142,48,0.0,1,1,0
68,6,139,4,1.302108139154881,medium,susceptible,0,1,0.0,-1,-1,0,1,0,0,20.6,35.1,17.128852891178106,27.567553391623278,28.00420706267314,48.010415536631214,1,0,1.302,1.303,60,0.58,142,48,0.58,210,142,48,0.0,1,1,0
68,7,139,4,1.302108139154881,medium,susceptible,0,1,0.0,-1,-1,0,1,0,0,20.6,35.1,17.128852891178106,27.567553391623278,28.00420706267314,48.010415536631214,1,0,1.302,1.303,60,0.58,142,48,0.58,210,142,48,0.0,1,1,0
68,8,139,4,1.302108139154881,medium,susceptible,0,1,0.0,-1,-1,0,1,0,0,20.6,35.1,17.128852891178106,27.567553391623278,28.00420706267314,48.010415536631214,1,0,1.302,1.303,60,0.58,142,48,0.58,210,142,48,0.0,1,1,0
68,9,139,4,1.302108139154881,medium,susceptible,0,1,0.0,-1,-1,0,1,0,0,20.6,35.1,17.128852891178106,27.567553391623278,28.00420706267314,48.010415536631214,1,0,1.302,1.303,60,0.58,142,48,0.58,210,142,48,0.0,1,1,0
68,10,139,4,1.302108139154881,medium,susceptible,0,1,0.0,-1,-1,0,1,0,0,20.6,35.1,17.128852891178106,27.567553391623278,28.00420706267314,48.010415536631214,1,0,1.302,1.303,60,0.58,142,48,0.58,210,142,48,0.0,1,1,0
68,11,139,4,1.302108139154881,medium,susceptible,0,1,0.0,-1,-1,0,1,0,0,20.6,35.1,17.128852891178106,27.567553391623278,28.00420706267314,48.010415536631214,1,0,1.302,1.303,60,0.58,142,48,0.58,210,142,48,0.0,1,1,0
68,12,139,4,1.302108139154881,medium,susceptible,0,1,0.0,-1,-1,0,1,0,0,20.6,35.1,17.128852891178106,27.567553391623278,28.00420706267314,48.010415536631214,1,0,1.302,1.303,60,0.58,142,48,0.58,210,142,48,0.0,1,1,0
68,13,139,4,1.302108139154881,medium,susceptible,0,1,0.0,-1,-1,0,1,0,0,20.6,35.1,17.128852891178106,27.567553391623278,28.00420706267314,48.010415536631214,1,0,1.302,1.303,60,0.58,142,48,0.58,210,142,48,0.0,1,1,0
68,14,139,4,1.302108139154881,medium,susceptible,0,1,0.0,-1,-1,0,1,0,0,20.6,35.1,17.128852891178106,27.567553391623278,28.00420706267314,48.010415536631214,1,0,1.302,1.303,60,0.58,142,48,0.58,210,142,48,0.0,1,1,0
68,15,139,4,1.302108139154881,medium,susceptible,0,1,0.0,-1,-1,0,1,0,0,20.6,35.1,17.128852891178106,27.567553391623278,28.00420706267314,48.010415536631214,1,0,1.302,1.303,60,0.58,142,48,0.58,210,142,48,0.0,1,1,0
68,16,139,4,1.302108139154881,medium,susceptible,0,1,0.0,-1,-1,0,1,0,0,20.6,35.1,17.128852891178106,27.567553391623278,28.00420706267314,48.010415536631214,1,0,1.302,1.303,60,0.58,142,48,0.58,210,142,48,0.0,1,1,0
68,17,139,4,1.302108139154881,medium,susceptible,0,1,0.0,-1,-1,0,1,0,0,20.6,35.1,17.128852891178106,27.567553391623278,28.00420706267314,48.010415536631214,1,0,1.302,1.303,60,0.58,142,48,0.58,210,142,48,0.0,1,1,0
68,18,139,4,1.302108139154881,medium,susceptible,0,1,0.0,-1,-1,0,1,0,0,20.6,35.1,17.128852891178106,27.567553391623278,28.00420706267314,48.010415536631214,1,0,1.302,1.303,60,0.58,142,48,0.58,210,142,48,0.0,1,1,0
68,19,139,4,1.302108139154881,medium,susceptible,0,1,0.0,-1,-1,0,1,0,0,20.6,35.1,17.128852891178106,27.567553391623278,28.00420706267314,48.010415536631214,1,0,1.302,1.303,60,0.58,142,48,0.58,210,142,48,0.0,1,1,0
68,20,139,4,1.302108139154881,medium,susceptible,0,1,0.0,-1,-1,0,1,0,0,20.6,35.1,17.128852891178106,27.567553391623278,28.00420706267314,48.010415536631214,1,0,1.302,1.303,60,0.58,142,48,0.58,210,142,48,0.0,1,1,0
68,21,139,4,1.302108139154881,medium,susceptible,0,1,0.0,-1,-1,0,1,0,0,20.6,35.1,17.128852891178106,27.567553391623278,28.00420706267314,48.010415536631214,1,0,1.302,1.303,60,0.58,142,48,0.58,210,142,48,0.0,1,1,0
68,22,139,4,1.302108139154881,medium,susceptible,0,1,0.0,-1,-1,0,1,0,0,20.6,35.1,17.128852891178106,27.567553391623278,28.00420706267314,48.010415536631214,1,0,1.302,1.303,60,0.58,142,48,0.58,210,142,48,0.0,1,1,0
68,23,139,4,1.302108139154881,medium,susceptible,0,1,0.0,-1,-1,0,1,0,0,20.6,35.1,17.128852891178106,27.567553391623278,28.00420706267314,48.010415536631214,1,0,1.302,1.303,60,0.58,142,48,0.58,210,142,48,0.0,1,1,0
68,24,139,4,1.302108139154881,medium,susceptible,0,1,0.0,-1,-1,0,1,0,0,20.6,35.1,17.128852891178106,27.567553391623278,28.00420706267314,48.010415536631214,1,0,1.302,1.303,60,0.58,142,48,0.58,210,142,48,0.0,1,1,0
68,25,139,4,1.302108139154881,medium,susceptible,0,1,0.0,-1,-1,0,1,0,0,20.6,35.1,17.128852891178106,27.567553391623278,28.00420706267314,48.010415536631214,1,0,1.302,1.303,60,0.58,142,48,0.58,210,142,48,0.0,1,1,0
68,26,139,4,1.302108139154881,medium,susceptible,0,1,0.0,-1,-1,0,1,0,0,20.6,35.1,17.128852891178106,27.567553391623278,28.00420706267314,48.010415536631214,1,0,1.302,1.303,60,0.58,142,48,0.58,210,142,48,0.0,1,1,0
68,27,139,4,1.302108139154881,medium,susceptible,0,1,0.0,-1,-1,0,1,0,0,20.6,35.1,17.128852891178106,27.567553391623278,28.00420706267314,48.010415536631214,1,0,1.302,1.303,60,0.58,142,48,0.58,210,142,48,0.0,1,1,0
68,28,139,4,1.302108139154881,medium,susceptible,0,1,0.0,-1,-1,0,1,0,0,20.6,35.1,17.128852891178106,27.567553391623278,28.00420706267314,48.010415536631214,1,0,1.302,1.303,60,0.58,142,48,0.58,210,142,48,0.0,1,1,0
68,29,139,4,1.302108139154881,medium,susceptible,0,1,0.0,-1,-1,0,1,0,0,20.6,35.1,17.128852891178106,27.567553391623278,28.00420706267314,48.010415536631214,1,0,1.302,1.303,60,0.58,142,48,0.58,210,142,48,0.0,1,1,0
68,30,139,4,1.302108139154881,medium,susceptible,0,1,0.0,-1,-1,0,1,0,0,20.6,35.1,17.128852891178106,27.567553391623278,28.00420706267314,48.010415536631214,1,0,1.302,1.303,60,0.58,142,48,0.58,210,142,48,0.0,1,1,0
68,31,139,4,1.302108139154881,medium,susceptible,0,1,0.0,-1,-1,0,1,0,0,20.6,35.1,17.128852891178106,27.567553391623278,28.00420706267314,48.010415536631214,1,0,1.302,1.303,60,0.58,142,48,0.58,210,142,48,0.0,1,1,0
68,32,139,4,1.302108139154881,medium,susceptible,0,1,0.0,-1,-1,0,1,0,0,20.6,35.1,17.128852891178106,27.567553391623278,28.00420706267314,48.010415536631214,1,0,1.302,1.303,60,0.58,142,48,0.58,210,142,48,0.0,1,1,0
68,33,139,4,1.302108139154881,medium,susceptible,0,1,0.0,-1,-1,0,1,0,0,20.6,35.1,17.128852891178106,27.567553391623278,28.00420706267314,48.010415536631214,1,0,1.302,1.303,60,0.58,142,48,0.58,210,142,48,0.0,1,1,0
68,34,139,4,1.302108139154881,medium,susceptible,0,1,0.0,-1,-1,0,1,0,0,20.6,35.1,17.128852891178106,27.567553391623278,28.00420706267314,48.010415536631214,1,0,1.302,1.303,60,0.58,142,48,0.58,210,142,48,0.0,1,1,0
68,35,139,4,1.302108139154881,medium,susceptible,0,1,0.0,-1,-1,0,1,0,0,20.6,35.1,17.128852891178106,27.567553391623278,28.00420706267314,48.010415536631214,1,0,1.302,1.303,60,0.58,142,48,0.58,210,142,48,0.0,1,1,0
68,36,139,4,1.302108139154881,medium,susceptible,0,1,0.0,-1,-1,0,1,0,0,20.6,35.1,17.128852891178106,27.567553391623278,28.00420706267314,48.010415536631214,1,0,1.302,1.303,60,0.58,142,48,0.58,210,142,48,0.0,1,1,0
68,37,139,4,1.302108139154881,medium,susceptible,0,1,0.0,-1,-1,0,1,0,0,20.6,35.1,17.128852891178106,27.567553391623278,28.00420706267314,48.010415536631214,1,0,1.302,1.303,60,0.58,142,48,0.58,210,142,48,0.0,1,1,0
68,38,139,4,1.302108139154881,medium,susceptible,0,1,0.0,-1,-1,0,1,0,0,20.6,35.1,17.128852891178106,27.567553391623278,28.00420706267314,48.010415536631214,1,0,1.302,1.303,60,0.58,142,48,0.58,210,142,48,0.0,1,1,0
68,39,139,4,1.302108139154881,medium,susceptible,0,1,0.0,-1,-1,0,1,0,0,20.6,35.1,17.128852891178106,27.567553391623278,28.00420706267314,48.010415536631214,1,0,1.302,1.303,60,0.58,142,48,0.58,210,142,48,0.0,1,1,0
69,0,114,2,1.3024381854363392,medium,infected,1,1,0.0,0,0,0,1,0,0,20.5,21.8,17.189924825197444,24.675696545386515,24.245667208392316,35.77708763999664,1,0,1.302,1.303,60,0.58,142,48,0.58,210,142,48,0.0,1,1,0
69,1,114,2,1.3024381854363392,medium,infected,1,1,2.46,0,1,0,1,0,0,20.5,21.8,17.189924825197444,24.675696545386515,24.245667208392316,35.77708763999664,1,0,1.302,1.303,60,0.58,142,48,0.58,210,142,48,0.0,1,1,0
69,2,114,2,1.3024381854363392,medium,infected,1,1,14.393,0,2,0,1,0,0,20.5,21.8,17.189924825197444,24.675696545386515,24.245667208392316,35.77708763999664,1,0,1.302,1.303,60,0.58,142,48,0.58,210,142,48,0.0,1,1,0
69,3,114,2,1.3024381854363392,medium,infected,1,1,28.951,0,3,0,1,0,0,20.5,21.8,17.189924825197444,24.675696545386515,24.245667208392316,35.77708763999664,1,0,1.302,1.303,60,0.58,142,48,0.58,210,142,48,0.0,1,1,0
