run_index,seed,class_label,class_mask,attack_rate_true,n_windows,first_end_day,last_end_day,p_major_first,p_major_last,p_major_mean,boundary_score_min,boundary_score_mean
12,51,0,True,0.0020000000949949026,3,4,6,0.07457860559225082,0.07457860559225082,0.07457860559225082,0.4254213869571686,0.4254213869571686
13,51,0,True,0.0020000000949949026,3,4,6,0.07457860559225082,0.07457860559225082,0.07457860559225082,0.4254213869571686,0.4254213869571686
14,51,0,True,0.0020000000949949026,3,4,6,0.07457860559225082,0.07457860559225082,0.07457860559225082,0.4254213869571686,0.4254213869571686
15,51,0,True,0.0020000000949949026,3,4,6,0.07457860559225082,0.07457860559225082,0.07457860559225082,0.4254213869571686,0.4254213869571686
16,51,0,True,0.0020000000949949026,3,4,6,0.07457860559225082,0.07457860559225082,0.07457860559225082,0.4254213869571686,0.4254213869571686
17,51,0,True,0.0020000000949949026,3,4,6,0.07457860559225082,0.07457860559225082,0.07457860559225082,0.4254213869571686,0.4254213869571686
18,51,0,True,0.0020000000949949026,3,4,6,0.07457860559225082,0.07457860559225082,0.07457860559225082,0.4254213869571686,0.4254213869571686
19,51,0,True,0.0020000000949949026,3,4,6,0.07457860559225082,0.07457860559225082,0.07457860559225082,0.4254213869571686,0.4254213869571686
20,51,0,True,0.0020000000949949026,3,4,6,0.07457860559225082,0.07457860559225082,0.07457860559225082,0.4254213869571686,0.4254213869571686
21,51,0,True,0.0020000000949949026,3,4,6,0.07457860559225082,0.07457860559225082,0.07457860559225082,0.4254213869571686,0.4254213869571686
2240,51,0,True,0.0020000000949949026,3,4,6,0.07457860559225082,0.07457860559225082,0.07457860559225082,0.4254213869571686,0.4254213869571686
2241,51,0,True,0.0020000000949949026,3,4,6,0.07457860559225082,0.07457860559225082,0.07457860559225082,0.4254213869571686,0.4254213869571686
2244,51,0,True,0.0020000000949949026,3,4,6,0.07457860559225082,0.07457860559225082,0.07457860559225082,0.4254213869571686,0.4254213869571686
2245,51,0,True,0.0020000000949949026,3,4,6,0.07457860559225082,0.07457860559225082,0.07457860559225082,0.4254213869571686,0.4254213869571686
2246,51,0,True,0.0020000000949949026,3,4,6,0.07457860559225082,0.07457860559225082,0.07457860559225082,0.4254213869571686,0.4254213869571686
2247,51,0,True,0.0020000000949949026,3,4,6,0.07457860559225082,0.07457860559225082,0.07457860559225082,0.4254213869571686,0.4254213869571686
2248,51,0,True,0.0020000000949949026,3,4,6,0.07457860559225082,0.07457860559225082,0.07457860559225082,0.4254213869571686,0.4254213869571686
2249,51,0,True,0.0020000000949949026,3,4,6,0.07457860559225082,0.07457860559225082,0.07457860559225082,0.4254213869571686,0.4254213869571686
2250,51,0,True,0.0020000000949949026,3,4,6,0.07457860559225082,0.07457860559225082,0.07457860559225082,0.4254213869571686,0.4254213869571686
2251,51,0,True,0.0020000000949949026,3,4,6,0.07457860559225082,0.07457860559225082,0.07457860559225082,0.4254213869571686,0.4254213869571686
2252,51,0,True,0.0020000000949949026,3,4,6,0.07457860559225082,0.07457860559225082,0.07457860559225082,0.4254213869571686,0.4254213869571686
2253,51,0,True,0.0020000000949949026,3,4,6,0.07457860559225082,0.07457860559225082,0.07457860559225082,0.4254213869571686,0.4254213869571686
2254,51,0,True,0.0020000000949949026,3,4,6,0.07457860559225082,0.07457860559225082,0.07457860559225082,0.4254213869571686,0.4254213869571686
2255,51,0,True,0.0020000000949949026,3,4,6,0.07457860559225082,0.07457860559225082,0.07457860559225082,0.4254213869571686,0.4254213869571686
2256,51,0,True,0.0020000000949949026,3,4,6,0.07457860559225082,0.07457860559225082,0.07457860559225082,0.4254213869571686,0.4254213869571686
2257,51,0,True,0.0020000000949949026,3,4,6,0.07457860559225082,0.07457860559225082,0.07457860559225082,0.4254213869571686,0.4254213869571686
2258,51,0,True,0.0020000000949949026,3,4,6,0.07457860559225082,0.07457860559225082,0.07457860559225082,0.4254213869571686,0.4254213869571686
2260,51,0,True,0.0020000000949949026,3,4,6,0.07457860559225082,0.07457860559225082,0.07457860559225082,0.4254213869571686,0.4254213869571686
2261,51,0,True,0.0020000000949949026,3,4,6,0.07457860559225082,0.07457860559225082,0.07457860559225082,0.4254213869571686,0.4254213869571686
2264,51,0,True,0.0020000000949949026,3,4,6,0.07457860559225082,0.07457860559225082,0.07457860559225082,0.4254213869571686,0.4254213869571686
2265,51,0,True,0.0020000000949949026,3,4,6,0.07457860559225082,0.07457860559225082,0.07457860559225082,0.4254213869571686,0.4254213869571686
2267,51,0,True,0.0020000000949949026,3,4,6,0.07457860559225082,0.07457860559225082,0.07457860559225082,0.4254213869571686,0.4254213869571686
2268,51,0,True,0.0020000000949949026,3,4,6,0.07457860559225082,0.07457860559225082,0.07457860559225082,0.4254213869571686,0.4254213869571686
2269,51,0,True,0.0020000000949949026,3,4,6,0.07457860559225082,0.07457860559225082,0.07457860559225082,0.4254213869571686,0.4254213869571686
2270,51,0,True,0.0020000000949949026,3,4,6,0.07457860559225082,0.07457860559225082,0.07457860559225082,0.4254213869571686,0.4254213869571686
2272,51,0,True,0.0020000000949949026,3,4,6,0.07457860559225082,0.07457860559225082,0.07457860559225082,0.4254213869571686,0.4254213869571686
2277,51,0,True,0.0020000000949949026,3,4,6,0.07457860559225082,0.07457860559225082,0.07457860559225082,0.4254213869571686,0.4254213869571686
2278,51,0,True,0.0020000000949949026,3,4,6,0.07457860559225082,0.07457860559225082,0.07457860559225082,0.4254213869571686,0.4254213869571686
2279,51,0,True,0.0020000000949949026,3,4,6,0.07457860559225082,0.07457860559225082,0.07457860559225082,0.4254213869571686,0.4254213869571686
34,53,0,True,0.0020000000949949026,7,4,10,0.07457860559225082,0.07457860559225082,0.07457860559225082,0.4254213869571686,0.42542141675949097
35,53,0,True,0.0020000000949949026,7,4,10,0.07457860559225082,0.07457860559225082,0.07457860559225082,0.4254213869571686,0.42542141675949097
37,53,0,True,0.0020000000949949026,7,4,10,0.07457860559225082,0.07457860559225082,0.07457860559225082,0.4254213869571686,0.42542141675949097
39,53,0,True,0.0020000000949949026,7,4,10,0.07457860559225082,0.07457860559225082,0.07457860559225082,0.4254213869571686,0.42542141675949097
40,53,0,True,0.0020000000949949026,7,4,10,0.07457860559225082,0.07457860559225082,0.07457860559225082,0.4254213869571686,0.42542141675949097
43,53,0,True,0.0020000000949949026,7,4,10,0.07457860559225082,0.07457860559225082,0.07457860559225082,0.4254213869571686,0.42542141675949097
2322,53,0,True,0.0020000000949949026,7,4,10,0.07457860559225082,0.07457860559225082,0.07457860559225082,0.4254213869571686,0.42542141675949097
2324,53,0,True,0.0020000000949949026,7,4,10,0.07457860559225082,0.07457860559225082,0.07457860559225082,0.4254213869571686,0.42542141675949097
2325,53,0,True,0.0020000000949949026,7,4,10,0.07457860559225082,0.07457860559225082,0.07457860559225082,0.4254213869571686,0.42542141675949097
2326,53,0,True,0.0020000000949949026,7,4,10,0.07457860559225082,0.07457860559225082,0.07457860559225082,0.4254213869571686,0.42542141675949097
2327,53,0,True,0.0020000000949949026,7,4,10,0.07457860559225082,0.07457860559225082,0.07457860559225082,0.4254213869571686,0.42542141675949097
2329,53,0,True,0.0020000000949949026,7,4,10,0.07457860559225082,0.07457860559225082,0.07457860559225082,0.4254213869571686,0.42542141675949097
2330,53,0,True,0.0020000000949949026,7,4,10,0.07457860559225082,0.07457860559225082,0.07457860559225082,0.4254213869571686,0.42542141675949097
2331,53,0,True,0.0020000000949949026,7,4,10,0.07457860559225082,0.07457860559225082,0.07457860559225082,0.4254213869571686,0.42542141675949097
2333,53,0,True,0.0020000000949949026,7,4,10,0.07457860559225082,0.07457860559225082,0.07457860559225082,0.4254213869571686,0.42542141675949097
2335,53,0,True,0.0020000000949949026,7,4,10,0.07457860559225082,0.07457860559225082,0.07457860559225082,0.4254213869571686,0.42542141675949097
2336,53,0,True,0.0020000000949949026,7,4,10,0.07457860559225082,0.07457860559225082,0.07457860559225082,0.4254213869571686,0.42542141675949097
2338,53,0,True,0.0020000000949949026,7,4,10,0.07457860559225082,0.07457860559225082,0.07457860559225082,0.4254213869571686,0.42542141675949097
2339,53,0,True,0.0020000000949949026,7,4,10,0.07457860559225082,0.07457860559225082,0.07457860559225082,0.4254213869571686,0.42542141675949097
2340,53,0,True,0.0020000000949949026,7,4,10,0.07457860559225082,0.07457860559225082,0.07457860559225082,0.4254213869571686,0.42542141675949097
2341,53,0,True,0.0020000000949949026,7,4,10,0.07457860559225082,0.07457860559225082,0.07457860559225082,0.4254213869571686,0.42542141675949097
2342,53,0,True,0.0020000000949949026,7,4,10,0.07457860559225082,0.07457860559225082,0.07457860559225082,0.4254213869571686,0.42542141675949097
2343,53,0,True,0.0020000000949949026,7,4,10,0.07457860559225082,0.07457860559225082,0.07457860559225082,0.4254213869571686,0.42542141675949097
2344,53,0,True,0.0020000000949949026,7,4,10,0.07457860559225082,0.07457860559225082,0.07457860559225082,0.4254213869571686,0.42542141675949097
2345,53,0,True,0.0020000000949949026,7,4,10,0.07457860559225082,0.07457860559225082,0.07457860559225082,0.4254213869571686,0.42542141675949097
2347,53,0,True,0.0020000000949949026,7,4,10,0.07457860559225082,0.07457860559225082,0.07457860559225082,0.4254213869571686,0.42542141675949097
2348,53,0,True,0.0020000000949949026,7,4,10,0.07457860559225082,0.07457860559225082,0.07457860559225082,0.4254213869571686,0.42542141675949097
2350,53,0,True,0.0020000000949949026,7,4,10,0.07457860559225082,0.07457860559225082,0.07457860559225082,0.4254213869571686,0.42542141675949097
2351,53,0,True,0.0020000000949949026,7,4,10,0.07457860559225082,0.07457860559225082,0.07457860559225082,0.4254213869571686,0.42542141675949097
2353,53,0,True,0.0020000000949949026,7,4,10,0.07457860559225082,0.07457860559225082,0.07457860559225082,0.4254213869571686,0.42542141675949097
2354,53,0,True,0.0020000000949949026,7,4,10,0.07457860559225082,0.07457860559225082,0.07457860559225082,0.4254213869571686,0.42542141675949097
2355,53,0,True,0.0020000000949949026,7,4,10,0.07457860559225082,0.07457860559225082,0.07457860559225082,0.4254213869571686,0.42542141675949097
2356,53,0,True,0.0020000000949949026,7,4,10,0.07457860559225082,0.07457860559225082,0.07457860559225082,0.4254213869571686,0.42542141675949097
2358,53,0,True,0.0020000000949949026,7,4,10,0.07457860559225082,0.07457860559225082,0.07457860559225082,0.4254213869571686,0.42542141675949097
45,54,0,True,0.0020000000949949026,3,4,6,0.07457860559225082,0.07457860559225082,0.07457860559225082,0.4254213869571686,0.4254213869571686
49,54,0,True,0.0020000000949949026,3,4,6,0.07457860559225082,0.07457860559225082,0.07457860559225082,0.4254213869571686,0.4254213869571686
50,54,0,True,0.0020000000949949026,3,4,6,0.07457860559225082,0.07457860559225082,0.07457860559225082,0.4254213869571686,0.4254213869571686
51,54,0,True,0.0020000000949949026,3,4,6,0.07457860559225082,0.07457860559225082,0.07457860559225082,0.4254213869571686,0.4254213869571686
54,54,0,True,0.0020000000949949026,3,4,6,0.07457860559225082,0.07457860559225082,0.07457860559225082,0.4254213869571686,0.4254213869571686
2360,54,0,True,0.0020000000949949026,3,4,6,0.07457860559225082,0.07457860559225082,0.07457860559225082,0.4254213869571686,0.4254213869571686
2361,54,0,True,0.0020000000949949026,3,4,6,0.07457860559225082,0.07457860559225082,0.07457860559225082,0.4254213869571686,0.4254213869571686
2362,54,0,True,0.0020000000949949026,3,4,6,0.07457860559225082,0.07457860559225082,0.07457860559225082,0.4254213869571686,0.4254213869571686
2364,54,0,True,0.0020000000949949026,3,4,6,0.07457860559225082,0.07457860559225082,0.07457860559225082,0.4254213869571686,0.4254213869571686
2367,54,0,True,0.0020000000949949026,3,4,6,0.07457860559225082,0.07457860559225082,0.07457860559225082,0.4254213869571686,0.4254213869571686
2369,54,0,True,0.0020000000949949026,3,4,6,0.07457860559225082,0.07457860559225082,0.07457860559225082,0.4254213869571686,0.4254213869571686
2370,54,0,True,0.0020000000949949026,3,4,6,0.07457860559225082,0.07457860559225082,0.07457860559225082,0.4254213869571686,0.4254213869571686
2371,54,0,True,0.0020000000949949026,3,4,6,0.07457860559225082,0.07457860559225082,0.07457860559225082,0.4254213869571686,0.4254213869571686
2373,54,0,True,0.0020000000949949026,3,4,6,0.07457860559225082,0.07457860559225082,0.07457860559225082,0.4254213869571686,0.4254213869571686
2374,54,0,True,0.0020000000949949026,3,4,6,0.07457860559225082,0.07457860559225082,0.07457860559225082,0.4254213869571686,0.4254213869571686
2375,54,0,True,0.0020000000949949026,3,4,6,0.07457860559225082,0.07457860559225082,0.07457860559225082,0.4254213869571686,0.4254213869571686
2376,54,0,True,0.0020000000949949026,3,4,6,0.07457860559225082,0.07457860559225082,0.07457860559225082,0.4254213869571686,0.4254213869571686
2377,54,0,True,0.0020000000949949026,3,4,6,0.07457860559225082,0.07457860559225082,0.07457860559225082,0.4254213869571686,0.4254213869571686
2380,54,0,True,0.0020000000949949026,3,4,6,0.07457860559225082,0.07457860559225082,0.07457860559225082,0.4254213869571686,0.4254213869571686
2381,54,0,True,0.0020000000949949026,3,4,6,0.07457860559225082,0.07457860559225082,0.07457860559225082,0.4254213869571686,0.4254213869571686
2383,54,0,True,0.0020000000949949026,3,4,6,0.07457860559225082,0.07457860559225082,0.07457860559225082,0.4254213869571686,0.4254213869571686
2384,54,0,True,0.0020000000949949026,3,4,6,0.07457860559225082,0.07457860559225082,0.07457860559225082,0.4254213869571686,0.4254213869571686
2385,54,0,True,0.0020000000949949026,3,4,6,0.07457860559225082,0.07457860559225082,0.07457860559225082,0.4254213869571686,0.4254213869571686
2386,54,0,True,0.0020000000949949026,3,4,6,0.07457860559225082,0.07457860559225082,0.07457860559225082,0.4254213869571686,0.4254213869571686
2387,54,0,True,0.0020000000949949026,3,4,6,0.07457860559225082,0.07457860559225082,0.07457860559225082,0.4254213869571686,0.4254213869571686
2388,54,0,True,0.0020000000949949026,3,4,6,0.07457860559225082,0.07457860559225082,0.07457860559225082,0.4254213869571686,0.4254213869571686
2389,54,0,True,0.0020000000949949026,3,4,6,0.07457860559225082,0.07457860559225082,0.07457860559225082,0.4254213869571686,0.4254213869571686
2390,54,0,True,0.0020000000949949026,3,4,6,0.07457860559225082,0.07457860559225082,0.07457860559225082,0.4254213869571686,0.4254213869571686
2392,54,0,True,0.0020000000949949026,3,4,6,0.07457860559225082,0.07457860559225082,0.07457860559225082,0.4254213869571686,0.4254213869571686
2393,54,0,True,0.0020000000949949026,3,4,6,0.07457860559225082,0.07457860559225082,0.07457860559225082,0.4254213869571686,0.4254213869571686
2394,54,0,True,0.0020000000949949026,3,4,6,0.07457860559225082,0.07457860559225082,0.07457860559225082,0.4254213869571686,0.4254213869571686
2395,54,0,True,0.0020000000949949026,3,4,6,0.07457860559225082,0.07457860559225082,0.07457860559225082,0.4254213869571686,0.4254213869571686
2396,54,0,True,0.0020000000949949026,3,4,6,0.07457860559225082,0.07457860559225082,0.07457860559225082,0.4254213869571686,0.4254213869571686
2397,54,0,True,0.0020000000949949026,3,4,6,0.07457860559225082,0.07457860559225082,0.07457860559225082,0.4254213869571686,0.4254213869571686
2398,54,0,True,0.0020000000949949026,3,4,6,0.07457860559225082,0.07457860559225082,0.07457860559225082,0.4254213869571686,0.4254213869571686
2399,54,0,True,0.0020000000949949026,3,4,6,0.07457860559225082,0.07457860559225082,0.07457860559225082,0.4254213869571686,0.4254213869571686
55,55,0,True,0.0020000000949949026,3,4,6,0.07457860559225082,0.07457860559225082,0.07457860559225082,0.4254213869571686,0.4254213869571686
56,55,0,True,0.0020000000949949026,3,4,6,0.07457860559225082,0.07457860559225082,0.07457860559225082,0.4254213869571686,0.4254213869571686
58,55,0,True,0.0020000000949949026,3,4,6,0.07457860559225082,0.07457860559225082,0.07457860559225082,0.4254213869571686,0.4254213869571686
59,55,0,True,0.0020000000949949026,3,4,6,0.07457860559225082,0.07457860559225082,0.07457860559225082,0.4254213869571686,0.4254213869571686
61,55,0,True,0.0020000000949949026,3,4,6,0.07457860559225082,0.07457860559225082,0.07457860559225082,0.4254213869571686,0.4254213869571686
63,55,0,True,0.0020000000949949026,3,4,6,0.07457860559225082,0.07457860559225082,0.07457860559225082,0.4254213869571686,0.4254213869571686
64,55,0,True,0.0020000000949949026,3,4,6,0.07457860559225082,0.07457860559225082,0.07457860559225082,0.4254213869571686,0.4254213869571686
65,55,0,True,0.0020000000949949026,3,4,6,0.07457860559225082,0.07457860559225082,0.07457860559225082,0.4254213869571686,0.4254213869571686
2400,55,0,True,0.0020000000949949026,3,4,6,0.07457860559225082,0.07457860559225082,0.07457860559225082,0.4254213869571686,0.4254213869571686
2402,55,0,True,0.0020000000949949026,3,4,6,0.07457860559225082,0.07457860559225082,0.07457860559225082,0.4254213869571686,0.4254213869571686
2403,55,0,True,0.0020000000949949026,3,4,6,0.07457860559225082,0.07457860559225082,0.07457860559225082,0.4254213869571686,0.4254213869571686
2404,55,0,True,0.0020000000949949026,3,4,6,0.07457860559225082,0.07457860559225082,0.07457860559225082,0.4254213869571686,0.4254213869571686
2406,55,0,True,0.0020000000949949026,3,4,6,0.07457860559225082,0.07457860559225082,0.07457860559225082,0.4254213869571686,0.4254213869571686
2408,55,0,True,0.0020000000949949026,3,4,6,0.07457860559225082,0.07457860559225082,0.07457860559225082,0.4254213869571686,0.4254213869571686
2410,55,0,True,0.0020000000949949026,3,4,6,0.07457860559225082,0.07457860559225082,0.07457860559225082,0.4254213869571686,0.4254213869571686
2411,55,0,True,0.0020000000949949026,3,4,6,0.07457860559225082,0.07457860559225082,0.07457860559225082,0.4254213869571686,0.4254213869571686
2412,55,0,True,0.0020000000949949026,3,4,6,0.07457860559225082,0.07457860559225082,0.07457860559225082,0.4254213869571686,0.4254213869571686
2413,55,0,True,0.0020000000949949026,3,4,6,0.07457860559225082,0.07457860559225082,0.07457860559225082,0.4254213869571686,0.4254213869571686
2415,55,0,True,0.0020000000949949026,3,4,6,0.07457860559225082,0.07457860559225082,0.07457860559225082,0.4254213869571686,0.4254213869571686
2416,55,0,True,0.0020000000949949026,3,4,6,0.07457860559225082,0.07457860559225082,0.07457860559225082,0.4254213869571686,0.4254213869571686
2419,55,0,True,0.0020000000949949026,3,4,6,0.07457860559225082,0.07457860559225082,0.07457860559225082,0.4254213869571686,0.4254213869571686
2420,55,0,True,0.0020000000949949026,3,4,6,0.07457860559225082,0.07457860559225082,0.07457860559225082,0.4254213869571686,0.4254213869571686
2421,55,0,True,0.0020000000949949026,3,4,6,0.07457860559225082,0.07457860559225082,0.07457860559225082,0.4254213869571686,0.4254213869571686
2422,55,0,True,0.0020000000949949026,3,4,6,0.07457860559225082,0.07457860559225082,0.07457860559225082,0.4254213869571686,0.4254213869571686
2423,55,0,True,0.0020000000949949026,3,4,6,0.07457860559225082,0.07457860559225082,0.07457860559225082,0.4254213869571686,0.4254213869571686
2424,55,0,True,0.0020000000949949026,3,4,6,0.07457860559225082,0.07457860559225082,0.07457860559225082,0.4254213869571686,0.4254213869571686
2425,55,0,True,0.0020000000949949026,3,4,6,0.07457860559225082,0.07457860559225082,0.07457860559225082,0.4254213869571686,0.4254213869571686
2427,55,0,True,0.0020000000949949026,3,4,6,0.07457860559225082,0.07457860559225082,0.07457860559225082,0.4254213869571686,0.4254213869571686
2428,55,0,True,0.0020000000949949026,3,4,6,0.07457860559225082,0.07457860559225082,0.07457860559225082,0.4254213869571686,0.4254213869571686
2429,55,0,True,0.0020000000949949026,3,4,6,0.07457860559225082,0.07457860559225082,0.07457860559225082,0.4254213869571686,0.4254213869571686
2430,55,0,True,0.0020000000949949026,3,4,6,0.07457860559225082,0.07457860559225082,0.07457860559225082,0.4254213869571686,0.4254213869571686
2431,55,0,True,0.0020000000949949026,3,4,6,0.07457860559225082,0.07457860559225082,0.07457860559225082,0.4254213869571686,0.4254213869571686
2434,55,0,True,0.0020000000949949026,3,4,6,0.07457860559225082,0.07457860559225082,0.07457860559225082,0.4254213869571686,0.4254213869571686
2436,55,0,True,0.0020000000949949026,3,4,6,0.07457860559225082,0.07457860559225082,0.07457860559225082,0.4254213869571686,0.4254213869571686
2437,55,0,True,0.0020000000949949026,3,4,6,0.07457860559225082,0.07457860559225082,0.07457860559225082,0.4254213869571686,0.4254213869571686
2438,55,0,True,0.0020000000949949026,3,4,6,0.07457860559225082,0.07457860559225082,0.07457860559225082,0.4254213869571686,0.4254213869571686
2439,55,0,True,0.0020000000949949026,3,4,6,0.07457860559225082,0.07457860559225082,0.07457860559225082,0.4254213869571686,0.4254213869571686
88,58,0,True,0.0020000000949949026,3,4,6,0.07457860559225082,0.07457860559225082,0.07457860559225082,0.4254213869571686,0.4254213869571686
90,58,0,True,0.0020000000949949026,3,4,6,0.07457860559225082,0.07457860559225082,0.07457860559225082,0.4254213869571686,0.4254213869571686
91,58,0,True,0.0020000000949949026,3,4,6,0.07457860559225082,0.07457860559225082,0.07457860559225082,0.4254213869571686,0.4254213869571686
94,58,0,True,0.0020000000949949026,3,4,6,0.07457860559225082,0.07457860559225082,0.07457860559225082,0.4254213869571686,0.4254213869571686
95,58,0,True,0.0020000000949949026,3,4,6,0.07457860559225082,0.07457860559225082,0.07457860559225082,0.4254213869571686,0.4254213869571686
96,58,0,True,0.0020000000949949026,3,4,6,0.07457860559225082,0.07457860559225082,0.07457860559225082,0.4254213869571686,0.4254213869571686
97,58,0,True,0.0020000000949949026,3,4,6,0.07457860559225082,0.07457860559225082,0.07457860559225082,0.4254213869571686,0.4254213869571686
98,58,0,True,0.0020000000949949026,3,4,6,0.07457860559225082,0.07457860559225082,0.07457860559225082,0.4254213869571686,0.4254213869571686
2520,58,0,True,0.0020000000949949026,3,4,6,0.07457860559225082,0.07457860559225082,0.07457860559225082,0.4254213869571686,0.4254213869571686
2521,58,0,True,0.0020000000949949026,3,4,6,0.07457860559225082,0.07457860559225082,0.07457860559225082,0.4254213869571686,0.4254213869571686
2523,58,0,True,0.0020000000949949026,3,4,6,0.07457860559225082,0.07457860559225082,0.07457860559225082,0.4254213869571686,0.4254213869571686
2524,58,0,True,0.0020000000949949026,3,4,6,0.07457860559225082,0.07457860559225082,0.07457860559225082,0.4254213869571686,0.4254213869571686
2525,58,0,True,0.0020000000949949026,3,4,6,0.07457860559225082,0.07457860559225082,0.07457860559225082,0.4254213869571686,0.4254213869571686
2527,58,0,True,0.0020000000949949026,3,4,6,0.07457860559225082,0.07457860559225082,0.07457860559225082,0.4254213869571686,0.4254213869571686
2529,58,0,True,0.0020000000949949026,3,4,6,0.07457860559225082,0.07457860559225082,0.07457860559225082,0.4254213869571686,0.4254213869571686
2530,58,0,True,0.0020000000949949026,3,4,6,0.07457860559225082,0.07457860559225082,0.07457860559225082,0.4254213869571686,0.4254213869571686
2533,58,0,True,0.0020000000949949026,3,4,6,0.07457860559225082,0.07457860559225082,0.07457860559225082,0.4254213869571686,0.4254213869571686
2534,58,0,True,0.0020000000949949026,3,4,6,0.07457860559225082,0.07457860559225082,0.07457860559225082,0.4254213869571686,0.4254213869571686
2535,58,0,True,0.0020000000949949026,3,4,6,0.07457860559225082,0.07457860559225082,0.07457860559225082,0.4254213869571686,0.4254213869571686
2536,58,0,True,0.0020000000949949026,3,4,6,0.07457860559225082,0.07457860559225082,0.07457860559225082,0.4254213869571686,0.4254213869571686
2537,58,0,True,0.0020000000949949026,3,4,6,0.07457860559225082,0.07457860559225082,0.07457860559225082,0.4254213869571686,0.4254213869571686
2538,58,0,True,0.0020000000949949026,3,4,6,0.07457860559225082,0.07457860559225082,0.07457860559225082,0.4254213869571686,0.4254213869571686
2539,58,0,True,0.0020000000949949026,3,4,6,0.07457860559225082,0.07457860559225082,0.07457860559225082,0.4254213869571686,0.4254213869571686
2540,58,0,True,0.0020000000949949026,3,4,6,0.07457860559225082,0.07457860559225082,0.07457860559225082,0.4254213869571686,0.4254213869571686
2541,58,0,True,0.0020000000949949026,3,4,6,0.07457860559225082,0.07457860559225082,0.07457860559225082,0.4254213869571686,0.4254213869571686
2542,58,0,True,0.0020000000949949026,3,4,6,0.07457860559225082,0.07457860559225082,0.07457860559225082,0.4254213869571686,0.4254213869571686
2543,58,0,True,0.0020000000949949026,3,4,6,0.07457860559225082,0.07457860559225082,0.07457860559225082,0.4254213869571686,0.4254213869571686
2546,58,0,True,0.0020000000949949026,3,4,6,0.07457860559225082,0.07457860559225082,0.07457860559225082,0.4254213869571686,0.4254213869571686
2548,58,0,True,0.0020000000949949026,3,4,6,0.07457860559225082,0.07457860559225082,0.07457860559225082,0.4254213869571686,0.4254213869571686
2549,58,0,True,0.0020000000949949026,3,4,6,0.07457860559225082,0.07457860559225082,0.07457860559225082,0.4254213869571686,0.4254213869571686
2551,58,0,True,0.0020000000949949026,3,4,6,0.07457860559225082,0.07457860559225082,0.07457860559225082,0.4254213869571686,0.4254213869571686
2553,58,0,True,0.0020000000949949026,3,4,6,0.07457860559225082,0.07457860559225082,0.07457860559225082,0.4254213869571686,0.4254213869571686
2556,58,0,True,0.0020000000949949026,3,4,6,0.07457860559225082,0.07457860559225082,0.07457860559225082,0.4254213869571686,0.4254213869571686
2557,58,0,True,0.0020000000949949026,3,4,6,0.07457860559225082,0.07457860559225082,0.07457860559225082,0.4254213869571686,0.4254213869571686
99,59,0,True,0.0020000000949949026,3,4,6,0.07457860559225082,0.07457860559225082,0.07457860559225082,0.4254213869571686,0.4254213869571686
100,59,0,True,0.0020000000949949026,3,4,6,0.07457860559225082,0.07457860559225082,0.07457860559225082,0.4254213869571686,0.4254213869571686
106,59,0,True,0.0020000000949949026,3,4,6,0.07457860559225082,0.07457860559225082,0.07457860559225082,0.4254213869571686,0.4254213869571686
107,59,0,True,0.0020000000949949026,3,4,6,0.07457860559225082,0.07457860559225082,0.07457860559225082,0.4254213869571686,0.4254213869571686
108,59,0,True,0.0020000000949949026,3,4,6,0.07457860559225082,0.07457860559225082,0.07457860559225082,0.4254213869571686,0.4254213869571686
109,59,0,True,0.0020000000949949026,3,4,6,0.07457860559225082,0.07457860559225082,0.07457860559225082,0.4254213869571686,0.4254213869571686
2560,59,0,True,0.0020000000949949026,3,4,6,0.07457860559225082,0.07457860559225082,0.07457860559225082,0.4254213869571686,0.4254213869571686
2561,59,0,True,0.0020000000949949026,3,4,6,0.07457860559225082,0.07457860559225082,0.07457860559225082,0.4254213869571686,0.4254213869571686
2562,59,0,True,0.0020000000949949026,3,4,6,0.07457860559225082,0.07457860559225082,0.07457860559225082,0.4254213869571686,0.4254213869571686
2564,59,0,True,0.0020000000949949026,3,4,6,0.07457860559225082,0.07457860559225082,0.07457860559225082,0.4254213869571686,0.4254213869571686
2565,59,0,True,0.0020000000949949026,3,4,6,0.07457860559225082,0.07457860559225082,0.07457860559225082,0.4254213869571686,0.4254213869571686
2567,59,0,True,0.0020000000949949026,3,4,6,0.07457860559225082,0.07457860559225082,0.07457860559225082,0.4254213869571686,0.4254213869571686
2568,59,0,True,0.0020000000949949026,3,4,6,0.07457860559225082,0.07457860559225082,0.07457860559225082,0.4254213869571686,0.4254213869571686
2569,59,0,True,0.0020000000949949026,3,4,6,0.07457860559225082,0.07457860559225082,0.07457860559225082,0.4254213869571686,0.4254213869571686
2570,59,0,True,0.0020000000949949026,3,4,6,0.07457860559225082,0.07457860559225082,0.07457860559225082,0.4254213869571686,0.4254213869571686
2571,59,0,True,0.0020000000949949026,3,4,6,0.07457860559225082,0.07457860559225082,0.07457860559225082,0.4254213869571686,0.4254213869571686
2572,59,0,True,0.0020000000949949026,3,4,6,0.07457860559225082,0.07457860559225082,0.07457860559225082,0.4254213869571686,0.4254213869571686
2573,59,0,True,0.0020000000949949026,3,4,6,0.07457860559225082,0.07457860559225082,0.07457860559225082,0.4254213869571686,0.4254213869571686
2574,59,0,True,0.0020000000949949026,3,4,6,0.07457860559225082,0.07457860559225082,0.07457860559225082,0.4254213869571686,0.4254213869571686
2575,59,0,True,0.0020000000949949026,3,4,6,0.07457860559225082,0.07457860559225082,0.07457860559225082,0.4254213869571686,0.4254213869571686
2576,59,0,True,0.0020000000949949026,3,4,6,0.07457860559225082,0.07457860559225082,0.07457860559225082,0.4254213869571686,0.4254213869571686
2577,59,0,True,0.0020000000949949026,3,4,6,0.07457860559225082,0.07457860559225082,0.07457860559225082,0.4254213869571686,0.4254213869571686
2579,59,0,True,0.0020000000949949026,3,4,6,0.07457860559225082,0.07457860559225082,0.07457860559225082,0.4254213869571686,0.4254213869571686
2583,59,0,True,0.0020000000949949026,3,4,6,0.07457860559225082,0.07457860559225082,0.07457860559225082,0.4254213869571686,0.4254213869571686
2585,59,0,True,0.0020000000949949026,3,4,6,0.07457860559225082,0.07457860559225082,0.07457860559225082,0.4254213869571686,0.4254213869571686
2586,59,0,True,0.0020000000949949026,3,4,6,0.07457860559225082,0.07457860559225082,0.07457860559225082,0.4254213869571686,0.4254213869571686
2587,59,0,True,0.0020000000949949026,3,4,6,0.07457860559225082,0.07457860559225082,0.07457860559225082,0.4254213869571686,0.4254213869571686
2588,59,0,True,0.0020000000949949026,3,4,6,0.07457860559225082,0.07457860559225082,0.07457860559225082,0.4254213869571686,0.4254213869571686
2589,59,0,True,0.0020000000949949026,3,4,6,0.07457860559225082,0.07457860559225082,0.07457860559225082,0.4254213869571686,0.4254213869571686
2591,59,0,True,0.0020000000949949026,3,4,6,0.07457860559225082,0.07457860559225082,0.07457860559225082,0.4254213869571686,0.4254213869571686
2592,59,0,True,0.0020000000949949026,3,4,6,0.07457860559225082,0.07457860559225082,0.07457860559225082,0.4254213869571686,0.4254213869571686
2593,59,0,True,0.0020000000949949026,3,4,6,0.07457860559225082,0.07457860559225082,0.07457860559225082,0.4254213869571686,0.4254213869571686
2595,59,0,True,0.0020000000949949026,3,4,6,0.07457860559225082,0.07457860559225082,0.07457860559225082,0.4254213869571686,0.4254213869571686
2596,59,0,True,0.0020000000949949026,3,4,6,0.07457860559225082,0.07457860559225082,0.07457860559225082,0.4254213869571686,0.4254213869571686
2597,59,0,True,0.0020000000949949026,3,4,6,0.07457860559225082,0.07457860559225082,0.07457860559225082,0.4254213869571686,0.4254213869571686
2598,59,0,True,0.0020000000949949026,3,4,6,0.07457860559225082,0.07457860559225082,0.07457860559225082,0.4254213869571686,0.4254213869571686
2599,59,0,True,0.0020000000949949026,3,4,6,0.07457860559225082,0.07457860559225082,0.07457860559225082,0.4254213869571686,0.4254213869571686
121,61,0,True,0.0020000000949949026,3,4,6,0.07457860559225082,0.07457860559225082,0.07457860559225082,0.4254213869571686,0.4254213869571686
122,61,0,True,0.0020000000949949026,3,4,6,0.07457860559225082,0.07457860559225082,0.07457860559225082,0.4254213869571686,0.4254213869571686
123,61,0,True,0.0020000000949949026,3,4,6,0.07457860559225082,0.07457860559225082,0.07457860559225082,0.4254213869571686,0.4254213869571686
125,61,0,True,0.0020000000949949026,3,4,6,0.07457860559225082,0.07457860559225082,0.07457860559225082,0.4254213869571686,0.4254213869571686
126,61,0,True,0.0020000000949949026,3,4,6,0.07457860559225082,0.07457860559225082,0.07457860559225082,0.4254213869571686,0.4254213869571686
127,61,0,True,0.0020000000949949026,3,4,6,0.07457860559225082,0.07457860559225082,0.07457860559225082,0.4254213869571686,0.4254213869571686
128,61,0,True,0.0020000000949949026,3,4,6,0.07457860559225082,0.07457860559225082,0.07457860559225082,0.4254213869571686,0.4254213869571686
129,61,0,True,0.0020000000949949026,3,4,6,0.07457860559225082,0.07457860559225082,0.07457860559225082,0.4254213869571686,0.4254213869571686
130,61,0,True,0.0020000000949949026,3,4,6,0.07457860559225082,0.07457860559225082,0.07457860559225082,0.4254213869571686,0.4254213869571686
131,61,0,True,0.0020000000949949026,3,4,6,0.07457860559225082,0.07457860559225082,0.07457860559225082,0.4254213869571686,0.4254213869571686
2641,61,0,True,0.0020000000949949026,3,4,6,0.07457860559225082,0.07457860559225082,0.07457860559225082,0.4254213869571686,0.4254213869571686
2642,61,0,True,0.0020000000949949026,3,4,6,0.07457860559225082,0.07457860559225082,0.07457860559225082,0.4254213869571686,0.4254213869571686
2643,61,0,True,0.0020000000949949026,3,4,6,0.07457860559225082,0.07457860559225082,0.07457860559225082,0.4254213869571686,0.4254213869571686
2646,61,0,True,0.0020000000949949026,3,4,6,0.07457860559225082,0.07457860559225082,0.07457860559225082,0.4254213869571686,0.4254213869571686
2647,61,0,True,0.0020000000949949026,3,4,6,0.07457860559225082,0.07457860559225082,0.07457860559225082,0.4254213869571686,0.4254213869571686
2648,61,0,True,0.0020000000949949026,3,4,6,0.07457860559225082,0.07457860559225082,0.07457860559225082,0.4254213869571686,0.4254213869571686
2650,61,0,True,0.0020000000949949026,3,4,6,0.07457860559225082,0.07457860559225082,0.07457860559225082,0.4254213869571686,0.4254213869571686
2652,61,0,True,0.0020000000949949026,3,4,6,0.07457860559225082,0.07457860559225082,0.07457860559225082,0.4254213869571686,0.4254213869571686
2653,61,0,True,0.0020000000949949026,3,4,6,0.07457860559225082,0.07457860559225082,0.07457860559225082,0.4254213869571686,0.4254213869571686
2654,61,0,True,0.0020000000949949026,3,4,6,0.07457860559225082,0.07457860559225082,0.07457860559225082,0.4254213869571686,0.4254213869571686
2655,61,0,True,0.0020000000949949026,3,4,6,0.07457860559225082,0.07457860559225082,0.07457860559225082,0.4254213869571686,0.4254213869571686
2656,61,0,True,0.0020000000949949026,3,4,6,0.07457860559225082,0.07457860559225082,0.07457860559225082,0.4254213869571686,0.4254213869571686
2657,61,0,True,0.0020000000949949026,3,4,6,0.07457860559225082,0.07457860559225082,0.07457860559225082,0.4254213869571686,0.4254213869571686
2658,61,0,True,0.0020000000949949026,3,4,6,0.07457860559225082,0.07457860559225082,0.07457860559225082,0.4254213869571686,0.4254213869571686
2659,61,0,True,0.0020000000949949026,3,4,6,0.07457860559225082,0.07457860559225082,0.07457860559225082,0.4254213869571686,0.4254213869571686
2660,61,0,True,0.0020000000949949026,3,4,6,0.07457860559225082,0.07457860559225082,0.07457860559225082,0.4254213869571686,0.4254213869571686
2661,61,0,True,0.0020000000949949026,3,4,6,0.07457860559225082,0.07457860559225082,0.07457860559225082,0.4254213869571686,0.4254213869571686
2666,61,0,True,0.0020000000949949026,3,4,6,0.07457860559225082,0.07457860559225082,0.07457860559225082,0.4254213869571686,0.4254213869571686
2667,61,0,True,0.0020000000949949026,3,4,6,0.07457860559225082,0.07457860559225082,0.07457860559225082,0.4254213869571686,0.4254213869571686
2668,61,0,True,0.0020000000949949026,3,4,6,0.07457860559225082,0.07457860559225082,0.07457860559225082,0.4254213869571686,0.4254213869571686
2671,61,0,True,0.0020000000949949026,3,4,6,0.07457860559225082,0.07457860559225082,0.07457860559225082,0.4254213869571686,0.4254213869571686
2672,61,0,True,0.0020000000949949026,3,4,6,0.07457860559225082,0.07457860559225082,0.07457860559225082,0.4254213869571686,0.4254213869571686
2673,61,0,True,0.0020000000949949026,3,4,6,0.07457860559225082,0.07457860559225082,0.07457860559225082,0.4254213869571686,0.4254213869571686
2675,61,0,True,0.0020000000949949026,3,4,6,0.07457860559225082,0.07457860559225082,0.07457860559225082,0.4254213869571686,0.4254213869571686
2676,61,0,True,0.0020000000949949026,3,4,6,0.07457860559225082,0.07457860559225082,0.07457860559225082,0.4254213869571686,0.4254213869571686
2678,61,0,True,0.0020000000949949026,3,4,6,0.07457860559225082,0.07457860559225082,0.07457860559225082,0.4254213869571686,0.4254213869571686
2679,61,0,True,0.0020000000949949026,3,4,6,0.07457860559225082,0.07457860559225082,0.07457860559225082,0.4254213869571686,0.4254213869571686
145,63,0,True,0.0020000000949949026,3,4,6,0.07457860559225082,0.07457860559225082,0.07457860559225082,0.4254213869571686,0.4254213869571686
146,63,0,True,0.0020000000949949026,3,4,6,0.07457860559225082,0.07457860559225082,0.07457860559225082,0.4254213869571686,0.4254213869571686
147,63,0,True,0.0020000000949949026,3,4,6,0.07457860559225082,0.07457860559225082,0.07457860559225082,0.4254213869571686,0.4254213869571686
149,63,0,True,0.0020000000949949026,3,4,6,0.07457860559225082,0.07457860559225082,0.07457860559225082,0.4254213869571686,0.4254213869571686
150,63,0,True,0.0020000000949949026,3,4,6,0.07457860559225082,0.07457860559225082,0.07457860559225082,0.4254213869571686,0.4254213869571686
152,63,0,True,0.0020000000949949026,3,4,6,0.07457860559225082,0.07457860559225082,0.07457860559225082,0.4254213869571686,0.4254213869571686
2720,63,0,True,0.0020000000949949026,3,4,6,0.07457860559225082,0.07457860559225082,0.07457860559225082,0.4254213869571686,0.4254213869571686
2721,63,0,True,0.0020000000949949026,3,4,6,0.07457860559225082,0.07457860559225082,0.07457860559225082,0.4254213869571686,0.4254213869571686
2722,63,0,True,0.0020000000949949026,3,4,6,0.07457860559225082,0.07457860559225082,0.07457860559225082,0.4254213869571686,0.4254213869571686
2723,63,0,True,0.0020000000949949026,3,4,6,0.07457860559225082,0.07457860559225082,0.07457860559225082,0.4254213869571686,0.4254213869571686
2725,63,0,True,0.0020000000949949026,3,4,6,0.07457860559225082,0.07457860559225082,0.07457860559225082,0.4254213869571686,0.4254213869571686
2726,63,0,True,0.0020000000949949026,3,4,6,0.07457860559225082,0.07457860559225082,0.07457860559225082,0.4254213869571686,0.4254213869571686
2728,63,0,True,0.0020000000949949026,3,4,6,0.07457860559225082,0.07457860559225082,0.07457860559225082,0.4254213869571686,0.4254213869571686
2729,63,0,True,0.0020000000949949026,3,4,6,0.07457860559225082,0.07457860559225082,0.07457860559225082,0.4254213869571686,0.4254213869571686
2730,63,0,True,0.0020000000949949026,3,4,6,0.07457860559225082,0.07457860559225082,0.07457860559225082,0.4254213869571686,0.4254213869571686
2732,63,0,True,0.0020000000949949026,3,4,6,0.07457860559225082,0.07457860559225082,0.07457860559225082,0.4254213869571686,0.4254213869571686
2733,63,0,True,0.0020000000949949026,3,4,6,0.07457860559225082,0.07457860559225082,0.07457860559225082,0.4254213869571686,0.4254213869571686
2734,63,0,True,0.0020000000949949026,3,4,6,0.07457860559225082,0.07457860559225082,0.07457860559225082,0.4254213869571686,0.4254213869571686
2736,63,0,True,0.0020000000949949026,3,4,6,0.07457860559225082,0.07457860559225082,0.07457860559225082,0.4254213869571686,0.4254213869571686
2737,63,0,True,0.0020000000949949026,3,4,6,0.07457860559225082,0.07457860559225082,0.07457860559225082,0.4254213869571686,0.4254213869571686
2738,63,0,True,0.0020000000949949026,3,4,6,0.07457860559225082,0.07457860559225082,0.07457860559225082,0.4254213869571686,0.4254213869571686
2739,63,0,True,0.0020000000949949026,3,4,6,0.07457860559225082,0.07457860559225082,0.07457860559225082,0.4254213869571686,0.4254213869571686
2740,63,0,True,0.0020000000949949026,3,4,6,0.07457860559225082,0.07457860559225082,0.07457860559225082,0.4254213869571686,0.4254213869571686
2741,63,0,True,0.0020000000949949026,3,4,6,0.07457860559225082,0.07457860559225082,0.07457860559225082,0.4254213869571686,0.4254213869571686
2742,63,0,True,0.0020000000949949026,3,4,6,0.07457860559225082,0.07457860559225082,0.07457860559225082,0.4254213869571686,0.4254213869571686
2746,63,0,True,0.0020000000949949026,3,4,6,0.07457860559225082,0.07457860559225082,0.07457860559225082,0.4254213869571686,0.4254213869571686
2749,63,0,True,0.0020000000949949026,3,4,6,0.07457860559225082,0.07457860559225082,0.07457860559225082,0.4254213869571686,0.4254213869571686
2750,63,0,True,0.0020000000949949026,3,4,6,0.07457860559225082,0.07457860559225082,0.07457860559225082,0.4254213869571686,0.4254213869571686
2751,63,0,True,0.0020000000949949026,3,4,6,0.07457860559225082,0.07457860559225082,0.07457860559225082,0.4254213869571686,0.4254213869571686
2752,63,0,True,0.0020000000949949026,3,4,6,0.07457860559225082,0.07457860559225082,0.07457860559225082,0.4254213869571686,0.4254213869571686
2757,63,0,True,0.0020000000949949026,3,4,6,0.07457860559225082,0.07457860559225082,0.07457860559225082,0.4254213869571686,0.4254213869571686
156,64,0,True,0.0020000000949949026,3,4,6,0.07457860559225082,0.07457860559225082,0.07457860559225082,0.4254213869571686,0.4254213869571686
157,64,0,True,0.0020000000949949026,3,4,6,0.07457860559225082,0.07457860559225082,0.07457860559225082,0.4254213869571686,0.4254213869571686
159,64,0,True,0.0020000000949949026,3,4,6,0.07457860559225082,0.07457860559225082,0.07457860559225082,0.4254213869571686,0.4254213869571686
160,64,0,True,0.0020000000949949026,3,4,6,0.07457860559225082,0.07457860559225082,0.07457860559225082,0.4254213869571686,0.4254213869571686
161,64,0,True,0.0020000000949949026,3,4,6,0.07457860559225082,0.07457860559225082,0.07457860559225082,0.4254213869571686,0.4254213869571686
162,64,0,True,0.0020000000949949026,3,4,6,0.07457860559225082,0.07457860559225082,0.07457860559225082,0.4254213869571686,0.4254213869571686
163,64,0,True,0.0020000000949949026,3,4,6,0.07457860559225082,0.07457860559225082,0.07457860559225082,0.4254213869571686,0.4254213869571686
164,64,0,True,0.0020000000949949026,3,4,6,0.07457860559225082,0.07457860559225082,0.07457860559225082,0.4254213869571686,0.4254213869571686
2760,64,0,True,0.0020000000949949026,3,4,6,0.07457860559225082,0.07457860559225082,0.07457860559225082,0.4254213869571686,0.4254213869571686
2761,64,0,True,0.0020000000949949026,3,4,6,0.07457860559225082,0.07457860559225082,0.07457860559225082,0.4254213869571686,0.4254213869571686
2762,64,0,True,0.0020000000949949026,3,4,6,0.07457860559225082,0.07457860559225082,0.07457860559225082,0.4254213869571686,0.4254213869571686
2763,64,0,True,0.0020000000949949026,3,4,6,0.07457860559225082,0.07457860559225082,0.07457860559225082,0.4254213869571686,0.4254213869571686
2764,64,0,True,0.0020000000949949026,3,4,6,0.07457860559225082,0.07457860559225082,0.07457860559225082,0.4254213869571686,0.4254213869571686
2765,64,0,True,0.0020000000949949026,3,4,6,0.07457860559225082,0.07457860559225082,0.07457860559225082,0.4254213869571686,0.4254213869571686
2767,64,0,True,0.0020000000949949026,3,4,6,0.07457860559225082,0.07457860559225082,0.07457860559225082,0.4254213869571686,0.4254213869571686
2768,64,0,True,0.0020000000949949026,3,4,6,0.07457860559225082,0.07457860559225082,0.07457860559225082,0.4254213869571686,0.4254213869571686
2769,64,0,True,0.0020000000949949026,3,4,6,0.07457860559225082,0.07457860559225082,0.07457860559225082,0.4254213869571686,0.4254213869571686
2770,64,0,True,0.0020000000949949026,3,4,6,0.07457860559225082,0.07457860559225082,0.07457860559225082,0.4254213869571686,0.4254213869571686
2771,64,0,True,0.0020000000949949026,3,4,6,0.07457860559225082,0.07457860559225082,0.07457860559225082,0.4254213869571686,0.4254213869571686
2772,64,0,True,0.0020000000949949026,3,4,6,0.07457860559225082,0.07457860559225082,0.07457860559225082,0.4254213869571686,0.4254213869571686
2773,64,0,True,0.0020000000949949026,3,4,6,0.07457860559225082,0.07457860559225082,0.07457860559225082,0.4254213869571686,0.4254213869571686
2774,64,0,True,0.0020000000949949026,3,4,6,0.07457860559225082,0.07457860559225082,0.07457860559225082,0.4254213869571686,0.4254213869571686
2776,64,0,True,0.0020000000949949026,3,4,6,0.07457860559225082,0.07457860559225082,0.07457860559225082,0.4254213869571686,0.4254213869571686
2777,64,0,True,0.0020000000949949026,3,4,6,0.07457860559225082,0.07457860559225082,0.07457860559225082,0.4254213869571686,0.4254213869571686
2778,64,0,True,0.0020000000949949026,3,4,6,0.07457860559225082,0.07457860559225082,0.07457860559225082,0.4254213869571686,0.4254213869571686
2779,64,0,True,0.0020000000949949026,3,4,6,0.07457860559225082,0.07457860559225082,0.07457860559225082,0.4254213869571686,0.4254213869571686
2780,64,0,True,0.0020000000949949026,3,4,6,0.07457860559225082,0.07457860559225082,0.07457860559225082,0.4254213869571686,0.4254213869571686
2781,64,0,True,0.0020000000949949026,3,4,6,0.07457860559225082,0.07457860559225082,0.07457860559225082,0.4254213869571686,0.4254213869571686
2783,64,0,True,0.0020000000949949026,3,4,6,0.07457860559225082,0.07457860559225082,0.07457860559225082,0.4254213869571686,0.4254213869571686
2784,64,0,True,0.0020000000949949026,3,4,6,0.07457860559225082,0.07457860559225082,0.07457860559225082,0.4254213869571686,0.4254213869571686
2785,64,0,True,0.0020000000949949026,3,4,6,0.07457860559225082,0.07457860559225082,0.07457860559225082,0.4254213869571686,0.4254213869571686
2788,64,0,True,0.0020000000949949026,3,4,6,0.07457860559225082,0.07457860559225082,0.07457860559225082,0.4254213869571686,0.4254213869571686
2789,64,0,True,0.0020000000949949026,3,4,6,0.07457860559225082,0.07457860559225082,0.07457860559225082,0.4254213869571686,0.4254213869571686
2790,64,0,True,0.0020000000949949026,3,4,6,0.07457860559225082,0.07457860559225082,0.07457860559225082,0.4254213869571686,0.4254213869571686
2792,64,0,True,0.0020000000949949026,3,4,6,0.07457860559225082,0.07457860559225082,0.07457860559225082,0.4254213869571686,0.4254213869571686
2793,64,0,True,0.0020000000949949026,3,4,6,0.07457860559225082,0.07457860559225082,0.07457860559225082,0.4254213869571686,0.4254213869571686
2795,64,0,True,0.0020000000949949026,3,4,6,0.07457860559225082,0.07457860559225082,0.07457860559225082,0.4254213869571686,0.4254213869571686
2796,64,0,True,0.0020000000949949026,3,4,6,0.07457860559225082,0.07457860559225082,0.07457860559225082,0.4254213869571686,0.4254213869571686
2797,64,0,True,0.0020000000949949026,3,4,6,0.07457860559225082,0.07457860559225082,0.07457860559225082,0.4254213869571686,0.4254213869571686
2798,64,0,True,0.0020000000949949026,3,4,6,0.07457860559225082,0.07457860559225082,0.07457860559225082,0.4254213869571686,0.4254213869571686
2799,64,0,True,0.0020000000949949026,3,4,6,0.07457860559225082,0.07457860559225082,0.07457860559225082,0.4254213869571686,0.4254213869571686
165,65,0,True,0.0020000000949949026,3,4,6,0.07457860559225082,0.07457860559225082,0.07457860559225082,0.4254213869571686,0.4254213869571686
166,65,0,True,0.0020000000949949026,3,4,6,0.07457860559225082,0.07457860559225082,0.07457860559225082,0.4254213869571686,0.4254213869571686
169,65,0,True,0.0020000000949949026,3,4,6,0.07457860559225082,0.07457860559225082,0.07457860559225082,0.4254213869571686,0.4254213869571686
170,65,0,True,0.0020000000949949026,3,4,6,0.07457860559225082,0.07457860559225082,0.07457860559225082,0.4254213869571686,0.4254213869571686
171,65,0,True,0.0020000000949949026,3,4,6,0.07457860559225082,0.07457860559225082,0.07457860559225082,0.4254213869571686,0.4254213869571686
2800,65,0,True,0.0020000000949949026,3,4,6,0.07457860559225082,0.07457860559225082,0.07457860559225082,0.4254213869571686,0.4254213869571686
2803,65,0,True,0.0020000000949949026,3,4,6,0.07457860559225082,0.07457860559225082,0.07457860559225082,0.4254213869571686,0.4254213869571686
2806,65,0,True,0.0020000000949949026,3,4,6,0.07457860559225082,0.07457860559225082,0.07457860559225082,0.4254213869571686,0.4254213869571686
2810,65,0,True,0.0020000000949949026,3,4,6,0.07457860559225082,0.07457860559225082,0.07457860559225082,0.4254213869571686,0.4254213869571686
2811,65,0,True,0.0020000000949949026,3,4,6,0.07457860559225082,0.07457860559225082,0.07457860559225082,0.4254213869571686,0.4254213869571686
2813,65,0,True,0.0020000000949949026,3,4,6,0.07457860559225082,0.07457860559225082,0.07457860559225082,0.4254213869571686,0.4254213869571686
2816,65,0,True,0.0020000000949949026,3,4,6,0.07457860559225082,0.07457860559225082,0.07457860559225082,0.4254213869571686,0.4254213869571686
2817,65,0,True,0.0020000000949949026,3,4,6,0.07457860559225082,0.07457860559225082,0.07457860559225082,0.4254213869571686,0.4254213869571686
2818,65,0,True,0.0020000000949949026,3,4,6,0.07457860559225082,0.07457860559225082,0.07457860559225082,0.4254213869571686,0.4254213869571686
2819,65,0,True,0.0020000000949949026,3,4,6,0.07457860559225082,0.07457860559225082,0.07457860559225082,0.4254213869571686,0.4254213869571686
2820,65,0,True,0.0020000000949949026,3,4,6,0.07457860559225082,0.07457860559225082,0.07457860559225082,0.4254213869571686,0.4254213869571686
2823,65,0,True,0.0020000000949949026,3,4,6,0.07457860559225082,0.07457860559225082,0.07457860559225082,0.4254213869571686,0.4254213869571686
2824,65,0,True,0.0020000000949949026,3,4,6,0.07457860559225082,0.07457860559225082,0.07457860559225082,0.4254213869571686,0.4254213869571686
2825,65,0,True,0.0020000000949949026,3,4,6,0.07457860559225082,0.07457860559225082,0.07457860559225082,0.4254213869571686,0.4254213869571686
2827,65,0,True,0.0020000000949949026,3,4,6,0.07457860559225082,0.07457860559225082,0.07457860559225082,0.4254213869571686,0.4254213869571686
2830,65,0,True,0.0020000000949949026,3,4,6,0.07457860559225082,0.07457860559225082,0.07457860559225082,0.4254213869571686,0.4254213869571686
2832,65,0,True,0.0020000000949949026,3,4,6,0.07457860559225082,0.07457860559225082,0.07457860559225082,0.4254213869571686,0.4254213869571686
2833,65,0,True,0.0020000000949949026,3,4,6,0.07457860559225082,0.07457860559225082,0.07457860559225082,0.4254213869571686,0.4254213869571686
2834,65,0,True,0.0020000000949949026,3,4,6,0.07457860559225082,0.07457860559225082,0.07457860559225082,0.4254213869571686,0.4254213869571686
2835,65,0,True,0.0020000000949949026,3,4,6,0.07457860559225082,0.07457860559225082,0.07457860559225082,0.4254213869571686,0.4254213869571686
2836,65,0,True,0.0020000000949949026,3,4,6,0.07457860559225082,0.07457860559225082,0.07457860559225082,0.4254213869571686,0.4254213869571686
2837,65,0,True,0.0020000000949949026,3,4,6,0.07457860559225082,0.07457860559225082,0.07457860559225082,0.4254213869571686,0.4254213869571686
2838,65,0,True,0.0020000000949949026,3,4,6,0.07457860559225082,0.07457860559225082,0.07457860559225082,0.4254213869571686,0.4254213869571686
2839,65,0,True,0.0020000000949949026,3,4,6,0.07457860559225082,0.07457860559225082,0.07457860559225082,0.4254213869571686,0.4254213869571686
221,70,0,True,0.0020000000949949026,3,4,6,0.07457860559225082,0.07457860559225082,0.07457860559225082,0.4254213869571686,0.4254213869571686
222,70,0,True,0.0020000000949949026,3,4,6,0.07457860559225082,0.07457860559225082,0.07457860559225082,0.4254213869571686,0.4254213869571686
224,70,0,True,0.0020000000949949026,3,4,6,0.07457860559225082,0.07457860559225082,0.07457860559225082,0.4254213869571686,0.4254213869571686
225,70,0,True,0.0020000000949949026,3,4,6,0.07457860559225082,0.07457860559225082,0.07457860559225082,0.4254213869571686,0.4254213869571686
226,70,0,True,0.0020000000949949026,3,4,6,0.07457860559225082,0.07457860559225082,0.07457860559225082,0.4254213869571686,0.4254213869571686
227,70,0,True,0.0020000000949949026,3,4,6,0.07457860559225082,0.07457860559225082,0.07457860559225082,0.4254213869571686,0.4254213869571686
228,70,0,True,0.0020000000949949026,3,4,6,0.07457860559225082,0.07457860559225082,0.07457860559225082,0.4254213869571686,0.4254213869571686
230,70,0,True,0.0020000000949949026,3,4,6,0.07457860559225082,0.07457860559225082,0.07457860559225082,0.4254213869571686,0.4254213869571686
3000,70,0,True,0.0020000000949949026,3,4,6,0.07457860559225082,0.07457860559225082,0.07457860559225082,0.4254213869571686,0.4254213869571686
3001,70,0,True,0.0020000000949949026,3,4,6,0.07457860559225082,0.07457860559225082,0.07457860559225082,0.4254213869571686,0.4254213869571686
3002,70,0,True,0.0020000000949949026,3,4,6,0.07457860559225082,0.07457860559225082,0.07457860559225082,0.4254213869571686,0.4254213869571686
3003,70,0,True,0.0020000000949949026,3,4,6,0.07457860559225082,0.07457860559225082,0.07457860559225082,0.4254213869571686,0.4254213869571686
3004,70,0,True,0.0020000000949949026,3,4,6,0.07457860559225082,0.07457860559225082,0.07457860559225082,0.4254213869571686,0.4254213869571686
3006,70,0,True,0.0020000000949949026,3,4,6,0.07457860559225082,0.07457860559225082,0.07457860559225082,0.4254213869571686,0.4254213869571686
3008,70,0,True,0.0020000000949949026,3,4,6,0.07457860559225082,0.07457860559225082,0.07457860559225082,0.4254213869571686,0.4254213869571686
3009,70,0,True,0.0020000000949949026,3,4,6,0.07457860559225082,0.07457860559225082,0.07457860559225082,0.4254213869571686,0.4254213869571686
3010,70,0,True,0.0020000000949949026,3,4,6,0.07457860559225082,0.07457860559225082,0.07457860559225082,0.4254213869571686,0.4254213869571686
3012,70,0,True,0.0020000000949949026,3,4,6,0.07457860559225082,0.07457860559225082,0.07457860559225082,0.4254213869571686,0.4254213869571686
3013,70,0,True,0.0020000000949949026,3,4,6,0.07457860559225082,0.07457860559225082,0.07457860559225082,0.4254213869571686,0.4254213869571686
3014,70,0,True,0.0020000000949949026,3,4,6,0.07457860559225082,0.07457860559225082,0.07457860559225082,0.4254213869571686,0.4254213869571686
3015,70,0,True,0.0020000000949949026,3,4,6,0.07457860559225082,0.07457860559225082,0.07457860559225082,0.4254213869571686,0.4254213869571686
3017,70,0,True,0.0020000000949949026,3,4,6,0.07457860559225082,0.07457860559225082,0.07457860559225082,0.4254213869571686,0.4254213869571686
3018,70,0,True,0.0020000000949949026,3,4,6,0.07457860559225082,0.07457860559225082,0.07457860559225082,0.4254213869571686,0.4254213869571686
3019,70,0,True,0.0020000000949949026,3,4,6,0.07457860559225082,0.07457860559225082,0.07457860559225082,0.4254213869571686,0.4254213869571686
3020,70,0,True,0.0020000000949949026,3,4,6,0.07457860559225082,0.07457860559225082,0.07457860559225082,0.4254213869571686,0.4254213869571686
3023,70,0,True,0.0020000000949949026,3,4,6,0.07457860559225082,0.07457860559225082,0.07457860559225082,0.4254213869571686,0.4254213869571686
3024,70,0,True,0.0020000000949949026,3,4,6,0.07457860559225082,0.07457860559225082,0.07457860559225082,0.4254213869571686,0.4254213869571686
3025,70,0,True,0.0020000000949949026,3,4,6,0.07457860559225082,0.07457860559225082,0.07457860559225082,0.4254213869571686,0.4254213869571686
3026,70,0,True,0.0020000000949949026,3,4,6,0.07457860559225082,0.07457860559225082,0.07457860559225082,0.4254213869571686,0.4254213869571686
3028,70,0,True,0.0020000000949949026,3,4,6,0.07457860559225082,0.07457860559225082,0.07457860559225082,0.4254213869571686,0.4254213869571686
3031,70,0,True,0.0020000000949949026,3,4,6,0.07457860559225082,0.07457860559225082,0.07457860559225082,0.4254213869571686,0.4254213869571686
3037,70,0,True,0.0020000000949949026,3,4,6,0.07457860559225082,0.07457860559225082,0.07457860559225082,0.4254213869571686,0.4254213869571686
3038,70,0,True,0.0020000000949949026,3,4,6,0.07457860559225082,0.07457860559225082,0.07457860559225082,0.4254213869571686,0.4254213869571686
253,73,0,True,0.0020000000949949026,3,4,6,0.07457860559225082,0.07457860559225082,0.07457860559225082,0.4254213869571686,0.4254213869571686
255,73,0,True,0.0020000000949949026,3,4,6,0.07457860559225082,0.07457860559225082,0.07457860559225082,0.4254213869571686,0.4254213869571686
258,73,0,True,0.0020000000949949026,3,4,6,0.07457860559225082,0.07457860559225082,0.07457860559225082,0.4254213869571686,0.4254213869571686
260,73,0,True,0.0020000000949949026,3,4,6,0.07457860559225082,0.07457860559225082,0.07457860559225082,0.4254213869571686,0.4254213869571686
262,73,0,True,0.0020000000949949026,3,4,6,0.07457860559225082,0.07457860559225082,0.07457860559225082,0.4254213869571686,0.4254213869571686
263,73,0,True,0.0020000000949949026,3,4,6,0.07457860559225082,0.07457860559225082,0.07457860559225082,0.4254213869571686,0.4254213869571686
3120,73,0,True,0.0020000000949949026,3,4,6,0.07457860559225082,0.07457860559225082,0.07457860559225082,0.4254213869571686,0.4254213869571686
3121,73,0,True,0.0020000000949949026,3,4,6,0.07457860559225082,0.07457860559225082,0.07457860559225082,0.4254213869571686,0.4254213869571686
3122,73,0,True,0.0020000000949949026,3,4,6,0.07457860559225082,0.07457860559225082,0.07457860559225082,0.4254213869571686,0.4254213869571686
3123,73,0,True,0.0020000000949949026,3,4,6,0.07457860559225082,0.07457860559225082,0.07457860559225082,0.4254213869571686,0.4254213869571686
3124,73,0,True,0.0020000000949949026,3,4,6,0.07457860559225082,0.07457860559225082,0.07457860559225082,0.4254213869571686,0.4254213869571686
3126,73,0,True,0.0020000000949949026,3,4,6,0.07457860559225082,0.07457860559225082,0.07457860559225082,0.4254213869571686,0.4254213869571686
3127,73,0,True,0.0020000000949949026,3,4,6,0.07457860559225082,0.07457860559225082,0.07457860559225082,0.4254213869571686,0.4254213869571686
3129,73,0,True,0.0020000000949949026,3,4,6,0.07457860559225082,0.07457860559225082,0.07457860559225082,0.4254213869571686,0.4254213869571686
3131,73,0,True,0.0020000000949949026,3,4,6,0.07457860559225082,0.07457860559225082,0.07457860559225082,0.4254213869571686,0.4254213869571686
3132,73,0,True,0.0020000000949949026,3,4,6,0.07457860559225082,0.07457860559225082,0.07457860559225082,0.4254213869571686,0.4254213869571686
3133,73,0,True,0.0020000000949949026,3,4,6,0.07457860559225082,0.07457860559225082,0.07457860559225082,0.4254213869571686,0.4254213869571686
3134,73,0,True,0.0020000000949949026,3,4,6,0.07457860559225082,0.07457860559225082,0.07457860559225082,0.4254213869571686,0.4254213869571686
3135,73,0,True,0.0020000000949949026,3,4,6,0.07457860559225082,0.07457860559225082,0.07457860559225082,0.4254213869571686,0.4254213869571686
3136,73,0,True,0.0020000000949949026,3,4,6,0.07457860559225082,0.07457860559225082,0.07457860559225082,0.4254213869571686,0.4254213869571686
3138,73,0,True,0.0020000000949949026,3,4,6,0.07457860559225082,0.07457860559225082,0.07457860559225082,0.4254213869571686,0.4254213869571686
3139,73,0,True,0.0020000000949949026,3,4,6,0.07457860559225082,0.07457860559225082,0.07457860559225082,0.4254213869571686,0.4254213869571686
3140,73,0,True,0.0020000000949949026,3,4,6,0.07457860559225082,0.07457860559225082,0.07457860559225082,0.4254213869571686,0.4254213869571686
3142,73,0,True,0.0020000000949949026,3,4,6,0.07457860559225082,0.07457860559225082,0.07457860559225082,0.4254213869571686,0.4254213869571686
3144,73,0,True,0.0020000000949949026,3,4,6,0.07457860559225082,0.07457860559225082,0.07457860559225082,0.4254213869571686,0.4254213869571686
3145,73,0,True,0.0020000000949949026,3,4,6,0.07457860559225082,0.07457860559225082,0.07457860559225082,0.4254213869571686,0.4254213869571686
3146,73,0,True,0.0020000000949949026,3,4,6,0.07457860559225082,0.07457860559225082,0.07457860559225082,0.4254213869571686,0.4254213869571686
3147,73,0,True,0.0020000000949949026,3,4,6,0.07457860559225082,0.07457860559225082,0.07457860559225082,0.4254213869571686,0.4254213869571686
3150,73,0,True,0.0020000000949949026,3,4,6,0.07457860559225082,0.07457860559225082,0.07457860559225082,0.4254213869571686,0.4254213869571686
3151,73,0,True,0.0020000000949949026,3,4,6,0.07457860559225082,0.07457860559225082,0.07457860559225082,0.4254213869571686,0.4254213869571686
3153,73,0,True,0.0020000000949949026,3,4,6,0.07457860559225082,0.07457860559225082,0.07457860559225082,0.4254213869571686,0.4254213869571686
3154,73,0,True,0.0020000000949949026,3,4,6,0.07457860559225082,0.07457860559225082,0.07457860559225082,0.4254213869571686,0.4254213869571686
3156,73,0,True,0.0020000000949949026,3,4,6,0.07457860559225082,0.07457860559225082,0.07457860559225082,0.4254213869571686,0.4254213869571686
3157,73,0,True,0.0020000000949949026,3,4,6,0.07457860559225082,0.07457860559225082,0.07457860559225082,0.4254213869571686,0.4254213869571686
3158,73,0,True,0.0020000000949949026,3,4,6,0.07457860559225082,0.07457860559225082,0.07457860559225082,0.4254213869571686,0.4254213869571686
297,77,0,True,0.0020000000949949026,7,4,10,0.07457860559225082,0.07457860559225082,0.07457860559225082,0.4254213869571686,0.42542141675949097
298,77,0,True,0.0020000000949949026,7,4,10,0.07457860559225082,0.07457860559225082,0.07457860559225082,0.4254213869571686,0.42542141675949097
299,77,0,True,0.0020000000949949026,7,4,10,0.07457860559225082,0.07457860559225082,0.07457860559225082,0.4254213869571686,0.42542141675949097
300,77,0,True,0.0020000000949949026,7,4,10,0.07457860559225082,0.07457860559225082,0.07457860559225082,0.4254213869571686,0.42542141675949097
305,77,0,True,0.0020000000949949026,7,4,10,0.07457860559225082,0.07457860559225082,0.07457860559225082,0.4254213869571686,0.42542141675949097
306,77,0,True,0.0020000000949949026,7,4,10,0.07457860559225082,0.07457860559225082,0.07457860559225082,0.4254213869571686,0.42542141675949097
307,77,0,True,0.0020000000949949026,7,4,10,0.07457860559225082,0.07457860559225082,0.07457860559225082,0.4254213869571686,0.42542141675949097
3281,77,0,True,0.0020000000949949026,7,4,10,0.07457860559225082,0.07457860559225082,0.07457860559225082,0.4254213869571686,0.42542141675949097
3283,77,0,True,0.0020000000949949026,7,4,10,0.07457860559225082,0.07457860559225082,0.07457860559225082,0.4254213869571686,0.42542141675949097
3284,77,0,True,0.0020000000949949026,7,4,10,0.07457860559225082,0.07457860559225082,0.07457860559225082,0.4254213869571686,0.42542141675949097
3285,77,0,True,0.0020000000949949026,7,4,10,0.07457860559225082,0.07457860559225082,0.07457860559225082,0.4254213869571686,0.42542141675949097
3286,77,0,True,0.0020000000949949026,7,4,10,0.07457860559225082,0.07457860559225082,0.07457860559225082,0.4254213869571686,0.42542141675949097
3288,77,0,True,0.0020000000949949026,7,4,10,0.07457860559225082,0.07457860559225082,0.07457860559225082,0.4254213869571686,0.42542141675949097
3290,77,0,True,0.0020000000949949026,7,4,10,0.07457860559225082,0.07457860559225082,0.07457860559225082,0.4254213869571686,0.42542141675949097
3291,77,0,True,0.0020000000949949026,7,4,10,0.07457860559225082,0.07457860559225082,0.07457860559225082,0.4254213869571686,0.42542141675949097
3292,77,0,True,0.0020000000949949026,7,4,10,0.07457860559225082,0.07457860559225082,0.07457860559225082,0.4254213869571686,0.42542141675949097
3293,77,0,True,0.0020000000949949026,7,4,10,0.07457860559225082,0.07457860559225082,0.07457860559225082,0.4254213869571686,0.42542141675949097
3295,77,0,True,0.0020000000949949026,7,4,10,0.07457860559225082,0.07457860559225082,0.07457860559225082,0.4254213869571686,0.42542141675949097
3296,77,0,True,0.0020000000949949026,7,4,10,0.07457860559225082,0.07457860559225082,0.07457860559225082,0.4254213869571686,0.42542141675949097
3297,77,0,True,0.0020000000949949026,7,4,10,0.07457860559225082,0.07457860559225082,0.07457860559225082,0.4254213869571686,0.42542141675949097
3299,77,0,True,0.0020000000949949026,7,4,10,0.07457860559225082,0.07457860559225082,0.07457860559225082,0.4254213869571686,0.42542141675949097
3300,77,0,True,0.0020000000949949026,7,4,10,0.07457860559225082,0.07457860559225082,0.07457860559225082,0.4254213869571686,0.42542141675949097
3301,77,0,True,0.0020000000949949026,7,4,10,0.07457860559225082,0.07457860559225082,0.07457860559225082,0.4254213869571686,0.42542141675949097
3302,77,0,True,0.0020000000949949026,7,4,10,0.07457860559225082,0.07457860559225082,0.07457860559225082,0.4254213869571686,0.42542141675949097
3303,77,0,True,0.0020000000949949026,7,4,10,0.07457860559225082,0.07457860559225082,0.07457860559225082,0.4254213869571686,0.42542141675949097
3304,77,0,True,0.0020000000949949026,7,4,10,0.07457860559225082,0.07457860559225082,0.07457860559225082,0.4254213869571686,0.42542141675949097
3305,77,0,True,0.0020000000949949026,7,4,10,0.07457860559225082,0.07457860559225082,0.07457860559225082,0.4254213869571686,0.42542141675949097
3306,77,0,True,0.0020000000949949026,7,4,10,0.07457860559225082,0.07457860559225082,0.07457860559225082,0.4254213869571686,0.42542141675949097
3307,77,0,True,0.0020000000949949026,7,4,10,0.07457860559225082,0.07457860559225082,0.07457860559225082,0.4254213869571686,0.42542141675949097
3308,77,0,True,0.0020000000949949026,7,4,10,0.07457860559225082,0.07457860559225082,0.07457860559225082,0.4254213869571686,0.42542141675949097
3310,77,0,True,0.0020000000949949026,7,4,10,0.07457860559225082,0.07457860559225082,0.07457860559225082,0.4254213869571686,0.42542141675949097
3312,77,0,True,0.0020000000949949026,7,4,10,0.07457860559225082,0.07457860559225082,0.07457860559225082,0.4254213869571686,0.42542141675949097
3314,77,0,True,0.0020000000949949026,7,4,10,0.07457860559225082,0.07457860559225082,0.07457860559225082,0.4254213869571686,0.42542141675949097
3315,77,0,True,0.0020000000949949026,7,4,10,0.07457860559225082,0.07457860559225082,0.07457860559225082,0.4254213869571686,0.42542141675949097
3317,77,0,True,0.0020000000949949026,7,4,10,0.07457860559225082,0.07457860559225082,0.07457860559225082,0.4254213869571686,0.42542141675949097
3318,77,0,True,0.0020000000949949026,7,4,10,0.07457860559225082,0.07457860559225082,0.07457860559225082,0.4254213869571686,0.42542141675949097
308,78,0,True,0.0020000000949949026,3,4,6,0.07457860559225082,0.07457860559225082,0.07457860559225082,0.4254213869571686,0.4254213869571686
309,78,0,True,0.0020000000949949026,3,4,6,0.07457860559225082,0.07457860559225082,0.07457860559225082,0.4254213869571686,0.4254213869571686
311,78,0,True,0.0020000000949949026,3,4,6,0.07457860559225082,0.07457860559225082,0.07457860559225082,0.4254213869571686,0.4254213869571686
312,78,0,True,0.0020000000949949026,3,4,6,0.07457860559225082,0.07457860559225082,0.07457860559225082,0.4254213869571686,0.4254213869571686
313,78,0,True,0.0020000000949949026,3,4,6,0.07457860559225082,0.07457860559225082,0.07457860559225082,0.4254213869571686,0.4254213869571686
314,78,0,True,0.0020000000949949026,3,4,6,0.07457860559225082,0.07457860559225082,0.07457860559225082,0.4254213869571686,0.4254213869571686
315,78,0,True,0.0020000000949949026,3,4,6,0.07457860559225082,0.07457860559225082,0.07457860559225082,0.4254213869571686,0.4254213869571686
316,78,0,True,0.0020000000949949026,3,4,6,0.07457860559225082,0.07457860559225082,0.07457860559225082,0.4254213869571686,0.4254213869571686
317,78,0,True,0.0020000000949949026,3,4,6,0.07457860559225082,0.07457860559225082,0.07457860559225082,0.4254213869571686,0.4254213869571686
318,78,0,True,0.0020000000949949026,3,4,6,0.07457860559225082,0.07457860559225082,0.07457860559225082,0.4254213869571686,0.4254213869571686
3321,78,0,True,0.0020000000949949026,3,4,6,0.07457860559225082,0.07457860559225082,0.07457860559225082,0.4254213869571686,0.4254213869571686
3322,78,0,True,0.0020000000949949026,3,4,6,0.07457860559225082,0.07457860559225082,0.07457860559225082,0.4254213869571686,0.4254213869571686
3323,78,0,True,0.0020000000949949026,3,4,6,0.07457860559225082,0.07457860559225082,0.07457860559225082,0.4254213869571686,0.4254213869571686
3327,78,0,True,0.0020000000949949026,3,4,6,0.07457860559225082,0.07457860559225082,0.07457860559225082,0.4254213869571686,0.4254213869571686
3328,78,0,True,0.0020000000949949026,3,4,6,0.07457860559225082,0.07457860559225082,0.07457860559225082,0.4254213869571686,0.4254213869571686
3329,78,0,True,0.0020000000949949026,3,4,6,0.07457860559225082,0.07457860559225082,0.07457860559225082,0.4254213869571686,0.4254213869571686
3333,78,0,True,0.0020000000949949026,3,4,6,0.07457860559225082,0.07457860559225082,0.07457860559225082,0.4254213869571686,0.4254213869571686
3334,78,0,True,0.0020000000949949026,3,4,6,0.07457860559225082,0.07457860559225082,0.07457860559225082,0.4254213869571686,0.4254213869571686
3335,78,0,True,0.0020000000949949026,3,4,6,0.07457860559225082,0.07457860559225082,0.07457860559225082,0.4254213869571686,0.4254213869571686
3336,78,0,True,0.0020000000949949026,3,4,6,0.07457860559225082,0.07457860559225082,0.07457860559225082,0.4254213869571686,0.4254213869571686
3337,78,0,True,0.0020000000949949026,3,4,6,0.07457860559225082,0.07457860559225082,0.07457860559225082,0.4254213869571686,0.4254213869571686
3339,78,0,True,0.0020000000949949026,3,4,6,0.07457860559225082,0.07457860559225082,0.07457860559225082,0.4254213869571686,0.4254213869571686
3340,78,0,True,0.0020000000949949026,3,4,6,0.07457860559225082,0.07457860559225082,0.07457860559225082,0.4254213869571686,0.4254213869571686
3341,78,0,True,0.0020000000949949026,3,4,6,0.07457860559225082,0.07457860559225082,0.07457860559225082,0.4254213869571686,0.4254213869571686
3343,78,0,True,0.0020000000949949026,3,4,6,0.07457860559225082,0.07457860559225082,0.07457860559225082,0.4254213869571686,0.4254213869571686
3345,78,0,True,0.0020000000949949026,3,4,6,0.07457860559225082,0.07457860559225082,0.07457860559225082,0.4254213869571686,0.4254213869571686
3346,78,0,True,0.0020000000949949026,3,4,6,0.07457860559225082,0.07457860559225082,0.07457860559225082,0.4254213869571686,0.4254213869571686
3347,78,0,True,0.0020000000949949026,3,4,6,0.07457860559225082,0.07457860559225082,0.07457860559225082,0.4254213869571686,0.4254213869571686
3349,78,0,True,0.0020000000949949026,3,4,6,0.07457860559225082,0.07457860559225082,0.07457860559225082,0.4254213869571686,0.4254213869571686
3350,78,0,True,0.0020000000949949026,3,4,6,0.07457860559225082,0.07457860559225082,0.07457860559225082,0.4254213869571686,0.4254213869571686
3351,78,0,True,0.0020000000949949026,3,4,6,0.07457860559225082,0.07457860559225082,0.07457860559225082,0.4254213869571686,0.4254213869571686
3353,78,0,True,0.0020000000949949026,3,4,6,0.07457860559225082,0.07457860559225082,0.07457860559225082,0.4254213869571686,0.4254213869571686
3354,78,0,True,0.0020000000949949026,3,4,6,0.07457860559225082,0.07457860559225082,0.07457860559225082,0.4254213869571686,0.4254213869571686
3357,78,0,True,0.0020000000949949026,3,4,6,0.07457860559225082,0.07457860559225082,0.07457860559225082,0.4254213869571686,0.4254213869571686
3358,78,0,True,0.0020000000949949026,3,4,6,0.07457860559225082,0.07457860559225082,0.07457860559225082,0.4254213869571686,0.4254213869571686
385,85,0,True,0.0020000000949949026,3,4,6,0.07457860559225082,0.07457860559225082,0.07457860559225082,0.4254213869571686,0.4254213869571686
388,85,0,True,0.0020000000949949026,3,4,6,0.07457860559225082,0.07457860559225082,0.07457860559225082,0.4254213869571686,0.4254213869571686
390,85,0,True,0.0020000000949949026,3,4,6,0.07457860559225082,0.07457860559225082,0.07457860559225082,0.4254213869571686,0.4254213869571686
391,85,0,True,0.0020000000949949026,3,4,6,0.07457860559225082,0.07457860559225082,0.07457860559225082,0.4254213869571686,0.4254213869571686
392,85,0,True,0.0020000000949949026,3,4,6,0.07457860559225082,0.07457860559225082,0.07457860559225082,0.4254213869571686,0.4254213869571686
393,85,0,True,0.0020000000949949026,3,4,6,0.07457860559225082,0.07457860559225082,0.07457860559225082,0.4254213869571686,0.4254213869571686
394,85,0,True,0.0020000000949949026,3,4,6,0.07457860559225082,0.07457860559225082,0.07457860559225082,0.4254213869571686,0.4254213869571686
395,85,0,True,0.0020000000949949026,3,4,6,0.07457860559225082,0.07457860559225082,0.07457860559225082,0.4254213869571686,0.4254213869571686
3600,85,0,True,0.0020000000949949026,3,4,6,0.07457860559225082,0.07457860559225082,0.07457860559225082,0.4254213869571686,0.4254213869571686
3601,85,0,True,0.0020000000949949026,3,4,6,0.07457860559225082,0.07457860559225082,0.07457860559225082,0.4254213869571686,0.4254213869571686
3602,85,0,True,0.0020000000949949026,3,4,6,0.07457860559225082,0.07457860559225082,0.07457860559225082,0.4254213869571686,0.4254213869571686
3604,85,0,True,0.0020000000949949026,3,4,6,0.07457860559225082,0.07457860559225082,0.07457860559225082,0.4254213869571686,0.4254213869571686
3605,85,0,True,0.0020000000949949026,3,4,6,0.07457860559225082,0.07457860559225082,0.07457860559225082,0.4254213869571686,0.4254213869571686
3606,85,0,True,0.0020000000949949026,3,4,6,0.07457860559225082,0.07457860559225082,0.07457860559225082,0.4254213869571686,0.4254213869571686
3607,85,0,True,0.0020000000949949026,3,4,6,0.07457860559225082,0.07457860559225082,0.07457860559225082,0.4254213869571686,0.4254213869571686
3609,85,0,True,0.0020000000949949026,3,4,6,0.07457860559225082,0.07457860559225082,0.07457860559225082,0.4254213869571686,0.4254213869571686
3610,85,0,True,0.0020000000949949026,3,4,6,0.07457860559225082,0.07457860559225082,0.07457860559225082,0.4254213869571686,0.4254213869571686
3611,85,0,True,0.0020000000949949026,3,4,6,0.07457860559225082,0.07457860559225082,0.07457860559225082,0.4254213869571686,0.4254213869571686
3612,85,0,True,0.0020000000949949026,3,4,6,0.07457860559225082,0.07457860559225082,0.07457860559225082,0.4254213869571686,0.4254213869571686
3613,85,0,True,0.0020000000949949026,3,4,6,0.07457860559225082,0.07457860559225082,0.07457860559225082,0.4254213869571686,0.4254213869571686
3614,85,0,True,0.0020000000949949026,3,4,6,0.07457860559225082,0.07457860559225082,0.07457860559225082,0.4254213869571686,0.4254213869571686
3615,85,0,True,0.0020000000949949026,3,4,6,0.07457860559225082,0.07457860559225082,0.07457860559225082,0.4254213869571686,0.4254213869571686
3617,85,0,True,0.0020000000949949026,3,4,6,0.07457860559225082,0.07457860559225082,0.07457860559225082,0.4254213869571686,0.4254213869571686
3618,85,0,True,0.0020000000949949026,3,4,6,0.07457860559225082,0.07457860559225082,0.07457860559225082,0.4254213869571686,0.4254213869571686
3620,85,0,True,0.0020000000949949026,3,4,6,0.07457860559225082,0.07457860559225082,0.07457860559225082,0.4254213869571686,0.4254213869571686
3621,85,0,True,0.0020000000949949026,3,4,6,0.07457860559225082,0.07457860559225082,0.07457860559225082,0.4254213869571686,0.4254213869571686
3622,85,0,True,0.0020000000949949026,3,4,6,0.07457860559225082,0.07457860559225082,0.07457860559225082,0.4254213869571686,0.4254213869571686
3623,85,0,True,0.0020000000949949026,3,4,6,0.07457860559225082,0.07457860559225082,0.07457860559225082,0.4254213869571686,0.4254213869571686
3624,85,0,True,0.0020000000949949026,3,4,6,0.07457860559225082,0.07457860559225082,0.07457860559225082,0.4254213869571686,0.4254213869571686
3625,85,0,True,0.0020000000949949026,3,4,6,0.07457860559225082,0.07457860559225082,0.07457860559225082,0.4254213869571686,0.4254213869571686
3626,85,0,True,0.0020000000949949026,3,4,6,0.07457860559225082,0.07457860559225082,0.07457860559225082,0.4254213869571686,0.4254213869571686
3627,85,0,True,0.0020000000949949026,3,4,6,0.07457860559225082,0.07457860559225082,0.07457860559225082,0.4254213869571686,0.4254213869571686
3628,85,0,True,0.0020000000949949026,3,4,6,0.07457860559225082,0.07457860559225082,0.07457860559225082,0.4254213869571686,0.4254213869571686
3629,85,0,True,0.0020000000949949026,3,4,6,0.07457860559225082,0.07457860559225082,0.07457860559225082,0.4254213869571686,0.4254213869571686
3630,85,0,True,0.0020000000949949026,3,4,6,0.07457860559225082,0.07457860559225082,0.07457860559225082,0.4254213869571686,0.4254213869571686
3633,85,0,True,0.0020000000949949026,3,4,6,0.07457860559225082,0.07457860559225082,0.07457860559225082,0.4254213869571686,0.4254213869571686
3634,85,0,True,0.0020000000949949026,3,4,6,0.07457860559225082,0.07457860559225082,0.07457860559225082,0.4254213869571686,0.4254213869571686
3635,85,0,True,0.0020000000949949026,3,4,6,0.07457860559225082,0.07457860559225082,0.07457860559225082,0.4254213869571686,0.4254213869571686
3636,85,0,True,0.0020000000949949026,3,4,6,0.07457860559225082,0.07457860559225082,0.07457860559225082,0.4254213869571686,0.4254213869571686
3637,85,0,True,0.0020000000949949026,3,4,6,0.07457860559225082,0.07457860559225082,0.07457860559225082,0.4254213869571686,0.4254213869571686
3638,85,0,True,0.0020000000949949026,3,4,6,0.07457860559225082,0.07457860559225082,0.07457860559225082,0.4254213869571686,0.4254213869571686
397,86,0,True,0.0020000000949949026,3,4,6,0.07457860559225082,0.07457860559225082,0.07457860559225082,0.4254213869571686,0.4254213869571686
399,86,0,True,0.0020000000949949026,3,4,6,0.07457860559225082,0.07457860559225082,0.07457860559225082,0.4254213869571686,0.4254213869571686
400,86,0,True,0.0020000000949949026,3,4,6,0.07457860559225082,0.07457860559225082,0.07457860559225082,0.4254213869571686,0.4254213869571686
402,86,0,True,0.0020000000949949026,3,4,6,0.07457860559225082,0.07457860559225082,0.07457860559225082,0.4254213869571686,0.4254213869571686
404,86,0,True,0.0020000000949949026,3,4,6,0.07457860559225082,0.07457860559225082,0.07457860559225082,0.4254213869571686,0.4254213869571686
405,86,0,True,0.0020000000949949026,3,4,6,0.07457860559225082,0.07457860559225082,0.07457860559225082,0.4254213869571686,0.4254213869571686
3640,86,0,True,0.0020000000949949026,3,4,6,0.07457860559225082,0.07457860559225082,0.07457860559225082,0.4254213869571686,0.4254213869571686
3641,86,0,True,0.0020000000949949026,3,4,6,0.07457860559225082,0.07457860559225082,0.07457860559225082,0.4254213869571686,0.4254213869571686
3642,86,0,True,0.0020000000949949026,3,4,6,0.07457860559225082,0.07457860559225082,0.07457860559225082,0.4254213869571686,0.4254213869571686
3643,86,0,True,0.0020000000949949026,3,4,6,0.07457860559225082,0.07457860559225082,0.07457860559225082,0.4254213869571686,0.4254213869571686
3645,86,0,True,0.0020000000949949026,3,4,6,0.07457860559225082,0.07457860559225082,0.07457860559225082,0.4254213869571686,0.4254213869571686
3648,86,0,True,0.0020000000949949026,3,4,6,0.07457860559225082,0.07457860559225082,0.07457860559225082,0.4254213869571686,0.4254213869571686
3649,86,0,True,0.0020000000949949026,3,4,6,0.07457860559225082,0.07457860559225082,0.07457860559225082,0.4254213869571686,0.4254213869571686
3650,86,0,True,0.0020000000949949026,3,4,6,0.07457860559225082,0.07457860559225082,0.07457860559225082,0.4254213869571686,0.4254213869571686
3651,86,0,True,0.0020000000949949026,3,4,6,0.07457860559225082,0.07457860559225082,0.07457860559225082,0.4254213869571686,0.4254213869571686
3652,86,0,True,0.0020000000949949026,3,4,6,0.07457860559225082,0.07457860559225082,0.07457860559225082,0.4254213869571686,0.4254213869571686
3653,86,0,True,0.0020000000949949026,3,4,6,0.07457860559225082,0.07457860559225082,0.07457860559225082,0.4254213869571686,0.4254213869571686
3654,86,0,True,0.0020000000949949026,3,4,6,0.07457860559225082,0.07457860559225082,0.07457860559225082,0.4254213869571686,0.4254213869571686
3656,86,0,True,0.0020000000949949026,3,4,6,0.07457860559225082,0.07457860559225082,0.07457860559225082,0.4254213869571686,0.4254213869571686
3657,86,0,True,0.0020000000949949026,3,4,6,0.07457860559225082,0.07457860559225082,0.07457860559225082,0.4254213869571686,0.4254213869571686
3658,86,0,True,0.0020000000949949026,3,4,6,0.07457860559225082,0.07457860559225082,0.07457860559225082,0.4254213869571686,0.4254213869571686
3660,86,0,True,0.0020000000949949026,3,4,6,0.07457860559225082,0.07457860559225082,0.07457860559225082,0.4254213869571686,0.4254213869571686
3661,86,0,True,0.0020000000949949026,3,4,6,0.07457860559225082,0.07457860559225082,0.07457860559225082,0.4254213869571686,0.4254213869571686
3662,86,0,True,0.0020000000949949026,3,4,6,0.07457860559225082,0.07457860559225082,0.07457860559225082,0.4254213869571686,0.4254213869571686
3663,86,0,True,0.0020000000949949026,3,4,6,0.07457860559225082,0.07457860559225082,0.07457860559225082,0.4254213869571686,0.4254213869571686
3666,86,0,True,0.0020000000949949026,3,4,6,0.07457860559225082,0.07457860559225082,0.07457860559225082,0.4254213869571686,0.4254213869571686
3667,86,0,True,0.0020000000949949026,3,4,6,0.07457860559225082,0.07457860559225082,0.07457860559225082,0.4254213869571686,0.4254213869571686
3668,86,0,True,0.0020000000949949026,3,4,6,0.07457860559225082,0.07457860559225082,0.07457860559225082,0.4254213869571686,0.4254213869571686
3669,86,0,True,0.0020000000949949026,3,4,6,0.07457860559225082,0.07457860559225082,0.07457860559225082,0.4254213869571686,0.4254213869571686
3670,86,0,True,0.0020000000949949026,3,4,6,0.07457860559225082,0.07457860559225082,0.07457860559225082,0.4254213869571686,0.4254213869571686
3671,86,0,True,0.0020000000949949026,3,4,6,0.07457860559225082,0.07457860559225082,0.07457860559225082,0.4254213869571686,0.4254213869571686
3672,86,0,True,0.0020000000949949026,3,4,6,0.07457860559225082,0.07457860559225082,0.07457860559225082,0.4254213869571686,0.4254213869571686
3674,86,0,True,0.0020000000949949026,3,4,6,0.07457860559225082,0.07457860559225082,0.07457860559225082,0.4254213869571686,0.4254213869571686
3675,86,0,True,0.0020000000949949026,3,4,6,0.07457860559225082,0.07457860559225082,0.07457860559225082,0.4254213869571686,0.4254213869571686
3676,86,0,True,0.0020000000949949026,3,4,6,0.07457860559225082,0.07457860559225082,0.07457860559225082,0.4254213869571686,0.4254213869571686
3677,86,0,True,0.0020000000949949026,3,4,6,0.07457860559225082,0.07457860559225082,0.07457860559225082,0.4254213869571686,0.4254213869571686
3679,86,0,True,0.0020000000949949026,3,4,6,0.07457860559225082,0.07457860559225082,0.07457860559225082,0.4254213869571686,0.4254213869571686
407,87,0,True,0.0020000000949949026,3,4,6,0.07457860559225082,0.07457860559225082,0.07457860559225082,0.4254213869571686,0.4254213869571686
409,87,0,True,0.0020000000949949026,3,4,6,0.07457860559225082,0.07457860559225082,0.07457860559225082,0.4254213869571686,0.4254213869571686
410,87,0,True,0.0020000000949949026,3,4,6,0.07457860559225082,0.07457860559225082,0.07457860559225082,0.4254213869571686,0.4254213869571686
411,87,0,True,0.0020000000949949026,3,4,6,0.07457860559225082,0.07457860559225082,0.07457860559225082,0.4254213869571686,0.4254213869571686
412,87,0,True,0.0020000000949949026,3,4,6,0.07457860559225082,0.07457860559225082,0.07457860559225082,0.4254213869571686,0.4254213869571686
413,87,0,True,0.0020000000949949026,3,4,6,0.07457860559225082,0.07457860559225082,0.07457860559225082,0.4254213869571686,0.4254213869571686
416,87,0,True,0.0020000000949949026,3,4,6,0.07457860559225082,0.07457860559225082,0.07457860559225082,0.4254213869571686,0.4254213869571686
3680,87,0,True,0.0020000000949949026,3,4,6,0.07457860559225082,0.07457860559225082,0.07457860559225082,0.4254213869571686,0.4254213869571686
3681,87,0,True,0.0020000000949949026,3,4,6,0.07457860559225082,0.07457860559225082,0.07457860559225082,0.4254213869571686,0.4254213869571686
3682,87,0,True,0.0020000000949949026,3,4,6,0.07457860559225082,0.07457860559225082,0.07457860559225082,0.4254213869571686,0.4254213869571686
3684,87,0,True,0.0020000000949949026,3,4,6,0.07457860559225082,0.07457860559225082,0.07457860559225082,0.4254213869571686,0.4254213869571686
3685,87,0,True,0.0020000000949949026,3,4,6,0.07457860559225082,0.07457860559225082,0.07457860559225082,0.4254213869571686,0.4254213869571686
3688,87,0,True,0.0020000000949949026,3,4,6,0.07457860559225082,0.07457860559225082,0.07457860559225082,0.4254213869571686,0.4254213869571686
3690,87,0,True,0.0020000000949949026,3,4,6,0.07457860559225082,0.07457860559225082,0.07457860559225082,0.4254213869571686,0.4254213869571686
3691,87,0,True,0.0020000000949949026,3,4,6,0.07457860559225082,0.07457860559225082,0.07457860559225082,0.4254213869571686,0.4254213869571686
3693,87,0,True,0.0020000000949949026,3,4,6,0.07457860559225082,0.07457860559225082,0.07457860559225082,0.4254213869571686,0.4254213869571686
3695,87,0,True,0.0020000000949949026,3,4,6,0.07457860559225082,0.07457860559225082,0.07457860559225082,0.4254213869571686,0.4254213869571686
3696,87,0,True,0.0020000000949949026,3,4,6,0.07457860559225082,0.07457860559225082,0.07457860559225082,0.4254213869571686,0.4254213869571686
3697,87,0,True,0.0020000000949949026,3,4,6,0.07457860559225082,0.07457860559225082,0.07457860559225082,0.4254213869571686,0.4254213869571686
3699,87,0,True,0.0020000000949949026,3,4,6,0.07457860559225082,0.07457860559225082,0.07457860559225082,0.4254213869571686,0.4254213869571686
3700,87,0,True,0.0020000000949949026,3,4,6,0.07457860559225082,0.07457860559225082,0.07457860559225082,0.4254213869571686,0.4254213869571686
3701,87,0,True,0.0020000000949949026,3,4,6,0.07457860559225082,0.07457860559225082,0.07457860559225082,0.4254213869571686,0.4254213869571686
3706,87,0,True,0.0020000000949949026,3,4,6,0.07457860559225082,0.07457860559225082,0.07457860559225082,0.4254213869571686,0.4254213869571686
3708,87,0,True,0.0020000000949949026,3,4,6,0.07457860559225082,0.07457860559225082,0.07457860559225082,0.4254213869571686,0.4254213869571686
3710,87,0,True,0.0020000000949949026,3,4,6,0.07457860559225082,0.07457860559225082,0.07457860559225082,0.4254213869571686,0.4254213869571686
3711,87,0,True,0.0020000000949949026,3,4,6,0.07457860559225082,0.07457860559225082,0.07457860559225082,0.4254213869571686,0.4254213869571686
3712,87,0,True,0.0020000000949949026,3,4,6,0.07457860559225082,0.07457860559225082,0.07457860559225082,0.4254213869571686,0.4254213869571686
3713,87,0,True,0.0020000000949949026,3,4,6,0.07457860559225082,0.07457860559225082,0.07457860559225082,0.4254213869571686,0.4254213869571686
3714,87,0,True,0.0020000000949949026,3,4,6,0.07457860559225082,0.07457860559225082,0.07457860559225082,0.4254213869571686,0.4254213869571686
3716,87,0,True,0.0020000000949949026,3,4,6,0.07457860559225082,0.07457860559225082,0.07457860559225082,0.4254213869571686,0.4254213869571686
3717,87,0,True,0.0020000000949949026,3,4,6,0.07457860559225082,0.07457860559225082,0.07457860559225082,0.4254213869571686,0.4254213869571686
3718,87,0,True,0.0020000000949949026,3,4,6,0.07457860559225082,0.07457860559225082,0.07457860559225082,0.4254213869571686,0.4254213869571686
3719,87,0,True,0.0020000000949949026,3,4,6,0.07457860559225082,0.07457860559225082,0.07457860559225082,0.4254213869571686,0.4254213869571686
430,89,0,True,0.0020000000949949026,3,4,6,0.07457860559225082,0.07457860559225082,0.07457860559225082,0.4254213869571686,0.4254213869571686
431,89,0,True,0.0020000000949949026,3,4,6,0.07457860559225082,0.07457860559225082,0.07457860559225082,0.4254213869571686,0.4254213869571686
432,89,0,True,0.0020000000949949026,3,4,6,0.07457860559225082,0.07457860559225082,0.07457860559225082,0.4254213869571686,0.4254213869571686
433,89,0,True,0.0020000000949949026,3,4,6,0.07457860559225082,0.07457860559225082,0.07457860559225082,0.4254213869571686,0.4254213869571686
434,89,0,True,0.0020000000949949026,3,4,6,0.07457860559225082,0.07457860559225082,0.07457860559225082,0.4254213869571686,0.4254213869571686
436,89,0,True,0.0020000000949949026,3,4,6,0.07457860559225082,0.07457860559225082,0.07457860559225082,0.4254213869571686,0.4254213869571686
437,89,0,True,0.0020000000949949026,3,4,6,0.07457860559225082,0.07457860559225082,0.07457860559225082,0.4254213869571686,0.4254213869571686
438,89,0,True,0.0020000000949949026,3,4,6,0.07457860559225082,0.07457860559225082,0.07457860559225082,0.4254213869571686,0.4254213869571686
439,89,0,True,0.0020000000949949026,3,4,6,0.07457860559225082,0.07457860559225082,0.07457860559225082,0.4254213869571686,0.4254213869571686
3760,89,0,True,0.0020000000949949026,3,4,6,0.07457860559225082,0.07457860559225082,0.07457860559225082,0.4254213869571686,0.4254213869571686
3761,89,0,True,0.0020000000949949026,3,4,6,0.07457860559225082,0.07457860559225082,0.07457860559225082,0.4254213869571686,0.4254213869571686
3763,89,0,True,0.0020000000949949026,3,4,6,0.07457860559225082,0.07457860559225082,0.07457860559225082,0.4254213869571686,0.4254213869571686
3765,89,0,True,0.0020000000949949026,3,4,6,0.07457860559225082,0.07457860559225082,0.07457860559225082,0.4254213869571686,0.4254213869571686
3766,89,0,True,0.0020000000949949026,3,4,6,0.07457860559225082,0.07457860559225082,0.07457860559225082,0.4254213869571686,0.4254213869571686
3767,89,0,True,0.0020000000949949026,3,4,6,0.07457860559225082,0.07457860559225082,0.07457860559225082,0.4254213869571686,0.4254213869571686
3768,89,0,True,0.0020000000949949026,3,4,6,0.07457860559225082,0.07457860559225082,0.07457860559225082,0.4254213869571686,0.4254213869571686
3771,89,0,True,0.0020000000949949026,3,4,6,0.07457860559225082,0.07457860559225082,0.07457860559225082,0.4254213869571686,0.4254213869571686
3773,89,0,True,0.0020000000949949026,3,4,6,0.07457860559225082,0.07457860559225082,0.07457860559225082,0.4254213869571686,0.4254213869571686
3774,89,0,True,0.0020000000949949026,3,4,6,0.07457860559225082,0.07457860559225082,0.07457860559225082,0.4254213869571686,0.4254213869571686
3775,89,0,True,0.0020000000949949026,3,4,6,0.07457860559225082,0.07457860559225082,0.07457860559225082,0.4254213869571686,0.4254213869571686
3776,89,0,True,0.0020000000949949026,3,4,6,0.07457860559225082,0.07457860559225082,0.07457860559225082,0.4254213869571686,0.4254213869571686
3777,89,0,True,0.0020000000949949026,3,4,6,0.07457860559225082,0.07457860559225082,0.07457860559225082,0.4254213869571686,0.4254213869571686
3778,89,0,True,0.0020000000949949026,3,4,6,0.07457860559225082,0.07457860559225082,0.07457860559225082,0.4254213869571686,0.4254213869571686
3779,89,0,True,0.0020000000949949026,3,4,6,0.07457860559225082,0.07457860559225082,0.07457860559225082,0.4254213869571686,0.4254213869571686
3781,89,0,True,0.0020000000949949026,3,4,6,0.07457860559225082,0.07457860559225082,0.07457860559225082,0.4254213869571686,0.4254213869571686
3782,89,0,True,0.0020000000949949026,3,4,6,0.07457860559225082,0.07457860559225082,0.07457860559225082,0.4254213869571686,0.4254213869571686
3783,89,0,True,0.0020000000949949026,3,4,6,0.07457860559225082,0.07457860559225082,0.07457860559225082,0.4254213869571686,0.4254213869571686
3786,89,0,True,0.0020000000949949026,3,4,6,0.07457860559225082,0.07457860559225082,0.07457860559225082,0.4254213869571686,0.4254213869571686
3787,89,0,True,0.0020000000949949026,3,4,6,0.07457860559225082,0.07457860559225082,0.07457860559225082,0.4254213869571686,0.4254213869571686
3791,89,0,True,0.0020000000949949026,3,4,6,0.07457860559225082,0.07457860559225082,0.07457860559225082,0.4254213869571686,0.4254213869571686
3793,89,0,True,0.0020000000949949026,3,4,6,0.07457860559225082,0.07457860559225082,0.07457860559225082,0.4254213869571686,0.4254213869571686
3794,89,0,True,0.0020000000949949026,3,4,6,0.07457860559225082,0.07457860559225082,0.07457860559225082,0.4254213869571686,0.4254213869571686
3796,89,0,True,0.0020000000949949026,3,4,6,0.07457860559225082,0.07457860559225082,0.07457860559225082,0.4254213869571686,0.4254213869571686
3799,89,0,True,0.0020000000949949026,3,4,6,0.07457860559225082,0.07457860559225082,0.07457860559225082,0.4254213869571686,0.4254213869571686
451,91,0,True,0.0020000000949949026,3,4,6,0.07457860559225082,0.07457860559225082,0.07457860559225082,0.4254213869571686,0.4254213869571686
452,91,0,True,0.0020000000949949026,3,4,6,0.07457860559225082,0.07457860559225082,0.07457860559225082,0.4254213869571686,0.4254213869571686
454,91,0,True,0.0020000000949949026,3,4,6,0.07457860559225082,0.07457860559225082,0.07457860559225082,0.4254213869571686,0.4254213869571686
455,91,0,True,0.0020000000949949026,3,4,6,0.07457860559225082,0.07457860559225082,0.07457860559225082,0.4254213869571686,0.4254213869571686
457,91,0,True,0.0020000000949949026,3,4,6,0.07457860559225082,0.07457860559225082,0.07457860559225082,0.4254213869571686,0.4254213869571686
458,91,0,True,0.0020000000949949026,3,4,6,0.07457860559225082,0.07457860559225082,0.07457860559225082,0.4254213869571686,0.4254213869571686
459,91,0,True,0.0020000000949949026,3,4,6,0.07457860559225082,0.07457860559225082,0.07457860559225082,0.4254213869571686,0.4254213869571686
460,91,0,True,0.0020000000949949026,3,4,6,0.07457860559225082,0.07457860559225082,0.07457860559225082,0.4254213869571686,0.4254213869571686
3840,91,0,True,0.0020000000949949026,3,4,6,0.07457860559225082,0.07457860559225082,0.07457860559225082,0.4254213869571686,0.4254213869571686
3841,91,0,True,0.0020000000949949026,3,4,6,0.07457860559225082,0.07457860559225082,0.07457860559225082,0.4254213869571686,0.4254213869571686
3842,91,0,True,0.0020000000949949026,3,4,6,0.07457860559225082,0.07457860559225082,0.07457860559225082,0.4254213869571686,0.4254213869571686
3844,91,0,True,0.0020000000949949026,3,4,6,0.07457860559225082,0.07457860559225082,0.07457860559225082,0.4254213869571686,0.4254213869571686
3845,91,0,True,0.0020000000949949026,3,4,6,0.07457860559225082,0.07457860559225082,0.07457860559225082,0.4254213869571686,0.4254213869571686
3847,91,0,True,0.0020000000949949026,3,4,6,0.07457860559225082,0.07457860559225082,0.07457860559225082,0.4254213869571686,0.4254213869571686
3848,91,0,True,0.0020000000949949026,3,4,6,0.07457860559225082,0.07457860559225082,0.07457860559225082,0.4254213869571686,0.4254213869571686
3851,91,0,True,0.0020000000949949026,3,4,6,0.07457860559225082,0.07457860559225082,0.07457860559225082,0.4254213869571686,0.4254213869571686
3852,91,0,True,0.0020000000949949026,3,4,6,0.07457860559225082,0.07457860559225082,0.07457860559225082,0.4254213869571686,0.4254213869571686
3856,91,0,True,0.0020000000949949026,3,4,6,0.07457860559225082,0.07457860559225082,0.07457860559225082,0.4254213869571686,0.4254213869571686
3861,91,0,True,0.0020000000949949026,3,4,6,0.07457860559225082,0.07457860559225082,0.07457860559225082,0.4254213869571686,0.4254213869571686
3862,91,0,True,0.0020000000949949026,3,4,6,0.07457860559225082,0.07457860559225082,0.07457860559225082,0.4254213869571686,0.4254213869571686
3863,91,0,True,0.0020000000949949026,3,4,6,0.07457860559225082,0.07457860559225082,0.07457860559225082,0.4254213869571686,0.4254213869571686
3864,91,0,True,0.0020000000949949026,3,4,6,0.07457860559225082,0.07457860559225082,0.07457860559225082,0.4254213869571686,0.4254213869571686
3865,91,0,True,0.0020000000949949026,3,4,6,0.07457860559225082,0.07457860559225082,0.07457860559225082,0.4254213869571686,0.4254213869571686
3866,91,0,True,0.0020000000949949026,3,4,6,0.07457860559225082,0.07457860559225082,0.07457860559225082,0.4254213869571686,0.4254213869571686
3867,91,0,True,0.0020000000949949026,3,4,6,0.07457860559225082,0.07457860559225082,0.07457860559225082,0.4254213869571686,0.4254213869571686
3870,91,0,True,0.0020000000949949026,3,4,6,0.07457860559225082,0.07457860559225082,0.07457860559225082,0.4254213869571686,0.4254213869571686
3871,91,0,True,0.0020000000949949026,3,4,6,0.07457860559225082,0.07457860559225082,0.07457860559225082,0.4254213869571686,0.4254213869571686
3872,91,0,True,0.0020000000949949026,3,4,6,0.07457860559225082,0.07457860559225082,0.07457860559225082,0.4254213869571686,0.4254213869571686
3873,91,0,True,0.0020000000949949026,3,4,6,0.07457860559225082,0.07457860559225082,0.07457860559225082,0.4254213869571686,0.4254213869571686
3874,91,0,True,0.0020000000949949026,3,4,6,0.07457860559225082,0.07457860559225082,0.07457860559225082,0.4254213869571686,0.4254213869571686
3877,91,0,True,0.0020000000949949026,3,4,6,0.07457860559225082,0.07457860559225082,0.07457860559225082,0.4254213869571686,0.4254213869571686
3878,91,0,True,0.0020000000949949026,3,4,6,0.07457860559225082,0.07457860559225082,0.07457860559225082,0.4254213869571686,0.4254213869571686
3879,91,0,True,0.0020000000949949026,3,4,6,0.07457860559225082,0.07457860559225082,0.07457860559225082,0.4254213869571686,0.4254213869571686
462,92,0,True,0.0020000000949949026,7,4,10,0.07457860559225082,0.07457860559225082,0.07457860559225082,0.4254213869571686,0.42542141675949097
550,100,0,True,0.0020000000949949026,3,4,6,0.07457860559225082,0.07457860559225082,0.07457860559225082,0.4254213869571686,0.4254213869571686
552,100,0,True,0.0020000000949949026,3,4,6,0.07457860559225082,0.07457860559225082,0.07457860559225082,0.4254213869571686,0.4254213869571686
553,100,0,True,0.0020000000949949026,3,4,6,0.07457860559225082,0.07457860559225082,0.07457860559225082,0.4254213869571686,0.4254213869571686
554,100,0,True,0.0020000000949949026,3,4,6,0.07457860559225082,0.07457860559225082,0.07457860559225082,0.4254213869571686,0.4254213869571686
556,100,0,True,0.0020000000949949026,3,4,6,0.07457860559225082,0.07457860559225082,0.07457860559225082,0.4254213869571686,0.4254213869571686
557,100,0,True,0.0020000000949949026,3,4,6,0.07457860559225082,0.07457860559225082,0.07457860559225082,0.4254213869571686,0.4254213869571686
558,100,0,True,0.0020000000949949026,3,4,6,0.07457860559225082,0.07457860559225082,0.07457860559225082,0.4254213869571686,0.4254213869571686
559,100,0,True,0.0020000000949949026,3,4,6,0.07457860559225082,0.07457860559225082,0.07457860559225082,0.4254213869571686,0.4254213869571686
560,100,0,True,0.0020000000949949026,3,4,6,0.07457860559225082,0.07457860559225082,0.07457860559225082,0.4254213869571686,0.4254213869571686
4202,100,0,True,0.0020000000949949026,3,4,6,0.07457860559225082,0.07457860559225082,0.07457860559225082,0.4254213869571686,0.4254213869571686
4203,100,0,True,0.0020000000949949026,3,4,6,0.07457860559225082,0.07457860559225082,0.07457860559225082,0.4254213869571686,0.4254213869571686
4204,100,0,True,0.0020000000949949026,3,4,6,0.07457860559225082,0.07457860559225082,0.07457860559225082,0.4254213869571686,0.4254213869571686
4205,100,0,True,0.0020000000949949026,3,4,6,0.07457860559225082,0.07457860559225082,0.07457860559225082,0.4254213869571686,0.4254213869571686
4206,100,0,True,0.0020000000949949026,3,4,6,0.07457860559225082,0.07457860559225082,0.07457860559225082,0.4254213869571686,0.4254213869571686
4207,100,0,True,0.0020000000949949026,3,4,6,0.07457860559225082,0.07457860559225082,0.07457860559225082,0.4254213869571686,0.4254213869571686
4208,100,0,True,0.0020000000949949026,3,4,6,0.07457860559225082,0.07457860559225082,0.07457860559225082,0.4254213869571686,0.4254213869571686
4209,100,0,True,0.0020000000949949026,3,4,6,0.07457860559225082,0.07457860559225082,0.07457860559225082,0.4254213869571686,0.4254213869571686
4210,100,0,True,0.0020000000949949026,3,4,6,0.07457860559225082,0.07457860559225082,0.07457860559225082,0.4254213869571686,0.4254213869571686
4211,100,0,True,0.0020000000949949026,3,4,6,0.07457860559225082,0.07457860559225082,0.07457860559225082,0.4254213869571686,0.4254213869571686
4214,100,0,True,0.0020000000949949026,3,4,6,0.07457860559225082,0.07457860559225082,0.07457860559225082,0.4254213869571686,0.4254213869571686
4215,100,0,True,0.0020000000949949026,3,4,6,0.07457860559225082,0.07457860559225082,0.07457860559225082,0.4254213869571686,0.4254213869571686
4216,100,0,True,0.0020000000949949026,3,4,6,0.07457860559225082,0.07457860559225082,0.07457860559225082,0.4254213869571686,0.4254213869571686
4217,100,0,True,0.0020000000949949026,3,4,6,0.07457860559225082,0.07457860559225082,0.07457860559225082,0.4254213869571686,0.4254213869571686
4218,100,0,True,0.0020000000949949026,3,4,6,0.07457860559225082,0.07457860559225082,0.07457860559225082,0.4254213869571686,0.4254213869571686
4219,100,0,True,0.0020000000949949026,3,4,6,0.07457860559225082,0.07457860559225082,0.07457860559225082,0.4254213869571686,0.4254213869571686
4220,100,0,True,0.0020000000949949026,3,4,6,0.07457860559225082,0.07457860559225082,0.07457860559225082,0.4254213869571686,0.4254213869571686
4222,100,0,True,0.0020000000949949026,3,4,6,0.07457860559225082,0.07457860559225082,0.07457860559225082,0.4254213869571686,0.4254213869571686
4223,100,0,True,0.0020000000949949026,3,4,6,0.07457860559225082,0.07457860559225082,0.07457860559225082,0.4254213869571686,0.4254213869571686
4224,100,0,True,0.0020000000949949026,3,4,6,0.07457860559225082,0.07457860559225082,0.07457860559225082,0.4254213869571686,0.4254213869571686
4226,100,0,True,0.0020000000949949026,3,4,6,0.07457860559225082,0.07457860559225082,0.07457860559225082,0.4254213869571686,0.4254213869571686
4228,100,0,True,0.0020000000949949026,3,4,6,0.07457860559225082,0.07457860559225082,0.07457860559225082,0.4254213869571686,0.4254213869571686
4229,100,0,True,0.0020000000949949026,3,4,6,0.07457860559225082,0.07457860559225082,0.07457860559225082,0.4254213869571686,0.4254213869571686
4230,100,0,True,0.0020000000949949026,3,4,6,0.07457860559225082,0.07457860559225082,0.07457860559225082,0.4254213869571686,0.4254213869571686
4231,100,0,True,0.0020000000949949026,3,4,6,0.07457860559225082,0.07457860559225082,0.07457860559225082,0.4254213869571686,0.4254213869571686
4232,100,0,True,0.0020000000949949026,3,4,6,0.07457860559225082,0.07457860559225082,0.07457860559225082,0.4254213869571686,0.4254213869571686
4233,100,0,True,0.0020000000949949026,3,4,6,0.07457860559225082,0.07457860559225082,0.07457860559225082,0.4254213869571686,0.4254213869571686
4237,100,0,True,0.0020000000949949026,3,4,6,0.07457860559225082,0.07457860559225082,0.07457860559225082,0.4254213869571686,0.4254213869571686
4238,100,0,True,0.0020000000949949026,3,4,6,0.07457860559225082,0.07457860559225082,0.07457860559225082,0.4254213869571686,0.4254213869571686
4239,100,0,True,0.0020000000949949026,3,4,6,0.07457860559225082,0.07457860559225082,0.07457860559225082,0.4254213869571686,0.4254213869571686
627,107,0,True,0.0020000000949949026,3,4,6,0.07457860559225082,0.07457860559225082,0.07457860559225082,0.4254213869571686,0.4254213869571686
629,107,0,True,0.0020000000949949026,3,4,6,0.07457860559225082,0.07457860559225082,0.07457860559225082,0.4254213869571686,0.4254213869571686
631,107,0,True,0.0020000000949949026,3,4,6,0.07457860559225082,0.07457860559225082,0.07457860559225082,0.4254213869571686,0.4254213869571686
632,107,0,True,0.0020000000949949026,3,4,6,0.07457860559225082,0.07457860559225082,0.07457860559225082,0.4254213869571686,0.4254213869571686
633,107,0,True,0.0020000000949949026,3,4,6,0.07457860559225082,0.07457860559225082,0.07457860559225082,0.4254213869571686,0.4254213869571686
634,107,0,True,0.0020000000949949026,3,4,6,0.07457860559225082,0.07457860559225082,0.07457860559225082,0.4254213869571686,0.4254213869571686
636,107,0,True,0.0020000000949949026,3,4,6,0.07457860559225082,0.07457860559225082,0.07457860559225082,0.4254213869571686,0.4254213869571686
637,107,0,True,0.0020000000949949026,3,4,6,0.07457860559225082,0.07457860559225082,0.07457860559225082,0.4254213869571686,0.4254213869571686
4480,107,0,True,0.0020000000949949026,3,4,6,0.07457860559225082,0.07457860559225082,0.07457860559225082,0.4254213869571686,0.4254213869571686
4481,107,0,True,0.0020000000949949026,3,4,6,0.07457860559225082,0.07457860559225082,0.07457860559225082,0.4254213869571686,0.4254213869571686
4482,107,0,True,0.0020000000949949026,3,4,6,0.07457860559225082,0.07457860559225082,0.07457860559225082,0.4254213869571686,0.4254213869571686
4483,107,0,True,0.0020000000949949026,3,4,6,0.07457860559225082,0.07457860559225082,0.07457860559225082,0.4254213869571686,0.4254213869571686
4484,107,0,True,0.0020000000949949026,3,4,6,0.07457860559225082,0.07457860559225082,0.07457860559225082,0.4254213869571686,0.4254213869571686
4485,107,0,True,0.0020000000949949026,3,4,6,0.07457860559225082,0.07457860559225082,0.07457860559225082,0.4254213869571686,0.4254213869571686
4486,107,0,True,0.0020000000949949026,3,4,6,0.07457860559225082,0.07457860559225082,0.07457860559225082,0.4254213869571686,0.4254213869571686
4489,107,0,True,0.0020000000949949026,3,4,6,0.07457860559225082,0.07457860559225082,0.07457860559225082,0.4254213869571686,0.4254213869571686
4491,107,0,True,0.0020000000949949026,3,4,6,0.07457860559225082,0.07457860559225082,0.07457860559225082,0.4254213869571686,0.4254213869571686
4492,107,0,True,0.0020000000949949026,3,4,6,0.07457860559225082,0.07457860559225082,0.07457860559225082,0.4254213869571686,0.4254213869571686
4493,107,0,True,0.0020000000949949026,3,4,6,0.07457860559225082,0.07457860559225082,0.07457860559225082,0.4254213869571686,0.4254213869571686
4494,107,0,True,0.0020000000949949026,3,4,6,0.07457860559225082,0.07457860559225082,0.07457860559225082,0.4254213869571686,0.4254213869571686
4495,107,0,True,0.0020000000949949026,3,4,6,0.07457860559225082,0.07457860559225082,0.07457860559225082,0.4254213869571686,0.4254213869571686
4497,107,0,True,0.0020000000949949026,3,4,6,0.07457860559225082,0.07457860559225082,0.07457860559225082,0.4254213869571686,0.4254213869571686
4498,107,0,True,0.0020000000949949026,3,4,6,0.07457860559225082,0.07457860559225082,0.07457860559225082,0.4254213869571686,0.4254213869571686
4502,107,0,True,0.0020000000949949026,3,4,6,0.07457860559225082,0.07457860559225082,0.07457860559225082,0.4254213869571686,0.4254213869571686
4505,107,0,True,0.0020000000949949026,3,4,6,0.07457860559225082,0.07457860559225082,0.07457860559225082,0.4254213869571686,0.4254213869571686
4506,107,0,True,0.0020000000949949026,3,4,6,0.07457860559225082,0.07457860559225082,0.07457860559225082,0.4254213869571686,0.4254213869571686
4507,107,0,True,0.0020000000949949026,3,4,6,0.07457860559225082,0.07457860559225082,0.07457860559225082,0.4254213869571686,0.4254213869571686
4512,107,0,True,0.0020000000949949026,3,4,6,0.07457860559225082,0.07457860559225082,0.07457860559225082,0.4254213869571686,0.4254213869571686
4514,107,0,True,0.0020000000949949026,3,4,6,0.07457860559225082,0.07457860559225082,0.07457860559225082,0.4254213869571686,0.4254213869571686
4515,107,0,True,0.0020000000949949026,3,4,6,0.07457860559225082,0.07457860559225082,0.07457860559225082,0.4254213869571686,0.4254213869571686
4516,107,0,True,0.0020000000949949026,3,4,6,0.07457860559225082,0.07457860559225082,0.07457860559225082,0.4254213869571686,0.4254213869571686
4517,107,0,True,0.0020000000949949026,3,4,6,0.07457860559225082,0.07457860559225082,0.07457860559225082,0.4254213869571686,0.4254213869571686
4518,107,0,True,0.0020000000949949026,3,4,6,0.07457860559225082,0.07457860559225082,0.07457860559225082,0.4254213869571686,0.4254213869571686
4519,107,0,True,0.0020000000949949026,3,4,6,0.07457860559225082,0.07457860559225082,0.07457860559225082,0.4254213869571686,0.4254213869571686
693,113,0,True,0.0020000000949949026,3,4,6,0.07457860559225082,0.07457860559225082,0.07457860559225082,0.4254213869571686,0.4254213869571686
694,113,0,True,0.0020000000949949026,3,4,6,0.07457860559225082,0.07457860559225082,0.07457860559225082,0.4254213869571686,0.4254213869571686
696,113,0,True,0.0020000000949949026,3,4,6,0.07457860559225082,0.07457860559225082,0.07457860559225082,0.4254213869571686,0.4254213869571686
697,113,0,True,0.0020000000949949026,3,4,6,0.07457860559225082,0.07457860559225082,0.07457860559225082,0.4254213869571686,0.4254213869571686
700,113,0,True,0.0020000000949949026,3,4,6,0.07457860559225082,0.07457860559225082,0.07457860559225082,0.4254213869571686,0.4254213869571686
701,113,0,True,0.0020000000949949026,3,4,6,0.07457860559225082,0.07457860559225082,0.07457860559225082,0.4254213869571686,0.4254213869571686
702,113,0,True,0.0020000000949949026,3,4,6,0.07457860559225082,0.07457860559225082,0.07457860559225082,0.4254213869571686,0.4254213869571686
4720,113,0,True,0.0020000000949949026,3,4,6,0.07457860559225082,0.07457860559225082,0.07457860559225082,0.4254213869571686,0.4254213869571686
4721,113,0,True,0.0020000000949949026,3,4,6,0.07457860559225082,0.07457860559225082,0.07457860559225082,0.4254213869571686,0.4254213869571686
4723,113,0,True,0.0020000000949949026,3,4,6,0.07457860559225082,0.07457860559225082,0.07457860559225082,0.4254213869571686,0.4254213869571686
4725,113,0,True,0.0020000000949949026,3,4,6,0.07457860559225082,0.07457860559225082,0.07457860559225082,0.4254213869571686,0.4254213869571686
4726,113,0,True,0.0020000000949949026,3,4,6,0.07457860559225082,0.07457860559225082,0.07457860559225082,0.4254213869571686,0.4254213869571686
4728,113,0,True,0.0020000000949949026,3,4,6,0.07457860559225082,0.07457860559225082,0.07457860559225082,0.4254213869571686,0.4254213869571686
4729,113,0,True,0.0020000000949949026,3,4,6,0.07457860559225082,0.07457860559225082,0.07457860559225082,0.4254213869571686,0.4254213869571686
4730,113,0,True,0.0020000000949949026,3,4,6,0.07457860559225082,0.07457860559225082,0.07457860559225082,0.4254213869571686,0.4254213869571686
4732,113,0,True,0.0020000000949949026,3,4,6,0.07457860559225082,0.07457860559225082,0.07457860559225082,0.4254213869571686,0.4254213869571686
4733,113,0,True,0.0020000000949949026,3,4,6,0.07457860559225082,0.07457860559225082,0.07457860559225082,0.4254213869571686,0.4254213869571686
4734,113,0,True,0.0020000000949949026,3,4,6,0.07457860559225082,0.07457860559225082,0.07457860559225082,0.4254213869571686,0.4254213869571686
4735,113,0,True,0.0020000000949949026,3,4,6,0.07457860559225082,0.07457860559225082,0.07457860559225082,0.4254213869571686,0.4254213869571686
4736,113,0,True,0.0020000000949949026,3,4,6,0.07457860559225082,0.07457860559225082,0.07457860559225082,0.4254213869571686,0.4254213869571686
4737,113,0,True,0.0020000000949949026,3,4,6,0.07457860559225082,0.07457860559225082,0.07457860559225082,0.4254213869571686,0.4254213869571686
4738,113,0,True,0.0020000000949949026,3,4,6,0.07457860559225082,0.07457860559225082,0.07457860559225082,0.4254213869571686,0.4254213869571686
4739,113,0,True,0.0020000000949949026,3,4,6,0.07457860559225082,0.07457860559225082,0.07457860559225082,0.4254213869571686,0.4254213869571686
4741,113,0,True,0.0020000000949949026,3,4,6,0.07457860559225082,0.07457860559225082,0.07457860559225082,0.4254213869571686,0.4254213869571686
4743,113,0,True,0.0020000000949949026,3,4,6,0.07457860559225082,0.07457860559225082,0.07457860559225082,0.4254213869571686,0.4254213869571686
4744,113,0,True,0.0020000000949949026,3,4,6,0.07457860559225082,0.07457860559225082,0.07457860559225082,0.4254213869571686,0.4254213869571686
4745,113,0,True,0.0020000000949949026,3,4,6,0.07457860559225082,0.07457860559225082,0.07457860559225082,0.4254213869571686,0.4254213869571686
4746,113,0,True,0.0020000000949949026,3,4,6,0.07457860559225082,0.07457860559225082,0.07457860559225082,0.4254213869571686,0.4254213869571686
4749,113,0,True,0.0020000000949949026,3,4,6,0.07457860559225082,0.07457860559225082,0.07457860559225082,0.4254213869571686,0.4254213869571686
4753,113,0,True,0.0020000000949949026,3,4,6,0.07457860559225082,0.07457860559225082,0.07457860559225082,0.4254213869571686,0.4254213869571686
4754,113,0,True,0.0020000000949949026,3,4,6,0.07457860559225082,0.07457860559225082,0.07457860559225082,0.4254213869571686,0.4254213869571686
4755,113,0,True,0.0020000000949949026,3,4,6,0.07457860559225082,0.07457860559225082,0.07457860559225082,0.4254213869571686,0.4254213869571686
4758,113,0,True,0.0020000000949949026,3,4,6,0.07457860559225082,0.07457860559225082,0.07457860559225082,0.4254213869571686,0.4254213869571686
4759,113,0,True,0.0020000000949949026,3,4,6,0.07457860559225082,0.07457860559225082,0.07457860559225082,0.4254213869571686,0.4254213869571686
704,114,0,True,0.0020000000949949026,3,4,6,0.07457860559225082,0.07457860559225082,0.07457860559225082,0.4254213869571686,0.4254213869571686
705,114,0,True,0.0020000000949949026,3,4,6,0.07457860559225082,0.07457860559225082,0.07457860559225082,0.4254213869571686,0.4254213869571686
706,114,0,True,0.0020000000949949026,3,4,6,0.07457860559225082,0.07457860559225082,0.07457860559225082,0.4254213869571686,0.4254213869571686
708,114,0,True,0.0020000000949949026,3,4,6,0.07457860559225082,0.07457860559225082,0.07457860559225082,0.4254213869571686,0.4254213869571686
711,114,0,True,0.0020000000949949026,3,4,6,0.07457860559225082,0.07457860559225082,0.07457860559225082,0.4254213869571686,0.4254213869571686
713,114,0,True,0.0020000000949949026,3,4,6,0.07457860559225082,0.07457860559225082,0.07457860559225082,0.4254213869571686,0.4254213869571686
714,114,0,True,0.0020000000949949026,3,4,6,0.07457860559225082,0.07457860559225082,0.07457860559225082,0.4254213869571686,0.4254213869571686
4761,114,0,True,0.0020000000949949026,3,4,6,0.07457860559225082,0.07457860559225082,0.07457860559225082,0.4254213869571686,0.4254213869571686
4767,114,0,True,0.0020000000949949026,3,4,6,0.07457860559225082,0.07457860559225082,0.07457860559225082,0.4254213869571686,0.4254213869571686
4768,114,0,True,0.0020000000949949026,3,4,6,0.07457860559225082,0.07457860559225082,0.07457860559225082,0.4254213869571686,0.4254213869571686
4770,114,0,True,0.0020000000949949026,3,4,6,0.07457860559225082,0.07457860559225082,0.07457860559225082,0.4254213869571686,0.4254213869571686
4771,114,0,True,0.0020000000949949026,3,4,6,0.07457860559225082,0.07457860559225082,0.07457860559225082,0.4254213869571686,0.4254213869571686
4772,114,0,True,0.0020000000949949026,3,4,6,0.07457860559225082,0.07457860559225082,0.07457860559225082,0.4254213869571686,0.4254213869571686
4773,114,0,True,0.0020000000949949026,3,4,6,0.07457860559225082,0.07457860559225082,0.07457860559225082,0.4254213869571686,0.4254213869571686
4774,114,0,True,0.0020000000949949026,3,4,6,0.07457860559225082,0.07457860559225082,0.07457860559225082,0.4254213869571686,0.4254213869571686
4776,114,0,True,0.0020000000949949026,3,4,6,0.07457860559225082,0.07457860559225082,0.07457860559225082,0.4254213869571686,0.4254213869571686
4777,114,0,True,0.0020000000949949026,3,4,6,0.07457860559225082,0.07457860559225082,0.07457860559225082,0.4254213869571686,0.4254213869571686
4778,114,0,True,0.0020000000949949026,3,4,6,0.07457860559225082,0.07457860559225082,0.07457860559225082,0.4254213869571686,0.4254213869571686
4780,114,0,True,0.0020000000949949026,3,4,6,0.07457860559225082,0.07457860559225082,0.07457860559225082,0.4254213869571686,0.4254213869571686
4781,114,0,True,0.0020000000949949026,3,4,6,0.07457860559225082,0.07457860559225082,0.07457860559225082,0.4254213869571686,0.4254213869571686
4782,114,0,True,0.0020000000949949026,3,4,6,0.07457860559225082,0.07457860559225082,0.07457860559225082,0.4254213869571686,0.4254213869571686
4783,114,0,True,0.0020000000949949026,3,4,6,0.07457860559225082,0.07457860559225082,0.07457860559225082,0.4254213869571686,0.4254213869571686
4787,114,0,True,0.0020000000949949026,3,4,6,0.07457860559225082,0.07457860559225082,0.07457860559225082,0.4254213869571686,0.4254213869571686
4788,114,0,True,0.0020000000949949026,3,4,6,0.07457860559225082,0.07457860559225082,0.07457860559225082,0.4254213869571686,0.4254213869571686
4789,114,0,True,0.0020000000949949026,3,4,6,0.07457860559225082,0.07457860559225082,0.07457860559225082,0.4254213869571686,0.4254213869571686
4792,114,0,True,0.0020000000949949026,3,4,6,0.07457860559225082,0.07457860559225082,0.07457860559225082,0.4254213869571686,0.4254213869571686
4793,114,0,True,0.0020000000949949026,3,4,6,0.07457860559225082,0.07457860559225082,0.07457860559225082,0.4254213869571686,0.4254213869571686
4794,114,0,True,0.0020000000949949026,3,4,6,0.07457860559225082,0.07457860559225082,0.07457860559225082,0.4254213869571686,0.4254213869571686
4795,114,0,True,0.0020000000949949026,3,4,6,0.07457860559225082,0.07457860559225082,0.07457860559225082,0.4254213869571686,0.4254213869571686
4796,114,0,True,0.0020000000949949026,3,4,6,0.07457860559225082,0.07457860559225082,0.07457860559225082,0.4254213869571686,0.4254213869571686
4797,114,0,True,0.0020000000949949026,3,4,6,0.07457860559225082,0.07457860559225082,0.07457860559225082,0.4254213869571686,0.4254213869571686
4798,114,0,True,0.0020000000949949026,3,4,6,0.07457860559225082,0.07457860559225082,0.07457860559225082,0.4254213869571686,0.4254213869571686
748,118,0,True,0.0020000000949949026,3,4,6,0.07457860559225082,0.07457860559225082,0.07457860559225082,0.4254213869571686,0.4254213869571686
749,118,0,True,0.0020000000949949026,3,4,6,0.07457860559225082,0.07457860559225082,0.07457860559225082,0.4254213869571686,0.4254213869571686
750,118,0,True,0.0020000000949949026,3,4,6,0.07457860559225082,0.07457860559225082,0.07457860559225082,0.4254213869571686,0.4254213869571686
754,118,0,True,0.0020000000949949026,3,4,6,0.07457860559225082,0.07457860559225082,0.07457860559225082,0.4254213869571686,0.4254213869571686
758,118,0,True,0.0020000000949949026,3,4,6,0.07457860559225082,0.07457860559225082,0.07457860559225082,0.4254213869571686,0.4254213869571686
4920,118,0,True,0.0020000000949949026,3,4,6,0.07457860559225082,0.07457860559225082,0.07457860559225082,0.4254213869571686,0.4254213869571686
4922,118,0,True,0.0020000000949949026,3,4,6,0.07457860559225082,0.07457860559225082,0.07457860559225082,0.4254213869571686,0.4254213869571686
4925,118,0,True,0.0020000000949949026,3,4,6,0.07457860559225082,0.07457860559225082,0.07457860559225082,0.4254213869571686,0.4254213869571686
4926,118,0,True,0.0020000000949949026,3,4,6,0.07457860559225082,0.07457860559225082,0.07457860559225082,0.4254213869571686,0.4254213869571686
4927,118,0,True,0.0020000000949949026,3,4,6,0.07457860559225082,0.07457860559225082,0.07457860559225082,0.4254213869571686,0.4254213869571686
4929,118,0,True,0.0020000000949949026,3,4,6,0.07457860559225082,0.07457860559225082,0.07457860559225082,0.4254213869571686,0.4254213869571686
4930,118,0,True,0.0020000000949949026,3,4,6,0.07457860559225082,0.07457860559225082,0.07457860559225082,0.4254213869571686,0.4254213869571686
4931,118,0,True,0.0020000000949949026,3,4,6,0.07457860559225082,0.07457860559225082,0.07457860559225082,0.4254213869571686,0.4254213869571686
4933,118,0,True,0.0020000000949949026,3,4,6,0.07457860559225082,0.07457860559225082,0.07457860559225082,0.4254213869571686,0.4254213869571686
4934,118,0,True,0.0020000000949949026,3,4,6,0.07457860559225082,0.07457860559225082,0.07457860559225082,0.4254213869571686,0.4254213869571686
4936,118,0,True,0.0020000000949949026,3,4,6,0.07457860559225082,0.07457860559225082,0.07457860559225082,0.4254213869571686,0.4254213869571686
4937,118,0,True,0.0020000000949949026,3,4,6,0.07457860559225082,0.07457860559225082,0.07457860559225082,0.4254213869571686,0.4254213869571686
4938,118,0,True,0.0020000000949949026,3,4,6,0.07457860559225082,0.07457860559225082,0.07457860559225082,0.4254213869571686,0.4254213869571686
4941,118,0,True,0.0020000000949949026,3,4,6,0.07457860559225082,0.07457860559225082,0.07457860559225082,0.4254213869571686,0.4254213869571686
4942,118,0,True,0.0020000000949949026,3,4,6,0.07457860559225082,0.07457860559225082,0.07457860559225082,0.4254213869571686,0.4254213869571686
4943,118,0,True,0.0020000000949949026,3,4,6,0.07457860559225082,0.07457860559225082,0.07457860559225082,0.4254213869571686,0.4254213869571686
4944,118,0,True,0.0020000000949949026,3,4,6,0.07457860559225082,0.07457860559225082,0.07457860559225082,0.4254213869571686,0.4254213869571686
4945,118,0,True,0.0020000000949949026,3,4,6,0.07457860559225082,0.07457860559225082,0.07457860559225082,0.4254213869571686,0.4254213869571686
4947,118,0,True,0.0020000000949949026,3,4,6,0.07457860559225082,0.07457860559225082,0.07457860559225082,0.4254213869571686,0.4254213869571686
4948,118,0,True,0.0020000000949949026,3,4,6,0.07457860559225082,0.07457860559225082,0.07457860559225082,0.4254213869571686,0.4254213869571686
4950,118,0,True,0.0020000000949949026,3,4,6,0.07457860559225082,0.07457860559225082,0.07457860559225082,0.4254213869571686,0.4254213869571686
4951,118,0,True,0.0020000000949949026,3,4,6,0.07457860559225082,0.07457860559225082,0.07457860559225082,0.4254213869571686,0.4254213869571686
4952,118,0,True,0.0020000000949949026,3,4,6,0.07457860559225082,0.07457860559225082,0.07457860559225082,0.4254213869571686,0.4254213869571686
4953,118,0,True,0.0020000000949949026,3,4,6,0.07457860559225082,0.07457860559225082,0.07457860559225082,0.4254213869571686,0.4254213869571686
4954,118,0,True,0.0020000000949949026,3,4,6,0.07457860559225082,0.07457860559225082,0.07457860559225082,0.4254213869571686,0.4254213869571686
4957,118,0,True,0.0020000000949949026,3,4,6,0.07457860559225082,0.07457860559225082,0.07457860559225082,0.4254213869571686,0.4254213869571686
4958,118,0,True,0.0020000000949949026,3,4,6,0.07457860559225082,0.07457860559225082,0.07457860559225082,0.4254213869571686,0.4254213869571686
803,123,0,True,0.0020000000949949026,3,4,6,0.07457860559225082,0.07457860559225082,0.07457860559225082,0.4254213869571686,0.4254213869571686
804,123,0,True,0.0020000000949949026,3,4,6,0.07457860559225082,0.07457860559225082,0.07457860559225082,0.4254213869571686,0.4254213869571686
805,123,0,True,0.0020000000949949026,3,4,6,0.07457860559225082,0.07457860559225082,0.07457860559225082,0.4254213869571686,0.4254213869571686
807,123,0,True,0.0020000000949949026,3,4,6,0.07457860559225082,0.07457860559225082,0.07457860559225082,0.4254213869571686,0.4254213869571686
808,123,0,True,0.0020000000949949026,3,4,6,0.07457860559225082,0.07457860559225082,0.07457860559225082,0.4254213869571686,0.4254213869571686
810,123,0,True,0.0020000000949949026,3,4,6,0.07457860559225082,0.07457860559225082,0.07457860559225082,0.4254213869571686,0.4254213869571686
811,123,0,True,0.0020000000949949026,3,4,6,0.07457860559225082,0.07457860559225082,0.07457860559225082,0.4254213869571686,0.4254213869571686
812,123,0,True,0.0020000000949949026,3,4,6,0.07457860559225082,0.07457860559225082,0.07457860559225082,0.4254213869571686,0.4254213869571686
813,123,0,True,0.0020000000949949026,3,4,6,0.07457860559225082,0.07457860559225082,0.07457860559225082,0.4254213869571686,0.4254213869571686
5122,123,0,True,0.0020000000949949026,3,4,6,0.07457860559225082,0.07457860559225082,0.07457860559225082,0.4254213869571686,0.4254213869571686
5123,123,0,True,0.0020000000949949026,3,4,6,0.07457860559225082,0.07457860559225082,0.07457860559225082,0.4254213869571686,0.4254213869571686
5124,123,0,True,0.0020000000949949026,3,4,6,0.07457860559225082,0.07457860559225082,0.07457860559225082,0.4254213869571686,0.4254213869571686
5125,123,0,True,0.0020000000949949026,3,4,6,0.07457860559225082,0.07457860559225082,0.07457860559225082,0.4254213869571686,0.4254213869571686
5126,123,0,True,0.0020000000949949026,3,4,6,0.07457860559225082,0.07457860559225082,0.07457860559225082,0.4254213869571686,0.4254213869571686
5131,123,0,True,0.0020000000949949026,3,4,6,0.07457860559225082,0.07457860559225082,0.07457860559225082,0.4254213869571686,0.4254213869571686
5133,123,0,True,0.0020000000949949026,3,4,6,0.07457860559225082,0.07457860559225082,0.07457860559225082,0.4254213869571686,0.4254213869571686
5134,123,0,True,0.0020000000949949026,3,4,6,0.07457860559225082,0.07457860559225082,0.07457860559225082,0.4254213869571686,0.4254213869571686
5135,123,0,True,0.0020000000949949026,3,4,6,0.07457860559225082,0.07457860559225082,0.07457860559225082,0.4254213869571686,0.4254213869571686
5136,123,0,True,0.0020000000949949026,3,4,6,0.07457860559225082,0.07457860559225082,0.07457860559225082,0.4254213869571686,0.4254213869571686
5140,123,0,True,0.0020000000949949026,3,4,6,0.07457860559225082,0.07457860559225082,0.07457860559225082,0.4254213869571686,0.4254213869571686
5144,123,0,True,0.0020000000949949026,3,4,6,0.07457860559225082,0.07457860559225082,0.07457860559225082,0.4254213869571686,0.4254213869571686
5145,123,0,True,0.0020000000949949026,3,4,6,0.07457860559225082,0.07457860559225082,0.07457860559225082,0.4254213869571686,0.4254213869571686
5146,123,0,True,0.0020000000949949026,3,4,6,0.07457860559225082,0.07457860559225082,0.07457860559225082,0.4254213869571686,0.4254213869571686
5148,123,0,True,0.0020000000949949026,3,4,6,0.07457860559225082,0.07457860559225082,0.07457860559225082,0.4254213869571686,0.4254213869571686
5150,123,0,True,0.0020000000949949026,3,4,6,0.07457860559225082,0.07457860559225082,0.07457860559225082,0.4254213869571686,0.4254213869571686
5151,123,0,True,0.0020000000949949026,3,4,6,0.07457860559225082,0.07457860559225082,0.07457860559225082,0.4254213869571686,0.4254213869571686
5152,123,0,True,0.0020000000949949026,3,4,6,0.07457860559225082,0.07457860559225082,0.07457860559225082,0.4254213869571686,0.4254213869571686
5154,123,0,True,0.0020000000949949026,3,4,6,0.07457860559225082,0.07457860559225082,0.07457860559225082,0.4254213869571686,0.4254213869571686
5155,123,0,True,0.0020000000949949026,3,4,6,0.07457860559225082,0.07457860559225082,0.07457860559225082,0.4254213869571686,0.4254213869571686
5156,123,0,True,0.0020000000949949026,3,4,6,0.07457860559225082,0.07457860559225082,0.07457860559225082,0.4254213869571686,0.4254213869571686
5157,123,0,True,0.0020000000949949026,3,4,6,0.07457860559225082,0.07457860559225082,0.07457860559225082,0.4254213869571686,0.4254213869571686
5158,123,0,True,0.0020000000949949026,3,4,6,0.07457860559225082,0.07457860559225082,0.07457860559225082,0.4254213869571686,0.4254213869571686
825,125,0,True,0.0020000000949949026,3,4,6,0.07457860559225082,0.07457860559225082,0.07457860559225082,0.4254213869571686,0.4254213869571686
826,125,0,True,0.0020000000949949026,3,4,6,0.07457860559225082,0.07457860559225082,0.07457860559225082,0.4254213869571686,0.4254213869571686
827,125,0,True,0.0020000000949949026,3,4,6,0.07457860559225082,0.07457860559225082,0.07457860559225082,0.4254213869571686,0.4254213869571686
829,125,0,True,0.0020000000949949026,3,4,6,0.07457860559225082,0.07457860559225082,0.07457860559225082,0.4254213869571686,0.4254213869571686
830,125,0,True,0.0020000000949949026,3,4,6,0.07457860559225082,0.07457860559225082,0.07457860559225082,0.4254213869571686,0.4254213869571686
831,125,0,True,0.0020000000949949026,3,4,6,0.07457860559225082,0.07457860559225082,0.07457860559225082,0.4254213869571686,0.4254213869571686
832,125,0,True,0.0020000000949949026,3,4,6,0.07457860559225082,0.07457860559225082,0.07457860559225082,0.4254213869571686,0.4254213869571686
833,125,0,True,0.0020000000949949026,3,4,6,0.07457860559225082,0.07457860559225082,0.07457860559225082,0.4254213869571686,0.4254213869571686
834,125,0,True,0.0020000000949949026,3,4,6,0.07457860559225082,0.07457860559225082,0.07457860559225082,0.4254213869571686,0.4254213869571686
835,125,0,True,0.0020000000949949026,3,4,6,0.07457860559225082,0.07457860559225082,0.07457860559225082,0.4254213869571686,0.4254213869571686
5200,125,0,True,0.0020000000949949026,3,4,6,0.07457860559225082,0.07457860559225082,0.07457860559225082,0.4254213869571686,0.4254213869571686
5202,125,0,True,0.0020000000949949026,3,4,6,0.07457860559225082,0.07457860559225082,0.07457860559225082,0.4254213869571686,0.4254213869571686
5203,125,0,True,0.0020000000949949026,3,4,6,0.07457860559225082,0.07457860559225082,0.07457860559225082,0.4254213869571686,0.4254213869571686
5205,125,0,True,0.0020000000949949026,3,4,6,0.07457860559225082,0.07457860559225082,0.07457860559225082,0.4254213869571686,0.4254213869571686
5206,125,0,True,0.0020000000949949026,3,4,6,0.07457860559225082,0.07457860559225082,0.07457860559225082,0.4254213869571686,0.4254213869571686
5208,125,0,True,0.0020000000949949026,3,4,6,0.07457860559225082,0.07457860559225082,0.07457860559225082,0.4254213869571686,0.4254213869571686
5209,125,0,True,0.0020000000949949026,3,4,6,0.07457860559225082,0.07457860559225082,0.07457860559225082,0.4254213869571686,0.4254213869571686
5211,125,0,True,0.0020000000949949026,3,4,6,0.07457860559225082,0.07457860559225082,0.07457860559225082,0.4254213869571686,0.4254213869571686
5212,125,0,True,0.0020000000949949026,3,4,6,0.07457860559225082,0.07457860559225082,0.07457860559225082,0.4254213869571686,0.4254213869571686
5213,125,0,True,0.0020000000949949026,3,4,6,0.07457860559225082,0.07457860559225082,0.07457860559225082,0.4254213869571686,0.4254213869571686
5215,125,0,True,0.0020000000949949026,3,4,6,0.07457860559225082,0.07457860559225082,0.07457860559225082,0.4254213869571686,0.4254213869571686
5216,125,0,True,0.0020000000949949026,3,4,6,0.07457860559225082,0.07457860559225082,0.07457860559225082,0.4254213869571686,0.4254213869571686
5217,125,0,True,0.0020000000949949026,3,4,6,0.07457860559225082,0.07457860559225082,0.07457860559225082,0.4254213869571686,0.4254213869571686
5218,125,0,True,0.0020000000949949026,3,4,6,0.07457860559225082,0.07457860559225082,0.07457860559225082,0.4254213869571686,0.4254213869571686
5219,125,0,True,0.0020000000949949026,3,4,6,0.07457860559225082,0.07457860559225082,0.07457860559225082,0.4254213869571686,0.4254213869571686
5222,125,0,True,0.0020000000949949026,3,4,6,0.07457860559225082,0.07457860559225082,0.07457860559225082,0.4254213869571686,0.4254213869571686
5223,125,0,True,0.0020000000949949026,3,4,6,0.07457860559225082,0.07457860559225082,0.07457860559225082,0.4254213869571686,0.4254213869571686
5224,125,0,True,0.0020000000949949026,3,4,6,0.07457860559225082,0.07457860559225082,0.07457860559225082,0.4254213869571686,0.4254213869571686
5227,125,0,True,0.0020000000949949026,3,4,6,0.07457860559225082,0.07457860559225082,0.07457860559225082,0.4254213869571686,0.4254213869571686
5228,125,0,True,0.0020000000949949026,3,4,6,0.07457860559225082,0.07457860559225082,0.07457860559225082,0.4254213869571686,0.4254213869571686
5229,125,0,True,0.0020000000949949026,3,4,6,0.07457860559225082,0.07457860559225082,0.07457860559225082,0.4254213869571686,0.4254213869571686
5230,125,0,True,0.0020000000949949026,3,4,6,0.07457860559225082,0.07457860559225082,0.07457860559225082,0.4254213869571686,0.4254213869571686
5233,125,0,True,0.0020000000949949026,3,4,6,0.07457860559225082,0.07457860559225082,0.07457860559225082,0.4254213869571686,0.4254213869571686
5234,125,0,True,0.0020000000949949026,3,4,6,0.07457860559225082,0.07457860559225082,0.07457860559225082,0.4254213869571686,0.4254213869571686
5238,125,0,True,0.0020000000949949026,3,4,6,0.07457860559225082,0.07457860559225082,0.07457860559225082,0.4254213869571686,0.4254213869571686
946,136,0,True,0.0020000000949949026,3,4,6,0.07457860559225082,0.07457860559225082,0.07457860559225082,0.4254213869571686,0.4254213869571686
947,136,0,True,0.0020000000949949026,3,4,6,0.07457860559225082,0.07457860559225082,0.07457860559225082,0.4254213869571686,0.4254213869571686
948,136,0,True,0.0020000000949949026,3,4,6,0.07457860559225082,0.07457860559225082,0.07457860559225082,0.4254213869571686,0.4254213869571686
949,136,0,True,0.0020000000949949026,3,4,6,0.07457860559225082,0.07457860559225082,0.07457860559225082,0.4254213869571686,0.4254213869571686
950,136,0,True,0.0020000000949949026,3,4,6,0.07457860559225082,0.07457860559225082,0.07457860559225082,0.4254213869571686,0.4254213869571686
951,136,0,True,0.0020000000949949026,3,4,6,0.07457860559225082,0.07457860559225082,0.07457860559225082,0.4254213869571686,0.4254213869571686
952,136,0,True,0.0020000000949949026,3,4,6,0.07457860559225082,0.07457860559225082,0.07457860559225082,0.4254213869571686,0.4254213869571686
953,136,0,True,0.0020000000949949026,3,4,6,0.07457860559225082,0.07457860559225082,0.07457860559225082,0.4254213869571686,0.4254213869571686
955,136,0,True,0.0020000000949949026,3,4,6,0.07457860559225082,0.07457860559225082,0.07457860559225082,0.4254213869571686,0.4254213869571686
5640,136,0,True,0.0020000000949949026,3,4,6,0.07457860559225082,0.07457860559225082,0.07457860559225082,0.4254213869571686,0.4254213869571686
5641,136,0,True,0.0020000000949949026,3,4,6,0.07457860559225082,0.07457860559225082,0.07457860559225082,0.4254213869571686,0.4254213869571686
5642,136,0,True,0.0020000000949949026,3,4,6,0.07457860559225082,0.07457860559225082,0.07457860559225082,0.4254213869571686,0.4254213869571686
5643,136,0,True,0.0020000000949949026,3,4,6,0.07457860559225082,0.07457860559225082,0.07457860559225082,0.4254213869571686,0.4254213869571686
5644,136,0,True,0.0020000000949949026,3,4,6,0.07457860559225082,0.07457860559225082,0.07457860559225082,0.4254213869571686,0.4254213869571686
5645,136,0,True,0.0020000000949949026,3,4,6,0.07457860559225082,0.07457860559225082,0.07457860559225082,0.4254213869571686,0.4254213869571686
5646,136,0,True,0.0020000000949949026,3,4,6,0.07457860559225082,0.07457860559225082,0.07457860559225082,0.4254213869571686,0.4254213869571686
5647,136,0,True,0.0020000000949949026,3,4,6,0.07457860559225082,0.07457860559225082,0.07457860559225082,0.4254213869571686,0.4254213869571686
5649,136,0,True,0.0020000000949949026,3,4,6,0.07457860559225082,0.07457860559225082,0.07457860559225082,0.4254213869571686,0.4254213869571686
5651,136,0,True,0.0020000000949949026,3,4,6,0.07457860559225082,0.07457860559225082,0.07457860559225082,0.4254213869571686,0.4254213869571686
5652,136,0,True,0.0020000000949949026,3,4,6,0.07457860559225082,0.07457860559225082,0.07457860559225082,0.4254213869571686,0.4254213869571686
5653,136,0,True,0.0020000000949949026,3,4,6,0.07457860559225082,0.07457860559225082,0.07457860559225082,0.4254213869571686,0.4254213869571686
5654,136,0,True,0.0020000000949949026,3,4,6,0.07457860559225082,0.07457860559225082,0.07457860559225082,0.4254213869571686,0.4254213869571686
5655,136,0,True,0.0020000000949949026,3,4,6,0.07457860559225082,0.07457860559225082,0.07457860559225082,0.4254213869571686,0.4254213869571686
5656,136,0,True,0.0020000000949949026,3,4,6,0.07457860559225082,0.07457860559225082,0.07457860559225082,0.4254213869571686,0.4254213869571686
5657,136,0,True,0.0020000000949949026,3,4,6,0.07457860559225082,0.07457860559225082,0.07457860559225082,0.4254213869571686,0.4254213869571686
5658,136,0,True,0.0020000000949949026,3,4,6,0.07457860559225082,0.07457860559225082,0.07457860559225082,0.4254213869571686,0.4254213869571686
5662,136,0,True,0.0020000000949949026,3,4,6,0.07457860559225082,0.07457860559225082,0.07457860559225082,0.4254213869571686,0.4254213869571686
5663,136,0,True,0.0020000000949949026,3,4,6,0.07457860559225082,0.07457860559225082,0.07457860559225082,0.4254213869571686,0.4254213869571686
5664,136,0,True,0.0020000000949949026,3,4,6,0.07457860559225082,0.07457860559225082,0.07457860559225082,0.4254213869571686,0.4254213869571686
5665,136,0,True,0.0020000000949949026,3,4,6,0.07457860559225082,0.07457860559225082,0.07457860559225082,0.4254213869571686,0.4254213869571686
5666,136,0,True,0.0020000000949949026,3,4,6,0.07457860559225082,0.07457860559225082,0.07457860559225082,0.4254213869571686,0.4254213869571686
5668,136,0,True,0.0020000000949949026,3,4,6,0.07457860559225082,0.07457860559225082,0.07457860559225082,0.4254213869571686,0.4254213869571686
5669,136,0,True,0.0020000000949949026,3,4,6,0.07457860559225082,0.07457860559225082,0.07457860559225082,0.4254213869571686,0.4254213869571686
5672,136,0,True,0.0020000000949949026,3,4,6,0.07457860559225082,0.07457860559225082,0.07457860559225082,0.4254213869571686,0.4254213869571686
5673,136,0,True,0.0020000000949949026,3,4,6,0.07457860559225082,0.07457860559225082,0.07457860559225082,0.4254213869571686,0.4254213869571686
5674,136,0,True,0.0020000000949949026,3,4,6,0.07457860559225082,0.07457860559225082,0.07457860559225082,0.4254213869571686,0.4254213869571686
5675,136,0,True,0.0020000000949949026,3,4,6,0.07457860559225082,0.07457860559225082,0.07457860559225082,0.4254213869571686,0.4254213869571686
5676,136,0,True,0.0020000000949949026,3,4,6,0.07457860559225082,0.07457860559225082,0.07457860559225082,0.4254213869571686,0.4254213869571686
5677,136,0,True,0.0020000000949949026,3,4,6,0.07457860559225082,0.07457860559225082,0.07457860559225082,0.4254213869571686,0.4254213869571686
5678,136,0,True,0.0020000000949949026,3,4,6,0.07457860559225082,0.07457860559225082,0.07457860559225082,0.4254213869571686,0.4254213869571686
979,139,0,True,0.0020000000949949026,3,4,6,0.07457860559225082,0.07457860559225082,0.07457860559225082,0.4254213869571686,0.4254213869571686
980,139,0,True,0.0020000000949949026,3,4,6,0.07457860559225082,0.07457860559225082,0.07457860559225082,0.4254213869571686,0.4254213869571686
981,139,0,True,0.0020000000949949026,3,4,6,0.07457860559225082,0.07457860559225082,0.07457860559225082,0.4254213869571686,0.4254213869571686
982,139,0,True,0.0020000000949949026,3,4,6,0.07457860559225082,0.07457860559225082,0.07457860559225082,0.4254213869571686,0.4254213869571686
984,139,0,True,0.0020000000949949026,3,4,6,0.07457860559225082,0.07457860559225082,0.07457860559225082,0.4254213869571686,0.4254213869571686
985,139,0,True,0.0020000000949949026,3,4,6,0.07457860559225082,0.07457860559225082,0.07457860559225082,0.4254213869571686,0.4254213869571686
986,139,0,True,0.0020000000949949026,3,4,6,0.07457860559225082,0.07457860559225082,0.07457860559225082,0.4254213869571686,0.4254213869571686
987,139,0,True,0.0020000000949949026,3,4,6,0.07457860559225082,0.07457860559225082,0.07457860559225082,0.4254213869571686,0.4254213869571686
989,139,0,True,0.0020000000949949026,3,4,6,0.07457860559225082,0.07457860559225082,0.07457860559225082,0.4254213869571686,0.4254213869571686
5760,139,0,True,0.0020000000949949026,3,4,6,0.07457860559225082,0.07457860559225082,0.07457860559225082,0.4254213869571686,0.4254213869571686
5761,139,0,True,0.0020000000949949026,3,4,6,0.07457860559225082,0.07457860559225082,0.07457860559225082,0.4254213869571686,0.4254213869571686
5762,139,0,True,0.0020000000949949026,3,4,6,0.07457860559225082,0.07457860559225082,0.07457860559225082,0.4254213869571686,0.4254213869571686
5763,139,0,True,0.0020000000949949026,3,4,6,0.07457860559225082,0.07457860559225082,0.07457860559225082,0.4254213869571686,0.4254213869571686
5765,139,0,True,0.0020000000949949026,3,4,6,0.07457860559225082,0.07457860559225082,0.07457860559225082,0.4254213869571686,0.4254213869571686
5767,139,0,True,0.0020000000949949026,3,4,6,0.07457860559225082,0.07457860559225082,0.07457860559225082,0.4254213869571686,0.4254213869571686
5769,139,0,True,0.0020000000949949026,3,4,6,0.07457860559225082,0.07457860559225082,0.07457860559225082,0.4254213869571686,0.4254213869571686
5770,139,0,True,0.0020000000949949026,3,4,6,0.07457860559225082,0.07457860559225082,0.07457860559225082,0.4254213869571686,0.4254213869571686
5771,139,0,True,0.0020000000949949026,3,4,6,0.07457860559225082,0.07457860559225082,0.07457860559225082,0.4254213869571686,0.4254213869571686
5774,139,0,True,0.0020000000949949026,3,4,6,0.07457860559225082,0.07457860559225082,0.07457860559225082,0.4254213869571686,0.4254213869571686
5775,139,0,True,0.0020000000949949026,3,4,6,0.07457860559225082,0.07457860559225082,0.07457860559225082,0.4254213869571686,0.4254213869571686
5778,139,0,True,0.0020000000949949026,3,4,6,0.07457860559225082,0.07457860559225082,0.07457860559225082,0.4254213869571686,0.4254213869571686
5779,139,0,True,0.0020000000949949026,3,4,6,0.07457860559225082,0.07457860559225082,0.07457860559225082,0.4254213869571686,0.4254213869571686
5780,139,0,True,0.0020000000949949026,3,4,6,0.07457860559225082,0.07457860559225082,0.07457860559225082,0.4254213869571686,0.4254213869571686
5781,139,0,True,0.0020000000949949026,3,4,6,0.07457860559225082,0.07457860559225082,0.07457860559225082,0.4254213869571686,0.4254213869571686
5782,139,0,True,0.0020000000949949026,3,4,6,0.07457860559225082,0.07457860559225082,0.07457860559225082,0.4254213869571686,0.4254213869571686
5783,139,0,True,0.0020000000949949026,3,4,6,0.07457860559225082,0.07457860559225082,0.07457860559225082,0.4254213869571686,0.4254213869571686
5784,139,0,True,0.0020000000949949026,3,4,6,0.07457860559225082,0.07457860559225082,0.07457860559225082,0.4254213869571686,0.4254213869571686
5787,139,0,True,0.0020000000949949026,3,4,6,0.07457860559225082,0.07457860559225082,0.07457860559225082,0.4254213869571686,0.4254213869571686
5788,139,0,True,0.0020000000949949026,3,4,6,0.07457860559225082,0.07457860559225082,0.07457860559225082,0.4254213869571686,0.4254213869571686
5789,139,0,True,0.0020000000949949026,3,4,6,0.07457860559225082,0.07457860559225082,0.07457860559225082,0.4254213869571686,0.4254213869571686
5790,139,0,True,0.0020000000949949026,3,4,6,0.07457860559225082,0.07457860559225082,0.07457860559225082,0.4254213869571686,0.4254213869571686
5793,139,0,True,0.0020000000949949026,3,4,6,0.07457860559225082,0.07457860559225082,0.07457860559225082,0.4254213869571686,0.4254213869571686
5794,139,0,True,0.0020000000949949026,3,4,6,0.07457860559225082,0.07457860559225082,0.07457860559225082,0.4254213869571686,0.4254213869571686
5796,139,0,True,0.0020000000949949026,3,4,6,0.07457860559225082,0.07457860559225082,0.07457860559225082,0.4254213869571686,0.4254213869571686
5798,139,0,True,0.0020000000949949026,3,4,6,0.07457860559225082,0.07457860559225082,0.07457860559225082,0.4254213869571686,0.4254213869571686
1013,142,0,True,0.0020000000949949026,3,4,6,0.07457860559225082,0.07457860559225082,0.07457860559225082,0.4254213869571686,0.4254213869571686
1017,142,0,True,0.0020000000949949026,3,4,6,0.07457860559225082,0.07457860559225082,0.07457860559225082,0.4254213869571686,0.4254213869571686
1018,142,0,True,0.0020000000949949026,3,4,6,0.07457860559225082,0.07457860559225082,0.07457860559225082,0.4254213869571686,0.4254213869571686
1019,142,0,True,0.0020000000949949026,3,4,6,0.07457860559225082,0.07457860559225082,0.07457860559225082,0.4254213869571686,0.4254213869571686
1020,142,0,True,0.0020000000949949026,3,4,6,0.07457860559225082,0.07457860559225082,0.07457860559225082,0.4254213869571686,0.4254213869571686
1021,142,0,True,0.0020000000949949026,3,4,6,0.07457860559225082,0.07457860559225082,0.07457860559225082,0.4254213869571686,0.4254213869571686
1022,142,0,True,0.0020000000949949026,3,4,6,0.07457860559225082,0.07457860559225082,0.07457860559225082,0.4254213869571686,0.4254213869571686
5881,142,0,True,0.0020000000949949026,3,4,6,0.07457860559225082,0.07457860559225082,0.07457860559225082,0.4254213869571686,0.4254213869571686
5882,142,0,True,0.0020000000949949026,3,4,6,0.07457860559225082,0.07457860559225082,0.07457860559225082,0.4254213869571686,0.4254213869571686
5884,142,0,True,0.0020000000949949026,3,4,6,0.07457860559225082,0.07457860559225082,0.07457860559225082,0.4254213869571686,0.4254213869571686
5885,142,0,True,0.0020000000949949026,3,4,6,0.07457860559225082,0.07457860559225082,0.07457860559225082,0.4254213869571686,0.4254213869571686
5886,142,0,True,0.0020000000949949026,3,4,6,0.07457860559225082,0.07457860559225082,0.07457860559225082,0.4254213869571686,0.4254213869571686
5887,142,0,True,0.0020000000949949026,3,4,6,0.07457860559225082,0.07457860559225082,0.07457860559225082,0.4254213869571686,0.4254213869571686
5888,142,0,True,0.0020000000949949026,3,4,6,0.07457860559225082,0.07457860559225082,0.07457860559225082,0.4254213869571686,0.4254213869571686
5889,142,0,True,0.0020000000949949026,3,4,6,0.07457860559225082,0.07457860559225082,0.07457860559225082,0.4254213869571686,0.4254213869571686
5890,142,0,True,0.0020000000949949026,3,4,6,0.07457860559225082,0.07457860559225082,0.07457860559225082,0.4254213869571686,0.4254213869571686
5891,142,0,True,0.0020000000949949026,3,4,6,0.07457860559225082,0.07457860559225082,0.07457860559225082,0.4254213869571686,0.4254213869571686
5892,142,0,True,0.0020000000949949026,3,4,6,0.07457860559225082,0.07457860559225082,0.07457860559225082,0.4254213869571686,0.4254213869571686
5893,142,0,True,0.0020000000949949026,3,4,6,0.07457860559225082,0.07457860559225082,0.07457860559225082,0.4254213869571686,0.4254213869571686
5894,142,0,True,0.0020000000949949026,3,4,6,0.07457860559225082,0.07457860559225082,0.07457860559225082,0.4254213869571686,0.4254213869571686
5896,142,0,True,0.0020000000949949026,3,4,6,0.07457860559225082,0.07457860559225082,0.07457860559225082,0.4254213869571686,0.4254213869571686
5897,142,0,True,0.0020000000949949026,3,4,6,0.07457860559225082,0.07457860559225082,0.07457860559225082,0.4254213869571686,0.4254213869571686
5898,142,0,True,0.0020000000949949026,3,4,6,0.07457860559225082,0.07457860559225082,0.07457860559225082,0.4254213869571686,0.4254213869571686
5899,142,0,True,0.0020000000949949026,3,4,6,0.07457860559225082,0.07457860559225082,0.07457860559225082,0.4254213869571686,0.4254213869571686
5900,142,0,True,0.0020000000949949026,3,4,6,0.07457860559225082,0.07457860559225082,0.07457860559225082,0.4254213869571686,0.4254213869571686
5901,142,0,True,0.0020000000949949026,3,4,6,0.07457860559225082,0.07457860559225082,0.07457860559225082,0.4254213869571686,0.4254213869571686
5902,142,0,True,0.0020000000949949026,3,4,6,0.07457860559225082,0.07457860559225082,0.07457860559225082,0.4254213869571686,0.4254213869571686
5903,142,0,True,0.0020000000949949026,3,4,6,0.07457860559225082,0.07457860559225082,0.07457860559225082,0.4254213869571686,0.4254213869571686
5904,142,0,True,0.0020000000949949026,3,4,6,0.07457860559225082,0.07457860559225082,0.07457860559225082,0.4254213869571686,0.4254213869571686
5905,142,0,True,0.0020000000949949026,3,4,6,0.07457860559225082,0.07457860559225082,0.07457860559225082,0.4254213869571686,0.4254213869571686
5907,142,0,True,0.0020000000949949026,3,4,6,0.07457860559225082,0.07457860559225082,0.07457860559225082,0.4254213869571686,0.4254213869571686
5908,142,0,True,0.0020000000949949026,3,4,6,0.07457860559225082,0.07457860559225082,0.07457860559225082,0.4254213869571686,0.4254213869571686
5909,142,0,True,0.0020000000949949026,3,4,6,0.07457860559225082,0.07457860559225082,0.07457860559225082,0.4254213869571686,0.4254213869571686
5910,142,0,True,0.0020000000949949026,3,4,6,0.07457860559225082,0.07457860559225082,0.07457860559225082,0.4254213869571686,0.4254213869571686
5911,142,0,True,0.0020000000949949026,3,4,6,0.07457860559225082,0.07457860559225082,0.07457860559225082,0.4254213869571686,0.4254213869571686
5912,142,0,True,0.0020000000949949026,3,4,6,0.07457860559225082,0.07457860559225082,0.07457860559225082,0.4254213869571686,0.4254213869571686
5914,142,0,True,0.0020000000949949026,3,4,6,0.07457860559225082,0.07457860559225082,0.07457860559225082,0.4254213869571686,0.4254213869571686
5916,142,0,True,0.0020000000949949026,3,4,6,0.07457860559225082,0.07457860559225082,0.07457860559225082,0.4254213869571686,0.4254213869571686
5918,142,0,True,0.0020000000949949026,3,4,6,0.07457860559225082,0.07457860559225082,0.07457860559225082,0.4254213869571686,0.4254213869571686
5919,142,0,True,0.0020000000949949026,3,4,6,0.07457860559225082,0.07457860559225082,0.07457860559225082,0.4254213869571686,0.4254213869571686
1057,146,0,True,0.0020000000949949026,3,4,6,0.07457860559225082,0.07457860559225082,0.07457860559225082,0.4254213869571686,0.4254213869571686
1059,146,0,True,0.0020000000949949026,3,4,6,0.07457860559225082,0.07457860559225082,0.07457860559225082,0.4254213869571686,0.4254213869571686
1060,146,0,True,0.0020000000949949026,3,4,6,0.07457860559225082,0.07457860559225082,0.07457860559225082,0.4254213869571686,0.4254213869571686
1061,146,0,True,0.0020000000949949026,3,4,6,0.07457860559225082,0.07457860559225082,0.07457860559225082,0.4254213869571686,0.4254213869571686
1062,146,0,True,0.0020000000949949026,3,4,6,0.07457860559225082,0.07457860559225082,0.07457860559225082,0.4254213869571686,0.4254213869571686
1063,146,0,True,0.0020000000949949026,3,4,6,0.07457860559225082,0.07457860559225082,0.07457860559225082,0.4254213869571686,0.4254213869571686
1065,146,0,True,0.0020000000949949026,3,4,6,0.07457860559225082,0.07457860559225082,0.07457860559225082,0.4254213869571686,0.4254213869571686
1066,146,0,True,0.0020000000949949026,3,4,6,0.07457860559225082,0.07457860559225082,0.07457860559225082,0.4254213869571686,0.4254213869571686
6041,146,0,True,0.0020000000949949026,3,4,6,0.07457860559225082,0.07457860559225082,0.07457860559225082,0.4254213869571686,0.4254213869571686
6042,146,0,True,0.0020000000949949026,3,4,6,0.07457860559225082,0.07457860559225082,0.07457860559225082,0.4254213869571686,0.4254213869571686
6046,146,0,True,0.0020000000949949026,3,4,6,0.07457860559225082,0.07457860559225082,0.07457860559225082,0.4254213869571686,0.4254213869571686
6047,146,0,True,0.0020000000949949026,3,4,6,0.07457860559225082,0.07457860559225082,0.07457860559225082,0.4254213869571686,0.4254213869571686
6048,146,0,True,0.0020000000949949026,3,4,6,0.07457860559225082,0.07457860559225082,0.07457860559225082,0.4254213869571686,0.4254213869571686
6049,146,0,True,0.0020000000949949026,3,4,6,0.07457860559225082,0.07457860559225082,0.07457860559225082,0.4254213869571686,0.4254213869571686
6051,146,0,True,0.0020000000949949026,3,4,6,0.07457860559225082,0.07457860559225082,0.07457860559225082,0.4254213869571686,0.4254213869571686
6053,146,0,True,0.0020000000949949026,3,4,6,0.07457860559225082,0.07457860559225082,0.07457860559225082,0.4254213869571686,0.4254213869571686
6054,146,0,True,0.0020000000949949026,3,4,6,0.07457860559225082,0.07457860559225082,0.07457860559225082,0.4254213869571686,0.4254213869571686
6055,146,0,True,0.0020000000949949026,3,4,6,0.07457860559225082,0.07457860559225082,0.07457860559225082,0.4254213869571686,0.4254213869571686
6056,146,0,True,0.0020000000949949026,3,4,6,0.07457860559225082,0.07457860559225082,0.07457860559225082,0.4254213869571686,0.4254213869571686
6057,146,0,True,0.0020000000949949026,3,4,6,0.07457860559225082,0.07457860559225082,0.07457860559225082,0.4254213869571686,0.4254213869571686
6058,146,0,True,0.0020000000949949026,3,4,6,0.07457860559225082,0.07457860559225082,0.07457860559225082,0.4254213869571686,0.4254213869571686
6059,146,0,True,0.0020000000949949026,3,4,6,0.07457860559225082,0.07457860559225082,0.07457860559225082,0.4254213869571686,0.4254213869571686
6060,146,0,True,0.0020000000949949026,3,4,6,0.07457860559225082,0.07457860559225082,0.07457860559225082,0.4254213869571686,0.4254213869571686
6061,146,0,True,0.0020000000949949026,3,4,6,0.07457860559225082,0.07457860559225082,0.07457860559225082,0.4254213869571686,0.4254213869571686
6062,146,0,True,0.0020000000949949026,3,4,6,0.07457860559225082,0.07457860559225082,0.07457860559225082,0.4254213869571686,0.4254213869571686
6067,146,0,True,0.0020000000949949026,3,4,6,0.07457860559225082,0.07457860559225082,0.07457860559225082,0.4254213869571686,0.4254213869571686
6068,146,0,True,0.0020000000949949026,3,4,6,0.07457860559225082,0.07457860559225082,0.07457860559225082,0.4254213869571686,0.4254213869571686
6069,146,0,True,0.0020000000949949026,3,4,6,0.07457860559225082,0.07457860559225082,0.07457860559225082,0.4254213869571686,0.4254213869571686
6070,146,0,True,0.0020000000949949026,3,4,6,0.07457860559225082,0.07457860559225082,0.07457860559225082,0.4254213869571686,0.4254213869571686
6073,146,0,True,0.0020000000949949026,3,4,6,0.07457860559225082,0.07457860559225082,0.07457860559225082,0.4254213869571686,0.4254213869571686
6075,146,0,True,0.0020000000949949026,3,4,6,0.07457860559225082,0.07457860559225082,0.07457860559225082,0.4254213869571686,0.4254213869571686
6076,146,0,True,0.0020000000949949026,3,4,6,0.07457860559225082,0.07457860559225082,0.07457860559225082,0.4254213869571686,0.4254213869571686
6077,146,0,True,0.0020000000949949026,3,4,6,0.07457860559225082,0.07457860559225082,0.07457860559225082,0.4254213869571686,0.4254213869571686
6078,146,0,True,0.0020000000949949026,3,4,6,0.07457860559225082,0.07457860559225082,0.07457860559225082,0.4254213869571686,0.4254213869571686
6079,146,0,True,0.0020000000949949026,3,4,6,0.07457860559225082,0.07457860559225082,0.07457860559225082,0.4254213869571686,0.4254213869571686
1100,150,0,True,0.0020000000949949026,3,4,6,0.07457860559225082,0.07457860559225082,0.07457860559225082,0.4254213869571686,0.4254213869571686
1101,150,0,True,0.0020000000949949026,3,4,6,0.07457860559225082,0.07457860559225082,0.07457860559225082,0.4254213869571686,0.4254213869571686
1103,150,0,True,0.0020000000949949026,3,4,6,0.07457860559225082,0.07457860559225082,0.07457860559225082,0.4254213869571686,0.4254213869571686
1105,150,0,True,0.0020000000949949026,3,4,6,0.07457860559225082,0.07457860559225082,0.07457860559225082,0.4254213869571686,0.4254213869571686
1106,150,0,True,0.0020000000949949026,3,4,6,0.07457860559225082,0.07457860559225082,0.07457860559225082,0.4254213869571686,0.4254213869571686
1107,150,0,True,0.0020000000949949026,3,4,6,0.07457860559225082,0.07457860559225082,0.07457860559225082,0.4254213869571686,0.4254213869571686
1108,150,0,True,0.0020000000949949026,3,4,6,0.07457860559225082,0.07457860559225082,0.07457860559225082,0.4254213869571686,0.4254213869571686
1109,150,0,True,0.0020000000949949026,3,4,6,0.07457860559225082,0.07457860559225082,0.07457860559225082,0.4254213869571686,0.4254213869571686
6200,150,0,True,0.0020000000949949026,3,4,6,0.07457860559225082,0.07457860559225082,0.07457860559225082,0.4254213869571686,0.4254213869571686
6201,150,0,True,0.0020000000949949026,3,4,6,0.07457860559225082,0.07457860559225082,0.07457860559225082,0.4254213869571686,0.4254213869571686
6202,150,0,True,0.0020000000949949026,3,4,6,0.07457860559225082,0.07457860559225082,0.07457860559225082,0.4254213869571686,0.4254213869571686
6203,150,0,True,0.0020000000949949026,3,4,6,0.07457860559225082,0.07457860559225082,0.07457860559225082,0.4254213869571686,0.4254213869571686
6204,150,0,True,0.0020000000949949026,3,4,6,0.07457860559225082,0.07457860559225082,0.07457860559225082,0.4254213869571686,0.4254213869571686
6206,150,0,True,0.0020000000949949026,3,4,6,0.07457860559225082,0.07457860559225082,0.07457860559225082,0.4254213869571686,0.4254213869571686
6208,150,0,True,0.0020000000949949026,3,4,6,0.07457860559225082,0.07457860559225082,0.07457860559225082,0.4254213869571686,0.4254213869571686
6211,150,0,True,0.0020000000949949026,3,4,6,0.07457860559225082,0.07457860559225082,0.07457860559225082,0.4254213869571686,0.4254213869571686
6212,150,0,True,0.0020000000949949026,3,4,6,0.07457860559225082,0.07457860559225082,0.07457860559225082,0.4254213869571686,0.4254213869571686
6213,150,0,True,0.0020000000949949026,3,4,6,0.07457860559225082,0.07457860559225082,0.07457860559225082,0.4254213869571686,0.4254213869571686
6214,150,0,True,0.0020000000949949026,3,4,6,0.07457860559225082,0.07457860559225082,0.07457860559225082,0.4254213869571686,0.4254213869571686
6216,150,0,True,0.0020000000949949026,3,4,6,0.07457860559225082,0.07457860559225082,0.07457860559225082,0.4254213869571686,0.4254213869571686
6217,150,0,True,0.0020000000949949026,3,4,6,0.07457860559225082,0.07457860559225082,0.07457860559225082,0.4254213869571686,0.4254213869571686
6220,150,0,True,0.0020000000949949026,3,4,6,0.07457860559225082,0.07457860559225082,0.07457860559225082,0.4254213869571686,0.4254213869571686
6221,150,0,True,0.0020000000949949026,3,4,6,0.07457860559225082,0.07457860559225082,0.07457860559225082,0.4254213869571686,0.4254213869571686
6222,150,0,True,0.0020000000949949026,3,4,6,0.07457860559225082,0.07457860559225082,0.07457860559225082,0.4254213869571686,0.4254213869571686
6223,150,0,True,0.0020000000949949026,3,4,6,0.07457860559225082,0.07457860559225082,0.07457860559225082,0.4254213869571686,0.4254213869571686
6225,150,0,True,0.0020000000949949026,3,4,6,0.07457860559225082,0.07457860559225082,0.07457860559225082,0.4254213869571686,0.4254213869571686
6226,150,0,True,0.0020000000949949026,3,4,6,0.07457860559225082,0.07457860559225082,0.07457860559225082,0.4254213869571686,0.4254213869571686
6227,150,0,True,0.0020000000949949026,3,4,6,0.07457860559225082,0.07457860559225082,0.07457860559225082,0.4254213869571686,0.4254213869571686
6228,150,0,True,0.0020000000949949026,3,4,6,0.07457860559225082,0.07457860559225082,0.07457860559225082,0.4254213869571686,0.4254213869571686
6229,150,0,True,0.0020000000949949026,3,4,6,0.07457860559225082,0.07457860559225082,0.07457860559225082,0.4254213869571686,0.4254213869571686
6230,150,0,True,0.0020000000949949026,3,4,6,0.07457860559225082,0.07457860559225082,0.07457860559225082,0.4254213869571686,0.4254213869571686
6232,150,0,True,0.0020000000949949026,3,4,6,0.07457860559225082,0.07457860559225082,0.07457860559225082,0.4254213869571686,0.4254213869571686
6233,150,0,True,0.0020000000949949026,3,4,6,0.07457860559225082,0.07457860559225082,0.07457860559225082,0.4254213869571686,0.4254213869571686
6234,150,0,True,0.0020000000949949026,3,4,6,0.07457860559225082,0.07457860559225082,0.07457860559225082,0.4254213869571686,0.4254213869571686
6238,150,0,True,0.0020000000949949026,3,4,6,0.07457860559225082,0.07457860559225082,0.07457860559225082,0.4254213869571686,0.4254213869571686
6239,150,0,True,0.0020000000949949026,3,4,6,0.07457860559225082,0.07457860559225082,0.07457860559225082,0.4254213869571686,0.4254213869571686
1111,151,0,True,0.0020000000949949026,9,4,12,0.4850866496562958,0.057194359600543976,0.35497063398361206,0.008414626121520996,0.14689931273460388
1113,151,0,True,0.0020000000949949026,9,4,12,0.4850866496562958,0.057194359600543976,0.35497063398361206,0.008414626121520996,0.14689931273460388
1116,151,0,True,0.0020000000949949026,9,4,12,0.4850866496562958,0.057194359600543976,0.35497063398361206,0.008414626121520996,0.14689931273460388
1117,151,0,True,0.0020000000949949026,9,4,12,0.4850866496562958,0.057194359600543976,0.35497063398361206,0.008414626121520996,0.14689931273460388
1118,151,0,True,0.0020000000949949026,9,4,12,0.4850866496562958,0.057194359600543976,0.35497063398361206,0.008414626121520996,0.14689931273460388
1119,151,0,True,0.0020000000949949026,9,4,12,0.4850866496562958,0.057194359600543976,0.35497063398361206,0.008414626121520996,0.14689931273460388
1120,151,0,True,0.0020000000949949026,9,4,12,0.4850866496562958,0.057194359600543976,0.35497063398361206,0.008414626121520996,0.14689931273460388
1121,151,0,True,0.0020000000949949026,9,4,12,0.4850866496562958,0.057194359600543976,0.35497063398361206,0.008414626121520996,0.14689931273460388
6240,151,0,True,0.0020000000949949026,9,4,12,0.4850866496562958,0.057194359600543976,0.35497063398361206,0.008414626121520996,0.14689931273460388
6242,151,0,True,0.0020000000949949026,9,4,12,0.4850866496562958,0.057194359600543976,0.35497063398361206,0.008414626121520996,0.14689931273460388
6243,151,0,True,0.0020000000949949026,9,4,12,0.4850866496562958,0.057194359600543976,0.35497063398361206,0.008414626121520996,0.14689931273460388
6244,151,0,True,0.0020000000949949026,9,4,12,0.4850866496562958,0.057194359600543976,0.35497063398361206,0.008414626121520996,0.14689931273460388
6247,151,0,True,0.0020000000949949026,9,4,12,0.4850866496562958,0.057194359600543976,0.35497063398361206,0.008414626121520996,0.14689931273460388
6248,151,0,True,0.0020000000949949026,9,4,12,0.4850866496562958,0.057194359600543976,0.35497063398361206,0.008414626121520996,0.14689931273460388
6249,151,0,True,0.0020000000949949026,9,4,12,0.4850866496562958,0.057194359600543976,0.35497063398361206,0.008414626121520996,0.14689931273460388
6250,151,0,True,0.0020000000949949026,9,4,12,0.4850866496562958,0.057194359600543976,0.35497063398361206,0.008414626121520996,0.14689931273460388
6253,151,0,True,0.0020000000949949026,9,4,12,0.4850866496562958,0.057194359600543976,0.35497063398361206,0.008414626121520996,0.14689931273460388
6254,151,0,True,0.0020000000949949026,9,4,12,0.4850866496562958,0.057194359600543976,0.35497063398361206,0.008414626121520996,0.14689931273460388
6255,151,0,True,0.0020000000949949026,9,4,12,0.4850866496562958,0.057194359600543976,0.35497063398361206,0.008414626121520996,0.14689931273460388
6257,151,0,True,0.0020000000949949026,9,4,12,0.4850866496562958,0.057194359600543976,0.35497063398361206,0.008414626121520996,0.14689931273460388
6258,151,0,True,0.0020000000949949026,9,4,12,0.4850866496562958,0.057194359600543976,0.35497063398361206,0.008414626121520996,0.14689931273460388
6259,151,0,True,0.0020000000949949026,9,4,12,0.4850866496562958,0.057194359600543976,0.35497063398361206,0.008414626121520996,0.14689931273460388
6261,151,0,True,0.0020000000949949026,9,4,12,0.4850866496562958,0.057194359600543976,0.35497063398361206,0.008414626121520996,0.14689931273460388
6263,151,0,True,0.0020000000949949026,9,4,12,0.4850866496562958,0.057194359600543976,0.35497063398361206,0.008414626121520996,0.14689931273460388
6264,151,0,True,0.0020000000949949026,9,4,12,0.4850866496562958,0.057194359600543976,0.35497063398361206,0.008414626121520996,0.14689931273460388
6266,151,0,True,0.0020000000949949026,9,4,12,0.4850866496562958,0.057194359600543976,0.35497063398361206,0.008414626121520996,0.14689931273460388
6268,151,0,True,0.0020000000949949026,9,4,12,0.4850866496562958,0.057194359600543976,0.35497063398361206,0.008414626121520996,0.14689931273460388
6270,151,0,True,0.0020000000949949026,9,4,12,0.4850866496562958,0.057194359600543976,0.35497063398361206,0.008414626121520996,0.14689931273460388
6271,151,0,True,0.0020000000949949026,9,4,12,0.4850866496562958,0.057194359600543976,0.35497063398361206,0.008414626121520996,0.14689931273460388
6272,151,0,True,0.0020000000949949026,9,4,12,0.4850866496562958,0.057194359600543976,0.35497063398361206,0.008414626121520996,0.14689931273460388
6273,151,0,True,0.0020000000949949026,9,4,12,0.4850866496562958,0.057194359600543976,0.35497063398361206,0.008414626121520996,0.14689931273460388
6275,151,0,True,0.0020000000949949026,9,4,12,0.4850866496562958,0.057194359600543976,0.35497063398361206,0.008414626121520996,0.14689931273460388
6277,151,0,True,0.0020000000949949026,9,4,12,0.4850866496562958,0.057194359600543976,0.35497063398361206,0.008414626121520996,0.14689931273460388
6279,151,0,True,0.0020000000949949026,9,4,12,0.4850866496562958,0.057194359600543976,0.35497063398361206,0.008414626121520996,0.14689931273460388
1122,152,0,True,0.0020000000949949026,3,4,6,0.07457860559225082,0.07457860559225082,0.07457860559225082,0.4254213869571686,0.4254213869571686
1123,152,0,True,0.0020000000949949026,3,4,6,0.07457860559225082,0.07457860559225082,0.07457860559225082,0.4254213869571686,0.4254213869571686
1125,152,0,True,0.0020000000949949026,3,4,6,0.07457860559225082,0.07457860559225082,0.07457860559225082,0.4254213869571686,0.4254213869571686
1127,152,0,True,0.0020000000949949026,3,4,6,0.07457860559225082,0.07457860559225082,0.07457860559225082,0.4254213869571686,0.4254213869571686
1129,152,0,True,0.0020000000949949026,3,4,6,0.07457860559225082,0.07457860559225082,0.07457860559225082,0.4254213869571686,0.4254213869571686
1130,152,0,True,0.0020000000949949026,3,4,6,0.07457860559225082,0.07457860559225082,0.07457860559225082,0.4254213869571686,0.4254213869571686
1132,152,0,True,0.0020000000949949026,3,4,6,0.07457860559225082,0.07457860559225082,0.07457860559225082,0.4254213869571686,0.4254213869571686
6281,152,0,True,0.0020000000949949026,3,4,6,0.07457860559225082,0.07457860559225082,0.07457860559225082,0.4254213869571686,0.4254213869571686
6282,152,0,True,0.0020000000949949026,3,4,6,0.07457860559225082,0.07457860559225082,0.07457860559225082,0.4254213869571686,0.4254213869571686
6286,152,0,True,0.0020000000949949026,3,4,6,0.07457860559225082,0.07457860559225082,0.07457860559225082,0.4254213869571686,0.4254213869571686
6287,152,0,True,0.0020000000949949026,3,4,6,0.07457860559225082,0.07457860559225082,0.07457860559225082,0.4254213869571686,0.4254213869571686
6288,152,0,True,0.0020000000949949026,3,4,6,0.07457860559225082,0.07457860559225082,0.07457860559225082,0.4254213869571686,0.4254213869571686
6289,152,0,True,0.0020000000949949026,3,4,6,0.07457860559225082,0.07457860559225082,0.07457860559225082,0.4254213869571686,0.4254213869571686
6290,152,0,True,0.0020000000949949026,3,4,6,0.07457860559225082,0.07457860559225082,0.07457860559225082,0.4254213869571686,0.4254213869571686
6291,152,0,True,0.0020000000949949026,3,4,6,0.07457860559225082,0.07457860559225082,0.07457860559225082,0.4254213869571686,0.4254213869571686
6292,152,0,True,0.0020000000949949026,3,4,6,0.07457860559225082,0.07457860559225082,0.07457860559225082,0.4254213869571686,0.4254213869571686
6293,152,0,True,0.0020000000949949026,3,4,6,0.07457860559225082,0.07457860559225082,0.07457860559225082,0.4254213869571686,0.4254213869571686
6295,152,0,True,0.0020000000949949026,3,4,6,0.07457860559225082,0.07457860559225082,0.07457860559225082,0.4254213869571686,0.4254213869571686
6296,152,0,True,0.0020000000949949026,3,4,6,0.07457860559225082,0.07457860559225082,0.07457860559225082,0.4254213869571686,0.4254213869571686
6298,152,0,True,0.0020000000949949026,3,4,6,0.07457860559225082,0.07457860559225082,0.07457860559225082,0.4254213869571686,0.4254213869571686
6300,152,0,True,0.0020000000949949026,3,4,6,0.07457860559225082,0.07457860559225082,0.07457860559225082,0.4254213869571686,0.4254213869571686
6301,152,0,True,0.0020000000949949026,3,4,6,0.07457860559225082,0.07457860559225082,0.07457860559225082,0.4254213869571686,0.4254213869571686
6303,152,0,True,0.0020000000949949026,3,4,6,0.07457860559225082,0.07457860559225082,0.07457860559225082,0.4254213869571686,0.4254213869571686
6304,152,0,True,0.0020000000949949026,3,4,6,0.07457860559225082,0.07457860559225082,0.07457860559225082,0.4254213869571686,0.4254213869571686
6308,152,0,True,0.0020000000949949026,3,4,6,0.07457860559225082,0.07457860559225082,0.07457860559225082,0.4254213869571686,0.4254213869571686
6311,152,0,True,0.0020000000949949026,3,4,6,0.07457860559225082,0.07457860559225082,0.07457860559225082,0.4254213869571686,0.4254213869571686
6312,152,0,True,0.0020000000949949026,3,4,6,0.07457860559225082,0.07457860559225082,0.07457860559225082,0.4254213869571686,0.4254213869571686
6313,152,0,True,0.0020000000949949026,3,4,6,0.07457860559225082,0.07457860559225082,0.07457860559225082,0.4254213869571686,0.4254213869571686
6314,152,0,True,0.0020000000949949026,3,4,6,0.07457860559225082,0.07457860559225082,0.07457860559225082,0.4254213869571686,0.4254213869571686
6316,152,0,True,0.0020000000949949026,3,4,6,0.07457860559225082,0.07457860559225082,0.07457860559225082,0.4254213869571686,0.4254213869571686
6317,152,0,True,0.0020000000949949026,3,4,6,0.07457860559225082,0.07457860559225082,0.07457860559225082,0.4254213869571686,0.4254213869571686
6318,152,0,True,0.0020000000949949026,3,4,6,0.07457860559225082,0.07457860559225082,0.07457860559225082,0.4254213869571686,0.4254213869571686
6319,152,0,True,0.0020000000949949026,3,4,6,0.07457860559225082,0.07457860559225082,0.07457860559225082,0.4254213869571686,0.4254213869571686
1134,153,0,True,0.0020000000949949026,3,4,6,0.07457860559225082,0.07457860559225082,0.07457860559225082,0.4254213869571686,0.4254213869571686
1137,153,0,True,0.0020000000949949026,3,4,6,0.07457860559225082,0.07457860559225082,0.07457860559225082,0.4254213869571686,0.4254213869571686
1140,153,0,True,0.0020000000949949026,3,4,6,0.07457860559225082,0.07457860559225082,0.07457860559225082,0.4254213869571686,0.4254213869571686
1141,153,0,True,0.0020000000949949026,3,4,6,0.07457860559225082,0.07457860559225082,0.07457860559225082,0.4254213869571686,0.4254213869571686
1143,153,0,True,0.0020000000949949026,3,4,6,0.07457860559225082,0.07457860559225082,0.07457860559225082,0.4254213869571686,0.4254213869571686
6321,153,0,True,0.0020000000949949026,3,4,6,0.07457860559225082,0.07457860559225082,0.07457860559225082,0.4254213869571686,0.4254213869571686
6322,153,0,True,0.0020000000949949026,3,4,6,0.07457860559225082,0.07457860559225082,0.07457860559225082,0.4254213869571686,0.4254213869571686
6323,153,0,True,0.0020000000949949026,3,4,6,0.07457860559225082,0.07457860559225082,0.07457860559225082,0.4254213869571686,0.4254213869571686
6324,153,0,True,0.0020000000949949026,3,4,6,0.07457860559225082,0.07457860559225082,0.07457860559225082,0.4254213869571686,0.4254213869571686
6325,153,0,True,0.0020000000949949026,3,4,6,0.07457860559225082,0.07457860559225082,0.07457860559225082,0.4254213869571686,0.4254213869571686
6326,153,0,True,0.0020000000949949026,3,4,6,0.07457860559225082,0.07457860559225082,0.07457860559225082,0.4254213869571686,0.4254213869571686
6327,153,0,True,0.0020000000949949026,3,4,6,0.07457860559225082,0.07457860559225082,0.07457860559225082,0.4254213869571686,0.4254213869571686
6329,153,0,True,0.0020000000949949026,3,4,6,0.07457860559225082,0.07457860559225082,0.07457860559225082,0.4254213869571686,0.4254213869571686
6332,153,0,True,0.0020000000949949026,3,4,6,0.07457860559225082,0.07457860559225082,0.07457860559225082,0.4254213869571686,0.4254213869571686
6333,153,0,True,0.0020000000949949026,3,4,6,0.07457860559225082,0.07457860559225082,0.07457860559225082,0.4254213869571686,0.4254213869571686
6335,153,0,True,0.0020000000949949026,3,4,6,0.07457860559225082,0.07457860559225082,0.07457860559225082,0.4254213869571686,0.4254213869571686
6336,153,0,True,0.0020000000949949026,3,4,6,0.07457860559225082,0.07457860559225082,0.07457860559225082,0.4254213869571686,0.4254213869571686
6339,153,0,True,0.0020000000949949026,3,4,6,0.07457860559225082,0.07457860559225082,0.07457860559225082,0.4254213869571686,0.4254213869571686
6340,153,0,True,0.0020000000949949026,3,4,6,0.07457860559225082,0.07457860559225082,0.07457860559225082,0.4254213869571686,0.4254213869571686
6341,153,0,True,0.0020000000949949026,3,4,6,0.07457860559225082,0.07457860559225082,0.07457860559225082,0.4254213869571686,0.4254213869571686
6343,153,0,True,0.0020000000949949026,3,4,6,0.07457860559225082,0.07457860559225082,0.07457860559225082,0.4254213869571686,0.4254213869571686
6346,153,0,True,0.0020000000949949026,3,4,6,0.07457860559225082,0.07457860559225082,0.07457860559225082,0.4254213869571686,0.4254213869571686
6347,153,0,True,0.0020000000949949026,3,4,6,0.07457860559225082,0.07457860559225082,0.07457860559225082,0.4254213869571686,0.4254213869571686
6348,153,0,True,0.0020000000949949026,3,4,6,0.07457860559225082,0.07457860559225082,0.07457860559225082,0.4254213869571686,0.4254213869571686
6349,153,0,True,0.0020000000949949026,3,4,6,0.07457860559225082,0.07457860559225082,0.07457860559225082,0.4254213869571686,0.4254213869571686
6350,153,0,True,0.0020000000949949026,3,4,6,0.07457860559225082,0.07457860559225082,0.07457860559225082,0.4254213869571686,0.4254213869571686
6351,153,0,True,0.0020000000949949026,3,4,6,0.07457860559225082,0.07457860559225082,0.07457860559225082,0.4254213869571686,0.4254213869571686
6352,153,0,True,0.0020000000949949026,3,4,6,0.07457860559225082,0.07457860559225082,0.07457860559225082,0.4254213869571686,0.4254213869571686
6354,153,0,True,0.0020000000949949026,3,4,6,0.07457860559225082,0.07457860559225082,0.07457860559225082,0.4254213869571686,0.4254213869571686
6355,153,0,True,0.0020000000949949026,3,4,6,0.07457860559225082,0.07457860559225082,0.07457860559225082,0.4254213869571686,0.4254213869571686
6356,153,0,True,0.0020000000949949026,3,4,6,0.07457860559225082,0.07457860559225082,0.07457860559225082,0.4254213869571686,0.4254213869571686
6358,153,0,True,0.0020000000949949026,3,4,6,0.07457860559225082,0.07457860559225082,0.07457860559225082,0.4254213869571686,0.4254213869571686
6359,153,0,True,0.0020000000949949026,3,4,6,0.07457860559225082,0.07457860559225082,0.07457860559225082,0.4254213869571686,0.4254213869571686
1144,154,0,True,0.0020000000949949026,3,4,6,0.07457860559225082,0.07457860559225082,0.07457860559225082,0.4254213869571686,0.4254213869571686
1146,154,0,True,0.0020000000949949026,3,4,6,0.07457860559225082,0.07457860559225082,0.07457860559225082,0.4254213869571686,0.4254213869571686
1147,154,0,True,0.0020000000949949026,3,4,6,0.07457860559225082,0.07457860559225082,0.07457860559225082,0.4254213869571686,0.4254213869571686
1149,154,0,True,0.0020000000949949026,3,4,6,0.07457860559225082,0.07457860559225082,0.07457860559225082,0.4254213869571686,0.4254213869571686
1150,154,0,True,0.0020000000949949026,3,4,6,0.07457860559225082,0.07457860559225082,0.07457860559225082,0.4254213869571686,0.4254213869571686
1151,154,0,True,0.0020000000949949026,3,4,6,0.07457860559225082,0.07457860559225082,0.07457860559225082,0.4254213869571686,0.4254213869571686
1152,154,0,True,0.0020000000949949026,3,4,6,0.07457860559225082,0.07457860559225082,0.07457860559225082,0.4254213869571686,0.4254213869571686
1153,154,0,True,0.0020000000949949026,3,4,6,0.07457860559225082,0.07457860559225082,0.07457860559225082,0.4254213869571686,0.4254213869571686
1154,154,0,True,0.0020000000949949026,3,4,6,0.07457860559225082,0.07457860559225082,0.07457860559225082,0.4254213869571686,0.4254213869571686
6360,154,0,True,0.0020000000949949026,3,4,6,0.07457860559225082,0.07457860559225082,0.07457860559225082,0.4254213869571686,0.4254213869571686
6361,154,0,True,0.0020000000949949026,3,4,6,0.07457860559225082,0.07457860559225082,0.07457860559225082,0.4254213869571686,0.4254213869571686
6362,154,0,True,0.0020000000949949026,3,4,6,0.07457860559225082,0.07457860559225082,0.07457860559225082,0.4254213869571686,0.4254213869571686
6364,154,0,True,0.0020000000949949026,3,4,6,0.07457860559225082,0.07457860559225082,0.07457860559225082,0.4254213869571686,0.4254213869571686
6366,154,0,True,0.0020000000949949026,3,4,6,0.07457860559225082,0.07457860559225082,0.07457860559225082,0.4254213869571686,0.4254213869571686
6367,154,0,True,0.0020000000949949026,3,4,6,0.07457860559225082,0.07457860559225082,0.07457860559225082,0.4254213869571686,0.4254213869571686
6368,154,0,True,0.0020000000949949026,3,4,6,0.07457860559225082,0.07457860559225082,0.07457860559225082,0.4254213869571686,0.4254213869571686
6369,154,0,True,0.0020000000949949026,3,4,6,0.07457860559225082,0.07457860559225082,0.07457860559225082,0.4254213869571686,0.4254213869571686
6370,154,0,True,0.0020000000949949026,3,4,6,0.07457860559225082,0.07457860559225082,0.07457860559225082,0.4254213869571686,0.4254213869571686
6371,154,0,True,0.0020000000949949026,3,4,6,0.07457860559225082,0.07457860559225082,0.07457860559225082,0.4254213869571686,0.4254213869571686
6372,154,0,True,0.0020000000949949026,3,4,6,0.07457860559225082,0.07457860559225082,0.07457860559225082,0.4254213869571686,0.4254213869571686
6374,154,0,True,0.0020000000949949026,3,4,6,0.07457860559225082,0.07457860559225082,0.07457860559225082,0.4254213869571686,0.4254213869571686
6376,154,0,True,0.0020000000949949026,3,4,6,0.07457860559225082,0.07457860559225082,0.07457860559225082,0.4254213869571686,0.4254213869571686
6378,154,0,True,0.0020000000949949026,3,4,6,0.07457860559225082,0.07457860559225082,0.07457860559225082,0.4254213869571686,0.4254213869571686
6379,154,0,True,0.0020000000949949026,3,4,6,0.07457860559225082,0.07457860559225082,0.07457860559225082,0.4254213869571686,0.4254213869571686
6381,154,0,True,0.0020000000949949026,3,4,6,0.07457860559225082,0.07457860559225082,0.07457860559225082,0.4254213869571686,0.4254213869571686
6382,154,0,True,0.0020000000949949026,3,4,6,0.07457860559225082,0.07457860559225082,0.07457860559225082,0.4254213869571686,0.4254213869571686
6383,154,0,True,0.0020000000949949026,3,4,6,0.07457860559225082,0.07457860559225082,0.07457860559225082,0.4254213869571686,0.4254213869571686
6384,154,0,True,0.0020000000949949026,3,4,6,0.07457860559225082,0.07457860559225082,0.07457860559225082,0.4254213869571686,0.4254213869571686
6386,154,0,True,0.0020000000949949026,3,4,6,0.07457860559225082,0.07457860559225082,0.07457860559225082,0.4254213869571686,0.4254213869571686
6387,154,0,True,0.0020000000949949026,3,4,6,0.07457860559225082,0.07457860559225082,0.07457860559225082,0.4254213869571686,0.4254213869571686
6388,154,0,True,0.0020000000949949026,3,4,6,0.07457860559225082,0.07457860559225082,0.07457860559225082,0.4254213869571686,0.4254213869571686
6389,154,0,True,0.0020000000949949026,3,4,6,0.07457860559225082,0.07457860559225082,0.07457860559225082,0.4254213869571686,0.4254213869571686
6390,154,0,True,0.0020000000949949026,3,4,6,0.07457860559225082,0.07457860559225082,0.07457860559225082,0.4254213869571686,0.4254213869571686
6391,154,0,True,0.0020000000949949026,3,4,6,0.07457860559225082,0.07457860559225082,0.07457860559225082,0.4254213869571686,0.4254213869571686
6393,154,0,True,0.0020000000949949026,3,4,6,0.07457860559225082,0.07457860559225082,0.07457860559225082,0.4254213869571686,0.4254213869571686
6394,154,0,True,0.0020000000949949026,3,4,6,0.07457860559225082,0.07457860559225082,0.07457860559225082,0.4254213869571686,0.4254213869571686
1276,166,0,True,0.0020000000949949026,3,4,6,0.07457860559225082,0.07457860559225082,0.07457860559225082,0.4254213869571686,0.4254213869571686
1277,166,0,True,0.0020000000949949026,3,4,6,0.07457860559225082,0.07457860559225082,0.07457860559225082,0.4254213869571686,0.4254213869571686
1278,166,0,True,0.0020000000949949026,3,4,6,0.07457860559225082,0.07457860559225082,0.07457860559225082,0.4254213869571686,0.4254213869571686
1279,166,0,True,0.0020000000949949026,3,4,6,0.07457860559225082,0.07457860559225082,0.07457860559225082,0.4254213869571686,0.4254213869571686
1282,166,0,True,0.0020000000949949026,3,4,6,0.07457860559225082,0.07457860559225082,0.07457860559225082,0.4254213869571686,0.4254213869571686
1286,166,0,True,0.0020000000949949026,3,4,6,0.07457860559225082,0.07457860559225082,0.07457860559225082,0.4254213869571686,0.4254213869571686
6840,166,0,True,0.0020000000949949026,3,4,6,0.07457860559225082,0.07457860559225082,0.07457860559225082,0.4254213869571686,0.4254213869571686
6841,166,0,True,0.0020000000949949026,3,4,6,0.07457860559225082,0.07457860559225082,0.07457860559225082,0.4254213869571686,0.4254213869571686
6842,166,0,True,0.0020000000949949026,3,4,6,0.07457860559225082,0.07457860559225082,0.07457860559225082,0.4254213869571686,0.4254213869571686
6843,166,0,True,0.0020000000949949026,3,4,6,0.07457860559225082,0.07457860559225082,0.07457860559225082,0.4254213869571686,0.4254213869571686
6845,166,0,True,0.0020000000949949026,3,4,6,0.07457860559225082,0.07457860559225082,0.07457860559225082,0.4254213869571686,0.4254213869571686
6846,166,0,True,0.0020000000949949026,3,4,6,0.07457860559225082,0.07457860559225082,0.07457860559225082,0.4254213869571686,0.4254213869571686
6847,166,0,True,0.0020000000949949026,3,4,6,0.07457860559225082,0.07457860559225082,0.07457860559225082,0.4254213869571686,0.4254213869571686
6850,166,0,True,0.0020000000949949026,3,4,6,0.07457860559225082,0.07457860559225082,0.07457860559225082,0.4254213869571686,0.4254213869571686
6852,166,0,True,0.0020000000949949026,3,4,6,0.07457860559225082,0.07457860559225082,0.07457860559225082,0.4254213869571686,0.4254213869571686
6855,166,0,True,0.0020000000949949026,3,4,6,0.07457860559225082,0.07457860559225082,0.07457860559225082,0.4254213869571686,0.4254213869571686
6856,166,0,True,0.0020000000949949026,3,4,6,0.07457860559225082,0.07457860559225082,0.07457860559225082,0.4254213869571686,0.4254213869571686
6857,166,0,True,0.0020000000949949026,3,4,6,0.07457860559225082,0.07457860559225082,0.07457860559225082,0.4254213869571686,0.4254213869571686
6858,166,0,True,0.0020000000949949026,3,4,6,0.07457860559225082,0.07457860559225082,0.07457860559225082,0.4254213869571686,0.4254213869571686
6859,166,0,True,0.0020000000949949026,3,4,6,0.07457860559225082,0.07457860559225082,0.07457860559225082,0.4254213869571686,0.4254213869571686
6860,166,0,True,0.0020000000949949026,3,4,6,0.07457860559225082,0.07457860559225082,0.07457860559225082,0.4254213869571686,0.4254213869571686
6861,166,0,True,0.0020000000949949026,3,4,6,0.07457860559225082,0.07457860559225082,0.07457860559225082,0.4254213869571686,0.4254213869571686
6864,166,0,True,0.0020000000949949026,3,4,6,0.07457860559225082,0.07457860559225082,0.07457860559225082,0.4254213869571686,0.4254213869571686
6866,166,0,True,0.0020000000949949026,3,4,6,0.07457860559225082,0.07457860559225082,0.07457860559225082,0.4254213869571686,0.4254213869571686
6867,166,0,True,0.0020000000949949026,3,4,6,0.07457860559225082,0.07457860559225082,0.07457860559225082,0.4254213869571686,0.4254213869571686
6869,166,0,True,0.0020000000949949026,3,4,6,0.07457860559225082,0.07457860559225082,0.07457860559225082,0.4254213869571686,0.4254213869571686
6870,166,0,True,0.0020000000949949026,3,4,6,0.07457860559225082,0.07457860559225082,0.07457860559225082,0.4254213869571686,0.4254213869571686
6871,166,0,True,0.0020000000949949026,3,4,6,0.07457860559225082,0.07457860559225082,0.07457860559225082,0.4254213869571686,0.4254213869571686
6872,166,0,True,0.0020000000949949026,3,4,6,0.07457860559225082,0.07457860559225082,0.07457860559225082,0.4254213869571686,0.4254213869571686
6873,166,0,True,0.0020000000949949026,3,4,6,0.07457860559225082,0.07457860559225082,0.07457860559225082,0.4254213869571686,0.4254213869571686
6874,166,0,True,0.0020000000949949026,3,4,6,0.07457860559225082,0.07457860559225082,0.07457860559225082,0.4254213869571686,0.4254213869571686
6875,166,0,True,0.0020000000949949026,3,4,6,0.07457860559225082,0.07457860559225082,0.07457860559225082,0.4254213869571686,0.4254213869571686
6877,166,0,True,0.0020000000949949026,3,4,6,0.07457860559225082,0.07457860559225082,0.07457860559225082,0.4254213869571686,0.4254213869571686
6878,166,0,True,0.0020000000949949026,3,4,6,0.07457860559225082,0.07457860559225082,0.07457860559225082,0.4254213869571686,0.4254213869571686
6879,166,0,True,0.0020000000949949026,3,4,6,0.07457860559225082,0.07457860559225082,0.07457860559225082,0.4254213869571686,0.4254213869571686
1321,170,0,True,0.0020000000949949026,3,4,6,0.07457860559225082,0.07457860559225082,0.07457860559225082,0.4254213869571686,0.4254213869571686
1322,170,0,True,0.0020000000949949026,3,4,6,0.07457860559225082,0.07457860559225082,0.07457860559225082,0.4254213869571686,0.4254213869571686
1324,170,0,True,0.0020000000949949026,3,4,6,0.07457860559225082,0.07457860559225082,0.07457860559225082,0.4254213869571686,0.4254213869571686
1325,170,0,True,0.0020000000949949026,3,4,6,0.07457860559225082,0.07457860559225082,0.07457860559225082,0.4254213869571686,0.4254213869571686
1326,170,0,True,0.0020000000949949026,3,4,6,0.07457860559225082,0.07457860559225082,0.07457860559225082,0.4254213869571686,0.4254213869571686
1328,170,0,True,0.0020000000949949026,3,4,6,0.07457860559225082,0.07457860559225082,0.07457860559225082,0.4254213869571686,0.4254213869571686
1330,170,0,True,0.0020000000949949026,3,4,6,0.07457860559225082,0.07457860559225082,0.07457860559225082,0.4254213869571686,0.4254213869571686
7000,170,0,True,0.0020000000949949026,3,4,6,0.07457860559225082,0.07457860559225082,0.07457860559225082,0.4254213869571686,0.4254213869571686
7002,170,0,True,0.0020000000949949026,3,4,6,0.07457860559225082,0.07457860559225082,0.07457860559225082,0.4254213869571686,0.4254213869571686
7003,170,0,True,0.0020000000949949026,3,4,6,0.07457860559225082,0.07457860559225082,0.07457860559225082,0.4254213869571686,0.4254213869571686
7004,170,0,True,0.0020000000949949026,3,4,6,0.07457860559225082,0.07457860559225082,0.07457860559225082,0.4254213869571686,0.4254213869571686
7005,170,0,True,0.0020000000949949026,3,4,6,0.07457860559225082,0.07457860559225082,0.07457860559225082,0.4254213869571686,0.4254213869571686
7006,170,0,True,0.0020000000949949026,3,4,6,0.07457860559225082,0.07457860559225082,0.07457860559225082,0.4254213869571686,0.4254213869571686
7008,170,0,True,0.0020000000949949026,3,4,6,0.07457860559225082,0.07457860559225082,0.07457860559225082,0.4254213869571686,0.4254213869571686
7009,170,0,True,0.0020000000949949026,3,4,6,0.07457860559225082,0.07457860559225082,0.07457860559225082,0.4254213869571686,0.4254213869571686
7010,170,0,True,0.0020000000949949026,3,4,6,0.07457860559225082,0.07457860559225082,0.07457860559225082,0.4254213869571686,0.4254213869571686
7011,170,0,True,0.0020000000949949026,3,4,6,0.07457860559225082,0.07457860559225082,0.07457860559225082,0.4254213869571686,0.4254213869571686
7012,170,0,True,0.0020000000949949026,3,4,6,0.07457860559225082,0.07457860559225082,0.07457860559225082,0.4254213869571686,0.4254213869571686
7013,170,0,True,0.0020000000949949026,3,4,6,0.07457860559225082,0.07457860559225082,0.07457860559225082,0.4254213869571686,0.4254213869571686
7014,170,0,True,0.0020000000949949026,3,4,6,0.07457860559225082,0.07457860559225082,0.07457860559225082,0.4254213869571686,0.4254213869571686
7016,170,0,True,0.0020000000949949026,3,4,6,0.07457860559225082,0.07457860559225082,0.07457860559225082,0.4254213869571686,0.4254213869571686
7018,170,0,True,0.0020000000949949026,3,4,6,0.07457860559225082,0.07457860559225082,0.07457860559225082,0.4254213869571686,0.4254213869571686
7019,170,0,True,0.0020000000949949026,3,4,6,0.07457860559225082,0.07457860559225082,0.07457860559225082,0.4254213869571686,0.4254213869571686
7020,170,0,True,0.0020000000949949026,3,4,6,0.07457860559225082,0.07457860559225082,0.07457860559225082,0.4254213869571686,0.4254213869571686
7021,170,0,True,0.0020000000949949026,3,4,6,0.07457860559225082,0.07457860559225082,0.07457860559225082,0.4254213869571686,0.4254213869571686
7022,170,0,True,0.0020000000949949026,3,4,6,0.07457860559225082,0.07457860559225082,0.07457860559225082,0.4254213869571686,0.4254213869571686
7023,170,0,True,0.0020000000949949026,3,4,6,0.07457860559225082,0.07457860559225082,0.07457860559225082,0.4254213869571686,0.4254213869571686
7024,170,0,True,0.0020000000949949026,3,4,6,0.07457860559225082,0.07457860559225082,0.07457860559225082,0.4254213869571686,0.4254213869571686
7025,170,0,True,0.0020000000949949026,3,4,6,0.07457860559225082,0.07457860559225082,0.07457860559225082,0.4254213869571686,0.4254213869571686
7026,170,0,True,0.0020000000949949026,3,4,6,0.07457860559225082,0.07457860559225082,0.07457860559225082,0.4254213869571686,0.4254213869571686
7027,170,0,True,0.0020000000949949026,3,4,6,0.07457860559225082,0.07457860559225082,0.07457860559225082,0.4254213869571686,0.4254213869571686
7028,170,0,True,0.0020000000949949026,3,4,6,0.07457860559225082,0.07457860559225082,0.07457860559225082,0.4254213869571686,0.4254213869571686
7029,170,0,True,0.0020000000949949026,3,4,6,0.07457860559225082,0.07457860559225082,0.07457860559225082,0.4254213869571686,0.4254213869571686
7033,170,0,True,0.0020000000949949026,3,4,6,0.07457860559225082,0.07457860559225082,0.07457860559225082,0.4254213869571686,0.4254213869571686
7035,170,0,True,0.0020000000949949026,3,4,6,0.07457860559225082,0.07457860559225082,0.07457860559225082,0.4254213869571686,0.4254213869571686
7039,170,0,True,0.0020000000949949026,3,4,6,0.07457860559225082,0.07457860559225082,0.07457860559225082,0.4254213869571686,0.4254213869571686
1353,173,0,True,0.0020000000949949026,3,4,6,0.07457860559225082,0.07457860559225082,0.07457860559225082,0.4254213869571686,0.4254213869571686
1354,173,0,True,0.0020000000949949026,3,4,6,0.07457860559225082,0.07457860559225082,0.07457860559225082,0.4254213869571686,0.4254213869571686
1356,173,0,True,0.0020000000949949026,3,4,6,0.07457860559225082,0.07457860559225082,0.07457860559225082,0.4254213869571686,0.4254213869571686
1357,173,0,True,0.0020000000949949026,3,4,6,0.07457860559225082,0.07457860559225082,0.07457860559225082,0.4254213869571686,0.4254213869571686
1358,173,0,True,0.0020000000949949026,3,4,6,0.07457860559225082,0.07457860559225082,0.07457860559225082,0.4254213869571686,0.4254213869571686
1360,173,0,True,0.0020000000949949026,3,4,6,0.07457860559225082,0.07457860559225082,0.07457860559225082,0.4254213869571686,0.4254213869571686
1361,173,0,True,0.0020000000949949026,3,4,6,0.07457860559225082,0.07457860559225082,0.07457860559225082,0.4254213869571686,0.4254213869571686
1362,173,0,True,0.0020000000949949026,3,4,6,0.07457860559225082,0.07457860559225082,0.07457860559225082,0.4254213869571686,0.4254213869571686
7120,173,0,True,0.0020000000949949026,3,4,6,0.07457860559225082,0.07457860559225082,0.07457860559225082,0.4254213869571686,0.4254213869571686
7121,173,0,True,0.0020000000949949026,3,4,6,0.07457860559225082,0.07457860559225082,0.07457860559225082,0.4254213869571686,0.4254213869571686
7122,173,0,True,0.0020000000949949026,3,4,6,0.07457860559225082,0.07457860559225082,0.07457860559225082,0.4254213869571686,0.4254213869571686
7123,173,0,True,0.0020000000949949026,3,4,6,0.07457860559225082,0.07457860559225082,0.07457860559225082,0.4254213869571686,0.4254213869571686
7124,173,0,True,0.0020000000949949026,3,4,6,0.07457860559225082,0.07457860559225082,0.07457860559225082,0.4254213869571686,0.4254213869571686
7128,173,0,True,0.0020000000949949026,3,4,6,0.07457860559225082,0.07457860559225082,0.07457860559225082,0.4254213869571686,0.4254213869571686
7129,173,0,True,0.0020000000949949026,3,4,6,0.07457860559225082,0.07457860559225082,0.07457860559225082,0.4254213869571686,0.4254213869571686
7130,173,0,True,0.0020000000949949026,3,4,6,0.07457860559225082,0.07457860559225082,0.07457860559225082,0.4254213869571686,0.4254213869571686
7133,173,0,True,0.0020000000949949026,3,4,6,0.07457860559225082,0.07457860559225082,0.07457860559225082,0.4254213869571686,0.4254213869571686
7134,173,0,True,0.0020000000949949026,3,4,6,0.07457860559225082,0.07457860559225082,0.07457860559225082,0.4254213869571686,0.4254213869571686
7135,173,0,True,0.0020000000949949026,3,4,6,0.07457860559225082,0.07457860559225082,0.07457860559225082,0.4254213869571686,0.4254213869571686
7137,173,0,True,0.0020000000949949026,3,4,6,0.07457860559225082,0.07457860559225082,0.07457860559225082,0.4254213869571686,0.4254213869571686
7138,173,0,True,0.0020000000949949026,3,4,6,0.07457860559225082,0.07457860559225082,0.07457860559225082,0.4254213869571686,0.4254213869571686
7139,173,0,True,0.0020000000949949026,3,4,6,0.07457860559225082,0.07457860559225082,0.07457860559225082,0.4254213869571686,0.4254213869571686
7140,173,0,True,0.0020000000949949026,3,4,6,0.07457860559225082,0.07457860559225082,0.07457860559225082,0.4254213869571686,0.4254213869571686
7141,173,0,True,0.0020000000949949026,3,4,6,0.07457860559225082,0.07457860559225082,0.07457860559225082,0.4254213869571686,0.4254213869571686
7142,173,0,True,0.0020000000949949026,3,4,6,0.07457860559225082,0.07457860559225082,0.07457860559225082,0.4254213869571686,0.4254213869571686
7143,173,0,True,0.0020000000949949026,3,4,6,0.07457860559225082,0.07457860559225082,0.07457860559225082,0.4254213869571686,0.4254213869571686
7144,173,0,True,0.0020000000949949026,3,4,6,0.07457860559225082,0.07457860559225082,0.07457860559225082,0.4254213869571686,0.4254213869571686
7145,173,0,True,0.0020000000949949026,3,4,6,0.07457860559225082,0.07457860559225082,0.07457860559225082,0.4254213869571686,0.4254213869571686
7146,173,0,True,0.0020000000949949026,3,4,6,0.07457860559225082,0.07457860559225082,0.07457860559225082,0.4254213869571686,0.4254213869571686
7147,173,0,True,0.0020000000949949026,3,4,6,0.07457860559225082,0.07457860559225082,0.07457860559225082,0.4254213869571686,0.4254213869571686
7149,173,0,True,0.0020000000949949026,3,4,6,0.07457860559225082,0.07457860559225082,0.07457860559225082,0.4254213869571686,0.4254213869571686
7150,173,0,True,0.0020000000949949026,3,4,6,0.07457860559225082,0.07457860559225082,0.07457860559225082,0.4254213869571686,0.4254213869571686
7151,173,0,True,0.0020000000949949026,3,4,6,0.07457860559225082,0.07457860559225082,0.07457860559225082,0.4254213869571686,0.4254213869571686
7152,173,0,True,0.0020000000949949026,3,4,6,0.07457860559225082,0.07457860559225082,0.07457860559225082,0.4254213869571686,0.4254213869571686
7153,173,0,True,0.0020000000949949026,3,4,6,0.07457860559225082,0.07457860559225082,0.07457860559225082,0.4254213869571686,0.4254213869571686
7154,173,0,True,0.0020000000949949026,3,4,6,0.07457860559225082,0.07457860559225082,0.07457860559225082,0.4254213869571686,0.4254213869571686
7155,173,0,True,0.0020000000949949026,3,4,6,0.07457860559225082,0.07457860559225082,0.07457860559225082,0.4254213869571686,0.4254213869571686
7156,173,0,True,0.0020000000949949026,3,4,6,0.07457860559225082,0.07457860559225082,0.07457860559225082,0.4254213869571686,0.4254213869571686
7159,173,0,True,0.0020000000949949026,3,4,6,0.07457860559225082,0.07457860559225082,0.07457860559225082,0.4254213869571686,0.4254213869571686
1441,181,0,True,0.0020000000949949026,3,4,6,0.07457860559225082,0.07457860559225082,0.07457860559225082,0.4254213869571686,0.4254213869571686
1442,181,0,True,0.0020000000949949026,3,4,6,0.07457860559225082,0.07457860559225082,0.07457860559225082,0.4254213869571686,0.4254213869571686
1443,181,0,True,0.0020000000949949026,3,4,6,0.07457860559225082,0.07457860559225082,0.07457860559225082,0.4254213869571686,0.4254213869571686
1444,181,0,True,0.0020000000949949026,3,4,6,0.07457860559225082,0.07457860559225082,0.07457860559225082,0.4254213869571686,0.4254213869571686
1445,181,0,True,0.0020000000949949026,3,4,6,0.07457860559225082,0.07457860559225082,0.07457860559225082,0.4254213869571686,0.4254213869571686
1446,181,0,True,0.0020000000949949026,3,4,6,0.07457860559225082,0.07457860559225082,0.07457860559225082,0.4254213869571686,0.4254213869571686
1447,181,0,True,0.0020000000949949026,3,4,6,0.07457860559225082,0.07457860559225082,0.07457860559225082,0.4254213869571686,0.4254213869571686
1448,181,0,True,0.0020000000949949026,3,4,6,0.07457860559225082,0.07457860559225082,0.07457860559225082,0.4254213869571686,0.4254213869571686
1449,181,0,True,0.0020000000949949026,3,4,6,0.07457860559225082,0.07457860559225082,0.07457860559225082,0.4254213869571686,0.4254213869571686
1450,181,0,True,0.0020000000949949026,3,4,6,0.07457860559225082,0.07457860559225082,0.07457860559225082,0.4254213869571686,0.4254213869571686
1451,181,0,True,0.0020000000949949026,3,4,6,0.07457860559225082,0.07457860559225082,0.07457860559225082,0.4254213869571686,0.4254213869571686
7440,181,0,True,0.0020000000949949026,3,4,6,0.07457860559225082,0.07457860559225082,0.07457860559225082,0.4254213869571686,0.4254213869571686
7441,181,0,True,0.0020000000949949026,3,4,6,0.07457860559225082,0.07457860559225082,0.07457860559225082,0.4254213869571686,0.4254213869571686
7442,181,0,True,0.0020000000949949026,3,4,6,0.07457860559225082,0.07457860559225082,0.07457860559225082,0.4254213869571686,0.4254213869571686
7443,181,0,True,0.0020000000949949026,3,4,6,0.07457860559225082,0.07457860559225082,0.07457860559225082,0.4254213869571686,0.4254213869571686
7444,181,0,True,0.0020000000949949026,3,4,6,0.07457860559225082,0.07457860559225082,0.07457860559225082,0.4254213869571686,0.4254213869571686
7445,181,0,True,0.0020000000949949026,3,4,6,0.07457860559225082,0.07457860559225082,0.07457860559225082,0.4254213869571686,0.4254213869571686
7447,181,0,True,0.0020000000949949026,3,4,6,0.07457860559225082,0.07457860559225082,0.07457860559225082,0.4254213869571686,0.4254213869571686
7448,181,0,True,0.0020000000949949026,3,4,6,0.07457860559225082,0.07457860559225082,0.07457860559225082,0.4254213869571686,0.4254213869571686
7450,181,0,True,0.0020000000949949026,3,4,6,0.07457860559225082,0.07457860559225082,0.07457860559225082,0.4254213869571686,0.4254213869571686
7451,181,0,True,0.0020000000949949026,3,4,6,0.07457860559225082,0.07457860559225082,0.07457860559225082,0.4254213869571686,0.4254213869571686
7452,181,0,True,0.0020000000949949026,3,4,6,0.07457860559225082,0.07457860559225082,0.07457860559225082,0.4254213869571686,0.4254213869571686
7453,181,0,True,0.0020000000949949026,3,4,6,0.07457860559225082,0.07457860559225082,0.07457860559225082,0.4254213869571686,0.4254213869571686
7458,181,0,True,0.0020000000949949026,3,4,6,0.07457860559225082,0.07457860559225082,0.07457860559225082,0.4254213869571686,0.4254213869571686
7459,181,0,True,0.0020000000949949026,3,4,6,0.07457860559225082,0.07457860559225082,0.07457860559225082,0.4254213869571686,0.4254213869571686
7461,181,0,True,0.0020000000949949026,3,4,6,0.07457860559225082,0.07457860559225082,0.07457860559225082,0.4254213869571686,0.4254213869571686
7462,181,0,True,0.0020000000949949026,3,4,6,0.07457860559225082,0.07457860559225082,0.07457860559225082,0.4254213869571686,0.4254213869571686
7463,181,0,True,0.0020000000949949026,3,4,6,0.07457860559225082,0.07457860559225082,0.07457860559225082,0.4254213869571686,0.4254213869571686
7464,181,0,True,0.0020000000949949026,3,4,6,0.07457860559225082,0.07457860559225082,0.07457860559225082,0.4254213869571686,0.4254213869571686
7465,181,0,True,0.0020000000949949026,3,4,6,0.07457860559225082,0.07457860559225082,0.07457860559225082,0.4254213869571686,0.4254213869571686
7466,181,0,True,0.0020000000949949026,3,4,6,0.07457860559225082,0.07457860559225082,0.07457860559225082,0.4254213869571686,0.4254213869571686
7467,181,0,True,0.0020000000949949026,3,4,6,0.07457860559225082,0.07457860559225082,0.07457860559225082,0.4254213869571686,0.4254213869571686
7468,181,0,True,0.0020000000949949026,3,4,6,0.07457860559225082,0.07457860559225082,0.07457860559225082,0.4254213869571686,0.4254213869571686
7469,181,0,True,0.0020000000949949026,3,4,6,0.07457860559225082,0.07457860559225082,0.07457860559225082,0.4254213869571686,0.4254213869571686
7470,181,0,True,0.0020000000949949026,3,4,6,0.07457860559225082,0.07457860559225082,0.07457860559225082,0.4254213869571686,0.4254213869571686
7471,181,0,True,0.0020000000949949026,3,4,6,0.07457860559225082,0.07457860559225082,0.07457860559225082,0.4254213869571686,0.4254213869571686
7473,181,0,True,0.0020000000949949026,3,4,6,0.07457860559225082,0.07457860559225082,0.07457860559225082,0.4254213869571686,0.4254213869571686
7474,181,0,True,0.0020000000949949026,3,4,6,0.07457860559225082,0.07457860559225082,0.07457860559225082,0.4254213869571686,0.4254213869571686
7475,181,0,True,0.0020000000949949026,3,4,6,0.07457860559225082,0.07457860559225082,0.07457860559225082,0.4254213869571686,0.4254213869571686
7476,181,0,True,0.0020000000949949026,3,4,6,0.07457860559225082,0.07457860559225082,0.07457860559225082,0.4254213869571686,0.4254213869571686
7478,181,0,True,0.0020000000949949026,3,4,6,0.07457860559225082,0.07457860559225082,0.07457860559225082,0.4254213869571686,0.4254213869571686
1453,182,0,True,0.0020000000949949026,3,4,6,0.07457860559225082,0.07457860559225082,0.07457860559225082,0.4254213869571686,0.4254213869571686
1454,182,0,True,0.0020000000949949026,3,4,6,0.07457860559225082,0.07457860559225082,0.07457860559225082,0.4254213869571686,0.4254213869571686
1456,182,0,True,0.0020000000949949026,3,4,6,0.07457860559225082,0.07457860559225082,0.07457860559225082,0.4254213869571686,0.4254213869571686
1460,182,0,True,0.0020000000949949026,3,4,6,0.07457860559225082,0.07457860559225082,0.07457860559225082,0.4254213869571686,0.4254213869571686
1462,182,0,True,0.0020000000949949026,3,4,6,0.07457860559225082,0.07457860559225082,0.07457860559225082,0.4254213869571686,0.4254213869571686
7480,182,0,True,0.0020000000949949026,3,4,6,0.07457860559225082,0.07457860559225082,0.07457860559225082,0.4254213869571686,0.4254213869571686
7481,182,0,True,0.0020000000949949026,3,4,6,0.07457860559225082,0.07457860559225082,0.07457860559225082,0.4254213869571686,0.4254213869571686
7482,182,0,True,0.0020000000949949026,3,4,6,0.07457860559225082,0.07457860559225082,0.07457860559225082,0.4254213869571686,0.4254213869571686
7484,182,0,True,0.0020000000949949026,3,4,6,0.07457860559225082,0.07457860559225082,0.07457860559225082,0.4254213869571686,0.4254213869571686
7486,182,0,True,0.0020000000949949026,3,4,6,0.07457860559225082,0.07457860559225082,0.07457860559225082,0.4254213869571686,0.4254213869571686
7488,182,0,True,0.0020000000949949026,3,4,6,0.07457860559225082,0.07457860559225082,0.07457860559225082,0.4254213869571686,0.4254213869571686
7489,182,0,True,0.0020000000949949026,3,4,6,0.07457860559225082,0.07457860559225082,0.07457860559225082,0.4254213869571686,0.4254213869571686
7490,182,0,True,0.0020000000949949026,3,4,6,0.07457860559225082,0.07457860559225082,0.07457860559225082,0.4254213869571686,0.4254213869571686
7491,182,0,True,0.0020000000949949026,3,4,6,0.07457860559225082,0.07457860559225082,0.07457860559225082,0.4254213869571686,0.4254213869571686
7492,182,0,True,0.0020000000949949026,3,4,6,0.07457860559225082,0.07457860559225082,0.07457860559225082,0.4254213869571686,0.4254213869571686
7493,182,0,True,0.0020000000949949026,3,4,6,0.07457860559225082,0.07457860559225082,0.07457860559225082,0.4254213869571686,0.4254213869571686
7494,182,0,True,0.0020000000949949026,3,4,6,0.07457860559225082,0.07457860559225082,0.07457860559225082,0.4254213869571686,0.4254213869571686
7496,182,0,True,0.0020000000949949026,3,4,6,0.07457860559225082,0.07457860559225082,0.07457860559225082,0.4254213869571686,0.4254213869571686
7497,182,0,True,0.0020000000949949026,3,4,6,0.07457860559225082,0.07457860559225082,0.07457860559225082,0.4254213869571686,0.4254213869571686
7498,182,0,True,0.0020000000949949026,3,4,6,0.07457860559225082,0.07457860559225082,0.07457860559225082,0.4254213869571686,0.4254213869571686
7501,182,0,True,0.0020000000949949026,3,4,6,0.07457860559225082,0.07457860559225082,0.07457860559225082,0.4254213869571686,0.4254213869571686
7502,182,0,True,0.0020000000949949026,3,4,6,0.07457860559225082,0.07457860559225082,0.07457860559225082,0.4254213869571686,0.4254213869571686
7503,182,0,True,0.0020000000949949026,3,4,6,0.07457860559225082,0.07457860559225082,0.07457860559225082,0.4254213869571686,0.4254213869571686
7504,182,0,True,0.0020000000949949026,3,4,6,0.07457860559225082,0.07457860559225082,0.07457860559225082,0.4254213869571686,0.4254213869571686
7506,182,0,True,0.0020000000949949026,3,4,6,0.07457860559225082,0.07457860559225082,0.07457860559225082,0.4254213869571686,0.4254213869571686
7507,182,0,True,0.0020000000949949026,3,4,6,0.07457860559225082,0.07457860559225082,0.07457860559225082,0.4254213869571686,0.4254213869571686
7509,182,0,True,0.0020000000949949026,3,4,6,0.07457860559225082,0.07457860559225082,0.07457860559225082,0.4254213869571686,0.4254213869571686
7510,182,0,True,0.0020000000949949026,3,4,6,0.07457860559225082,0.07457860559225082,0.07457860559225082,0.4254213869571686,0.4254213869571686
7512,182,0,True,0.0020000000949949026,3,4,6,0.07457860559225082,0.07457860559225082,0.07457860559225082,0.4254213869571686,0.4254213869571686
7513,182,0,True,0.0020000000949949026,3,4,6,0.07457860559225082,0.07457860559225082,0.07457860559225082,0.4254213869571686,0.4254213869571686
7517,182,0,True,0.0020000000949949026,3,4,6,0.07457860559225082,0.07457860559225082,0.07457860559225082,0.4254213869571686,0.4254213869571686
7518,182,0,True,0.0020000000949949026,3,4,6,0.07457860559225082,0.07457860559225082,0.07457860559225082,0.4254213869571686,0.4254213869571686
1474,184,0,True,0.0020000000949949026,3,4,6,0.07457860559225082,0.07457860559225082,0.07457860559225082,0.4254213869571686,0.4254213869571686
1475,184,0,True,0.0020000000949949026,3,4,6,0.07457860559225082,0.07457860559225082,0.07457860559225082,0.4254213869571686,0.4254213869571686
1476,184,0,True,0.0020000000949949026,3,4,6,0.07457860559225082,0.07457860559225082,0.07457860559225082,0.4254213869571686,0.4254213869571686
1478,184,0,True,0.0020000000949949026,3,4,6,0.07457860559225082,0.07457860559225082,0.07457860559225082,0.4254213869571686,0.4254213869571686
1479,184,0,True,0.0020000000949949026,3,4,6,0.07457860559225082,0.07457860559225082,0.07457860559225082,0.4254213869571686,0.4254213869571686
1482,184,0,True,0.0020000000949949026,3,4,6,0.07457860559225082,0.07457860559225082,0.07457860559225082,0.4254213869571686,0.4254213869571686
1483,184,0,True,0.0020000000949949026,3,4,6,0.07457860559225082,0.07457860559225082,0.07457860559225082,0.4254213869571686,0.4254213869571686
1484,184,0,True,0.0020000000949949026,3,4,6,0.07457860559225082,0.07457860559225082,0.07457860559225082,0.4254213869571686,0.4254213869571686
7560,184,0,True,0.0020000000949949026,3,4,6,0.07457860559225082,0.07457860559225082,0.07457860559225082,0.4254213869571686,0.4254213869571686
7564,184,0,True,0.0020000000949949026,3,4,6,0.07457860559225082,0.07457860559225082,0.07457860559225082,0.4254213869571686,0.4254213869571686
7565,184,0,True,0.0020000000949949026,3,4,6,0.07457860559225082,0.07457860559225082,0.07457860559225082,0.4254213869571686,0.4254213869571686
7566,184,0,True,0.0020000000949949026,3,4,6,0.07457860559225082,0.07457860559225082,0.07457860559225082,0.4254213869571686,0.4254213869571686
7567,184,0,True,0.0020000000949949026,3,4,6,0.07457860559225082,0.07457860559225082,0.07457860559225082,0.4254213869571686,0.4254213869571686
7569,184,0,True,0.0020000000949949026,3,4,6,0.07457860559225082,0.07457860559225082,0.07457860559225082,0.4254213869571686,0.4254213869571686
7571,184,0,True,0.0020000000949949026,3,4,6,0.07457860559225082,0.07457860559225082,0.07457860559225082,0.4254213869571686,0.4254213869571686
7572,184,0,True,0.0020000000949949026,3,4,6,0.07457860559225082,0.07457860559225082,0.07457860559225082,0.4254213869571686,0.4254213869571686
7573,184,0,True,0.0020000000949949026,3,4,6,0.07457860559225082,0.07457860559225082,0.07457860559225082,0.4254213869571686,0.4254213869571686
7574,184,0,True,0.0020000000949949026,3,4,6,0.07457860559225082,0.07457860559225082,0.07457860559225082,0.4254213869571686,0.4254213869571686
7575,184,0,True,0.0020000000949949026,3,4,6,0.07457860559225082,0.07457860559225082,0.07457860559225082,0.4254213869571686,0.4254213869571686
7576,184,0,True,0.0020000000949949026,3,4,6,0.07457860559225082,0.07457860559225082,0.07457860559225082,0.4254213869571686,0.4254213869571686
7577,184,0,True,0.0020000000949949026,3,4,6,0.07457860559225082,0.07457860559225082,0.07457860559225082,0.4254213869571686,0.4254213869571686
7578,184,0,True,0.0020000000949949026,3,4,6,0.07457860559225082,0.07457860559225082,0.07457860559225082,0.4254213869571686,0.4254213869571686
7579,184,0,True,0.0020000000949949026,3,4,6,0.07457860559225082,0.07457860559225082,0.07457860559225082,0.4254213869571686,0.4254213869571686
7580,184,0,True,0.0020000000949949026,3,4,6,0.07457860559225082,0.07457860559225082,0.07457860559225082,0.4254213869571686,0.4254213869571686
7581,184,0,True,0.0020000000949949026,3,4,6,0.07457860559225082,0.07457860559225082,0.07457860559225082,0.4254213869571686,0.4254213869571686
7583,184,0,True,0.0020000000949949026,3,4,6,0.07457860559225082,0.07457860559225082,0.07457860559225082,0.4254213869571686,0.4254213869571686
7584,184,0,True,0.0020000000949949026,3,4,6,0.07457860559225082,0.07457860559225082,0.07457860559225082,0.4254213869571686,0.4254213869571686
7585,184,0,True,0.0020000000949949026,3,4,6,0.07457860559225082,0.07457860559225082,0.07457860559225082,0.4254213869571686,0.4254213869571686
7586,184,0,True,0.0020000000949949026,3,4,6,0.07457860559225082,0.07457860559225082,0.07457860559225082,0.4254213869571686,0.4254213869571686
7587,184,0,True,0.0020000000949949026,3,4,6,0.07457860559225082,0.07457860559225082,0.07457860559225082,0.4254213869571686,0.4254213869571686
7588,184,0,True,0.0020000000949949026,3,4,6,0.07457860559225082,0.07457860559225082,0.07457860559225082,0.4254213869571686,0.4254213869571686
7590,184,0,True,0.0020000000949949026,3,4,6,0.07457860559225082,0.07457860559225082,0.07457860559225082,0.4254213869571686,0.4254213869571686
7591,184,0,True,0.0020000000949949026,3,4,6,0.07457860559225082,0.07457860559225082,0.07457860559225082,0.4254213869571686,0.4254213869571686
7592,184,0,True,0.0020000000949949026,3,4,6,0.07457860559225082,0.07457860559225082,0.07457860559225082,0.4254213869571686,0.4254213869571686
7593,184,0,True,0.0020000000949949026,3,4,6,0.07457860559225082,0.07457860559225082,0.07457860559225082,0.4254213869571686,0.4254213869571686
7594,184,0,True,0.0020000000949949026,3,4,6,0.07457860559225082,0.07457860559225082,0.07457860559225082,0.4254213869571686,0.4254213869571686
7595,184,0,True,0.0020000000949949026,3,4,6,0.07457860559225082,0.07457860559225082,0.07457860559225082,0.4254213869571686,0.4254213869571686
7596,184,0,True,0.0020000000949949026,3,4,6,0.07457860559225082,0.07457860559225082,0.07457860559225082,0.4254213869571686,0.4254213869571686
7598,184,0,True,0.0020000000949949026,3,4,6,0.07457860559225082,0.07457860559225082,0.07457860559225082,0.4254213869571686,0.4254213869571686
1485,185,0,True,0.0020000000949949026,3,4,6,0.07457860559225082,0.07457860559225082,0.07457860559225082,0.4254213869571686,0.4254213869571686
1486,185,0,True,0.0020000000949949026,3,4,6,0.07457860559225082,0.07457860559225082,0.07457860559225082,0.4254213869571686,0.4254213869571686
1487,185,0,True,0.0020000000949949026,3,4,6,0.07457860559225082,0.07457860559225082,0.07457860559225082,0.4254213869571686,0.4254213869571686
1488,185,0,True,0.0020000000949949026,3,4,6,0.07457860559225082,0.07457860559225082,0.07457860559225082,0.4254213869571686,0.4254213869571686
1491,185,0,True,0.0020000000949949026,3,4,6,0.07457860559225082,0.07457860559225082,0.07457860559225082,0.4254213869571686,0.4254213869571686
1492,185,0,True,0.0020000000949949026,3,4,6,0.07457860559225082,0.07457860559225082,0.07457860559225082,0.4254213869571686,0.4254213869571686
1495,185,0,True,0.0020000000949949026,3,4,6,0.07457860559225082,0.07457860559225082,0.07457860559225082,0.4254213869571686,0.4254213869571686
7602,185,0,True,0.0020000000949949026,3,4,6,0.07457860559225082,0.07457860559225082,0.07457860559225082,0.4254213869571686,0.4254213869571686
7604,185,0,True,0.0020000000949949026,3,4,6,0.07457860559225082,0.07457860559225082,0.07457860559225082,0.4254213869571686,0.4254213869571686
7606,185,0,True,0.0020000000949949026,3,4,6,0.07457860559225082,0.07457860559225082,0.07457860559225082,0.4254213869571686,0.4254213869571686
7607,185,0,True,0.0020000000949949026,3,4,6,0.07457860559225082,0.07457860559225082,0.07457860559225082,0.4254213869571686,0.4254213869571686
7608,185,0,True,0.0020000000949949026,3,4,6,0.07457860559225082,0.07457860559225082,0.07457860559225082,0.4254213869571686,0.4254213869571686
7609,185,0,True,0.0020000000949949026,3,4,6,0.07457860559225082,0.07457860559225082,0.07457860559225082,0.4254213869571686,0.4254213869571686
7610,185,0,True,0.0020000000949949026,3,4,6,0.07457860559225082,0.07457860559225082,0.07457860559225082,0.4254213869571686,0.4254213869571686
7612,185,0,True,0.0020000000949949026,3,4,6,0.07457860559225082,0.07457860559225082,0.07457860559225082,0.4254213869571686,0.4254213869571686
7613,185,0,True,0.0020000000949949026,3,4,6,0.07457860559225082,0.07457860559225082,0.07457860559225082,0.4254213869571686,0.4254213869571686
7614,185,0,True,0.0020000000949949026,3,4,6,0.07457860559225082,0.07457860559225082,0.07457860559225082,0.4254213869571686,0.4254213869571686
7615,185,0,True,0.0020000000949949026,3,4,6,0.07457860559225082,0.07457860559225082,0.07457860559225082,0.4254213869571686,0.4254213869571686
7617,185,0,True,0.0020000000949949026,3,4,6,0.07457860559225082,0.07457860559225082,0.07457860559225082,0.4254213869571686,0.4254213869571686
7620,185,0,True,0.0020000000949949026,3,4,6,0.07457860559225082,0.07457860559225082,0.07457860559225082,0.4254213869571686,0.4254213869571686
7621,185,0,True,0.0020000000949949026,3,4,6,0.07457860559225082,0.07457860559225082,0.07457860559225082,0.4254213869571686,0.4254213869571686
7622,185,0,True,0.0020000000949949026,3,4,6,0.07457860559225082,0.07457860559225082,0.07457860559225082,0.4254213869571686,0.4254213869571686
7624,185,0,True,0.0020000000949949026,3,4,6,0.07457860559225082,0.07457860559225082,0.07457860559225082,0.4254213869571686,0.4254213869571686
7626,185,0,True,0.0020000000949949026,3,4,6,0.07457860559225082,0.07457860559225082,0.07457860559225082,0.4254213869571686,0.4254213869571686
7628,185,0,True,0.0020000000949949026,3,4,6,0.07457860559225082,0.07457860559225082,0.07457860559225082,0.4254213869571686,0.4254213869571686
7629,185,0,True,0.0020000000949949026,3,4,6,0.07457860559225082,0.07457860559225082,0.07457860559225082,0.4254213869571686,0.4254213869571686
7630,185,0,True,0.0020000000949949026,3,4,6,0.07457860559225082,0.07457860559225082,0.07457860559225082,0.4254213869571686,0.4254213869571686
7631,185,0,True,0.0020000000949949026,3,4,6,0.07457860559225082,0.07457860559225082,0.07457860559225082,0.4254213869571686,0.4254213869571686
7633,185,0,True,0.0020000000949949026,3,4,6,0.07457860559225082,0.07457860559225082,0.07457860559225082,0.4254213869571686,0.4254213869571686
7634,185,0,True,0.0020000000949949026,3,4,6,0.07457860559225082,0.07457860559225082,0.07457860559225082,0.4254213869571686,0.4254213869571686
7635,185,0,True,0.0020000000949949026,3,4,6,0.07457860559225082,0.07457860559225082,0.07457860559225082,0.4254213869571686,0.4254213869571686
7638,185,0,True,0.0020000000949949026,3,4,6,0.07457860559225082,0.07457860559225082,0.07457860559225082,0.4254213869571686,0.4254213869571686
7639,185,0,True,0.0020000000949949026,3,4,6,0.07457860559225082,0.07457860559225082,0.07457860559225082,0.4254213869571686,0.4254213869571686
1496,186,0,True,0.0020000000949949026,3,4,6,0.07457860559225082,0.07457860559225082,0.07457860559225082,0.4254213869571686,0.4254213869571686
1497,186,0,True,0.0020000000949949026,3,4,6,0.07457860559225082,0.07457860559225082,0.07457860559225082,0.4254213869571686,0.4254213869571686
1499,186,0,True,0.0020000000949949026,3,4,6,0.07457860559225082,0.07457860559225082,0.07457860559225082,0.4254213869571686,0.4254213869571686
1501,186,0,True,0.0020000000949949026,3,4,6,0.07457860559225082,0.07457860559225082,0.07457860559225082,0.4254213869571686,0.4254213869571686
1503,186,0,True,0.0020000000949949026,3,4,6,0.07457860559225082,0.07457860559225082,0.07457860559225082,0.4254213869571686,0.4254213869571686
1504,186,0,True,0.0020000000949949026,3,4,6,0.07457860559225082,0.07457860559225082,0.07457860559225082,0.4254213869571686,0.4254213869571686
7640,186,0,True,0.0020000000949949026,3,4,6,0.07457860559225082,0.07457860559225082,0.07457860559225082,0.4254213869571686,0.4254213869571686
7641,186,0,True,0.0020000000949949026,3,4,6,0.07457860559225082,0.07457860559225082,0.07457860559225082,0.4254213869571686,0.4254213869571686
7642,186,0,True,0.0020000000949949026,3,4,6,0.07457860559225082,0.07457860559225082,0.07457860559225082,0.4254213869571686,0.4254213869571686
7644,186,0,True,0.0020000000949949026,3,4,6,0.07457860559225082,0.07457860559225082,0.07457860559225082,0.4254213869571686,0.4254213869571686
7645,186,0,True,0.0020000000949949026,3,4,6,0.07457860559225082,0.07457860559225082,0.07457860559225082,0.4254213869571686,0.4254213869571686
7647,186,0,True,0.0020000000949949026,3,4,6,0.07457860559225082,0.07457860559225082,0.07457860559225082,0.4254213869571686,0.4254213869571686
7649,186,0,True,0.0020000000949949026,3,4,6,0.07457860559225082,0.07457860559225082,0.07457860559225082,0.4254213869571686,0.4254213869571686
7651,186,0,True,0.0020000000949949026,3,4,6,0.07457860559225082,0.07457860559225082,0.07457860559225082,0.4254213869571686,0.4254213869571686
7653,186,0,True,0.0020000000949949026,3,4,6,0.07457860559225082,0.07457860559225082,0.07457860559225082,0.4254213869571686,0.4254213869571686
7654,186,0,True,0.0020000000949949026,3,4,6,0.07457860559225082,0.07457860559225082,0.07457860559225082,0.4254213869571686,0.4254213869571686
7655,186,0,True,0.0020000000949949026,3,4,6,0.07457860559225082,0.07457860559225082,0.07457860559225082,0.4254213869571686,0.4254213869571686
7656,186,0,True,0.0020000000949949026,3,4,6,0.07457860559225082,0.07457860559225082,0.07457860559225082,0.4254213869571686,0.4254213869571686
7657,186,0,True,0.0020000000949949026,3,4,6,0.07457860559225082,0.07457860559225082,0.07457860559225082,0.4254213869571686,0.4254213869571686
7659,186,0,True,0.0020000000949949026,3,4,6,0.07457860559225082,0.07457860559225082,0.07457860559225082,0.4254213869571686,0.4254213869571686
7660,186,0,True,0.0020000000949949026,3,4,6,0.07457860559225082,0.07457860559225082,0.07457860559225082,0.4254213869571686,0.4254213869571686
7661,186,0,True,0.0020000000949949026,3,4,6,0.07457860559225082,0.07457860559225082,0.07457860559225082,0.4254213869571686,0.4254213869571686
7662,186,0,True,0.0020000000949949026,3,4,6,0.07457860559225082,0.07457860559225082,0.07457860559225082,0.4254213869571686,0.4254213869571686
7663,186,0,True,0.0020000000949949026,3,4,6,0.07457860559225082,0.07457860559225082,0.07457860559225082,0.4254213869571686,0.4254213869571686
7664,186,0,True,0.0020000000949949026,3,4,6,0.07457860559225082,0.07457860559225082,0.07457860559225082,0.4254213869571686,0.4254213869571686
7665,186,0,True,0.0020000000949949026,3,4,6,0.07457860559225082,0.07457860559225082,0.07457860559225082,0.4254213869571686,0.4254213869571686
7667,186,0,True,0.0020000000949949026,3,4,6,0.07457860559225082,0.07457860559225082,0.07457860559225082,0.4254213869571686,0.4254213869571686
7669,186,0,True,0.0020000000949949026,3,4,6,0.07457860559225082,0.07457860559225082,0.07457860559225082,0.4254213869571686,0.4254213869571686
7670,186,0,True,0.0020000000949949026,3,4,6,0.07457860559225082,0.07457860559225082,0.07457860559225082,0.4254213869571686,0.4254213869571686
7671,186,0,True,0.0020000000949949026,3,4,6,0.07457860559225082,0.07457860559225082,0.07457860559225082,0.4254213869571686,0.4254213869571686
7674,186,0,True,0.0020000000949949026,3,4,6,0.07457860559225082,0.07457860559225082,0.07457860559225082,0.4254213869571686,0.4254213869571686
7675,186,0,True,0.0020000000949949026,3,4,6,0.07457860559225082,0.07457860559225082,0.07457860559225082,0.4254213869571686,0.4254213869571686
7676,186,0,True,0.0020000000949949026,3,4,6,0.07457860559225082,0.07457860559225082,0.07457860559225082,0.4254213869571686,0.4254213869571686
7677,186,0,True,0.0020000000949949026,3,4,6,0.07457860559225082,0.07457860559225082,0.07457860559225082,0.4254213869571686,0.4254213869571686
7679,186,0,True,0.0020000000949949026,3,4,6,0.07457860559225082,0.07457860559225082,0.07457860559225082,0.4254213869571686,0.4254213869571686
1507,187,0,True,0.0020000000949949026,3,4,6,0.07457860559225082,0.07457860559225082,0.07457860559225082,0.4254213869571686,0.4254213869571686
1508,187,0,True,0.0020000000949949026,3,4,6,0.07457860559225082,0.07457860559225082,0.07457860559225082,0.4254213869571686,0.4254213869571686
1509,187,0,True,0.0020000000949949026,3,4,6,0.07457860559225082,0.07457860559225082,0.07457860559225082,0.4254213869571686,0.4254213869571686
1510,187,0,True,0.0020000000949949026,3,4,6,0.07457860559225082,0.07457860559225082,0.07457860559225082,0.4254213869571686,0.4254213869571686
1511,187,0,True,0.0020000000949949026,3,4,6,0.07457860559225082,0.07457860559225082,0.07457860559225082,0.4254213869571686,0.4254213869571686
1512,187,0,True,0.0020000000949949026,3,4,6,0.07457860559225082,0.07457860559225082,0.07457860559225082,0.4254213869571686,0.4254213869571686
1513,187,0,True,0.0020000000949949026,3,4,6,0.07457860559225082,0.07457860559225082,0.07457860559225082,0.4254213869571686,0.4254213869571686
1514,187,0,True,0.0020000000949949026,3,4,6,0.07457860559225082,0.07457860559225082,0.07457860559225082,0.4254213869571686,0.4254213869571686
1515,187,0,True,0.0020000000949949026,3,4,6,0.07457860559225082,0.07457860559225082,0.07457860559225082,0.4254213869571686,0.4254213869571686
7682,187,0,True,0.0020000000949949026,3,4,6,0.07457860559225082,0.07457860559225082,0.07457860559225082,0.4254213869571686,0.4254213869571686
7683,187,0,True,0.0020000000949949026,3,4,6,0.07457860559225082,0.07457860559225082,0.07457860559225082,0.4254213869571686,0.4254213869571686
7685,187,0,True,0.0020000000949949026,3,4,6,0.07457860559225082,0.07457860559225082,0.07457860559225082,0.4254213869571686,0.4254213869571686
7686,187,0,True,0.0020000000949949026,3,4,6,0.07457860559225082,0.07457860559225082,0.07457860559225082,0.4254213869571686,0.4254213869571686
7687,187,0,True,0.0020000000949949026,3,4,6,0.07457860559225082,0.07457860559225082,0.07457860559225082,0.4254213869571686,0.4254213869571686
7689,187,0,True,0.0020000000949949026,3,4,6,0.07457860559225082,0.07457860559225082,0.07457860559225082,0.4254213869571686,0.4254213869571686
7690,187,0,True,0.0020000000949949026,3,4,6,0.07457860559225082,0.07457860559225082,0.07457860559225082,0.4254213869571686,0.4254213869571686
7691,187,0,True,0.0020000000949949026,3,4,6,0.07457860559225082,0.07457860559225082,0.07457860559225082,0.4254213869571686,0.4254213869571686
7692,187,0,True,0.0020000000949949026,3,4,6,0.07457860559225082,0.07457860559225082,0.07457860559225082,0.4254213869571686,0.4254213869571686
7694,187,0,True,0.0020000000949949026,3,4,6,0.07457860559225082,0.07457860559225082,0.07457860559225082,0.4254213869571686,0.4254213869571686
7696,187,0,True,0.0020000000949949026,3,4,6,0.07457860559225082,0.07457860559225082,0.07457860559225082,0.4254213869571686,0.4254213869571686
7698,187,0,True,0.0020000000949949026,3,4,6,0.07457860559225082,0.07457860559225082,0.07457860559225082,0.4254213869571686,0.4254213869571686
7700,187,0,True,0.0020000000949949026,3,4,6,0.07457860559225082,0.07457860559225082,0.07457860559225082,0.4254213869571686,0.4254213869571686
7702,187,0,True,0.0020000000949949026,3,4,6,0.07457860559225082,0.07457860559225082,0.07457860559225082,0.4254213869571686,0.4254213869571686
7704,187,0,True,0.0020000000949949026,3,4,6,0.07457860559225082,0.07457860559225082,0.07457860559225082,0.4254213869571686,0.4254213869571686
7706,187,0,True,0.0020000000949949026,3,4,6,0.07457860559225082,0.07457860559225082,0.07457860559225082,0.4254213869571686,0.4254213869571686
7707,187,0,True,0.0020000000949949026,3,4,6,0.07457860559225082,0.07457860559225082,0.07457860559225082,0.4254213869571686,0.4254213869571686
7708,187,0,True,0.0020000000949949026,3,4,6,0.07457860559225082,0.07457860559225082,0.07457860559225082,0.4254213869571686,0.4254213869571686
7709,187,0,True,0.0020000000949949026,3,4,6,0.07457860559225082,0.07457860559225082,0.07457860559225082,0.4254213869571686,0.4254213869571686
7710,187,0,True,0.0020000000949949026,3,4,6,0.07457860559225082,0.07457860559225082,0.07457860559225082,0.4254213869571686,0.4254213869571686
7712,187,0,True,0.0020000000949949026,3,4,6,0.07457860559225082,0.07457860559225082,0.07457860559225082,0.4254213869571686,0.4254213869571686
7713,187,0,True,0.0020000000949949026,3,4,6,0.07457860559225082,0.07457860559225082,0.07457860559225082,0.4254213869571686,0.4254213869571686
7714,187,0,True,0.0020000000949949026,3,4,6,0.07457860559225082,0.07457860559225082,0.07457860559225082,0.4254213869571686,0.4254213869571686
7715,187,0,True,0.0020000000949949026,3,4,6,0.07457860559225082,0.07457860559225082,0.07457860559225082,0.4254213869571686,0.4254213869571686
7716,187,0,True,0.0020000000949949026,3,4,6,0.07457860559225082,0.07457860559225082,0.07457860559225082,0.4254213869571686,0.4254213869571686
7717,187,0,True,0.0020000000949949026,3,4,6,0.07457860559225082,0.07457860559225082,0.07457860559225082,0.4254213869571686,0.4254213869571686
7718,187,0,True,0.0020000000949949026,3,4,6,0.07457860559225082,0.07457860559225082,0.07457860559225082,0.4254213869571686,0.4254213869571686
7719,187,0,True,0.0020000000949949026,3,4,6,0.07457860559225082,0.07457860559225082,0.07457860559225082,0.4254213869571686,0.4254213869571686
1551,191,0,True,0.0020000000949949026,3,4,6,0.07457860559225082,0.07457860559225082,0.07457860559225082,0.4254213869571686,0.4254213869571686
1552,191,0,True,0.0020000000949949026,3,4,6,0.07457860559225082,0.07457860559225082,0.07457860559225082,0.4254213869571686,0.4254213869571686
1554,191,0,True,0.0020000000949949026,3,4,6,0.07457860559225082,0.07457860559225082,0.07457860559225082,0.4254213869571686,0.4254213869571686
1555,191,0,True,0.0020000000949949026,3,4,6,0.07457860559225082,0.07457860559225082,0.07457860559225082,0.4254213869571686,0.4254213869571686
1557,191,0,True,0.0020000000949949026,3,4,6,0.07457860559225082,0.07457860559225082,0.07457860559225082,0.4254213869571686,0.4254213869571686
1559,191,0,True,0.0020000000949949026,3,4,6,0.07457860559225082,0.07457860559225082,0.07457860559225082,0.4254213869571686,0.4254213869571686
1560,191,0,True,0.0020000000949949026,3,4,6,0.07457860559225082,0.07457860559225082,0.07457860559225082,0.4254213869571686,0.4254213869571686
1561,191,0,True,0.0020000000949949026,3,4,6,0.07457860559225082,0.07457860559225082,0.07457860559225082,0.4254213869571686,0.4254213869571686
7840,191,0,True,0.0020000000949949026,3,4,6,0.07457860559225082,0.07457860559225082,0.07457860559225082,0.4254213869571686,0.4254213869571686
7841,191,0,True,0.0020000000949949026,3,4,6,0.07457860559225082,0.07457860559225082,0.07457860559225082,0.4254213869571686,0.4254213869571686
7846,191,0,True,0.0020000000949949026,3,4,6,0.07457860559225082,0.07457860559225082,0.07457860559225082,0.4254213869571686,0.4254213869571686
7847,191,0,True,0.0020000000949949026,3,4,6,0.07457860559225082,0.07457860559225082,0.07457860559225082,0.4254213869571686,0.4254213869571686
7848,191,0,True,0.0020000000949949026,3,4,6,0.07457860559225082,0.07457860559225082,0.07457860559225082,0.4254213869571686,0.4254213869571686
7849,191,0,True,0.0020000000949949026,3,4,6,0.07457860559225082,0.07457860559225082,0.07457860559225082,0.4254213869571686,0.4254213869571686
7850,191,0,True,0.0020000000949949026,3,4,6,0.07457860559225082,0.07457860559225082,0.07457860559225082,0.4254213869571686,0.4254213869571686
7851,191,0,True,0.0020000000949949026,3,4,6,0.07457860559225082,0.07457860559225082,0.07457860559225082,0.4254213869571686,0.4254213869571686
7856,191,0,True,0.0020000000949949026,3,4,6,0.07457860559225082,0.07457860559225082,0.07457860559225082,0.4254213869571686,0.4254213869571686
7857,191,0,True,0.0020000000949949026,3,4,6,0.07457860559225082,0.07457860559225082,0.07457860559225082,0.4254213869571686,0.4254213869571686
7859,191,0,True,0.0020000000949949026,3,4,6,0.07457860559225082,0.07457860559225082,0.07457860559225082,0.4254213869571686,0.4254213869571686
7861,191,0,True,0.0020000000949949026,3,4,6,0.07457860559225082,0.07457860559225082,0.07457860559225082,0.4254213869571686,0.4254213869571686
7862,191,0,True,0.0020000000949949026,3,4,6,0.07457860559225082,0.07457860559225082,0.07457860559225082,0.4254213869571686,0.4254213869571686
7863,191,0,True,0.0020000000949949026,3,4,6,0.07457860559225082,0.07457860559225082,0.07457860559225082,0.4254213869571686,0.4254213869571686
7864,191,0,True,0.0020000000949949026,3,4,6,0.07457860559225082,0.07457860559225082,0.07457860559225082,0.4254213869571686,0.4254213869571686
7865,191,0,True,0.0020000000949949026,3,4,6,0.07457860559225082,0.07457860559225082,0.07457860559225082,0.4254213869571686,0.4254213869571686
7866,191,0,True,0.0020000000949949026,3,4,6,0.07457860559225082,0.07457860559225082,0.07457860559225082,0.4254213869571686,0.4254213869571686
7868,191,0,True,0.0020000000949949026,3,4,6,0.07457860559225082,0.07457860559225082,0.07457860559225082,0.4254213869571686,0.4254213869571686
7870,191,0,True,0.0020000000949949026,3,4,6,0.07457860559225082,0.07457860559225082,0.07457860559225082,0.4254213869571686,0.4254213869571686
7874,191,0,True,0.0020000000949949026,3,4,6,0.07457860559225082,0.07457860559225082,0.07457860559225082,0.4254213869571686,0.4254213869571686
7876,191,0,True,0.0020000000949949026,3,4,6,0.07457860559225082,0.07457860559225082,0.07457860559225082,0.4254213869571686,0.4254213869571686
7877,191,0,True,0.0020000000949949026,3,4,6,0.07457860559225082,0.07457860559225082,0.07457860559225082,0.4254213869571686,0.4254213869571686
7878,191,0,True,0.0020000000949949026,3,4,6,0.07457860559225082,0.07457860559225082,0.07457860559225082,0.4254213869571686,0.4254213869571686
1586,194,0,True,0.0020000000949949026,3,4,6,0.07457860559225082,0.07457860559225082,0.07457860559225082,0.4254213869571686,0.4254213869571686
1587,194,0,True,0.0020000000949949026,3,4,6,0.07457860559225082,0.07457860559225082,0.07457860559225082,0.4254213869571686,0.4254213869571686
1589,194,0,True,0.0020000000949949026,3,4,6,0.07457860559225082,0.07457860559225082,0.07457860559225082,0.4254213869571686,0.4254213869571686
1590,194,0,True,0.0020000000949949026,3,4,6,0.07457860559225082,0.07457860559225082,0.07457860559225082,0.4254213869571686,0.4254213869571686
1591,194,0,True,0.0020000000949949026,3,4,6,0.07457860559225082,0.07457860559225082,0.07457860559225082,0.4254213869571686,0.4254213869571686
1592,194,0,True,0.0020000000949949026,3,4,6,0.07457860559225082,0.07457860559225082,0.07457860559225082,0.4254213869571686,0.4254213869571686
1594,194,0,True,0.0020000000949949026,3,4,6,0.07457860559225082,0.07457860559225082,0.07457860559225082,0.4254213869571686,0.4254213869571686
7960,194,0,True,0.0020000000949949026,3,4,6,0.07457860559225082,0.07457860559225082,0.07457860559225082,0.4254213869571686,0.4254213869571686
7962,194,0,True,0.0020000000949949026,3,4,6,0.07457860559225082,0.07457860559225082,0.07457860559225082,0.4254213869571686,0.4254213869571686
7966,194,0,True,0.0020000000949949026,3,4,6,0.07457860559225082,0.07457860559225082,0.07457860559225082,0.4254213869571686,0.4254213869571686
7967,194,0,True,0.0020000000949949026,3,4,6,0.07457860559225082,0.07457860559225082,0.07457860559225082,0.4254213869571686,0.4254213869571686
7968,194,0,True,0.0020000000949949026,3,4,6,0.07457860559225082,0.07457860559225082,0.07457860559225082,0.4254213869571686,0.4254213869571686
7970,194,0,True,0.0020000000949949026,3,4,6,0.07457860559225082,0.07457860559225082,0.07457860559225082,0.4254213869571686,0.4254213869571686
7971,194,0,True,0.0020000000949949026,3,4,6,0.07457860559225082,0.07457860559225082,0.07457860559225082,0.4254213869571686,0.4254213869571686
7973,194,0,True,0.0020000000949949026,3,4,6,0.07457860559225082,0.07457860559225082,0.07457860559225082,0.4254213869571686,0.4254213869571686
7974,194,0,True,0.0020000000949949026,3,4,6,0.07457860559225082,0.07457860559225082,0.07457860559225082,0.4254213869571686,0.4254213869571686
7975,194,0,True,0.0020000000949949026,3,4,6,0.07457860559225082,0.07457860559225082,0.07457860559225082,0.4254213869571686,0.4254213869571686
7977,194,0,True,0.0020000000949949026,3,4,6,0.07457860559225082,0.07457860559225082,0.07457860559225082,0.4254213869571686,0.4254213869571686
7978,194,0,True,0.0020000000949949026,3,4,6,0.07457860559225082,0.07457860559225082,0.07457860559225082,0.4254213869571686,0.4254213869571686
7979,194,0,True,0.0020000000949949026,3,4,6,0.07457860559225082,0.07457860559225082,0.07457860559225082,0.4254213869571686,0.4254213869571686
7981,194,0,True,0.0020000000949949026,3,4,6,0.07457860559225082,0.07457860559225082,0.07457860559225082,0.4254213869571686,0.4254213869571686
7982,194,0,True,0.0020000000949949026,3,4,6,0.07457860559225082,0.07457860559225082,0.07457860559225082,0.4254213869571686,0.4254213869571686
7983,194,0,True,0.0020000000949949026,3,4,6,0.07457860559225082,0.07457860559225082,0.07457860559225082,0.4254213869571686,0.4254213869571686
7984,194,0,True,0.0020000000949949026,3,4,6,0.07457860559225082,0.07457860559225082,0.07457860559225082,0.4254213869571686,0.4254213869571686
7986,194,0,True,0.0020000000949949026,3,4,6,0.07457860559225082,0.07457860559225082,0.07457860559225082,0.4254213869571686,0.4254213869571686
7987,194,0,True,0.0020000000949949026,3,4,6,0.07457860559225082,0.07457860559225082,0.07457860559225082,0.4254213869571686,0.4254213869571686
7989,194,0,True,0.0020000000949949026,3,4,6,0.07457860559225082,0.07457860559225082,0.07457860559225082,0.4254213869571686,0.4254213869571686
7990,194,0,True,0.0020000000949949026,3,4,6,0.07457860559225082,0.07457860559225082,0.07457860559225082,0.4254213869571686,0.4254213869571686
7991,194,0,True,0.0020000000949949026,3,4,6,0.07457860559225082,0.07457860559225082,0.07457860559225082,0.4254213869571686,0.4254213869571686
7992,194,0,True,0.0020000000949949026,3,4,6,0.07457860559225082,0.07457860559225082,0.07457860559225082,0.4254213869571686,0.4254213869571686
7993,194,0,True,0.0020000000949949026,3,4,6,0.07457860559225082,0.07457860559225082,0.07457860559225082,0.4254213869571686,0.4254213869571686
7994,194,0,True,0.0020000000949949026,3,4,6,0.07457860559225082,0.07457860559225082,0.07457860559225082,0.4254213869571686,0.4254213869571686
7995,194,0,True,0.0020000000949949026,3,4,6,0.07457860559225082,0.07457860559225082,0.07457860559225082,0.4254213869571686,0.4254213869571686
7996,194,0,True,0.0020000000949949026,3,4,6,0.07457860559225082,0.07457860559225082,0.07457860559225082,0.4254213869571686,0.4254213869571686
7997,194,0,True,0.0020000000949949026,3,4,6,0.07457860559225082,0.07457860559225082,0.07457860559225082,0.4254213869571686,0.4254213869571686
7998,194,0,True,0.0020000000949949026,3,4,6,0.07457860559225082,0.07457860559225082,0.07457860559225082,0.4254213869571686,0.4254213869571686
7999,194,0,True,0.0020000000949949026,3,4,6,0.07457860559225082,0.07457860559225082,0.07457860559225082,0.4254213869571686,0.4254213869571686
1598,195,0,True,0.0020000000949949026,3,4,6,0.07457860559225082,0.07457860559225082,0.07457860559225082,0.4254213869571686,0.4254213869571686
1599,195,0,True,0.0020000000949949026,3,4,6,0.07457860559225082,0.07457860559225082,0.07457860559225082,0.4254213869571686,0.4254213869571686
1601,195,0,True,0.0020000000949949026,3,4,6,0.07457860559225082,0.07457860559225082,0.07457860559225082,0.4254213869571686,0.4254213869571686
1603,195,0,True,0.0020000000949949026,3,4,6,0.07457860559225082,0.07457860559225082,0.07457860559225082,0.4254213869571686,0.4254213869571686
1604,195,0,True,0.0020000000949949026,3,4,6,0.07457860559225082,0.07457860559225082,0.07457860559225082,0.4254213869571686,0.4254213869571686
1605,195,0,True,0.0020000000949949026,3,4,6,0.07457860559225082,0.07457860559225082,0.07457860559225082,0.4254213869571686,0.4254213869571686
8000,195,0,True,0.0020000000949949026,3,4,6,0.07457860559225082,0.07457860559225082,0.07457860559225082,0.4254213869571686,0.4254213869571686
8001,195,0,True,0.0020000000949949026,3,4,6,0.07457860559225082,0.07457860559225082,0.07457860559225082,0.4254213869571686,0.4254213869571686
8002,195,0,True,0.0020000000949949026,3,4,6,0.07457860559225082,0.07457860559225082,0.07457860559225082,0.4254213869571686,0.4254213869571686
8006,195,0,True,0.0020000000949949026,3,4,6,0.07457860559225082,0.07457860559225082,0.07457860559225082,0.4254213869571686,0.4254213869571686
8007,195,0,True,0.0020000000949949026,3,4,6,0.07457860559225082,0.07457860559225082,0.07457860559225082,0.4254213869571686,0.4254213869571686
8008,195,0,True,0.0020000000949949026,3,4,6,0.07457860559225082,0.07457860559225082,0.07457860559225082,0.4254213869571686,0.4254213869571686
8011,195,0,True,0.0020000000949949026,3,4,6,0.07457860559225082,0.07457860559225082,0.07457860559225082,0.4254213869571686,0.4254213869571686
8012,195,0,True,0.0020000000949949026,3,4,6,0.07457860559225082,0.07457860559225082,0.07457860559225082,0.4254213869571686,0.4254213869571686
8013,195,0,True,0.0020000000949949026,3,4,6,0.07457860559225082,0.07457860559225082,0.07457860559225082,0.4254213869571686,0.4254213869571686
8014,195,0,True,0.0020000000949949026,3,4,6,0.07457860559225082,0.07457860559225082,0.07457860559225082,0.4254213869571686,0.4254213869571686
8015,195,0,True,0.0020000000949949026,3,4,6,0.07457860559225082,0.07457860559225082,0.07457860559225082,0.4254213869571686,0.4254213869571686
8017,195,0,True,0.0020000000949949026,3,4,6,0.07457860559225082,0.07457860559225082,0.07457860559225082,0.4254213869571686,0.4254213869571686
8018,195,0,True,0.0020000000949949026,3,4,6,0.07457860559225082,0.07457860559225082,0.07457860559225082,0.4254213869571686,0.4254213869571686
8020,195,0,True,0.0020000000949949026,3,4,6,0.07457860559225082,0.07457860559225082,0.07457860559225082,0.4254213869571686,0.4254213869571686
8022,195,0,True,0.0020000000949949026,3,4,6,0.07457860559225082,0.07457860559225082,0.07457860559225082,0.4254213869571686,0.4254213869571686
8023,195,0,True,0.0020000000949949026,3,4,6,0.07457860559225082,0.07457860559225082,0.07457860559225082,0.4254213869571686,0.4254213869571686
8024,195,0,True,0.0020000000949949026,3,4,6,0.07457860559225082,0.07457860559225082,0.07457860559225082,0.4254213869571686,0.4254213869571686
8025,195,0,True,0.0020000000949949026,3,4,6,0.07457860559225082,0.07457860559225082,0.07457860559225082,0.4254213869571686,0.4254213869571686
8026,195,0,True,0.0020000000949949026,3,4,6,0.07457860559225082,0.07457860559225082,0.07457860559225082,0.4254213869571686,0.4254213869571686
8027,195,0,True,0.0020000000949949026,3,4,6,0.07457860559225082,0.07457860559225082,0.07457860559225082,0.4254213869571686,0.4254213869571686
8028,195,0,True,0.0020000000949949026,3,4,6,0.07457860559225082,0.07457860559225082,0.07457860559225082,0.4254213869571686,0.4254213869571686
8029,195,0,True,0.0020000000949949026,3,4,6,0.07457860559225082,0.07457860559225082,0.07457860559225082,0.4254213869571686,0.4254213869571686
8030,195,0,True,0.0020000000949949026,3,4,6,0.07457860559225082,0.07457860559225082,0.07457860559225082,0.4254213869571686,0.4254213869571686
8034,195,0,True,0.0020000000949949026,3,4,6,0.07457860559225082,0.07457860559225082,0.07457860559225082,0.4254213869571686,0.4254213869571686
8035,195,0,True,0.0020000000949949026,3,4,6,0.07457860559225082,0.07457860559225082,0.07457860559225082,0.4254213869571686,0.4254213869571686
8036,195,0,True,0.0020000000949949026,3,4,6,0.07457860559225082,0.07457860559225082,0.07457860559225082,0.4254213869571686,0.4254213869571686
8037,195,0,True,0.0020000000949949026,3,4,6,0.07457860559225082,0.07457860559225082,0.07457860559225082,0.4254213869571686,0.4254213869571686
8038,195,0,True,0.0020000000949949026,3,4,6,0.07457860559225082,0.07457860559225082,0.07457860559225082,0.4254213869571686,0.4254213869571686
1606,196,0,True,0.0020000000949949026,3,4,6,0.07457860559225082,0.07457860559225082,0.07457860559225082,0.4254213869571686,0.4254213869571686
1609,196,0,True,0.0020000000949949026,3,4,6,0.07457860559225082,0.07457860559225082,0.07457860559225082,0.4254213869571686,0.4254213869571686
1610,196,0,True,0.0020000000949949026,3,4,6,0.07457860559225082,0.07457860559225082,0.07457860559225082,0.4254213869571686,0.4254213869571686
1614,196,0,True,0.0020000000949949026,3,4,6,0.07457860559225082,0.07457860559225082,0.07457860559225082,0.4254213869571686,0.4254213869571686
1616,196,0,True,0.0020000000949949026,3,4,6,0.07457860559225082,0.07457860559225082,0.07457860559225082,0.4254213869571686,0.4254213869571686
8040,196,0,True,0.0020000000949949026,3,4,6,0.07457860559225082,0.07457860559225082,0.07457860559225082,0.4254213869571686,0.4254213869571686
8042,196,0,True,0.0020000000949949026,3,4,6,0.07457860559225082,0.07457860559225082,0.07457860559225082,0.4254213869571686,0.4254213869571686
8043,196,0,True,0.0020000000949949026,3,4,6,0.07457860559225082,0.07457860559225082,0.07457860559225082,0.4254213869571686,0.4254213869571686
8044,196,0,True,0.0020000000949949026,3,4,6,0.07457860559225082,0.07457860559225082,0.07457860559225082,0.4254213869571686,0.4254213869571686
8045,196,0,True,0.0020000000949949026,3,4,6,0.07457860559225082,0.07457860559225082,0.07457860559225082,0.4254213869571686,0.4254213869571686
8046,196,0,True,0.0020000000949949026,3,4,6,0.07457860559225082,0.07457860559225082,0.07457860559225082,0.4254213869571686,0.4254213869571686
8048,196,0,True,0.0020000000949949026,3,4,6,0.07457860559225082,0.07457860559225082,0.07457860559225082,0.4254213869571686,0.4254213869571686
8051,196,0,True,0.0020000000949949026,3,4,6,0.07457860559225082,0.07457860559225082,0.07457860559225082,0.4254213869571686,0.4254213869571686
8052,196,0,True,0.0020000000949949026,3,4,6,0.07457860559225082,0.07457860559225082,0.07457860559225082,0.4254213869571686,0.4254213869571686
8053,196,0,True,0.0020000000949949026,3,4,6,0.07457860559225082,0.07457860559225082,0.07457860559225082,0.4254213869571686,0.4254213869571686
8056,196,0,True,0.0020000000949949026,3,4,6,0.07457860559225082,0.07457860559225082,0.07457860559225082,0.4254213869571686,0.4254213869571686
8058,196,0,True,0.0020000000949949026,3,4,6,0.07457860559225082,0.07457860559225082,0.07457860559225082,0.4254213869571686,0.4254213869571686
8059,196,0,True,0.0020000000949949026,3,4,6,0.07457860559225082,0.07457860559225082,0.07457860559225082,0.4254213869571686,0.4254213869571686
8061,196,0,True,0.0020000000949949026,3,4,6,0.07457860559225082,0.07457860559225082,0.07457860559225082,0.4254213869571686,0.4254213869571686
8062,196,0,True,0.0020000000949949026,3,4,6,0.07457860559225082,0.07457860559225082,0.07457860559225082,0.4254213869571686,0.4254213869571686
8063,196,0,True,0.0020000000949949026,3,4,6,0.07457860559225082,0.07457860559225082,0.07457860559225082,0.4254213869571686,0.4254213869571686
8064,196,0,True,0.0020000000949949026,3,4,6,0.07457860559225082,0.07457860559225082,0.07457860559225082,0.4254213869571686,0.4254213869571686
8065,196,0,True,0.0020000000949949026,3,4,6,0.07457860559225082,0.07457860559225082,0.07457860559225082,0.4254213869571686,0.4254213869571686
8066,196,0,True,0.0020000000949949026,3,4,6,0.07457860559225082,0.07457860559225082,0.07457860559225082,0.4254213869571686,0.4254213869571686
8068,196,0,True,0.0020000000949949026,3,4,6,0.07457860559225082,0.07457860559225082,0.07457860559225082,0.4254213869571686,0.4254213869571686
8069,196,0,True,0.0020000000949949026,3,4,6,0.07457860559225082,0.07457860559225082,0.07457860559225082,0.4254213869571686,0.4254213869571686
8070,196,0,True,0.0020000000949949026,3,4,6,0.07457860559225082,0.07457860559225082,0.07457860559225082,0.4254213869571686,0.4254213869571686
8071,196,0,True,0.0020000000949949026,3,4,6,0.07457860559225082,0.07457860559225082,0.07457860559225082,0.4254213869571686,0.4254213869571686
8072,196,0,True,0.0020000000949949026,3,4,6,0.07457860559225082,0.07457860559225082,0.07457860559225082,0.4254213869571686,0.4254213869571686
8073,196,0,True,0.0020000000949949026,3,4,6,0.07457860559225082,0.07457860559225082,0.07457860559225082,0.4254213869571686,0.4254213869571686
8074,196,0,True,0.0020000000949949026,3,4,6,0.07457860559225082,0.07457860559225082,0.07457860559225082,0.4254213869571686,0.4254213869571686
8076,196,0,True,0.0020000000949949026,3,4,6,0.07457860559225082,0.07457860559225082,0.07457860559225082,0.4254213869571686,0.4254213869571686
8078,196,0,True,0.0020000000949949026,3,4,6,0.07457860559225082,0.07457860559225082,0.07457860559225082,0.4254213869571686,0.4254213869571686
8079,196,0,True,0.0020000000949949026,3,4,6,0.07457860559225082,0.07457860559225082,0.07457860559225082,0.4254213869571686,0.4254213869571686
1628,198,0,True,0.0020000000949949026,3,4,6,0.07457860559225082,0.07457860559225082,0.07457860559225082,0.4254213869571686,0.4254213869571686
1629,198,0,True,0.0020000000949949026,3,4,6,0.07457860559225082,0.07457860559225082,0.07457860559225082,0.4254213869571686,0.4254213869571686
1630,198,0,True,0.0020000000949949026,3,4,6,0.07457860559225082,0.07457860559225082,0.07457860559225082,0.4254213869571686,0.4254213869571686
1631,198,0,True,0.0020000000949949026,3,4,6,0.07457860559225082,0.07457860559225082,0.07457860559225082,0.4254213869571686,0.4254213869571686
1633,198,0,True,0.0020000000949949026,3,4,6,0.07457860559225082,0.07457860559225082,0.07457860559225082,0.4254213869571686,0.4254213869571686
1637,198,0,True,0.0020000000949949026,3,4,6,0.07457860559225082,0.07457860559225082,0.07457860559225082,0.4254213869571686,0.4254213869571686
1638,198,0,True,0.0020000000949949026,3,4,6,0.07457860559225082,0.07457860559225082,0.07457860559225082,0.4254213869571686,0.4254213869571686
8120,198,0,True,0.0020000000949949026,3,4,6,0.07457860559225082,0.07457860559225082,0.07457860559225082,0.4254213869571686,0.4254213869571686
8121,198,0,True,0.0020000000949949026,3,4,6,0.07457860559225082,0.07457860559225082,0.07457860559225082,0.4254213869571686,0.4254213869571686
8123,198,0,True,0.0020000000949949026,3,4,6,0.07457860559225082,0.07457860559225082,0.07457860559225082,0.4254213869571686,0.4254213869571686
8124,198,0,True,0.0020000000949949026,3,4,6,0.07457860559225082,0.07457860559225082,0.07457860559225082,0.4254213869571686,0.4254213869571686
8125,198,0,True,0.0020000000949949026,3,4,6,0.07457860559225082,0.07457860559225082,0.07457860559225082,0.4254213869571686,0.4254213869571686
8127,198,0,True,0.0020000000949949026,3,4,6,0.07457860559225082,0.07457860559225082,0.07457860559225082,0.4254213869571686,0.4254213869571686
8128,198,0,True,0.0020000000949949026,3,4,6,0.07457860559225082,0.07457860559225082,0.07457860559225082,0.4254213869571686,0.4254213869571686
8130,198,0,True,0.0020000000949949026,3,4,6,0.07457860559225082,0.07457860559225082,0.07457860559225082,0.4254213869571686,0.4254213869571686
8131,198,0,True,0.0020000000949949026,3,4,6,0.07457860559225082,0.07457860559225082,0.07457860559225082,0.4254213869571686,0.4254213869571686
8132,198,0,True,0.0020000000949949026,3,4,6,0.07457860559225082,0.07457860559225082,0.07457860559225082,0.4254213869571686,0.4254213869571686
8134,198,0,True,0.0020000000949949026,3,4,6,0.07457860559225082,0.07457860559225082,0.07457860559225082,0.4254213869571686,0.4254213869571686
8135,198,0,True,0.0020000000949949026,3,4,6,0.07457860559225082,0.07457860559225082,0.07457860559225082,0.4254213869571686,0.4254213869571686
8136,198,0,True,0.0020000000949949026,3,4,6,0.07457860559225082,0.07457860559225082,0.07457860559225082,0.4254213869571686,0.4254213869571686
8137,198,0,True,0.0020000000949949026,3,4,6,0.07457860559225082,0.07457860559225082,0.07457860559225082,0.4254213869571686,0.4254213869571686
8138,198,0,True,0.0020000000949949026,3,4,6,0.07457860559225082,0.07457860559225082,0.07457860559225082,0.4254213869571686,0.4254213869571686
8144,198,0,True,0.0020000000949949026,3,4,6,0.07457860559225082,0.07457860559225082,0.07457860559225082,0.4254213869571686,0.4254213869571686
8145,198,0,True,0.0020000000949949026,3,4,6,0.07457860559225082,0.07457860559225082,0.07457860559225082,0.4254213869571686,0.4254213869571686
8146,198,0,True,0.0020000000949949026,3,4,6,0.07457860559225082,0.07457860559225082,0.07457860559225082,0.4254213869571686,0.4254213869571686
8147,198,0,True,0.0020000000949949026,3,4,6,0.07457860559225082,0.07457860559225082,0.07457860559225082,0.4254213869571686,0.4254213869571686
8148,198,0,True,0.0020000000949949026,3,4,6,0.07457860559225082,0.07457860559225082,0.07457860559225082,0.4254213869571686,0.4254213869571686
8151,198,0,True,0.0020000000949949026,3,4,6,0.07457860559225082,0.07457860559225082,0.07457860559225082,0.4254213869571686,0.4254213869571686
8152,198,0,True,0.0020000000949949026,3,4,6,0.07457860559225082,0.07457860559225082,0.07457860559225082,0.4254213869571686,0.4254213869571686
8153,198,0,True,0.0020000000949949026,3,4,6,0.07457860559225082,0.07457860559225082,0.07457860559225082,0.4254213869571686,0.4254213869571686
8156,198,0,True,0.0020000000949949026,3,4,6,0.07457860559225082,0.07457860559225082,0.07457860559225082,0.4254213869571686,0.4254213869571686
8157,198,0,True,0.0020000000949949026,3,4,6,0.07457860559225082,0.07457860559225082,0.07457860559225082,0.4254213869571686,0.4254213869571686
8158,198,0,True,0.0020000000949949026,3,4,6,0.07457860559225082,0.07457860559225082,0.07457860559225082,0.4254213869571686,0.4254213869571686
8159,198,0,True,0.0020000000949949026,3,4,6,0.07457860559225082,0.07457860559225082,0.07457860559225082,0.4254213869571686,0.4254213869571686
1639,199,0,True,0.0020000000949949026,3,4,6,0.07457860559225082,0.07457860559225082,0.07457860559225082,0.4254213869571686,0.4254213869571686
1640,199,0,True,0.0020000000949949026,3,4,6,0.07457860559225082,0.07457860559225082,0.07457860559225082,0.4254213869571686,0.4254213869571686
1642,199,0,True,0.0020000000949949026,3,4,6,0.07457860559225082,0.07457860559225082,0.07457860559225082,0.4254213869571686,0.4254213869571686
1644,199,0,True,0.0020000000949949026,3,4,6,0.07457860559225082,0.07457860559225082,0.07457860559225082,0.4254213869571686,0.4254213869571686
1645,199,0,True,0.0020000000949949026,3,4,6,0.07457860559225082,0.07457860559225082,0.07457860559225082,0.4254213869571686,0.4254213869571686
1646,199,0,True,0.0020000000949949026,3,4,6,0.07457860559225082,0.07457860559225082,0.07457860559225082,0.4254213869571686,0.4254213869571686
1647,199,0,True,0.0020000000949949026,3,4,6,0.07457860559225082,0.07457860559225082,0.07457860559225082,0.4254213869571686,0.4254213869571686
1648,199,0,True,0.0020000000949949026,3,4,6,0.07457860559225082,0.07457860559225082,0.07457860559225082,0.4254213869571686,0.4254213869571686
8160,199,0,True,0.0020000000949949026,3,4,6,0.07457860559225082,0.07457860559225082,0.07457860559225082,0.4254213869571686,0.4254213869571686
8161,199,0,True,0.0020000000949949026,3,4,6,0.07457860559225082,0.07457860559225082,0.07457860559225082,0.4254213869571686,0.4254213869571686
8162,199,0,True,0.0020000000949949026,3,4,6,0.07457860559225082,0.07457860559225082,0.07457860559225082,0.4254213869571686,0.4254213869571686
8163,199,0,True,0.0020000000949949026,3,4,6,0.07457860559225082,0.07457860559225082,0.07457860559225082,0.4254213869571686,0.4254213869571686
8164,199,0,True,0.0020000000949949026,3,4,6,0.07457860559225082,0.07457860559225082,0.07457860559225082,0.4254213869571686,0.4254213869571686
8166,199,0,True,0.0020000000949949026,3,4,6,0.07457860559225082,0.07457860559225082,0.07457860559225082,0.4254213869571686,0.4254213869571686
8167,199,0,True,0.0020000000949949026,3,4,6,0.07457860559225082,0.07457860559225082,0.07457860559225082,0.4254213869571686,0.4254213869571686
8168,199,0,True,0.0020000000949949026,3,4,6,0.07457860559225082,0.07457860559225082,0.07457860559225082,0.4254213869571686,0.4254213869571686
8170,199,0,True,0.0020000000949949026,3,4,6,0.07457860559225082,0.07457860559225082,0.07457860559225082,0.4254213869571686,0.4254213869571686
8171,199,0,True,0.0020000000949949026,3,4,6,0.07457860559225082,0.07457860559225082,0.07457860559225082,0.4254213869571686,0.4254213869571686
8173,199,0,True,0.0020000000949949026,3,4,6,0.07457860559225082,0.07457860559225082,0.07457860559225082,0.4254213869571686,0.4254213869571686
8174,199,0,True,0.0020000000949949026,3,4,6,0.07457860559225082,0.07457860559225082,0.07457860559225082,0.4254213869571686,0.4254213869571686
8176,199,0,True,0.0020000000949949026,3,4,6,0.07457860559225082,0.07457860559225082,0.07457860559225082,0.4254213869571686,0.4254213869571686
8177,199,0,True,0.0020000000949949026,3,4,6,0.07457860559225082,0.07457860559225082,0.07457860559225082,0.4254213869571686,0.4254213869571686
8178,199,0,True,0.0020000000949949026,3,4,6,0.07457860559225082,0.07457860559225082,0.07457860559225082,0.4254213869571686,0.4254213869571686
8179,199,0,True,0.0020000000949949026,3,4,6,0.07457860559225082,0.07457860559225082,0.07457860559225082,0.4254213869571686,0.4254213869571686
8181,199,0,True,0.0020000000949949026,3,4,6,0.07457860559225082,0.07457860559225082,0.07457860559225082,0.4254213869571686,0.4254213869571686
8182,199,0,True,0.0020000000949949026,3,4,6,0.07457860559225082,0.07457860559225082,0.07457860559225082,0.4254213869571686,0.4254213869571686
8183,199,0,True,0.0020000000949949026,3,4,6,0.07457860559225082,0.07457860559225082,0.07457860559225082,0.4254213869571686,0.4254213869571686
8184,199,0,True,0.0020000000949949026,3,4,6,0.07457860559225082,0.07457860559225082,0.07457860559225082,0.4254213869571686,0.4254213869571686
8185,199,0,True,0.0020000000949949026,3,4,6,0.07457860559225082,0.07457860559225082,0.07457860559225082,0.4254213869571686,0.4254213869571686
8186,199,0,True,0.0020000000949949026,3,4,6,0.07457860559225082,0.07457860559225082,0.07457860559225082,0.4254213869571686,0.4254213869571686
8187,199,0,True,0.0020000000949949026,3,4,6,0.07457860559225082,0.07457860559225082,0.07457860559225082,0.4254213869571686,0.4254213869571686
8189,199,0,True,0.0020000000949949026,3,4,6,0.07457860559225082,0.07457860559225082,0.07457860559225082,0.4254213869571686,0.4254213869571686
8190,199,0,True,0.0020000000949949026,3,4,6,0.07457860559225082,0.07457860559225082,0.07457860559225082,0.4254213869571686,0.4254213869571686
8191,199,0,True,0.0020000000949949026,3,4,6,0.07457860559225082,0.07457860559225082,0.07457860559225082,0.4254213869571686,0.4254213869571686
8194,199,0,True,0.0020000000949949026,3,4,6,0.07457860559225082,0.07457860559225082,0.07457860559225082,0.4254213869571686,0.4254213869571686
8195,199,0,True,0.0020000000949949026,3,4,6,0.07457860559225082,0.07457860559225082,0.07457860559225082,0.4254213869571686,0.4254213869571686
8196,199,0,True,0.0020000000949949026,3,4,6,0.07457860559225082,0.07457860559225082,0.07457860559225082,0.4254213869571686,0.4254213869571686
8197,199,0,True,0.0020000000949949026,3,4,6,0.07457860559225082,0.07457860559225082,0.07457860559225082,0.4254213869571686,0.4254213869571686
1661,201,0,True,0.0020000000949949026,3,4,6,0.07457860559225082,0.07457860559225082,0.07457860559225082,0.4254213869571686,0.4254213869571686
1662,201,0,True,0.0020000000949949026,3,4,6,0.07457860559225082,0.07457860559225082,0.07457860559225082,0.4254213869571686,0.4254213869571686
1663,201,0,True,0.0020000000949949026,3,4,6,0.07457860559225082,0.07457860559225082,0.07457860559225082,0.4254213869571686,0.4254213869571686
1665,201,0,True,0.0020000000949949026,3,4,6,0.07457860559225082,0.07457860559225082,0.07457860559225082,0.4254213869571686,0.4254213869571686
1666,201,0,True,0.0020000000949949026,3,4,6,0.07457860559225082,0.07457860559225082,0.07457860559225082,0.4254213869571686,0.4254213869571686
1670,201,0,True,0.0020000000949949026,3,4,6,0.07457860559225082,0.07457860559225082,0.07457860559225082,0.4254213869571686,0.4254213869571686
8240,201,0,True,0.0020000000949949026,3,4,6,0.07457860559225082,0.07457860559225082,0.07457860559225082,0.4254213869571686,0.4254213869571686
8241,201,0,True,0.0020000000949949026,3,4,6,0.07457860559225082,0.07457860559225082,0.07457860559225082,0.4254213869571686,0.4254213869571686
8242,201,0,True,0.0020000000949949026,3,4,6,0.07457860559225082,0.07457860559225082,0.07457860559225082,0.4254213869571686,0.4254213869571686
8246,201,0,True,0.0020000000949949026,3,4,6,0.07457860559225082,0.07457860559225082,0.07457860559225082,0.4254213869571686,0.4254213869571686
8247,201,0,True,0.0020000000949949026,3,4,6,0.07457860559225082,0.07457860559225082,0.07457860559225082,0.4254213869571686,0.4254213869571686
8249,201,0,True,0.0020000000949949026,3,4,6,0.07457860559225082,0.07457860559225082,0.07457860559225082,0.4254213869571686,0.4254213869571686
8250,201,0,True,0.0020000000949949026,3,4,6,0.07457860559225082,0.07457860559225082,0.07457860559225082,0.4254213869571686,0.4254213869571686
8251,201,0,True,0.0020000000949949026,3,4,6,0.07457860559225082,0.07457860559225082,0.07457860559225082,0.4254213869571686,0.4254213869571686
8254,201,0,True,0.0020000000949949026,3,4,6,0.07457860559225082,0.07457860559225082,0.07457860559225082,0.4254213869571686,0.4254213869571686
8255,201,0,True,0.0020000000949949026,3,4,6,0.07457860559225082,0.07457860559225082,0.07457860559225082,0.4254213869571686,0.4254213869571686
8256,201,0,True,0.0020000000949949026,3,4,6,0.07457860559225082,0.07457860559225082,0.07457860559225082,0.4254213869571686,0.4254213869571686
8257,201,0,True,0.0020000000949949026,3,4,6,0.07457860559225082,0.07457860559225082,0.07457860559225082,0.4254213869571686,0.4254213869571686
8258,201,0,True,0.0020000000949949026,3,4,6,0.07457860559225082,0.07457860559225082,0.07457860559225082,0.4254213869571686,0.4254213869571686
8260,201,0,True,0.0020000000949949026,3,4,6,0.07457860559225082,0.07457860559225082,0.07457860559225082,0.4254213869571686,0.4254213869571686
8261,201,0,True,0.0020000000949949026,3,4,6,0.07457860559225082,0.07457860559225082,0.07457860559225082,0.4254213869571686,0.4254213869571686
8262,201,0,True,0.0020000000949949026,3,4,6,0.07457860559225082,0.07457860559225082,0.07457860559225082,0.4254213869571686,0.4254213869571686
8263,201,0,True,0.0020000000949949026,3,4,6,0.07457860559225082,0.07457860559225082,0.07457860559225082,0.4254213869571686,0.4254213869571686
8264,201,0,True,0.0020000000949949026,3,4,6,0.07457860559225082,0.07457860559225082,0.07457860559225082,0.4254213869571686,0.4254213869571686
8265,201,0,True,0.0020000000949949026,3,4,6,0.07457860559225082,0.07457860559225082,0.07457860559225082,0.4254213869571686,0.4254213869571686
8266,201,0,True,0.0020000000949949026,3,4,6,0.07457860559225082,0.07457860559225082,0.07457860559225082,0.4254213869571686,0.4254213869571686
8267,201,0,True,0.0020000000949949026,3,4,6,0.07457860559225082,0.07457860559225082,0.07457860559225082,0.4254213869571686,0.4254213869571686
8269,201,0,True,0.0020000000949949026,3,4,6,0.07457860559225082,0.07457860559225082,0.07457860559225082,0.4254213869571686,0.4254213869571686
8270,201,0,True,0.0020000000949949026,3,4,6,0.07457860559225082,0.07457860559225082,0.07457860559225082,0.4254213869571686,0.4254213869571686
8271,201,0,True,0.0020000000949949026,3,4,6,0.07457860559225082,0.07457860559225082,0.07457860559225082,0.4254213869571686,0.4254213869571686
8272,201,0,True,0.0020000000949949026,3,4,6,0.07457860559225082,0.07457860559225082,0.07457860559225082,0.4254213869571686,0.4254213869571686
8273,201,0,True,0.0020000000949949026,3,4,6,0.07457860559225082,0.07457860559225082,0.07457860559225082,0.4254213869571686,0.4254213869571686
8274,201,0,True,0.0020000000949949026,3,4,6,0.07457860559225082,0.07457860559225082,0.07457860559225082,0.4254213869571686,0.4254213869571686
8275,201,0,True,0.0020000000949949026,3,4,6,0.07457860559225082,0.07457860559225082,0.07457860559225082,0.4254213869571686,0.4254213869571686
8277,201,0,True,0.0020000000949949026,3,4,6,0.07457860559225082,0.07457860559225082,0.07457860559225082,0.4254213869571686,0.4254213869571686
8278,201,0,True,0.0020000000949949026,3,4,6,0.07457860559225082,0.07457860559225082,0.07457860559225082,0.4254213869571686,0.4254213869571686
8279,201,0,True,0.0020000000949949026,3,4,6,0.07457860559225082,0.07457860559225082,0.07457860559225082,0.4254213869571686,0.4254213869571686
1694,204,0,True,0.0020000000949949026,3,4,6,0.07457860559225082,0.07457860559225082,0.07457860559225082,0.4254213869571686,0.4254213869571686
1696,204,0,True,0.0020000000949949026,3,4,6,0.07457860559225082,0.07457860559225082,0.07457860559225082,0.4254213869571686,0.4254213869571686
1698,204,0,True,0.0020000000949949026,3,4,6,0.07457860559225082,0.07457860559225082,0.07457860559225082,0.4254213869571686,0.4254213869571686
1699,204,0,True,0.0020000000949949026,3,4,6,0.07457860559225082,0.07457860559225082,0.07457860559225082,0.4254213869571686,0.4254213869571686
1700,204,0,True,0.0020000000949949026,3,4,6,0.07457860559225082,0.07457860559225082,0.07457860559225082,0.4254213869571686,0.4254213869571686
1701,204,0,True,0.0020000000949949026,3,4,6,0.07457860559225082,0.07457860559225082,0.07457860559225082,0.4254213869571686,0.4254213869571686
1702,204,0,True,0.0020000000949949026,3,4,6,0.07457860559225082,0.07457860559225082,0.07457860559225082,0.4254213869571686,0.4254213869571686
1704,204,0,True,0.0020000000949949026,3,4,6,0.07457860559225082,0.07457860559225082,0.07457860559225082,0.4254213869571686,0.4254213869571686
8360,204,0,True,0.0020000000949949026,3,4,6,0.07457860559225082,0.07457860559225082,0.07457860559225082,0.4254213869571686,0.4254213869571686
8361,204,0,True,0.0020000000949949026,3,4,6,0.07457860559225082,0.07457860559225082,0.07457860559225082,0.4254213869571686,0.4254213869571686
8364,204,0,True,0.0020000000949949026,3,4,6,0.07457860559225082,0.07457860559225082,0.07457860559225082,0.4254213869571686,0.4254213869571686
8365,204,0,True,0.0020000000949949026,3,4,6,0.07457860559225082,0.07457860559225082,0.07457860559225082,0.4254213869571686,0.4254213869571686
8367,204,0,True,0.0020000000949949026,3,4,6,0.07457860559225082,0.07457860559225082,0.07457860559225082,0.4254213869571686,0.4254213869571686
8369,204,0,True,0.0020000000949949026,3,4,6,0.07457860559225082,0.07457860559225082,0.07457860559225082,0.4254213869571686,0.4254213869571686
8371,204,0,True,0.0020000000949949026,3,4,6,0.07457860559225082,0.07457860559225082,0.07457860559225082,0.4254213869571686,0.4254213869571686
8372,204,0,True,0.0020000000949949026,3,4,6,0.07457860559225082,0.07457860559225082,0.07457860559225082,0.4254213869571686,0.4254213869571686
8373,204,0,True,0.0020000000949949026,3,4,6,0.07457860559225082,0.07457860559225082,0.07457860559225082,0.4254213869571686,0.4254213869571686
8375,204,0,True,0.0020000000949949026,3,4,6,0.07457860559225082,0.07457860559225082,0.07457860559225082,0.4254213869571686,0.4254213869571686
8376,204,0,True,0.0020000000949949026,3,4,6,0.07457860559225082,0.07457860559225082,0.07457860559225082,0.4254213869571686,0.4254213869571686
8377,204,0,True,0.0020000000949949026,3,4,6,0.07457860559225082,0.07457860559225082,0.07457860559225082,0.4254213869571686,0.4254213869571686
8378,204,0,True,0.0020000000949949026,3,4,6,0.07457860559225082,0.07457860559225082,0.07457860559225082,0.4254213869571686,0.4254213869571686
8380,204,0,True,0.0020000000949949026,3,4,6,0.07457860559225082,0.07457860559225082,0.07457860559225082,0.4254213869571686,0.4254213869571686
8381,204,0,True,0.0020000000949949026,3,4,6,0.07457860559225082,0.07457860559225082,0.07457860559225082,0.4254213869571686,0.4254213869571686
8382,204,0,True,0.0020000000949949026,3,4,6,0.07457860559225082,0.07457860559225082,0.07457860559225082,0.4254213869571686,0.4254213869571686
8383,204,0,True,0.0020000000949949026,3,4,6,0.07457860559225082,0.07457860559225082,0.07457860559225082,0.4254213869571686,0.4254213869571686
8384,204,0,True,0.0020000000949949026,3,4,6,0.07457860559225082,0.07457860559225082,0.07457860559225082,0.4254213869571686,0.4254213869571686
8385,204,0,True,0.0020000000949949026,3,4,6,0.07457860559225082,0.07457860559225082,0.07457860559225082,0.4254213869571686,0.4254213869571686
8386,204,0,True,0.0020000000949949026,3,4,6,0.07457860559225082,0.07457860559225082,0.07457860559225082,0.4254213869571686,0.4254213869571686
8387,204,0,True,0.0020000000949949026,3,4,6,0.07457860559225082,0.07457860559225082,0.07457860559225082,0.4254213869571686,0.4254213869571686
8389,204,0,True,0.0020000000949949026,3,4,6,0.07457860559225082,0.07457860559225082,0.07457860559225082,0.4254213869571686,0.4254213869571686
8390,204,0,True,0.0020000000949949026,3,4,6,0.07457860559225082,0.07457860559225082,0.07457860559225082,0.4254213869571686,0.4254213869571686
8391,204,0,True,0.0020000000949949026,3,4,6,0.07457860559225082,0.07457860559225082,0.07457860559225082,0.4254213869571686,0.4254213869571686
8398,204,0,True,0.0020000000949949026,3,4,6,0.07457860559225082,0.07457860559225082,0.07457860559225082,0.4254213869571686,0.4254213869571686
8399,204,0,True,0.0020000000949949026,3,4,6,0.07457860559225082,0.07457860559225082,0.07457860559225082,0.4254213869571686,0.4254213869571686
1739,208,0,True,0.0020000000949949026,3,4,6,0.07457860559225082,0.07457860559225082,0.07457860559225082,0.4254213869571686,0.4254213869571686
1741,208,0,True,0.0020000000949949026,3,4,6,0.07457860559225082,0.07457860559225082,0.07457860559225082,0.4254213869571686,0.4254213869571686
1743,208,0,True,0.0020000000949949026,3,4,6,0.07457860559225082,0.07457860559225082,0.07457860559225082,0.4254213869571686,0.4254213869571686
1744,208,0,True,0.0020000000949949026,3,4,6,0.07457860559225082,0.07457860559225082,0.07457860559225082,0.4254213869571686,0.4254213869571686
1747,208,0,True,0.0020000000949949026,3,4,6,0.07457860559225082,0.07457860559225082,0.07457860559225082,0.4254213869571686,0.4254213869571686
1748,208,0,True,0.0020000000949949026,3,4,6,0.07457860559225082,0.07457860559225082,0.07457860559225082,0.4254213869571686,0.4254213869571686
8520,208,0,True,0.0020000000949949026,3,4,6,0.07457860559225082,0.07457860559225082,0.07457860559225082,0.4254213869571686,0.4254213869571686
8522,208,0,True,0.0020000000949949026,3,4,6,0.07457860559225082,0.07457860559225082,0.07457860559225082,0.4254213869571686,0.4254213869571686
8523,208,0,True,0.0020000000949949026,3,4,6,0.07457860559225082,0.07457860559225082,0.07457860559225082,0.4254213869571686,0.4254213869571686
8524,208,0,True,0.0020000000949949026,3,4,6,0.07457860559225082,0.07457860559225082,0.07457860559225082,0.4254213869571686,0.4254213869571686
8525,208,0,True,0.0020000000949949026,3,4,6,0.07457860559225082,0.07457860559225082,0.07457860559225082,0.4254213869571686,0.4254213869571686
8526,208,0,True,0.0020000000949949026,3,4,6,0.07457860559225082,0.07457860559225082,0.07457860559225082,0.4254213869571686,0.4254213869571686
8528,208,0,True,0.0020000000949949026,3,4,6,0.07457860559225082,0.07457860559225082,0.07457860559225082,0.4254213869571686,0.4254213869571686
8530,208,0,True,0.0020000000949949026,3,4,6,0.07457860559225082,0.07457860559225082,0.07457860559225082,0.4254213869571686,0.4254213869571686
8531,208,0,True,0.0020000000949949026,3,4,6,0.07457860559225082,0.07457860559225082,0.07457860559225082,0.4254213869571686,0.4254213869571686
8532,208,0,True,0.0020000000949949026,3,4,6,0.07457860559225082,0.07457860559225082,0.07457860559225082,0.4254213869571686,0.4254213869571686
8533,208,0,True,0.0020000000949949026,3,4,6,0.07457860559225082,0.07457860559225082,0.07457860559225082,0.4254213869571686,0.4254213869571686
8534,208,0,True,0.0020000000949949026,3,4,6,0.07457860559225082,0.07457860559225082,0.07457860559225082,0.4254213869571686,0.4254213869571686
8536,208,0,True,0.0020000000949949026,3,4,6,0.07457860559225082,0.07457860559225082,0.07457860559225082,0.4254213869571686,0.4254213869571686
8541,208,0,True,0.0020000000949949026,3,4,6,0.07457860559225082,0.07457860559225082,0.07457860559225082,0.4254213869571686,0.4254213869571686
8542,208,0,True,0.0020000000949949026,3,4,6,0.07457860559225082,0.07457860559225082,0.07457860559225082,0.4254213869571686,0.4254213869571686
8543,208,0,True,0.0020000000949949026,3,4,6,0.07457860559225082,0.07457860559225082,0.07457860559225082,0.4254213869571686,0.4254213869571686
8545,208,0,True,0.0020000000949949026,3,4,6,0.07457860559225082,0.07457860559225082,0.07457860559225082,0.4254213869571686,0.4254213869571686
8546,208,0,True,0.0020000000949949026,3,4,6,0.07457860559225082,0.07457860559225082,0.07457860559225082,0.4254213869571686,0.4254213869571686
8547,208,0,True,0.0020000000949949026,3,4,6,0.07457860559225082,0.07457860559225082,0.07457860559225082,0.4254213869571686,0.4254213869571686
8548,208,0,True,0.0020000000949949026,3,4,6,0.07457860559225082,0.07457860559225082,0.07457860559225082,0.4254213869571686,0.4254213869571686
8553,208,0,True,0.0020000000949949026,3,4,6,0.07457860559225082,0.07457860559225082,0.07457860559225082,0.4254213869571686,0.4254213869571686
8554,208,0,True,0.0020000000949949026,3,4,6,0.07457860559225082,0.07457860559225082,0.07457860559225082,0.4254213869571686,0.4254213869571686
8555,208,0,True,0.0020000000949949026,3,4,6,0.07457860559225082,0.07457860559225082,0.07457860559225082,0.4254213869571686,0.4254213869571686
8556,208,0,True,0.0020000000949949026,3,4,6,0.07457860559225082,0.07457860559225082,0.07457860559225082,0.4254213869571686,0.4254213869571686
8557,208,0,True,0.0020000000949949026,3,4,6,0.07457860559225082,0.07457860559225082,0.07457860559225082,0.4254213869571686,0.4254213869571686
8558,208,0,True,0.0020000000949949026,3,4,6,0.07457860559225082,0.07457860559225082,0.07457860559225082,0.4254213869571686,0.4254213869571686
1749,209,0,True,0.0020000000949949026,3,4,6,0.07457860559225082,0.07457860559225082,0.07457860559225082,0.4254213869571686,0.4254213869571686
1750,209,0,True,0.0020000000949949026,3,4,6,0.07457860559225082,0.07457860559225082,0.07457860559225082,0.4254213869571686,0.4254213869571686
1751,209,0,True,0.0020000000949949026,3,4,6,0.07457860559225082,0.07457860559225082,0.07457860559225082,0.4254213869571686,0.4254213869571686
1752,209,0,True,0.0020000000949949026,3,4,6,0.07457860559225082,0.07457860559225082,0.07457860559225082,0.4254213869571686,0.4254213869571686
1754,209,0,True,0.0020000000949949026,3,4,6,0.07457860559225082,0.07457860559225082,0.07457860559225082,0.4254213869571686,0.4254213869571686
1755,209,0,True,0.0020000000949949026,3,4,6,0.07457860559225082,0.07457860559225082,0.07457860559225082,0.4254213869571686,0.4254213869571686
1756,209,0,True,0.0020000000949949026,3,4,6,0.07457860559225082,0.07457860559225082,0.07457860559225082,0.4254213869571686,0.4254213869571686
1757,209,0,True,0.0020000000949949026,3,4,6,0.07457860559225082,0.07457860559225082,0.07457860559225082,0.4254213869571686,0.4254213869571686
1759,209,0,True,0.0020000000949949026,3,4,6,0.07457860559225082,0.07457860559225082,0.07457860559225082,0.4254213869571686,0.4254213869571686
8560,209,0,True,0.0020000000949949026,3,4,6,0.07457860559225082,0.07457860559225082,0.07457860559225082,0.4254213869571686,0.4254213869571686
8562,209,0,True,0.0020000000949949026,3,4,6,0.07457860559225082,0.07457860559225082,0.07457860559225082,0.4254213869571686,0.4254213869571686
8564,209,0,True,0.0020000000949949026,3,4,6,0.07457860559225082,0.07457860559225082,0.07457860559225082,0.4254213869571686,0.4254213869571686
8565,209,0,True,0.0020000000949949026,3,4,6,0.07457860559225082,0.07457860559225082,0.07457860559225082,0.4254213869571686,0.4254213869571686
8566,209,0,True,0.0020000000949949026,3,4,6,0.07457860559225082,0.07457860559225082,0.07457860559225082,0.4254213869571686,0.4254213869571686
8568,209,0,True,0.0020000000949949026,3,4,6,0.07457860559225082,0.07457860559225082,0.07457860559225082,0.4254213869571686,0.4254213869571686
8569,209,0,True,0.0020000000949949026,3,4,6,0.07457860559225082,0.07457860559225082,0.07457860559225082,0.4254213869571686,0.4254213869571686
8572,209,0,True,0.0020000000949949026,3,4,6,0.07457860559225082,0.07457860559225082,0.07457860559225082,0.4254213869571686,0.4254213869571686
8573,209,0,True,0.0020000000949949026,3,4,6,0.07457860559225082,0.07457860559225082,0.07457860559225082,0.4254213869571686,0.4254213869571686
8574,209,0,True,0.0020000000949949026,3,4,6,0.07457860559225082,0.07457860559225082,0.07457860559225082,0.4254213869571686,0.4254213869571686
8575,209,0,True,0.0020000000949949026,3,4,6,0.07457860559225082,0.07457860559225082,0.07457860559225082,0.4254213869571686,0.4254213869571686
8576,209,0,True,0.0020000000949949026,3,4,6,0.07457860559225082,0.07457860559225082,0.07457860559225082,0.4254213869571686,0.4254213869571686
8577,209,0,True,0.0020000000949949026,3,4,6,0.07457860559225082,0.07457860559225082,0.07457860559225082,0.4254213869571686,0.4254213869571686
8578,209,0,True,0.0020000000949949026,3,4,6,0.07457860559225082,0.07457860559225082,0.07457860559225082,0.4254213869571686,0.4254213869571686
8579,209,0,True,0.0020000000949949026,3,4,6,0.07457860559225082,0.07457860559225082,0.07457860559225082,0.4254213869571686,0.4254213869571686
8580,209,0,True,0.0020000000949949026,3,4,6,0.07457860559225082,0.07457860559225082,0.07457860559225082,0.4254213869571686,0.4254213869571686
8581,209,0,True,0.0020000000949949026,3,4,6,0.07457860559225082,0.07457860559225082,0.07457860559225082,0.4254213869571686,0.4254213869571686
8582,209,0,True,0.0020000000949949026,3,4,6,0.07457860559225082,0.07457860559225082,0.07457860559225082,0.4254213869571686,0.4254213869571686
8583,209,0,True,0.0020000000949949026,3,4,6,0.07457860559225082,0.07457860559225082,0.07457860559225082,0.4254213869571686,0.4254213869571686
8584,209,0,True,0.0020000000949949026,3,4,6,0.07457860559225082,0.07457860559225082,0.07457860559225082,0.4254213869571686,0.4254213869571686
8585,209,0,True,0.0020000000949949026,3,4,6,0.07457860559225082,0.07457860559225082,0.07457860559225082,0.4254213869571686,0.4254213869571686
8586,209,0,True,0.0020000000949949026,3,4,6,0.07457860559225082,0.07457860559225082,0.07457860559225082,0.4254213869571686,0.4254213869571686
8588,209,0,True,0.0020000000949949026,3,4,6,0.07457860559225082,0.07457860559225082,0.07457860559225082,0.4254213869571686,0.4254213869571686
8589,209,0,True,0.0020000000949949026,3,4,6,0.07457860559225082,0.07457860559225082,0.07457860559225082,0.4254213869571686,0.4254213869571686
8591,209,0,True,0.0020000000949949026,3,4,6,0.07457860559225082,0.07457860559225082,0.07457860559225082,0.4254213869571686,0.4254213869571686
8592,209,0,True,0.0020000000949949026,3,4,6,0.07457860559225082,0.07457860559225082,0.07457860559225082,0.4254213869571686,0.4254213869571686
8593,209,0,True,0.0020000000949949026,3,4,6,0.07457860559225082,0.07457860559225082,0.07457860559225082,0.4254213869571686,0.4254213869571686
8594,209,0,True,0.0020000000949949026,3,4,6,0.07457860559225082,0.07457860559225082,0.07457860559225082,0.4254213869571686,0.4254213869571686
8595,209,0,True,0.0020000000949949026,3,4,6,0.07457860559225082,0.07457860559225082,0.07457860559225082,0.4254213869571686,0.4254213869571686
8597,209,0,True,0.0020000000949949026,3,4,6,0.07457860559225082,0.07457860559225082,0.07457860559225082,0.4254213869571686,0.4254213869571686
8598,209,0,True,0.0020000000949949026,3,4,6,0.07457860559225082,0.07457860559225082,0.07457860559225082,0.4254213869571686,0.4254213869571686
8599,209,0,True,0.0020000000949949026,3,4,6,0.07457860559225082,0.07457860559225082,0.07457860559225082,0.4254213869571686,0.4254213869571686
1793,213,0,True,0.0020000000949949026,3,4,6,0.07457860559225082,0.07457860559225082,0.07457860559225082,0.4254213869571686,0.4254213869571686
1794,213,0,True,0.0020000000949949026,3,4,6,0.07457860559225082,0.07457860559225082,0.07457860559225082,0.4254213869571686,0.4254213869571686
1795,213,0,True,0.0020000000949949026,3,4,6,0.07457860559225082,0.07457860559225082,0.07457860559225082,0.4254213869571686,0.4254213869571686
1796,213,0,True,0.0020000000949949026,3,4,6,0.07457860559225082,0.07457860559225082,0.07457860559225082,0.4254213869571686,0.4254213869571686
1798,213,0,True,0.0020000000949949026,3,4,6,0.07457860559225082,0.07457860559225082,0.07457860559225082,0.4254213869571686,0.4254213869571686
1799,213,0,True,0.0020000000949949026,3,4,6,0.07457860559225082,0.07457860559225082,0.07457860559225082,0.4254213869571686,0.4254213869571686
1801,213,0,True,0.0020000000949949026,3,4,6,0.07457860559225082,0.07457860559225082,0.07457860559225082,0.4254213869571686,0.4254213869571686
1802,213,0,True,0.0020000000949949026,3,4,6,0.07457860559225082,0.07457860559225082,0.07457860559225082,0.4254213869571686,0.4254213869571686
1803,213,0,True,0.0020000000949949026,3,4,6,0.07457860559225082,0.07457860559225082,0.07457860559225082,0.4254213869571686,0.4254213869571686
8720,213,0,True,0.0020000000949949026,3,4,6,0.07457860559225082,0.07457860559225082,0.07457860559225082,0.4254213869571686,0.4254213869571686
8722,213,0,True,0.0020000000949949026,3,4,6,0.07457860559225082,0.07457860559225082,0.07457860559225082,0.4254213869571686,0.4254213869571686
8724,213,0,True,0.0020000000949949026,3,4,6,0.07457860559225082,0.07457860559225082,0.07457860559225082,0.4254213869571686,0.4254213869571686
8727,213,0,True,0.0020000000949949026,3,4,6,0.07457860559225082,0.07457860559225082,0.07457860559225082,0.4254213869571686,0.4254213869571686
8728,213,0,True,0.0020000000949949026,3,4,6,0.07457860559225082,0.07457860559225082,0.07457860559225082,0.4254213869571686,0.4254213869571686
8730,213,0,True,0.0020000000949949026,3,4,6,0.07457860559225082,0.07457860559225082,0.07457860559225082,0.4254213869571686,0.4254213869571686
8731,213,0,True,0.0020000000949949026,3,4,6,0.07457860559225082,0.07457860559225082,0.07457860559225082,0.4254213869571686,0.4254213869571686
8733,213,0,True,0.0020000000949949026,3,4,6,0.07457860559225082,0.07457860559225082,0.07457860559225082,0.4254213869571686,0.4254213869571686
8734,213,0,True,0.0020000000949949026,3,4,6,0.07457860559225082,0.07457860559225082,0.07457860559225082,0.4254213869571686,0.4254213869571686
8735,213,0,True,0.0020000000949949026,3,4,6,0.07457860559225082,0.07457860559225082,0.07457860559225082,0.4254213869571686,0.4254213869571686
8736,213,0,True,0.0020000000949949026,3,4,6,0.07457860559225082,0.07457860559225082,0.07457860559225082,0.4254213869571686,0.4254213869571686
8737,213,0,True,0.0020000000949949026,3,4,6,0.07457860559225082,0.07457860559225082,0.07457860559225082,0.4254213869571686,0.4254213869571686
8738,213,0,True,0.0020000000949949026,3,4,6,0.07457860559225082,0.07457860559225082,0.07457860559225082,0.4254213869571686,0.4254213869571686
8740,213,0,True,0.0020000000949949026,3,4,6,0.07457860559225082,0.07457860559225082,0.07457860559225082,0.4254213869571686,0.4254213869571686
8741,213,0,True,0.0020000000949949026,3,4,6,0.07457860559225082,0.07457860559225082,0.07457860559225082,0.4254213869571686,0.4254213869571686
8742,213,0,True,0.0020000000949949026,3,4,6,0.07457860559225082,0.07457860559225082,0.07457860559225082,0.4254213869571686,0.4254213869571686
8743,213,0,True,0.0020000000949949026,3,4,6,0.07457860559225082,0.07457860559225082,0.07457860559225082,0.4254213869571686,0.4254213869571686
8744,213,0,True,0.0020000000949949026,3,4,6,0.07457860559225082,0.07457860559225082,0.07457860559225082,0.4254213869571686,0.4254213869571686
8746,213,0,True,0.0020000000949949026,3,4,6,0.07457860559225082,0.07457860559225082,0.07457860559225082,0.4254213869571686,0.4254213869571686
8747,213,0,True,0.0020000000949949026,3,4,6,0.07457860559225082,0.07457860559225082,0.07457860559225082,0.4254213869571686,0.4254213869571686
8748,213,0,True,0.0020000000949949026,3,4,6,0.07457860559225082,0.07457860559225082,0.07457860559225082,0.4254213869571686,0.4254213869571686
8749,213,0,True,0.0020000000949949026,3,4,6,0.07457860559225082,0.07457860559225082,0.07457860559225082,0.4254213869571686,0.4254213869571686
8751,213,0,True,0.0020000000949949026,3,4,6,0.07457860559225082,0.07457860559225082,0.07457860559225082,0.4254213869571686,0.4254213869571686
8752,213,0,True,0.0020000000949949026,3,4,6,0.07457860559225082,0.07457860559225082,0.07457860559225082,0.4254213869571686,0.4254213869571686
8754,213,0,True,0.0020000000949949026,3,4,6,0.07457860559225082,0.07457860559225082,0.07457860559225082,0.4254213869571686,0.4254213869571686
8755,213,0,True,0.0020000000949949026,3,4,6,0.07457860559225082,0.07457860559225082,0.07457860559225082,0.4254213869571686,0.4254213869571686
8756,213,0,True,0.0020000000949949026,3,4,6,0.07457860559225082,0.07457860559225082,0.07457860559225082,0.4254213869571686,0.4254213869571686
8757,213,0,True,0.0020000000949949026,3,4,6,0.07457860559225082,0.07457860559225082,0.07457860559225082,0.4254213869571686,0.4254213869571686
8758,213,0,True,0.0020000000949949026,3,4,6,0.07457860559225082,0.07457860559225082,0.07457860559225082,0.4254213869571686,0.4254213869571686
8759,213,0,True,0.0020000000949949026,3,4,6,0.07457860559225082,0.07457860559225082,0.07457860559225082,0.4254213869571686,0.4254213869571686
1806,214,0,True,0.0020000000949949026,3,4,6,0.07457860559225082,0.07457860559225082,0.07457860559225082,0.4254213869571686,0.4254213869571686
1807,214,0,True,0.0020000000949949026,3,4,6,0.07457860559225082,0.07457860559225082,0.07457860559225082,0.4254213869571686,0.4254213869571686
1808,214,0,True,0.0020000000949949026,3,4,6,0.07457860559225082,0.07457860559225082,0.07457860559225082,0.4254213869571686,0.4254213869571686
1809,214,0,True,0.0020000000949949026,3,4,6,0.07457860559225082,0.07457860559225082,0.07457860559225082,0.4254213869571686,0.4254213869571686
1811,214,0,True,0.0020000000949949026,3,4,6,0.07457860559225082,0.07457860559225082,0.07457860559225082,0.4254213869571686,0.4254213869571686
1812,214,0,True,0.0020000000949949026,3,4,6,0.07457860559225082,0.07457860559225082,0.07457860559225082,0.4254213869571686,0.4254213869571686
1814,214,0,True,0.0020000000949949026,3,4,6,0.07457860559225082,0.07457860559225082,0.07457860559225082,0.4254213869571686,0.4254213869571686
8761,214,0,True,0.0020000000949949026,3,4,6,0.07457860559225082,0.07457860559225082,0.07457860559225082,0.4254213869571686,0.4254213869571686
8762,214,0,True,0.0020000000949949026,3,4,6,0.07457860559225082,0.07457860559225082,0.07457860559225082,0.4254213869571686,0.4254213869571686
8764,214,0,True,0.0020000000949949026,3,4,6,0.07457860559225082,0.07457860559225082,0.07457860559225082,0.4254213869571686,0.4254213869571686
8765,214,0,True,0.0020000000949949026,3,4,6,0.07457860559225082,0.07457860559225082,0.07457860559225082,0.4254213869571686,0.4254213869571686
8767,214,0,True,0.0020000000949949026,3,4,6,0.07457860559225082,0.07457860559225082,0.07457860559225082,0.4254213869571686,0.4254213869571686
8768,214,0,True,0.0020000000949949026,3,4,6,0.07457860559225082,0.07457860559225082,0.07457860559225082,0.4254213869571686,0.4254213869571686
8769,214,0,True,0.0020000000949949026,3,4,6,0.07457860559225082,0.07457860559225082,0.07457860559225082,0.4254213869571686,0.4254213869571686
8770,214,0,True,0.0020000000949949026,3,4,6,0.07457860559225082,0.07457860559225082,0.07457860559225082,0.4254213869571686,0.4254213869571686
8772,214,0,True,0.0020000000949949026,3,4,6,0.07457860559225082,0.07457860559225082,0.07457860559225082,0.4254213869571686,0.4254213869571686
8773,214,0,True,0.0020000000949949026,3,4,6,0.07457860559225082,0.07457860559225082,0.07457860559225082,0.4254213869571686,0.4254213869571686
8774,214,0,True,0.0020000000949949026,3,4,6,0.07457860559225082,0.07457860559225082,0.07457860559225082,0.4254213869571686,0.4254213869571686
8776,214,0,True,0.0020000000949949026,3,4,6,0.07457860559225082,0.07457860559225082,0.07457860559225082,0.4254213869571686,0.4254213869571686
8777,214,0,True,0.0020000000949949026,3,4,6,0.07457860559225082,0.07457860559225082,0.07457860559225082,0.4254213869571686,0.4254213869571686
8781,214,0,True,0.0020000000949949026,3,4,6,0.07457860559225082,0.07457860559225082,0.07457860559225082,0.4254213869571686,0.4254213869571686
8782,214,0,True,0.0020000000949949026,3,4,6,0.07457860559225082,0.07457860559225082,0.07457860559225082,0.4254213869571686,0.4254213869571686
8783,214,0,True,0.0020000000949949026,3,4,6,0.07457860559225082,0.07457860559225082,0.07457860559225082,0.4254213869571686,0.4254213869571686
8784,214,0,True,0.0020000000949949026,3,4,6,0.07457860559225082,0.07457860559225082,0.07457860559225082,0.4254213869571686,0.4254213869571686
8786,214,0,True,0.0020000000949949026,3,4,6,0.07457860559225082,0.07457860559225082,0.07457860559225082,0.4254213869571686,0.4254213869571686
8787,214,0,True,0.0020000000949949026,3,4,6,0.07457860559225082,0.07457860559225082,0.07457860559225082,0.4254213869571686,0.4254213869571686
8788,214,0,True,0.0020000000949949026,3,4,6,0.07457860559225082,0.07457860559225082,0.07457860559225082,0.4254213869571686,0.4254213869571686
8789,214,0,True,0.0020000000949949026,3,4,6,0.07457860559225082,0.07457860559225082,0.07457860559225082,0.4254213869571686,0.4254213869571686
8790,214,0,True,0.0020000000949949026,3,4,6,0.07457860559225082,0.07457860559225082,0.07457860559225082,0.4254213869571686,0.4254213869571686
8791,214,0,True,0.0020000000949949026,3,4,6,0.07457860559225082,0.07457860559225082,0.07457860559225082,0.4254213869571686,0.4254213869571686
8792,214,0,True,0.0020000000949949026,3,4,6,0.07457860559225082,0.07457860559225082,0.07457860559225082,0.4254213869571686,0.4254213869571686
8794,214,0,True,0.0020000000949949026,3,4,6,0.07457860559225082,0.07457860559225082,0.07457860559225082,0.4254213869571686,0.4254213869571686
8796,214,0,True,0.0020000000949949026,3,4,6,0.07457860559225082,0.07457860559225082,0.07457860559225082,0.4254213869571686,0.4254213869571686
8797,214,0,True,0.0020000000949949026,3,4,6,0.07457860559225082,0.07457860559225082,0.07457860559225082,0.4254213869571686,0.4254213869571686
8798,214,0,True,0.0020000000949949026,3,4,6,0.07457860559225082,0.07457860559225082,0.07457860559225082,0.4254213869571686,0.4254213869571686
8799,214,0,True,0.0020000000949949026,3,4,6,0.07457860559225082,0.07457860559225082,0.07457860559225082,0.4254213869571686,0.4254213869571686
1817,215,0,True,0.0020000000949949026,3,4,6,0.07457860559225082,0.07457860559225082,0.07457860559225082,0.4254213869571686,0.4254213869571686
1819,215,0,True,0.0020000000949949026,3,4,6,0.07457860559225082,0.07457860559225082,0.07457860559225082,0.4254213869571686,0.4254213869571686
1821,215,0,True,0.0020000000949949026,3,4,6,0.07457860559225082,0.07457860559225082,0.07457860559225082,0.4254213869571686,0.4254213869571686
1822,215,0,True,0.0020000000949949026,3,4,6,0.07457860559225082,0.07457860559225082,0.07457860559225082,0.4254213869571686,0.4254213869571686
1823,215,0,True,0.0020000000949949026,3,4,6,0.07457860559225082,0.07457860559225082,0.07457860559225082,0.4254213869571686,0.4254213869571686
1824,215,0,True,0.0020000000949949026,3,4,6,0.07457860559225082,0.07457860559225082,0.07457860559225082,0.4254213869571686,0.4254213869571686
8802,215,0,True,0.0020000000949949026,3,4,6,0.07457860559225082,0.07457860559225082,0.07457860559225082,0.4254213869571686,0.4254213869571686
8803,215,0,True,0.0020000000949949026,3,4,6,0.07457860559225082,0.07457860559225082,0.07457860559225082,0.4254213869571686,0.4254213869571686
8804,215,0,True,0.0020000000949949026,3,4,6,0.07457860559225082,0.07457860559225082,0.07457860559225082,0.4254213869571686,0.4254213869571686
8806,215,0,True,0.0020000000949949026,3,4,6,0.07457860559225082,0.07457860559225082,0.07457860559225082,0.4254213869571686,0.4254213869571686
8807,215,0,True,0.0020000000949949026,3,4,6,0.07457860559225082,0.07457860559225082,0.07457860559225082,0.4254213869571686,0.4254213869571686
8809,215,0,True,0.0020000000949949026,3,4,6,0.07457860559225082,0.07457860559225082,0.07457860559225082,0.4254213869571686,0.4254213869571686
8810,215,0,True,0.0020000000949949026,3,4,6,0.07457860559225082,0.07457860559225082,0.07457860559225082,0.4254213869571686,0.4254213869571686
8812,215,0,True,0.0020000000949949026,3,4,6,0.07457860559225082,0.07457860559225082,0.07457860559225082,0.4254213869571686,0.4254213869571686
8813,215,0,True,0.0020000000949949026,3,4,6,0.07457860559225082,0.07457860559225082,0.07457860559225082,0.4254213869571686,0.4254213869571686
8814,215,0,True,0.0020000000949949026,3,4,6,0.07457860559225082,0.07457860559225082,0.07457860559225082,0.4254213869571686,0.4254213869571686
8816,215,0,True,0.0020000000949949026,3,4,6,0.07457860559225082,0.07457860559225082,0.07457860559225082,0.4254213869571686,0.4254213869571686
8817,215,0,True,0.0020000000949949026,3,4,6,0.07457860559225082,0.07457860559225082,0.07457860559225082,0.4254213869571686,0.4254213869571686
8818,215,0,True,0.0020000000949949026,3,4,6,0.07457860559225082,0.07457860559225082,0.07457860559225082,0.4254213869571686,0.4254213869571686
8822,215,0,True,0.0020000000949949026,3,4,6,0.07457860559225082,0.07457860559225082,0.07457860559225082,0.4254213869571686,0.4254213869571686
8824,215,0,True,0.0020000000949949026,3,4,6,0.07457860559225082,0.07457860559225082,0.07457860559225082,0.4254213869571686,0.4254213869571686
8825,215,0,True,0.0020000000949949026,3,4,6,0.07457860559225082,0.07457860559225082,0.07457860559225082,0.4254213869571686,0.4254213869571686
8826,215,0,True,0.0020000000949949026,3,4,6,0.07457860559225082,0.07457860559225082,0.07457860559225082,0.4254213869571686,0.4254213869571686
8828,215,0,True,0.0020000000949949026,3,4,6,0.07457860559225082,0.07457860559225082,0.07457860559225082,0.4254213869571686,0.4254213869571686
8831,215,0,True,0.0020000000949949026,3,4,6,0.07457860559225082,0.07457860559225082,0.07457860559225082,0.4254213869571686,0.4254213869571686
8832,215,0,True,0.0020000000949949026,3,4,6,0.07457860559225082,0.07457860559225082,0.07457860559225082,0.4254213869571686,0.4254213869571686
8833,215,0,True,0.0020000000949949026,3,4,6,0.07457860559225082,0.07457860559225082,0.07457860559225082,0.4254213869571686,0.4254213869571686
8834,215,0,True,0.0020000000949949026,3,4,6,0.07457860559225082,0.07457860559225082,0.07457860559225082,0.4254213869571686,0.4254213869571686
8835,215,0,True,0.0020000000949949026,3,4,6,0.07457860559225082,0.07457860559225082,0.07457860559225082,0.4254213869571686,0.4254213869571686
8836,215,0,True,0.0020000000949949026,3,4,6,0.07457860559225082,0.07457860559225082,0.07457860559225082,0.4254213869571686,0.4254213869571686
8837,215,0,True,0.0020000000949949026,3,4,6,0.07457860559225082,0.07457860559225082,0.07457860559225082,0.4254213869571686,0.4254213869571686
8838,215,0,True,0.0020000000949949026,3,4,6,0.07457860559225082,0.07457860559225082,0.07457860559225082,0.4254213869571686,0.4254213869571686
1837,217,0,True,0.0020000000949949026,3,4,6,0.07457860559225082,0.07457860559225082,0.07457860559225082,0.4254213869571686,0.4254213869571686
1838,217,0,True,0.0020000000949949026,3,4,6,0.07457860559225082,0.07457860559225082,0.07457860559225082,0.4254213869571686,0.4254213869571686
1839,217,0,True,0.0020000000949949026,3,4,6,0.07457860559225082,0.07457860559225082,0.07457860559225082,0.4254213869571686,0.4254213869571686
1841,217,0,True,0.0020000000949949026,3,4,6,0.07457860559225082,0.07457860559225082,0.07457860559225082,0.4254213869571686,0.4254213869571686
1842,217,0,True,0.0020000000949949026,3,4,6,0.07457860559225082,0.07457860559225082,0.07457860559225082,0.4254213869571686,0.4254213869571686
1843,217,0,True,0.0020000000949949026,3,4,6,0.07457860559225082,0.07457860559225082,0.07457860559225082,0.4254213869571686,0.4254213869571686
1844,217,0,True,0.0020000000949949026,3,4,6,0.07457860559225082,0.07457860559225082,0.07457860559225082,0.4254213869571686,0.4254213869571686
1845,217,0,True,0.0020000000949949026,3,4,6,0.07457860559225082,0.07457860559225082,0.07457860559225082,0.4254213869571686,0.4254213869571686
1846,217,0,True,0.0020000000949949026,3,4,6,0.07457860559225082,0.07457860559225082,0.07457860559225082,0.4254213869571686,0.4254213869571686
1847,217,0,True,0.0020000000949949026,3,4,6,0.07457860559225082,0.07457860559225082,0.07457860559225082,0.4254213869571686,0.4254213869571686
8880,217,0,True,0.0020000000949949026,3,4,6,0.07457860559225082,0.07457860559225082,0.07457860559225082,0.4254213869571686,0.4254213869571686
8881,217,0,True,0.0020000000949949026,3,4,6,0.07457860559225082,0.07457860559225082,0.07457860559225082,0.4254213869571686,0.4254213869571686
8882,217,0,True,0.0020000000949949026,3,4,6,0.07457860559225082,0.07457860559225082,0.07457860559225082,0.4254213869571686,0.4254213869571686
8884,217,0,True,0.0020000000949949026,3,4,6,0.07457860559225082,0.07457860559225082,0.07457860559225082,0.4254213869571686,0.4254213869571686
8885,217,0,True,0.0020000000949949026,3,4,6,0.07457860559225082,0.07457860559225082,0.07457860559225082,0.4254213869571686,0.4254213869571686
8887,217,0,True,0.0020000000949949026,3,4,6,0.07457860559225082,0.07457860559225082,0.07457860559225082,0.4254213869571686,0.4254213869571686
8888,217,0,True,0.0020000000949949026,3,4,6,0.07457860559225082,0.07457860559225082,0.07457860559225082,0.4254213869571686,0.4254213869571686
8889,217,0,True,0.0020000000949949026,3,4,6,0.07457860559225082,0.07457860559225082,0.07457860559225082,0.4254213869571686,0.4254213869571686
8892,217,0,True,0.0020000000949949026,3,4,6,0.07457860559225082,0.07457860559225082,0.07457860559225082,0.4254213869571686,0.4254213869571686
8893,217,0,True,0.0020000000949949026,3,4,6,0.07457860559225082,0.07457860559225082,0.07457860559225082,0.4254213869571686,0.4254213869571686
8894,217,0,True,0.0020000000949949026,3,4,6,0.07457860559225082,0.07457860559225082,0.07457860559225082,0.4254213869571686,0.4254213869571686
8895,217,0,True,0.0020000000949949026,3,4,6,0.07457860559225082,0.07457860559225082,0.07457860559225082,0.4254213869571686,0.4254213869571686
8896,217,0,True,0.0020000000949949026,3,4,6,0.07457860559225082,0.07457860559225082,0.07457860559225082,0.4254213869571686,0.4254213869571686
8897,217,0,True,0.0020000000949949026,3,4,6,0.07457860559225082,0.07457860559225082,0.07457860559225082,0.4254213869571686,0.4254213869571686
8901,217,0,True,0.0020000000949949026,3,4,6,0.07457860559225082,0.07457860559225082,0.07457860559225082,0.4254213869571686,0.4254213869571686
8902,217,0,True,0.0020000000949949026,3,4,6,0.07457860559225082,0.07457860559225082,0.07457860559225082,0.4254213869571686,0.4254213869571686
8903,217,0,True,0.0020000000949949026,3,4,6,0.07457860559225082,0.07457860559225082,0.07457860559225082,0.4254213869571686,0.4254213869571686
8904,217,0,True,0.0020000000949949026,3,4,6,0.07457860559225082,0.07457860559225082,0.07457860559225082,0.4254213869571686,0.4254213869571686
8907,217,0,True,0.0020000000949949026,3,4,6,0.07457860559225082,0.07457860559225082,0.07457860559225082,0.4254213869571686,0.4254213869571686
8908,217,0,True,0.0020000000949949026,3,4,6,0.07457860559225082,0.07457860559225082,0.07457860559225082,0.4254213869571686,0.4254213869571686
8909,217,0,True,0.0020000000949949026,3,4,6,0.07457860559225082,0.07457860559225082,0.07457860559225082,0.4254213869571686,0.4254213869571686
8911,217,0,True,0.0020000000949949026,3,4,6,0.07457860559225082,0.07457860559225082,0.07457860559225082,0.4254213869571686,0.4254213869571686
8912,217,0,True,0.0020000000949949026,3,4,6,0.07457860559225082,0.07457860559225082,0.07457860559225082,0.4254213869571686,0.4254213869571686
8913,217,0,True,0.0020000000949949026,3,4,6,0.07457860559225082,0.07457860559225082,0.07457860559225082,0.4254213869571686,0.4254213869571686
8914,217,0,True,0.0020000000949949026,3,4,6,0.07457860559225082,0.07457860559225082,0.07457860559225082,0.4254213869571686,0.4254213869571686
8916,217,0,True,0.0020000000949949026,3,4,6,0.07457860559225082,0.07457860559225082,0.07457860559225082,0.4254213869571686,0.4254213869571686
8918,217,0,True,0.0020000000949949026,3,4,6,0.07457860559225082,0.07457860559225082,0.07457860559225082,0.4254213869571686,0.4254213869571686
8919,217,0,True,0.0020000000949949026,3,4,6,0.07457860559225082,0.07457860559225082,0.07457860559225082,0.4254213869571686,0.4254213869571686
1848,218,0,True,0.0020000000949949026,3,4,6,0.07457860559225082,0.07457860559225082,0.07457860559225082,0.4254213869571686,0.4254213869571686
1849,218,0,True,0.0020000000949949026,3,4,6,0.07457860559225082,0.07457860559225082,0.07457860559225082,0.4254213869571686,0.4254213869571686
1851,218,0,True,0.0020000000949949026,3,4,6,0.07457860559225082,0.07457860559225082,0.07457860559225082,0.4254213869571686,0.4254213869571686
1853,218,0,True,0.0020000000949949026,3,4,6,0.07457860559225082,0.07457860559225082,0.07457860559225082,0.4254213869571686,0.4254213869571686
1856,218,0,True,0.0020000000949949026,3,4,6,0.07457860559225082,0.07457860559225082,0.07457860559225082,0.4254213869571686,0.4254213869571686
1858,218,0,True,0.0020000000949949026,3,4,6,0.07457860559225082,0.07457860559225082,0.07457860559225082,0.4254213869571686,0.4254213869571686
8923,218,0,True,0.0020000000949949026,3,4,6,0.07457860559225082,0.07457860559225082,0.07457860559225082,0.4254213869571686,0.4254213869571686
8924,218,0,True,0.0020000000949949026,3,4,6,0.07457860559225082,0.07457860559225082,0.07457860559225082,0.4254213869571686,0.4254213869571686
8925,218,0,True,0.0020000000949949026,3,4,6,0.07457860559225082,0.07457860559225082,0.07457860559225082,0.4254213869571686,0.4254213869571686
8926,218,0,True,0.0020000000949949026,3,4,6,0.07457860559225082,0.07457860559225082,0.07457860559225082,0.4254213869571686,0.4254213869571686
8927,218,0,True,0.0020000000949949026,3,4,6,0.07457860559225082,0.07457860559225082,0.07457860559225082,0.4254213869571686,0.4254213869571686
8928,218,0,True,0.0020000000949949026,3,4,6,0.07457860559225082,0.07457860559225082,0.07457860559225082,0.4254213869571686,0.4254213869571686
8929,218,0,True,0.0020000000949949026,3,4,6,0.07457860559225082,0.07457860559225082,0.07457860559225082,0.4254213869571686,0.4254213869571686
8930,218,0,True,0.0020000000949949026,3,4,6,0.07457860559225082,0.07457860559225082,0.07457860559225082,0.4254213869571686,0.4254213869571686
8931,218,0,True,0.0020000000949949026,3,4,6,0.07457860559225082,0.07457860559225082,0.07457860559225082,0.4254213869571686,0.4254213869571686
8932,218,0,True,0.0020000000949949026,3,4,6,0.07457860559225082,0.07457860559225082,0.07457860559225082,0.4254213869571686,0.4254213869571686
8934,218,0,True,0.0020000000949949026,3,4,6,0.07457860559225082,0.07457860559225082,0.07457860559225082,0.4254213869571686,0.4254213869571686
8935,218,0,True,0.0020000000949949026,3,4,6,0.07457860559225082,0.07457860559225082,0.07457860559225082,0.4254213869571686,0.4254213869571686
8936,218,0,True,0.0020000000949949026,3,4,6,0.07457860559225082,0.07457860559225082,0.07457860559225082,0.4254213869571686,0.4254213869571686
8937,218,0,True,0.0020000000949949026,3,4,6,0.07457860559225082,0.07457860559225082,0.07457860559225082,0.4254213869571686,0.4254213869571686
8938,218,0,True,0.0020000000949949026,3,4,6,0.07457860559225082,0.07457860559225082,0.07457860559225082,0.4254213869571686,0.4254213869571686
8940,218,0,True,0.0020000000949949026,3,4,6,0.07457860559225082,0.07457860559225082,0.07457860559225082,0.4254213869571686,0.4254213869571686
8941,218,0,True,0.0020000000949949026,3,4,6,0.07457860559225082,0.07457860559225082,0.07457860559225082,0.4254213869571686,0.4254213869571686
8942,218,0,True,0.0020000000949949026,3,4,6,0.07457860559225082,0.07457860559225082,0.07457860559225082,0.4254213869571686,0.4254213869571686
8943,218,0,True,0.0020000000949949026,3,4,6,0.07457860559225082,0.07457860559225082,0.07457860559225082,0.4254213869571686,0.4254213869571686
8944,218,0,True,0.0020000000949949026,3,4,6,0.07457860559225082,0.07457860559225082,0.07457860559225082,0.4254213869571686,0.4254213869571686
8945,218,0,True,0.0020000000949949026,3,4,6,0.07457860559225082,0.07457860559225082,0.07457860559225082,0.4254213869571686,0.4254213869571686
8949,218,0,True,0.0020000000949949026,3,4,6,0.07457860559225082,0.07457860559225082,0.07457860559225082,0.4254213869571686,0.4254213869571686
8950,218,0,True,0.0020000000949949026,3,4,6,0.07457860559225082,0.07457860559225082,0.07457860559225082,0.4254213869571686,0.4254213869571686
8951,218,0,True,0.0020000000949949026,3,4,6,0.07457860559225082,0.07457860559225082,0.07457860559225082,0.4254213869571686,0.4254213869571686
8952,218,0,True,0.0020000000949949026,3,4,6,0.07457860559225082,0.07457860559225082,0.07457860559225082,0.4254213869571686,0.4254213869571686
8953,218,0,True,0.0020000000949949026,3,4,6,0.07457860559225082,0.07457860559225082,0.07457860559225082,0.4254213869571686,0.4254213869571686
8954,218,0,True,0.0020000000949949026,3,4,6,0.07457860559225082,0.07457860559225082,0.07457860559225082,0.4254213869571686,0.4254213869571686
8955,218,0,True,0.0020000000949949026,3,4,6,0.07457860559225082,0.07457860559225082,0.07457860559225082,0.4254213869571686,0.4254213869571686
8956,218,0,True,0.0020000000949949026,3,4,6,0.07457860559225082,0.07457860559225082,0.07457860559225082,0.4254213869571686,0.4254213869571686
8957,218,0,True,0.0020000000949949026,3,4,6,0.07457860559225082,0.07457860559225082,0.07457860559225082,0.4254213869571686,0.4254213869571686
8958,218,0,True,0.0020000000949949026,3,4,6,0.07457860559225082,0.07457860559225082,0.07457860559225082,0.4254213869571686,0.4254213869571686
1892,222,0,True,0.0020000000949949026,3,4,6,0.07457860559225082,0.07457860559225082,0.07457860559225082,0.4254213869571686,0.4254213869571686
1893,222,0,True,0.0020000000949949026,3,4,6,0.07457860559225082,0.07457860559225082,0.07457860559225082,0.4254213869571686,0.4254213869571686
1894,222,0,True,0.0020000000949949026,3,4,6,0.07457860559225082,0.07457860559225082,0.07457860559225082,0.4254213869571686,0.4254213869571686
1896,222,0,True,0.0020000000949949026,3,4,6,0.07457860559225082,0.07457860559225082,0.07457860559225082,0.4254213869571686,0.4254213869571686
1897,222,0,True,0.0020000000949949026,3,4,6,0.07457860559225082,0.07457860559225082,0.07457860559225082,0.4254213869571686,0.4254213869571686
1898,222,0,True,0.0020000000949949026,3,4,6,0.07457860559225082,0.07457860559225082,0.07457860559225082,0.4254213869571686,0.4254213869571686
1899,222,0,True,0.0020000000949949026,3,4,6,0.07457860559225082,0.07457860559225082,0.07457860559225082,0.4254213869571686,0.4254213869571686
1901,222,0,True,0.0020000000949949026,3,4,6,0.07457860559225082,0.07457860559225082,0.07457860559225082,0.4254213869571686,0.4254213869571686
1902,222,0,True,0.0020000000949949026,3,4,6,0.07457860559225082,0.07457860559225082,0.07457860559225082,0.4254213869571686,0.4254213869571686
9080,222,0,True,0.0020000000949949026,3,4,6,0.07457860559225082,0.07457860559225082,0.07457860559225082,0.4254213869571686,0.4254213869571686
9081,222,0,True,0.0020000000949949026,3,4,6,0.07457860559225082,0.07457860559225082,0.07457860559225082,0.4254213869571686,0.4254213869571686
9082,222,0,True,0.0020000000949949026,3,4,6,0.07457860559225082,0.07457860559225082,0.07457860559225082,0.4254213869571686,0.4254213869571686
9084,222,0,True,0.0020000000949949026,3,4,6,0.07457860559225082,0.07457860559225082,0.07457860559225082,0.4254213869571686,0.4254213869571686
9085,222,0,True,0.0020000000949949026,3,4,6,0.07457860559225082,0.07457860559225082,0.07457860559225082,0.4254213869571686,0.4254213869571686
9086,222,0,True,0.0020000000949949026,3,4,6,0.07457860559225082,0.07457860559225082,0.07457860559225082,0.4254213869571686,0.4254213869571686
9087,222,0,True,0.0020000000949949026,3,4,6,0.07457860559225082,0.07457860559225082,0.07457860559225082,0.4254213869571686,0.4254213869571686
9088,222,0,True,0.0020000000949949026,3,4,6,0.07457860559225082,0.07457860559225082,0.07457860559225082,0.4254213869571686,0.4254213869571686
9089,222,0,True,0.0020000000949949026,3,4,6,0.07457860559225082,0.07457860559225082,0.07457860559225082,0.4254213869571686,0.4254213869571686
9090,222,0,True,0.0020000000949949026,3,4,6,0.07457860559225082,0.07457860559225082,0.07457860559225082,0.4254213869571686,0.4254213869571686
9091,222,0,True,0.0020000000949949026,3,4,6,0.07457860559225082,0.07457860559225082,0.07457860559225082,0.4254213869571686,0.4254213869571686
9095,222,0,True,0.0020000000949949026,3,4,6,0.07457860559225082,0.07457860559225082,0.07457860559225082,0.4254213869571686,0.4254213869571686
9097,222,0,True,0.0020000000949949026,3,4,6,0.07457860559225082,0.07457860559225082,0.07457860559225082,0.4254213869571686,0.4254213869571686
9098,222,0,True,0.0020000000949949026,3,4,6,0.07457860559225082,0.07457860559225082,0.07457860559225082,0.4254213869571686,0.4254213869571686
9100,222,0,True,0.0020000000949949026,3,4,6,0.07457860559225082,0.07457860559225082,0.07457860559225082,0.4254213869571686,0.4254213869571686
9101,222,0,True,0.0020000000949949026,3,4,6,0.07457860559225082,0.07457860559225082,0.07457860559225082,0.4254213869571686,0.4254213869571686
9103,222,0,True,0.0020000000949949026,3,4,6,0.07457860559225082,0.07457860559225082,0.07457860559225082,0.4254213869571686,0.4254213869571686
9104,222,0,True,0.0020000000949949026,3,4,6,0.07457860559225082,0.07457860559225082,0.07457860559225082,0.4254213869571686,0.4254213869571686
9106,222,0,True,0.0020000000949949026,3,4,6,0.07457860559225082,0.07457860559225082,0.07457860559225082,0.4254213869571686,0.4254213869571686
9107,222,0,True,0.0020000000949949026,3,4,6,0.07457860559225082,0.07457860559225082,0.07457860559225082,0.4254213869571686,0.4254213869571686
9108,222,0,True,0.0020000000949949026,3,4,6,0.07457860559225082,0.07457860559225082,0.07457860559225082,0.4254213869571686,0.4254213869571686
9109,222,0,True,0.0020000000949949026,3,4,6,0.07457860559225082,0.07457860559225082,0.07457860559225082,0.4254213869571686,0.4254213869571686
9110,222,0,True,0.0020000000949949026,3,4,6,0.07457860559225082,0.07457860559225082,0.07457860559225082,0.4254213869571686,0.4254213869571686
9111,222,0,True,0.0020000000949949026,3,4,6,0.07457860559225082,0.07457860559225082,0.07457860559225082,0.4254213869571686,0.4254213869571686
9112,222,0,True,0.0020000000949949026,3,4,6,0.07457860559225082,0.07457860559225082,0.07457860559225082,0.4254213869571686,0.4254213869571686
9113,222,0,True,0.0020000000949949026,3,4,6,0.07457860559225082,0.07457860559225082,0.07457860559225082,0.4254213869571686,0.4254213869571686
9114,222,0,True,0.0020000000949949026,3,4,6,0.07457860559225082,0.07457860559225082,0.07457860559225082,0.4254213869571686,0.4254213869571686
9115,222,0,True,0.0020000000949949026,3,4,6,0.07457860559225082,0.07457860559225082,0.07457860559225082,0.4254213869571686,0.4254213869571686
9117,222,0,True,0.0020000000949949026,3,4,6,0.07457860559225082,0.07457860559225082,0.07457860559225082,0.4254213869571686,0.4254213869571686
9118,222,0,True,0.0020000000949949026,3,4,6,0.07457860559225082,0.07457860559225082,0.07457860559225082,0.4254213869571686,0.4254213869571686
1914,224,0,True,0.0020000000949949026,3,4,6,0.07457860559225082,0.07457860559225082,0.07457860559225082,0.4254213869571686,0.4254213869571686
1915,224,0,True,0.0020000000949949026,3,4,6,0.07457860559225082,0.07457860559225082,0.07457860559225082,0.4254213869571686,0.4254213869571686
1916,224,0,True,0.0020000000949949026,3,4,6,0.07457860559225082,0.07457860559225082,0.07457860559225082,0.4254213869571686,0.4254213869571686
1917,224,0,True,0.0020000000949949026,3,4,6,0.07457860559225082,0.07457860559225082,0.07457860559225082,0.4254213869571686,0.4254213869571686
1919,224,0,True,0.0020000000949949026,3,4,6,0.07457860559225082,0.07457860559225082,0.07457860559225082,0.4254213869571686,0.4254213869571686
1920,224,0,True,0.0020000000949949026,3,4,6,0.07457860559225082,0.07457860559225082,0.07457860559225082,0.4254213869571686,0.4254213869571686
1921,224,0,True,0.0020000000949949026,3,4,6,0.07457860559225082,0.07457860559225082,0.07457860559225082,0.4254213869571686,0.4254213869571686
1923,224,0,True,0.0020000000949949026,3,4,6,0.07457860559225082,0.07457860559225082,0.07457860559225082,0.4254213869571686,0.4254213869571686
1924,224,0,True,0.0020000000949949026,3,4,6,0.07457860559225082,0.07457860559225082,0.07457860559225082,0.4254213869571686,0.4254213869571686
9160,224,0,True,0.0020000000949949026,3,4,6,0.07457860559225082,0.07457860559225082,0.07457860559225082,0.4254213869571686,0.4254213869571686
9161,224,0,True,0.0020000000949949026,3,4,6,0.07457860559225082,0.07457860559225082,0.07457860559225082,0.4254213869571686,0.4254213869571686
9163,224,0,True,0.0020000000949949026,3,4,6,0.07457860559225082,0.07457860559225082,0.07457860559225082,0.4254213869571686,0.4254213869571686
9164,224,0,True,0.0020000000949949026,3,4,6,0.07457860559225082,0.07457860559225082,0.07457860559225082,0.4254213869571686,0.4254213869571686
9165,224,0,True,0.0020000000949949026,3,4,6,0.07457860559225082,0.07457860559225082,0.07457860559225082,0.4254213869571686,0.4254213869571686
9166,224,0,True,0.0020000000949949026,3,4,6,0.07457860559225082,0.07457860559225082,0.07457860559225082,0.4254213869571686,0.4254213869571686
9167,224,0,True,0.0020000000949949026,3,4,6,0.07457860559225082,0.07457860559225082,0.07457860559225082,0.4254213869571686,0.4254213869571686
9168,224,0,True,0.0020000000949949026,3,4,6,0.07457860559225082,0.07457860559225082,0.07457860559225082,0.4254213869571686,0.4254213869571686
9170,224,0,True,0.0020000000949949026,3,4,6,0.07457860559225082,0.07457860559225082,0.07457860559225082,0.4254213869571686,0.4254213869571686
9171,224,0,True,0.0020000000949949026,3,4,6,0.07457860559225082,0.07457860559225082,0.07457860559225082,0.4254213869571686,0.4254213869571686
9174,224,0,True,0.0020000000949949026,3,4,6,0.07457860559225082,0.07457860559225082,0.07457860559225082,0.4254213869571686,0.4254213869571686
9175,224,0,True,0.0020000000949949026,3,4,6,0.07457860559225082,0.07457860559225082,0.07457860559225082,0.4254213869571686,0.4254213869571686
9176,224,0,True,0.0020000000949949026,3,4,6,0.07457860559225082,0.07457860559225082,0.07457860559225082,0.4254213869571686,0.4254213869571686
9178,224,0,True,0.0020000000949949026,3,4,6,0.07457860559225082,0.07457860559225082,0.07457860559225082,0.4254213869571686,0.4254213869571686
9179,224,0,True,0.0020000000949949026,3,4,6,0.07457860559225082,0.07457860559225082,0.07457860559225082,0.4254213869571686,0.4254213869571686
9180,224,0,True,0.0020000000949949026,3,4,6,0.07457860559225082,0.07457860559225082,0.07457860559225082,0.4254213869571686,0.4254213869571686
9181,224,0,True,0.0020000000949949026,3,4,6,0.07457860559225082,0.07457860559225082,0.07457860559225082,0.4254213869571686,0.4254213869571686
9182,224,0,True,0.0020000000949949026,3,4,6,0.07457860559225082,0.07457860559225082,0.07457860559225082,0.4254213869571686,0.4254213869571686
9183,224,0,True,0.0020000000949949026,3,4,6,0.07457860559225082,0.07457860559225082,0.07457860559225082,0.4254213869571686,0.4254213869571686
9184,224,0,True,0.0020000000949949026,3,4,6,0.07457860559225082,0.07457860559225082,0.07457860559225082,0.4254213869571686,0.4254213869571686
9185,224,0,True,0.0020000000949949026,3,4,6,0.07457860559225082,0.07457860559225082,0.07457860559225082,0.4254213869571686,0.4254213869571686
9186,224,0,True,0.0020000000949949026,3,4,6,0.07457860559225082,0.07457860559225082,0.07457860559225082,0.4254213869571686,0.4254213869571686
9188,224,0,True,0.0020000000949949026,3,4,6,0.07457860559225082,0.07457860559225082,0.07457860559225082,0.4254213869571686,0.4254213869571686
9189,224,0,True,0.0020000000949949026,3,4,6,0.07457860559225082,0.07457860559225082,0.07457860559225082,0.4254213869571686,0.4254213869571686
9190,224,0,True,0.0020000000949949026,3,4,6,0.07457860559225082,0.07457860559225082,0.07457860559225082,0.4254213869571686,0.4254213869571686
9191,224,0,True,0.0020000000949949026,3,4,6,0.07457860559225082,0.07457860559225082,0.07457860559225082,0.4254213869571686,0.4254213869571686
9192,224,0,True,0.0020000000949949026,3,4,6,0.07457860559225082,0.07457860559225082,0.07457860559225082,0.4254213869571686,0.4254213869571686
9193,224,0,True,0.0020000000949949026,3,4,6,0.07457860559225082,0.07457860559225082,0.07457860559225082,0.4254213869571686,0.4254213869571686
9194,224,0,True,0.0020000000949949026,3,4,6,0.07457860559225082,0.07457860559225082,0.07457860559225082,0.4254213869571686,0.4254213869571686
9195,224,0,True,0.0020000000949949026,3,4,6,0.07457860559225082,0.07457860559225082,0.07457860559225082,0.4254213869571686,0.4254213869571686
9196,224,0,True,0.0020000000949949026,3,4,6,0.07457860559225082,0.07457860559225082,0.07457860559225082,0.4254213869571686,0.4254213869571686
9199,224,0,True,0.0020000000949949026,3,4,6,0.07457860559225082,0.07457860559225082,0.07457860559225082,0.4254213869571686,0.4254213869571686
1970,229,0,True,0.0020000000949949026,7,4,10,0.07457860559225082,0.07457860559225082,0.07457860559225082,0.4254213869571686,0.42542141675949097
1971,229,0,True,0.0020000000949949026,7,4,10,0.07457860559225082,0.07457860559225082,0.07457860559225082,0.4254213869571686,0.42542141675949097
1973,229,0,True,0.0020000000949949026,7,4,10,0.07457860559225082,0.07457860559225082,0.07457860559225082,0.4254213869571686,0.42542141675949097
1974,229,0,True,0.0020000000949949026,7,4,10,0.07457860559225082,0.07457860559225082,0.07457860559225082,0.4254213869571686,0.42542141675949097
1975,229,0,True,0.0020000000949949026,7,4,10,0.07457860559225082,0.07457860559225082,0.07457860559225082,0.4254213869571686,0.42542141675949097
1976,229,0,True,0.0020000000949949026,7,4,10,0.07457860559225082,0.07457860559225082,0.07457860559225082,0.4254213869571686,0.42542141675949097
1977,229,0,True,0.0020000000949949026,7,4,10,0.07457860559225082,0.07457860559225082,0.07457860559225082,0.4254213869571686,0.42542141675949097
1979,229,0,True,0.0020000000949949026,7,4,10,0.07457860559225082,0.07457860559225082,0.07457860559225082,0.4254213869571686,0.42542141675949097
9360,229,0,True,0.0020000000949949026,7,4,10,0.07457860559225082,0.07457860559225082,0.07457860559225082,0.4254213869571686,0.42542141675949097
9361,229,0,True,0.0020000000949949026,7,4,10,0.07457860559225082,0.07457860559225082,0.07457860559225082,0.4254213869571686,0.42542141675949097
9362,229,0,True,0.0020000000949949026,7,4,10,0.07457860559225082,0.07457860559225082,0.07457860559225082,0.4254213869571686,0.42542141675949097
9363,229,0,True,0.0020000000949949026,7,4,10,0.07457860559225082,0.07457860559225082,0.07457860559225082,0.4254213869571686,0.42542141675949097
9364,229,0,True,0.0020000000949949026,7,4,10,0.07457860559225082,0.07457860559225082,0.07457860559225082,0.4254213869571686,0.42542141675949097
9366,229,0,True,0.0020000000949949026,7,4,10,0.07457860559225082,0.07457860559225082,0.07457860559225082,0.4254213869571686,0.42542141675949097
9367,229,0,True,0.0020000000949949026,7,4,10,0.07457860559225082,0.07457860559225082,0.07457860559225082,0.4254213869571686,0.42542141675949097
9369,229,0,True,0.0020000000949949026,7,4,10,0.07457860559225082,0.07457860559225082,0.07457860559225082,0.4254213869571686,0.42542141675949097
9370,229,0,True,0.0020000000949949026,7,4,10,0.07457860559225082,0.07457860559225082,0.07457860559225082,0.4254213869571686,0.42542141675949097
9373,229,0,True,0.0020000000949949026,7,4,10,0.07457860559225082,0.07457860559225082,0.07457860559225082,0.4254213869571686,0.42542141675949097
9376,229,0,True,0.0020000000949949026,7,4,10,0.07457860559225082,0.07457860559225082,0.07457860559225082,0.4254213869571686,0.42542141675949097
9377,229,0,True,0.0020000000949949026,7,4,10,0.07457860559225082,0.07457860559225082,0.07457860559225082,0.4254213869571686,0.42542141675949097
9378,229,0,True,0.0020000000949949026,7,4,10,0.07457860559225082,0.07457860559225082,0.07457860559225082,0.4254213869571686,0.42542141675949097
9379,229,0,True,0.0020000000949949026,7,4,10,0.07457860559225082,0.07457860559225082,0.07457860559225082,0.4254213869571686,0.42542141675949097
9385,229,0,True,0.0020000000949949026,7,4,10,0.07457860559225082,0.07457860559225082,0.07457860559225082,0.4254213869571686,0.42542141675949097
9388,229,0,True,0.0020000000949949026,7,4,10,0.07457860559225082,0.07457860559225082,0.07457860559225082,0.4254213869571686,0.42542141675949097
9390,229,0,True,0.0020000000949949026,7,4,10,0.07457860559225082,0.07457860559225082,0.07457860559225082,0.4254213869571686,0.42542141675949097
9391,229,0,True,0.0020000000949949026,7,4,10,0.07457860559225082,0.07457860559225082,0.07457860559225082,0.4254213869571686,0.42542141675949097
9392,229,0,True,0.0020000000949949026,7,4,10,0.07457860559225082,0.07457860559225082,0.07457860559225082,0.4254213869571686,0.42542141675949097
9395,229,0,True,0.0020000000949949026,7,4,10,0.07457860559225082,0.07457860559225082,0.07457860559225082,0.4254213869571686,0.42542141675949097
9396,229,0,True,0.0020000000949949026,7,4,10,0.07457860559225082,0.07457860559225082,0.07457860559225082,0.4254213869571686,0.42542141675949097
9397,229,0,True,0.0020000000949949026,7,4,10,0.07457860559225082,0.07457860559225082,0.07457860559225082,0.4254213869571686,0.42542141675949097
9399,229,0,True,0.0020000000949949026,7,4,10,0.07457860559225082,0.07457860559225082,0.07457860559225082,0.4254213869571686,0.42542141675949097
1980,230,0,True,0.0020000000949949026,3,4,6,0.07457860559225082,0.07457860559225082,0.07457860559225082,0.4254213869571686,0.4254213869571686
1981,230,0,True,0.0020000000949949026,3,4,6,0.07457860559225082,0.07457860559225082,0.07457860559225082,0.4254213869571686,0.4254213869571686
1982,230,0,True,0.0020000000949949026,3,4,6,0.07457860559225082,0.07457860559225082,0.07457860559225082,0.4254213869571686,0.4254213869571686
1983,230,0,True,0.0020000000949949026,3,4,6,0.07457860559225082,0.07457860559225082,0.07457860559225082,0.4254213869571686,0.4254213869571686
1985,230,0,True,0.0020000000949949026,3,4,6,0.07457860559225082,0.07457860559225082,0.07457860559225082,0.4254213869571686,0.4254213869571686
1986,230,0,True,0.0020000000949949026,3,4,6,0.07457860559225082,0.07457860559225082,0.07457860559225082,0.4254213869571686,0.4254213869571686
1987,230,0,True,0.0020000000949949026,3,4,6,0.07457860559225082,0.07457860559225082,0.07457860559225082,0.4254213869571686,0.4254213869571686
1989,230,0,True,0.0020000000949949026,3,4,6,0.07457860559225082,0.07457860559225082,0.07457860559225082,0.4254213869571686,0.4254213869571686
1990,230,0,True,0.0020000000949949026,3,4,6,0.07457860559225082,0.07457860559225082,0.07457860559225082,0.4254213869571686,0.4254213869571686
9401,230,0,True,0.0020000000949949026,3,4,6,0.07457860559225082,0.07457860559225082,0.07457860559225082,0.4254213869571686,0.4254213869571686
9402,230,0,True,0.0020000000949949026,3,4,6,0.07457860559225082,0.07457860559225082,0.07457860559225082,0.4254213869571686,0.4254213869571686
9404,230,0,True,0.0020000000949949026,3,4,6,0.07457860559225082,0.07457860559225082,0.07457860559225082,0.4254213869571686,0.4254213869571686
9405,230,0,True,0.0020000000949949026,3,4,6,0.07457860559225082,0.07457860559225082,0.07457860559225082,0.4254213869571686,0.4254213869571686
9406,230,0,True,0.0020000000949949026,3,4,6,0.07457860559225082,0.07457860559225082,0.07457860559225082,0.4254213869571686,0.4254213869571686
9407,230,0,True,0.0020000000949949026,3,4,6,0.07457860559225082,0.07457860559225082,0.07457860559225082,0.4254213869571686,0.4254213869571686
9408,230,0,True,0.0020000000949949026,3,4,6,0.07457860559225082,0.07457860559225082,0.07457860559225082,0.4254213869571686,0.4254213869571686
9410,230,0,True,0.0020000000949949026,3,4,6,0.07457860559225082,0.07457860559225082,0.07457860559225082,0.4254213869571686,0.4254213869571686
9412,230,0,True,0.0020000000949949026,3,4,6,0.07457860559225082,0.07457860559225082,0.07457860559225082,0.4254213869571686,0.4254213869571686
9415,230,0,True,0.0020000000949949026,3,4,6,0.07457860559225082,0.07457860559225082,0.07457860559225082,0.4254213869571686,0.4254213869571686
9417,230,0,True,0.0020000000949949026,3,4,6,0.07457860559225082,0.07457860559225082,0.07457860559225082,0.4254213869571686,0.4254213869571686
9420,230,0,True,0.0020000000949949026,3,4,6,0.07457860559225082,0.07457860559225082,0.07457860559225082,0.4254213869571686,0.4254213869571686
9422,230,0,True,0.0020000000949949026,3,4,6,0.07457860559225082,0.07457860559225082,0.07457860559225082,0.4254213869571686,0.4254213869571686
9423,230,0,True,0.0020000000949949026,3,4,6,0.07457860559225082,0.07457860559225082,0.07457860559225082,0.4254213869571686,0.4254213869571686
9426,230,0,True,0.0020000000949949026,3,4,6,0.07457860559225082,0.07457860559225082,0.07457860559225082,0.4254213869571686,0.4254213869571686
9427,230,0,True,0.0020000000949949026,3,4,6,0.07457860559225082,0.07457860559225082,0.07457860559225082,0.4254213869571686,0.4254213869571686
9428,230,0,True,0.0020000000949949026,3,4,6,0.07457860559225082,0.07457860559225082,0.07457860559225082,0.4254213869571686,0.4254213869571686
9429,230,0,True,0.0020000000949949026,3,4,6,0.07457860559225082,0.07457860559225082,0.07457860559225082,0.4254213869571686,0.4254213869571686
9430,230,0,True,0.0020000000949949026,3,4,6,0.07457860559225082,0.07457860559225082,0.07457860559225082,0.4254213869571686,0.4254213869571686
9431,230,0,True,0.0020000000949949026,3,4,6,0.07457860559225082,0.07457860559225082,0.07457860559225082,0.4254213869571686,0.4254213869571686
9432,230,0,True,0.0020000000949949026,3,4,6,0.07457860559225082,0.07457860559225082,0.07457860559225082,0.4254213869571686,0.4254213869571686
9433,230,0,True,0.0020000000949949026,3,4,6,0.07457860559225082,0.07457860559225082,0.07457860559225082,0.4254213869571686,0.4254213869571686
9434,230,0,True,0.0020000000949949026,3,4,6,0.07457860559225082,0.07457860559225082,0.07457860559225082,0.4254213869571686,0.4254213869571686
9435,230,0,True,0.0020000000949949026,3,4,6,0.07457860559225082,0.07457860559225082,0.07457860559225082,0.4254213869571686,0.4254213869571686
9436,230,0,True,0.0020000000949949026,3,4,6,0.07457860559225082,0.07457860559225082,0.07457860559225082,0.4254213869571686,0.4254213869571686
9437,230,0,True,0.0020000000949949026,3,4,6,0.07457860559225082,0.07457860559225082,0.07457860559225082,0.4254213869571686,0.4254213869571686
9438,230,0,True,0.0020000000949949026,3,4,6,0.07457860559225082,0.07457860559225082,0.07457860559225082,0.4254213869571686,0.4254213869571686
1991,231,0,True,0.0020000000949949026,3,4,6,0.07457860559225082,0.07457860559225082,0.07457860559225082,0.4254213869571686,0.4254213869571686
1992,231,0,True,0.0020000000949949026,3,4,6,0.07457860559225082,0.07457860559225082,0.07457860559225082,0.4254213869571686,0.4254213869571686
1993,231,0,True,0.0020000000949949026,3,4,6,0.07457860559225082,0.07457860559225082,0.07457860559225082,0.4254213869571686,0.4254213869571686
1994,231,0,True,0.0020000000949949026,3,4,6,0.07457860559225082,0.07457860559225082,0.07457860559225082,0.4254213869571686,0.4254213869571686
1995,231,0,True,0.0020000000949949026,3,4,6,0.07457860559225082,0.07457860559225082,0.07457860559225082,0.4254213869571686,0.4254213869571686
1996,231,0,True,0.0020000000949949026,3,4,6,0.07457860559225082,0.07457860559225082,0.07457860559225082,0.4254213869571686,0.4254213869571686
1997,231,0,True,0.0020000000949949026,3,4,6,0.07457860559225082,0.07457860559225082,0.07457860559225082,0.4254213869571686,0.4254213869571686
1998,231,0,True,0.0020000000949949026,3,4,6,0.07457860559225082,0.07457860559225082,0.07457860559225082,0.4254213869571686,0.4254213869571686
1999,231,0,True,0.0020000000949949026,3,4,6,0.07457860559225082,0.07457860559225082,0.07457860559225082,0.4254213869571686,0.4254213869571686
9440,231,0,True,0.0020000000949949026,3,4,6,0.07457860559225082,0.07457860559225082,0.07457860559225082,0.4254213869571686,0.4254213869571686
9441,231,0,True,0.0020000000949949026,3,4,6,0.07457860559225082,0.07457860559225082,0.07457860559225082,0.4254213869571686,0.4254213869571686
9442,231,0,True,0.0020000000949949026,3,4,6,0.07457860559225082,0.07457860559225082,0.07457860559225082,0.4254213869571686,0.4254213869571686
9443,231,0,True,0.0020000000949949026,3,4,6,0.07457860559225082,0.07457860559225082,0.07457860559225082,0.4254213869571686,0.4254213869571686
9444,231,0,True,0.0020000000949949026,3,4,6,0.07457860559225082,0.07457860559225082,0.07457860559225082,0.4254213869571686,0.4254213869571686
9445,231,0,True,0.0020000000949949026,3,4,6,0.07457860559225082,0.07457860559225082,0.07457860559225082,0.4254213869571686,0.4254213869571686
9447,231,0,True,0.0020000000949949026,3,4,6,0.07457860559225082,0.07457860559225082,0.07457860559225082,0.4254213869571686,0.4254213869571686
9449,231,0,True,0.0020000000949949026,3,4,6,0.07457860559225082,0.07457860559225082,0.07457860559225082,0.4254213869571686,0.4254213869571686
9450,231,0,True,0.0020000000949949026,3,4,6,0.07457860559225082,0.07457860559225082,0.07457860559225082,0.4254213869571686,0.4254213869571686
9451,231,0,True,0.0020000000949949026,3,4,6,0.07457860559225082,0.07457860559225082,0.07457860559225082,0.4254213869571686,0.4254213869571686
9453,231,0,True,0.0020000000949949026,3,4,6,0.07457860559225082,0.07457860559225082,0.07457860559225082,0.4254213869571686,0.4254213869571686
9454,231,0,True,0.0020000000949949026,3,4,6,0.07457860559225082,0.07457860559225082,0.07457860559225082,0.4254213869571686,0.4254213869571686
9455,231,0,True,0.0020000000949949026,3,4,6,0.07457860559225082,0.07457860559225082,0.07457860559225082,0.4254213869571686,0.4254213869571686
9456,231,0,True,0.0020000000949949026,3,4,6,0.07457860559225082,0.07457860559225082,0.07457860559225082,0.4254213869571686,0.4254213869571686
9457,231,0,True,0.0020000000949949026,3,4,6,0.07457860559225082,0.07457860559225082,0.07457860559225082,0.4254213869571686,0.4254213869571686
9458,231,0,True,0.0020000000949949026,3,4,6,0.07457860559225082,0.07457860559225082,0.07457860559225082,0.4254213869571686,0.4254213869571686
9459,231,0,True,0.0020000000949949026,3,4,6,0.07457860559225082,0.07457860559225082,0.07457860559225082,0.4254213869571686,0.4254213869571686
9460,231,0,True,0.0020000000949949026,3,4,6,0.07457860559225082,0.07457860559225082,0.07457860559225082,0.4254213869571686,0.4254213869571686
9462,231,0,True,0.0020000000949949026,3,4,6,0.07457860559225082,0.07457860559225082,0.07457860559225082,0.4254213869571686,0.4254213869571686
9463,231,0,True,0.0020000000949949026,3,4,6,0.07457860559225082,0.07457860559225082,0.07457860559225082,0.4254213869571686,0.4254213869571686
9465,231,0,True,0.0020000000949949026,3,4,6,0.07457860559225082,0.07457860559225082,0.07457860559225082,0.4254213869571686,0.4254213869571686
9466,231,0,True,0.0020000000949949026,3,4,6,0.07457860559225082,0.07457860559225082,0.07457860559225082,0.4254213869571686,0.4254213869571686
9467,231,0,True,0.0020000000949949026,3,4,6,0.07457860559225082,0.07457860559225082,0.07457860559225082,0.4254213869571686,0.4254213869571686
9468,231,0,True,0.0020000000949949026,3,4,6,0.07457860559225082,0.07457860559225082,0.07457860559225082,0.4254213869571686,0.4254213869571686
9469,231,0,True,0.0020000000949949026,3,4,6,0.07457860559225082,0.07457860559225082,0.07457860559225082,0.4254213869571686,0.4254213869571686
9471,231,0,True,0.0020000000949949026,3,4,6,0.07457860559225082,0.07457860559225082,0.07457860559225082,0.4254213869571686,0.4254213869571686
9472,231,0,True,0.0020000000949949026,3,4,6,0.07457860559225082,0.07457860559225082,0.07457860559225082,0.4254213869571686,0.4254213869571686
9473,231,0,True,0.0020000000949949026,3,4,6,0.07457860559225082,0.07457860559225082,0.07457860559225082,0.4254213869571686,0.4254213869571686
9474,231,0,True,0.0020000000949949026,3,4,6,0.07457860559225082,0.07457860559225082,0.07457860559225082,0.4254213869571686,0.4254213869571686
9475,231,0,True,0.0020000000949949026,3,4,6,0.07457860559225082,0.07457860559225082,0.07457860559225082,0.4254213869571686,0.4254213869571686
9476,231,0,True,0.0020000000949949026,3,4,6,0.07457860559225082,0.07457860559225082,0.07457860559225082,0.4254213869571686,0.4254213869571686
9477,231,0,True,0.0020000000949949026,3,4,6,0.07457860559225082,0.07457860559225082,0.07457860559225082,0.4254213869571686,0.4254213869571686
9478,231,0,True,0.0020000000949949026,3,4,6,0.07457860559225082,0.07457860559225082,0.07457860559225082,0.4254213869571686,0.4254213869571686
2014,233,0,True,0.0020000000949949026,3,4,6,0.07457860559225082,0.07457860559225082,0.07457860559225082,0.4254213869571686,0.4254213869571686
2015,233,0,True,0.0020000000949949026,3,4,6,0.07457860559225082,0.07457860559225082,0.07457860559225082,0.4254213869571686,0.4254213869571686
2017,233,0,True,0.0020000000949949026,3,4,6,0.07457860559225082,0.07457860559225082,0.07457860559225082,0.4254213869571686,0.4254213869571686
2018,233,0,True,0.0020000000949949026,3,4,6,0.07457860559225082,0.07457860559225082,0.07457860559225082,0.4254213869571686,0.4254213869571686
2020,233,0,True,0.0020000000949949026,3,4,6,0.07457860559225082,0.07457860559225082,0.07457860559225082,0.4254213869571686,0.4254213869571686
2021,233,0,True,0.0020000000949949026,3,4,6,0.07457860559225082,0.07457860559225082,0.07457860559225082,0.4254213869571686,0.4254213869571686
2022,233,0,True,0.0020000000949949026,3,4,6,0.07457860559225082,0.07457860559225082,0.07457860559225082,0.4254213869571686,0.4254213869571686
2023,233,0,True,0.0020000000949949026,3,4,6,0.07457860559225082,0.07457860559225082,0.07457860559225082,0.4254213869571686,0.4254213869571686
9520,233,0,True,0.0020000000949949026,3,4,6,0.07457860559225082,0.07457860559225082,0.07457860559225082,0.4254213869571686,0.4254213869571686
9521,233,0,True,0.0020000000949949026,3,4,6,0.07457860559225082,0.07457860559225082,0.07457860559225082,0.4254213869571686,0.4254213869571686
9522,233,0,True,0.0020000000949949026,3,4,6,0.07457860559225082,0.07457860559225082,0.07457860559225082,0.4254213869571686,0.4254213869571686
9523,233,0,True,0.0020000000949949026,3,4,6,0.07457860559225082,0.07457860559225082,0.07457860559225082,0.4254213869571686,0.4254213869571686
9524,233,0,True,0.0020000000949949026,3,4,6,0.07457860559225082,0.07457860559225082,0.07457860559225082,0.4254213869571686,0.4254213869571686
9525,233,0,True,0.0020000000949949026,3,4,6,0.07457860559225082,0.07457860559225082,0.07457860559225082,0.4254213869571686,0.4254213869571686
9526,233,0,True,0.0020000000949949026,3,4,6,0.07457860559225082,0.07457860559225082,0.07457860559225082,0.4254213869571686,0.4254213869571686
9528,233,0,True,0.0020000000949949026,3,4,6,0.07457860559225082,0.07457860559225082,0.07457860559225082,0.4254213869571686,0.4254213869571686
9529,233,0,True,0.0020000000949949026,3,4,6,0.07457860559225082,0.07457860559225082,0.07457860559225082,0.4254213869571686,0.4254213869571686
9530,233,0,True,0.0020000000949949026,3,4,6,0.07457860559225082,0.07457860559225082,0.07457860559225082,0.4254213869571686,0.4254213869571686
9531,233,0,True,0.0020000000949949026,3,4,6,0.07457860559225082,0.07457860559225082,0.07457860559225082,0.4254213869571686,0.4254213869571686
9532,233,0,True,0.0020000000949949026,3,4,6,0.07457860559225082,0.07457860559225082,0.07457860559225082,0.4254213869571686,0.4254213869571686
9533,233,0,True,0.0020000000949949026,3,4,6,0.07457860559225082,0.07457860559225082,0.07457860559225082,0.4254213869571686,0.4254213869571686
9535,233,0,True,0.0020000000949949026,3,4,6,0.07457860559225082,0.07457860559225082,0.07457860559225082,0.4254213869571686,0.4254213869571686
9537,233,0,True,0.0020000000949949026,3,4,6,0.07457860559225082,0.07457860559225082,0.07457860559225082,0.4254213869571686,0.4254213869571686
9538,233,0,True,0.0020000000949949026,3,4,6,0.07457860559225082,0.07457860559225082,0.07457860559225082,0.4254213869571686,0.4254213869571686
9539,233,0,True,0.0020000000949949026,3,4,6,0.07457860559225082,0.07457860559225082,0.07457860559225082,0.4254213869571686,0.4254213869571686
9542,233,0,True,0.0020000000949949026,3,4,6,0.07457860559225082,0.07457860559225082,0.07457860559225082,0.4254213869571686,0.4254213869571686
9544,233,0,True,0.0020000000949949026,3,4,6,0.07457860559225082,0.07457860559225082,0.07457860559225082,0.4254213869571686,0.4254213869571686
9545,233,0,True,0.0020000000949949026,3,4,6,0.07457860559225082,0.07457860559225082,0.07457860559225082,0.4254213869571686,0.4254213869571686
9547,233,0,True,0.0020000000949949026,3,4,6,0.07457860559225082,0.07457860559225082,0.07457860559225082,0.4254213869571686,0.4254213869571686
9548,233,0,True,0.0020000000949949026,3,4,6,0.07457860559225082,0.07457860559225082,0.07457860559225082,0.4254213869571686,0.4254213869571686
9549,233,0,True,0.0020000000949949026,3,4,6,0.07457860559225082,0.07457860559225082,0.07457860559225082,0.4254213869571686,0.4254213869571686
9550,233,0,True,0.0020000000949949026,3,4,6,0.07457860559225082,0.07457860559225082,0.07457860559225082,0.4254213869571686,0.4254213869571686
9551,233,0,True,0.0020000000949949026,3,4,6,0.07457860559225082,0.07457860559225082,0.07457860559225082,0.4254213869571686,0.4254213869571686
9553,233,0,True,0.0020000000949949026,3,4,6,0.07457860559225082,0.07457860559225082,0.07457860559225082,0.4254213869571686,0.4254213869571686
9554,233,0,True,0.0020000000949949026,3,4,6,0.07457860559225082,0.07457860559225082,0.07457860559225082,0.4254213869571686,0.4254213869571686
9555,233,0,True,0.0020000000949949026,3,4,6,0.07457860559225082,0.07457860559225082,0.07457860559225082,0.4254213869571686,0.4254213869571686
9556,233,0,True,0.0020000000949949026,3,4,6,0.07457860559225082,0.07457860559225082,0.07457860559225082,0.4254213869571686,0.4254213869571686
9558,233,0,True,0.0020000000949949026,3,4,6,0.07457860559225082,0.07457860559225082,0.07457860559225082,0.4254213869571686,0.4254213869571686
9559,233,0,True,0.0020000000949949026,3,4,6,0.07457860559225082,0.07457860559225082,0.07457860559225082,0.4254213869571686,0.4254213869571686
2101,241,0,True,0.0020000000949949026,3,4,6,0.07457860559225082,0.07457860559225082,0.07457860559225082,0.4254213869571686,0.4254213869571686
2102,241,0,True,0.0020000000949949026,3,4,6,0.07457860559225082,0.07457860559225082,0.07457860559225082,0.4254213869571686,0.4254213869571686
2103,241,0,True,0.0020000000949949026,3,4,6,0.07457860559225082,0.07457860559225082,0.07457860559225082,0.4254213869571686,0.4254213869571686
2104,241,0,True,0.0020000000949949026,3,4,6,0.07457860559225082,0.07457860559225082,0.07457860559225082,0.4254213869571686,0.4254213869571686
2105,241,0,True,0.0020000000949949026,3,4,6,0.07457860559225082,0.07457860559225082,0.07457860559225082,0.4254213869571686,0.4254213869571686
2106,241,0,True,0.0020000000949949026,3,4,6,0.07457860559225082,0.07457860559225082,0.07457860559225082,0.4254213869571686,0.4254213869571686
2107,241,0,True,0.0020000000949949026,3,4,6,0.07457860559225082,0.07457860559225082,0.07457860559225082,0.4254213869571686,0.4254213869571686
2108,241,0,True,0.0020000000949949026,3,4,6,0.07457860559225082,0.07457860559225082,0.07457860559225082,0.4254213869571686,0.4254213869571686
2109,241,0,True,0.0020000000949949026,3,4,6,0.07457860559225082,0.07457860559225082,0.07457860559225082,0.4254213869571686,0.4254213869571686
2110,241,0,True,0.0020000000949949026,3,4,6,0.07457860559225082,0.07457860559225082,0.07457860559225082,0.4254213869571686,0.4254213869571686
2111,241,0,True,0.0020000000949949026,3,4,6,0.07457860559225082,0.07457860559225082,0.07457860559225082,0.4254213869571686,0.4254213869571686
9841,241,0,True,0.0020000000949949026,3,4,6,0.07457860559225082,0.07457860559225082,0.07457860559225082,0.4254213869571686,0.4254213869571686
9842,241,0,True,0.0020000000949949026,3,4,6,0.07457860559225082,0.07457860559225082,0.07457860559225082,0.4254213869571686,0.4254213869571686
9843,241,0,True,0.0020000000949949026,3,4,6,0.07457860559225082,0.07457860559225082,0.07457860559225082,0.4254213869571686,0.4254213869571686
9844,241,0,True,0.0020000000949949026,3,4,6,0.07457860559225082,0.07457860559225082,0.07457860559225082,0.4254213869571686,0.4254213869571686
9845,241,0,True,0.0020000000949949026,3,4,6,0.07457860559225082,0.07457860559225082,0.07457860559225082,0.4254213869571686,0.4254213869571686
9846,241,0,True,0.0020000000949949026,3,4,6,0.07457860559225082,0.07457860559225082,0.07457860559225082,0.4254213869571686,0.4254213869571686
9847,241,0,True,0.0020000000949949026,3,4,6,0.07457860559225082,0.07457860559225082,0.07457860559225082,0.4254213869571686,0.4254213869571686
9848,241,0,True,0.0020000000949949026,3,4,6,0.07457860559225082,0.07457860559225082,0.07457860559225082,0.4254213869571686,0.4254213869571686
9851,241,0,True,0.0020000000949949026,3,4,6,0.07457860559225082,0.07457860559225082,0.07457860559225082,0.4254213869571686,0.4254213869571686
9852,241,0,True,0.0020000000949949026,3,4,6,0.07457860559225082,0.07457860559225082,0.07457860559225082,0.4254213869571686,0.4254213869571686
9857,241,0,True,0.0020000000949949026,3,4,6,0.07457860559225082,0.07457860559225082,0.07457860559225082,0.4254213869571686,0.4254213869571686
9858,241,0,True,0.0020000000949949026,3,4,6,0.07457860559225082,0.07457860559225082,0.07457860559225082,0.4254213869571686,0.4254213869571686
9859,241,0,True,0.0020000000949949026,3,4,6,0.07457860559225082,0.07457860559225082,0.07457860559225082,0.4254213869571686,0.4254213869571686
9862,241,0,True,0.0020000000949949026,3,4,6,0.07457860559225082,0.07457860559225082,0.07457860559225082,0.4254213869571686,0.4254213869571686
9863,241,0,True,0.0020000000949949026,3,4,6,0.07457860559225082,0.07457860559225082,0.07457860559225082,0.4254213869571686,0.4254213869571686
9864,241,0,True,0.0020000000949949026,3,4,6,0.07457860559225082,0.07457860559225082,0.07457860559225082,0.4254213869571686,0.4254213869571686
9865,241,0,True,0.0020000000949949026,3,4,6,0.07457860559225082,0.07457860559225082,0.07457860559225082,0.4254213869571686,0.4254213869571686
9867,241,0,True,0.0020000000949949026,3,4,6,0.07457860559225082,0.07457860559225082,0.07457860559225082,0.4254213869571686,0.4254213869571686
9868,241,0,True,0.0020000000949949026,3,4,6,0.07457860559225082,0.07457860559225082,0.07457860559225082,0.4254213869571686,0.4254213869571686
9869,241,0,True,0.0020000000949949026,3,4,6,0.07457860559225082,0.07457860559225082,0.07457860559225082,0.4254213869571686,0.4254213869571686
9871,241,0,True,0.0020000000949949026,3,4,6,0.07457860559225082,0.07457860559225082,0.07457860559225082,0.4254213869571686,0.4254213869571686
9872,241,0,True,0.0020000000949949026,3,4,6,0.07457860559225082,0.07457860559225082,0.07457860559225082,0.4254213869571686,0.4254213869571686
9874,241,0,True,0.0020000000949949026,3,4,6,0.07457860559225082,0.07457860559225082,0.07457860559225082,0.4254213869571686,0.4254213869571686
9876,241,0,True,0.0020000000949949026,3,4,6,0.07457860559225082,0.07457860559225082,0.07457860559225082,0.4254213869571686,0.4254213869571686
9878,241,0,True,0.0020000000949949026,3,4,6,0.07457860559225082,0.07457860559225082,0.07457860559225082,0.4254213869571686,0.4254213869571686
9879,241,0,True,0.0020000000949949026,3,4,6,0.07457860559225082,0.07457860559225082,0.07457860559225082,0.4254213869571686,0.4254213869571686
2112,242,0,True,0.0020000000949949026,3,4,6,0.07457860559225082,0.07457860559225082,0.07457860559225082,0.4254213869571686,0.4254213869571686
2114,242,0,True,0.0020000000949949026,3,4,6,0.07457860559225082,0.07457860559225082,0.07457860559225082,0.4254213869571686,0.4254213869571686
2116,242,0,True,0.0020000000949949026,3,4,6,0.07457860559225082,0.07457860559225082,0.07457860559225082,0.4254213869571686,0.4254213869571686
2117,242,0,True,0.0020000000949949026,3,4,6,0.07457860559225082,0.07457860559225082,0.07457860559225082,0.4254213869571686,0.4254213869571686
2119,242,0,True,0.0020000000949949026,3,4,6,0.07457860559225082,0.07457860559225082,0.07457860559225082,0.4254213869571686,0.4254213869571686
2120,242,0,True,0.0020000000949949026,3,4,6,0.07457860559225082,0.07457860559225082,0.07457860559225082,0.4254213869571686,0.4254213869571686
2121,242,0,True,0.0020000000949949026,3,4,6,0.07457860559225082,0.07457860559225082,0.07457860559225082,0.4254213869571686,0.4254213869571686
2122,242,0,True,0.0020000000949949026,3,4,6,0.07457860559225082,0.07457860559225082,0.07457860559225082,0.4254213869571686,0.4254213869571686
9880,242,0,True,0.0020000000949949026,3,4,6,0.07457860559225082,0.07457860559225082,0.07457860559225082,0.4254213869571686,0.4254213869571686
9881,242,0,True,0.0020000000949949026,3,4,6,0.07457860559225082,0.07457860559225082,0.07457860559225082,0.4254213869571686,0.4254213869571686
9882,242,0,True,0.0020000000949949026,3,4,6,0.07457860559225082,0.07457860559225082,0.07457860559225082,0.4254213869571686,0.4254213869571686
9883,242,0,True,0.0020000000949949026,3,4,6,0.07457860559225082,0.07457860559225082,0.07457860559225082,0.4254213869571686,0.4254213869571686
9886,242,0,True,0.0020000000949949026,3,4,6,0.07457860559225082,0.07457860559225082,0.07457860559225082,0.4254213869571686,0.4254213869571686
9888,242,0,True,0.0020000000949949026,3,4,6,0.07457860559225082,0.07457860559225082,0.07457860559225082,0.4254213869571686,0.4254213869571686
9889,242,0,True,0.0020000000949949026,3,4,6,0.07457860559225082,0.07457860559225082,0.07457860559225082,0.4254213869571686,0.4254213869571686
9890,242,0,True,0.0020000000949949026,3,4,6,0.07457860559225082,0.07457860559225082,0.07457860559225082,0.4254213869571686,0.4254213869571686
9891,242,0,True,0.0020000000949949026,3,4,6,0.07457860559225082,0.07457860559225082,0.07457860559225082,0.4254213869571686,0.4254213869571686
9893,242,0,True,0.0020000000949949026,3,4,6,0.07457860559225082,0.07457860559225082,0.07457860559225082,0.4254213869571686,0.4254213869571686
9894,242,0,True,0.0020000000949949026,3,4,6,0.07457860559225082,0.07457860559225082,0.07457860559225082,0.4254213869571686,0.4254213869571686
9896,242,0,True,0.0020000000949949026,3,4,6,0.07457860559225082,0.07457860559225082,0.07457860559225082,0.4254213869571686,0.4254213869571686
9897,242,0,True,0.0020000000949949026,3,4,6,0.07457860559225082,0.07457860559225082,0.07457860559225082,0.4254213869571686,0.4254213869571686
9898,242,0,True,0.0020000000949949026,3,4,6,0.07457860559225082,0.07457860559225082,0.07457860559225082,0.4254213869571686,0.4254213869571686
9901,242,0,True,0.0020000000949949026,3,4,6,0.07457860559225082,0.07457860559225082,0.07457860559225082,0.4254213869571686,0.4254213869571686
9903,242,0,True,0.0020000000949949026,3,4,6,0.07457860559225082,0.07457860559225082,0.07457860559225082,0.4254213869571686,0.4254213869571686
9905,242,0,True,0.0020000000949949026,3,4,6,0.07457860559225082,0.07457860559225082,0.07457860559225082,0.4254213869571686,0.4254213869571686
9907,242,0,True,0.0020000000949949026,3,4,6,0.07457860559225082,0.07457860559225082,0.07457860559225082,0.4254213869571686,0.4254213869571686
9908,242,0,True,0.0020000000949949026,3,4,6,0.07457860559225082,0.07457860559225082,0.07457860559225082,0.4254213869571686,0.4254213869571686
9910,242,0,True,0.0020000000949949026,3,4,6,0.07457860559225082,0.07457860559225082,0.07457860559225082,0.4254213869571686,0.4254213869571686
9911,242,0,True,0.0020000000949949026,3,4,6,0.07457860559225082,0.07457860559225082,0.07457860559225082,0.4254213869571686,0.4254213869571686
9912,242,0,True,0.0020000000949949026,3,4,6,0.07457860559225082,0.07457860559225082,0.07457860559225082,0.4254213869571686,0.4254213869571686
9913,242,0,True,0.0020000000949949026,3,4,6,0.07457860559225082,0.07457860559225082,0.07457860559225082,0.4254213869571686,0.4254213869571686
9914,242,0,True,0.0020000000949949026,3,4,6,0.07457860559225082,0.07457860559225082,0.07457860559225082,0.4254213869571686,0.4254213869571686
9916,242,0,True,0.0020000000949949026,3,4,6,0.07457860559225082,0.07457860559225082,0.07457860559225082,0.4254213869571686,0.4254213869571686
9917,242,0,True,0.0020000000949949026,3,4,6,0.07457860559225082,0.07457860559225082,0.07457860559225082,0.4254213869571686,0.4254213869571686
9918,242,0,True,0.0020000000949949026,3,4,6,0.07457860559225082,0.07457860559225082,0.07457860559225082,0.4254213869571686,0.4254213869571686
9919,242,0,True,0.0020000000949949026,3,4,6,0.07457860559225082,0.07457860559225082,0.07457860559225082,0.4254213869571686,0.4254213869571686
2123,243,0,True,0.0020000000949949026,3,4,6,0.07457860559225082,0.07457860559225082,0.07457860559225082,0.4254213869571686,0.4254213869571686
2124,243,0,True,0.0020000000949949026,3,4,6,0.07457860559225082,0.07457860559225082,0.07457860559225082,0.4254213869571686,0.4254213869571686
2127,243,0,True,0.0020000000949949026,3,4,6,0.07457860559225082,0.07457860559225082,0.07457860559225082,0.4254213869571686,0.4254213869571686
2128,243,0,True,0.0020000000949949026,3,4,6,0.07457860559225082,0.07457860559225082,0.07457860559225082,0.4254213869571686,0.4254213869571686
2133,243,0,True,0.0020000000949949026,3,4,6,0.07457860559225082,0.07457860559225082,0.07457860559225082,0.4254213869571686,0.4254213869571686
9920,243,0,True,0.0020000000949949026,3,4,6,0.07457860559225082,0.07457860559225082,0.07457860559225082,0.4254213869571686,0.4254213869571686
9921,243,0,True,0.0020000000949949026,3,4,6,0.07457860559225082,0.07457860559225082,0.07457860559225082,0.4254213869571686,0.4254213869571686
9922,243,0,True,0.0020000000949949026,3,4,6,0.07457860559225082,0.07457860559225082,0.07457860559225082,0.4254213869571686,0.4254213869571686
9923,243,0,True,0.0020000000949949026,3,4,6,0.07457860559225082,0.07457860559225082,0.07457860559225082,0.4254213869571686,0.4254213869571686
9925,243,0,True,0.0020000000949949026,3,4,6,0.07457860559225082,0.07457860559225082,0.07457860559225082,0.4254213869571686,0.4254213869571686
9928,243,0,True,0.0020000000949949026,3,4,6,0.07457860559225082,0.07457860559225082,0.07457860559225082,0.4254213869571686,0.4254213869571686
9929,243,0,True,0.0020000000949949026,3,4,6,0.07457860559225082,0.07457860559225082,0.07457860559225082,0.4254213869571686,0.4254213869571686
9930,243,0,True,0.0020000000949949026,3,4,6,0.07457860559225082,0.07457860559225082,0.07457860559225082,0.4254213869571686,0.4254213869571686
9932,243,0,True,0.0020000000949949026,3,4,6,0.07457860559225082,0.07457860559225082,0.07457860559225082,0.4254213869571686,0.4254213869571686
9934,243,0,True,0.0020000000949949026,3,4,6,0.07457860559225082,0.07457860559225082,0.07457860559225082,0.4254213869571686,0.4254213869571686
9935,243,0,True,0.0020000000949949026,3,4,6,0.07457860559225082,0.07457860559225082,0.07457860559225082,0.4254213869571686,0.4254213869571686
9937,243,0,True,0.0020000000949949026,3,4,6,0.07457860559225082,0.07457860559225082,0.07457860559225082,0.4254213869571686,0.4254213869571686
9938,243,0,True,0.0020000000949949026,3,4,6,0.07457860559225082,0.07457860559225082,0.07457860559225082,0.4254213869571686,0.4254213869571686
9939,243,0,True,0.0020000000949949026,3,4,6,0.07457860559225082,0.07457860559225082,0.07457860559225082,0.4254213869571686,0.4254213869571686
9940,243,0,True,0.0020000000949949026,3,4,6,0.07457860559225082,0.07457860559225082,0.07457860559225082,0.4254213869571686,0.4254213869571686
9941,243,0,True,0.0020000000949949026,3,4,6,0.07457860559225082,0.07457860559225082,0.07457860559225082,0.4254213869571686,0.4254213869571686
9944,243,0,True,0.0020000000949949026,3,4,6,0.07457860559225082,0.07457860559225082,0.07457860559225082,0.4254213869571686,0.4254213869571686
9945,243,0,True,0.0020000000949949026,3,4,6,0.07457860559225082,0.07457860559225082,0.07457860559225082,0.4254213869571686,0.4254213869571686
9946,243,0,True,0.0020000000949949026,3,4,6,0.07457860559225082,0.07457860559225082,0.07457860559225082,0.4254213869571686,0.4254213869571686
9947,243,0,True,0.0020000000949949026,3,4,6,0.07457860559225082,0.07457860559225082,0.07457860559225082,0.4254213869571686,0.4254213869571686
9949,243,0,True,0.0020000000949949026,3,4,6,0.07457860559225082,0.07457860559225082,0.07457860559225082,0.4254213869571686,0.4254213869571686
9951,243,0,True,0.0020000000949949026,3,4,6,0.07457860559225082,0.07457860559225082,0.07457860559225082,0.4254213869571686,0.4254213869571686
9954,243,0,True,0.0020000000949949026,3,4,6,0.07457860559225082,0.07457860559225082,0.07457860559225082,0.4254213869571686,0.4254213869571686
9955,243,0,True,0.0020000000949949026,3,4,6,0.07457860559225082,0.07457860559225082,0.07457860559225082,0.4254213869571686,0.4254213869571686
9956,243,0,True,0.0020000000949949026,3,4,6,0.07457860559225082,0.07457860559225082,0.07457860559225082,0.4254213869571686,0.4254213869571686
9959,243,0,True,0.0020000000949949026,3,4,6,0.07457860559225082,0.07457860559225082,0.07457860559225082,0.4254213869571686,0.4254213869571686
2156,246,0,True,0.0020000000949949026,3,4,6,0.07457860559225082,0.07457860559225082,0.07457860559225082,0.4254213869571686,0.4254213869571686
2157,246,0,True,0.0020000000949949026,3,4,6,0.07457860559225082,0.07457860559225082,0.07457860559225082,0.4254213869571686,0.4254213869571686
2158,246,0,True,0.0020000000949949026,3,4,6,0.07457860559225082,0.07457860559225082,0.07457860559225082,0.4254213869571686,0.4254213869571686
2161,246,0,True,0.0020000000949949026,3,4,6,0.07457860559225082,0.07457860559225082,0.07457860559225082,0.4254213869571686,0.4254213869571686
2162,246,0,True,0.0020000000949949026,3,4,6,0.07457860559225082,0.07457860559225082,0.07457860559225082,0.4254213869571686,0.4254213869571686
2163,246,0,True,0.0020000000949949026,3,4,6,0.07457860559225082,0.07457860559225082,0.07457860559225082,0.4254213869571686,0.4254213869571686
2164,246,0,True,0.0020000000949949026,3,4,6,0.07457860559225082,0.07457860559225082,0.07457860559225082,0.4254213869571686,0.4254213869571686
2165,246,0,True,0.0020000000949949026,3,4,6,0.07457860559225082,0.07457860559225082,0.07457860559225082,0.4254213869571686,0.4254213869571686
10040,246,0,True,0.0020000000949949026,3,4,6,0.07457860559225082,0.07457860559225082,0.07457860559225082,0.4254213869571686,0.4254213869571686
10042,246,0,True,0.0020000000949949026,3,4,6,0.07457860559225082,0.07457860559225082,0.07457860559225082,0.4254213869571686,0.4254213869571686
10045,246,0,True,0.0020000000949949026,3,4,6,0.07457860559225082,0.07457860559225082,0.07457860559225082,0.4254213869571686,0.4254213869571686
10047,246,0,True,0.0020000000949949026,3,4,6,0.07457860559225082,0.07457860559225082,0.07457860559225082,0.4254213869571686,0.4254213869571686
10048,246,0,True,0.0020000000949949026,3,4,6,0.07457860559225082,0.07457860559225082,0.07457860559225082,0.4254213869571686,0.4254213869571686
10049,246,0,True,0.0020000000949949026,3,4,6,0.07457860559225082,0.07457860559225082,0.07457860559225082,0.4254213869571686,0.4254213869571686
10050,246,0,True,0.0020000000949949026,3,4,6,0.07457860559225082,0.07457860559225082,0.07457860559225082,0.4254213869571686,0.4254213869571686
10051,246,0,True,0.0020000000949949026,3,4,6,0.07457860559225082,0.07457860559225082,0.07457860559225082,0.4254213869571686,0.4254213869571686
10052,246,0,True,0.0020000000949949026,3,4,6,0.07457860559225082,0.07457860559225082,0.07457860559225082,0.4254213869571686,0.4254213869571686
10053,246,0,True,0.0020000000949949026,3,4,6,0.07457860559225082,0.07457860559225082,0.07457860559225082,0.4254213869571686,0.4254213869571686
10054,246,0,True,0.0020000000949949026,3,4,6,0.07457860559225082,0.07457860559225082,0.07457860559225082,0.4254213869571686,0.4254213869571686
10055,246,0,True,0.0020000000949949026,3,4,6,0.07457860559225082,0.07457860559225082,0.07457860559225082,0.4254213869571686,0.4254213869571686
10058,246,0,True,0.0020000000949949026,3,4,6,0.07457860559225082,0.07457860559225082,0.07457860559225082,0.4254213869571686,0.4254213869571686
10059,246,0,True,0.0020000000949949026,3,4,6,0.07457860559225082,0.07457860559225082,0.07457860559225082,0.4254213869571686,0.4254213869571686
10060,246,0,True,0.0020000000949949026,3,4,6,0.07457860559225082,0.07457860559225082,0.07457860559225082,0.4254213869571686,0.4254213869571686
10061,246,0,True,0.0020000000949949026,3,4,6,0.07457860559225082,0.07457860559225082,0.07457860559225082,0.4254213869571686,0.4254213869571686
10062,246,0,True,0.0020000000949949026,3,4,6,0.07457860559225082,0.07457860559225082,0.07457860559225082,0.4254213869571686,0.4254213869571686
10063,246,0,True,0.0020000000949949026,3,4,6,0.07457860559225082,0.07457860559225082,0.07457860559225082,0.4254213869571686,0.4254213869571686
10065,246,0,True,0.0020000000949949026,3,4,6,0.07457860559225082,0.07457860559225082,0.07457860559225082,0.4254213869571686,0.4254213869571686
10066,246,0,True,0.0020000000949949026,3,4,6,0.07457860559225082,0.07457860559225082,0.07457860559225082,0.4254213869571686,0.4254213869571686
10067,246,0,True,0.0020000000949949026,3,4,6,0.07457860559225082,0.07457860559225082,0.07457860559225082,0.4254213869571686,0.4254213869571686
10068,246,0,True,0.0020000000949949026,3,4,6,0.07457860559225082,0.07457860559225082,0.07457860559225082,0.4254213869571686,0.4254213869571686
10069,246,0,True,0.0020000000949949026,3,4,6,0.07457860559225082,0.07457860559225082,0.07457860559225082,0.4254213869571686,0.4254213869571686
10071,246,0,True,0.0020000000949949026,3,4,6,0.07457860559225082,0.07457860559225082,0.07457860559225082,0.4254213869571686,0.4254213869571686
10072,246,0,True,0.0020000000949949026,3,4,6,0.07457860559225082,0.07457860559225082,0.07457860559225082,0.4254213869571686,0.4254213869571686
10073,246,0,True,0.0020000000949949026,3,4,6,0.07457860559225082,0.07457860559225082,0.07457860559225082,0.4254213869571686,0.4254213869571686
10074,246,0,True,0.0020000000949949026,3,4,6,0.07457860559225082,0.07457860559225082,0.07457860559225082,0.4254213869571686,0.4254213869571686
10075,246,0,True,0.0020000000949949026,3,4,6,0.07457860559225082,0.07457860559225082,0.07457860559225082,0.4254213869571686,0.4254213869571686
10078,246,0,True,0.0020000000949949026,3,4,6,0.07457860559225082,0.07457860559225082,0.07457860559225082,0.4254213869571686,0.4254213869571686
10079,246,0,True,0.0020000000949949026,3,4,6,0.07457860559225082,0.07457860559225082,0.07457860559225082,0.4254213869571686,0.4254213869571686
2189,249,0,True,0.0020000000949949026,3,4,6,0.07457860559225082,0.07457860559225082,0.07457860559225082,0.4254213869571686,0.4254213869571686
2192,249,0,True,0.0020000000949949026,3,4,6,0.07457860559225082,0.07457860559225082,0.07457860559225082,0.4254213869571686,0.4254213869571686
2193,249,0,True,0.0020000000949949026,3,4,6,0.07457860559225082,0.07457860559225082,0.07457860559225082,0.4254213869571686,0.4254213869571686
2194,249,0,True,0.0020000000949949026,3,4,6,0.07457860559225082,0.07457860559225082,0.07457860559225082,0.4254213869571686,0.4254213869571686
2195,249,0,True,0.0020000000949949026,3,4,6,0.07457860559225082,0.07457860559225082,0.07457860559225082,0.4254213869571686,0.4254213869571686
2196,249,0,True,0.0020000000949949026,3,4,6,0.07457860559225082,0.07457860559225082,0.07457860559225082,0.4254213869571686,0.4254213869571686
2197,249,0,True,0.0020000000949949026,3,4,6,0.07457860559225082,0.07457860559225082,0.07457860559225082,0.4254213869571686,0.4254213869571686
2198,249,0,True,0.0020000000949949026,3,4,6,0.07457860559225082,0.07457860559225082,0.07457860559225082,0.4254213869571686,0.4254213869571686
10160,249,0,True,0.0020000000949949026,3,4,6,0.07457860559225082,0.07457860559225082,0.07457860559225082,0.4254213869571686,0.4254213869571686
10161,249,0,True,0.0020000000949949026,3,4,6,0.07457860559225082,0.07457860559225082,0.07457860559225082,0.4254213869571686,0.4254213869571686
10162,249,0,True,0.0020000000949949026,3,4,6,0.07457860559225082,0.07457860559225082,0.07457860559225082,0.4254213869571686,0.4254213869571686
10163,249,0,True,0.0020000000949949026,3,4,6,0.07457860559225082,0.07457860559225082,0.07457860559225082,0.4254213869571686,0.4254213869571686
10167,249,0,True,0.0020000000949949026,3,4,6,0.07457860559225082,0.07457858324050903,0.07457859814167023,0.4254213869571686,0.4254213869571686
10169,249,0,True,0.0020000000949949026,3,4,6,0.07457858324050903,0.07457858324050903,0.07457858324050903,0.42542141675949097,0.4254213869571686
10170,249,0,True,0.0020000000949949026,3,4,6,0.07457858324050903,0.07457858324050903,0.07457858324050903,0.42542141675949097,0.4254213869571686
10174,249,0,True,0.0020000000949949026,3,4,6,0.07457858324050903,0.07457858324050903,0.07457858324050903,0.42542141675949097,0.4254213869571686
10175,249,0,True,0.0020000000949949026,3,4,6,0.07457858324050903,0.07457858324050903,0.07457858324050903,0.42542141675949097,0.4254213869571686
10177,249,0,True,0.0020000000949949026,3,4,6,0.07457858324050903,0.07457858324050903,0.07457858324050903,0.42542141675949097,0.4254213869571686
10178,249,0,True,0.0020000000949949026,3,4,6,0.07457858324050903,0.07457858324050903,0.07457858324050903,0.42542141675949097,0.4254213869571686
10179,249,0,True,0.0020000000949949026,3,4,6,0.07457858324050903,0.07457858324050903,0.07457858324050903,0.42542141675949097,0.4254213869571686
10180,249,0,True,0.0020000000949949026,3,4,6,0.07457858324050903,0.07457858324050903,0.07457858324050903,0.42542141675949097,0.4254213869571686
10181,249,0,True,0.0020000000949949026,3,4,6,0.07457858324050903,0.07457858324050903,0.07457858324050903,0.42542141675949097,0.4254213869571686
10183,249,0,True,0.0020000000949949026,3,4,6,0.07457858324050903,0.07457858324050903,0.07457858324050903,0.42542141675949097,0.4254213869571686
10184,249,0,True,0.0020000000949949026,3,4,6,0.07457858324050903,0.07457858324050903,0.07457858324050903,0.42542141675949097,0.4254213869571686
10186,249,0,True,0.0020000000949949026,3,4,6,0.07457858324050903,0.07457858324050903,0.07457858324050903,0.42542141675949097,0.4254213869571686
10191,249,0,True,0.0020000000949949026,3,4,6,0.07457858324050903,0.07457858324050903,0.07457858324050903,0.42542141675949097,0.4254213869571686
10194,249,0,True,0.0020000000949949026,3,4,6,0.07457858324050903,0.07457858324050903,0.07457858324050903,0.42542141675949097,0.4254213869571686
10195,249,0,True,0.0020000000949949026,3,4,6,0.07457858324050903,0.07457858324050903,0.07457858324050903,0.42542141675949097,0.4254213869571686
10196,249,0,True,0.0020000000949949026,3,4,6,0.07457858324050903,0.07457858324050903,0.07457858324050903,0.42542141675949097,0.4254213869571686
10198,249,0,True,0.0020000000949949026,3,4,6,0.07457858324050903,0.07457858324050903,0.07457858324050903,0.42542141675949097,0.4254213869571686
10199,249,0,True,0.0020000000949949026,3,4,6,0.07457858324050903,0.07457858324050903,0.07457858324050903,0.42542141675949097,0.4254213869571686
484,94,0,True,0.004000000189989805,8,4,11,0.5527760982513428,0.055487941950559616,0.21926914155483246,0.05277609825134277,0.29392486810684204
485,94,0,True,0.004000000189989805,8,4,11,0.5527760982513428,0.055487941950559616,0.21926914155483246,0.05277609825134277,0.29392486810684204
487,94,0,True,0.004000000189989805,8,4,11,0.5527760982513428,0.055487941950559616,0.21926914155483246,0.05277609825134277,0.29392486810684204
488,94,0,True,0.004000000189989805,8,4,11,0.5527760982513428,0.055487941950559616,0.21926914155483246,0.05277609825134277,0.29392486810684204
489,94,0,True,0.004000000189989805,8,4,11,0.5527760982513428,0.055487941950559616,0.21926914155483246,0.05277609825134277,0.29392486810684204
490,94,0,True,0.004000000189989805,8,4,11,0.5527760982513428,0.055487941950559616,0.21926914155483246,0.05277609825134277,0.29392486810684204
491,94,0,True,0.004000000189989805,8,4,11,0.5527760982513428,0.055487941950559616,0.21926914155483246,0.05277609825134277,0.29392486810684204
492,94,0,True,0.004000000189989805,8,4,11,0.5527760982513428,0.055487941950559616,0.21926914155483246,0.05277609825134277,0.29392486810684204
3961,94,0,True,0.004000000189989805,8,4,11,0.5527760982513428,0.055487941950559616,0.21926914155483246,0.05277609825134277,0.29392486810684204
3962,94,0,True,0.004000000189989805,8,4,11,0.5527760982513428,0.055487941950559616,0.21926914155483246,0.05277609825134277,0.29392486810684204
3963,94,0,True,0.004000000189989805,8,4,11,0.5527760982513428,0.055487941950559616,0.21926914155483246,0.05277609825134277,0.29392486810684204
3965,94,0,True,0.004000000189989805,8,4,11,0.5527760982513428,0.055487941950559616,0.21926914155483246,0.05277609825134277,0.29392486810684204
3966,94,0,True,0.004000000189989805,8,4,11,0.5527760982513428,0.055487941950559616,0.21926914155483246,0.05277609825134277,0.29392486810684204
3967,94,0,True,0.004000000189989805,8,4,11,0.5527760982513428,0.055487941950559616,0.21926914155483246,0.05277609825134277,0.29392486810684204
3968,94,0,True,0.004000000189989805,8,4,11,0.5527760982513428,0.055487941950559616,0.21926914155483246,0.05277609825134277,0.29392486810684204
3969,94,0,True,0.004000000189989805,8,4,11,0.5527760982513428,0.055487941950559616,0.21926914155483246,0.05277609825134277,0.29392486810684204
3970,94,0,True,0.004000000189989805,8,4,11,0.5527760982513428,0.055487941950559616,0.21926914155483246,0.05277609825134277,0.29392486810684204
3973,94,0,True,0.004000000189989805,8,4,11,0.5527760982513428,0.055487941950559616,0.21926914155483246,0.05277609825134277,0.29392486810684204
3975,94,0,True,0.004000000189989805,8,4,11,0.5527760982513428,0.055487941950559616,0.21926914155483246,0.05277609825134277,0.29392486810684204
3978,94,0,True,0.004000000189989805,8,4,11,0.5527760982513428,0.055487941950559616,0.21926914155483246,0.05277609825134277,0.29392486810684204
3980,94,0,True,0.004000000189989805,8,4,11,0.5527760982513428,0.055487941950559616,0.21926914155483246,0.05277609825134277,0.29392486810684204
3981,94,0,True,0.004000000189989805,8,4,11,0.5527760982513428,0.055487941950559616,0.21926914155483246,0.05277609825134277,0.29392486810684204
3982,94,0,True,0.004000000189989805,8,4,11,0.5527760982513428,0.055487941950559616,0.21926914155483246,0.05277609825134277,0.29392486810684204
3983,94,0,True,0.004000000189989805,8,4,11,0.5527760982513428,0.055487941950559616,0.21926914155483246,0.05277609825134277,0.29392486810684204
3985,94,0,True,0.004000000189989805,8,4,11,0.5527760982513428,0.055487941950559616,0.21926914155483246,0.05277609825134277,0.29392486810684204
3986,94,0,True,0.004000000189989805,8,4,11,0.5527760982513428,0.055487941950559616,0.21926914155483246,0.05277609825134277,0.29392486810684204
3987,94,0,True,0.004000000189989805,8,4,11,0.5527760982513428,0.055487941950559616,0.21926914155483246,0.05277609825134277,0.29392486810684204
3988,94,0,True,0.004000000189989805,8,4,11,0.5527760982513428,0.055487941950559616,0.21926914155483246,0.05277609825134277,0.29392486810684204
3990,94,0,True,0.004000000189989805,8,4,11,0.5527760982513428,0.055487941950559616,0.21926914155483246,0.05277609825134277,0.29392486810684204
3991,94,0,True,0.004000000189989805,8,4,11,0.5527760982513428,0.055487941950559616,0.21926914155483246,0.05277609825134277,0.29392486810684204
3992,94,0,True,0.004000000189989805,8,4,11,0.5527760982513428,0.055487941950559616,0.21926914155483246,0.05277609825134277,0.29392486810684204
3993,94,0,True,0.004000000189989805,8,4,11,0.5527760982513428,0.055487941950559616,0.21926914155483246,0.05277609825134277,0.29392486810684204
3995,94,0,True,0.004000000189989805,8,4,11,0.5527760982513428,0.055487941950559616,0.21926914155483246,0.05277609825134277,0.29392486810684204
3996,94,0,True,0.004000000189989805,8,4,11,0.5527760982513428,0.055487941950559616,0.21926914155483246,0.05277609825134277,0.29392486810684204
3997,94,0,True,0.004000000189989805,8,4,11,0.5527760982513428,0.055487941950559616,0.21926914155483246,0.05277609825134277,0.29392486810684204
3999,94,0,True,0.004000000189989805,8,4,11,0.5527760982513428,0.055487941950559616,0.21926914155483246,0.05277609825134277,0.29392486810684204
583,103,0,True,0.004000000189989805,9,4,12,0.07457860559225082,0.055487941950559616,0.20319242775440216,0.05277609825134277,0.3085356056690216
584,103,0,True,0.004000000189989805,9,4,12,0.07457860559225082,0.055487941950559616,0.20319242775440216,0.05277609825134277,0.3085356056690216
585,103,0,True,0.004000000189989805,9,4,12,0.07457860559225082,0.055487941950559616,0.20319242775440216,0.05277609825134277,0.3085356056690216
586,103,0,True,0.004000000189989805,9,4,12,0.07457860559225082,0.055487941950559616,0.20319242775440216,0.05277609825134277,0.3085356056690216
587,103,0,True,0.004000000189989805,9,4,12,0.07457860559225082,0.055487941950559616,0.20319242775440216,0.05277609825134277,0.3085356056690216
588,103,0,True,0.004000000189989805,9,4,12,0.07457860559225082,0.055487941950559616,0.20319242775440216,0.05277609825134277,0.3085356056690216
589,103,0,True,0.004000000189989805,9,4,12,0.07457860559225082,0.055487941950559616,0.20319242775440216,0.05277609825134277,0.3085356056690216
590,103,0,True,0.004000000189989805,9,4,12,0.07457860559225082,0.055487941950559616,0.20319242775440216,0.05277609825134277,0.3085356056690216
592,103,0,True,0.004000000189989805,9,4,12,0.07457860559225082,0.055487941950559616,0.20319242775440216,0.05277609825134277,0.3085356056690216
593,103,0,True,0.004000000189989805,9,4,12,0.07457860559225082,0.055487941950559616,0.20319242775440216,0.05277609825134277,0.3085356056690216
4320,103,0,True,0.004000000189989805,9,4,12,0.07457860559225082,0.055487941950559616,0.20319242775440216,0.05277609825134277,0.3085356056690216
4321,103,0,True,0.004000000189989805,9,4,12,0.07457860559225082,0.055487941950559616,0.20319242775440216,0.05277609825134277,0.3085356056690216
4324,103,0,True,0.004000000189989805,9,4,12,0.07457860559225082,0.055487941950559616,0.20319242775440216,0.05277609825134277,0.3085356056690216
4325,103,0,True,0.004000000189989805,9,4,12,0.07457860559225082,0.055487941950559616,0.20319242775440216,0.05277609825134277,0.3085356056690216
4327,103,0,True,0.004000000189989805,9,4,12,0.07457860559225082,0.055487941950559616,0.20319242775440216,0.05277609825134277,0.3085356056690216
4328,103,0,True,0.004000000189989805,9,4,12,0.07457860559225082,0.055487941950559616,0.20319242775440216,0.05277609825134277,0.3085356056690216
4330,103,0,True,0.004000000189989805,9,4,12,0.07457860559225082,0.055487941950559616,0.20319242775440216,0.05277609825134277,0.3085356056690216
4331,103,0,True,0.004000000189989805,9,4,12,0.07457860559225082,0.055487941950559616,0.20319242775440216,0.05277609825134277,0.3085356056690216
4332,103,0,True,0.004000000189989805,9,4,12,0.07457860559225082,0.055487941950559616,0.20319242775440216,0.05277609825134277,0.3085356056690216
4336,103,0,True,0.004000000189989805,9,4,12,0.07457860559225082,0.055487941950559616,0.20319242775440216,0.05277609825134277,0.3085356056690216
4337,103,0,True,0.004000000189989805,9,4,12,0.07457860559225082,0.055487941950559616,0.20319242775440216,0.05277609825134277,0.3085356056690216
4339,103,0,True,0.004000000189989805,9,4,12,0.07457860559225082,0.055487941950559616,0.20319242775440216,0.05277609825134277,0.3085356056690216
4340,103,0,True,0.004000000189989805,9,4,12,0.07457860559225082,0.055487941950559616,0.20319242775440216,0.05277609825134277,0.3085356056690216
4341,103,0,True,0.004000000189989805,9,4,12,0.07457860559225082,0.055487941950559616,0.20319242775440216,0.05277609825134277,0.3085356056690216
4342,103,0,True,0.004000000189989805,9,4,12,0.07457860559225082,0.055487941950559616,0.20319242775440216,0.05277609825134277,0.3085356056690216
4343,103,0,True,0.004000000189989805,9,4,12,0.07457860559225082,0.055487941950559616,0.20319242775440216,0.05277609825134277,0.3085356056690216
4344,103,0,True,0.004000000189989805,9,4,12,0.07457860559225082,0.055487941950559616,0.20319242775440216,0.05277609825134277,0.3085356056690216
4345,103,0,True,0.004000000189989805,9,4,12,0.07457860559225082,0.055487941950559616,0.20319242775440216,0.05277609825134277,0.3085356056690216
4347,103,0,True,0.004000000189989805,9,4,12,0.07457860559225082,0.055487941950559616,0.20319242775440216,0.05277609825134277,0.3085356056690216
4348,103,0,True,0.004000000189989805,9,4,12,0.07457860559225082,0.055487941950559616,0.20319242775440216,0.05277609825134277,0.3085356056690216
4349,103,0,True,0.004000000189989805,9,4,12,0.07457860559225082,0.055487941950559616,0.20319242775440216,0.05277609825134277,0.3085356056690216
4350,103,0,True,0.004000000189989805,9,4,12,0.07457860559225082,0.055487941950559616,0.20319242775440216,0.05277609825134277,0.3085356056690216
4351,103,0,True,0.004000000189989805,9,4,12,0.07457860559225082,0.055487941950559616,0.20319242775440216,0.05277609825134277,0.3085356056690216
4352,103,0,True,0.004000000189989805,9,4,12,0.07457860559225082,0.055487941950559616,0.20319242775440216,0.05277609825134277,0.3085356056690216
4355,103,0,True,0.004000000189989805,9,4,12,0.07457860559225082,0.055487941950559616,0.20319242775440216,0.05277609825134277,0.3085356056690216
4356,103,0,True,0.004000000189989805,9,4,12,0.07457860559225082,0.055487941950559616,0.20319242775440216,0.05277609825134277,0.3085356056690216
4357,103,0,True,0.004000000189989805,9,4,12,0.07457860559225082,0.055487941950559616,0.20319242775440216,0.05277609825134277,0.3085356056690216
4359,103,0,True,0.004000000189989805,9,4,12,0.07457860559225082,0.055487941950559616,0.20319242775440216,0.05277609825134277,0.3085356056690216
770,120,0,True,0.004000000189989805,8,4,11,0.5527760982513428,0.055487941950559616,0.21926914155483246,0.05277609825134277,0.29392486810684204
771,120,0,True,0.004000000189989805,8,4,11,0.5527760982513428,0.055487941950559616,0.21926914155483246,0.05277609825134277,0.29392486810684204
772,120,0,True,0.004000000189989805,8,4,11,0.5527760982513428,0.055487941950559616,0.21926914155483246,0.05277609825134277,0.29392486810684204
774,120,0,True,0.004000000189989805,8,4,11,0.5527760982513428,0.055487941950559616,0.21926914155483246,0.05277609825134277,0.29392486810684204
775,120,0,True,0.004000000189989805,8,4,11,0.5527760982513428,0.055487941950559616,0.21926914155483246,0.05277609825134277,0.29392486810684204
776,120,0,True,0.004000000189989805,8,4,11,0.5527760982513428,0.055487941950559616,0.21926914155483246,0.05277609825134277,0.29392486810684204
778,120,0,True,0.004000000189989805,8,4,11,0.5527760982513428,0.055487941950559616,0.21926914155483246,0.05277609825134277,0.29392486810684204
779,120,0,True,0.004000000189989805,8,4,11,0.5527760982513428,0.055487941950559616,0.21926914155483246,0.05277609825134277,0.29392486810684204
5002,120,0,True,0.004000000189989805,8,4,11,0.5527760982513428,0.055487941950559616,0.21926914155483246,0.05277609825134277,0.29392486810684204
5004,120,0,True,0.004000000189989805,8,4,11,0.5527760982513428,0.055487941950559616,0.21926914155483246,0.05277609825134277,0.29392486810684204
5005,120,0,True,0.004000000189989805,8,4,11,0.5527760982513428,0.055487941950559616,0.21926914155483246,0.05277609825134277,0.29392486810684204
5006,120,0,True,0.004000000189989805,8,4,11,0.5527760982513428,0.055487941950559616,0.21926914155483246,0.05277609825134277,0.29392486810684204
5007,120,0,True,0.004000000189989805,8,4,11,0.5527760982513428,0.055487941950559616,0.21926914155483246,0.05277609825134277,0.29392486810684204
5008,120,0,True,0.004000000189989805,8,4,11,0.5527760982513428,0.055487941950559616,0.21926914155483246,0.05277609825134277,0.29392486810684204
5010,120,0,True,0.004000000189989805,8,4,11,0.5527760982513428,0.055487941950559616,0.21926914155483246,0.05277609825134277,0.29392486810684204
5011,120,0,True,0.004000000189989805,8,4,11,0.5527760982513428,0.055487941950559616,0.21926914155483246,0.05277609825134277,0.29392486810684204
5012,120,0,True,0.004000000189989805,8,4,11,0.5527760982513428,0.055487941950559616,0.21926914155483246,0.05277609825134277,0.29392486810684204
5013,120,0,True,0.004000000189989805,8,4,11,0.5527760982513428,0.055487941950559616,0.21926914155483246,0.05277609825134277,0.29392486810684204
5014,120,0,True,0.004000000189989805,8,4,11,0.5527760982513428,0.055487941950559616,0.21926914155483246,0.05277609825134277,0.29392486810684204
5015,120,0,True,0.004000000189989805,8,4,11,0.5527760982513428,0.055487941950559616,0.21926914155483246,0.05277609825134277,0.29392486810684204
5016,120,0,True,0.004000000189989805,8,4,11,0.5527760982513428,0.055487941950559616,0.21926914155483246,0.05277609825134277,0.29392486810684204
5017,120,0,True,0.004000000189989805,8,4,11,0.5527760982513428,0.055487941950559616,0.21926914155483246,0.05277609825134277,0.29392486810684204
5018,120,0,True,0.004000000189989805,8,4,11,0.5527760982513428,0.055487941950559616,0.21926914155483246,0.05277609825134277,0.29392486810684204
5019,120,0,True,0.004000000189989805,8,4,11,0.5527760982513428,0.055487941950559616,0.21926914155483246,0.05277609825134277,0.29392486810684204
5020,120,0,True,0.004000000189989805,8,4,11,0.5527760982513428,0.055487941950559616,0.21926914155483246,0.05277609825134277,0.29392486810684204
5021,120,0,True,0.004000000189989805,8,4,11,0.5527760982513428,0.055487941950559616,0.21926914155483246,0.05277609825134277,0.29392486810684204
5022,120,0,True,0.004000000189989805,8,4,11,0.5527760982513428,0.055487941950559616,0.21926914155483246,0.05277609825134277,0.29392486810684204
5023,120,0,True,0.004000000189989805,8,4,11,0.5527760982513428,0.055487941950559616,0.21926914155483246,0.05277609825134277,0.29392486810684204
5026,120,0,True,0.004000000189989805,8,4,11,0.5527760982513428,0.055487941950559616,0.21926914155483246,0.05277609825134277,0.29392486810684204
5027,120,0,True,0.004000000189989805,8,4,11,0.5527760982513428,0.055487941950559616,0.21926914155483246,0.05277609825134277,0.29392486810684204
5028,120,0,True,0.004000000189989805,8,4,11,0.5527760982513428,0.055487941950559616,0.21926914155483246,0.05277609825134277,0.29392486810684204
5029,120,0,True,0.004000000189989805,8,4,11,0.5527760982513428,0.055487941950559616,0.21926914155483246,0.05277609825134277,0.29392486810684204
5032,120,0,True,0.004000000189989805,8,4,11,0.5527760982513428,0.055487941950559616,0.21926914155483246,0.05277609825134277,0.29392486810684204
5034,120,0,True,0.004000000189989805,8,4,11,0.5527760982513428,0.055487941950559616,0.21926914155483246,0.05277609825134277,0.29392486810684204
5035,120,0,True,0.004000000189989805,8,4,11,0.5527760982513428,0.055487941950559616,0.21926914155483246,0.05277609825134277,0.29392486810684204
5039,120,0,True,0.004000000189989805,8,4,11,0.5527760982513428,0.055487941950559616,0.21926914155483246,0.05277609825134277,0.29392486810684204
1244,163,0,True,0.004000000189989805,9,4,12,0.5376361608505249,0.04467170313000679,0.36112162470817566,0.022964417934417725,0.1628546118736267
1245,163,0,True,0.004000000189989805,9,4,12,0.5376361608505249,0.04467170313000679,0.36112162470817566,0.022964417934417725,0.1628546118736267
1247,163,0,True,0.004000000189989805,9,4,12,0.5376361608505249,0.04467170313000679,0.36112162470817566,0.022964417934417725,0.1628546118736267
1248,163,0,True,0.004000000189989805,9,4,12,0.5376361608505249,0.04467170313000679,0.36112162470817566,0.022964417934417725,0.1628546118736267
1249,163,0,True,0.004000000189989805,9,4,12,0.5376361608505249,0.04467170313000679,0.36112162470817566,0.022964417934417725,0.1628546118736267
1251,163,0,True,0.004000000189989805,9,4,12,0.5376361608505249,0.04467170313000679,0.36112162470817566,0.022964417934417725,0.1628546118736267
1253,163,0,True,0.004000000189989805,9,4,12,0.5376361608505249,0.04467170313000679,0.36112162470817566,0.022964417934417725,0.1628546118736267
6720,163,0,True,0.004000000189989805,9,4,12,0.5376361608505249,0.04467170313000679,0.36112162470817566,0.022964417934417725,0.1628546118736267
6723,163,0,True,0.004000000189989805,9,4,12,0.5376361608505249,0.04467170313000679,0.36112162470817566,0.022964417934417725,0.1628546118736267
6725,163,0,True,0.004000000189989805,9,4,12,0.5376361608505249,0.04467170313000679,0.36112162470817566,0.022964417934417725,0.1628546118736267
6726,163,0,True,0.004000000189989805,9,4,12,0.5376361608505249,0.04467170313000679,0.36112162470817566,0.022964417934417725,0.1628546118736267
6727,163,0,True,0.004000000189989805,9,4,12,0.5376361608505249,0.04467170313000679,0.36112162470817566,0.022964417934417725,0.1628546118736267
6729,163,0,True,0.004000000189989805,9,4,12,0.5376361608505249,0.04467170313000679,0.36112162470817566,0.022964417934417725,0.1628546118736267
6730,163,0,True,0.004000000189989805,9,4,12,0.5376361608505249,0.04467170313000679,0.36112162470817566,0.022964417934417725,0.1628546118736267
6731,163,0,True,0.004000000189989805,9,4,12,0.5376361608505249,0.04467170313000679,0.36112162470817566,0.022964417934417725,0.1628546118736267
6732,163,0,True,0.004000000189989805,9,4,12,0.5376361608505249,0.04467170313000679,0.36112162470817566,0.022964417934417725,0.1628546118736267
6733,163,0,True,0.004000000189989805,9,4,12,0.5376361608505249,0.04467170313000679,0.36112162470817566,0.022964417934417725,0.1628546118736267
6735,163,0,True,0.004000000189989805,9,4,12,0.5376361608505249,0.04467170313000679,0.36112162470817566,0.022964417934417725,0.1628546118736267
6737,163,0,True,0.004000000189989805,9,4,12,0.5376361608505249,0.04467170313000679,0.36112162470817566,0.022964417934417725,0.1628546118736267
6738,163,0,True,0.004000000189989805,9,4,12,0.5376361608505249,0.04467170313000679,0.36112162470817566,0.022964417934417725,0.1628546118736267
6739,163,0,True,0.004000000189989805,9,4,12,0.5376361608505249,0.04467170313000679,0.36112162470817566,0.022964417934417725,0.1628546118736267
6740,163,0,True,0.004000000189989805,9,4,12,0.5376361608505249,0.04467170313000679,0.36112162470817566,0.022964417934417725,0.1628546118736267
6741,163,0,True,0.004000000189989805,9,4,12,0.5376361608505249,0.04467170313000679,0.36112162470817566,0.022964417934417725,0.1628546118736267
6743,163,0,True,0.004000000189989805,9,4,12,0.5376361608505249,0.04467170313000679,0.36112162470817566,0.022964417934417725,0.1628546118736267
6744,163,0,True,0.004000000189989805,9,4,12,0.5376361608505249,0.04467170313000679,0.36112162470817566,0.022964417934417725,0.1628546118736267
6745,163,0,True,0.004000000189989805,9,4,12,0.5376361608505249,0.04467170313000679,0.36112162470817566,0.022964417934417725,0.1628546118736267
6746,163,0,True,0.004000000189989805,9,4,12,0.5376361608505249,0.04467170313000679,0.36112162470817566,0.022964417934417725,0.1628546118736267
6747,163,0,True,0.004000000189989805,9,4,12,0.5376361608505249,0.04467170313000679,0.36112162470817566,0.022964417934417725,0.1628546118736267
6748,163,0,True,0.004000000189989805,9,4,12,0.5376361608505249,0.04467170313000679,0.36112162470817566,0.022964417934417725,0.1628546118736267
6749,163,0,True,0.004000000189989805,9,4,12,0.5376361608505249,0.04467170313000679,0.36112162470817566,0.022964417934417725,0.1628546118736267
6750,163,0,True,0.004000000189989805,9,4,12,0.5376361608505249,0.04467170313000679,0.36112162470817566,0.022964417934417725,0.1628546118736267
6752,163,0,True,0.004000000189989805,9,4,12,0.5376361608505249,0.04467170313000679,0.36112162470817566,0.022964417934417725,0.1628546118736267
6754,163,0,True,0.004000000189989805,9,4,12,0.5376361608505249,0.04467170313000679,0.36112162470817566,0.022964417934417725,0.1628546118736267
6755,163,0,True,0.004000000189989805,9,4,12,0.5376361608505249,0.04467170313000679,0.36112162470817566,0.022964417934417725,0.1628546118736267
6756,163,0,True,0.004000000189989805,9,4,12,0.5376361608505249,0.04467170313000679,0.36112162470817566,0.022964417934417725,0.1628546118736267
6757,163,0,True,0.004000000189989805,9,4,12,0.5376361608505249,0.04467170313000679,0.36112162470817566,0.022964417934417725,0.1628546118736267
6758,163,0,True,0.004000000189989805,9,4,12,0.5376361608505249,0.04467170313000679,0.36112162470817566,0.022964417934417725,0.1628546118736267
1254,164,0,True,0.004000000189989805,8,4,11,0.5527760982513428,0.055487941950559616,0.21926914155483246,0.05277609825134277,0.29392486810684204
1255,164,0,True,0.004000000189989805,8,4,11,0.5527760982513428,0.055487941950559616,0.21926914155483246,0.05277609825134277,0.29392486810684204
1256,164,0,True,0.004000000189989805,8,4,11,0.5527760982513428,0.055487941950559616,0.21926914155483246,0.05277609825134277,0.29392486810684204
1257,164,0,True,0.004000000189989805,8,4,11,0.5527760982513428,0.055487941950559616,0.21926914155483246,0.05277609825134277,0.29392486810684204
1260,164,0,True,0.004000000189989805,8,4,11,0.5527760982513428,0.055487941950559616,0.21926914155483246,0.05277609825134277,0.29392486810684204
1261,164,0,True,0.004000000189989805,8,4,11,0.5527760982513428,0.055487941950559616,0.21926914155483246,0.05277609825134277,0.29392486810684204
1262,164,0,True,0.004000000189989805,8,4,11,0.5527760982513428,0.055487941950559616,0.21926914155483246,0.05277609825134277,0.29392486810684204
1263,164,0,True,0.004000000189989805,8,4,11,0.5527760982513428,0.055487941950559616,0.21926914155483246,0.05277609825134277,0.29392486810684204
1264,164,0,True,0.004000000189989805,8,4,11,0.5527760982513428,0.055487941950559616,0.21926914155483246,0.05277609825134277,0.29392486810684204
6760,164,0,True,0.004000000189989805,8,4,11,0.5527760982513428,0.055487941950559616,0.21926914155483246,0.05277609825134277,0.29392486810684204
6761,164,0,True,0.004000000189989805,8,4,11,0.5527760982513428,0.055487941950559616,0.21926914155483246,0.05277609825134277,0.29392486810684204
6762,164,0,True,0.004000000189989805,8,4,11,0.5527760982513428,0.055487941950559616,0.21926914155483246,0.05277609825134277,0.29392486810684204
6765,164,0,True,0.004000000189989805,8,4,11,0.5527760982513428,0.055487941950559616,0.21926914155483246,0.05277609825134277,0.29392486810684204
6767,164,0,True,0.004000000189989805,8,4,11,0.5527760982513428,0.055487941950559616,0.21926914155483246,0.05277609825134277,0.29392486810684204
6768,164,0,True,0.004000000189989805,8,4,11,0.5527760982513428,0.055487941950559616,0.21926914155483246,0.05277609825134277,0.29392486810684204
6769,164,0,True,0.004000000189989805,8,4,11,0.5527760982513428,0.055487941950559616,0.21926914155483246,0.05277609825134277,0.29392486810684204
6770,164,0,True,0.004000000189989805,8,4,11,0.5527760982513428,0.055487941950559616,0.21926914155483246,0.05277609825134277,0.29392486810684204
6771,164,0,True,0.004000000189989805,8,4,11,0.5527760982513428,0.055487941950559616,0.21926914155483246,0.05277609825134277,0.29392486810684204
6772,164,0,True,0.004000000189989805,8,4,11,0.5527760982513428,0.055487941950559616,0.21926914155483246,0.05277609825134277,0.29392486810684204
6774,164,0,True,0.004000000189989805,8,4,11,0.5527760982513428,0.055487941950559616,0.21926914155483246,0.05277609825134277,0.29392486810684204
6776,164,0,True,0.004000000189989805,8,4,11,0.5527760982513428,0.055487941950559616,0.21926914155483246,0.05277609825134277,0.29392486810684204
6777,164,0,True,0.004000000189989805,8,4,11,0.5527760982513428,0.055487941950559616,0.21926914155483246,0.05277609825134277,0.29392486810684204
6778,164,0,True,0.004000000189989805,8,4,11,0.5527760982513428,0.055487941950559616,0.21926914155483246,0.05277609825134277,0.29392486810684204
6779,164,0,True,0.004000000189989805,8,4,11,0.5527760982513428,0.055487941950559616,0.21926914155483246,0.05277609825134277,0.29392486810684204
6780,164,0,True,0.004000000189989805,8,4,11,0.5527760982513428,0.055487941950559616,0.21926914155483246,0.05277609825134277,0.29392486810684204
6781,164,0,True,0.004000000189989805,8,4,11,0.5527760982513428,0.055487941950559616,0.21926914155483246,0.05277609825134277,0.29392486810684204
6784,164,0,True,0.004000000189989805,8,4,11,0.5527760982513428,0.055487941950559616,0.21926914155483246,0.05277609825134277,0.29392486810684204
6785,164,0,True,0.004000000189989805,8,4,11,0.5527760982513428,0.055487941950559616,0.21926914155483246,0.05277609825134277,0.29392486810684204
6788,164,0,True,0.004000000189989805,8,4,11,0.5527760982513428,0.055487941950559616,0.21926914155483246,0.05277609825134277,0.29392486810684204
6789,164,0,True,0.004000000189989805,8,4,11,0.5527760982513428,0.055487941950559616,0.21926914155483246,0.05277609825134277,0.29392486810684204
6791,164,0,True,0.004000000189989805,8,4,11,0.5527760982513428,0.055487941950559616,0.21926914155483246,0.05277609825134277,0.29392486810684204
6792,164,0,True,0.004000000189989805,8,4,11,0.5527760982513428,0.055487941950559616,0.21926914155483246,0.05277609825134277,0.29392486810684204
6793,164,0,True,0.004000000189989805,8,4,11,0.5527760982513428,0.055487941950559616,0.21926914155483246,0.05277609825134277,0.29392486810684204
6794,164,0,True,0.004000000189989805,8,4,11,0.5527760982513428,0.055487941950559616,0.21926914155483246,0.05277609825134277,0.29392486810684204
6796,164,0,True,0.004000000189989805,8,4,11,0.5527760982513428,0.055487941950559616,0.21926914155483246,0.05277609825134277,0.29392486810684204
6797,164,0,True,0.004000000189989805,8,4,11,0.5527760982513428,0.055487941950559616,0.21926914155483246,0.05277609825134277,0.29392486810684204
6798,164,0,True,0.004000000189989805,8,4,11,0.5527760982513428,0.055487941950559616,0.21926914155483246,0.05277609825134277,0.29392486810684204
6799,164,0,True,0.004000000189989805,8,4,11,0.5527760982513428,0.055487941950559616,0.21926914155483246,0.05277609825134277,0.29392486810684204
1397,177,0,True,0.004000000189989805,9,4,12,0.07457860559225082,0.055487941950559616,0.20319242775440216,0.05277609825134277,0.3085356056690216
7280,177,0,True,0.004000000189989805,9,4,12,0.07457860559225082,0.055487941950559616,0.20319242775440216,0.05277609825134277,0.3085356056690216
7281,177,0,True,0.004000000189989805,9,4,12,0.07457860559225082,0.055487941950559616,0.20319242775440216,0.05277609825134277,0.3085356056690216
7282,177,0,True,0.004000000189989805,9,4,12,0.07457860559225082,0.055487941950559616,0.20319242775440216,0.05277609825134277,0.3085356056690216
7283,177,0,True,0.004000000189989805,9,4,12,0.07457860559225082,0.055487941950559616,0.20319242775440216,0.05277609825134277,0.3085356056690216
1617,197,0,True,0.004000000189989805,9,4,12,0.07457860559225082,0.055487941950559616,0.20319242775440216,0.05277609825134277,0.3085356056690216
1618,197,0,True,0.004000000189989805,9,4,12,0.07457860559225082,0.055487941950559616,0.20319242775440216,0.05277609825134277,0.3085356056690216
1619,197,0,True,0.004000000189989805,9,4,12,0.07457860559225082,0.055487941950559616,0.20319242775440216,0.05277609825134277,0.3085356056690216
1620,197,0,True,0.004000000189989805,9,4,12,0.07457860559225082,0.055487941950559616,0.20319242775440216,0.05277609825134277,0.3085356056690216
1621,197,0,True,0.004000000189989805,9,4,12,0.07457860559225082,0.055487941950559616,0.20319242775440216,0.05277609825134277,0.3085356056690216
1622,197,0,True,0.004000000189989805,9,4,12,0.07457860559225082,0.055487941950559616,0.20319242775440216,0.05277609825134277,0.3085356056690216
1623,197,0,True,0.004000000189989805,9,4,12,0.07457860559225082,0.055487941950559616,0.20319242775440216,0.05277609825134277,0.3085356056690216
1624,197,0,True,0.004000000189989805,9,4,12,0.07457860559225082,0.055487941950559616,0.20319242775440216,0.05277609825134277,0.3085356056690216
1625,197,0,True,0.004000000189989805,9,4,12,0.07457860559225082,0.055487941950559616,0.20319242775440216,0.05277609825134277,0.3085356056690216
1626,197,0,True,0.004000000189989805,9,4,12,0.07457860559225082,0.055487941950559616,0.20319242775440216,0.05277609825134277,0.3085356056690216
1627,197,0,True,0.004000000189989805,9,4,12,0.07457860559225082,0.055487941950559616,0.20319242775440216,0.05277609825134277,0.3085356056690216
8080,197,0,True,0.004000000189989805,9,4,12,0.07457860559225082,0.055487941950559616,0.20319242775440216,0.05277609825134277,0.3085356056690216
8082,197,0,True,0.004000000189989805,9,4,12,0.07457860559225082,0.055487941950559616,0.20319242775440216,0.05277609825134277,0.3085356056690216
8083,197,0,True,0.004000000189989805,9,4,12,0.07457860559225082,0.055487941950559616,0.20319242775440216,0.05277609825134277,0.3085356056690216
8084,197,0,True,0.004000000189989805,9,4,12,0.07457860559225082,0.055487941950559616,0.20319242775440216,0.05277609825134277,0.3085356056690216
8086,197,0,True,0.004000000189989805,9,4,12,0.07457860559225082,0.055487941950559616,0.20319242775440216,0.05277609825134277,0.3085356056690216
8088,197,0,True,0.004000000189989805,9,4,12,0.07457860559225082,0.055487941950559616,0.20319242775440216,0.05277609825134277,0.3085356056690216
8089,197,0,True,0.004000000189989805,9,4,12,0.07457860559225082,0.055487941950559616,0.20319242775440216,0.05277609825134277,0.3085356056690216
8090,197,0,True,0.004000000189989805,9,4,12,0.07457860559225082,0.055487941950559616,0.20319242775440216,0.05277609825134277,0.3085356056690216
8091,197,0,True,0.004000000189989805,9,4,12,0.07457860559225082,0.055487941950559616,0.20319242775440216,0.05277609825134277,0.3085356056690216
8092,197,0,True,0.004000000189989805,9,4,12,0.07457860559225082,0.055487941950559616,0.20319242775440216,0.05277609825134277,0.3085356056690216
8093,197,0,True,0.004000000189989805,9,4,12,0.07457860559225082,0.055487941950559616,0.20319242775440216,0.05277609825134277,0.3085356056690216
8096,197,0,True,0.004000000189989805,9,4,12,0.07457860559225082,0.055487941950559616,0.20319242775440216,0.05277609825134277,0.3085356056690216
8097,197,0,True,0.004000000189989805,9,4,12,0.07457860559225082,0.055487941950559616,0.20319242775440216,0.05277609825134277,0.3085356056690216
8098,197,0,True,0.004000000189989805,9,4,12,0.07457860559225082,0.055487941950559616,0.20319242775440216,0.05277609825134277,0.3085356056690216
8099,197,0,True,0.004000000189989805,9,4,12,0.07457860559225082,0.055487941950559616,0.20319242775440216,0.05277609825134277,0.3085356056690216
8100,197,0,True,0.004000000189989805,9,4,12,0.07457860559225082,0.055487941950559616,0.20319242775440216,0.05277609825134277,0.3085356056690216
8103,197,0,True,0.004000000189989805,9,4,12,0.07457860559225082,0.055487941950559616,0.20319242775440216,0.05277609825134277,0.3085356056690216
8105,197,0,True,0.004000000189989805,9,4,12,0.07457860559225082,0.055487941950559616,0.20319242775440216,0.05277609825134277,0.3085356056690216
8106,197,0,True,0.004000000189989805,9,4,12,0.07457860559225082,0.055487941950559616,0.20319242775440216,0.05277609825134277,0.3085356056690216
8108,197,0,True,0.004000000189989805,9,4,12,0.07457860559225082,0.055487941950559616,0.20319242775440216,0.05277609825134277,0.3085356056690216
8110,197,0,True,0.004000000189989805,9,4,12,0.07457860559225082,0.055487941950559616,0.20319242775440216,0.05277609825134277,0.3085356056690216
8112,197,0,True,0.004000000189989805,9,4,12,0.07457860559225082,0.055487941950559616,0.20319242775440216,0.05277609825134277,0.3085356056690216
8113,197,0,True,0.004000000189989805,9,4,12,0.07457860559225082,0.055487941950559616,0.20319242775440216,0.05277609825134277,0.3085356056690216
8114,197,0,True,0.004000000189989805,9,4,12,0.07457860559225082,0.055487941950559616,0.20319242775440216,0.05277609825134277,0.3085356056690216
8115,197,0,True,0.004000000189989805,9,4,12,0.07457860559225082,0.055487941950559616,0.20319242775440216,0.05277609825134277,0.3085356056690216
8116,197,0,True,0.004000000189989805,9,4,12,0.07457860559225082,0.055487941950559616,0.20319242775440216,0.05277609825134277,0.3085356056690216
8117,197,0,True,0.004000000189989805,9,4,12,0.07457860559225082,0.055487941950559616,0.20319242775440216,0.05277609825134277,0.3085356056690216
8118,197,0,True,0.004000000189989805,9,4,12,0.07457860559225082,0.055487941950559616,0.20319242775440216,0.05277609825134277,0.3085356056690216
1925,225,0,True,0.004000000189989805,8,4,11,0.5527760982513428,0.055487941950559616,0.21926914155483246,0.05277609825134277,0.29392486810684204
1926,225,0,True,0.004000000189989805,8,4,11,0.5527760982513428,0.055487941950559616,0.21926914155483246,0.05277609825134277,0.29392486810684204
1927,225,0,True,0.004000000189989805,8,4,11,0.5527760982513428,0.055487941950559616,0.21926914155483246,0.05277609825134277,0.29392486810684204
1928,225,0,True,0.004000000189989805,8,4,11,0.5527760982513428,0.055487941950559616,0.21926914155483246,0.05277609825134277,0.29392486810684204
1931,225,0,True,0.004000000189989805,8,4,11,0.5527760982513428,0.055487941950559616,0.21926914155483246,0.05277609825134277,0.29392486810684204
1932,225,0,True,0.004000000189989805,8,4,11,0.5527760982513428,0.055487941950559616,0.21926914155483246,0.05277609825134277,0.29392486810684204
1933,225,0,True,0.004000000189989805,8,4,11,0.5527760982513428,0.055487941950559616,0.21926914155483246,0.05277609825134277,0.29392486810684204
1934,225,0,True,0.004000000189989805,8,4,11,0.5527760982513428,0.055487941950559616,0.21926914155483246,0.05277609825134277,0.29392486810684204
9200,225,0,True,0.004000000189989805,8,4,11,0.5527760982513428,0.055487941950559616,0.21926914155483246,0.05277609825134277,0.29392486810684204
9202,225,0,True,0.004000000189989805,8,4,11,0.5527760982513428,0.055487941950559616,0.21926914155483246,0.05277609825134277,0.29392486810684204
9203,225,0,True,0.004000000189989805,8,4,11,0.5527760982513428,0.055487941950559616,0.21926914155483246,0.05277609825134277,0.29392486810684204
9204,225,0,True,0.004000000189989805,8,4,11,0.5527760982513428,0.055487941950559616,0.21926914155483246,0.05277609825134277,0.29392486810684204
9205,225,0,True,0.004000000189989805,8,4,11,0.5527760982513428,0.055487941950559616,0.21926914155483246,0.05277609825134277,0.29392486810684204
9207,225,0,True,0.004000000189989805,8,4,11,0.5527760982513428,0.055487941950559616,0.21926914155483246,0.05277609825134277,0.29392486810684204
9208,225,0,True,0.004000000189989805,8,4,11,0.5527760982513428,0.055487941950559616,0.21926914155483246,0.05277609825134277,0.29392486810684204
9209,225,0,True,0.004000000189989805,8,4,11,0.5527760982513428,0.055487941950559616,0.21926914155483246,0.05277609825134277,0.29392486810684204
9211,225,0,True,0.004000000189989805,8,4,11,0.5527760982513428,0.055487941950559616,0.21926914155483246,0.05277609825134277,0.29392486810684204
9212,225,0,True,0.004000000189989805,8,4,11,0.5527760982513428,0.055487941950559616,0.21926914155483246,0.05277609825134277,0.29392486810684204
9214,225,0,True,0.004000000189989805,8,4,11,0.5527760982513428,0.055487941950559616,0.21926914155483246,0.05277609825134277,0.29392486810684204
9215,225,0,True,0.004000000189989805,8,4,11,0.5527760982513428,0.055487941950559616,0.21926914155483246,0.05277609825134277,0.29392486810684204
9217,225,0,True,0.004000000189989805,8,4,11,0.5527760982513428,0.055487941950559616,0.21926914155483246,0.05277609825134277,0.29392486810684204
9219,225,0,True,0.004000000189989805,8,4,11,0.5527760982513428,0.055487941950559616,0.21926914155483246,0.05277609825134277,0.29392486810684204
9220,225,0,True,0.004000000189989805,8,4,11,0.5527760982513428,0.055487941950559616,0.21926914155483246,0.05277609825134277,0.29392486810684204
9222,225,0,True,0.004000000189989805,8,4,11,0.5527760982513428,0.055487941950559616,0.21926914155483246,0.05277609825134277,0.29392486810684204
9225,225,0,True,0.004000000189989805,8,4,11,0.5527760982513428,0.055487941950559616,0.21926914155483246,0.05277609825134277,0.29392486810684204
9226,225,0,True,0.004000000189989805,8,4,11,0.5527760982513428,0.055487941950559616,0.21926914155483246,0.05277609825134277,0.29392486810684204
9227,225,0,True,0.004000000189989805,8,4,11,0.5527760982513428,0.055487941950559616,0.21926914155483246,0.05277609825134277,0.29392486810684204
9228,225,0,True,0.004000000189989805,8,4,11,0.5527760982513428,0.055487941950559616,0.21926914155483246,0.05277609825134277,0.29392486810684204
9229,225,0,True,0.004000000189989805,8,4,11,0.5527760982513428,0.055487941950559616,0.21926914155483246,0.05277609825134277,0.29392486810684204
9230,225,0,True,0.004000000189989805,8,4,11,0.5527760982513428,0.055487941950559616,0.21926914155483246,0.05277609825134277,0.29392486810684204
9232,225,0,True,0.004000000189989805,8,4,11,0.5527760982513428,0.055487941950559616,0.21926914155483246,0.05277609825134277,0.29392486810684204
9233,225,0,True,0.004000000189989805,8,4,11,0.5527760982513428,0.055487941950559616,0.21926914155483246,0.05277609825134277,0.29392486810684204
9235,225,0,True,0.004000000189989805,8,4,11,0.5527760982513428,0.055487941950559616,0.21926914155483246,0.05277609825134277,0.29392486810684204
9239,225,0,True,0.004000000189989805,8,4,11,0.5527760982513428,0.055487941950559616,0.21926914155483246,0.05277609825134277,0.29392486810684204
209,69,0,True,0.006000000052154064,8,4,11,0.5527760982513428,0.052864111959934235,0.5007374286651611,0.05277609825134277,0.31157147884368896
210,69,0,True,0.006000000052154064,8,4,11,0.5527760982513428,0.052864111959934235,0.5007374286651611,0.05277609825134277,0.31157147884368896
211,69,0,True,0.006000000052154064,8,4,11,0.5527760982513428,0.052864111959934235,0.5007374286651611,0.05277609825134277,0.31157147884368896
212,69,0,True,0.006000000052154064,8,4,11,0.5527760982513428,0.052864111959934235,0.5007374286651611,0.05277609825134277,0.31157147884368896
213,69,0,True,0.006000000052154064,8,4,11,0.5527760982513428,0.052864111959934235,0.5007374286651611,0.05277609825134277,0.31157147884368896
214,69,0,True,0.006000000052154064,8,4,11,0.5527760982513428,0.052864111959934235,0.5007374286651611,0.05277609825134277,0.31157147884368896
215,69,0,True,0.006000000052154064,8,4,11,0.5527760982513428,0.052864111959934235,0.5007374286651611,0.05277609825134277,0.31157147884368896
216,69,0,True,0.006000000052154064,8,4,11,0.5527760982513428,0.052864111959934235,0.5007374286651611,0.05277609825134277,0.31157147884368896
217,69,0,True,0.006000000052154064,8,4,11,0.5527760982513428,0.052864111959934235,0.5007374286651611,0.05277609825134277,0.31157147884368896
2960,69,0,True,0.006000000052154064,8,4,11,0.5527760982513428,0.052864111959934235,0.5007374286651611,0.05277609825134277,0.31157147884368896
2961,69,0,True,0.006000000052154064,8,4,11,0.5527760982513428,0.052864111959934235,0.5007374286651611,0.05277609825134277,0.31157147884368896
2962,69,0,True,0.006000000052154064,8,4,11,0.5527760982513428,0.052864111959934235,0.5007374286651611,0.05277609825134277,0.31157147884368896
2963,69,0,True,0.006000000052154064,8,4,11,0.5527760982513428,0.052864111959934235,0.5007374286651611,0.05277609825134277,0.31157147884368896
2964,69,0,True,0.006000000052154064,8,4,11,0.5527760982513428,0.052864111959934235,0.5007374286651611,0.05277609825134277,0.31157147884368896
2965,69,0,True,0.006000000052154064,8,4,11,0.5527760982513428,0.052864111959934235,0.5007374286651611,0.05277609825134277,0.31157147884368896
2966,69,0,True,0.006000000052154064,8,4,11,0.5527760982513428,0.052864111959934235,0.5007374286651611,0.05277609825134277,0.31157147884368896
2967,69,0,True,0.006000000052154064,8,4,11,0.5527760982513428,0.052864111959934235,0.5007374286651611,0.05277609825134277,0.31157147884368896
2968,69,0,True,0.006000000052154064,8,4,11,0.5527760982513428,0.052864111959934235,0.5007374286651611,0.05277609825134277,0.31157147884368896
2970,69,0,True,0.006000000052154064,8,4,11,0.5527760982513428,0.052864111959934235,0.5007374286651611,0.05277609825134277,0.31157147884368896
2971,69,0,True,0.006000000052154064,8,4,11,0.5527760982513428,0.052864111959934235,0.5007374286651611,0.05277609825134277,0.31157147884368896
2974,69,0,True,0.006000000052154064,8,4,11,0.5527760982513428,0.052864111959934235,0.5007374286651611,0.05277609825134277,0.31157147884368896
2977,69,0,True,0.006000000052154064,8,4,11,0.5527760982513428,0.052864111959934235,0.5007374286651611,0.05277609825134277,0.31157147884368896
2978,69,0,True,0.006000000052154064,8,4,11,0.5527760982513428,0.052864111959934235,0.5007374286651611,0.05277609825134277,0.31157147884368896
2979,69,0,True,0.006000000052154064,8,4,11,0.5527760982513428,0.052864111959934235,0.5007374286651611,0.05277609825134277,0.31157147884368896
2980,69,0,True,0.006000000052154064,8,4,11,0.5527760982513428,0.052864111959934235,0.5007374286651611,0.05277609825134277,0.31157147884368896
2981,69,0,True,0.006000000052154064,8,4,11,0.5527760982513428,0.052864111959934235,0.5007374286651611,0.05277609825134277,0.31157147884368896
2982,69,0,True,0.006000000052154064,8,4,11,0.5527760982513428,0.052864111959934235,0.5007374286651611,0.05277609825134277,0.31157147884368896
2984,69,0,True,0.006000000052154064,8,4,11,0.5527760982513428,0.052864111959934235,0.5007374286651611,0.05277609825134277,0.31157147884368896
2985,69,0,True,0.006000000052154064,8,4,11,0.5527760982513428,0.052864111959934235,0.5007374286651611,0.05277609825134277,0.31157147884368896
2987,69,0,True,0.006000000052154064,8,4,11,0.5527760982513428,0.052864111959934235,0.5007374286651611,0.05277609825134277,0.31157147884368896
2989,69,0,True,0.006000000052154064,8,4,11,0.5527760982513428,0.052864111959934235,0.5007374286651611,0.05277609825134277,0.31157147884368896
2990,69,0,True,0.006000000052154064,8,4,11,0.5527760982513428,0.052864111959934235,0.5007374286651611,0.05277609825134277,0.31157147884368896
2991,69,0,True,0.006000000052154064,8,4,11,0.5527760982513428,0.052864111959934235,0.5007374286651611,0.05277609825134277,0.31157147884368896
2993,69,0,True,0.006000000052154064,8,4,11,0.5527760982513428,0.052864111959934235,0.5007374286651611,0.05277609825134277,0.31157147884368896
2994,69,0,True,0.006000000052154064,8,4,11,0.5527760982513428,0.052864111959934235,0.5007374286651611,0.05277609825134277,0.31157147884368896
2995,69,0,True,0.006000000052154064,8,4,11,0.5527760982513428,0.052864111959934235,0.5007374286651611,0.05277609825134277,0.31157147884368896
2996,69,0,True,0.006000000052154064,8,4,11,0.5527760982513428,0.052864111959934235,0.5007374286651611,0.05277609825134277,0.31157147884368896
2997,69,0,True,0.006000000052154064,8,4,11,0.5527760982513428,0.052864111959934235,0.5007374286651611,0.05277609825134277,0.31157147884368896
2999,69,0,True,0.006000000052154064,8,4,11,0.5527760982513428,0.052864111959934235,0.5007374286651611,0.05277609825134277,0.31157147884368896
638,108,0,True,0.006000000052154064,9,4,12,0.07457860559225082,0.25591301918029785,0.27834832668304443,0.05277609825134277,0.23337970674037933
639,108,0,True,0.006000000052154064,9,4,12,0.07457860559225082,0.25591301918029785,0.27834832668304443,0.05277609825134277,0.23337970674037933
640,108,0,True,0.006000000052154064,9,4,12,0.07457860559225082,0.25591301918029785,0.27834832668304443,0.05277609825134277,0.23337970674037933
643,108,0,True,0.006000000052154064,9,4,12,0.07457860559225082,0.25591301918029785,0.27834832668304443,0.05277609825134277,0.23337970674037933
644,108,0,True,0.006000000052154064,9,4,12,0.07457860559225082,0.25591301918029785,0.27834832668304443,0.05277609825134277,0.23337970674037933
645,108,0,True,0.006000000052154064,9,4,12,0.07457860559225082,0.25591301918029785,0.27834832668304443,0.05277609825134277,0.23337970674037933
648,108,0,True,0.006000000052154064,9,4,12,0.07457860559225082,0.25591301918029785,0.27834832668304443,0.05277609825134277,0.23337970674037933
4520,108,0,True,0.006000000052154064,9,4,12,0.07457860559225082,0.25591301918029785,0.27834832668304443,0.05277609825134277,0.23337970674037933
4521,108,0,True,0.006000000052154064,9,4,12,0.07457860559225082,0.25591301918029785,0.27834832668304443,0.05277609825134277,0.23337970674037933
4522,108,0,True,0.006000000052154064,9,4,12,0.07457860559225082,0.25591301918029785,0.27834832668304443,0.05277609825134277,0.23337970674037933
4525,108,0,True,0.006000000052154064,9,4,12,0.07457860559225082,0.25591301918029785,0.27834832668304443,0.05277609825134277,0.23337970674037933
4527,108,0,True,0.006000000052154064,9,4,12,0.07457860559225082,0.25591301918029785,0.27834832668304443,0.05277609825134277,0.23337970674037933
4528,108,0,True,0.006000000052154064,9,4,12,0.07457860559225082,0.25591301918029785,0.27834832668304443,0.05277609825134277,0.23337970674037933
4529,108,0,True,0.006000000052154064,9,4,12,0.07457860559225082,0.25591301918029785,0.27834832668304443,0.05277609825134277,0.23337970674037933
4531,108,0,True,0.006000000052154064,9,4,12,0.07457860559225082,0.25591301918029785,0.27834832668304443,0.05277609825134277,0.23337970674037933
4532,108,0,True,0.006000000052154064,9,4,12,0.07457860559225082,0.25591301918029785,0.27834832668304443,0.05277609825134277,0.23337970674037933
4533,108,0,True,0.006000000052154064,9,4,12,0.07457860559225082,0.25591301918029785,0.27834832668304443,0.05277609825134277,0.23337970674037933
4534,108,0,True,0.006000000052154064,9,4,12,0.07457860559225082,0.25591301918029785,0.27834832668304443,0.05277609825134277,0.23337970674037933
4536,108,0,True,0.006000000052154064,9,4,12,0.07457860559225082,0.25591301918029785,0.27834832668304443,0.05277609825134277,0.23337970674037933
4537,108,0,True,0.006000000052154064,9,4,12,0.07457860559225082,0.25591301918029785,0.27834832668304443,0.05277609825134277,0.23337970674037933
4538,108,0,True,0.006000000052154064,9,4,12,0.07457860559225082,0.25591301918029785,0.27834832668304443,0.05277609825134277,0.23337970674037933
4540,108,0,True,0.006000000052154064,9,4,12,0.07457860559225082,0.25591301918029785,0.27834832668304443,0.05277609825134277,0.23337970674037933
4541,108,0,True,0.006000000052154064,9,4,12,0.07457860559225082,0.25591301918029785,0.27834832668304443,0.05277609825134277,0.23337970674037933
4543,108,0,True,0.006000000052154064,9,4,12,0.07457860559225082,0.25591301918029785,0.27834832668304443,0.05277609825134277,0.23337970674037933
4544,108,0,True,0.006000000052154064,9,4,12,0.07457860559225082,0.25591301918029785,0.27834832668304443,0.05277609825134277,0.23337970674037933
4545,108,0,True,0.006000000052154064,9,4,12,0.07457860559225082,0.25591301918029785,0.27834832668304443,0.05277609825134277,0.23337970674037933
4546,108,0,True,0.006000000052154064,9,4,12,0.07457860559225082,0.25591301918029785,0.27834832668304443,0.05277609825134277,0.23337970674037933
4548,108,0,True,0.006000000052154064,9,4,12,0.07457860559225082,0.25591301918029785,0.27834832668304443,0.05277609825134277,0.23337970674037933
4549,108,0,True,0.006000000052154064,9,4,12,0.07457860559225082,0.25591301918029785,0.27834832668304443,0.05277609825134277,0.23337970674037933
4550,108,0,True,0.006000000052154064,9,4,12,0.07457860559225082,0.25591301918029785,0.27834832668304443,0.05277609825134277,0.23337970674037933
4553,108,0,True,0.006000000052154064,9,4,12,0.07457860559225082,0.25591301918029785,0.27834832668304443,0.05277609825134277,0.23337970674037933
4555,108,0,True,0.006000000052154064,9,4,12,0.07457860559225082,0.25591301918029785,0.27834832668304443,0.05277609825134277,0.23337970674037933
4556,108,0,True,0.006000000052154064,9,4,12,0.07457860559225082,0.25591301918029785,0.27834832668304443,0.05277609825134277,0.23337970674037933
4557,108,0,True,0.006000000052154064,9,4,12,0.07457860559225082,0.25591301918029785,0.27834832668304443,0.05277609825134277,0.23337970674037933
4559,108,0,True,0.006000000052154064,9,4,12,0.07457860559225082,0.25591301918029785,0.27834832668304443,0.05277609825134277,0.23337970674037933
1166,156,0,True,0.006000000052154064,9,4,12,0.5527760982513428,0.15093553066253662,0.33169636130332947,0.05277609825134277,0.21204674243927002
1167,156,0,True,0.006000000052154064,9,4,12,0.5527760982513428,0.15093553066253662,0.33169636130332947,0.05277609825134277,0.21204674243927002
1168,156,0,True,0.006000000052154064,9,4,12,0.5527760982513428,0.15093553066253662,0.33169636130332947,0.05277609825134277,0.21204674243927002
1170,156,0,True,0.006000000052154064,9,4,12,0.5527760982513428,0.15093553066253662,0.33169636130332947,0.05277609825134277,0.21204674243927002
1171,156,0,True,0.006000000052154064,9,4,12,0.5527760982513428,0.15093553066253662,0.33169636130332947,0.05277609825134277,0.21204674243927002
1172,156,0,True,0.006000000052154064,9,4,12,0.5527760982513428,0.15093553066253662,0.33169636130332947,0.05277609825134277,0.21204674243927002
1173,156,0,True,0.006000000052154064,9,4,12,0.5527760982513428,0.15093553066253662,0.33169636130332947,0.05277609825134277,0.21204674243927002
1174,156,0,True,0.006000000052154064,9,4,12,0.5527760982513428,0.15093553066253662,0.33169636130332947,0.05277609825134277,0.21204674243927002
1176,156,0,True,0.006000000052154064,9,4,12,0.5527760982513428,0.15093553066253662,0.33169636130332947,0.05277609825134277,0.21204674243927002
6440,156,0,True,0.006000000052154064,9,4,12,0.5527760982513428,0.15093553066253662,0.33169636130332947,0.05277609825134277,0.21204674243927002
6441,156,0,True,0.006000000052154064,9,4,12,0.5527760982513428,0.15093553066253662,0.33169636130332947,0.05277609825134277,0.21204674243927002
6443,156,0,True,0.006000000052154064,9,4,12,0.5527760982513428,0.15093553066253662,0.33169636130332947,0.05277609825134277,0.21204674243927002
6445,156,0,True,0.006000000052154064,9,4,12,0.5527760982513428,0.15093553066253662,0.33169636130332947,0.05277609825134277,0.21204674243927002
6446,156,0,True,0.006000000052154064,9,4,12,0.5527760982513428,0.15093553066253662,0.33169636130332947,0.05277609825134277,0.21204674243927002
6447,156,0,True,0.006000000052154064,9,4,12,0.5527760982513428,0.15093553066253662,0.33169636130332947,0.05277609825134277,0.21204674243927002
6449,156,0,True,0.006000000052154064,9,4,12,0.5527760982513428,0.15093553066253662,0.33169636130332947,0.05277609825134277,0.21204674243927002
6450,156,0,True,0.006000000052154064,9,4,12,0.5527760982513428,0.15093553066253662,0.33169636130332947,0.05277609825134277,0.21204674243927002
6451,156,0,True,0.006000000052154064,9,4,12,0.5527760982513428,0.15093553066253662,0.33169636130332947,0.05277609825134277,0.21204674243927002
6453,156,0,True,0.006000000052154064,9,4,12,0.5527760982513428,0.15093553066253662,0.33169636130332947,0.05277609825134277,0.21204674243927002
6454,156,0,True,0.006000000052154064,9,4,12,0.5527760982513428,0.15093553066253662,0.33169636130332947,0.05277609825134277,0.21204674243927002
6456,156,0,True,0.006000000052154064,9,4,12,0.5527760982513428,0.15093553066253662,0.33169636130332947,0.05277609825134277,0.21204674243927002
6457,156,0,True,0.006000000052154064,9,4,12,0.5527760982513428,0.15093553066253662,0.33169636130332947,0.05277609825134277,0.21204674243927002
6459,156,0,True,0.006000000052154064,9,4,12,0.5527760982513428,0.15093553066253662,0.33169636130332947,0.05277609825134277,0.21204674243927002
6460,156,0,True,0.006000000052154064,9,4,12,0.5527760982513428,0.15093553066253662,0.33169636130332947,0.05277609825134277,0.21204674243927002
6461,156,0,True,0.006000000052154064,9,4,12,0.5527760982513428,0.15093553066253662,0.33169636130332947,0.05277609825134277,0.21204674243927002
6463,156,0,True,0.006000000052154064,9,4,12,0.5527760982513428,0.15093553066253662,0.33169636130332947,0.05277609825134277,0.21204674243927002
6464,156,0,True,0.006000000052154064,9,4,12,0.5527760982513428,0.15093553066253662,0.33169636130332947,0.05277609825134277,0.21204674243927002
6465,156,0,True,0.006000000052154064,9,4,12,0.5527760982513428,0.15093553066253662,0.33169636130332947,0.05277609825134277,0.21204674243927002
6466,156,0,True,0.006000000052154064,9,4,12,0.5527760982513428,0.15093553066253662,0.33169636130332947,0.05277609825134277,0.21204674243927002
6467,156,0,True,0.006000000052154064,9,4,12,0.5527760982513428,0.15093553066253662,0.33169636130332947,0.05277609825134277,0.21204674243927002
6468,156,0,True,0.006000000052154064,9,4,12,0.5527760982513428,0.15093553066253662,0.33169636130332947,0.05277609825134277,0.21204674243927002
6469,156,0,True,0.006000000052154064,9,4,12,0.5527760982513428,0.15093553066253662,0.33169636130332947,0.05277609825134277,0.21204674243927002
6471,156,0,True,0.006000000052154064,9,4,12,0.5527760982513428,0.15093553066253662,0.33169636130332947,0.05277609825134277,0.21204674243927002
6475,156,0,True,0.006000000052154064,9,4,12,0.5527760982513428,0.15093553066253662,0.33169636130332947,0.05277609825134277,0.21204674243927002
6476,156,0,True,0.006000000052154064,9,4,12,0.5527760982513428,0.15093553066253662,0.33169636130332947,0.05277609825134277,0.21204674243927002
6477,156,0,True,0.006000000052154064,9,4,12,0.5527760982513428,0.15093553066253662,0.33169636130332947,0.05277609825134277,0.21204674243927002
6479,156,0,True,0.006000000052154064,9,4,12,0.5527760982513428,0.15093553066253662,0.33169636130332947,0.05277609825134277,0.21204674243927002
1365,174,0,True,0.006000000052154064,9,4,12,0.5527760982513428,0.1793174147605896,0.2899859845638275,0.05277609825134277,0.22174204885959625
1366,174,0,True,0.006000000052154064,9,4,12,0.5527760982513428,0.1793174147605896,0.2899859845638275,0.05277609825134277,0.22174204885959625
1367,174,0,True,0.006000000052154064,9,4,12,0.5527760982513428,0.1793174147605896,0.2899859845638275,0.05277609825134277,0.22174204885959625
1369,174,0,True,0.006000000052154064,9,4,12,0.5527760982513428,0.1793174147605896,0.2899859845638275,0.05277609825134277,0.22174204885959625
1370,174,0,True,0.006000000052154064,9,4,12,0.5527760982513428,0.1793174147605896,0.2899859845638275,0.05277609825134277,0.22174204885959625
1372,174,0,True,0.006000000052154064,9,4,12,0.5527760982513428,0.1793174147605896,0.2899859845638275,0.05277609825134277,0.22174204885959625
1373,174,0,True,0.006000000052154064,9,4,12,0.5527760982513428,0.1793174147605896,0.2899859845638275,0.05277609825134277,0.22174204885959625
1374,174,0,True,0.006000000052154064,9,4,12,0.5527760982513428,0.1793174147605896,0.2899859845638275,0.05277609825134277,0.22174204885959625
7161,174,0,True,0.006000000052154064,9,4,12,0.5527760982513428,0.1793174147605896,0.2899859845638275,0.05277609825134277,0.22174204885959625
7165,174,0,True,0.006000000052154064,9,4,12,0.5527760982513428,0.1793174147605896,0.2899859845638275,0.05277609825134277,0.22174204885959625
7166,174,0,True,0.006000000052154064,9,4,12,0.5527760982513428,0.1793174147605896,0.2899859845638275,0.05277609825134277,0.22174204885959625
7167,174,0,True,0.006000000052154064,9,4,12,0.5527760982513428,0.1793174147605896,0.2899859845638275,0.05277609825134277,0.22174204885959625
7168,174,0,True,0.006000000052154064,9,4,12,0.5527760982513428,0.1793174147605896,0.2899859845638275,0.05277609825134277,0.22174204885959625
7169,174,0,True,0.006000000052154064,9,4,12,0.5527760982513428,0.1793174147605896,0.2899859845638275,0.05277609825134277,0.22174204885959625
7170,174,0,True,0.006000000052154064,9,4,12,0.5527760982513428,0.1793174147605896,0.2899859845638275,0.05277609825134277,0.22174204885959625
7171,174,0,True,0.006000000052154064,9,4,12,0.5527760982513428,0.1793174147605896,0.2899859845638275,0.05277609825134277,0.22174204885959625
7172,174,0,True,0.006000000052154064,9,4,12,0.5527760982513428,0.1793174147605896,0.2899859845638275,0.05277609825134277,0.22174204885959625
7173,174,0,True,0.006000000052154064,9,4,12,0.5527760982513428,0.1793174147605896,0.2899859845638275,0.05277609825134277,0.22174204885959625
7174,174,0,True,0.006000000052154064,9,4,12,0.5527760982513428,0.1793174147605896,0.2899859845638275,0.05277609825134277,0.22174204885959625
7175,174,0,True,0.006000000052154064,9,4,12,0.5527760982513428,0.1793174147605896,0.2899859845638275,0.05277609825134277,0.22174204885959625
7177,174,0,True,0.006000000052154064,9,4,12,0.5527760982513428,0.1793174147605896,0.2899859845638275,0.05277609825134277,0.22174204885959625
7178,174,0,True,0.006000000052154064,9,4,12,0.5527760982513428,0.1793174147605896,0.2899859845638275,0.05277609825134277,0.22174204885959625
7180,174,0,True,0.006000000052154064,9,4,12,0.5527760982513428,0.1793174147605896,0.2899859845638275,0.05277609825134277,0.22174204885959625
7182,174,0,True,0.006000000052154064,9,4,12,0.5527760982513428,0.1793174147605896,0.2899859845638275,0.05277609825134277,0.22174204885959625
7183,174,0,True,0.006000000052154064,9,4,12,0.5527760982513428,0.1793174147605896,0.2899859845638275,0.05277609825134277,0.22174204885959625
7184,174,0,True,0.006000000052154064,9,4,12,0.5527760982513428,0.1793174147605896,0.2899859845638275,0.05277609825134277,0.22174204885959625
7185,174,0,True,0.006000000052154064,9,4,12,0.5527760982513428,0.1793174147605896,0.2899859845638275,0.05277609825134277,0.22174204885959625
7186,174,0,True,0.006000000052154064,9,4,12,0.5527760982513428,0.1793174147605896,0.2899859845638275,0.05277609825134277,0.22174204885959625
7187,174,0,True,0.006000000052154064,9,4,12,0.5527760982513428,0.1793174147605896,0.2899859845638275,0.05277609825134277,0.22174204885959625
7189,174,0,True,0.006000000052154064,9,4,12,0.5527760982513428,0.1793174147605896,0.2899859845638275,0.05277609825134277,0.22174204885959625
7193,174,0,True,0.006000000052154064,9,4,12,0.5527760982513428,0.1793174147605896,0.2899859845638275,0.05277609825134277,0.22174204885959625
7195,174,0,True,0.006000000052154064,9,4,12,0.5527760982513428,0.1793174147605896,0.2899859845638275,0.05277609825134277,0.22174204885959625
7197,174,0,True,0.006000000052154064,9,4,12,0.5527760982513428,0.1793174147605896,0.2899859845638275,0.05277609825134277,0.22174204885959625
7198,174,0,True,0.006000000052154064,9,4,12,0.5527760982513428,0.1793174147605896,0.2899859845638275,0.05277609825134277,0.22174204885959625
7199,174,0,True,0.006000000052154064,9,4,12,0.5527760982513428,0.1793174147605896,0.2899859845638275,0.05277609825134277,0.22174204885959625
176,66,0,True,0.00800000037997961,9,4,12,0.5527760982513428,0.051828451454639435,0.40535980463027954,0.05021029710769653,0.21529868245124817
177,66,0,True,0.00800000037997961,9,4,12,0.5527760982513428,0.051828451454639435,0.40535980463027954,0.05021029710769653,0.21529868245124817
180,66,0,True,0.00800000037997961,9,4,12,0.5527760982513428,0.051828451454639435,0.40535980463027954,0.05021029710769653,0.21529868245124817
181,66,0,True,0.00800000037997961,9,4,12,0.5527760982513428,0.051828451454639435,0.40535980463027954,0.05021029710769653,0.21529868245124817
184,66,0,True,0.00800000037997961,9,4,12,0.5527760982513428,0.051828451454639435,0.40535980463027954,0.05021029710769653,0.21529868245124817
185,66,0,True,0.00800000037997961,9,4,12,0.5527760982513428,0.051828451454639435,0.40535980463027954,0.05021029710769653,0.21529868245124817
2841,66,0,True,0.00800000037997961,9,4,12,0.5527760982513428,0.051828451454639435,0.40535980463027954,0.05021029710769653,0.21529868245124817
2842,66,0,True,0.00800000037997961,9,4,12,0.5527760982513428,0.051828451454639435,0.40535980463027954,0.05021029710769653,0.21529868245124817
2843,66,0,True,0.00800000037997961,9,4,12,0.5527760982513428,0.051828451454639435,0.40535980463027954,0.05021029710769653,0.21529868245124817
2844,66,0,True,0.00800000037997961,9,4,12,0.5527760982513428,0.051828451454639435,0.40535980463027954,0.05021029710769653,0.21529868245124817
2846,66,0,True,0.00800000037997961,9,4,12,0.5527760982513428,0.051828451454639435,0.40535980463027954,0.05021029710769653,0.21529868245124817
2847,66,0,True,0.00800000037997961,9,4,12,0.5527760982513428,0.051828451454639435,0.40535980463027954,0.05021029710769653,0.21529868245124817
2848,66,0,True,0.00800000037997961,9,4,12,0.5527760982513428,0.051828451454639435,0.40535980463027954,0.05021029710769653,0.21529868245124817
2849,66,0,True,0.00800000037997961,9,4,12,0.5527760982513428,0.051828451454639435,0.40535980463027954,0.05021029710769653,0.21529868245124817
2850,66,0,True,0.00800000037997961,9,4,12,0.5527760982513428,0.051828451454639435,0.40535980463027954,0.05021029710769653,0.21529868245124817
2851,66,0,True,0.00800000037997961,9,4,12,0.5527760982513428,0.051828451454639435,0.40535980463027954,0.05021029710769653,0.21529868245124817
2852,66,0,True,0.00800000037997961,9,4,12,0.5527760982513428,0.051828451454639435,0.40535980463027954,0.05021029710769653,0.21529868245124817
2853,66,0,True,0.00800000037997961,9,4,12,0.5527760982513428,0.051828451454639435,0.40535980463027954,0.05021029710769653,0.21529868245124817
2854,66,0,True,0.00800000037997961,9,4,12,0.5527760982513428,0.051828451454639435,0.40535980463027954,0.05021029710769653,0.21529868245124817
2855,66,0,True,0.00800000037997961,9,4,12,0.5527760982513428,0.051828451454639435,0.40535980463027954,0.05021029710769653,0.21529868245124817
2856,66,0,True,0.00800000037997961,9,4,12,0.5527760982513428,0.051828451454639435,0.40535980463027954,0.05021029710769653,0.21529868245124817
2857,66,0,True,0.00800000037997961,9,4,12,0.5527760982513428,0.051828451454639435,0.40535980463027954,0.05021029710769653,0.21529868245124817
2858,66,0,True,0.00800000037997961,9,4,12,0.5527760982513428,0.051828451454639435,0.40535980463027954,0.05021029710769653,0.21529868245124817
2859,66,0,True,0.00800000037997961,9,4,12,0.5527760982513428,0.051828451454639435,0.40535980463027954,0.05021029710769653,0.21529868245124817
2861,66,0,True,0.00800000037997961,9,4,12,0.5527760982513428,0.051828451454639435,0.40535980463027954,0.05021029710769653,0.21529868245124817
2862,66,0,True,0.00800000037997961,9,4,12,0.5527760982513428,0.051828451454639435,0.40535980463027954,0.05021029710769653,0.21529868245124817
2864,66,0,True,0.00800000037997961,9,4,12,0.5527760982513428,0.051828451454639435,0.40535980463027954,0.05021029710769653,0.21529868245124817
2867,66,0,True,0.00800000037997961,9,4,12,0.5527760982513428,0.051828451454639435,0.40535980463027954,0.05021029710769653,0.21529868245124817
2868,66,0,True,0.00800000037997961,9,4,12,0.5527760982513428,0.051828451454639435,0.40535980463027954,0.05021029710769653,0.21529868245124817
2869,66,0,True,0.00800000037997961,9,4,12,0.5527760982513428,0.051828451454639435,0.40535980463027954,0.05021029710769653,0.21529868245124817
2871,66,0,True,0.00800000037997961,9,4,12,0.5527760982513428,0.051828451454639435,0.40535980463027954,0.05021029710769653,0.21529868245124817
2872,66,0,True,0.00800000037997961,9,4,12,0.5527760982513428,0.051828451454639435,0.40535980463027954,0.05021029710769653,0.21529868245124817
2874,66,0,True,0.00800000037997961,9,4,12,0.5527760982513428,0.051828451454639435,0.40535980463027954,0.05021029710769653,0.21529868245124817
2877,66,0,True,0.00800000037997961,9,4,12,0.5527760982513428,0.051828451454639435,0.40535980463027954,0.05021029710769653,0.21529868245124817
1828,216,0,True,0.009999999776482582,9,4,12,0.5527760982513428,0.2685260474681854,0.5337064266204834,0.05277609825134277,0.12732841074466705
1830,216,0,True,0.009999999776482582,9,4,12,0.5527760982513428,0.2685260474681854,0.5337064266204834,0.05277609825134277,0.12732841074466705
1831,216,0,True,0.009999999776482582,9,4,12,0.5527760982513428,0.2685260474681854,0.5337064266204834,0.05277609825134277,0.12732841074466705
1832,216,0,True,0.009999999776482582,9,4,12,0.5527760982513428,0.2685260474681854,0.5337064266204834,0.05277609825134277,0.12732841074466705
1833,216,0,True,0.009999999776482582,9,4,12,0.5527760982513428,0.2685260474681854,0.5337064266204834,0.05277609825134277,0.12732841074466705
1834,216,0,True,0.009999999776482582,9,4,12,0.5527760982513428,0.2685260474681854,0.5337064266204834,0.05277609825134277,0.12732841074466705
1835,216,0,True,0.009999999776482582,9,4,12,0.5527760982513428,0.2685260474681854,0.5337064266204834,0.05277609825134277,0.12732841074466705
8840,216,0,True,0.009999999776482582,9,4,12,0.5527760982513428,0.2685260474681854,0.5337064266204834,0.05277609825134277,0.12732841074466705
8841,216,0,True,0.009999999776482582,9,4,12,0.5527760982513428,0.2685260474681854,0.5337064266204834,0.05277609825134277,0.12732841074466705
8842,216,0,True,0.009999999776482582,9,4,12,0.5527760982513428,0.2685260474681854,0.5337064266204834,0.05277609825134277,0.12732841074466705
8843,216,0,True,0.009999999776482582,9,4,12,0.5527760982513428,0.2685260474681854,0.5337064266204834,0.05277609825134277,0.12732841074466705
8844,216,0,True,0.009999999776482582,9,4,12,0.5527760982513428,0.2685260474681854,0.5337064266204834,0.05277609825134277,0.12732841074466705
8845,216,0,True,0.009999999776482582,9,4,12,0.5527760982513428,0.2685260474681854,0.5337064266204834,0.05277609825134277,0.12732841074466705
8847,216,0,True,0.009999999776482582,9,4,12,0.5527760982513428,0.2685260474681854,0.5337064266204834,0.05277609825134277,0.12732841074466705
8848,216,0,True,0.009999999776482582,9,4,12,0.5527760982513428,0.2685260474681854,0.5337064266204834,0.05277609825134277,0.12732841074466705
8850,216,0,True,0.009999999776482582,9,4,12,0.5527760982513428,0.2685260474681854,0.5337064266204834,0.05277609825134277,0.12732841074466705
8851,216,0,True,0.009999999776482582,9,4,12,0.5527760982513428,0.2685260474681854,0.5337064266204834,0.05277609825134277,0.12732841074466705
8852,216,0,True,0.009999999776482582,9,4,12,0.5527760982513428,0.2685260474681854,0.5337064266204834,0.05277609825134277,0.12732841074466705
8853,216,0,True,0.009999999776482582,9,4,12,0.5527760982513428,0.2685260474681854,0.5337064266204834,0.05277609825134277,0.12732841074466705
8855,216,0,True,0.009999999776482582,9,4,12,0.5527760982513428,0.2685260474681854,0.5337064266204834,0.05277609825134277,0.12732841074466705
8856,216,0,True,0.009999999776482582,9,4,12,0.5527760982513428,0.2685260474681854,0.5337064266204834,0.05277609825134277,0.12732841074466705
8857,216,0,True,0.009999999776482582,9,4,12,0.5527760982513428,0.2685260474681854,0.5337064266204834,0.05277609825134277,0.12732841074466705
8859,216,0,True,0.009999999776482582,9,4,12,0.5527760982513428,0.2685260474681854,0.5337064266204834,0.05277609825134277,0.12732841074466705
8860,216,0,True,0.009999999776482582,9,4,12,0.5527760982513428,0.2685260474681854,0.5337064266204834,0.05277609825134277,0.12732841074466705
8861,216,0,True,0.009999999776482582,9,4,12,0.5527760982513428,0.2685260474681854,0.5337064266204834,0.05277609825134277,0.12732841074466705
8863,216,0,True,0.009999999776482582,9,4,12,0.5527760982513428,0.2685260474681854,0.5337064266204834,0.05277609825134277,0.12732841074466705
8865,216,0,True,0.009999999776482582,9,4,12,0.5527760982513428,0.2685260474681854,0.5337064266204834,0.05277609825134277,0.12732841074466705
8866,216,0,True,0.009999999776482582,9,4,12,0.5527760982513428,0.2685260474681854,0.5337064266204834,0.05277609825134277,0.12732841074466705
8867,216,0,True,0.009999999776482582,9,4,12,0.5527760982513428,0.2685260474681854,0.5337064266204834,0.05277609825134277,0.12732841074466705
8868,216,0,True,0.009999999776482582,9,4,12,0.5527760982513428,0.2685260474681854,0.5337064266204834,0.05277609825134277,0.12732841074466705
8869,216,0,True,0.009999999776482582,9,4,12,0.5527760982513428,0.2685260474681854,0.5337064266204834,0.05277609825134277,0.12732841074466705
8871,216,0,True,0.009999999776482582,9,4,12,0.5527760982513428,0.2685260474681854,0.5337064266204834,0.05277609825134277,0.12732841074466705
8872,216,0,True,0.009999999776482582,9,4,12,0.5527760982513428,0.2685260474681854,0.5337064266204834,0.05277609825134277,0.12732841074466705
8873,216,0,True,0.009999999776482582,9,4,12,0.5527760982513428,0.2685260474681854,0.5337064266204834,0.05277609825134277,0.12732841074466705
8874,216,0,True,0.009999999776482582,9,4,12,0.5527760982513428,0.2685260474681854,0.5337064266204834,0.05277609825134277,0.12732841074466705
8876,216,0,True,0.009999999776482582,9,4,12,0.5527760982513428,0.2685260474681854,0.5337064266204834,0.05277609825134277,0.12732841074466705
8877,216,0,True,0.009999999776482582,9,4,12,0.5527760982513428,0.2685260474681854,0.5337064266204834,0.05277609825134277,0.12732841074466705
8879,216,0,True,0.009999999776482582,9,4,12,0.5527760982513428,0.2685260474681854,0.5337064266204834,0.05277609825134277,0.12732841074466705
682,112,0,True,0.012000000104308128,9,4,12,0.5527760982513428,0.027629047632217407,0.4556664228439331,0.01481395959854126,0.26002416014671326
683,112,0,True,0.012000000104308128,9,4,12,0.5527760982513428,0.027629047632217407,0.4556664228439331,0.01481395959854126,0.26002416014671326
684,112,0,True,0.012000000104308128,9,4,12,0.5527760982513428,0.027629047632217407,0.4556664228439331,0.01481395959854126,0.26002416014671326
685,112,0,True,0.012000000104308128,9,4,12,0.5527760982513428,0.027629047632217407,0.4556664228439331,0.01481395959854126,0.26002416014671326
686,112,0,True,0.012000000104308128,9,4,12,0.5527760982513428,0.027629047632217407,0.4556664228439331,0.01481395959854126,0.26002416014671326
687,112,0,True,0.012000000104308128,9,4,12,0.5527760982513428,0.027629047632217407,0.4556664228439331,0.01481395959854126,0.26002416014671326
688,112,0,True,0.012000000104308128,9,4,12,0.5527760982513428,0.027629047632217407,0.4556664228439331,0.01481395959854126,0.26002416014671326
690,112,0,True,0.012000000104308128,9,4,12,0.5527760982513428,0.027629047632217407,0.4556664228439331,0.01481395959854126,0.26002416014671326
4681,112,0,True,0.012000000104308128,9,4,12,0.5527760982513428,0.027629047632217407,0.4556664228439331,0.01481395959854126,0.26002416014671326
4682,112,0,True,0.012000000104308128,9,4,12,0.5527760982513428,0.027629047632217407,0.4556664228439331,0.01481395959854126,0.26002416014671326
4683,112,0,True,0.012000000104308128,9,4,12,0.5527760982513428,0.027629047632217407,0.4556664228439331,0.01481395959854126,0.26002416014671326
4684,112,0,True,0.012000000104308128,9,4,12,0.5527760982513428,0.027629047632217407,0.4556664228439331,0.01481395959854126,0.26002416014671326
4685,112,0,True,0.012000000104308128,9,4,12,0.5527760982513428,0.027629047632217407,0.4556664228439331,0.01481395959854126,0.26002416014671326
4686,112,0,True,0.012000000104308128,9,4,12,0.5527760982513428,0.027629047632217407,0.4556664228439331,0.01481395959854126,0.26002416014671326
4687,112,0,True,0.012000000104308128,9,4,12,0.5527760982513428,0.027629047632217407,0.4556664228439331,0.01481395959854126,0.26002416014671326
4688,112,0,True,0.012000000104308128,9,4,12,0.5527760982513428,0.027629047632217407,0.4556664228439331,0.01481395959854126,0.26002416014671326
4690,112,0,True,0.012000000104308128,9,4,12,0.5527760982513428,0.027629047632217407,0.4556664228439331,0.01481395959854126,0.26002416014671326
4693,112,0,True,0.012000000104308128,9,4,12,0.5527760982513428,0.027629047632217407,0.4556664228439331,0.01481395959854126,0.26002416014671326
4694,112,0,True,0.012000000104308128,9,4,12,0.5527760982513428,0.027629047632217407,0.4556664228439331,0.01481395959854126,0.26002416014671326
4695,112,0,True,0.012000000104308128,9,4,12,0.5527760982513428,0.027629047632217407,0.4556664228439331,0.01481395959854126,0.26002416014671326
4696,112,0,True,0.012000000104308128,9,4,12,0.5527760982513428,0.027629047632217407,0.4556664228439331,0.01481395959854126,0.26002416014671326
4697,112,0,True,0.012000000104308128,9,4,12,0.5527760982513428,0.027629047632217407,0.4556664228439331,0.01481395959854126,0.26002416014671326
4698,112,0,True,0.012000000104308128,9,4,12,0.5527760982513428,0.027629047632217407,0.4556664228439331,0.01481395959854126,0.26002416014671326
4699,112,0,True,0.012000000104308128,9,4,12,0.5527760982513428,0.027629047632217407,0.4556664228439331,0.01481395959854126,0.26002416014671326
4700,112,0,True,0.012000000104308128,9,4,12,0.5527760982513428,0.027629047632217407,0.4556664228439331,0.01481395959854126,0.26002416014671326
4701,112,0,True,0.012000000104308128,9,4,12,0.5527760982513428,0.027629047632217407,0.4556664228439331,0.01481395959854126,0.26002416014671326
4703,112,0,True,0.012000000104308128,9,4,12,0.5527760982513428,0.027629047632217407,0.4556664228439331,0.01481395959854126,0.26002416014671326
4705,112,0,True,0.012000000104308128,9,4,12,0.5527760982513428,0.027629047632217407,0.4556664228439331,0.01481395959854126,0.26002416014671326
4706,112,0,True,0.012000000104308128,9,4,12,0.5527760982513428,0.027629047632217407,0.4556664228439331,0.01481395959854126,0.26002416014671326
4707,112,0,True,0.012000000104308128,9,4,12,0.5527760982513428,0.027629047632217407,0.4556664228439331,0.01481395959854126,0.26002416014671326
4709,112,0,True,0.012000000104308128,9,4,12,0.5527760982513428,0.027629047632217407,0.4556664228439331,0.01481395959854126,0.26002416014671326
4710,112,0,True,0.012000000104308128,9,4,12,0.5527760982513428,0.027629047632217407,0.4556664228439331,0.01481395959854126,0.26002416014671326
4712,112,0,True,0.012000000104308128,9,4,12,0.5527760982513428,0.027629047632217407,0.4556664228439331,0.01481395959854126,0.26002416014671326
4713,112,0,True,0.012000000104308128,9,4,12,0.5527760982513428,0.027629047632217407,0.4556664228439331,0.01481395959854126,0.26002416014671326
4715,112,0,True,0.012000000104308128,9,4,12,0.5527760982513428,0.027629047632217407,0.4556664228439331,0.01481395959854126,0.26002416014671326
4716,112,0,True,0.012000000104308128,9,4,12,0.5527760982513428,0.027629047632217407,0.4556664228439331,0.01481395959854126,0.26002416014671326
4717,112,0,True,0.012000000104308128,9,4,12,0.5527760982513428,0.027629047632217407,0.4556664228439331,0.01481395959854126,0.26002416014671326
4718,112,0,True,0.012000000104308128,9,4,12,0.5527760982513428,0.027629047632217407,0.4556664228439331,0.01481395959854126,0.26002416014671326
4719,112,0,True,0.012000000104308128,9,4,12,0.5527760982513428,0.027629047632217407,0.4556664228439331,0.01481395959854126,0.26002416014671326
1199,159,0,True,0.012000000104308128,9,4,12,0.9528517723083496,0.30017155408859253,0.5934973955154419,0.19982844591140747,0.31254279613494873
1200,159,0,True,0.012000000104308128,9,4,12,0.9528517723083496,0.30017155408859253,0.5934973955154419,0.19982844591140747,0.31254279613494873
1201,159,0,True,0.012000000104308128,9,4,12,0.9528517723083496,0.30017155408859253,0.5934973955154419,0.19982844591140747,0.31254279613494873
1202,159,0,True,0.012000000104308128,9,4,12,0.9528517723083496,0.30017155408859253,0.5934973955154419,0.19982844591140747,0.31254279613494873
1205,159,0,True,0.012000000104308128,9,4,12,0.9528517723083496,0.30017155408859253,0.5934973955154419,0.19982844591140747,0.31254279613494873
1207,159,0,True,0.012000000104308128,9,4,12,0.9528517723083496,0.30017155408859253,0.5934973955154419,0.19982844591140747,0.31254279613494873
6560,159,0,True,0.012000000104308128,9,4,12,0.9528517723083496,0.30017155408859253,0.5934973955154419,0.19982844591140747,0.31254279613494873
6561,159,0,True,0.012000000104308128,9,4,12,0.9528517723083496,0.30017155408859253,0.5934973955154419,0.19982844591140747,0.31254279613494873
6562,159,0,True,0.012000000104308128,9,4,12,0.9528517723083496,0.30017155408859253,0.5934973955154419,0.19982844591140747,0.31254279613494873
6564,159,0,True,0.012000000104308128,9,4,12,0.9528517723083496,0.30017155408859253,0.5934973955154419,0.19982844591140747,0.31254279613494873
6566,159,0,True,0.012000000104308128,9,4,12,0.9528517723083496,0.30017155408859253,0.5934973955154419,0.19982844591140747,0.31254279613494873
6567,159,0,True,0.012000000104308128,9,4,12,0.9528517723083496,0.30017155408859253,0.5934973955154419,0.19982844591140747,0.31254279613494873
6568,159,0,True,0.012000000104308128,9,4,12,0.9528517723083496,0.30017155408859253,0.5934973955154419,0.19982844591140747,0.31254279613494873
6569,159,0,True,0.012000000104308128,9,4,12,0.9528517723083496,0.30017155408859253,0.5934973955154419,0.19982844591140747,0.31254279613494873
6570,159,0,True,0.012000000104308128,9,4,12,0.9528517723083496,0.30017155408859253,0.5934973955154419,0.19982844591140747,0.31254279613494873
6572,159,0,True,0.012000000104308128,9,4,12,0.9528517723083496,0.30017155408859253,0.5934973955154419,0.19982844591140747,0.31254279613494873
6573,159,0,True,0.012000000104308128,9,4,12,0.9528517723083496,0.30017155408859253,0.5934973955154419,0.19982844591140747,0.31254279613494873
6574,159,0,True,0.012000000104308128,9,4,12,0.9528517723083496,0.30017155408859253,0.5934973955154419,0.19982844591140747,0.31254279613494873
6575,159,0,True,0.012000000104308128,9,4,12,0.9528517723083496,0.30017155408859253,0.5934973955154419,0.19982844591140747,0.31254279613494873
6576,159,0,True,0.012000000104308128,9,4,12,0.9528517723083496,0.30017155408859253,0.5934973955154419,0.19982844591140747,0.31254279613494873
6578,159,0,True,0.012000000104308128,9,4,12,0.9528517723083496,0.30017155408859253,0.5934973955154419,0.19982844591140747,0.31254279613494873
6579,159,0,True,0.012000000104308128,9,4,12,0.9528517723083496,0.30017155408859253,0.5934973955154419,0.19982844591140747,0.31254279613494873
6580,159,0,True,0.012000000104308128,9,4,12,0.9528517723083496,0.30017155408859253,0.5934973955154419,0.19982844591140747,0.31254279613494873
6582,159,0,True,0.012000000104308128,9,4,12,0.9528517723083496,0.30017155408859253,0.5934973955154419,0.19982844591140747,0.31254279613494873
6585,159,0,True,0.012000000104308128,9,4,12,0.9528517723083496,0.30017155408859253,0.5934973955154419,0.19982844591140747,0.31254279613494873
6586,159,0,True,0.012000000104308128,9,4,12,0.9528517723083496,0.30017155408859253,0.5934973955154419,0.19982844591140747,0.31254279613494873
6587,159,0,True,0.012000000104308128,9,4,12,0.9528517723083496,0.30017155408859253,0.5934973955154419,0.19982844591140747,0.31254279613494873
6588,159,0,True,0.012000000104308128,9,4,12,0.9528517723083496,0.30017155408859253,0.5934973955154419,0.19982844591140747,0.31254279613494873
6592,159,0,True,0.012000000104308128,9,4,12,0.9528517723083496,0.30017155408859253,0.5934973955154419,0.19982844591140747,0.31254279613494873
6594,159,0,True,0.012000000104308128,9,4,12,0.9528517723083496,0.30017155408859253,0.5934973955154419,0.19982844591140747,0.31254279613494873
6596,159,0,True,0.012000000104308128,9,4,12,0.9528517723083496,0.30017155408859253,0.5934973955154419,0.19982844591140747,0.31254279613494873
6597,159,0,True,0.012000000104308128,9,4,12,0.9528517723083496,0.30017155408859253,0.5934973955154419,0.19982844591140747,0.31254279613494873
6599,159,0,True,0.012000000104308128,9,4,12,0.9528517723083496,0.30017155408859253,0.5934973955154419,0.19982844591140747,0.31254279613494873
1716,206,0,True,0.012000000104308128,9,4,12,0.5527760982513428,0.1634550392627716,0.3376592695713043,0.05277609825134277,0.2674281895160675
1719,206,0,True,0.012000000104308128,9,4,12,0.5527760982513428,0.1634550392627716,0.3376592695713043,0.05277609825134277,0.2674281895160675
1720,206,0,True,0.012000000104308128,9,4,12,0.5527760982513428,0.1634550392627716,0.3376592695713043,0.05277609825134277,0.2674281895160675
1721,206,0,True,0.012000000104308128,9,4,12,0.5527760982513428,0.1634550392627716,0.3376592695713043,0.05277609825134277,0.2674281895160675
1722,206,0,True,0.012000000104308128,9,4,12,0.5527760982513428,0.1634550392627716,0.3376592695713043,0.05277609825134277,0.2674281895160675
1723,206,0,True,0.012000000104308128,9,4,12,0.5527760982513428,0.1634550392627716,0.3376592695713043,0.05277609825134277,0.2674281895160675
1724,206,0,True,0.012000000104308128,9,4,12,0.5527760982513428,0.1634550392627716,0.3376592695713043,0.05277609825134277,0.2674281895160675
1725,206,0,True,0.012000000104308128,9,4,12,0.5527760982513428,0.1634550392627716,0.3376592695713043,0.05277609825134277,0.2674281895160675
1726,206,0,True,0.012000000104308128,9,4,12,0.5527760982513428,0.1634550392627716,0.3376592695713043,0.05277609825134277,0.2674281895160675
8440,206,0,True,0.012000000104308128,9,4,12,0.5527760982513428,0.1634550392627716,0.3376592695713043,0.05277609825134277,0.2674281895160675
8442,206,0,True,0.012000000104308128,9,4,12,0.5527760982513428,0.1634550392627716,0.3376592695713043,0.05277609825134277,0.2674281895160675
8443,206,0,True,0.012000000104308128,9,4,12,0.5527760982513428,0.1634550392627716,0.3376592695713043,0.05277609825134277,0.2674281895160675
8445,206,0,True,0.012000000104308128,9,4,12,0.5527760982513428,0.1634550392627716,0.3376592695713043,0.05277609825134277,0.2674281895160675
8446,206,0,True,0.012000000104308128,9,4,12,0.5527760982513428,0.1634550392627716,0.3376592695713043,0.05277609825134277,0.2674281895160675
8447,206,0,True,0.012000000104308128,9,4,12,0.5527760982513428,0.1634550392627716,0.3376592695713043,0.05277609825134277,0.2674281895160675
8448,206,0,True,0.012000000104308128,9,4,12,0.5527760982513428,0.1634550392627716,0.3376592695713043,0.05277609825134277,0.2674281895160675
8451,206,0,True,0.012000000104308128,9,4,12,0.5527760982513428,0.1634550392627716,0.3376592695713043,0.05277609825134277,0.2674281895160675
8452,206,0,True,0.012000000104308128,9,4,12,0.5527760982513428,0.1634550392627716,0.3376592695713043,0.05277609825134277,0.2674281895160675
8453,206,0,True,0.012000000104308128,9,4,12,0.5527760982513428,0.1634550392627716,0.3376592695713043,0.05277609825134277,0.2674281895160675
8459,206,0,True,0.012000000104308128,9,4,12,0.5527760982513428,0.1634550392627716,0.3376592695713043,0.05277609825134277,0.2674281895160675
8462,206,0,True,0.012000000104308128,9,4,12,0.5527760982513428,0.1634550392627716,0.3376592695713043,0.05277609825134277,0.2674281895160675
8463,206,0,True,0.012000000104308128,9,4,12,0.5527760982513428,0.1634550392627716,0.3376592695713043,0.05277609825134277,0.2674281895160675
8466,206,0,True,0.012000000104308128,9,4,12,0.5527760982513428,0.1634550392627716,0.3376592695713043,0.05277609825134277,0.2674281895160675
8467,206,0,True,0.012000000104308128,9,4,12,0.5527760982513428,0.1634550392627716,0.3376592695713043,0.05277609825134277,0.2674281895160675
8468,206,0,True,0.012000000104308128,9,4,12,0.5527760982513428,0.1634550392627716,0.3376592695713043,0.05277609825134277,0.2674281895160675
8470,206,0,True,0.012000000104308128,9,4,12,0.5527760982513428,0.1634550392627716,0.3376592695713043,0.05277609825134277,0.2674281895160675
8472,206,0,True,0.012000000104308128,9,4,12,0.5527760982513428,0.1634550392627716,0.3376592695713043,0.05277609825134277,0.2674281895160675
8474,206,0,True,0.012000000104308128,9,4,12,0.5527760982513428,0.1634550392627716,0.3376592695713043,0.05277609825134277,0.2674281895160675
8475,206,0,True,0.012000000104308128,9,4,12,0.5527760982513428,0.1634550392627716,0.3376592695713043,0.05277609825134277,0.2674281895160675
8476,206,0,True,0.012000000104308128,9,4,12,0.5527760982513428,0.1634550392627716,0.3376592695713043,0.05277609825134277,0.2674281895160675
8477,206,0,True,0.012000000104308128,9,4,12,0.5527760982513428,0.1634550392627716,0.3376592695713043,0.05277609825134277,0.2674281895160675
8479,206,0,True,0.012000000104308128,9,4,12,0.5527760982513428,0.1634550392627716,0.3376592695713043,0.05277609825134277,0.2674281895160675
2005,232,0,True,0.012000000104308128,9,4,12,0.5602678060531616,0.3652419149875641,0.44256317615509033,0.03708040714263916,0.2130134552717209
2007,232,0,True,0.012000000104308128,9,4,12,0.5602678060531616,0.3652419149875641,0.44256317615509033,0.03708040714263916,0.2130134552717209
2008,232,0,True,0.012000000104308128,9,4,12,0.5602678060531616,0.3652419149875641,0.44256317615509033,0.03708040714263916,0.2130134552717209
2009,232,0,True,0.012000000104308128,9,4,12,0.5602678060531616,0.3652419149875641,0.44256317615509033,0.03708040714263916,0.2130134552717209
2010,232,0,True,0.012000000104308128,9,4,12,0.5602678060531616,0.3652419149875641,0.44256317615509033,0.03708040714263916,0.2130134552717209
2012,232,0,True,0.012000000104308128,9,4,12,0.5602678060531616,0.3652419149875641,0.44256317615509033,0.03708040714263916,0.2130134552717209
9480,232,0,True,0.012000000104308128,9,4,12,0.5602678060531616,0.3652419149875641,0.44256317615509033,0.03708040714263916,0.2130134552717209
9482,232,0,True,0.012000000104308128,9,4,12,0.5602678060531616,0.3652419149875641,0.44256317615509033,0.03708040714263916,0.2130134552717209
9484,232,0,True,0.012000000104308128,9,4,12,0.5602678060531616,0.3652419149875641,0.44256317615509033,0.03708040714263916,0.2130134552717209
9485,232,0,True,0.012000000104308128,9,4,12,0.5602678060531616,0.3652419149875641,0.44256317615509033,0.03708040714263916,0.2130134552717209
9486,232,0,True,0.012000000104308128,9,4,12,0.5602678060531616,0.3652419149875641,0.44256317615509033,0.03708040714263916,0.2130134552717209
9487,232,0,True,0.012000000104308128,9,4,12,0.5602678060531616,0.3652419149875641,0.44256317615509033,0.03708040714263916,0.2130134552717209
9490,232,0,True,0.012000000104308128,9,4,12,0.5602678060531616,0.3652419149875641,0.44256317615509033,0.03708040714263916,0.2130134552717209
9491,232,0,True,0.012000000104308128,9,4,12,0.5602678060531616,0.3652419149875641,0.44256317615509033,0.03708040714263916,0.2130134552717209
9492,232,0,True,0.012000000104308128,9,4,12,0.5602678060531616,0.3652419149875641,0.44256317615509033,0.03708040714263916,0.2130134552717209
9493,232,0,True,0.012000000104308128,9,4,12,0.5602678060531616,0.3652419149875641,0.44256317615509033,0.03708040714263916,0.2130134552717209
9495,232,0,True,0.012000000104308128,9,4,12,0.5602678060531616,0.3652419149875641,0.44256317615509033,0.03708040714263916,0.2130134552717209
9497,232,0,True,0.012000000104308128,9,4,12,0.5602678060531616,0.3652419149875641,0.44256317615509033,0.03708040714263916,0.2130134552717209
9502,232,0,True,0.012000000104308128,9,4,12,0.5602678060531616,0.3652419149875641,0.44256317615509033,0.03708040714263916,0.2130134552717209
9505,232,0,True,0.012000000104308128,9,4,12,0.5602678060531616,0.3652419149875641,0.44256317615509033,0.03708040714263916,0.2130134552717209
9506,232,0,True,0.012000000104308128,9,4,12,0.5602678060531616,0.3652419149875641,0.44256317615509033,0.03708040714263916,0.2130134552717209
9507,232,0,True,0.012000000104308128,9,4,12,0.5602678060531616,0.3652419149875641,0.44256317615509033,0.03708040714263916,0.2130134552717209
9510,232,0,True,0.012000000104308128,9,4,12,0.5602678060531616,0.3652419149875641,0.44256317615509033,0.03708040714263916,0.2130134552717209
9511,232,0,True,0.012000000104308128,9,4,12,0.5602678060531616,0.3652419149875641,0.44256317615509033,0.03708040714263916,0.2130134552717209
9512,232,0,True,0.012000000104308128,9,4,12,0.5602678060531616,0.3652419149875641,0.44256317615509033,0.03708040714263916,0.2130134552717209
9517,232,0,True,0.012000000104308128,9,4,12,0.5602678060531616,0.3652419149875641,0.44256317615509033,0.03708040714263916,0.2130134552717209
9518,232,0,True,0.012000000104308128,9,4,12,0.5602678060531616,0.3652419149875641,0.44256317615509033,0.03708040714263916,0.2130134552717209
132,62,0,True,0.014000000432133675,9,4,12,0.07457860559225082,0.3792240619659424,0.3352160155773163,0.010024189949035645,0.19076603651046753
133,62,0,True,0.014000000432133675,9,4,12,0.07457860559225082,0.3792240619659424,0.3352160155773163,0.010024189949035645,0.19076603651046753
134,62,0,True,0.014000000432133675,9,4,12,0.07457860559225082,0.3792240619659424,0.3352160155773163,0.010024189949035645,0.19076603651046753
135,62,0,True,0.014000000432133675,9,4,12,0.07457860559225082,0.3792240619659424,0.3352160155773163,0.010024189949035645,0.19076603651046753
137,62,0,True,0.014000000432133675,9,4,12,0.07457860559225082,0.3792240619659424,0.3352160155773163,0.010024189949035645,0.19076603651046753
138,62,0,True,0.014000000432133675,9,4,12,0.07457860559225082,0.3792240619659424,0.3352160155773163,0.010024189949035645,0.19076603651046753
139,62,0,True,0.014000000432133675,9,4,12,0.07457860559225082,0.3792240619659424,0.3352160155773163,0.010024189949035645,0.19076603651046753
140,62,0,True,0.014000000432133675,9,4,12,0.07457860559225082,0.3792240619659424,0.3352160155773163,0.010024189949035645,0.19076603651046753
141,62,0,True,0.014000000432133675,9,4,12,0.07457860559225082,0.3792240619659424,0.3352160155773163,0.010024189949035645,0.19076603651046753
142,62,0,True,0.014000000432133675,9,4,12,0.07457860559225082,0.3792240619659424,0.3352160155773163,0.010024189949035645,0.19076603651046753
2680,62,0,True,0.014000000432133675,9,4,12,0.07457860559225082,0.3792240619659424,0.3352160155773163,0.010024189949035645,0.19076603651046753
2681,62,0,True,0.014000000432133675,9,4,12,0.07457860559225082,0.3792240619659424,0.3352160155773163,0.010024189949035645,0.19076603651046753
2682,62,0,True,0.014000000432133675,9,4,12,0.07457860559225082,0.3792240619659424,0.3352160155773163,0.010024189949035645,0.19076603651046753
2684,62,0,True,0.014000000432133675,9,4,12,0.07457860559225082,0.3792240619659424,0.3352160155773163,0.010024189949035645,0.19076603651046753
2685,62,0,True,0.014000000432133675,9,4,12,0.07457860559225082,0.3792240619659424,0.3352160155773163,0.010024189949035645,0.19076603651046753
2690,62,0,True,0.014000000432133675,9,4,12,0.07457860559225082,0.3792240619659424,0.3352160155773163,0.010024189949035645,0.19076603651046753
2691,62,0,True,0.014000000432133675,9,4,12,0.07457860559225082,0.3792240619659424,0.3352160155773163,0.010024189949035645,0.19076603651046753
2692,62,0,True,0.014000000432133675,9,4,12,0.07457860559225082,0.3792240619659424,0.3352160155773163,0.010024189949035645,0.19076603651046753
2693,62,0,True,0.014000000432133675,9,4,12,0.07457860559225082,0.3792240619659424,0.3352160155773163,0.010024189949035645,0.19076603651046753
2694,62,0,True,0.014000000432133675,9,4,12,0.07457860559225082,0.3792240619659424,0.3352160155773163,0.010024189949035645,0.19076603651046753
2695,62,0,True,0.014000000432133675,9,4,12,0.07457860559225082,0.3792240619659424,0.3352160155773163,0.010024189949035645,0.19076603651046753
2696,62,0,True,0.014000000432133675,9,4,12,0.07457860559225082,0.3792240619659424,0.3352160155773163,0.010024189949035645,0.19076603651046753
2697,62,0,True,0.014000000432133675,9,4,12,0.07457860559225082,0.3792240619659424,0.3352160155773163,0.010024189949035645,0.19076603651046753
2699,62,0,True,0.014000000432133675,9,4,12,0.07457860559225082,0.3792240619659424,0.3352160155773163,0.010024189949035645,0.19076603651046753
2700,62,0,True,0.014000000432133675,9,4,12,0.07457860559225082,0.3792240619659424,0.3352160155773163,0.010024189949035645,0.19076603651046753
2703,62,0,True,0.014000000432133675,9,4,12,0.07457860559225082,0.3792240619659424,0.3352160155773163,0.010024189949035645,0.19076603651046753
2705,62,0,True,0.014000000432133675,9,4,12,0.07457860559225082,0.3792240619659424,0.3352160155773163,0.010024189949035645,0.19076603651046753
2707,62,0,True,0.014000000432133675,9,4,12,0.07457860559225082,0.3792240619659424,0.3352160155773163,0.010024189949035645,0.19076603651046753
2708,62,0,True,0.014000000432133675,9,4,12,0.07457860559225082,0.3792240619659424,0.3352160155773163,0.010024189949035645,0.19076603651046753
2709,62,0,True,0.014000000432133675,9,4,12,0.07457860559225082,0.3792240619659424,0.3352160155773163,0.010024189949035645,0.19076603651046753
2712,62,0,True,0.014000000432133675,9,4,12,0.07457860559225082,0.3792240619659424,0.3352160155773163,0.010024189949035645,0.19076603651046753
2715,62,0,True,0.014000000432133675,9,4,12,0.07457860559225082,0.3792240619659424,0.3352160155773163,0.010024189949035645,0.19076603651046753
2716,62,0,True,0.014000000432133675,9,4,12,0.07457860559225082,0.3792240619659424,0.3352160155773163,0.010024189949035645,0.19076603651046753
2717,62,0,True,0.014000000432133675,9,4,12,0.07457860559225082,0.3792240619659424,0.3352160155773163,0.010024189949035645,0.19076603651046753
2718,62,0,True,0.014000000432133675,9,4,12,0.07457860559225082,0.3792240619659424,0.3352160155773163,0.010024189949035645,0.19076603651046753
1045,145,0,True,0.014000000432133675,9,4,12,0.5376361608505249,0.3106406033039093,0.4294852018356323,0.022964417934417725,0.09449103474617004
1046,145,0,True,0.014000000432133675,9,4,12,0.5376361608505249,0.3106406033039093,0.4294852018356323,0.022964417934417725,0.09449103474617004
1047,145,0,True,0.014000000432133675,9,4,12,0.5376361608505249,0.3106406033039093,0.4294852018356323,0.022964417934417725,0.09449103474617004
1048,145,0,True,0.014000000432133675,9,4,12,0.5376361608505249,0.3106406033039093,0.4294852018356323,0.022964417934417725,0.09449103474617004
1050,145,0,True,0.014000000432133675,9,4,12,0.5376361608505249,0.3106406033039093,0.4294852018356323,0.022964417934417725,0.09449103474617004
1051,145,0,True,0.014000000432133675,9,4,12,0.5376361608505249,0.3106406033039093,0.4294852018356323,0.022964417934417725,0.09449103474617004
1052,145,0,True,0.014000000432133675,9,4,12,0.5376361608505249,0.3106406033039093,0.4294852018356323,0.022964417934417725,0.09449103474617004
1054,145,0,True,0.014000000432133675,9,4,12,0.5376361608505249,0.3106406033039093,0.4294852018356323,0.022964417934417725,0.09449103474617004
1055,145,0,True,0.014000000432133675,9,4,12,0.5376361608505249,0.3106406033039093,0.4294852018356323,0.022964417934417725,0.09449103474617004
6000,145,0,True,0.014000000432133675,9,4,12,0.5376361608505249,0.3106406033039093,0.4294852018356323,0.022964417934417725,0.09449103474617004
6003,145,0,True,0.014000000432133675,9,4,12,0.5376361608505249,0.3106406033039093,0.4294852018356323,0.022964417934417725,0.09449103474617004
6004,145,0,True,0.014000000432133675,9,4,12,0.5376361608505249,0.3106406033039093,0.4294852018356323,0.022964417934417725,0.09449103474617004
6008,145,0,True,0.014000000432133675,9,4,12,0.5376361608505249,0.3106406033039093,0.4294852018356323,0.022964417934417725,0.09449103474617004
6009,145,0,True,0.014000000432133675,9,4,12,0.5376361608505249,0.3106406033039093,0.4294852018356323,0.022964417934417725,0.09449103474617004
6011,145,0,True,0.014000000432133675,9,4,12,0.5376361608505249,0.3106406033039093,0.4294852018356323,0.022964417934417725,0.09449103474617004
6014,145,0,True,0.014000000432133675,9,4,12,0.5376361608505249,0.3106406033039093,0.4294852018356323,0.022964417934417725,0.09449103474617004
6015,145,0,True,0.014000000432133675,9,4,12,0.5376361608505249,0.3106406033039093,0.4294852018356323,0.022964417934417725,0.09449103474617004
6016,145,0,True,0.014000000432133675,9,4,12,0.5376361608505249,0.3106406033039093,0.4294852018356323,0.022964417934417725,0.09449103474617004
6017,145,0,True,0.014000000432133675,9,4,12,0.5376361608505249,0.3106406033039093,0.4294852018356323,0.022964417934417725,0.09449103474617004
6018,145,0,True,0.014000000432133675,9,4,12,0.5376361608505249,0.3106406033039093,0.4294852018356323,0.022964417934417725,0.09449103474617004
6020,145,0,True,0.014000000432133675,9,4,12,0.5376361608505249,0.3106406033039093,0.4294852018356323,0.022964417934417725,0.09449103474617004
6021,145,0,True,0.014000000432133675,9,4,12,0.5376361608505249,0.3106406033039093,0.4294852018356323,0.022964417934417725,0.09449103474617004
6022,145,0,True,0.014000000432133675,9,4,12,0.5376361608505249,0.3106406033039093,0.4294852018356323,0.022964417934417725,0.09449103474617004
6023,145,0,True,0.014000000432133675,9,4,12,0.5376361608505249,0.3106406033039093,0.4294852018356323,0.022964417934417725,0.09449103474617004
6024,145,0,True,0.014000000432133675,9,4,12,0.5376361608505249,0.3106406033039093,0.4294852018356323,0.022964417934417725,0.09449103474617004
6025,145,0,True,0.014000000432133675,9,4,12,0.5376361608505249,0.3106406033039093,0.4294852018356323,0.022964417934417725,0.09449103474617004
6026,145,0,True,0.014000000432133675,9,4,12,0.5376361608505249,0.3106406033039093,0.4294852018356323,0.022964417934417725,0.09449103474617004
6027,145,0,True,0.014000000432133675,9,4,12,0.5376361608505249,0.3106406033039093,0.4294852018356323,0.022964417934417725,0.09449103474617004
6028,145,0,True,0.014000000432133675,9,4,12,0.5376361608505249,0.3106406033039093,0.4294852018356323,0.022964417934417725,0.09449103474617004
6029,145,0,True,0.014000000432133675,9,4,12,0.5376361608505249,0.3106406033039093,0.4294852018356323,0.022964417934417725,0.09449103474617004
6031,145,0,True,0.014000000432133675,9,4,12,0.5376361608505249,0.3106406033039093,0.4294852018356323,0.022964417934417725,0.09449103474617004
6033,145,0,True,0.014000000432133675,9,4,12,0.5376361608505249,0.3106406033039093,0.4294852018356323,0.022964417934417725,0.09449103474617004
6034,145,0,True,0.014000000432133675,9,4,12,0.5376361608505249,0.3106406033039093,0.4294852018356323,0.022964417934417725,0.09449103474617004
6035,145,0,True,0.014000000432133675,9,4,12,0.5376361608505249,0.3106406033039093,0.4294852018356323,0.022964417934417725,0.09449103474617004
6036,145,0,True,0.014000000432133675,9,4,12,0.5376361608505249,0.3106406033039093,0.4294852018356323,0.022964417934417725,0.09449103474617004
6037,145,0,True,0.014000000432133675,9,4,12,0.5376361608505249,0.3106406033039093,0.4294852018356323,0.022964417934417725,0.09449103474617004
6038,145,0,True,0.014000000432133675,9,4,12,0.5376361608505249,0.3106406033039093,0.4294852018356323,0.022964417934417725,0.09449103474617004
110,60,0,True,0.01600000075995922,9,4,12,0.5602678060531616,0.04208127036690712,0.31309470534324646,0.02167174220085144,0.2730830907821655
113,60,0,True,0.01600000075995922,9,4,12,0.5602678060531616,0.04208127036690712,0.31309470534324646,0.02167174220085144,0.2730830907821655
115,60,0,True,0.01600000075995922,9,4,12,0.5602678060531616,0.04208127036690712,0.31309470534324646,0.02167174220085144,0.2730830907821655
116,60,0,True,0.01600000075995922,9,4,12,0.5602678060531616,0.04208127036690712,0.31309470534324646,0.02167174220085144,0.2730830907821655
117,60,0,True,0.01600000075995922,9,4,12,0.5602678060531616,0.04208127036690712,0.31309470534324646,0.02167174220085144,0.2730830907821655
119,60,0,True,0.01600000075995922,9,4,12,0.5602678060531616,0.04208127036690712,0.31309470534324646,0.02167174220085144,0.2730830907821655
120,60,0,True,0.01600000075995922,9,4,12,0.5602678060531616,0.04208127036690712,0.31309470534324646,0.02167174220085144,0.2730830907821655
2600,60,0,True,0.01600000075995922,9,4,12,0.5602678060531616,0.04208127036690712,0.31309470534324646,0.02167174220085144,0.2730830907821655
2601,60,0,True,0.01600000075995922,9,4,12,0.5602678060531616,0.04208127036690712,0.31309470534324646,0.02167174220085144,0.2730830907821655
2603,60,0,True,0.01600000075995922,9,4,12,0.5602678060531616,0.04208127036690712,0.31309470534324646,0.02167174220085144,0.2730830907821655
2604,60,0,True,0.01600000075995922,9,4,12,0.5602678060531616,0.04208127036690712,0.31309470534324646,0.02167174220085144,0.2730830907821655
2605,60,0,True,0.01600000075995922,9,4,12,0.5602678060531616,0.04208127036690712,0.31309470534324646,0.02167174220085144,0.2730830907821655
2608,60,0,True,0.01600000075995922,9,4,12,0.5602678060531616,0.04208127036690712,0.31309470534324646,0.02167174220085144,0.2730830907821655
2609,60,0,True,0.01600000075995922,9,4,12,0.5602678060531616,0.04208127036690712,0.31309470534324646,0.02167174220085144,0.2730830907821655
2610,60,0,True,0.01600000075995922,9,4,12,0.5602678060531616,0.04208127036690712,0.31309470534324646,0.02167174220085144,0.2730830907821655
2611,60,0,True,0.01600000075995922,9,4,12,0.5602678060531616,0.04208127036690712,0.31309470534324646,0.02167174220085144,0.2730830907821655
2612,60,0,True,0.01600000075995922,9,4,12,0.5602678060531616,0.04208127036690712,0.31309470534324646,0.02167174220085144,0.2730830907821655
2613,60,0,True,0.01600000075995922,9,4,12,0.5602678060531616,0.04208127036690712,0.31309470534324646,0.02167174220085144,0.2730830907821655
2614,60,0,True,0.01600000075995922,9,4,12,0.5602678060531616,0.04208127036690712,0.31309470534324646,0.02167174220085144,0.2730830907821655
2615,60,0,True,0.01600000075995922,9,4,12,0.5602678060531616,0.04208127036690712,0.31309470534324646,0.02167174220085144,0.2730830907821655
2616,60,0,True,0.01600000075995922,9,4,12,0.5602678060531616,0.04208127036690712,0.31309470534324646,0.02167174220085144,0.2730830907821655
2617,60,0,True,0.01600000075995922,9,4,12,0.5602678060531616,0.04208127036690712,0.31309470534324646,0.02167174220085144,0.2730830907821655
2618,60,0,True,0.01600000075995922,9,4,12,0.5602678060531616,0.04208127036690712,0.31309470534324646,0.02167174220085144,0.2730830907821655
2619,60,0,True,0.01600000075995922,9,4,12,0.5602678060531616,0.04208127036690712,0.31309470534324646,0.02167174220085144,0.2730830907821655
2620,60,0,True,0.01600000075995922,9,4,12,0.5602678060531616,0.04208127036690712,0.31309470534324646,0.02167174220085144,0.2730830907821655
2621,60,0,True,0.01600000075995922,9,4,12,0.5602678060531616,0.04208127036690712,0.31309470534324646,0.02167174220085144,0.2730830907821655
2623,60,0,True,0.01600000075995922,9,4,12,0.5602678060531616,0.04208127036690712,0.31309470534324646,0.02167174220085144,0.2730830907821655
2624,60,0,True,0.01600000075995922,9,4,12,0.5602678060531616,0.04208127036690712,0.31309470534324646,0.02167174220085144,0.2730830907821655
2626,60,0,True,0.01600000075995922,9,4,12,0.5602678060531616,0.04208127036690712,0.31309470534324646,0.02167174220085144,0.2730830907821655
2627,60,0,True,0.01600000075995922,9,4,12,0.5602678060531616,0.04208127036690712,0.31309470534324646,0.02167174220085144,0.2730830907821655
2628,60,0,True,0.01600000075995922,9,4,12,0.5602678060531616,0.04208127036690712,0.31309470534324646,0.02167174220085144,0.2730830907821655
2629,60,0,True,0.01600000075995922,9,4,12,0.5602678060531616,0.04208127036690712,0.31309470534324646,0.02167174220085144,0.2730830907821655
2630,60,0,True,0.01600000075995922,9,4,12,0.5602678060531616,0.04208127036690712,0.31309470534324646,0.02167174220085144,0.2730830907821655
2635,60,0,True,0.01600000075995922,9,4,12,0.5602678060531616,0.04208127036690712,0.31309470534324646,0.02167174220085144,0.2730830907821655
2636,60,0,True,0.01600000075995922,9,4,12,0.5602678060531616,0.04208127036690712,0.31309470534324646,0.02167174220085144,0.2730830907821655
2637,60,0,True,0.01600000075995922,9,4,12,0.5602678060531616,0.04208127036690712,0.31309470534324646,0.02167174220085144,0.2730830907821655
2638,60,0,True,0.01600000075995922,9,4,12,0.5602678060531616,0.04208127036690712,0.31309470534324646,0.02167174220085144,0.2730830907821655
2639,60,0,True,0.01600000075995922,9,4,12,0.5602678060531616,0.04208127036690712,0.31309470534324646,0.02167174220085144,0.2730830907821655
363,83,0,True,0.01600000075995922,9,4,12,0.8919074535369873,0.4078424572944641,0.48632538318634033,0.02097579836845398,0.155455082654953
365,83,0,True,0.01600000075995922,9,4,12,0.8919074535369873,0.4078424572944641,0.48632538318634033,0.02097579836845398,0.155455082654953
367,83,0,True,0.01600000075995922,9,4,12,0.8919074535369873,0.4078424572944641,0.48632538318634033,0.02097579836845398,0.155455082654953
369,83,0,True,0.01600000075995922,9,4,12,0.8919074535369873,0.4078424572944641,0.48632538318634033,0.02097579836845398,0.155455082654953
370,83,0,True,0.01600000075995922,9,4,12,0.8919074535369873,0.4078424572944641,0.48632538318634033,0.02097579836845398,0.155455082654953
373,83,0,True,0.01600000075995922,9,4,12,0.8919074535369873,0.4078424572944641,0.48632538318634033,0.02097579836845398,0.155455082654953
3520,83,0,True,0.01600000075995922,9,4,12,0.8919074535369873,0.4078424572944641,0.48632538318634033,0.02097579836845398,0.155455082654953
3521,83,0,True,0.01600000075995922,9,4,12,0.8919074535369873,0.4078424572944641,0.48632538318634033,0.02097579836845398,0.155455082654953
3526,83,0,True,0.01600000075995922,9,4,12,0.8919074535369873,0.4078424572944641,0.48632538318634033,0.02097579836845398,0.155455082654953
3528,83,0,True,0.01600000075995922,9,4,12,0.8919074535369873,0.4078424572944641,0.48632538318634033,0.02097579836845398,0.155455082654953
3531,83,0,True,0.01600000075995922,9,4,12,0.8919074535369873,0.4078424572944641,0.48632538318634033,0.02097579836845398,0.155455082654953
3532,83,0,True,0.01600000075995922,9,4,12,0.8919074535369873,0.4078424572944641,0.48632538318634033,0.02097579836845398,0.155455082654953
3533,83,0,True,0.01600000075995922,9,4,12,0.8919074535369873,0.4078424572944641,0.48632538318634033,0.02097579836845398,0.155455082654953
3534,83,0,True,0.01600000075995922,9,4,12,0.8919074535369873,0.4078424572944641,0.48632538318634033,0.02097579836845398,0.155455082654953
3535,83,0,True,0.01600000075995922,9,4,12,0.8919074535369873,0.4078424572944641,0.48632538318634033,0.02097579836845398,0.155455082654953
3536,83,0,True,0.01600000075995922,9,4,12,0.8919074535369873,0.4078424572944641,0.48632538318634033,0.02097579836845398,0.155455082654953
3537,83,0,True,0.01600000075995922,9,4,12,0.8919074535369873,0.4078424572944641,0.48632538318634033,0.02097579836845398,0.155455082654953
3539,83,0,True,0.01600000075995922,9,4,12,0.8919074535369873,0.4078424572944641,0.48632538318634033,0.02097579836845398,0.155455082654953
3541,83,0,True,0.01600000075995922,9,4,12,0.8919074535369873,0.4078424572944641,0.48632538318634033,0.02097579836845398,0.155455082654953
3542,83,0,True,0.01600000075995922,9,4,12,0.8919074535369873,0.4078424572944641,0.48632538318634033,0.02097579836845398,0.155455082654953
3543,83,0,True,0.01600000075995922,9,4,12,0.8919074535369873,0.4078424572944641,0.48632538318634033,0.02097579836845398,0.155455082654953
3544,83,0,True,0.01600000075995922,9,4,12,0.8919074535369873,0.4078424572944641,0.48632538318634033,0.02097579836845398,0.155455082654953
3545,83,0,True,0.01600000075995922,9,4,12,0.8919074535369873,0.4078424572944641,0.48632538318634033,0.02097579836845398,0.155455082654953
3547,83,0,True,0.01600000075995922,9,4,12,0.8919074535369873,0.4078424572944641,0.48632538318634033,0.02097579836845398,0.155455082654953
3554,83,0,True,0.01600000075995922,9,4,12,0.8919074535369873,0.4078424572944641,0.48632538318634033,0.02097579836845398,0.155455082654953
3555,83,0,True,0.01600000075995922,9,4,12,0.8919074535369873,0.4078424572944641,0.48632538318634033,0.02097579836845398,0.155455082654953
3556,83,0,True,0.01600000075995922,9,4,12,0.8919074535369873,0.4078424572944641,0.48632538318634033,0.02097579836845398,0.155455082654953
3557,83,0,True,0.01600000075995922,9,4,12,0.8919074535369873,0.4078424572944641,0.48632538318634033,0.02097579836845398,0.155455082654953
3558,83,0,True,0.01600000075995922,9,4,12,0.8919074535369873,0.4078424572944641,0.48632538318634033,0.02097579836845398,0.155455082654953
3559,83,0,True,0.01600000075995922,9,4,12,0.8919074535369873,0.4078424572944641,0.48632538318634033,0.02097579836845398,0.155455082654953
869,129,0,True,0.01600000075995922,9,4,12,0.5527760982513428,0.8850045800209045,0.6586233377456665,0.05021029710769653,0.16978120803833008
870,129,0,True,0.01600000075995922,9,4,12,0.5527760982513428,0.8850045800209045,0.6586233377456665,0.05021029710769653,0.16978120803833008
871,129,0,True,0.01600000075995922,9,4,12,0.5527760982513428,0.8850045800209045,0.6586233377456665,0.05021029710769653,0.16978120803833008
875,129,0,True,0.01600000075995922,9,4,12,0.5527760982513428,0.8850045800209045,0.6586233377456665,0.05021029710769653,0.16978120803833008
878,129,0,True,0.01600000075995922,9,4,12,0.5527760982513428,0.8850045800209045,0.6586233377456665,0.05021029710769653,0.16978120803833008
879,129,0,True,0.01600000075995922,9,4,12,0.5527760982513428,0.8850045800209045,0.6586233377456665,0.05021029710769653,0.16978120803833008
5360,129,0,True,0.01600000075995922,9,4,12,0.5527760982513428,0.8850045800209045,0.6586233377456665,0.05021029710769653,0.16978120803833008
5361,129,0,True,0.01600000075995922,9,4,12,0.5527760982513428,0.8850045800209045,0.6586233377456665,0.05021029710769653,0.16978120803833008
5362,129,0,True,0.01600000075995922,9,4,12,0.5527760982513428,0.8850045800209045,0.6586233377456665,0.05021029710769653,0.16978120803833008
5364,129,0,True,0.01600000075995922,9,4,12,0.5527760982513428,0.8850045800209045,0.6586233377456665,0.05021029710769653,0.16978120803833008
5367,129,0,True,0.01600000075995922,9,4,12,0.5527760982513428,0.8850045800209045,0.6586233377456665,0.05021029710769653,0.16978120803833008
5368,129,0,True,0.01600000075995922,9,4,12,0.5527760982513428,0.8850045800209045,0.6586233377456665,0.05021029710769653,0.16978120803833008
5369,129,0,True,0.01600000075995922,9,4,12,0.5527760982513428,0.8850045800209045,0.6586233377456665,0.05021029710769653,0.16978120803833008
5370,129,0,True,0.01600000075995922,9,4,12,0.5527760982513428,0.8850045800209045,0.6586233377456665,0.05021029710769653,0.16978120803833008
5371,129,0,True,0.01600000075995922,9,4,12,0.5527760982513428,0.8850045800209045,0.6586233377456665,0.05021029710769653,0.16978120803833008
5373,129,0,True,0.01600000075995922,9,4,12,0.5527760982513428,0.8850045800209045,0.6586233377456665,0.05021029710769653,0.16978120803833008
5375,129,0,True,0.01600000075995922,9,4,12,0.5527760982513428,0.8850045800209045,0.6586233377456665,0.05021029710769653,0.16978120803833008
5376,129,0,True,0.01600000075995922,9,4,12,0.5527760982513428,0.8850045800209045,0.6586233377456665,0.05021029710769653,0.16978120803833008
5377,129,0,True,0.01600000075995922,9,4,12,0.5527760982513428,0.8850045800209045,0.6586233377456665,0.05021029710769653,0.16978120803833008
5378,129,0,True,0.01600000075995922,9,4,12,0.5527760982513428,0.8850045800209045,0.6586233377456665,0.05021029710769653,0.16978120803833008
5379,129,0,True,0.01600000075995922,9,4,12,0.5527760982513428,0.8850045800209045,0.6586233377456665,0.05021029710769653,0.16978120803833008
5380,129,0,True,0.01600000075995922,9,4,12,0.5527760982513428,0.8850045800209045,0.6586233377456665,0.05021029710769653,0.16978120803833008
5381,129,0,True,0.01600000075995922,9,4,12,0.5527760982513428,0.8850045800209045,0.6586233377456665,0.05021029710769653,0.16978120803833008
5383,129,0,True,0.01600000075995922,9,4,12,0.5527760982513428,0.8850045800209045,0.6586233377456665,0.05021029710769653,0.16978120803833008
5384,129,0,True,0.01600000075995922,9,4,12,0.5527760982513428,0.8850045800209045,0.6586233377456665,0.05021029710769653,0.16978120803833008
5385,129,0,True,0.01600000075995922,9,4,12,0.5527760982513428,0.8850045800209045,0.6586233377456665,0.05021029710769653,0.16978120803833008
5388,129,0,True,0.01600000075995922,9,4,12,0.5527760982513428,0.8850045800209045,0.6586233377456665,0.05021029710769653,0.16978120803833008
5390,129,0,True,0.01600000075995922,9,4,12,0.5527760982513428,0.8850045800209045,0.6586233377456665,0.05021029710769653,0.16978120803833008
5391,129,0,True,0.01600000075995922,9,4,12,0.5527760982513428,0.8850045800209045,0.6586233377456665,0.05021029710769653,0.16978120803833008
5393,129,0,True,0.01600000075995922,9,4,12,0.5527760982513428,0.8850045800209045,0.6586233377456665,0.05021029710769653,0.16978120803833008
5395,129,0,True,0.01600000075995922,9,4,12,0.5527760982513428,0.8850045800209045,0.6586233377456665,0.05021029710769653,0.16978120803833008
5396,129,0,True,0.01600000075995922,9,4,12,0.5527760982513428,0.8850045800209045,0.6586233377456665,0.05021029710769653,0.16978120803833008
5397,129,0,True,0.01600000075995922,9,4,12,0.5527760982513428,0.8850045800209045,0.6586233377456665,0.05021029710769653,0.16978120803833008
605,105,0,True,0.019999999552965164,9,4,12,0.8919074535369873,0.023672349750995636,0.45025622844696045,0.02097579836845398,0.2143223136663437
606,105,0,True,0.019999999552965164,9,4,12,0.8919074535369873,0.023672349750995636,0.45025622844696045,0.02097579836845398,0.2143223136663437
607,105,0,True,0.019999999552965164,9,4,12,0.8919074535369873,0.023672349750995636,0.45025622844696045,0.02097579836845398,0.2143223136663437
610,105,0,True,0.019999999552965164,9,4,12,0.8919074535369873,0.023672349750995636,0.45025622844696045,0.02097579836845398,0.2143223136663437
611,105,0,True,0.019999999552965164,9,4,12,0.8919074535369873,0.023672349750995636,0.45025622844696045,0.02097579836845398,0.2143223136663437
613,105,0,True,0.019999999552965164,9,4,12,0.8919074535369873,0.023672349750995636,0.45025622844696045,0.02097579836845398,0.2143223136663437
614,105,0,True,0.019999999552965164,9,4,12,0.8919074535369873,0.023672349750995636,0.45025622844696045,0.02097579836845398,0.2143223136663437
615,105,0,True,0.019999999552965164,9,4,12,0.8919074535369873,0.023672349750995636,0.45025622844696045,0.02097579836845398,0.2143223136663437
4403,105,0,True,0.019999999552965164,9,4,12,0.8919074535369873,0.023672349750995636,0.45025622844696045,0.02097579836845398,0.2143223136663437
4404,105,0,True,0.019999999552965164,9,4,12,0.8919074535369873,0.023672349750995636,0.45025622844696045,0.02097579836845398,0.2143223136663437
4405,105,0,True,0.019999999552965164,9,4,12,0.8919074535369873,0.023672349750995636,0.45025622844696045,0.02097579836845398,0.2143223136663437
4406,105,0,True,0.019999999552965164,9,4,12,0.8919074535369873,0.023672349750995636,0.45025622844696045,0.02097579836845398,0.2143223136663437
4409,105,0,True,0.019999999552965164,9,4,12,0.8919074535369873,0.023672349750995636,0.45025622844696045,0.02097579836845398,0.2143223136663437
4410,105,0,True,0.019999999552965164,9,4,12,0.8919074535369873,0.023672349750995636,0.45025622844696045,0.02097579836845398,0.2143223136663437
4411,105,0,True,0.019999999552965164,9,4,12,0.8919074535369873,0.023672349750995636,0.45025622844696045,0.02097579836845398,0.2143223136663437
4412,105,0,True,0.019999999552965164,9,4,12,0.8919074535369873,0.023672349750995636,0.45025622844696045,0.02097579836845398,0.2143223136663437
4414,105,0,True,0.019999999552965164,9,4,12,0.8919074535369873,0.023672349750995636,0.45025622844696045,0.02097579836845398,0.2143223136663437
4416,105,0,True,0.019999999552965164,9,4,12,0.8919074535369873,0.023672349750995636,0.45025622844696045,0.02097579836845398,0.2143223136663437
4417,105,0,True,0.019999999552965164,9,4,12,0.8919074535369873,0.023672349750995636,0.45025622844696045,0.02097579836845398,0.2143223136663437
4418,105,0,True,0.019999999552965164,9,4,12,0.8919074535369873,0.023672349750995636,0.45025622844696045,0.02097579836845398,0.2143223136663437
4419,105,0,True,0.019999999552965164,9,4,12,0.8919074535369873,0.023672349750995636,0.45025622844696045,0.02097579836845398,0.2143223136663437
4420,105,0,True,0.019999999552965164,9,4,12,0.8919074535369873,0.023672349750995636,0.45025622844696045,0.02097579836845398,0.2143223136663437
4421,105,0,True,0.019999999552965164,9,4,12,0.8919074535369873,0.023672349750995636,0.45025622844696045,0.02097579836845398,0.2143223136663437
4422,105,0,True,0.019999999552965164,9,4,12,0.8919074535369873,0.023672349750995636,0.45025622844696045,0.02097579836845398,0.2143223136663437
4424,105,0,True,0.019999999552965164,9,4,12,0.8919074535369873,0.023672349750995636,0.45025622844696045,0.02097579836845398,0.2143223136663437
4425,105,0,True,0.019999999552965164,9,4,12,0.8919074535369873,0.023672349750995636,0.45025622844696045,0.02097579836845398,0.2143223136663437
4426,105,0,True,0.019999999552965164,9,4,12,0.8919074535369873,0.023672349750995636,0.45025622844696045,0.02097579836845398,0.2143223136663437
4427,105,0,True,0.019999999552965164,9,4,12,0.8919074535369873,0.023672349750995636,0.45025622844696045,0.02097579836845398,0.2143223136663437
4429,105,0,True,0.019999999552965164,9,4,12,0.8919074535369873,0.023672349750995636,0.45025622844696045,0.02097579836845398,0.2143223136663437
4430,105,0,True,0.019999999552965164,9,4,12,0.8919074535369873,0.023672349750995636,0.45025622844696045,0.02097579836845398,0.2143223136663437
4431,105,0,True,0.019999999552965164,9,4,12,0.8919074535369873,0.023672349750995636,0.45025622844696045,0.02097579836845398,0.2143223136663437
4433,105,0,True,0.019999999552965164,9,4,12,0.8919074535369873,0.023672349750995636,0.45025622844696045,0.02097579836845398,0.2143223136663437
4434,105,0,True,0.019999999552965164,9,4,12,0.8919074535369873,0.023672349750995636,0.45025622844696045,0.02097579836845398,0.2143223136663437
4435,105,0,True,0.019999999552965164,9,4,12,0.8919074535369873,0.023672349750995636,0.45025622844696045,0.02097579836845398,0.2143223136663437
4436,105,0,True,0.019999999552965164,9,4,12,0.8919074535369873,0.023672349750995636,0.45025622844696045,0.02097579836845398,0.2143223136663437
4438,105,0,True,0.019999999552965164,9,4,12,0.8919074535369873,0.023672349750995636,0.45025622844696045,0.02097579836845398,0.2143223136663437
0,50,0,True,0.024000000208616257,9,4,12,0.5527760982513428,0.12127618491649628,0.4452402889728546,0.05277609825134277,0.19829273223876953
2,50,0,True,0.024000000208616257,9,4,12,0.5527760982513428,0.12127618491649628,0.4452402889728546,0.05277609825134277,0.19829273223876953
2200,50,0,True,0.024000000208616257,9,4,12,0.5527760982513428,0.12127618491649628,0.4452402889728546,0.05277609825134277,0.19829273223876953
2201,50,0,True,0.024000000208616257,9,4,12,0.5527760982513428,0.12127618491649628,0.4452402889728546,0.05277609825134277,0.19829273223876953
2202,50,0,True,0.024000000208616257,9,4,12,0.5527760982513428,0.12127618491649628,0.4452402889728546,0.05277609825134277,0.19829273223876953
2203,50,0,True,0.024000000208616257,9,4,12,0.5527760982513428,0.12127618491649628,0.4452402889728546,0.05277609825134277,0.19829273223876953
2204,50,0,True,0.024000000208616257,9,4,12,0.5527760982513428,0.12127618491649628,0.4452402889728546,0.05277609825134277,0.19829273223876953
2205,50,0,True,0.024000000208616257,9,4,12,0.5527760982513428,0.12127618491649628,0.4452402889728546,0.05277609825134277,0.19829273223876953
2207,50,0,True,0.024000000208616257,9,4,12,0.5527760982513428,0.12127618491649628,0.4452402889728546,0.05277609825134277,0.19829273223876953
2209,50,0,True,0.024000000208616257,9,4,12,0.5527760982513428,0.12127618491649628,0.4452402889728546,0.05277609825134277,0.19829273223876953
2210,50,0,True,0.024000000208616257,9,4,12,0.5527760982513428,0.12127618491649628,0.4452402889728546,0.05277609825134277,0.19829273223876953
2211,50,0,True,0.024000000208616257,9,4,12,0.5527760982513428,0.12127618491649628,0.4452402889728546,0.05277609825134277,0.19829273223876953
2213,50,0,True,0.024000000208616257,9,4,12,0.5527760982513428,0.12127618491649628,0.4452402889728546,0.05277609825134277,0.19829273223876953
2214,50,0,True,0.024000000208616257,9,4,12,0.5527760982513428,0.12127618491649628,0.4452402889728546,0.05277609825134277,0.19829273223876953
2216,50,0,True,0.024000000208616257,9,4,12,0.5527760982513428,0.12127618491649628,0.4452402889728546,0.05277609825134277,0.19829273223876953
2217,50,0,True,0.024000000208616257,9,4,12,0.5527760982513428,0.12127618491649628,0.4452402889728546,0.05277609825134277,0.19829273223876953
1542,190,0,True,0.024000000208616257,9,4,12,0.047998473048210144,0.024893078953027725,0.021079041063785553,0.45200151205062866,0.47892093658447266
1545,190,0,True,0.024000000208616257,9,4,12,0.047998473048210144,0.024893078953027725,0.021079041063785553,0.45200151205062866,0.47892093658447266
1546,190,0,True,0.024000000208616257,9,4,12,0.047998473048210144,0.024893078953027725,0.021079041063785553,0.45200151205062866,0.47892093658447266
1547,190,0,True,0.024000000208616257,9,4,12,0.047998473048210144,0.024893078953027725,0.021079041063785553,0.45200151205062866,0.47892093658447266
1548,190,0,True,0.024000000208616257,9,4,12,0.047998473048210144,0.024893078953027725,0.021079041063785553,0.45200151205062866,0.47892093658447266
1549,190,0,True,0.024000000208616257,9,4,12,0.047998473048210144,0.024893078953027725,0.021079041063785553,0.45200151205062866,0.47892093658447266
1550,190,0,True,0.024000000208616257,9,4,12,0.047998473048210144,0.024893078953027725,0.021079041063785553,0.45200151205062866,0.47892093658447266
7800,190,0,True,0.024000000208616257,9,4,12,0.047998473048210144,0.024893078953027725,0.021079041063785553,0.45200151205062866,0.47892093658447266
7802,190,0,True,0.024000000208616257,9,4,12,0.047998473048210144,0.024893078953027725,0.021079041063785553,0.45200151205062866,0.47892093658447266
7804,190,0,True,0.024000000208616257,9,4,12,0.047998473048210144,0.024893078953027725,0.021079041063785553,0.45200151205062866,0.47892093658447266
7805,190,0,True,0.024000000208616257,9,4,12,0.047998473048210144,0.024893078953027725,0.021079041063785553,0.45200151205062866,0.47892093658447266
7806,190,0,True,0.024000000208616257,9,4,12,0.047998473048210144,0.024893078953027725,0.021079041063785553,0.45200151205062866,0.47892093658447266
7808,190,0,True,0.024000000208616257,9,4,12,0.047998473048210144,0.024893078953027725,0.021079041063785553,0.45200151205062866,0.47892093658447266
7809,190,0,True,0.024000000208616257,9,4,12,0.047998473048210144,0.024893078953027725,0.021079041063785553,0.45200151205062866,0.47892093658447266
7810,190,0,True,0.024000000208616257,9,4,12,0.047998473048210144,0.024893078953027725,0.021079041063785553,0.45200151205062866,0.47892093658447266
7811,190,0,True,0.024000000208616257,9,4,12,0.047998473048210144,0.024893078953027725,0.021079041063785553,0.45200151205062866,0.47892093658447266
7812,190,0,True,0.024000000208616257,9,4,12,0.047998473048210144,0.024893078953027725,0.021079041063785553,0.45200151205062866,0.47892093658447266
7813,190,0,True,0.024000000208616257,9,4,12,0.047998473048210144,0.024893078953027725,0.021079041063785553,0.45200151205062866,0.47892093658447266
7816,190,0,True,0.024000000208616257,9,4,12,0.047998473048210144,0.024893078953027725,0.021079041063785553,0.45200151205062866,0.47892093658447266
7817,190,0,True,0.024000000208616257,9,4,12,0.047998473048210144,0.024893078953027725,0.021079041063785553,0.45200151205062866,0.47892093658447266
7818,190,0,True,0.024000000208616257,9,4,12,0.047998473048210144,0.024893078953027725,0.021079041063785553,0.45200151205062866,0.47892093658447266
7819,190,0,True,0.024000000208616257,9,4,12,0.047998473048210144,0.024893078953027725,0.021079041063785553,0.45200151205062866,0.47892093658447266
7820,190,0,True,0.024000000208616257,9,4,12,0.047998473048210144,0.024893078953027725,0.021079041063785553,0.45200151205062866,0.47892093658447266
7821,190,0,True,0.024000000208616257,9,4,12,0.047998473048210144,0.024893078953027725,0.021079041063785553,0.45200151205062866,0.47892093658447266
7822,190,0,True,0.024000000208616257,9,4,12,0.047998473048210144,0.024893078953027725,0.021079041063785553,0.45200151205062866,0.47892093658447266
7825,190,0,True,0.024000000208616257,9,4,12,0.047998473048210144,0.024893078953027725,0.021079041063785553,0.45200151205062866,0.47892093658447266
7826,190,0,True,0.024000000208616257,9,4,12,0.047998473048210144,0.024893078953027725,0.021079041063785553,0.45200151205062866,0.47892093658447266
7827,190,0,True,0.024000000208616257,9,4,12,0.047998473048210144,0.024893078953027725,0.021079041063785553,0.45200151205062866,0.47892093658447266
7828,190,0,True,0.024000000208616257,9,4,12,0.047998473048210144,0.024893078953027725,0.021079041063785553,0.45200151205062866,0.47892093658447266
7829,190,0,True,0.024000000208616257,9,4,12,0.047998473048210144,0.024893078953027725,0.021079041063785553,0.45200151205062866,0.47892093658447266
7830,190,0,True,0.024000000208616257,9,4,12,0.047998473048210144,0.024893078953027725,0.021079041063785553,0.45200151205062866,0.47892093658447266
7831,190,0,True,0.024000000208616257,9,4,12,0.047998473048210144,0.024893078953027725,0.021079041063785553,0.45200151205062866,0.47892093658447266
7832,190,0,True,0.024000000208616257,9,4,12,0.047998473048210144,0.024893078953027725,0.021079041063785553,0.45200151205062866,0.47892093658447266
7833,190,0,True,0.024000000208616257,9,4,12,0.047998473048210144,0.024893078953027725,0.021079041063785553,0.45200151205062866,0.47892093658447266
7834,190,0,True,0.024000000208616257,9,4,12,0.047998473048210144,0.024893078953027725,0.021079041063785553,0.45200151205062866,0.47892093658447266
7835,190,0,True,0.024000000208616257,9,4,12,0.047998473048210144,0.024893078953027725,0.021079041063785553,0.45200151205062866,0.47892093658447266
7836,190,0,True,0.024000000208616257,9,4,12,0.047998473048210144,0.024893078953027725,0.021079041063785553,0.45200151205062866,0.47892093658447266
7837,190,0,True,0.024000000208616257,9,4,12,0.047998473048210144,0.024893078953027725,0.021079041063785553,0.45200151205062866,0.47892093658447266
7839,190,0,True,0.024000000208616257,9,4,12,0.047998473048210144,0.024893078953027725,0.021079041063785553,0.45200151205062866,0.47892093658447266
1386,176,1,True,0.5920000076293945,9,4,12,0.5527760982513428,1.0,0.8303097486495972,0.05277609825134277,0.3303097188472748
1387,176,1,True,0.5920000076293945,9,4,12,0.5527760982513428,1.0,0.8303097486495972,0.05277609825134277,0.3303097188472748
1388,176,1,True,0.5920000076293945,9,4,12,0.5527760982513428,1.0,0.8303097486495972,0.05277609825134277,0.3303097188472748
1390,176,1,True,0.5920000076293945,9,4,12,0.5527760982513428,1.0,0.8303097486495972,0.05277609825134277,0.3303097188472748
1392,176,1,True,0.5920000076293945,9,4,12,0.5527760982513428,1.0,0.8303097486495972,0.05277609825134277,0.3303097188472748
1393,176,1,True,0.5920000076293945,9,4,12,0.5527760982513428,1.0,0.8303097486495972,0.05277609825134277,0.3303097188472748
1396,176,1,True,0.5920000076293945,9,4,12,0.5527760982513428,1.0,0.8303097486495972,0.05277609825134277,0.3303097188472748
7240,176,1,True,0.5920000076293945,9,4,12,0.5527760982513428,1.0,0.8303097486495972,0.05277609825134277,0.3303097188472748
7241,176,1,True,0.5920000076293945,9,4,12,0.5527760982513428,1.0,0.8303097486495972,0.05277609825134277,0.3303097188472748
7242,176,1,True,0.5920000076293945,9,4,12,0.5527760982513428,1.0,0.8303097486495972,0.05277609825134277,0.3303097188472748
7244,176,1,True,0.5920000076293945,9,4,12,0.5527760982513428,1.0,0.8303097486495972,0.05277609825134277,0.3303097188472748
7245,176,1,True,0.5920000076293945,9,4,12,0.5527760982513428,1.0,0.8303097486495972,0.05277609825134277,0.3303097188472748
7246,176,1,True,0.5920000076293945,9,4,12,0.5527760982513428,1.0,0.8303097486495972,0.05277609825134277,0.3303097188472748
7247,176,1,True,0.5920000076293945,9,4,12,0.5527760982513428,1.0,0.8303097486495972,0.05277609825134277,0.3303097188472748
7248,176,1,True,0.5920000076293945,9,4,12,0.5527760982513428,1.0,0.8303097486495972,0.05277609825134277,0.3303097188472748
7249,176,1,True,0.5920000076293945,9,4,12,0.5527760982513428,1.0,0.8303097486495972,0.05277609825134277,0.3303097188472748
7250,176,1,True,0.5920000076293945,9,4,12,0.5527760982513428,1.0,0.8303097486495972,0.05277609825134277,0.3303097188472748
7254,176,1,True,0.5920000076293945,9,4,12,0.5527760982513428,1.0,0.8303097486495972,0.05277609825134277,0.3303097188472748
7255,176,1,True,0.5920000076293945,9,4,12,0.5527760982513428,1.0,0.8303097486495972,0.05277609825134277,0.3303097188472748
7256,176,1,True,0.5920000076293945,9,4,12,0.5527760982513428,1.0,0.8303097486495972,0.05277609825134277,0.3303097188472748
7259,176,1,True,0.5920000076293945,9,4,12,0.5527760982513428,1.0,0.8303097486495972,0.05277609825134277,0.3303097188472748
7260,176,1,True,0.5920000076293945,9,4,12,0.5527760982513428,1.0,0.8303097486495972,0.05277609825134277,0.3303097188472748
7261,176,1,True,0.5920000076293945,9,4,12,0.5527760982513428,1.0,0.8303097486495972,0.05277609825134277,0.3303097188472748
7262,176,1,True,0.5920000076293945,9,4,12,0.5527760982513428,1.0,0.8303097486495972,0.05277609825134277,0.3303097188472748
7263,176,1,True,0.5920000076293945,9,4,12,0.5527760982513428,1.0,0.8303097486495972,0.05277609825134277,0.3303097188472748
7264,176,1,True,0.5920000076293945,9,4,12,0.5527760982513428,1.0,0.8303097486495972,0.05277609825134277,0.3303097188472748
7265,176,1,True,0.5920000076293945,9,4,12,0.5527760982513428,1.0,0.8303097486495972,0.05277609825134277,0.3303097188472748
7266,176,1,True,0.5920000076293945,9,4,12,0.5527760982513428,1.0,0.8303097486495972,0.05277609825134277,0.3303097188472748
7268,176,1,True,0.5920000076293945,9,4,12,0.5527760982513428,1.0,0.8303097486495972,0.05277609825134277,0.3303097188472748
7270,176,1,True,0.5920000076293945,9,4,12,0.5527760982513428,1.0,0.8303097486495972,0.05277609825134277,0.3303097188472748
7272,176,1,True,0.5920000076293945,9,4,12,0.5527760982513428,1.0,0.8303097486495972,0.05277609825134277,0.3303097188472748
7273,176,1,True,0.5920000076293945,9,4,12,0.5527760982513428,1.0,0.8303097486495972,0.05277609825134277,0.3303097188472748
7274,176,1,True,0.5920000076293945,9,4,12,0.5527760982513428,1.0,0.8303097486495972,0.05277609825134277,0.3303097188472748
7275,176,1,True,0.5920000076293945,9,4,12,0.5527760982513428,1.0,0.8303097486495972,0.05277609825134277,0.3303097188472748
7276,176,1,True,0.5920000076293945,9,4,12,0.5527760982513428,1.0,0.8303097486495972,0.05277609825134277,0.3303097188472748
440,90,1,True,0.6039999723434448,9,4,12,0.07457860559225082,0.999975323677063,0.7891021966934204,0.4254213869571686,0.47817835211753845
441,90,1,True,0.6039999723434448,9,4,12,0.07457860559225082,0.999975323677063,0.7891021966934204,0.4254213869571686,0.47817835211753845
443,90,1,True,0.6039999723434448,9,4,12,0.07457860559225082,0.999975323677063,0.7891021966934204,0.4254213869571686,0.47817835211753845
445,90,1,True,0.6039999723434448,9,4,12,0.07457860559225082,0.999975323677063,0.7891021966934204,0.4254213869571686,0.47817835211753845
447,90,1,True,0.6039999723434448,9,4,12,0.07457860559225082,0.999975323677063,0.7891021966934204,0.4254213869571686,0.47817835211753845
448,90,1,True,0.6039999723434448,9,4,12,0.07457860559225082,0.999975323677063,0.7891021966934204,0.4254213869571686,0.47817835211753845
449,90,1,True,0.6039999723434448,9,4,12,0.07457860559225082,0.999975323677063,0.7891021966934204,0.4254213869571686,0.47817835211753845
450,90,1,True,0.6039999723434448,9,4,12,0.07457860559225082,0.999975323677063,0.7891021966934204,0.4254213869571686,0.47817835211753845
3801,90,1,True,0.6039999723434448,9,4,12,0.07457860559225082,0.999975323677063,0.7891021966934204,0.4254213869571686,0.47817835211753845
3803,90,1,True,0.6039999723434448,9,4,12,0.07457860559225082,0.999975323677063,0.7891021966934204,0.4254213869571686,0.47817835211753845
3804,90,1,True,0.6039999723434448,9,4,12,0.07457860559225082,0.999975323677063,0.7891021966934204,0.4254213869571686,0.47817835211753845
3805,90,1,True,0.6039999723434448,9,4,12,0.07457860559225082,0.999975323677063,0.7891021966934204,0.4254213869571686,0.47817835211753845
3806,90,1,True,0.6039999723434448,9,4,12,0.07457860559225082,0.999975323677063,0.7891021966934204,0.4254213869571686,0.47817835211753845
3808,90,1,True,0.6039999723434448,9,4,12,0.07457860559225082,0.999975323677063,0.7891021966934204,0.4254213869571686,0.47817835211753845
3811,90,1,True,0.6039999723434448,9,4,12,0.07457860559225082,0.999975323677063,0.7891021966934204,0.4254213869571686,0.47817835211753845
3813,90,1,True,0.6039999723434448,9,4,12,0.07457860559225082,0.999975323677063,0.7891021966934204,0.4254213869571686,0.47817835211753845
3814,90,1,True,0.6039999723434448,9,4,12,0.07457860559225082,0.999975323677063,0.7891021966934204,0.4254213869571686,0.47817835211753845
3815,90,1,True,0.6039999723434448,9,4,12,0.07457860559225082,0.999975323677063,0.7891021966934204,0.4254213869571686,0.47817835211753845
3816,90,1,True,0.6039999723434448,9,4,12,0.07457860559225082,0.999975323677063,0.7891021966934204,0.4254213869571686,0.47817835211753845
3819,90,1,True,0.6039999723434448,9,4,12,0.07457860559225082,0.999975323677063,0.7891021966934204,0.4254213869571686,0.47817835211753845
3820,90,1,True,0.6039999723434448,9,4,12,0.07457860559225082,0.999975323677063,0.7891021966934204,0.4254213869571686,0.47817835211753845
3821,90,1,True,0.6039999723434448,9,4,12,0.07457860559225082,0.999975323677063,0.7891021966934204,0.4254213869571686,0.47817835211753845
3822,90,1,True,0.6039999723434448,9,4,12,0.07457860559225082,0.999975323677063,0.7891021966934204,0.4254213869571686,0.47817835211753845
3823,90,1,True,0.6039999723434448,9,4,12,0.07457860559225082,0.999975323677063,0.7891021966934204,0.4254213869571686,0.47817835211753845
3826,90,1,True,0.6039999723434448,9,4,12,0.07457860559225082,0.999975323677063,0.7891021966934204,0.4254213869571686,0.47817835211753845
3827,90,1,True,0.6039999723434448,9,4,12,0.07457860559225082,0.999975323677063,0.7891021966934204,0.4254213869571686,0.47817835211753845
3828,90,1,True,0.6039999723434448,9,4,12,0.07457860559225082,0.999975323677063,0.7891021966934204,0.4254213869571686,0.47817835211753845
3829,90,1,True,0.6039999723434448,9,4,12,0.07457860559225082,0.999975323677063,0.7891021966934204,0.4254213869571686,0.47817835211753845
3830,90,1,True,0.6039999723434448,9,4,12,0.07457860559225082,0.999975323677063,0.7891021966934204,0.4254213869571686,0.47817835211753845
3832,90,1,True,0.6039999723434448,9,4,12,0.07457860559225082,0.999975323677063,0.7891021966934204,0.4254213869571686,0.47817835211753845
3833,90,1,True,0.6039999723434448,9,4,12,0.07457860559225082,0.999975323677063,0.7891021966934204,0.4254213869571686,0.47817835211753845
3834,90,1,True,0.6039999723434448,9,4,12,0.07457860559225082,0.999975323677063,0.7891021966934204,0.4254213869571686,0.47817835211753845
3835,90,1,True,0.6039999723434448,9,4,12,0.07457860559225082,0.999975323677063,0.7891021966934204,0.4254213869571686,0.47817835211753845
3836,90,1,True,0.6039999723434448,9,4,12,0.07457860559225082,0.999975323677063,0.7891021966934204,0.4254213869571686,0.47817835211753845
3837,90,1,True,0.6039999723434448,9,4,12,0.07457860559225082,0.999975323677063,0.7891021966934204,0.4254213869571686,0.47817835211753845
3838,90,1,True,0.6039999723434448,9,4,12,0.07457860559225082,0.999975323677063,0.7891021966934204,0.4254213869571686,0.47817835211753845
3839,90,1,True,0.6039999723434448,9,4,12,0.07457860559225082,0.999975323677063,0.7891021966934204,0.4254213869571686,0.47817835211753845
1419,179,1,True,0.6259999871253967,9,4,12,0.9528517723083496,1.0,0.9897431135177612,0.4528517723083496,0.489743173122406
1420,179,1,True,0.6259999871253967,9,4,12,0.9528517723083496,1.0,0.9897431135177612,0.4528517723083496,0.489743173122406
1421,179,1,True,0.6259999871253967,9,4,12,0.9528517723083496,1.0,0.9897431135177612,0.4528517723083496,0.489743173122406
1422,179,1,True,0.6259999871253967,9,4,12,0.9528517723083496,1.0,0.9897431135177612,0.4528517723083496,0.489743173122406
1423,179,1,True,0.6259999871253967,9,4,12,0.9528517723083496,1.0,0.9897431135177612,0.4528517723083496,0.489743173122406
1424,179,1,True,0.6259999871253967,9,4,12,0.9528517723083496,1.0,0.9897431135177612,0.4528517723083496,0.489743173122406
1425,179,1,True,0.6259999871253967,9,4,12,0.9528517723083496,1.0,0.9897431135177612,0.4528517723083496,0.489743173122406
1429,179,1,True,0.6259999871253967,9,4,12,0.9528517723083496,1.0,0.9897431135177612,0.4528517723083496,0.489743173122406
7360,179,1,True,0.6259999871253967,9,4,12,0.9528517723083496,1.0,0.9897431135177612,0.4528517723083496,0.489743173122406
7363,179,1,True,0.6259999871253967,9,4,12,0.9528517723083496,1.0,0.9897431135177612,0.4528517723083496,0.489743173122406
7364,179,1,True,0.6259999871253967,9,4,12,0.9528517723083496,1.0,0.9897431135177612,0.4528517723083496,0.489743173122406
7365,179,1,True,0.6259999871253967,9,4,12,0.9528517723083496,1.0,0.9897431135177612,0.4528517723083496,0.489743173122406
7366,179,1,True,0.6259999871253967,9,4,12,0.9528517723083496,1.0,0.9897431135177612,0.4528517723083496,0.489743173122406
7367,179,1,True,0.6259999871253967,9,4,12,0.9528517723083496,1.0,0.9897431135177612,0.4528517723083496,0.489743173122406
7370,179,1,True,0.6259999871253967,9,4,12,0.9528517723083496,1.0,0.9897431135177612,0.4528517723083496,0.489743173122406
7372,179,1,True,0.6259999871253967,9,4,12,0.9528517723083496,1.0,0.9897431135177612,0.4528517723083496,0.489743173122406
7373,179,1,True,0.6259999871253967,9,4,12,0.9528517723083496,1.0,0.9897431135177612,0.4528517723083496,0.489743173122406
7374,179,1,True,0.6259999871253967,9,4,12,0.9528517723083496,1.0,0.9897431135177612,0.4528517723083496,0.489743173122406
7375,179,1,True,0.6259999871253967,9,4,12,0.9528517723083496,1.0,0.9897431135177612,0.4528517723083496,0.489743173122406
7376,179,1,True,0.6259999871253967,9,4,12,0.9528517723083496,1.0,0.9897431135177612,0.4528517723083496,0.489743173122406
7377,179,1,True,0.6259999871253967,9,4,12,0.9528517723083496,1.0,0.9897431135177612,0.4528517723083496,0.489743173122406
7378,179,1,True,0.6259999871253967,9,4,12,0.9528517723083496,1.0,0.9897431135177612,0.4528517723083496,0.489743173122406
7381,179,1,True,0.6259999871253967,9,4,12,0.9528517723083496,1.0,0.9897431135177612,0.4528517723083496,0.489743173122406
7382,179,1,True,0.6259999871253967,9,4,12,0.9528517723083496,1.0,0.9897431135177612,0.4528517723083496,0.489743173122406
7383,179,1,True,0.6259999871253967,9,4,12,0.9528517723083496,1.0,0.9897431135177612,0.4528517723083496,0.489743173122406
7385,179,1,True,0.6259999871253967,9,4,12,0.9528517723083496,1.0,0.9897431135177612,0.4528517723083496,0.489743173122406
7387,179,1,True,0.6259999871253967,9,4,12,0.9528517723083496,1.0,0.9897431135177612,0.4528517723083496,0.489743173122406
7388,179,1,True,0.6259999871253967,9,4,12,0.9528517723083496,1.0,0.9897431135177612,0.4528517723083496,0.489743173122406
7390,179,1,True,0.6259999871253967,9,4,12,0.9528517723083496,1.0,0.9897431135177612,0.4528517723083496,0.489743173122406
7391,179,1,True,0.6259999871253967,9,4,12,0.9528517723083496,1.0,0.9897431135177612,0.4528517723083496,0.489743173122406
7393,179,1,True,0.6259999871253967,9,4,12,0.9528517723083496,1.0,0.9897431135177612,0.4528517723083496,0.489743173122406
7394,179,1,True,0.6259999871253967,9,4,12,0.9528517723083496,1.0,0.9897431135177612,0.4528517723083496,0.489743173122406
7395,179,1,True,0.6259999871253967,9,4,12,0.9528517723083496,1.0,0.9897431135177612,0.4528517723083496,0.489743173122406
7397,179,1,True,0.6259999871253967,9,4,12,0.9528517723083496,1.0,0.9897431135177612,0.4528517723083496,0.489743173122406
7398,179,1,True,0.6259999871253967,9,4,12,0.9528517723083496,1.0,0.9897431135177612,0.4528517723083496,0.489743173122406
7399,179,1,True,0.6259999871253967,9,4,12,0.9528517723083496,1.0,0.9897431135177612,0.4528517723083496,0.489743173122406
1947,227,1,True,0.6299999952316284,9,4,12,0.9528517723083496,0.9736956357955933,0.9030061364173889,0.21552342176437378,0.4030061364173889
1953,227,1,True,0.6299999952316284,9,4,12,0.9528517723083496,0.9736956357955933,0.9030061364173889,0.21552342176437378,0.4030061364173889
1954,227,1,True,0.6299999952316284,9,4,12,0.9528517723083496,0.9736956357955933,0.9030061364173889,0.21552342176437378,0.4030061364173889
1955,227,1,True,0.6299999952316284,9,4,12,0.9528517723083496,0.9736956357955933,0.9030061364173889,0.21552342176437378,0.4030061364173889
1957,227,1,True,0.6299999952316284,9,4,12,0.9528517723083496,0.9736956357955933,0.9030061364173889,0.21552342176437378,0.4030061364173889
9280,227,1,True,0.6299999952316284,9,4,12,0.9528517723083496,0.9736956357955933,0.9030061364173889,0.21552342176437378,0.4030061364173889
9283,227,1,True,0.6299999952316284,9,4,12,0.9528517723083496,0.9736956357955933,0.9030061364173889,0.21552342176437378,0.4030061364173889
9284,227,1,True,0.6299999952316284,9,4,12,0.9528517723083496,0.9736956357955933,0.9030061364173889,0.21552342176437378,0.4030061364173889
9285,227,1,True,0.6299999952316284,9,4,12,0.9528517723083496,0.9736956357955933,0.9030061364173889,0.21552342176437378,0.4030061364173889
9286,227,1,True,0.6299999952316284,9,4,12,0.9528517723083496,0.9736956357955933,0.9030061364173889,0.21552342176437378,0.4030061364173889
9287,227,1,True,0.6299999952316284,9,4,12,0.9528517723083496,0.9736956357955933,0.9030061364173889,0.21552342176437378,0.4030061364173889
9288,227,1,True,0.6299999952316284,9,4,12,0.9528517723083496,0.9736956357955933,0.9030061364173889,0.21552342176437378,0.4030061364173889
9290,227,1,True,0.6299999952316284,9,4,12,0.9528517723083496,0.9736956357955933,0.9030061364173889,0.21552342176437378,0.4030061364173889
9292,227,1,True,0.6299999952316284,9,4,12,0.9528517723083496,0.9736956357955933,0.9030061364173889,0.21552342176437378,0.4030061364173889
9293,227,1,True,0.6299999952316284,9,4,12,0.9528517723083496,0.9736956357955933,0.9030061364173889,0.21552342176437378,0.4030061364173889
9294,227,1,True,0.6299999952316284,9,4,12,0.9528517723083496,0.9736956357955933,0.9030061364173889,0.21552342176437378,0.4030061364173889
9296,227,1,True,0.6299999952316284,9,4,12,0.9528517723083496,0.9736956357955933,0.9030061364173889,0.21552342176437378,0.4030061364173889
9297,227,1,True,0.6299999952316284,9,4,12,0.9528517723083496,0.9736956357955933,0.9030061364173889,0.21552342176437378,0.4030061364173889
9298,227,1,True,0.6299999952316284,9,4,12,0.9528517723083496,0.9736956357955933,0.9030061364173889,0.21552342176437378,0.4030061364173889
9299,227,1,True,0.6299999952316284,9,4,12,0.9528517723083496,0.9736956357955933,0.9030061364173889,0.21552342176437378,0.4030061364173889
9300,227,1,True,0.6299999952316284,9,4,12,0.9528517723083496,0.9736956357955933,0.9030061364173889,0.21552342176437378,0.4030061364173889
9301,227,1,True,0.6299999952316284,9,4,12,0.9528517723083496,0.9736956357955933,0.9030061364173889,0.21552342176437378,0.4030061364173889
9303,227,1,True,0.6299999952316284,9,4,12,0.9528517723083496,0.9736956357955933,0.9030061364173889,0.21552342176437378,0.4030061364173889
9304,227,1,True,0.6299999952316284,9,4,12,0.9528517723083496,0.9736956357955933,0.9030061364173889,0.21552342176437378,0.4030061364173889
9305,227,1,True,0.6299999952316284,9,4,12,0.9528517723083496,0.9736956357955933,0.9030061364173889,0.21552342176437378,0.4030061364173889
9306,227,1,True,0.6299999952316284,9,4,12,0.9528517723083496,0.9736956357955933,0.9030061364173889,0.21552342176437378,0.4030061364173889
9307,227,1,True,0.6299999952316284,9,4,12,0.9528517723083496,0.9736956357955933,0.9030061364173889,0.21552342176437378,0.4030061364173889
9308,227,1,True,0.6299999952316284,9,4,12,0.9528517723083496,0.9736956357955933,0.9030061364173889,0.21552342176437378,0.4030061364173889
9309,227,1,True,0.6299999952316284,9,4,12,0.9528517723083496,0.9736956357955933,0.9030061364173889,0.21552342176437378,0.4030061364173889
9310,227,1,True,0.6299999952316284,9,4,12,0.9528517723083496,0.9736956357955933,0.9030061364173889,0.21552342176437378,0.4030061364173889
9312,227,1,True,0.6299999952316284,9,4,12,0.9528517723083496,0.9736956357955933,0.9030061364173889,0.21552342176437378,0.4030061364173889
9313,227,1,True,0.6299999952316284,9,4,12,0.9528517723083496,0.9736956357955933,0.9030061364173889,0.21552342176437378,0.4030061364173889
9314,227,1,True,0.6299999952316284,9,4,12,0.9528517723083496,0.9736956357955933,0.9030061364173889,0.21552342176437378,0.4030061364173889
9316,227,1,True,0.6299999952316284,9,4,12,0.9528517723083496,0.9736956357955933,0.9030061364173889,0.21552342176437378,0.4030061364173889
9317,227,1,True,0.6299999952316284,9,4,12,0.9528517723083496,0.9736956357955933,0.9030061364173889,0.21552342176437378,0.4030061364173889
9318,227,1,True,0.6299999952316284,9,4,12,0.9528517723083496,0.9736956357955933,0.9030061364173889,0.21552342176437378,0.4030061364173889
9319,227,1,True,0.6299999952316284,9,4,12,0.9528517723083496,0.9736956357955933,0.9030061364173889,0.21552342176437378,0.4030061364173889
232,71,1,True,0.6320000290870667,9,4,12,0.9998533725738525,0.999997615814209,0.9998406171798706,0.4989244341850281,0.4998406767845154
233,71,1,True,0.6320000290870667,9,4,12,0.9998533725738525,0.999997615814209,0.9998406171798706,0.4989244341850281,0.4998406767845154
234,71,1,True,0.6320000290870667,9,4,12,0.9998533725738525,0.999997615814209,0.9998406171798706,0.4989244341850281,0.4998406767845154
235,71,1,True,0.6320000290870667,9,4,12,0.9998533725738525,0.999997615814209,0.9998406171798706,0.4989244341850281,0.4998406767845154
237,71,1,True,0.6320000290870667,9,4,12,0.9998533725738525,0.999997615814209,0.9998406171798706,0.4989244341850281,0.4998406767845154
239,71,1,True,0.6320000290870667,9,4,12,0.9998533725738525,0.999997615814209,0.9998406171798706,0.4989244341850281,0.4998406767845154
240,71,1,True,0.6320000290870667,9,4,12,0.9998533725738525,0.999997615814209,0.9998406171798706,0.4989244341850281,0.4998406767845154
3040,71,1,True,0.6320000290870667,9,4,12,0.9998533725738525,0.999997615814209,0.9998406171798706,0.4989244341850281,0.4998406767845154
3041,71,1,True,0.6320000290870667,9,4,12,0.9998533725738525,0.999997615814209,0.9998406171798706,0.4989244341850281,0.4998406767845154
3043,71,1,True,0.6320000290870667,9,4,12,0.9998533725738525,0.999997615814209,0.9998406171798706,0.4989244341850281,0.4998406767845154
3044,71,1,True,0.6320000290870667,9,4,12,0.9998533725738525,0.999997615814209,0.9998406171798706,0.4989244341850281,0.4998406767845154
3045,71,1,True,0.6320000290870667,9,4,12,0.9998533725738525,0.999997615814209,0.9998406171798706,0.4989244341850281,0.4998406767845154
3047,71,1,True,0.6320000290870667,9,4,12,0.9998533725738525,0.999997615814209,0.9998406171798706,0.4989244341850281,0.4998406767845154
3051,71,1,True,0.6320000290870667,9,4,12,0.9998533725738525,0.999997615814209,0.9998406171798706,0.4989244341850281,0.4998406767845154
3052,71,1,True,0.6320000290870667,9,4,12,0.9998533725738525,0.999997615814209,0.9998406171798706,0.4989244341850281,0.4998406767845154
3053,71,1,True,0.6320000290870667,9,4,12,0.9998533725738525,0.999997615814209,0.9998406171798706,0.4989244341850281,0.4998406767845154
3054,71,1,True,0.6320000290870667,9,4,12,0.9998533725738525,0.999997615814209,0.9998406171798706,0.4989244341850281,0.4998406767845154
3058,71,1,True,0.6320000290870667,9,4,12,0.9998533725738525,0.999997615814209,0.9998406171798706,0.4989244341850281,0.4998406767845154
3059,71,1,True,0.6320000290870667,9,4,12,0.9998533725738525,0.999997615814209,0.9998406171798706,0.4989244341850281,0.4998406767845154
3060,71,1,True,0.6320000290870667,9,4,12,0.9998533725738525,0.999997615814209,0.9998406171798706,0.4989244341850281,0.4998406767845154
3061,71,1,True,0.6320000290870667,9,4,12,0.9998533725738525,0.999997615814209,0.9998406171798706,0.4989244341850281,0.4998406767845154
3064,71,1,True,0.6320000290870667,9,4,12,0.9998533725738525,0.999997615814209,0.9998406171798706,0.4989244341850281,0.4998406767845154
3065,71,1,True,0.6320000290870667,9,4,12,0.9998533725738525,0.999997615814209,0.9998406171798706,0.4989244341850281,0.4998406767845154
3066,71,1,True,0.6320000290870667,9,4,12,0.9998533725738525,0.999997615814209,0.9998406171798706,0.4989244341850281,0.4998406767845154
3067,71,1,True,0.6320000290870667,9,4,12,0.9998533725738525,0.999997615814209,0.9998406171798706,0.4989244341850281,0.4998406767845154
3068,71,1,True,0.6320000290870667,9,4,12,0.9998533725738525,0.999997615814209,0.9998406171798706,0.4989244341850281,0.4998406767845154
3069,71,1,True,0.6320000290870667,9,4,12,0.9998533725738525,0.999997615814209,0.9998406171798706,0.4989244341850281,0.4998406767845154
3072,71,1,True,0.6320000290870667,9,4,12,0.9998533725738525,0.999997615814209,0.9998406171798706,0.4989244341850281,0.4998406767845154
3074,71,1,True,0.6320000290870667,9,4,12,0.9998533725738525,0.999997615814209,0.9998406171798706,0.4989244341850281,0.4998406767845154
3075,71,1,True,0.6320000290870667,9,4,12,0.9998533725738525,0.999997615814209,0.9998406171798706,0.4989244341850281,0.4998406767845154
3076,71,1,True,0.6320000290870667,9,4,12,0.9998533725738525,0.999997615814209,0.9998406171798706,0.4989244341850281,0.4998406767845154
3078,71,1,True,0.6320000290870667,9,4,12,0.9998533725738525,0.999997615814209,0.9998406171798706,0.4989244341850281,0.4998406767845154
3079,71,1,True,0.6320000290870667,9,4,12,0.9998533725738525,0.999997615814209,0.9998406171798706,0.4989244341850281,0.4998406767845154
781,121,1,True,0.6439999938011169,9,4,12,0.9528517723083496,0.9999947547912598,0.9732434749603271,0.40596872568130493,0.4732435643672943
5040,121,1,True,0.6439999938011169,9,4,12,0.9528517723083496,0.9999947547912598,0.9732434749603271,0.40596872568130493,0.4732435643672943
5041,121,1,True,0.6439999938011169,9,4,12,0.9528517723083496,0.9999947547912598,0.9732434749603271,0.40596872568130493,0.4732435643672943
782,121,1,True,0.6460000276565552,9,4,12,0.9528517723083496,0.9999947547912598,0.9732434749603271,0.40596872568130493,0.4732435643672943
783,121,1,True,0.6460000276565552,9,4,12,0.9528517723083496,0.9999947547912598,0.9732434749603271,0.40596872568130493,0.4732435643672943
784,121,1,True,0.6460000276565552,9,4,12,0.9528517723083496,0.9999947547912598,0.9732434749603271,0.40596872568130493,0.4732435643672943
785,121,1,True,0.6460000276565552,9,4,12,0.9528517723083496,0.9999947547912598,0.9732434749603271,0.40596872568130493,0.4732435643672943
786,121,1,True,0.6460000276565552,9,4,12,0.9528517723083496,0.9999947547912598,0.9732434749603271,0.40596872568130493,0.4732435643672943
787,121,1,True,0.6460000276565552,9,4,12,0.9528517723083496,0.9999947547912598,0.9732434749603271,0.40596872568130493,0.4732435643672943
788,121,1,True,0.6460000276565552,9,4,12,0.9528517723083496,0.9999947547912598,0.9732434749603271,0.40596872568130493,0.4732435643672943
789,121,1,True,0.6460000276565552,9,4,12,0.9528517723083496,0.9999947547912598,0.9732434749603271,0.40596872568130493,0.4732435643672943
791,121,1,True,0.6460000276565552,9,4,12,0.9528517723083496,0.9999947547912598,0.9732434749603271,0.40596872568130493,0.4732435643672943
5043,121,1,True,0.6460000276565552,9,4,12,0.9528517723083496,0.9999947547912598,0.9732434749603271,0.40596872568130493,0.4732435643672943
5045,121,1,True,0.6460000276565552,9,4,12,0.9528517723083496,0.9999947547912598,0.9732434749603271,0.40596872568130493,0.4732435643672943
5048,121,1,True,0.6460000276565552,9,4,12,0.9528517723083496,0.9999947547912598,0.9732434749603271,0.40596872568130493,0.4732435643672943
5049,121,1,True,0.6460000276565552,9,4,12,0.9528517723083496,0.9999947547912598,0.9732434749603271,0.40596872568130493,0.4732435643672943
5052,121,1,True,0.6460000276565552,9,4,12,0.9528517723083496,0.9999947547912598,0.9732434749603271,0.40596872568130493,0.4732435643672943
5053,121,1,True,0.6460000276565552,9,4,12,0.9528517723083496,0.9999947547912598,0.9732434749603271,0.40596872568130493,0.4732435643672943
5055,121,1,True,0.6460000276565552,9,4,12,0.9528517723083496,0.9999947547912598,0.9732434749603271,0.40596872568130493,0.4732435643672943
5056,121,1,True,0.6460000276565552,9,4,12,0.9528517723083496,0.9999947547912598,0.9732434749603271,0.40596872568130493,0.4732435643672943
5057,121,1,True,0.6460000276565552,9,4,12,0.9528517723083496,0.9999947547912598,0.9732434749603271,0.40596872568130493,0.4732435643672943
5059,121,1,True,0.6460000276565552,9,4,12,0.9528517723083496,0.9999947547912598,0.9732434749603271,0.40596872568130493,0.4732435643672943
5060,121,1,True,0.6460000276565552,9,4,12,0.9528517723083496,0.9999947547912598,0.9732434749603271,0.40596872568130493,0.4732435643672943
5061,121,1,True,0.6460000276565552,9,4,12,0.9528517723083496,0.9999947547912598,0.9732434749603271,0.40596872568130493,0.4732435643672943
5062,121,1,True,0.6460000276565552,9,4,12,0.9528517723083496,0.9999947547912598,0.9732434749603271,0.40596872568130493,0.4732435643672943
5063,121,1,True,0.6460000276565552,9,4,12,0.9528517723083496,0.9999947547912598,0.9732434749603271,0.40596872568130493,0.4732435643672943
5064,121,1,True,0.6460000276565552,9,4,12,0.9528517723083496,0.9999947547912598,0.9732434749603271,0.40596872568130493,0.4732435643672943
5065,121,1,True,0.6460000276565552,9,4,12,0.9528517723083496,0.9999947547912598,0.9732434749603271,0.40596872568130493,0.4732435643672943
5066,121,1,True,0.6460000276565552,9,4,12,0.9528517723083496,0.9999947547912598,0.9732434749603271,0.40596872568130493,0.4732435643672943
5067,121,1,True,0.6460000276565552,9,4,12,0.9528517723083496,0.9999947547912598,0.9732434749603271,0.40596872568130493,0.4732435643672943
5068,121,1,True,0.6460000276565552,9,4,12,0.9528517723083496,0.9999947547912598,0.9732434749603271,0.40596872568130493,0.4732435643672943
5070,121,1,True,0.6460000276565552,9,4,12,0.9528517723083496,0.9999947547912598,0.9732434749603271,0.40596872568130493,0.4732435643672943
5071,121,1,True,0.6460000276565552,9,4,12,0.9528517723083496,0.9999947547912598,0.9732434749603271,0.40596872568130493,0.4732435643672943
5073,121,1,True,0.6460000276565552,9,4,12,0.9528517723083496,0.9999947547912598,0.9732434749603271,0.40596872568130493,0.4732435643672943
5074,121,1,True,0.6460000276565552,9,4,12,0.9528517723083496,0.9999947547912598,0.9732434749603271,0.40596872568130493,0.4732435643672943
5075,121,1,True,0.6460000276565552,9,4,12,0.9528517723083496,0.9999947547912598,0.9732434749603271,0.40596872568130493,0.4732435643672943
5077,121,1,True,0.6460000276565552,9,4,12,0.9528517723083496,0.9999947547912598,0.9732434749603271,0.40596872568130493,0.4732435643672943
1870,220,1,True,0.6480000019073486,9,4,12,0.5376361608505249,0.3106406033039093,0.4294852018356323,0.022964417934417725,0.09449103474617004
1872,220,1,True,0.6480000019073486,9,4,12,0.5376361608505249,0.3106406033039093,0.4294852018356323,0.022964417934417725,0.09449103474617004
1873,220,1,True,0.6480000019073486,9,4,12,0.5376361608505249,0.3106406033039093,0.4294852018356323,0.022964417934417725,0.09449103474617004
9000,220,1,True,0.6480000019073486,9,4,12,0.5376361608505249,0.3106406033039093,0.4294852018356323,0.022964417934417725,0.09449103474617004
9001,220,1,True,0.6480000019073486,9,4,12,0.5376361608505249,0.3106406033039093,0.4294852018356323,0.022964417934417725,0.09449103474617004
9004,220,1,True,0.6480000019073486,9,4,12,0.5376361608505249,0.3106406033039093,0.4294852018356323,0.022964417934417725,0.09449103474617004
9005,220,1,True,0.6480000019073486,9,4,12,0.5376361608505249,0.3106406033039093,0.4294852018356323,0.022964417934417725,0.09449103474617004
9006,220,1,True,0.6480000019073486,9,4,12,0.5376361608505249,0.3106406033039093,0.4294852018356323,0.022964417934417725,0.09449103474617004
9007,220,1,True,0.6480000019073486,9,4,12,0.5376361608505249,0.3106406033039093,0.4294852018356323,0.022964417934417725,0.09449103474617004
9010,220,1,True,0.6480000019073486,9,4,12,0.5376361608505249,0.3106406033039093,0.4294852018356323,0.022964417934417725,0.09449103474617004
9014,220,1,True,0.6480000019073486,9,4,12,0.5376361608505249,0.3106406033039093,0.4294852018356323,0.022964417934417725,0.09449103474617004
9015,220,1,True,0.6480000019073486,9,4,12,0.5376361608505249,0.3106406033039093,0.4294852018356323,0.022964417934417725,0.09449103474617004
9016,220,1,True,0.6480000019073486,9,4,12,0.5376361608505249,0.3106406033039093,0.4294852018356323,0.022964417934417725,0.09449103474617004
9017,220,1,True,0.6480000019073486,9,4,12,0.5376361608505249,0.3106406033039093,0.4294852018356323,0.022964417934417725,0.09449103474617004
9018,220,1,True,0.6480000019073486,9,4,12,0.5376361608505249,0.3106406033039093,0.4294852018356323,0.022964417934417725,0.09449103474617004
9019,220,1,True,0.6480000019073486,9,4,12,0.5376361608505249,0.3106406033039093,0.4294852018356323,0.022964417934417725,0.09449103474617004
9022,220,1,True,0.6480000019073486,9,4,12,0.5376361608505249,0.3106406033039093,0.4294852018356323,0.022964417934417725,0.09449103474617004
9023,220,1,True,0.6480000019073486,9,4,12,0.5376361608505249,0.3106406033039093,0.4294852018356323,0.022964417934417725,0.09449103474617004
9025,220,1,True,0.6480000019073486,9,4,12,0.5376361608505249,0.3106406033039093,0.4294852018356323,0.022964417934417725,0.09449103474617004
9027,220,1,True,0.6480000019073486,9,4,12,0.5376361608505249,0.3106406033039093,0.4294852018356323,0.022964417934417725,0.09449103474617004
9028,220,1,True,0.6480000019073486,9,4,12,0.5376361608505249,0.3106406033039093,0.4294852018356323,0.022964417934417725,0.09449103474617004
9029,220,1,True,0.6480000019073486,9,4,12,0.5376361608505249,0.3106406033039093,0.4294852018356323,0.022964417934417725,0.09449103474617004
9030,220,1,True,0.6480000019073486,9,4,12,0.5376361608505249,0.3106406033039093,0.4294852018356323,0.022964417934417725,0.09449103474617004
9031,220,1,True,0.6480000019073486,9,4,12,0.5376361608505249,0.3106406033039093,0.4294852018356323,0.022964417934417725,0.09449103474617004
9032,220,1,True,0.6480000019073486,9,4,12,0.5376361608505249,0.3106406033039093,0.4294852018356323,0.022964417934417725,0.09449103474617004
9033,220,1,True,0.6480000019073486,9,4,12,0.5376361608505249,0.3106406033039093,0.4294852018356323,0.022964417934417725,0.09449103474617004
9035,220,1,True,0.6480000019073486,9,4,12,0.5376361608505249,0.3106406033039093,0.4294852018356323,0.022964417934417725,0.09449103474617004
9036,220,1,True,0.6480000019073486,9,4,12,0.5376361608505249,0.3106406033039093,0.4294852018356323,0.022964417934417725,0.09449103474617004
9037,220,1,True,0.6480000019073486,9,4,12,0.5376361608505249,0.3106406033039093,0.4294852018356323,0.022964417934417725,0.09449103474617004
9039,220,1,True,0.6480000019073486,9,4,12,0.5376361608505249,0.3106406033039093,0.4294852018356323,0.022964417934417725,0.09449103474617004
595,104,1,True,0.6499999761581421,9,4,12,0.9978777170181274,0.9999802112579346,0.9954433441162109,0.46198397874832153,0.49544334411621094
600,104,1,True,0.6499999761581421,9,4,12,0.9978777170181274,0.9999802112579346,0.9954433441162109,0.46198397874832153,0.49544334411621094
602,104,1,True,0.6499999761581421,9,4,12,0.9978777170181274,0.9999802112579346,0.9954433441162109,0.46198397874832153,0.49544334411621094
603,104,1,True,0.6499999761581421,9,4,12,0.9978777170181274,0.9999802112579346,0.9954433441162109,0.46198397874832153,0.49544334411621094
4361,104,1,True,0.6499999761581421,9,4,12,0.9978777170181274,0.9999802112579346,0.9954433441162109,0.46198397874832153,0.49544334411621094
4362,104,1,True,0.6499999761581421,9,4,12,0.9978777170181274,0.9999802112579346,0.9954433441162109,0.46198397874832153,0.49544334411621094
4363,104,1,True,0.6499999761581421,9,4,12,0.9978777170181274,0.9999802112579346,0.9954433441162109,0.46198397874832153,0.49544334411621094
4365,104,1,True,0.6499999761581421,9,4,12,0.9978777170181274,0.9999802112579346,0.9954433441162109,0.46198397874832153,0.49544334411621094
4366,104,1,True,0.6499999761581421,9,4,12,0.9978777170181274,0.9999802112579346,0.9954433441162109,0.46198397874832153,0.49544334411621094
4367,104,1,True,0.6499999761581421,9,4,12,0.9978777170181274,0.9999802112579346,0.9954433441162109,0.46198397874832153,0.49544334411621094
4368,104,1,True,0.6499999761581421,9,4,12,0.9978777170181274,0.9999802112579346,0.9954433441162109,0.46198397874832153,0.49544334411621094
4369,104,1,True,0.6499999761581421,9,4,12,0.9978777170181274,0.9999802112579346,0.9954433441162109,0.46198397874832153,0.49544334411621094
4370,104,1,True,0.6499999761581421,9,4,12,0.9978777170181274,0.9999802112579346,0.9954433441162109,0.46198397874832153,0.49544334411621094
4371,104,1,True,0.6499999761581421,9,4,12,0.9978777170181274,0.9999802112579346,0.9954433441162109,0.46198397874832153,0.49544334411621094
4372,104,1,True,0.6499999761581421,9,4,12,0.9978777170181274,0.9999802112579346,0.9954433441162109,0.46198397874832153,0.49544334411621094
4373,104,1,True,0.6499999761581421,9,4,12,0.9978777170181274,0.9999802112579346,0.9954433441162109,0.46198397874832153,0.49544334411621094
4374,104,1,True,0.6499999761581421,9,4,12,0.9978777170181274,0.9999802112579346,0.9954433441162109,0.46198397874832153,0.49544334411621094
4375,104,1,True,0.6499999761581421,9,4,12,0.9978777170181274,0.9999802112579346,0.9954433441162109,0.46198397874832153,0.49544334411621094
4376,104,1,True,0.6499999761581421,9,4,12,0.9978777170181274,0.9999802112579346,0.9954433441162109,0.46198397874832153,0.49544334411621094
4377,104,1,True,0.6499999761581421,9,4,12,0.9978777170181274,0.9999802112579346,0.9954433441162109,0.46198397874832153,0.49544334411621094
4379,104,1,True,0.6499999761581421,9,4,12,0.9978777170181274,0.9999802112579346,0.9954433441162109,0.46198397874832153,0.49544334411621094
4380,104,1,True,0.6499999761581421,9,4,12,0.9978777170181274,0.9999802112579346,0.9954433441162109,0.46198397874832153,0.49544334411621094
4383,104,1,True,0.6499999761581421,9,4,12,0.9978777170181274,0.9999802112579346,0.9954433441162109,0.46198397874832153,0.49544334411621094
4384,104,1,True,0.6499999761581421,9,4,12,0.9978777170181274,0.9999802112579346,0.9954433441162109,0.46198397874832153,0.49544334411621094
4387,104,1,True,0.6499999761581421,9,4,12,0.9978777170181274,0.9999802112579346,0.9954433441162109,0.46198397874832153,0.49544334411621094
4388,104,1,True,0.6499999761581421,9,4,12,0.9978777170181274,0.9999802112579346,0.9954433441162109,0.46198397874832153,0.49544334411621094
4389,104,1,True,0.6499999761581421,9,4,12,0.9978777170181274,0.9999802112579346,0.9954433441162109,0.46198397874832153,0.49544334411621094
4391,104,1,True,0.6499999761581421,9,4,12,0.9978777170181274,0.9999802112579346,0.9954433441162109,0.46198397874832153,0.49544334411621094
4392,104,1,True,0.6499999761581421,9,4,12,0.9978777170181274,0.9999802112579346,0.9954433441162109,0.46198397874832153,0.49544334411621094
4394,104,1,True,0.6499999761581421,9,4,12,0.9978777170181274,0.9999802112579346,0.9954433441162109,0.46198397874832153,0.49544334411621094
4395,104,1,True,0.6499999761581421,9,4,12,0.9978777170181274,0.9999802112579346,0.9954433441162109,0.46198397874832153,0.49544334411621094
4396,104,1,True,0.6499999761581421,9,4,12,0.9978777170181274,0.9999802112579346,0.9954433441162109,0.46198397874832153,0.49544334411621094
4397,104,1,True,0.6499999761581421,9,4,12,0.9978777170181274,0.9999802112579346,0.9954433441162109,0.46198397874832153,0.49544334411621094
4398,104,1,True,0.6499999761581421,9,4,12,0.9978777170181274,0.9999802112579346,0.9954433441162109,0.46198397874832153,0.49544334411621094
1375,175,1,True,0.6499999761581421,9,4,12,0.5602678060531616,1.0,0.8455833792686462,0.03708040714263916,0.34558331966400146
1376,175,1,True,0.6499999761581421,9,4,12,0.5602678060531616,1.0,0.8455833792686462,0.03708040714263916,0.34558331966400146
1377,175,1,True,0.6499999761581421,9,4,12,0.5602678060531616,1.0,0.8455833792686462,0.03708040714263916,0.34558331966400146
1379,175,1,True,0.6499999761581421,9,4,12,0.5602678060531616,1.0,0.8455833792686462,0.03708040714263916,0.34558331966400146
1381,175,1,True,0.6499999761581421,9,4,12,0.5602678060531616,1.0,0.8455833792686462,0.03708040714263916,0.34558331966400146
1382,175,1,True,0.6499999761581421,9,4,12,0.5602678060531616,1.0,0.8455833792686462,0.03708040714263916,0.34558331966400146
1384,175,1,True,0.6499999761581421,9,4,12,0.5602678060531616,1.0,0.8455833792686462,0.03708040714263916,0.34558331966400146
1385,175,1,True,0.6499999761581421,9,4,12,0.5602678060531616,1.0,0.8455833792686462,0.03708040714263916,0.34558331966400146
7200,175,1,True,0.6499999761581421,9,4,12,0.5602678060531616,1.0,0.8455833792686462,0.03708040714263916,0.34558331966400146
7203,175,1,True,0.6499999761581421,9,4,12,0.5602678060531616,1.0,0.8455833792686462,0.03708040714263916,0.34558331966400146
7204,175,1,True,0.6499999761581421,9,4,12,0.5602678060531616,1.0,0.8455833792686462,0.03708040714263916,0.34558331966400146
7205,175,1,True,0.6499999761581421,9,4,12,0.5602678060531616,1.0,0.8455833792686462,0.03708040714263916,0.34558331966400146
7206,175,1,True,0.6499999761581421,9,4,12,0.5602678060531616,1.0,0.8455833792686462,0.03708040714263916,0.34558331966400146
7207,175,1,True,0.6499999761581421,9,4,12,0.5602678060531616,1.0,0.8455833792686462,0.03708040714263916,0.34558331966400146
7208,175,1,True,0.6499999761581421,9,4,12,0.5602678060531616,1.0,0.8455833792686462,0.03708040714263916,0.34558331966400146
7209,175,1,True,0.6499999761581421,9,4,12,0.5602678060531616,1.0,0.8455833792686462,0.03708040714263916,0.34558331966400146
7210,175,1,True,0.6499999761581421,9,4,12,0.5602678060531616,1.0,0.8455833792686462,0.03708040714263916,0.34558331966400146
7211,175,1,True,0.6499999761581421,9,4,12,0.5602678060531616,1.0,0.8455833792686462,0.03708040714263916,0.34558331966400146
7216,175,1,True,0.6499999761581421,9,4,12,0.5602678060531616,1.0,0.8455833792686462,0.03708040714263916,0.34558331966400146
7217,175,1,True,0.6499999761581421,9,4,12,0.5602678060531616,1.0,0.8455833792686462,0.03708040714263916,0.34558331966400146
7218,175,1,True,0.6499999761581421,9,4,12,0.5602678060531616,1.0,0.8455833792686462,0.03708040714263916,0.34558331966400146
7219,175,1,True,0.6499999761581421,9,4,12,0.5602678060531616,1.0,0.8455833792686462,0.03708040714263916,0.34558331966400146
7220,175,1,True,0.6499999761581421,9,4,12,0.5602678060531616,1.0,0.8455833792686462,0.03708040714263916,0.34558331966400146
7222,175,1,True,0.6499999761581421,9,4,12,0.5602678060531616,1.0,0.8455833792686462,0.03708040714263916,0.34558331966400146
7224,175,1,True,0.6499999761581421,9,4,12,0.5602678060531616,1.0,0.8455833792686462,0.03708040714263916,0.34558331966400146
7225,175,1,True,0.6499999761581421,9,4,12,0.5602678060531616,1.0,0.8455833792686462,0.03708040714263916,0.34558331966400146
7226,175,1,True,0.6499999761581421,9,4,12,0.5602678060531616,1.0,0.8455833792686462,0.03708040714263916,0.34558331966400146
7227,175,1,True,0.6499999761581421,9,4,12,0.5602678060531616,1.0,0.8455833792686462,0.03708040714263916,0.34558331966400146
7228,175,1,True,0.6499999761581421,9,4,12,0.5602678060531616,1.0,0.8455833792686462,0.03708040714263916,0.34558331966400146
7229,175,1,True,0.6499999761581421,9,4,12,0.5602678060531616,1.0,0.8455833792686462,0.03708040714263916,0.34558331966400146
7231,175,1,True,0.6499999761581421,9,4,12,0.5602678060531616,1.0,0.8455833792686462,0.03708040714263916,0.34558331966400146
7232,175,1,True,0.6499999761581421,9,4,12,0.5602678060531616,1.0,0.8455833792686462,0.03708040714263916,0.34558331966400146
7233,175,1,True,0.6499999761581421,9,4,12,0.5602678060531616,1.0,0.8455833792686462,0.03708040714263916,0.34558331966400146
7234,175,1,True,0.6499999761581421,9,4,12,0.5602678060531616,1.0,0.8455833792686462,0.03708040714263916,0.34558331966400146
7237,175,1,True,0.6499999761581421,9,4,12,0.5602678060531616,1.0,0.8455833792686462,0.03708040714263916,0.34558331966400146
7238,175,1,True,0.6499999761581421,9,4,12,0.5602678060531616,1.0,0.8455833792686462,0.03708040714263916,0.34558331966400146
66,56,1,True,0.6539999842643738,9,4,12,0.9528517723083496,1.0,0.9936594367027283,0.4528517723083496,0.49365949630737305
67,56,1,True,0.6539999842643738,9,4,12,0.9528517723083496,1.0,0.9936594367027283,0.4528517723083496,0.49365949630737305
69,56,1,True,0.6539999842643738,9,4,12,0.9528517723083496,1.0,0.9936594367027283,0.4528517723083496,0.49365949630737305
70,56,1,True,0.6539999842643738,9,4,12,0.9528517723083496,1.0,0.9936594367027283,0.4528517723083496,0.49365949630737305
73,56,1,True,0.6539999842643738,9,4,12,0.9528517723083496,1.0,0.9936594367027283,0.4528517723083496,0.49365949630737305
2441,56,1,True,0.6539999842643738,9,4,12,0.9528517723083496,1.0,0.9936594367027283,0.4528517723083496,0.49365949630737305
2442,56,1,True,0.6539999842643738,9,4,12,0.9528517723083496,1.0,0.9936594367027283,0.4528517723083496,0.49365949630737305
2443,56,1,True,0.6539999842643738,9,4,12,0.9528517723083496,1.0,0.9936594367027283,0.4528517723083496,0.49365949630737305
2447,56,1,True,0.6539999842643738,9,4,12,0.9528517723083496,1.0,0.9936594367027283,0.4528517723083496,0.49365949630737305
2448,56,1,True,0.6539999842643738,9,4,12,0.9528517723083496,1.0,0.9936594367027283,0.4528517723083496,0.49365949630737305
2449,56,1,True,0.6539999842643738,9,4,12,0.9528517723083496,1.0,0.9936594367027283,0.4528517723083496,0.49365949630737305
2451,56,1,True,0.6539999842643738,9,4,12,0.9528517723083496,1.0,0.9936594367027283,0.4528517723083496,0.49365949630737305
2452,56,1,True,0.6539999842643738,9,4,12,0.9528517723083496,1.0,0.9936594367027283,0.4528517723083496,0.49365949630737305
2453,56,1,True,0.6539999842643738,9,4,12,0.9528517723083496,1.0,0.9936594367027283,0.4528517723083496,0.49365949630737305
2454,56,1,True,0.6539999842643738,9,4,12,0.9528517723083496,1.0,0.9936594367027283,0.4528517723083496,0.49365949630737305
2455,56,1,True,0.6539999842643738,9,4,12,0.9528517723083496,1.0,0.9936594367027283,0.4528517723083496,0.49365949630737305
2456,56,1,True,0.6539999842643738,9,4,12,0.9528517723083496,1.0,0.9936594367027283,0.4528517723083496,0.49365949630737305
2457,56,1,True,0.6539999842643738,9,4,12,0.9528517723083496,1.0,0.9936594367027283,0.4528517723083496,0.49365949630737305
2458,56,1,True,0.6539999842643738,9,4,12,0.9528517723083496,1.0,0.9936594367027283,0.4528517723083496,0.49365949630737305
2459,56,1,True,0.6539999842643738,9,4,12,0.9528517723083496,1.0,0.9936594367027283,0.4528517723083496,0.49365949630737305
2461,56,1,True,0.6539999842643738,9,4,12,0.9528517723083496,1.0,0.9936594367027283,0.4528517723083496,0.49365949630737305
2462,56,1,True,0.6539999842643738,9,4,12,0.9528517723083496,1.0,0.9936594367027283,0.4528517723083496,0.49365949630737305
2463,56,1,True,0.6539999842643738,9,4,12,0.9528517723083496,1.0,0.9936594367027283,0.4528517723083496,0.49365949630737305
2464,56,1,True,0.6539999842643738,9,4,12,0.9528517723083496,1.0,0.9936594367027283,0.4528517723083496,0.49365949630737305
2465,56,1,True,0.6539999842643738,9,4,12,0.9528517723083496,1.0,0.9936594367027283,0.4528517723083496,0.49365949630737305
2466,56,1,True,0.6539999842643738,9,4,12,0.9528517723083496,1.0,0.9936594367027283,0.4528517723083496,0.49365949630737305
2467,56,1,True,0.6539999842643738,9,4,12,0.9528517723083496,1.0,0.9936594367027283,0.4528517723083496,0.49365949630737305
75,56,1,True,0.656000018119812,9,4,12,0.9528517723083496,1.0,0.9936594367027283,0.4528517723083496,0.49365949630737305
76,56,1,True,0.656000018119812,9,4,12,0.9528517723083496,1.0,0.9936594367027283,0.4528517723083496,0.49365949630737305
2472,56,1,True,0.656000018119812,9,4,12,0.9528517723083496,1.0,0.9936594367027283,0.4528517723083496,0.49365949630737305
2475,56,1,True,0.656000018119812,9,4,12,0.9528517723083496,1.0,0.9936594367027283,0.4528517723083496,0.49365949630737305
2476,56,1,True,0.656000018119812,9,4,12,0.9528517723083496,1.0,0.9936594367027283,0.4528517723083496,0.49365949630737305
2479,56,1,True,0.656000018119812,9,4,12,0.9528517723083496,1.0,0.9936594367027283,0.4528517723083496,0.49365949630737305
2096,240,1,True,0.6620000004768372,9,4,12,0.9528517723083496,0.9918578267097473,0.9598328471183777,0.2149849534034729,0.4598328769207001
2097,240,1,True,0.6620000004768372,9,4,12,0.9528517723083496,0.9918578267097473,0.9598328471183777,0.2149849534034729,0.4598328769207001
2099,240,1,True,0.6620000004768372,9,4,12,0.9528517723083496,0.9918578267097473,0.9598328471183777,0.2149849534034729,0.4598328769207001
9817,240,1,True,0.6620000004768372,9,4,12,0.9528517723083496,0.9918578267097473,0.9598328471183777,0.2149849534034729,0.4598328769207001
9818,240,1,True,0.6620000004768372,9,4,12,0.9528517723083496,0.9918578267097473,0.9598328471183777,0.2149849534034729,0.4598328769207001
9822,240,1,True,0.6620000004768372,9,4,12,0.9528517723083496,0.9918578267097473,0.9598328471183777,0.2149849534034729,0.4598328769207001
9824,240,1,True,0.6620000004768372,9,4,12,0.9528517723083496,0.9918578267097473,0.9598328471183777,0.2149849534034729,0.4598328769207001
9825,240,1,True,0.6620000004768372,9,4,12,0.9528517723083496,0.9918578267097473,0.9598328471183777,0.2149849534034729,0.4598328769207001
9826,240,1,True,0.6620000004768372,9,4,12,0.9528517723083496,0.9918578267097473,0.9598328471183777,0.2149849534034729,0.4598328769207001
9827,240,1,True,0.6620000004768372,9,4,12,0.9528517723083496,0.9918578267097473,0.9598328471183777,0.2149849534034729,0.4598328769207001
9829,240,1,True,0.6620000004768372,9,4,12,0.9528517723083496,0.9918578267097473,0.9598328471183777,0.2149849534034729,0.4598328769207001
9831,240,1,True,0.6620000004768372,9,4,12,0.9528517723083496,0.9918578267097473,0.9598328471183777,0.2149849534034729,0.4598328769207001
9832,240,1,True,0.6620000004768372,9,4,12,0.9528517723083496,0.9918578267097473,0.9598328471183777,0.2149849534034729,0.4598328769207001
9833,240,1,True,0.6620000004768372,9,4,12,0.9528517723083496,0.9918578267097473,0.9598328471183777,0.2149849534034729,0.4598328769207001
9834,240,1,True,0.6620000004768372,9,4,12,0.9528517723083496,0.9918578267097473,0.9598328471183777,0.2149849534034729,0.4598328769207001
9835,240,1,True,0.6620000004768372,9,4,12,0.9528517723083496,0.9918578267097473,0.9598328471183777,0.2149849534034729,0.4598328769207001
9836,240,1,True,0.6620000004768372,9,4,12,0.9528517723083496,0.9918578267097473,0.9598328471183777,0.2149849534034729,0.4598328769207001
9837,240,1,True,0.6620000004768372,9,4,12,0.9528517723083496,0.9918578267097473,0.9598328471183777,0.2149849534034729,0.4598328769207001
9838,240,1,True,0.6620000004768372,9,4,12,0.9528517723083496,0.9918578267097473,0.9598328471183777,0.2149849534034729,0.4598328769207001
662,110,1,True,0.6660000085830688,9,4,12,0.07457860559225082,0.9998052716255188,0.5055993795394897,0.05277609825134277,0.31460118293762207
663,110,1,True,0.6660000085830688,9,4,12,0.07457860559225082,0.9998052716255188,0.5055993795394897,0.05277609825134277,0.31460118293762207
664,110,1,True,0.6660000085830688,9,4,12,0.07457860559225082,0.9998052716255188,0.5055993795394897,0.05277609825134277,0.31460118293762207
665,110,1,True,0.6660000085830688,9,4,12,0.07457860559225082,0.9998052716255188,0.5055993795394897,0.05277609825134277,0.31460118293762207
666,110,1,True,0.6660000085830688,9,4,12,0.07457860559225082,0.9998052716255188,0.5055993795394897,0.05277609825134277,0.31460118293762207
667,110,1,True,0.6660000085830688,9,4,12,0.07457860559225082,0.9998052716255188,0.5055993795394897,0.05277609825134277,0.31460118293762207
669,110,1,True,0.6660000085830688,9,4,12,0.07457860559225082,0.9998052716255188,0.5055993795394897,0.05277609825134277,0.31460118293762207
670,110,1,True,0.6660000085830688,9,4,12,0.07457860559225082,0.9998052716255188,0.5055993795394897,0.05277609825134277,0.31460118293762207
4601,110,1,True,0.6660000085830688,9,4,12,0.07457860559225082,0.9998052716255188,0.5055993795394897,0.05277609825134277,0.31460118293762207
4607,110,1,True,0.6660000085830688,9,4,12,0.07457860559225082,0.9998052716255188,0.5055993795394897,0.05277609825134277,0.31460118293762207
4608,110,1,True,0.6660000085830688,9,4,12,0.07457860559225082,0.9998052716255188,0.5055993795394897,0.05277609825134277,0.31460118293762207
4609,110,1,True,0.6660000085830688,9,4,12,0.07457860559225082,0.9998052716255188,0.5055993795394897,0.05277609825134277,0.31460118293762207
4610,110,1,True,0.6660000085830688,9,4,12,0.07457860559225082,0.9998052716255188,0.5055993795394897,0.05277609825134277,0.31460118293762207
4611,110,1,True,0.6660000085830688,9,4,12,0.07457860559225082,0.9998052716255188,0.5055993795394897,0.05277609825134277,0.31460118293762207
4612,110,1,True,0.6660000085830688,9,4,12,0.07457860559225082,0.9998052716255188,0.5055993795394897,0.05277609825134277,0.31460118293762207
4614,110,1,True,0.6660000085830688,9,4,12,0.07457860559225082,0.9998052716255188,0.5055993795394897,0.05277609825134277,0.31460118293762207
4615,110,1,True,0.6660000085830688,9,4,12,0.07457860559225082,0.9998052716255188,0.5055993795394897,0.05277609825134277,0.31460118293762207
4616,110,1,True,0.6660000085830688,9,4,12,0.07457860559225082,0.9998052716255188,0.5055993795394897,0.05277609825134277,0.31460118293762207
4617,110,1,True,0.6660000085830688,9,4,12,0.07457860559225082,0.9998052716255188,0.5055993795394897,0.05277609825134277,0.31460118293762207
4618,110,1,True,0.6660000085830688,9,4,12,0.07457860559225082,0.9998052716255188,0.5055993795394897,0.05277609825134277,0.31460118293762207
4619,110,1,True,0.6660000085830688,9,4,12,0.07457860559225082,0.9998052716255188,0.5055993795394897,0.05277609825134277,0.31460118293762207
4620,110,1,True,0.6660000085830688,9,4,12,0.07457860559225082,0.9998052716255188,0.5055993795394897,0.05277609825134277,0.31460118293762207
4621,110,1,True,0.6660000085830688,9,4,12,0.07457860559225082,0.9998052716255188,0.5055993795394897,0.05277609825134277,0.31460118293762207
4623,110,1,True,0.6660000085830688,9,4,12,0.07457860559225082,0.9998052716255188,0.5055993795394897,0.05277609825134277,0.31460118293762207
4625,110,1,True,0.6660000085830688,9,4,12,0.07457860559225082,0.9998052716255188,0.5055993795394897,0.05277609825134277,0.31460118293762207
4626,110,1,True,0.6660000085830688,9,4,12,0.07457860559225082,0.9998052716255188,0.5055993795394897,0.05277609825134277,0.31460118293762207
4627,110,1,True,0.6660000085830688,9,4,12,0.07457860559225082,0.9998052716255188,0.5055993795394897,0.05277609825134277,0.31460118293762207
4628,110,1,True,0.6660000085830688,9,4,12,0.07457860559225082,0.9998052716255188,0.5055993795394897,0.05277609825134277,0.31460118293762207
4629,110,1,True,0.6660000085830688,9,4,12,0.07457860559225082,0.9998052716255188,0.5055993795394897,0.05277609825134277,0.31460118293762207
4630,110,1,True,0.6660000085830688,9,4,12,0.07457860559225082,0.9998052716255188,0.5055993795394897,0.05277609825134277,0.31460118293762207
4631,110,1,True,0.6660000085830688,9,4,12,0.07457860559225082,0.9998052716255188,0.5055993795394897,0.05277609825134277,0.31460118293762207
4632,110,1,True,0.6660000085830688,9,4,12,0.07457860559225082,0.9998052716255188,0.5055993795394897,0.05277609825134277,0.31460118293762207
4634,110,1,True,0.6660000085830688,9,4,12,0.07457860559225082,0.9998052716255188,0.5055993795394897,0.05277609825134277,0.31460118293762207
4636,110,1,True,0.6660000085830688,9,4,12,0.07457860559225082,0.9998052716255188,0.5055993795394897,0.05277609825134277,0.31460118293762207
4639,110,1,True,0.6660000085830688,9,4,12,0.07457860559225082,0.9998052716255188,0.5055993795394897,0.05277609825134277,0.31460118293762207
913,133,1,True,0.6660000085830688,9,4,12,0.07457860559225082,1.0,0.8827601075172424,0.3919074535369873,0.47729820013046265
914,133,1,True,0.6660000085830688,9,4,12,0.07457860559225082,1.0,0.8827601075172424,0.3919074535369873,0.47729820013046265
915,133,1,True,0.6660000085830688,9,4,12,0.07457860559225082,1.0,0.8827601075172424,0.3919074535369873,0.47729820013046265
916,133,1,True,0.6660000085830688,9,4,12,0.07457860559225082,1.0,0.8827601075172424,0.3919074535369873,0.47729820013046265
917,133,1,True,0.6660000085830688,9,4,12,0.07457860559225082,1.0,0.8827601075172424,0.3919074535369873,0.47729820013046265
918,133,1,True,0.6660000085830688,9,4,12,0.07457860559225082,1.0,0.8827601075172424,0.3919074535369873,0.47729820013046265
921,133,1,True,0.6660000085830688,9,4,12,0.07457860559225082,1.0,0.8827601075172424,0.3919074535369873,0.47729820013046265
922,133,1,True,0.6660000085830688,9,4,12,0.07457860559225082,1.0,0.8827601075172424,0.3919074535369873,0.47729820013046265
923,133,1,True,0.6660000085830688,9,4,12,0.07457860559225082,1.0,0.8827601075172424,0.3919074535369873,0.47729820013046265
5520,133,1,True,0.6660000085830688,9,4,12,0.07457860559225082,1.0,0.8827601075172424,0.3919074535369873,0.47729820013046265
5521,133,1,True,0.6660000085830688,9,4,12,0.07457860559225082,1.0,0.8827601075172424,0.3919074535369873,0.47729820013046265
5523,133,1,True,0.6660000085830688,9,4,12,0.07457860559225082,1.0,0.8827601075172424,0.3919074535369873,0.47729820013046265
5525,133,1,True,0.6660000085830688,9,4,12,0.07457860559225082,1.0,0.8827601075172424,0.3919074535369873,0.47729820013046265
5527,133,1,True,0.6660000085830688,9,4,12,0.07457860559225082,1.0,0.8827601075172424,0.3919074535369873,0.47729820013046265
5528,133,1,True,0.6660000085830688,9,4,12,0.07457860559225082,1.0,0.8827601075172424,0.3919074535369873,0.47729820013046265
5530,133,1,True,0.6660000085830688,9,4,12,0.07457860559225082,1.0,0.8827601075172424,0.3919074535369873,0.47729820013046265
5531,133,1,True,0.6660000085830688,9,4,12,0.07457860559225082,1.0,0.8827601075172424,0.3919074535369873,0.47729820013046265
5533,133,1,True,0.6660000085830688,9,4,12,0.07457860559225082,1.0,0.8827601075172424,0.3919074535369873,0.47729820013046265
5534,133,1,True,0.6660000085830688,9,4,12,0.07457860559225082,1.0,0.8827601075172424,0.3919074535369873,0.47729820013046265
5535,133,1,True,0.6660000085830688,9,4,12,0.07457860559225082,1.0,0.8827601075172424,0.3919074535369873,0.47729820013046265
5536,133,1,True,0.6660000085830688,9,4,12,0.07457860559225082,1.0,0.8827601075172424,0.3919074535369873,0.47729820013046265
5537,133,1,True,0.6660000085830688,9,4,12,0.07457860559225082,1.0,0.8827601075172424,0.3919074535369873,0.47729820013046265
5538,133,1,True,0.6660000085830688,9,4,12,0.07457860559225082,1.0,0.8827601075172424,0.3919074535369873,0.47729820013046265
5539,133,1,True,0.6660000085830688,9,4,12,0.07457860559225082,1.0,0.8827601075172424,0.3919074535369873,0.47729820013046265
5540,133,1,True,0.6660000085830688,9,4,12,0.07457860559225082,1.0,0.8827601075172424,0.3919074535369873,0.47729820013046265
5542,133,1,True,0.6660000085830688,9,4,12,0.07457860559225082,1.0,0.8827601075172424,0.3919074535369873,0.47729820013046265
5543,133,1,True,0.6660000085830688,9,4,12,0.07457860559225082,1.0,0.8827601075172424,0.3919074535369873,0.47729820013046265
5546,133,1,True,0.6660000085830688,9,4,12,0.07457860559225082,1.0,0.8827601075172424,0.3919074535369873,0.47729820013046265
5547,133,1,True,0.6660000085830688,9,4,12,0.07457860559225082,1.0,0.8827601075172424,0.3919074535369873,0.47729820013046265
5548,133,1,True,0.6660000085830688,9,4,12,0.07457860559225082,1.0,0.8827601075172424,0.3919074535369873,0.47729820013046265
5550,133,1,True,0.6660000085830688,9,4,12,0.07457860559225082,1.0,0.8827601075172424,0.3919074535369873,0.47729820013046265
5551,133,1,True,0.6660000085830688,9,4,12,0.07457860559225082,1.0,0.8827601075172424,0.3919074535369873,0.47729820013046265
5552,133,1,True,0.6660000085830688,9,4,12,0.07457860559225082,1.0,0.8827601075172424,0.3919074535369873,0.47729820013046265
5555,133,1,True,0.6660000085830688,9,4,12,0.07457860559225082,1.0,0.8827601075172424,0.3919074535369873,0.47729820013046265
5556,133,1,True,0.6660000085830688,9,4,12,0.07457860559225082,1.0,0.8827601075172424,0.3919074535369873,0.47729820013046265
5559,133,1,True,0.6660000085830688,9,4,12,0.07457860559225082,1.0,0.8827601075172424,0.3919074535369873,0.47729820013046265
847,127,1,True,0.6679999828338623,9,4,12,0.5376361608505249,1.0,0.8382575511932373,0.022964417934417725,0.3382575213909149
848,127,1,True,0.6679999828338623,9,4,12,0.5376361608505249,1.0,0.8382575511932373,0.022964417934417725,0.3382575213909149
849,127,1,True,0.6679999828338623,9,4,12,0.5376361608505249,1.0,0.8382575511932373,0.022964417934417725,0.3382575213909149
5280,127,1,True,0.6679999828338623,9,4,12,0.5376361608505249,1.0,0.8382575511932373,0.022964417934417725,0.3382575213909149
5281,127,1,True,0.6679999828338623,9,4,12,0.5376361608505249,1.0,0.8382575511932373,0.022964417934417725,0.3382575213909149
5282,127,1,True,0.6679999828338623,9,4,12,0.5376361608505249,1.0,0.8382575511932373,0.022964417934417725,0.3382575213909149
5284,127,1,True,0.6679999828338623,9,4,12,0.5376361608505249,1.0,0.8382575511932373,0.022964417934417725,0.3382575213909149
5286,127,1,True,0.6679999828338623,9,4,12,0.5376361608505249,1.0,0.8382575511932373,0.022964417934417725,0.3382575213909149
5287,127,1,True,0.6679999828338623,9,4,12,0.5376361608505249,1.0,0.8382575511932373,0.022964417934417725,0.3382575213909149
671,111,1,True,0.6700000166893005,9,4,12,0.5376361608505249,0.9985684156417847,0.8408811092376709,0.022964417934417725,0.3408810794353485
672,111,1,True,0.6700000166893005,9,4,12,0.5376361608505249,0.9985684156417847,0.8408811092376709,0.022964417934417725,0.3408810794353485
673,111,1,True,0.6700000166893005,9,4,12,0.5376361608505249,0.9985684156417847,0.8408811092376709,0.022964417934417725,0.3408810794353485
674,111,1,True,0.6700000166893005,9,4,12,0.5376361608505249,0.9985684156417847,0.8408811092376709,0.022964417934417725,0.3408810794353485
677,111,1,True,0.6700000166893005,9,4,12,0.5376361608505249,0.9985684156417847,0.8408811092376709,0.022964417934417725,0.3408810794353485
679,111,1,True,0.6700000166893005,9,4,12,0.5376361608505249,0.9985684156417847,0.8408811092376709,0.022964417934417725,0.3408810794353485
681,111,1,True,0.6700000166893005,9,4,12,0.5376361608505249,0.9985684156417847,0.8408811092376709,0.022964417934417725,0.3408810794353485
4640,111,1,True,0.6700000166893005,9,4,12,0.5376361608505249,0.9985684156417847,0.8408811092376709,0.022964417934417725,0.3408810794353485
4641,111,1,True,0.6700000166893005,9,4,12,0.5376361608505249,0.9985684156417847,0.8408811092376709,0.022964417934417725,0.3408810794353485
4642,111,1,True,0.6700000166893005,9,4,12,0.5376361608505249,0.9985684156417847,0.8408811092376709,0.022964417934417725,0.3408810794353485
4643,111,1,True,0.6700000166893005,9,4,12,0.5376361608505249,0.9985684156417847,0.8408811092376709,0.022964417934417725,0.3408810794353485
4644,111,1,True,0.6700000166893005,9,4,12,0.5376361608505249,0.9985684156417847,0.8408811092376709,0.022964417934417725,0.3408810794353485
4646,111,1,True,0.6700000166893005,9,4,12,0.5376361608505249,0.9985684156417847,0.8408811092376709,0.022964417934417725,0.3408810794353485
4647,111,1,True,0.6700000166893005,9,4,12,0.5376361608505249,0.9985684156417847,0.8408811092376709,0.022964417934417725,0.3408810794353485
4648,111,1,True,0.6700000166893005,9,4,12,0.5376361608505249,0.9985684156417847,0.8408811092376709,0.022964417934417725,0.3408810794353485
4650,111,1,True,0.6700000166893005,9,4,12,0.5376361608505249,0.9985684156417847,0.8408811092376709,0.022964417934417725,0.3408810794353485
4653,111,1,True,0.6700000166893005,9,4,12,0.5376361608505249,0.9985684156417847,0.8408811092376709,0.022964417934417725,0.3408810794353485
4655,111,1,True,0.6700000166893005,9,4,12,0.5376361608505249,0.9985684156417847,0.8408811092376709,0.022964417934417725,0.3408810794353485
4656,111,1,True,0.6700000166893005,9,4,12,0.5376361608505249,0.9985684156417847,0.8408811092376709,0.022964417934417725,0.3408810794353485
4660,111,1,True,0.6700000166893005,9,4,12,0.5376361608505249,0.9985684156417847,0.8408811092376709,0.022964417934417725,0.3408810794353485
4661,111,1,True,0.6700000166893005,9,4,12,0.5376361608505249,0.9985684156417847,0.8408811092376709,0.022964417934417725,0.3408810794353485
4662,111,1,True,0.6700000166893005,9,4,12,0.5376361608505249,0.9985684156417847,0.8408811092376709,0.022964417934417725,0.3408810794353485
4666,111,1,True,0.6700000166893005,9,4,12,0.5376361608505249,0.9985684156417847,0.8408811092376709,0.022964417934417725,0.3408810794353485
4668,111,1,True,0.6700000166893005,9,4,12,0.5376361608505249,0.9985684156417847,0.8408811092376709,0.022964417934417725,0.3408810794353485
4669,111,1,True,0.6700000166893005,9,4,12,0.5376361608505249,0.9985684156417847,0.8408811092376709,0.022964417934417725,0.3408810794353485
4670,111,1,True,0.6700000166893005,9,4,12,0.5376361608505249,0.9985684156417847,0.8408811092376709,0.022964417934417725,0.3408810794353485
4671,111,1,True,0.6700000166893005,9,4,12,0.5376361608505249,0.9985684156417847,0.8408811092376709,0.022964417934417725,0.3408810794353485
4672,111,1,True,0.6700000166893005,9,4,12,0.5376361608505249,0.9985684156417847,0.8408811092376709,0.022964417934417725,0.3408810794353485
4673,111,1,True,0.6700000166893005,9,4,12,0.5376361608505249,0.9985684156417847,0.8408811092376709,0.022964417934417725,0.3408810794353485
4675,111,1,True,0.6700000166893005,9,4,12,0.5376361608505249,0.9985684156417847,0.8408811092376709,0.022964417934417725,0.3408810794353485
4676,111,1,True,0.6700000166893005,9,4,12,0.5376361608505249,0.9985684156417847,0.8408811092376709,0.022964417934417725,0.3408810794353485
4678,111,1,True,0.6700000166893005,9,4,12,0.5376361608505249,0.9985684156417847,0.8408811092376709,0.022964417934417725,0.3408810794353485
4679,111,1,True,0.6700000166893005,9,4,12,0.5376361608505249,0.9985684156417847,0.8408811092376709,0.022964417934417725,0.3408810794353485
850,127,1,True,0.6700000166893005,9,4,12,0.5376361608505249,1.0,0.8382575511932373,0.022964417934417725,0.3382575213909149
851,127,1,True,0.6700000166893005,9,4,12,0.5376361608505249,1.0,0.8382575511932373,0.022964417934417725,0.3382575213909149
853,127,1,True,0.6700000166893005,9,4,12,0.5376361608505249,1.0,0.8382575511932373,0.022964417934417725,0.3382575213909149
857,127,1,True,0.6700000166893005,9,4,12,0.5376361608505249,1.0,0.8382575511932373,0.022964417934417725,0.3382575213909149
5289,127,1,True,0.6700000166893005,9,4,12,0.5376361608505249,1.0,0.8382575511932373,0.022964417934417725,0.3382575213909149
5290,127,1,True,0.6700000166893005,9,4,12,0.5376361608505249,1.0,0.8382575511932373,0.022964417934417725,0.3382575213909149
5291,127,1,True,0.6700000166893005,9,4,12,0.5376361608505249,1.0,0.8382575511932373,0.022964417934417725,0.3382575213909149
5292,127,1,True,0.6700000166893005,9,4,12,0.5376361608505249,1.0,0.8382575511932373,0.022964417934417725,0.3382575213909149
5293,127,1,True,0.6700000166893005,9,4,12,0.5376361608505249,1.0,0.8382575511932373,0.022964417934417725,0.3382575213909149
5295,127,1,True,0.6700000166893005,9,4,12,0.5376361608505249,1.0,0.8382575511932373,0.022964417934417725,0.3382575213909149
5296,127,1,True,0.6700000166893005,9,4,12,0.5376361608505249,1.0,0.8382575511932373,0.022964417934417725,0.3382575213909149
5297,127,1,True,0.6700000166893005,9,4,12,0.5376361608505249,1.0,0.8382575511932373,0.022964417934417725,0.3382575213909149
5299,127,1,True,0.6700000166893005,9,4,12,0.5376361608505249,1.0,0.8382575511932373,0.022964417934417725,0.3382575213909149
5300,127,1,True,0.6700000166893005,9,4,12,0.5376361608505249,1.0,0.8382575511932373,0.022964417934417725,0.3382575213909149
5301,127,1,True,0.6700000166893005,9,4,12,0.5376361608505249,1.0,0.8382575511932373,0.022964417934417725,0.3382575213909149
5302,127,1,True,0.6700000166893005,9,4,12,0.5376361608505249,1.0,0.8382575511932373,0.022964417934417725,0.3382575213909149
5303,127,1,True,0.6700000166893005,9,4,12,0.5376361608505249,1.0,0.8382575511932373,0.022964417934417725,0.3382575213909149
5304,127,1,True,0.6700000166893005,9,4,12,0.5376361608505249,1.0,0.8382575511932373,0.022964417934417725,0.3382575213909149
5305,127,1,True,0.6700000166893005,9,4,12,0.5376361608505249,1.0,0.8382575511932373,0.022964417934417725,0.3382575213909149
5306,127,1,True,0.6700000166893005,9,4,12,0.5376361608505249,1.0,0.8382575511932373,0.022964417934417725,0.3382575213909149
5307,127,1,True,0.6700000166893005,9,4,12,0.5376361608505249,1.0,0.8382575511932373,0.022964417934417725,0.3382575213909149
5308,127,1,True,0.6700000166893005,9,4,12,0.5376361608505249,1.0,0.8382575511932373,0.022964417934417725,0.3382575213909149
5309,127,1,True,0.6700000166893005,9,4,12,0.5376361608505249,1.0,0.8382575511932373,0.022964417934417725,0.3382575213909149
5310,127,1,True,0.6700000166893005,9,4,12,0.5376361608505249,1.0,0.8382575511932373,0.022964417934417725,0.3382575213909149
5311,127,1,True,0.6700000166893005,9,4,12,0.5376361608505249,1.0,0.8382575511932373,0.022964417934417725,0.3382575213909149
5313,127,1,True,0.6700000166893005,9,4,12,0.5376361608505249,1.0,0.8382575511932373,0.022964417934417725,0.3382575213909149
5314,127,1,True,0.6700000166893005,9,4,12,0.5376361608505249,1.0,0.8382575511932373,0.022964417934417725,0.3382575213909149
5315,127,1,True,0.6700000166893005,9,4,12,0.5376361608505249,1.0,0.8382575511932373,0.022964417934417725,0.3382575213909149
5317,127,1,True,0.6700000166893005,9,4,12,0.5376361608505249,1.0,0.8382575511932373,0.022964417934417725,0.3382575213909149
5319,127,1,True,0.6700000166893005,9,4,12,0.5376361608505249,1.0,0.8382575511932373,0.022964417934417725,0.3382575213909149
1298,168,1,True,0.6700000166893005,9,4,12,0.9528517723083496,1.0,0.9897677302360535,0.4528517723083496,0.48976776003837585
1299,168,1,True,0.6700000166893005,9,4,12,0.9528517723083496,1.0,0.9897677302360535,0.4528517723083496,0.48976776003837585
1303,168,1,True,0.6700000166893005,9,4,12,0.9528517723083496,1.0,0.9897677302360535,0.4528517723083496,0.48976776003837585
1304,168,1,True,0.6700000166893005,9,4,12,0.9528517723083496,1.0,0.9897677302360535,0.4528517723083496,0.48976776003837585
1306,168,1,True,0.6700000166893005,9,4,12,0.9528517723083496,1.0,0.9897677302360535,0.4528517723083496,0.48976776003837585
1308,168,1,True,0.6700000166893005,9,4,12,0.9528517723083496,1.0,0.9897677302360535,0.4528517723083496,0.48976776003837585
6920,168,1,True,0.6700000166893005,9,4,12,0.9528517723083496,1.0,0.9897677302360535,0.4528517723083496,0.48976776003837585
6921,168,1,True,0.6700000166893005,9,4,12,0.9528517723083496,1.0,0.9897677302360535,0.4528517723083496,0.48976776003837585
6923,168,1,True,0.6700000166893005,9,4,12,0.9528517723083496,1.0,0.9897677302360535,0.4528517723083496,0.48976776003837585
6924,168,1,True,0.6700000166893005,9,4,12,0.9528517723083496,1.0,0.9897677302360535,0.4528517723083496,0.48976776003837585
6925,168,1,True,0.6700000166893005,9,4,12,0.9528517723083496,1.0,0.9897677302360535,0.4528517723083496,0.48976776003837585
6928,168,1,True,0.6700000166893005,9,4,12,0.9528517723083496,1.0,0.9897677302360535,0.4528517723083496,0.48976776003837585
6929,168,1,True,0.6700000166893005,9,4,12,0.9528517723083496,1.0,0.9897677302360535,0.4528517723083496,0.48976776003837585
6930,168,1,True,0.6700000166893005,9,4,12,0.9528517723083496,1.0,0.9897677302360535,0.4528517723083496,0.48976776003837585
6931,168,1,True,0.6700000166893005,9,4,12,0.9528517723083496,1.0,0.9897677302360535,0.4528517723083496,0.48976776003837585
6933,168,1,True,0.6700000166893005,9,4,12,0.9528517723083496,1.0,0.9897677302360535,0.4528517723083496,0.48976776003837585
6934,168,1,True,0.6700000166893005,9,4,12,0.9528517723083496,1.0,0.9897677302360535,0.4528517723083496,0.48976776003837585
6935,168,1,True,0.6700000166893005,9,4,12,0.9528517723083496,1.0,0.9897677302360535,0.4528517723083496,0.48976776003837585
6938,168,1,True,0.6700000166893005,9,4,12,0.9528517723083496,1.0,0.9897677302360535,0.4528517723083496,0.48976776003837585
6939,168,1,True,0.6700000166893005,9,4,12,0.9528517723083496,1.0,0.9897677302360535,0.4528517723083496,0.48976776003837585
6940,168,1,True,0.6700000166893005,9,4,12,0.9528517723083496,1.0,0.9897677302360535,0.4528517723083496,0.48976776003837585
6942,168,1,True,0.6700000166893005,9,4,12,0.9528517723083496,1.0,0.9897677302360535,0.4528517723083496,0.48976776003837585
6943,168,1,True,0.6700000166893005,9,4,12,0.9528517723083496,1.0,0.9897677302360535,0.4528517723083496,0.48976776003837585
6946,168,1,True,0.6700000166893005,9,4,12,0.9528517723083496,1.0,0.9897677302360535,0.4528517723083496,0.48976776003837585
6947,168,1,True,0.6700000166893005,9,4,12,0.9528517723083496,1.0,0.9897677302360535,0.4528517723083496,0.48976776003837585
6948,168,1,True,0.6700000166893005,9,4,12,0.9528517723083496,1.0,0.9897677302360535,0.4528517723083496,0.48976776003837585
6950,168,1,True,0.6700000166893005,9,4,12,0.9528517723083496,1.0,0.9897677302360535,0.4528517723083496,0.48976776003837585
6951,168,1,True,0.6700000166893005,9,4,12,0.9528517723083496,1.0,0.9897677302360535,0.4528517723083496,0.48976776003837585
6952,168,1,True,0.6700000166893005,9,4,12,0.9528517723083496,1.0,0.9897677302360535,0.4528517723083496,0.48976776003837585
6953,168,1,True,0.6700000166893005,9,4,12,0.9528517723083496,1.0,0.9897677302360535,0.4528517723083496,0.48976776003837585
6954,168,1,True,0.6700000166893005,9,4,12,0.9528517723083496,1.0,0.9897677302360535,0.4528517723083496,0.48976776003837585
6955,168,1,True,0.6700000166893005,9,4,12,0.9528517723083496,1.0,0.9897677302360535,0.4528517723083496,0.48976776003837585
6956,168,1,True,0.6700000166893005,9,4,12,0.9528517723083496,1.0,0.9897677302360535,0.4528517723083496,0.48976776003837585
6957,168,1,True,0.6700000166893005,9,4,12,0.9528517723083496,1.0,0.9897677302360535,0.4528517723083496,0.48976776003837585
6958,168,1,True,0.6700000166893005,9,4,12,0.9528517723083496,1.0,0.9897677302360535,0.4528517723083496,0.48976776003837585
1400,177,1,True,0.6700000166893005,9,4,12,0.07457860559225082,0.9999996423721313,0.8064209818840027,0.0996057391166687,0.4009590744972229
1401,177,1,True,0.6700000166893005,9,4,12,0.07457860559225082,0.9999996423721313,0.8064209818840027,0.0996057391166687,0.4009590744972229
1402,177,1,True,0.6700000166893005,9,4,12,0.07457860559225082,0.9999996423721313,0.8064209818840027,0.0996057391166687,0.4009590744972229
1403,177,1,True,0.6700000166893005,9,4,12,0.07457860559225082,0.9999996423721313,0.8064209818840027,0.0996057391166687,0.4009590744972229
1405,177,1,True,0.6700000166893005,9,4,12,0.07457860559225082,0.9999996423721313,0.8064209818840027,0.0996057391166687,0.4009590744972229
1406,177,1,True,0.6700000166893005,9,4,12,0.07457860559225082,0.9999996423721313,0.8064209818840027,0.0996057391166687,0.4009590744972229
7285,177,1,True,0.6700000166893005,9,4,12,0.07457860559225082,0.9999996423721313,0.8064209818840027,0.0996057391166687,0.4009590744972229
7287,177,1,True,0.6700000166893005,9,4,12,0.07457860559225082,0.9999996423721313,0.8064209818840027,0.0996057391166687,0.4009590744972229
7288,177,1,True,0.6700000166893005,9,4,12,0.07457860559225082,0.9999996423721313,0.8064209818840027,0.0996057391166687,0.4009590744972229
7289,177,1,True,0.6700000166893005,9,4,12,0.07457860559225082,0.9999996423721313,0.8064209818840027,0.0996057391166687,0.4009590744972229
7290,177,1,True,0.6700000166893005,9,4,12,0.07457860559225082,0.9999996423721313,0.8064209818840027,0.0996057391166687,0.4009590744972229
7292,177,1,True,0.6700000166893005,9,4,12,0.07457860559225082,0.9999996423721313,0.8064209818840027,0.0996057391166687,0.4009590744972229
7293,177,1,True,0.6700000166893005,9,4,12,0.07457860559225082,0.9999996423721313,0.8064209818840027,0.0996057391166687,0.4009590744972229
7294,177,1,True,0.6700000166893005,9,4,12,0.07457860559225082,0.9999996423721313,0.8064209818840027,0.0996057391166687,0.4009590744972229
7295,177,1,True,0.6700000166893005,9,4,12,0.07457860559225082,0.9999996423721313,0.8064209818840027,0.0996057391166687,0.4009590744972229
7297,177,1,True,0.6700000166893005,9,4,12,0.07457860559225082,0.9999996423721313,0.8064209818840027,0.0996057391166687,0.4009590744972229
7298,177,1,True,0.6700000166893005,9,4,12,0.07457860559225082,0.9999996423721313,0.8064209818840027,0.0996057391166687,0.4009590744972229
7299,177,1,True,0.6700000166893005,9,4,12,0.07457860559225082,0.9999996423721313,0.8064209818840027,0.0996057391166687,0.4009590744972229
7300,177,1,True,0.6700000166893005,9,4,12,0.07457860559225082,0.9999996423721313,0.8064209818840027,0.0996057391166687,0.4009590744972229
7301,177,1,True,0.6700000166893005,9,4,12,0.07457860559225082,0.9999996423721313,0.8064209818840027,0.0996057391166687,0.4009590744972229
7302,177,1,True,0.6700000166893005,9,4,12,0.07457860559225082,0.9999996423721313,0.8064209818840027,0.0996057391166687,0.4009590744972229
7303,177,1,True,0.6700000166893005,9,4,12,0.07457860559225082,0.9999996423721313,0.8064209818840027,0.0996057391166687,0.4009590744972229
7304,177,1,True,0.6700000166893005,9,4,12,0.07457860559225082,0.9999996423721313,0.8064209818840027,0.0996057391166687,0.4009590744972229
7306,177,1,True,0.6700000166893005,9,4,12,0.07457860559225082,0.9999996423721313,0.8064209818840027,0.0996057391166687,0.4009590744972229
7308,177,1,True,0.6700000166893005,9,4,12,0.07457860559225082,0.9999996423721313,0.8064209818840027,0.0996057391166687,0.4009590744972229
7310,177,1,True,0.6700000166893005,9,4,12,0.07457860559225082,0.9999996423721313,0.8064209818840027,0.0996057391166687,0.4009590744972229
7311,177,1,True,0.6700000166893005,9,4,12,0.07457860559225082,0.9999996423721313,0.8064209818840027,0.0996057391166687,0.4009590744972229
7312,177,1,True,0.6700000166893005,9,4,12,0.07457860559225082,0.9999996423721313,0.8064209818840027,0.0996057391166687,0.4009590744972229
7314,177,1,True,0.6700000166893005,9,4,12,0.07457860559225082,0.9999996423721313,0.8064209818840027,0.0996057391166687,0.4009590744972229
7315,177,1,True,0.6700000166893005,9,4,12,0.07457860559225082,0.9999996423721313,0.8064209818840027,0.0996057391166687,0.4009590744972229
7316,177,1,True,0.6700000166893005,9,4,12,0.07457860559225082,0.9999996423721313,0.8064209818840027,0.0996057391166687,0.4009590744972229
7317,177,1,True,0.6700000166893005,9,4,12,0.07457860559225082,0.9999996423721313,0.8064209818840027,0.0996057391166687,0.4009590744972229
7318,177,1,True,0.6700000166893005,9,4,12,0.07457860559225082,0.9999996423721313,0.8064209818840027,0.0996057391166687,0.4009590744972229
7319,177,1,True,0.6700000166893005,9,4,12,0.07457860559225082,0.9999996423721313,0.8064209818840027,0.0996057391166687,0.4009590744972229
2178,248,1,True,0.6700000166893005,9,4,12,0.9528517723083496,0.9998687505722046,0.9365196228027344,0.2618103623390198,0.43651968240737915
2180,248,1,True,0.6700000166893005,9,4,12,0.9528517723083496,0.9998687505722046,0.9365196228027344,0.2618103623390198,0.43651968240737915
2181,248,1,True,0.6700000166893005,9,4,12,0.9528517723083496,0.9998687505722046,0.9365196228027344,0.2618103623390198,0.43651968240737915
2183,248,1,True,0.6700000166893005,9,4,12,0.9528517723083496,0.9998687505722046,0.9365196228027344,0.2618103623390198,0.43651968240737915
2187,248,1,True,0.6700000166893005,9,4,12,0.9528517723083496,0.9998687505722046,0.9365196228027344,0.2618103623390198,0.43651968240737915
2188,248,1,True,0.6700000166893005,9,4,12,0.9528517723083496,0.9998687505722046,0.9365196228027344,0.2618103623390198,0.43651968240737915
10121,248,1,True,0.6700000166893005,9,4,12,0.9528517723083496,0.9998687505722046,0.9365196228027344,0.2618103623390198,0.43651968240737915
10123,248,1,True,0.6700000166893005,9,4,12,0.9528517723083496,0.9998687505722046,0.9365196228027344,0.2618103623390198,0.43651968240737915
10124,248,1,True,0.6700000166893005,9,4,12,0.9528517723083496,0.9998687505722046,0.9365196228027344,0.2618103623390198,0.43651968240737915
10127,248,1,True,0.6700000166893005,9,4,12,0.9528517723083496,0.9998687505722046,0.9365196228027344,0.2618103623390198,0.43651968240737915
10128,248,1,True,0.6700000166893005,9,4,12,0.9528517723083496,0.9998687505722046,0.9365196228027344,0.2618103623390198,0.43651968240737915
10129,248,1,True,0.6700000166893005,9,4,12,0.9528517723083496,0.9998687505722046,0.9365196228027344,0.2618103623390198,0.43651968240737915
10130,248,1,True,0.6700000166893005,9,4,12,0.9528517723083496,0.9998687505722046,0.9365196228027344,0.2618103623390198,0.43651968240737915
10131,248,1,True,0.6700000166893005,9,4,12,0.9528517723083496,0.9998687505722046,0.9365196228027344,0.2618103623390198,0.43651968240737915
10133,248,1,True,0.6700000166893005,9,4,12,0.9528517723083496,0.9998687505722046,0.9365196228027344,0.2618103623390198,0.43651968240737915
10135,248,1,True,0.6700000166893005,9,4,12,0.9528517723083496,0.9998687505722046,0.9365196228027344,0.2618103623390198,0.43651968240737915
10136,248,1,True,0.6700000166893005,9,4,12,0.9528517723083496,0.9998687505722046,0.9365196228027344,0.2618103623390198,0.43651968240737915
10139,248,1,True,0.6700000166893005,9,4,12,0.9528517723083496,0.9998687505722046,0.9365196228027344,0.2618103623390198,0.43651968240737915
10140,248,1,True,0.6700000166893005,9,4,12,0.9528517723083496,0.9998687505722046,0.9365196228027344,0.2618103623390198,0.43651968240737915
10141,248,1,True,0.6700000166893005,9,4,12,0.9528517723083496,0.9998687505722046,0.9365196228027344,0.2618103623390198,0.43651968240737915
10143,248,1,True,0.6700000166893005,9,4,12,0.9528517723083496,0.9998687505722046,0.9365196228027344,0.2618103623390198,0.43651968240737915
10144,248,1,True,0.6700000166893005,9,4,12,0.9528517723083496,0.9998687505722046,0.9365196228027344,0.2618103623390198,0.43651968240737915
10145,248,1,True,0.6700000166893005,9,4,12,0.9528517723083496,0.9998687505722046,0.9365196228027344,0.2618103623390198,0.43651968240737915
10146,248,1,True,0.6700000166893005,9,4,12,0.9528517723083496,0.9998687505722046,0.9365196228027344,0.2618103623390198,0.43651968240737915
10147,248,1,True,0.6700000166893005,9,4,12,0.9528517723083496,0.9998687505722046,0.9365196228027344,0.2618103623390198,0.43651968240737915
10153,248,1,True,0.6700000166893005,9,4,12,0.9528517723083496,0.9998687505722046,0.9365196228027344,0.2618103623390198,0.43651968240737915
10155,248,1,True,0.6700000166893005,9,4,12,0.9528517723083496,0.9998687505722046,0.9365196228027344,0.2618103623390198,0.43651968240737915
10156,248,1,True,0.6700000166893005,9,4,12,0.9528517723083496,0.9998687505722046,0.9365196228027344,0.2618103623390198,0.43651968240737915
10158,248,1,True,0.6700000166893005,9,4,12,0.9528517723083496,0.9998687505722046,0.9365196228027344,0.2618103623390198,0.43651968240737915
10159,248,1,True,0.6700000166893005,9,4,12,0.9528517723083496,0.9998687505722046,0.9365196228027344,0.2618103623390198,0.43651968240737915
517,97,1,True,0.6759999990463257,9,4,12,0.8919074535369873,0.9999977350234985,0.9864562153816223,0.3919074535369873,0.4864561855792999
518,97,1,True,0.6759999990463257,9,4,12,0.8919074535369873,0.9999977350234985,0.9864562153816223,0.3919074535369873,0.4864561855792999
519,97,1,True,0.6759999990463257,9,4,12,0.8919074535369873,0.9999977350234985,0.9864562153816223,0.3919074535369873,0.4864561855792999
520,97,1,True,0.6759999990463257,9,4,12,0.8919074535369873,0.9999977350234985,0.9864562153816223,0.3919074535369873,0.4864561855792999
521,97,1,True,0.6759999990463257,9,4,12,0.8919074535369873,0.9999977350234985,0.9864562153816223,0.3919074535369873,0.4864561855792999
522,97,1,True,0.6759999990463257,9,4,12,0.8919074535369873,0.9999977350234985,0.9864562153816223,0.3919074535369873,0.4864561855792999
524,97,1,True,0.6759999990463257,9,4,12,0.8919074535369873,0.9999977350234985,0.9864562153816223,0.3919074535369873,0.4864561855792999
525,97,1,True,0.6759999990463257,9,4,12,0.8919074535369873,0.9999977350234985,0.9864562153816223,0.3919074535369873,0.4864561855792999
526,97,1,True,0.6759999990463257,9,4,12,0.8919074535369873,0.9999977350234985,0.9864562153816223,0.3919074535369873,0.4864561855792999
527,97,1,True,0.6759999990463257,9,4,12,0.8919074535369873,0.9999977350234985,0.9864562153816223,0.3919074535369873,0.4864561855792999
4081,97,1,True,0.6759999990463257,9,4,12,0.8919074535369873,0.9999977350234985,0.9864562153816223,0.3919074535369873,0.4864561855792999
4082,97,1,True,0.6759999990463257,9,4,12,0.8919074535369873,0.9999977350234985,0.9864562153816223,0.3919074535369873,0.4864561855792999
4083,97,1,True,0.6759999990463257,9,4,12,0.8919074535369873,0.9999977350234985,0.9864562153816223,0.3919074535369873,0.4864561855792999
4084,97,1,True,0.6759999990463257,9,4,12,0.8919074535369873,0.9999977350234985,0.9864562153816223,0.3919074535369873,0.4864561855792999
4085,97,1,True,0.6759999990463257,9,4,12,0.8919074535369873,0.9999977350234985,0.9864562153816223,0.3919074535369873,0.4864561855792999
4086,97,1,True,0.6759999990463257,9,4,12,0.8919074535369873,0.9999977350234985,0.9864562153816223,0.3919074535369873,0.4864561855792999
4087,97,1,True,0.6759999990463257,9,4,12,0.8919074535369873,0.9999977350234985,0.9864562153816223,0.3919074535369873,0.4864561855792999
4088,97,1,True,0.6759999990463257,9,4,12,0.8919074535369873,0.9999977350234985,0.9864562153816223,0.3919074535369873,0.4864561855792999
4089,97,1,True,0.6759999990463257,9,4,12,0.8919074535369873,0.9999977350234985,0.9864562153816223,0.3919074535369873,0.4864561855792999
4090,97,1,True,0.6759999990463257,9,4,12,0.8919074535369873,0.9999977350234985,0.9864562153816223,0.3919074535369873,0.4864561855792999
4091,97,1,True,0.6759999990463257,9,4,12,0.8919074535369873,0.9999977350234985,0.9864562153816223,0.3919074535369873,0.4864561855792999
4092,97,1,True,0.6759999990463257,9,4,12,0.8919074535369873,0.9999977350234985,0.9864562153816223,0.3919074535369873,0.4864561855792999
4094,97,1,True,0.6759999990463257,9,4,12,0.8919074535369873,0.9999977350234985,0.9864562153816223,0.3919074535369873,0.4864561855792999
4095,97,1,True,0.6759999990463257,9,4,12,0.8919074535369873,0.9999977350234985,0.9864562153816223,0.3919074535369873,0.4864561855792999
4096,97,1,True,0.6759999990463257,9,4,12,0.8919074535369873,0.9999977350234985,0.9864562153816223,0.3919074535369873,0.4864561855792999
4097,97,1,True,0.6759999990463257,9,4,12,0.8919074535369873,0.9999977350234985,0.9864562153816223,0.3919074535369873,0.4864561855792999
4100,97,1,True,0.6759999990463257,9,4,12,0.8919074535369873,0.9999977350234985,0.9864562153816223,0.3919074535369873,0.4864561855792999
4102,97,1,True,0.6759999990463257,9,4,12,0.8919074535369873,0.9999977350234985,0.9864562153816223,0.3919074535369873,0.4864561855792999
4103,97,1,True,0.6759999990463257,9,4,12,0.8919074535369873,0.9999977350234985,0.9864562153816223,0.3919074535369873,0.4864561855792999
4105,97,1,True,0.6759999990463257,9,4,12,0.8919074535369873,0.9999977350234985,0.9864562153816223,0.3919074535369873,0.4864561855792999
4106,97,1,True,0.6759999990463257,9,4,12,0.8919074535369873,0.9999977350234985,0.9864562153816223,0.3919074535369873,0.4864561855792999
4107,97,1,True,0.6759999990463257,9,4,12,0.8919074535369873,0.9999977350234985,0.9864562153816223,0.3919074535369873,0.4864561855792999
4108,97,1,True,0.6759999990463257,9,4,12,0.8919074535369873,0.9999977350234985,0.9864562153816223,0.3919074535369873,0.4864561855792999
4109,97,1,True,0.6759999990463257,9,4,12,0.8919074535369873,0.9999977350234985,0.9864562153816223,0.3919074535369873,0.4864561855792999
4110,97,1,True,0.6759999990463257,9,4,12,0.8919074535369873,0.9999977350234985,0.9864562153816223,0.3919074535369873,0.4864561855792999
4111,97,1,True,0.6759999990463257,9,4,12,0.8919074535369873,0.9999977350234985,0.9864562153816223,0.3919074535369873,0.4864561855792999
4112,97,1,True,0.6759999990463257,9,4,12,0.8919074535369873,0.9999977350234985,0.9864562153816223,0.3919074535369873,0.4864561855792999
4113,97,1,True,0.6759999990463257,9,4,12,0.8919074535369873,0.9999977350234985,0.9864562153816223,0.3919074535369873,0.4864561855792999
4114,97,1,True,0.6759999990463257,9,4,12,0.8919074535369873,0.9999977350234985,0.9864562153816223,0.3919074535369873,0.4864561855792999
4115,97,1,True,0.6759999990463257,9,4,12,0.8919074535369873,0.9999977350234985,0.9864562153816223,0.3919074535369873,0.4864561855792999
4118,97,1,True,0.6759999990463257,9,4,12,0.8919074535369873,0.9999977350234985,0.9864562153816223,0.3919074535369873,0.4864561855792999
4119,97,1,True,0.6759999990463257,9,4,12,0.8919074535369873,0.9999977350234985,0.9864562153816223,0.3919074535369873,0.4864561855792999
968,138,1,True,0.6779999732971191,9,4,12,0.9528517723083496,0.9999997615814209,0.9905574321746826,0.4528517723083496,0.490557461977005
5720,138,1,True,0.6779999732971191,9,4,12,0.9528517723083496,0.9999997615814209,0.9905574321746826,0.4528517723083496,0.490557461977005
5722,138,1,True,0.6779999732971191,9,4,12,0.9528517723083496,0.9999997615814209,0.9905574321746826,0.4528517723083496,0.490557461977005
5723,138,1,True,0.6779999732971191,9,4,12,0.9528517723083496,0.9999997615814209,0.9905574321746826,0.4528517723083496,0.490557461977005
5724,138,1,True,0.6779999732971191,9,4,12,0.9528517723083496,0.9999997615814209,0.9905574321746826,0.4528517723083496,0.490557461977005
5725,138,1,True,0.6779999732971191,9,4,12,0.9528517723083496,0.9999997615814209,0.9905574321746826,0.4528517723083496,0.490557461977005
5726,138,1,True,0.6779999732971191,9,4,12,0.9528517723083496,0.9999997615814209,0.9905574321746826,0.4528517723083496,0.490557461977005
5727,138,1,True,0.6779999732971191,9,4,12,0.9528517723083496,0.9999997615814209,0.9905574321746826,0.4528517723083496,0.490557461977005
5728,138,1,True,0.6779999732971191,9,4,12,0.9528517723083496,0.9999997615814209,0.9905574321746826,0.4528517723083496,0.490557461977005
539,99,1,True,0.6800000071525574,9,4,12,0.8919074535369873,0.9998759031295776,0.9751400351524353,0.3919074535369873,0.4751400351524353
540,99,1,True,0.6800000071525574,9,4,12,0.8919074535369873,0.9998759031295776,0.9751400351524353,0.3919074535369873,0.4751400351524353
541,99,1,True,0.6800000071525574,9,4,12,0.8919074535369873,0.9998759031295776,0.9751400351524353,0.3919074535369873,0.4751400351524353
542,99,1,True,0.6800000071525574,9,4,12,0.8919074535369873,0.9998759031295776,0.9751400351524353,0.3919074535369873,0.4751400351524353
544,99,1,True,0.6800000071525574,9,4,12,0.8919074535369873,0.9998759031295776,0.9751400351524353,0.3919074535369873,0.4751400351524353
546,99,1,True,0.6800000071525574,9,4,12,0.8919074535369873,0.9998759031295776,0.9751400351524353,0.3919074535369873,0.4751400351524353
547,99,1,True,0.6800000071525574,9,4,12,0.8919074535369873,0.9998759031295776,0.9751400351524353,0.3919074535369873,0.4751400351524353
548,99,1,True,0.6800000071525574,9,4,12,0.8919074535369873,0.9998759031295776,0.9751400351524353,0.3919074535369873,0.4751400351524353
549,99,1,True,0.6800000071525574,9,4,12,0.8919074535369873,0.9998759031295776,0.9751400351524353,0.3919074535369873,0.4751400351524353
4160,99,1,True,0.6800000071525574,9,4,12,0.8919074535369873,0.9998759031295776,0.9751400351524353,0.3919074535369873,0.4751400351524353
4161,99,1,True,0.6800000071525574,9,4,12,0.8919074535369873,0.9998759031295776,0.9751400351524353,0.3919074535369873,0.4751400351524353
4162,99,1,True,0.6800000071525574,9,4,12,0.8919074535369873,0.9998759031295776,0.9751400351524353,0.3919074535369873,0.4751400351524353
4163,99,1,True,0.6800000071525574,9,4,12,0.8919074535369873,0.9998759031295776,0.9751400351524353,0.3919074535369873,0.4751400351524353
4164,99,1,True,0.6800000071525574,9,4,12,0.8919074535369873,0.9998759031295776,0.9751400351524353,0.3919074535369873,0.4751400351524353
4165,99,1,True,0.6800000071525574,9,4,12,0.8919074535369873,0.9998759031295776,0.9751400351524353,0.3919074535369873,0.4751400351524353
4167,99,1,True,0.6800000071525574,9,4,12,0.8919074535369873,0.9998759031295776,0.9751400351524353,0.3919074535369873,0.4751400351524353
4168,99,1,True,0.6800000071525574,9,4,12,0.8919074535369873,0.9998759031295776,0.9751400351524353,0.3919074535369873,0.4751400351524353
4169,99,1,True,0.6800000071525574,9,4,12,0.8919074535369873,0.9998759031295776,0.9751400351524353,0.3919074535369873,0.4751400351524353
4171,99,1,True,0.6800000071525574,9,4,12,0.8919074535369873,0.9998759031295776,0.9751400351524353,0.3919074535369873,0.4751400351524353
4172,99,1,True,0.6800000071525574,9,4,12,0.8919074535369873,0.9998759031295776,0.9751400351524353,0.3919074535369873,0.4751400351524353
4173,99,1,True,0.6800000071525574,9,4,12,0.8919074535369873,0.9998759031295776,0.9751400351524353,0.3919074535369873,0.4751400351524353
4174,99,1,True,0.6800000071525574,9,4,12,0.8919074535369873,0.9998759031295776,0.9751400351524353,0.3919074535369873,0.4751400351524353
4176,99,1,True,0.6800000071525574,9,4,12,0.8919074535369873,0.9998759031295776,0.9751400351524353,0.3919074535369873,0.4751400351524353
4177,99,1,True,0.6800000071525574,9,4,12,0.8919074535369873,0.9998759031295776,0.9751400351524353,0.3919074535369873,0.4751400351524353
4178,99,1,True,0.6800000071525574,9,4,12,0.8919074535369873,0.9998759031295776,0.9751400351524353,0.3919074535369873,0.4751400351524353
4179,99,1,True,0.6800000071525574,9,4,12,0.8919074535369873,0.9998759031295776,0.9751400351524353,0.3919074535369873,0.4751400351524353
4180,99,1,True,0.6800000071525574,9,4,12,0.8919074535369873,0.9998759031295776,0.9751400351524353,0.3919074535369873,0.4751400351524353
4182,99,1,True,0.6800000071525574,9,4,12,0.8919074535369873,0.9998759031295776,0.9751400351524353,0.3919074535369873,0.4751400351524353
4184,99,1,True,0.6800000071525574,9,4,12,0.8919074535369873,0.9998759031295776,0.9751400351524353,0.3919074535369873,0.4751400351524353
4186,99,1,True,0.6800000071525574,9,4,12,0.8919074535369873,0.9998759031295776,0.9751400351524353,0.3919074535369873,0.4751400351524353
4187,99,1,True,0.6800000071525574,9,4,12,0.8919074535369873,0.9998759031295776,0.9751400351524353,0.3919074535369873,0.4751400351524353
4189,99,1,True,0.6800000071525574,9,4,12,0.8919074535369873,0.9998759031295776,0.9751400351524353,0.3919074535369873,0.4751400351524353
4190,99,1,True,0.6800000071525574,9,4,12,0.8919074535369873,0.9998759031295776,0.9751400351524353,0.3919074535369873,0.4751400351524353
4191,99,1,True,0.6800000071525574,9,4,12,0.8919074535369873,0.9998759031295776,0.9751400351524353,0.3919074535369873,0.4751400351524353
4192,99,1,True,0.6800000071525574,9,4,12,0.8919074535369873,0.9998759031295776,0.9751400351524353,0.3919074535369873,0.4751400351524353
4193,99,1,True,0.6800000071525574,9,4,12,0.8919074535369873,0.9998759031295776,0.9751400351524353,0.3919074535369873,0.4751400351524353
4195,99,1,True,0.6800000071525574,9,4,12,0.8919074535369873,0.9998759031295776,0.9751400351524353,0.3919074535369873,0.4751400351524353
4196,99,1,True,0.6800000071525574,9,4,12,0.8919074535369873,0.9998759031295776,0.9751400351524353,0.3919074535369873,0.4751400351524353
4197,99,1,True,0.6800000071525574,9,4,12,0.8919074535369873,0.9998759031295776,0.9751400351524353,0.3919074535369873,0.4751400351524353
4198,99,1,True,0.6800000071525574,9,4,12,0.8919074535369873,0.9998759031295776,0.9751400351524353,0.3919074535369873,0.4751400351524353
4199,99,1,True,0.6800000071525574,9,4,12,0.8919074535369873,0.9998759031295776,0.9751400351524353,0.3919074535369873,0.4751400351524353
1782,212,1,True,0.6800000071525574,9,4,12,0.999981164932251,1.0,0.9999870657920837,0.4999232292175293,0.49998700618743896
1783,212,1,True,0.6800000071525574,9,4,12,0.999981164932251,1.0,0.9999870657920837,0.4999232292175293,0.49998700618743896
1784,212,1,True,0.6800000071525574,9,4,12,0.999981164932251,1.0,0.9999870657920837,0.4999232292175293,0.49998700618743896
1785,212,1,True,0.6800000071525574,9,4,12,0.999981164932251,1.0,0.9999870657920837,0.4999232292175293,0.49998700618743896
1786,212,1,True,0.6800000071525574,9,4,12,0.999981164932251,1.0,0.9999870657920837,0.4999232292175293,0.49998700618743896
1788,212,1,True,0.6800000071525574,9,4,12,0.999981164932251,1.0,0.9999870657920837,0.4999232292175293,0.49998700618743896
1790,212,1,True,0.6800000071525574,9,4,12,0.999981164932251,1.0,0.9999870657920837,0.4999232292175293,0.49998700618743896
1792,212,1,True,0.6800000071525574,9,4,12,0.999981164932251,1.0,0.9999870657920837,0.4999232292175293,0.49998700618743896
8681,212,1,True,0.6800000071525574,9,4,12,0.999981164932251,1.0,0.9999870657920837,0.4999232292175293,0.49998700618743896
8682,212,1,True,0.6800000071525574,9,4,12,0.999981164932251,1.0,0.9999870657920837,0.4999232292175293,0.49998700618743896
8685,212,1,True,0.6800000071525574,9,4,12,0.999981164932251,1.0,0.9999870657920837,0.4999232292175293,0.49998700618743896
8686,212,1,True,0.6800000071525574,9,4,12,0.999981164932251,1.0,0.9999870657920837,0.4999232292175293,0.49998700618743896
8687,212,1,True,0.6800000071525574,9,4,12,0.999981164932251,1.0,0.9999870657920837,0.4999232292175293,0.49998700618743896
8688,212,1,True,0.6800000071525574,9,4,12,0.999981164932251,1.0,0.9999870657920837,0.4999232292175293,0.49998700618743896
8689,212,1,True,0.6800000071525574,9,4,12,0.999981164932251,1.0,0.9999870657920837,0.4999232292175293,0.49998700618743896
8692,212,1,True,0.6800000071525574,9,4,12,0.999981164932251,1.0,0.9999870657920837,0.4999232292175293,0.49998700618743896
8693,212,1,True,0.6800000071525574,9,4,12,0.999981164932251,1.0,0.9999870657920837,0.4999232292175293,0.49998700618743896
8694,212,1,True,0.6800000071525574,9,4,12,0.999981164932251,1.0,0.9999870657920837,0.4999232292175293,0.49998700618743896
8697,212,1,True,0.6800000071525574,9,4,12,0.999981164932251,1.0,0.9999870657920837,0.4999232292175293,0.49998700618743896
8698,212,1,True,0.6800000071525574,9,4,12,0.999981164932251,1.0,0.9999870657920837,0.4999232292175293,0.49998700618743896
8699,212,1,True,0.6800000071525574,9,4,12,0.999981164932251,1.0,0.9999870657920837,0.4999232292175293,0.49998700618743896
8700,212,1,True,0.6800000071525574,9,4,12,0.999981164932251,1.0,0.9999870657920837,0.4999232292175293,0.49998700618743896
8701,212,1,True,0.6800000071525574,9,4,12,0.999981164932251,1.0,0.9999870657920837,0.4999232292175293,0.49998700618743896
8703,212,1,True,0.6800000071525574,9,4,12,0.999981164932251,1.0,0.9999870657920837,0.4999232292175293,0.49998700618743896
8704,212,1,True,0.6800000071525574,9,4,12,0.999981164932251,1.0,0.9999870657920837,0.4999232292175293,0.49998700618743896
8705,212,1,True,0.6800000071525574,9,4,12,0.999981164932251,1.0,0.9999870657920837,0.4999232292175293,0.49998700618743896
8706,212,1,True,0.6800000071525574,9,4,12,0.999981164932251,1.0,0.9999870657920837,0.4999232292175293,0.49998700618743896
8708,212,1,True,0.6800000071525574,9,4,12,0.999981164932251,1.0,0.9999870657920837,0.4999232292175293,0.49998700618743896
8709,212,1,True,0.6800000071525574,9,4,12,0.999981164932251,1.0,0.9999870657920837,0.4999232292175293,0.49998700618743896
8710,212,1,True,0.6800000071525574,9,4,12,0.999981164932251,1.0,0.9999870657920837,0.4999232292175293,0.49998700618743896
8711,212,1,True,0.6800000071525574,9,4,12,0.999981164932251,1.0,0.9999870657920837,0.4999232292175293,0.49998700618743896
8712,212,1,True,0.6800000071525574,9,4,12,0.999981164932251,1.0,0.9999870657920837,0.4999232292175293,0.49998700618743896
8714,212,1,True,0.6800000071525574,9,4,12,0.999981164932251,1.0,0.9999870657920837,0.4999232292175293,0.49998700618743896
8716,212,1,True,0.6800000071525574,9,4,12,0.999981164932251,1.0,0.9999870657920837,0.4999232292175293,0.49998700618743896
8717,212,1,True,0.6800000071525574,9,4,12,0.999981164932251,1.0,0.9999870657920837,0.4999232292175293,0.49998700618743896
8719,212,1,True,0.6800000071525574,9,4,12,0.999981164932251,1.0,0.9999870657920837,0.4999232292175293,0.49998700618743896
792,122,1,True,0.6819999814033508,9,4,12,0.5527760982513428,1.0,0.8303172588348389,0.05277609825134277,0.33031731843948364
793,122,1,True,0.6819999814033508,9,4,12,0.5527760982513428,1.0,0.8303172588348389,0.05277609825134277,0.33031731843948364
795,122,1,True,0.6819999814033508,9,4,12,0.5527760982513428,1.0,0.8303172588348389,0.05277609825134277,0.33031731843948364
798,122,1,True,0.6819999814033508,9,4,12,0.5527760982513428,1.0,0.8303172588348389,0.05277609825134277,0.33031731843948364
799,122,1,True,0.6819999814033508,9,4,12,0.5527760982513428,1.0,0.8303172588348389,0.05277609825134277,0.33031731843948364
801,122,1,True,0.6819999814033508,9,4,12,0.5527760982513428,1.0,0.8303172588348389,0.05277609825134277,0.33031731843948364
5081,122,1,True,0.6819999814033508,9,4,12,0.5527760982513428,1.0,0.8303172588348389,0.05277609825134277,0.33031731843948364
5082,122,1,True,0.6819999814033508,9,4,12,0.5527760982513428,1.0,0.8303172588348389,0.05277609825134277,0.33031731843948364
5084,122,1,True,0.6819999814033508,9,4,12,0.5527760982513428,1.0,0.8303172588348389,0.05277609825134277,0.33031731843948364
5086,122,1,True,0.6819999814033508,9,4,12,0.5527760982513428,1.0,0.8303172588348389,0.05277609825134277,0.33031731843948364
5088,122,1,True,0.6819999814033508,9,4,12,0.5527760982513428,1.0,0.8303172588348389,0.05277609825134277,0.33031731843948364
5089,122,1,True,0.6819999814033508,9,4,12,0.5527760982513428,1.0,0.8303172588348389,0.05277609825134277,0.33031731843948364
5090,122,1,True,0.6819999814033508,9,4,12,0.5527760982513428,1.0,0.8303172588348389,0.05277609825134277,0.33031731843948364
5091,122,1,True,0.6819999814033508,9,4,12,0.5527760982513428,1.0,0.8303172588348389,0.05277609825134277,0.33031731843948364
5092,122,1,True,0.6819999814033508,9,4,12,0.5527760982513428,1.0,0.8303172588348389,0.05277609825134277,0.33031731843948364
5094,122,1,True,0.6819999814033508,9,4,12,0.5527760982513428,1.0,0.8303172588348389,0.05277609825134277,0.33031731843948364
5096,122,1,True,0.6819999814033508,9,4,12,0.5527760982513428,1.0,0.8303172588348389,0.05277609825134277,0.33031731843948364
5098,122,1,True,0.6819999814033508,9,4,12,0.5527760982513428,1.0,0.8303172588348389,0.05277609825134277,0.33031731843948364
5099,122,1,True,0.6819999814033508,9,4,12,0.5527760982513428,1.0,0.8303172588348389,0.05277609825134277,0.33031731843948364
5100,122,1,True,0.6819999814033508,9,4,12,0.5527760982513428,1.0,0.8303172588348389,0.05277609825134277,0.33031731843948364
5102,122,1,True,0.6819999814033508,9,4,12,0.5527760982513428,1.0,0.8303172588348389,0.05277609825134277,0.33031731843948364
5105,122,1,True,0.6819999814033508,9,4,12,0.5527760982513428,1.0,0.8303172588348389,0.05277609825134277,0.33031731843948364
5107,122,1,True,0.6819999814033508,9,4,12,0.5527760982513428,1.0,0.8303172588348389,0.05277609825134277,0.33031731843948364
5108,122,1,True,0.6819999814033508,9,4,12,0.5527760982513428,1.0,0.8303172588348389,0.05277609825134277,0.33031731843948364
5109,122,1,True,0.6819999814033508,9,4,12,0.5527760982513428,1.0,0.8303172588348389,0.05277609825134277,0.33031731843948364
5110,122,1,True,0.6819999814033508,9,4,12,0.5527760982513428,1.0,0.8303172588348389,0.05277609825134277,0.33031731843948364
5111,122,1,True,0.6819999814033508,9,4,12,0.5527760982513428,1.0,0.8303172588348389,0.05277609825134277,0.33031731843948364
5113,122,1,True,0.6819999814033508,9,4,12,0.5527760982513428,1.0,0.8303172588348389,0.05277609825134277,0.33031731843948364
5116,122,1,True,0.6819999814033508,9,4,12,0.5527760982513428,1.0,0.8303172588348389,0.05277609825134277,0.33031731843948364
5117,122,1,True,0.6819999814033508,9,4,12,0.5527760982513428,1.0,0.8303172588348389,0.05277609825134277,0.33031731843948364
5118,122,1,True,0.6819999814033508,9,4,12,0.5527760982513428,1.0,0.8303172588348389,0.05277609825134277,0.33031731843948364
5119,122,1,True,0.6819999814033508,9,4,12,0.5527760982513428,1.0,0.8303172588348389,0.05277609825134277,0.33031731843948364
1410,178,1,True,0.6819999814033508,9,4,12,0.5527760982513428,0.999797523021698,0.894486129283905,0.05277609825134277,0.39448606967926025
1411,178,1,True,0.6819999814033508,9,4,12,0.5527760982513428,0.999797523021698,0.894486129283905,0.05277609825134277,0.39448606967926025
1412,178,1,True,0.6819999814033508,9,4,12,0.5527760982513428,0.999797523021698,0.894486129283905,0.05277609825134277,0.39448606967926025
1413,178,1,True,0.6819999814033508,9,4,12,0.5527760982513428,0.999797523021698,0.894486129283905,0.05277609825134277,0.39448606967926025
1414,178,1,True,0.6819999814033508,9,4,12,0.5527760982513428,0.999797523021698,0.894486129283905,0.05277609825134277,0.39448606967926025
1415,178,1,True,0.6819999814033508,9,4,12,0.5527760982513428,0.999797523021698,0.894486129283905,0.05277609825134277,0.39448606967926025
1416,178,1,True,0.6819999814033508,9,4,12,0.5527760982513428,0.999797523021698,0.894486129283905,0.05277609825134277,0.39448606967926025
1417,178,1,True,0.6819999814033508,9,4,12,0.5527760982513428,0.999797523021698,0.894486129283905,0.05277609825134277,0.39448606967926025
1418,178,1,True,0.6819999814033508,9,4,12,0.5527760982513428,0.999797523021698,0.894486129283905,0.05277609825134277,0.39448606967926025
7320,178,1,True,0.6819999814033508,9,4,12,0.5527760982513428,0.999797523021698,0.894486129283905,0.05277609825134277,0.39448606967926025
7322,178,1,True,0.6819999814033508,9,4,12,0.5527760982513428,0.999797523021698,0.894486129283905,0.05277609825134277,0.39448606967926025
7323,178,1,True,0.6819999814033508,9,4,12,0.5527760982513428,0.999797523021698,0.894486129283905,0.05277609825134277,0.39448606967926025
7324,178,1,True,0.6819999814033508,9,4,12,0.5527760982513428,0.999797523021698,0.894486129283905,0.05277609825134277,0.39448606967926025
7325,178,1,True,0.6819999814033508,9,4,12,0.5527760982513428,0.999797523021698,0.894486129283905,0.05277609825134277,0.39448606967926025
7327,178,1,True,0.6819999814033508,9,4,12,0.5527760982513428,0.999797523021698,0.894486129283905,0.05277609825134277,0.39448606967926025
7328,178,1,True,0.6819999814033508,9,4,12,0.5527760982513428,0.999797523021698,0.894486129283905,0.05277609825134277,0.39448606967926025
7329,178,1,True,0.6819999814033508,9,4,12,0.5527760982513428,0.999797523021698,0.894486129283905,0.05277609825134277,0.39448606967926025
7330,178,1,True,0.6819999814033508,9,4,12,0.5527760982513428,0.999797523021698,0.894486129283905,0.05277609825134277,0.39448606967926025
7331,178,1,True,0.6819999814033508,9,4,12,0.5527760982513428,0.999797523021698,0.894486129283905,0.05277609825134277,0.39448606967926025
7332,178,1,True,0.6819999814033508,9,4,12,0.5527760982513428,0.999797523021698,0.894486129283905,0.05277609825134277,0.39448606967926025
7333,178,1,True,0.6819999814033508,9,4,12,0.5527760982513428,0.999797523021698,0.894486129283905,0.05277609825134277,0.39448606967926025
7334,178,1,True,0.6819999814033508,9,4,12,0.5527760982513428,0.999797523021698,0.894486129283905,0.05277609825134277,0.39448606967926025
7335,178,1,True,0.6819999814033508,9,4,12,0.5527760982513428,0.999797523021698,0.894486129283905,0.05277609825134277,0.39448606967926025
7336,178,1,True,0.6819999814033508,9,4,12,0.5527760982513428,0.999797523021698,0.894486129283905,0.05277609825134277,0.39448606967926025
7337,178,1,True,0.6819999814033508,9,4,12,0.5527760982513428,0.999797523021698,0.894486129283905,0.05277609825134277,0.39448606967926025
7339,178,1,True,0.6819999814033508,9,4,12,0.5527760982513428,0.999797523021698,0.894486129283905,0.05277609825134277,0.39448606967926025
7340,178,1,True,0.6819999814033508,9,4,12,0.5527760982513428,0.999797523021698,0.894486129283905,0.05277609825134277,0.39448606967926025
7341,178,1,True,0.6819999814033508,9,4,12,0.5527760982513428,0.999797523021698,0.894486129283905,0.05277609825134277,0.39448606967926025
7342,178,1,True,0.6819999814033508,9,4,12,0.5527760982513428,0.999797523021698,0.894486129283905,0.05277609825134277,0.39448606967926025
7343,178,1,True,0.6819999814033508,9,4,12,0.5527760982513428,0.999797523021698,0.894486129283905,0.05277609825134277,0.39448606967926025
7344,178,1,True,0.6819999814033508,9,4,12,0.5527760982513428,0.999797523021698,0.894486129283905,0.05277609825134277,0.39448606967926025
7345,178,1,True,0.6819999814033508,9,4,12,0.5527760982513428,0.999797523021698,0.894486129283905,0.05277609825134277,0.39448606967926025
7346,178,1,True,0.6819999814033508,9,4,12,0.5527760982513428,0.999797523021698,0.894486129283905,0.05277609825134277,0.39448606967926025
7348,178,1,True,0.6819999814033508,9,4,12,0.5527760982513428,0.999797523021698,0.894486129283905,0.05277609825134277,0.39448606967926025
7349,178,1,True,0.6819999814033508,9,4,12,0.5527760982513428,0.999797523021698,0.894486129283905,0.05277609825134277,0.39448606967926025
7350,178,1,True,0.6819999814033508,9,4,12,0.5527760982513428,0.999797523021698,0.894486129283905,0.05277609825134277,0.39448606967926025
7351,178,1,True,0.6819999814033508,9,4,12,0.5527760982513428,0.999797523021698,0.894486129283905,0.05277609825134277,0.39448606967926025
7353,178,1,True,0.6819999814033508,9,4,12,0.5527760982513428,0.999797523021698,0.894486129283905,0.05277609825134277,0.39448606967926025
7354,178,1,True,0.6819999814033508,9,4,12,0.5527760982513428,0.999797523021698,0.894486129283905,0.05277609825134277,0.39448606967926025
7355,178,1,True,0.6819999814033508,9,4,12,0.5527760982513428,0.999797523021698,0.894486129283905,0.05277609825134277,0.39448606967926025
7356,178,1,True,0.6819999814033508,9,4,12,0.5527760982513428,0.999797523021698,0.894486129283905,0.05277609825134277,0.39448606967926025
7357,178,1,True,0.6819999814033508,9,4,12,0.5527760982513428,0.999797523021698,0.894486129283905,0.05277609825134277,0.39448606967926025
7358,178,1,True,0.6819999814033508,9,4,12,0.5527760982513428,0.999797523021698,0.894486129283905,0.05277609825134277,0.39448606967926025
7359,178,1,True,0.6819999814033508,9,4,12,0.5527760982513428,0.999797523021698,0.894486129283905,0.05277609825134277,0.39448606967926025
1188,158,1,True,0.6859999895095825,9,4,12,0.5376361608505249,1.0,0.8363419771194458,0.022964417934417725,0.3363419473171234
6520,158,1,True,0.6859999895095825,9,4,12,0.5376361608505249,1.0,0.8363419771194458,0.022964417934417725,0.3363419473171234
6521,158,1,True,0.6859999895095825,9,4,12,0.5376361608505249,1.0,0.8363419771194458,0.022964417934417725,0.3363419473171234
6522,158,1,True,0.6859999895095825,9,4,12,0.5376361608505249,1.0,0.8363419771194458,0.022964417934417725,0.3363419473171234
6523,158,1,True,0.6859999895095825,9,4,12,0.5376361608505249,1.0,0.8363419771194458,0.022964417934417725,0.3363419473171234
6525,158,1,True,0.6859999895095825,9,4,12,0.5376361608505249,1.0,0.8363419771194458,0.022964417934417725,0.3363419473171234
6527,158,1,True,0.6859999895095825,9,4,12,0.5376361608505249,1.0,0.8363419771194458,0.022964417934417725,0.3363419473171234
1192,158,1,True,0.6880000233650208,9,4,12,0.5376361608505249,1.0,0.8363419771194458,0.022964417934417725,0.3363419473171234
1193,158,1,True,0.6880000233650208,9,4,12,0.5376361608505249,1.0,0.8363419771194458,0.022964417934417725,0.3363419473171234
1194,158,1,True,0.6880000233650208,9,4,12,0.5376361608505249,1.0,0.8363419771194458,0.022964417934417725,0.3363419473171234
1195,158,1,True,0.6880000233650208,9,4,12,0.5376361608505249,1.0,0.8363419771194458,0.022964417934417725,0.3363419473171234
6528,158,1,True,0.6880000233650208,9,4,12,0.5376361608505249,1.0,0.8363419771194458,0.022964417934417725,0.3363419473171234
6530,158,1,True,0.6880000233650208,9,4,12,0.5376361608505249,1.0,0.8363419771194458,0.022964417934417725,0.3363419473171234
6532,158,1,True,0.6880000233650208,9,4,12,0.5376361608505249,1.0,0.8363419771194458,0.022964417934417725,0.3363419473171234
6533,158,1,True,0.6880000233650208,9,4,12,0.5376361608505249,1.0,0.8363419771194458,0.022964417934417725,0.3363419473171234
6536,158,1,True,0.6880000233650208,9,4,12,0.5376361608505249,1.0,0.8363419771194458,0.022964417934417725,0.3363419473171234
6539,158,1,True,0.6880000233650208,9,4,12,0.5376361608505249,1.0,0.8363419771194458,0.022964417934417725,0.3363419473171234
6540,158,1,True,0.6880000233650208,9,4,12,0.5376361608505249,1.0,0.8363419771194458,0.022964417934417725,0.3363419473171234
6541,158,1,True,0.6880000233650208,9,4,12,0.5376361608505249,1.0,0.8363419771194458,0.022964417934417725,0.3363419473171234
6543,158,1,True,0.6880000233650208,9,4,12,0.5376361608505249,1.0,0.8363419771194458,0.022964417934417725,0.3363419473171234
6544,158,1,True,0.6880000233650208,9,4,12,0.5376361608505249,1.0,0.8363419771194458,0.022964417934417725,0.3363419473171234
6545,158,1,True,0.6880000233650208,9,4,12,0.5376361608505249,1.0,0.8363419771194458,0.022964417934417725,0.3363419473171234
6546,158,1,True,0.6880000233650208,9,4,12,0.5376361608505249,1.0,0.8363419771194458,0.022964417934417725,0.3363419473171234
6547,158,1,True,0.6880000233650208,9,4,12,0.5376361608505249,1.0,0.8363419771194458,0.022964417934417725,0.3363419473171234
6548,158,1,True,0.6880000233650208,9,4,12,0.5376361608505249,1.0,0.8363419771194458,0.022964417934417725,0.3363419473171234
6549,158,1,True,0.6880000233650208,9,4,12,0.5376361608505249,1.0,0.8363419771194458,0.022964417934417725,0.3363419473171234
6550,158,1,True,0.6880000233650208,9,4,12,0.5376361608505249,1.0,0.8363419771194458,0.022964417934417725,0.3363419473171234
6551,158,1,True,0.6880000233650208,9,4,12,0.5376361608505249,1.0,0.8363419771194458,0.022964417934417725,0.3363419473171234
1221,161,1,True,0.6880000233650208,9,4,12,0.07457860559225082,0.9999676942825317,0.7941275835037231,0.4254213869571686,0.4832037687301636
1222,161,1,True,0.6880000233650208,9,4,12,0.07457860559225082,0.9999676942825317,0.7941275835037231,0.4254213869571686,0.4832037687301636
1223,161,1,True,0.6880000233650208,9,4,12,0.07457860559225082,0.9999676942825317,0.7941275835037231,0.4254213869571686,0.4832037687301636
1228,161,1,True,0.6880000233650208,9,4,12,0.07457860559225082,0.9999676942825317,0.7941275835037231,0.4254213869571686,0.4832037687301636
1229,161,1,True,0.6880000233650208,9,4,12,0.07457860559225082,0.9999676942825317,0.7941275835037231,0.4254213869571686,0.4832037687301636
1231,161,1,True,0.6880000233650208,9,4,12,0.07457860559225082,0.9999676942825317,0.7941275835037231,0.4254213869571686,0.4832037687301636
6640,161,1,True,0.6880000233650208,9,4,12,0.07457860559225082,0.9999676942825317,0.7941275835037231,0.4254213869571686,0.4832037687301636
6641,161,1,True,0.6880000233650208,9,4,12,0.07457860559225082,0.9999676942825317,0.7941275835037231,0.4254213869571686,0.4832037687301636
6642,161,1,True,0.6880000233650208,9,4,12,0.07457860559225082,0.9999676942825317,0.7941275835037231,0.4254213869571686,0.4832037687301636
6643,161,1,True,0.6880000233650208,9,4,12,0.07457860559225082,0.9999676942825317,0.7941275835037231,0.4254213869571686,0.4832037687301636
6645,161,1,True,0.6880000233650208,9,4,12,0.07457860559225082,0.9999676942825317,0.7941275835037231,0.4254213869571686,0.4832037687301636
6646,161,1,True,0.6880000233650208,9,4,12,0.07457860559225082,0.9999676942825317,0.7941275835037231,0.4254213869571686,0.4832037687301636
6652,161,1,True,0.6880000233650208,9,4,12,0.07457860559225082,0.9999676942825317,0.7941275835037231,0.4254213869571686,0.4832037687301636
6659,161,1,True,0.6880000233650208,9,4,12,0.07457860559225082,0.9999676942825317,0.7941275835037231,0.4254213869571686,0.4832037687301636
6660,161,1,True,0.6880000233650208,9,4,12,0.07457860559225082,0.9999676942825317,0.7941275835037231,0.4254213869571686,0.4832037687301636
6662,161,1,True,0.6880000233650208,9,4,12,0.07457860559225082,0.9999676942825317,0.7941275835037231,0.4254213869571686,0.4832037687301636
6663,161,1,True,0.6880000233650208,9,4,12,0.07457860559225082,0.9999676942825317,0.7941275835037231,0.4254213869571686,0.4832037687301636
6665,161,1,True,0.6880000233650208,9,4,12,0.07457860559225082,0.9999676942825317,0.7941275835037231,0.4254213869571686,0.4832037687301636
6670,161,1,True,0.6880000233650208,9,4,12,0.07457860559225082,0.9999676942825317,0.7941275835037231,0.4254213869571686,0.4832037687301636
6671,161,1,True,0.6880000233650208,9,4,12,0.07457860559225082,0.9999676942825317,0.7941275835037231,0.4254213869571686,0.4832037687301636
6672,161,1,True,0.6880000233650208,9,4,12,0.07457860559225082,0.9999676942825317,0.7941275835037231,0.4254213869571686,0.4832037687301636
6673,161,1,True,0.6880000233650208,9,4,12,0.07457860559225082,0.9999676942825317,0.7941275835037231,0.4254213869571686,0.4832037687301636
6674,161,1,True,0.6880000233650208,9,4,12,0.07457860559225082,0.9999676942825317,0.7941275835037231,0.4254213869571686,0.4832037687301636
6675,161,1,True,0.6880000233650208,9,4,12,0.07457860559225082,0.9999676942825317,0.7941275835037231,0.4254213869571686,0.4832037687301636
6676,161,1,True,0.6880000233650208,9,4,12,0.07457860559225082,0.9999676942825317,0.7941275835037231,0.4254213869571686,0.4832037687301636
6677,161,1,True,0.6880000233650208,9,4,12,0.07457860559225082,0.9999676942825317,0.7941275835037231,0.4254213869571686,0.4832037687301636
726,116,1,True,0.6899999976158142,9,4,12,0.07457860559225082,1.0,0.822417676448822,0.24340176582336426,0.4169557988643646
728,116,1,True,0.6899999976158142,9,4,12,0.07457860559225082,1.0,0.822417676448822,0.24340176582336426,0.4169557988643646
729,116,1,True,0.6899999976158142,9,4,12,0.07457860559225082,1.0,0.822417676448822,0.24340176582336426,0.4169557988643646
731,116,1,True,0.6899999976158142,9,4,12,0.07457860559225082,1.0,0.822417676448822,0.24340176582336426,0.4169557988643646
733,116,1,True,0.6899999976158142,9,4,12,0.07457860559225082,1.0,0.822417676448822,0.24340176582336426,0.4169557988643646
734,116,1,True,0.6899999976158142,9,4,12,0.07457860559225082,1.0,0.822417676448822,0.24340176582336426,0.4169557988643646
736,116,1,True,0.6899999976158142,9,4,12,0.07457860559225082,1.0,0.822417676448822,0.24340176582336426,0.4169557988643646
4840,116,1,True,0.6899999976158142,9,4,12,0.07457860559225082,1.0,0.822417676448822,0.24340176582336426,0.4169557988643646
4841,116,1,True,0.6899999976158142,9,4,12,0.07457860559225082,1.0,0.822417676448822,0.24340176582336426,0.4169557988643646
4842,116,1,True,0.6899999976158142,9,4,12,0.07457860559225082,1.0,0.822417676448822,0.24340176582336426,0.4169557988643646
4843,116,1,True,0.6899999976158142,9,4,12,0.07457860559225082,1.0,0.822417676448822,0.24340176582336426,0.4169557988643646
4844,116,1,True,0.6899999976158142,9,4,12,0.07457860559225082,1.0,0.822417676448822,0.24340176582336426,0.4169557988643646
4846,116,1,True,0.6899999976158142,9,4,12,0.07457860559225082,1.0,0.822417676448822,0.24340176582336426,0.4169557988643646
4847,116,1,True,0.6899999976158142,9,4,12,0.07457860559225082,1.0,0.822417676448822,0.24340176582336426,0.4169557988643646
4848,116,1,True,0.6899999976158142,9,4,12,0.07457860559225082,1.0,0.822417676448822,0.24340176582336426,0.4169557988643646
4850,116,1,True,0.6899999976158142,9,4,12,0.07457860559225082,1.0,0.822417676448822,0.24340176582336426,0.4169557988643646
4851,116,1,True,0.6899999976158142,9,4,12,0.07457860559225082,1.0,0.822417676448822,0.24340176582336426,0.4169557988643646
4852,116,1,True,0.6899999976158142,9,4,12,0.07457860559225082,1.0,0.822417676448822,0.24340176582336426,0.4169557988643646
4855,116,1,True,0.6899999976158142,9,4,12,0.07457860559225082,1.0,0.822417676448822,0.24340176582336426,0.4169557988643646
4856,116,1,True,0.6899999976158142,9,4,12,0.07457860559225082,1.0,0.822417676448822,0.24340176582336426,0.4169557988643646
4857,116,1,True,0.6899999976158142,9,4,12,0.07457860559225082,1.0,0.822417676448822,0.24340176582336426,0.4169557988643646
4859,116,1,True,0.6899999976158142,9,4,12,0.07457860559225082,1.0,0.822417676448822,0.24340176582336426,0.4169557988643646
4860,116,1,True,0.6899999976158142,9,4,12,0.07457860559225082,1.0,0.822417676448822,0.24340176582336426,0.4169557988643646
4861,116,1,True,0.6899999976158142,9,4,12,0.07457860559225082,1.0,0.822417676448822,0.24340176582336426,0.4169557988643646
4863,116,1,True,0.6899999976158142,9,4,12,0.07457860559225082,1.0,0.822417676448822,0.24340176582336426,0.4169557988643646
4868,116,1,True,0.6899999976158142,9,4,12,0.07457860559225082,1.0,0.822417676448822,0.24340176582336426,0.4169557988643646
4869,116,1,True,0.6899999976158142,9,4,12,0.07457860559225082,1.0,0.822417676448822,0.24340176582336426,0.4169557988643646
4870,116,1,True,0.6899999976158142,9,4,12,0.07457860559225082,1.0,0.822417676448822,0.24340176582336426,0.4169557988643646
4871,116,1,True,0.6899999976158142,9,4,12,0.07457860559225082,1.0,0.822417676448822,0.24340176582336426,0.4169557988643646
4872,116,1,True,0.6899999976158142,9,4,12,0.07457860559225082,1.0,0.822417676448822,0.24340176582336426,0.4169557988643646
4873,116,1,True,0.6899999976158142,9,4,12,0.07457860559225082,1.0,0.822417676448822,0.24340176582336426,0.4169557988643646
4874,116,1,True,0.6899999976158142,9,4,12,0.07457860559225082,1.0,0.822417676448822,0.24340176582336426,0.4169557988643646
4875,116,1,True,0.6899999976158142,9,4,12,0.07457860559225082,1.0,0.822417676448822,0.24340176582336426,0.4169557988643646
4876,116,1,True,0.6899999976158142,9,4,12,0.07457860559225082,1.0,0.822417676448822,0.24340176582336426,0.4169557988643646
4877,116,1,True,0.6899999976158142,9,4,12,0.07457860559225082,1.0,0.822417676448822,0.24340176582336426,0.4169557988643646
4878,116,1,True,0.6899999976158142,9,4,12,0.07457860559225082,1.0,0.822417676448822,0.24340176582336426,0.4169557988643646
4879,116,1,True,0.6899999976158142,9,4,12,0.07457860559225082,1.0,0.822417676448822,0.24340176582336426,0.4169557988643646
1197,158,1,True,0.6899999976158142,9,4,12,0.5376361608505249,1.0,0.8363419771194458,0.022964417934417725,0.3363419473171234
1198,158,1,True,0.6899999976158142,9,4,12,0.5376361608505249,1.0,0.8363419771194458,0.022964417934417725,0.3363419473171234
6552,158,1,True,0.6899999976158142,9,4,12,0.5376361608505249,1.0,0.8363419771194458,0.022964417934417725,0.3363419473171234
6554,158,1,True,0.6899999976158142,9,4,12,0.5376361608505249,1.0,0.8363419771194458,0.022964417934417725,0.3363419473171234
6555,158,1,True,0.6899999976158142,9,4,12,0.5376361608505249,1.0,0.8363419771194458,0.022964417934417725,0.3363419473171234
6556,158,1,True,0.6899999976158142,9,4,12,0.5376361608505249,1.0,0.8363419771194458,0.022964417934417725,0.3363419473171234
6558,158,1,True,0.6899999976158142,9,4,12,0.5376361608505249,1.0,0.8363419771194458,0.022964417934417725,0.3363419473171234
330,80,1,True,0.6919999718666077,9,4,12,0.5527760982513428,0.9999995231628418,0.9091044664382935,0.05277609825134277,0.40910449624061584
331,80,1,True,0.6919999718666077,9,4,12,0.5527760982513428,0.9999995231628418,0.9091044664382935,0.05277609825134277,0.40910449624061584
3401,80,1,True,0.6919999718666077,9,4,12,0.5527760982513428,0.9999995231628418,0.9091044664382935,0.05277609825134277,0.40910449624061584
3402,80,1,True,0.6919999718666077,9,4,12,0.5527760982513428,0.9999995231628418,0.9091044664382935,0.05277609825134277,0.40910449624061584
3403,80,1,True,0.6919999718666077,9,4,12,0.5527760982513428,0.9999995231628418,0.9091044664382935,0.05277609825134277,0.40910449624061584
3404,80,1,True,0.6919999718666077,9,4,12,0.5527760982513428,0.9999995231628418,0.9091044664382935,0.05277609825134277,0.40910449624061584
3405,80,1,True,0.6919999718666077,9,4,12,0.5527760982513428,0.9999995231628418,0.9091044664382935,0.05277609825134277,0.40910449624061584
3406,80,1,True,0.6919999718666077,9,4,12,0.5527760982513428,0.9999995231628418,0.9091044664382935,0.05277609825134277,0.40910449624061584
3408,80,1,True,0.6919999718666077,9,4,12,0.5527760982513428,0.9999995231628418,0.9091044664382935,0.05277609825134277,0.40910449624061584
3409,80,1,True,0.6919999718666077,9,4,12,0.5527760982513428,0.9999995231628418,0.9091044664382935,0.05277609825134277,0.40910449624061584
3411,80,1,True,0.6919999718666077,9,4,12,0.5527760982513428,0.9999995231628418,0.9091044664382935,0.05277609825134277,0.40910449624061584
3412,80,1,True,0.6919999718666077,9,4,12,0.5527760982513428,0.9999995231628418,0.9091044664382935,0.05277609825134277,0.40910449624061584
3413,80,1,True,0.6919999718666077,9,4,12,0.5527760982513428,0.9999995231628418,0.9091044664382935,0.05277609825134277,0.40910449624061584
3414,80,1,True,0.6919999718666077,9,4,12,0.5527760982513428,0.9999995231628418,0.9091044664382935,0.05277609825134277,0.40910449624061584
3415,80,1,True,0.6919999718666077,9,4,12,0.5527760982513428,0.9999995231628418,0.9091044664382935,0.05277609825134277,0.40910449624061584
3417,80,1,True,0.6919999718666077,9,4,12,0.5527760982513428,0.9999995231628418,0.9091044664382935,0.05277609825134277,0.40910449624061584
3419,80,1,True,0.6919999718666077,9,4,12,0.5527760982513428,0.9999995231628418,0.9091044664382935,0.05277609825134277,0.40910449624061584
3421,80,1,True,0.6919999718666077,9,4,12,0.5527760982513428,0.9999995231628418,0.9091044664382935,0.05277609825134277,0.40910449624061584
3422,80,1,True,0.6919999718666077,9,4,12,0.5527760982513428,0.9999995231628418,0.9091044664382935,0.05277609825134277,0.40910449624061584
3423,80,1,True,0.6919999718666077,9,4,12,0.5527760982513428,0.9999995231628418,0.9091044664382935,0.05277609825134277,0.40910449624061584
3424,80,1,True,0.6919999718666077,9,4,12,0.5527760982513428,0.9999995231628418,0.9091044664382935,0.05277609825134277,0.40910449624061584
3425,80,1,True,0.6919999718666077,9,4,12,0.5527760982513428,0.9999995231628418,0.9091044664382935,0.05277609825134277,0.40910449624061584
3426,80,1,True,0.6919999718666077,9,4,12,0.5527760982513428,0.9999995231628418,0.9091044664382935,0.05277609825134277,0.40910449624061584
716,115,1,True,0.6919999718666077,9,4,12,0.5527760982513428,0.9999368190765381,0.9056960344314575,0.05277609825134277,0.4056960344314575
722,115,1,True,0.6919999718666077,9,4,12,0.5527760982513428,0.9999368190765381,0.9056960344314575,0.05277609825134277,0.4056960344314575
723,115,1,True,0.6919999718666077,9,4,12,0.5527760982513428,0.9999368190765381,0.9056960344314575,0.05277609825134277,0.4056960344314575
4800,115,1,True,0.6919999718666077,9,4,12,0.5527760982513428,0.9999368190765381,0.9056960344314575,0.05277609825134277,0.4056960344314575
4801,115,1,True,0.6919999718666077,9,4,12,0.5527760982513428,0.9999368190765381,0.9056960344314575,0.05277609825134277,0.4056960344314575
4803,115,1,True,0.6919999718666077,9,4,12,0.5527760982513428,0.9999368190765381,0.9056960344314575,0.05277609825134277,0.4056960344314575
4806,115,1,True,0.6919999718666077,9,4,12,0.5527760982513428,0.9999368190765381,0.9056960344314575,0.05277609825134277,0.4056960344314575
4809,115,1,True,0.6919999718666077,9,4,12,0.5527760982513428,0.9999368190765381,0.9056960344314575,0.05277609825134277,0.4056960344314575
4810,115,1,True,0.6919999718666077,9,4,12,0.5527760982513428,0.9999368190765381,0.9056960344314575,0.05277609825134277,0.4056960344314575
4811,115,1,True,0.6919999718666077,9,4,12,0.5527760982513428,0.9999368190765381,0.9056960344314575,0.05277609825134277,0.4056960344314575
4812,115,1,True,0.6919999718666077,9,4,12,0.5527760982513428,0.9999368190765381,0.9056960344314575,0.05277609825134277,0.4056960344314575
4813,115,1,True,0.6919999718666077,9,4,12,0.5527760982513428,0.9999368190765381,0.9056960344314575,0.05277609825134277,0.4056960344314575
4814,115,1,True,0.6919999718666077,9,4,12,0.5527760982513428,0.9999368190765381,0.9056960344314575,0.05277609825134277,0.4056960344314575
4815,115,1,True,0.6919999718666077,9,4,12,0.5527760982513428,0.9999368190765381,0.9056960344314575,0.05277609825134277,0.4056960344314575
4816,115,1,True,0.6919999718666077,9,4,12,0.5527760982513428,0.9999368190765381,0.9056960344314575,0.05277609825134277,0.4056960344314575
4817,115,1,True,0.6919999718666077,9,4,12,0.5527760982513428,0.9999368190765381,0.9056960344314575,0.05277609825134277,0.4056960344314575
4822,115,1,True,0.6919999718666077,9,4,12,0.5527760982513428,0.9999368190765381,0.9056960344314575,0.05277609825134277,0.4056960344314575
4823,115,1,True,0.6919999718666077,9,4,12,0.5527760982513428,0.9999368190765381,0.9056960344314575,0.05277609825134277,0.4056960344314575
4824,115,1,True,0.6919999718666077,9,4,12,0.5527760982513428,0.9999368190765381,0.9056960344314575,0.05277609825134277,0.4056960344314575
4825,115,1,True,0.6919999718666077,9,4,12,0.5527760982513428,0.9999368190765381,0.9056960344314575,0.05277609825134277,0.4056960344314575
4826,115,1,True,0.6919999718666077,9,4,12,0.5527760982513428,0.9999368190765381,0.9056960344314575,0.05277609825134277,0.4056960344314575
4827,115,1,True,0.6919999718666077,9,4,12,0.5527760982513428,0.9999368190765381,0.9056960344314575,0.05277609825134277,0.4056960344314575
4828,115,1,True,0.6919999718666077,9,4,12,0.5527760982513428,0.9999368190765381,0.9056960344314575,0.05277609825134277,0.4056960344314575
4830,115,1,True,0.6919999718666077,9,4,12,0.5527760982513428,0.9999368190765381,0.9056960344314575,0.05277609825134277,0.4056960344314575
4831,115,1,True,0.6919999718666077,9,4,12,0.5527760982513428,0.9999368190765381,0.9056960344314575,0.05277609825134277,0.4056960344314575
4832,115,1,True,0.6919999718666077,9,4,12,0.5527760982513428,0.9999368190765381,0.9056960344314575,0.05277609825134277,0.4056960344314575
4833,115,1,True,0.6919999718666077,9,4,12,0.5527760982513428,0.9999368190765381,0.9056960344314575,0.05277609825134277,0.4056960344314575
4834,115,1,True,0.6919999718666077,9,4,12,0.5527760982513428,0.9999368190765381,0.9056960344314575,0.05277609825134277,0.4056960344314575
4836,115,1,True,0.6919999718666077,9,4,12,0.5527760982513428,0.9999368190765381,0.9056960344314575,0.05277609825134277,0.4056960344314575
337,80,1,True,0.6940000057220459,9,4,12,0.5527760982513428,0.9999995231628418,0.9091044664382935,0.05277609825134277,0.40910449624061584
338,80,1,True,0.6940000057220459,9,4,12,0.5527760982513428,0.9999995231628418,0.9091044664382935,0.05277609825134277,0.40910449624061584
339,80,1,True,0.6940000057220459,9,4,12,0.5527760982513428,0.9999995231628418,0.9091044664382935,0.05277609825134277,0.40910449624061584
340,80,1,True,0.6940000057220459,9,4,12,0.5527760982513428,0.9999995231628418,0.9091044664382935,0.05277609825134277,0.40910449624061584
3427,80,1,True,0.6940000057220459,9,4,12,0.5527760982513428,0.9999995231628418,0.9091044664382935,0.05277609825134277,0.40910449624061584
3428,80,1,True,0.6940000057220459,9,4,12,0.5527760982513428,0.9999995231628418,0.9091044664382935,0.05277609825134277,0.40910449624061584
3431,80,1,True,0.6940000057220459,9,4,12,0.5527760982513428,0.9999995231628418,0.9091044664382935,0.05277609825134277,0.40910449624061584
3432,80,1,True,0.6940000057220459,9,4,12,0.5527760982513428,0.9999995231628418,0.9091044664382935,0.05277609825134277,0.40910449624061584
3434,80,1,True,0.6940000057220459,9,4,12,0.5527760982513428,0.9999995231628418,0.9091044664382935,0.05277609825134277,0.40910449624061584
3435,80,1,True,0.6940000057220459,9,4,12,0.5527760982513428,0.9999995231628418,0.9091044664382935,0.05277609825134277,0.40910449624061584
3436,80,1,True,0.6940000057220459,9,4,12,0.5527760982513428,0.9999995231628418,0.9091044664382935,0.05277609825134277,0.40910449624061584
3439,80,1,True,0.6940000057220459,9,4,12,0.5527760982513428,0.9999995231628418,0.9091044664382935,0.05277609825134277,0.40910449624061584
972,138,1,True,0.699999988079071,9,4,12,0.9528517723083496,0.9999997615814209,0.9905574321746826,0.4528517723083496,0.490557461977005
973,138,1,True,0.699999988079071,9,4,12,0.9528517723083496,0.9999997615814209,0.9905574321746826,0.4528517723083496,0.490557461977005
974,138,1,True,0.699999988079071,9,4,12,0.9528517723083496,0.9999997615814209,0.9905574321746826,0.4528517723083496,0.490557461977005
975,138,1,True,0.699999988079071,9,4,12,0.9528517723083496,0.9999997615814209,0.9905574321746826,0.4528517723083496,0.490557461977005
976,138,1,True,0.699999988079071,9,4,12,0.9528517723083496,0.9999997615814209,0.9905574321746826,0.4528517723083496,0.490557461977005
977,138,1,True,0.699999988079071,9,4,12,0.9528517723083496,0.9999997615814209,0.9905574321746826,0.4528517723083496,0.490557461977005
978,138,1,True,0.699999988079071,9,4,12,0.9528517723083496,0.9999997615814209,0.9905574321746826,0.4528517723083496,0.490557461977005
5729,138,1,True,0.699999988079071,9,4,12,0.9528517723083496,0.9999997615814209,0.9905574321746826,0.4528517723083496,0.490557461977005
5732,138,1,True,0.699999988079071,9,4,12,0.9528517723083496,0.9999997615814209,0.9905574321746826,0.4528517723083496,0.490557461977005
5733,138,1,True,0.699999988079071,9,4,12,0.9528517723083496,0.9999997615814209,0.9905574321746826,0.4528517723083496,0.490557461977005
5734,138,1,True,0.699999988079071,9,4,12,0.9528517723083496,0.9999997615814209,0.9905574321746826,0.4528517723083496,0.490557461977005
5735,138,1,True,0.699999988079071,9,4,12,0.9528517723083496,0.9999997615814209,0.9905574321746826,0.4528517723083496,0.490557461977005
5741,138,1,True,0.699999988079071,9,4,12,0.9528517723083496,0.9999997615814209,0.9905574321746826,0.4528517723083496,0.490557461977005
5742,138,1,True,0.699999988079071,9,4,12,0.9528517723083496,0.9999997615814209,0.9905574321746826,0.4528517723083496,0.490557461977005
5743,138,1,True,0.699999988079071,9,4,12,0.9528517723083496,0.9999997615814209,0.9905574321746826,0.4528517723083496,0.490557461977005
5744,138,1,True,0.699999988079071,9,4,12,0.9528517723083496,0.9999997615814209,0.9905574321746826,0.4528517723083496,0.490557461977005
5745,138,1,True,0.699999988079071,9,4,12,0.9528517723083496,0.9999997615814209,0.9905574321746826,0.4528517723083496,0.490557461977005
5746,138,1,True,0.699999988079071,9,4,12,0.9528517723083496,0.9999997615814209,0.9905574321746826,0.4528517723083496,0.490557461977005
5747,138,1,True,0.699999988079071,9,4,12,0.9528517723083496,0.9999997615814209,0.9905574321746826,0.4528517723083496,0.490557461977005
5748,138,1,True,0.699999988079071,9,4,12,0.9528517723083496,0.9999997615814209,0.9905574321746826,0.4528517723083496,0.490557461977005
5750,138,1,True,0.699999988079071,9,4,12,0.9528517723083496,0.9999997615814209,0.9905574321746826,0.4528517723083496,0.490557461977005
5751,138,1,True,0.699999988079071,9,4,12,0.9528517723083496,0.9999997615814209,0.9905574321746826,0.4528517723083496,0.490557461977005
5752,138,1,True,0.699999988079071,9,4,12,0.9528517723083496,0.9999997615814209,0.9905574321746826,0.4528517723083496,0.490557461977005
5755,138,1,True,0.699999988079071,9,4,12,0.9528517723083496,0.9999997615814209,0.9905574321746826,0.4528517723083496,0.490557461977005
5756,138,1,True,0.699999988079071,9,4,12,0.9528517723083496,0.9999997615814209,0.9905574321746826,0.4528517723083496,0.490557461977005
5758,138,1,True,0.699999988079071,9,4,12,0.9528517723083496,0.9999997615814209,0.9905574321746826,0.4528517723083496,0.490557461977005
5759,138,1,True,0.699999988079071,9,4,12,0.9528517723083496,0.9999997615814209,0.9905574321746826,0.4528517723083496,0.490557461977005
649,109,1,True,0.7039999961853027,9,4,12,0.9995484948158264,0.7596361041069031,0.87139892578125,0.026627719402313232,0.3773161768913269
650,109,1,True,0.7039999961853027,9,4,12,0.9995484948158264,0.7596361041069031,0.87139892578125,0.026627719402313232,0.3773161768913269
4560,109,1,True,0.7039999961853027,9,4,12,0.9995484948158264,0.7596361041069031,0.87139892578125,0.026627719402313232,0.3773161768913269
4561,109,1,True,0.7039999961853027,9,4,12,0.9995484948158264,0.7596361041069031,0.87139892578125,0.026627719402313232,0.3773161768913269
4562,109,1,True,0.7039999961853027,9,4,12,0.9995484948158264,0.7596361041069031,0.87139892578125,0.026627719402313232,0.3773161768913269
4563,109,1,True,0.7039999961853027,9,4,12,0.9995484948158264,0.7596361041069031,0.87139892578125,0.026627719402313232,0.3773161768913269
4565,109,1,True,0.7039999961853027,9,4,12,0.9995484948158264,0.7596361041069031,0.87139892578125,0.026627719402313232,0.3773161768913269
4567,109,1,True,0.7039999961853027,9,4,12,0.9995484948158264,0.7596361041069031,0.87139892578125,0.026627719402313232,0.3773161768913269
4568,109,1,True,0.7039999961853027,9,4,12,0.9995484948158264,0.7596361041069031,0.87139892578125,0.026627719402313232,0.3773161768913269
4569,109,1,True,0.7039999961853027,9,4,12,0.9995484948158264,0.7596361041069031,0.87139892578125,0.026627719402313232,0.3773161768913269
4570,109,1,True,0.7039999961853027,9,4,12,0.9995484948158264,0.7596361041069031,0.87139892578125,0.026627719402313232,0.3773161768913269
1232,162,1,True,0.7039999961853027,9,4,12,0.5527760982513428,0.998746395111084,0.7062946557998657,0.05277609825134277,0.32900333404541016
1234,162,1,True,0.7039999961853027,9,4,12,0.5527760982513428,0.998746395111084,0.7062946557998657,0.05277609825134277,0.32900333404541016
1235,162,1,True,0.7039999961853027,9,4,12,0.5527760982513428,0.998746395111084,0.7062946557998657,0.05277609825134277,0.32900333404541016
1236,162,1,True,0.7039999961853027,9,4,12,0.5527760982513428,0.998746395111084,0.7062946557998657,0.05277609825134277,0.32900333404541016
1237,162,1,True,0.7039999961853027,9,4,12,0.5527760982513428,0.998746395111084,0.7062946557998657,0.05277609825134277,0.32900333404541016
1239,162,1,True,0.7039999961853027,9,4,12,0.5527760982513428,0.998746395111084,0.7062946557998657,0.05277609825134277,0.32900333404541016
1240,162,1,True,0.7039999961853027,9,4,12,0.5527760982513428,0.998746395111084,0.7062946557998657,0.05277609825134277,0.32900333404541016
1241,162,1,True,0.7039999961853027,9,4,12,0.5527760982513428,0.998746395111084,0.7062946557998657,0.05277609825134277,0.32900333404541016
1242,162,1,True,0.7039999961853027,9,4,12,0.5527760982513428,0.998746395111084,0.7062946557998657,0.05277609825134277,0.32900333404541016
6681,162,1,True,0.7039999961853027,9,4,12,0.5527760982513428,0.998746395111084,0.7062946557998657,0.05277609825134277,0.32900333404541016
6683,162,1,True,0.7039999961853027,9,4,12,0.5527760982513428,0.998746395111084,0.7062946557998657,0.05277609825134277,0.32900333404541016
6684,162,1,True,0.7039999961853027,9,4,12,0.5527760982513428,0.998746395111084,0.7062946557998657,0.05277609825134277,0.32900333404541016
6685,162,1,True,0.7039999961853027,9,4,12,0.5527760982513428,0.998746395111084,0.7062946557998657,0.05277609825134277,0.32900333404541016
6686,162,1,True,0.7039999961853027,9,4,12,0.5527760982513428,0.998746395111084,0.7062946557998657,0.05277609825134277,0.32900333404541016
6687,162,1,True,0.7039999961853027,9,4,12,0.5527760982513428,0.998746395111084,0.7062946557998657,0.05277609825134277,0.32900333404541016
6689,162,1,True,0.7039999961853027,9,4,12,0.5527760982513428,0.998746395111084,0.7062946557998657,0.05277609825134277,0.32900333404541016
6691,162,1,True,0.7039999961853027,9,4,12,0.5527760982513428,0.998746395111084,0.7062946557998657,0.05277609825134277,0.32900333404541016
6696,162,1,True,0.7039999961853027,9,4,12,0.5527760982513428,0.998746395111084,0.7062946557998657,0.05277609825134277,0.32900333404541016
6697,162,1,True,0.7039999961853027,9,4,12,0.5527760982513428,0.998746395111084,0.7062946557998657,0.05277609825134277,0.32900333404541016
6698,162,1,True,0.7039999961853027,9,4,12,0.5527760982513428,0.998746395111084,0.7062946557998657,0.05277609825134277,0.32900333404541016
6699,162,1,True,0.7039999961853027,9,4,12,0.5527760982513428,0.998746395111084,0.7062946557998657,0.05277609825134277,0.32900333404541016
6700,162,1,True,0.7039999961853027,9,4,12,0.5527760982513428,0.998746395111084,0.7062946557998657,0.05277609825134277,0.32900333404541016
6702,162,1,True,0.7039999961853027,9,4,12,0.5527760982513428,0.998746395111084,0.7062946557998657,0.05277609825134277,0.32900333404541016
6703,162,1,True,0.7039999961853027,9,4,12,0.5527760982513428,0.998746395111084,0.7062946557998657,0.05277609825134277,0.32900333404541016
6704,162,1,True,0.7039999961853027,9,4,12,0.5527760982513428,0.998746395111084,0.7062946557998657,0.05277609825134277,0.32900333404541016
6705,162,1,True,0.7039999961853027,9,4,12,0.5527760982513428,0.998746395111084,0.7062946557998657,0.05277609825134277,0.32900333404541016
6706,162,1,True,0.7039999961853027,9,4,12,0.5527760982513428,0.998746395111084,0.7062946557998657,0.05277609825134277,0.32900333404541016
6707,162,1,True,0.7039999961853027,9,4,12,0.5527760982513428,0.998746395111084,0.7062946557998657,0.05277609825134277,0.32900333404541016
6708,162,1,True,0.7039999961853027,9,4,12,0.5527760982513428,0.998746395111084,0.7062946557998657,0.05277609825134277,0.32900333404541016
6709,162,1,True,0.7039999961853027,9,4,12,0.5527760982513428,0.998746395111084,0.7062946557998657,0.05277609825134277,0.32900333404541016
6710,162,1,True,0.7039999961853027,9,4,12,0.5527760982513428,0.998746395111084,0.7062946557998657,0.05277609825134277,0.32900333404541016
6713,162,1,True,0.7039999961853027,9,4,12,0.5527760982513428,0.998746395111084,0.7062946557998657,0.05277609825134277,0.32900333404541016
6715,162,1,True,0.7039999961853027,9,4,12,0.5527760982513428,0.998746395111084,0.7062946557998657,0.05277609825134277,0.32900333404541016
6716,162,1,True,0.7039999961853027,9,4,12,0.5527760982513428,0.998746395111084,0.7062946557998657,0.05277609825134277,0.32900333404541016
6717,162,1,True,0.7039999961853027,9,4,12,0.5527760982513428,0.998746395111084,0.7062946557998657,0.05277609825134277,0.32900333404541016
6718,162,1,True,0.7039999961853027,9,4,12,0.5527760982513428,0.998746395111084,0.7062946557998657,0.05277609825134277,0.32900333404541016
6719,162,1,True,0.7039999961853027,9,4,12,0.5527760982513428,0.998746395111084,0.7062946557998657,0.05277609825134277,0.32900333404541016
652,109,1,True,0.7059999704360962,9,4,12,0.9995484948158264,0.7596361041069031,0.87139892578125,0.026627719402313232,0.3773161768913269
653,109,1,True,0.7059999704360962,9,4,12,0.9995484948158264,0.7596361041069031,0.87139892578125,0.026627719402313232,0.3773161768913269
654,109,1,True,0.7059999704360962,9,4,12,0.9995484948158264,0.7596361041069031,0.87139892578125,0.026627719402313232,0.3773161768913269
655,109,1,True,0.7059999704360962,9,4,12,0.9995484948158264,0.7596361041069031,0.87139892578125,0.026627719402313232,0.3773161768913269
656,109,1,True,0.7059999704360962,9,4,12,0.9995484948158264,0.7596361041069031,0.87139892578125,0.026627719402313232,0.3773161768913269
657,109,1,True,0.7059999704360962,9,4,12,0.9995484948158264,0.7596361041069031,0.87139892578125,0.026627719402313232,0.3773161768913269
658,109,1,True,0.7059999704360962,9,4,12,0.9995484948158264,0.7596361041069031,0.87139892578125,0.026627719402313232,0.3773161768913269
659,109,1,True,0.7059999704360962,9,4,12,0.9995484948158264,0.7596361041069031,0.87139892578125,0.026627719402313232,0.3773161768913269
4571,109,1,True,0.7059999704360962,9,4,12,0.9995484948158264,0.7596361041069031,0.87139892578125,0.026627719402313232,0.3773161768913269
4572,109,1,True,0.7059999704360962,9,4,12,0.9995484948158264,0.7596361041069031,0.87139892578125,0.026627719402313232,0.3773161768913269
4573,109,1,True,0.7059999704360962,9,4,12,0.9995484948158264,0.7596361041069031,0.87139892578125,0.026627719402313232,0.3773161768913269
4574,109,1,True,0.7059999704360962,9,4,12,0.9995484948158264,0.7596361041069031,0.87139892578125,0.026627719402313232,0.3773161768913269
4577,109,1,True,0.7059999704360962,9,4,12,0.9995484948158264,0.7596361041069031,0.87139892578125,0.026627719402313232,0.3773161768913269
4578,109,1,True,0.7059999704360962,9,4,12,0.9995484948158264,0.7596361041069031,0.87139892578125,0.026627719402313232,0.3773161768913269
4579,109,1,True,0.7059999704360962,9,4,12,0.9995484948158264,0.7596361041069031,0.87139892578125,0.026627719402313232,0.3773161768913269
4585,109,1,True,0.7059999704360962,9,4,12,0.9995484948158264,0.7596361041069031,0.87139892578125,0.026627719402313232,0.3773161768913269
4589,109,1,True,0.7059999704360962,9,4,12,0.9995484948158264,0.7596361041069031,0.87139892578125,0.026627719402313232,0.3773161768913269
4590,109,1,True,0.7059999704360962,9,4,12,0.9995484948158264,0.7596361041069031,0.87139892578125,0.026627719402313232,0.3773161768913269
4591,109,1,True,0.7059999704360962,9,4,12,0.9995484948158264,0.7596361041069031,0.87139892578125,0.026627719402313232,0.3773161768913269
4592,109,1,True,0.7059999704360962,9,4,12,0.9995484948158264,0.7596361041069031,0.87139892578125,0.026627719402313232,0.3773161768913269
4593,109,1,True,0.7059999704360962,9,4,12,0.9995484948158264,0.7596361041069031,0.87139892578125,0.026627719402313232,0.3773161768913269
4595,109,1,True,0.7059999704360962,9,4,12,0.9995484948158264,0.7596361041069031,0.87139892578125,0.026627719402313232,0.3773161768913269
4596,109,1,True,0.7059999704360962,9,4,12,0.9995484948158264,0.7596361041069031,0.87139892578125,0.026627719402313232,0.3773161768913269
4597,109,1,True,0.7059999704360962,9,4,12,0.9995484948158264,0.7596361041069031,0.87139892578125,0.026627719402313232,0.3773161768913269
4598,109,1,True,0.7059999704360962,9,4,12,0.9995484948158264,0.7596361041069031,0.87139892578125,0.026627719402313232,0.3773161768913269
738,117,1,True,0.7059999704360962,9,4,12,0.8919074535369873,1.0,0.9772924780845642,0.3919074535369873,0.4772924780845642
739,117,1,True,0.7059999704360962,9,4,12,0.8919074535369873,1.0,0.9772924780845642,0.3919074535369873,0.4772924780845642
741,117,1,True,0.7059999704360962,9,4,12,0.8919074535369873,1.0,0.9772924780845642,0.3919074535369873,0.4772924780845642
743,117,1,True,0.7059999704360962,9,4,12,0.8919074535369873,1.0,0.9772924780845642,0.3919074535369873,0.4772924780845642
744,117,1,True,0.7059999704360962,9,4,12,0.8919074535369873,1.0,0.9772924780845642,0.3919074535369873,0.4772924780845642
747,117,1,True,0.7059999704360962,9,4,12,0.8919074535369873,1.0,0.9772924780845642,0.3919074535369873,0.4772924780845642
4880,117,1,True,0.7059999704360962,9,4,12,0.8919074535369873,1.0,0.9772924780845642,0.3919074535369873,0.4772924780845642
4882,117,1,True,0.7059999704360962,9,4,12,0.8919074535369873,1.0,0.9772924780845642,0.3919074535369873,0.4772924780845642
4883,117,1,True,0.7059999704360962,9,4,12,0.8919074535369873,1.0,0.9772924780845642,0.3919074535369873,0.4772924780845642
4884,117,1,True,0.7059999704360962,9,4,12,0.8919074535369873,1.0,0.9772924780845642,0.3919074535369873,0.4772924780845642
4886,117,1,True,0.7059999704360962,9,4,12,0.8919074535369873,1.0,0.9772924780845642,0.3919074535369873,0.4772924780845642
4887,117,1,True,0.7059999704360962,9,4,12,0.8919074535369873,1.0,0.9772924780845642,0.3919074535369873,0.4772924780845642
4888,117,1,True,0.7059999704360962,9,4,12,0.8919074535369873,1.0,0.9772924780845642,0.3919074535369873,0.4772924780845642
4889,117,1,True,0.7059999704360962,9,4,12,0.8919074535369873,1.0,0.9772924780845642,0.3919074535369873,0.4772924780845642
4890,117,1,True,0.7059999704360962,9,4,12,0.8919074535369873,1.0,0.9772924780845642,0.3919074535369873,0.4772924780845642
4891,117,1,True,0.7059999704360962,9,4,12,0.8919074535369873,1.0,0.9772924780845642,0.3919074535369873,0.4772924780845642
4892,117,1,True,0.7059999704360962,9,4,12,0.8919074535369873,1.0,0.9772924780845642,0.3919074535369873,0.4772924780845642
4894,117,1,True,0.7059999704360962,9,4,12,0.8919074535369873,1.0,0.9772924780845642,0.3919074535369873,0.4772924780845642
4895,117,1,True,0.7059999704360962,9,4,12,0.8919074535369873,1.0,0.9772924780845642,0.3919074535369873,0.4772924780845642
4896,117,1,True,0.7059999704360962,9,4,12,0.8919074535369873,1.0,0.9772924780845642,0.3919074535369873,0.4772924780845642
4897,117,1,True,0.7059999704360962,9,4,12,0.8919074535369873,1.0,0.9772924780845642,0.3919074535369873,0.4772924780845642
4898,117,1,True,0.7059999704360962,9,4,12,0.8919074535369873,1.0,0.9772924780845642,0.3919074535369873,0.4772924780845642
4899,117,1,True,0.7059999704360962,9,4,12,0.8919074535369873,1.0,0.9772924780845642,0.3919074535369873,0.4772924780845642
4900,117,1,True,0.7059999704360962,9,4,12,0.8919074535369873,1.0,0.9772924780845642,0.3919074535369873,0.4772924780845642
4901,117,1,True,0.7059999704360962,9,4,12,0.8919074535369873,1.0,0.9772924780845642,0.3919074535369873,0.4772924780845642
4902,117,1,True,0.7059999704360962,9,4,12,0.8919074535369873,1.0,0.9772924780845642,0.3919074535369873,0.4772924780845642
4903,117,1,True,0.7059999704360962,9,4,12,0.8919074535369873,1.0,0.9772924780845642,0.3919074535369873,0.4772924780845642
4904,117,1,True,0.7059999704360962,9,4,12,0.8919074535369873,1.0,0.9772924780845642,0.3919074535369873,0.4772924780845642
4905,117,1,True,0.7059999704360962,9,4,12,0.8919074535369873,1.0,0.9772924780845642,0.3919074535369873,0.4772924780845642
4906,117,1,True,0.7059999704360962,9,4,12,0.8919074535369873,1.0,0.9772924780845642,0.3919074535369873,0.4772924780845642
4907,117,1,True,0.7059999704360962,9,4,12,0.8919074535369873,1.0,0.9772924780845642,0.3919074535369873,0.4772924780845642
4908,117,1,True,0.7059999704360962,9,4,12,0.8919074535369873,1.0,0.9772924780845642,0.3919074535369873,0.4772924780845642
4910,117,1,True,0.7059999704360962,9,4,12,0.8919074535369873,1.0,0.9772924780845642,0.3919074535369873,0.4772924780845642
4911,117,1,True,0.7059999704360962,9,4,12,0.8919074535369873,1.0,0.9772924780845642,0.3919074535369873,0.4772924780845642
4912,117,1,True,0.7059999704360962,9,4,12,0.8919074535369873,1.0,0.9772924780845642,0.3919074535369873,0.4772924780845642
4915,117,1,True,0.7059999704360962,9,4,12,0.8919074535369873,1.0,0.9772924780845642,0.3919074535369873,0.4772924780845642
4917,117,1,True,0.7059999704360962,9,4,12,0.8919074535369873,1.0,0.9772924780845642,0.3919074535369873,0.4772924780845642
4918,117,1,True,0.7059999704360962,9,4,12,0.8919074535369873,1.0,0.9772924780845642,0.3919074535369873,0.4772924780845642
881,130,1,True,0.7059999704360962,9,4,12,0.8919074535369873,0.9999977350234985,0.9817281365394592,0.3919074535369873,0.48172813653945923
882,130,1,True,0.7059999704360962,9,4,12,0.8919074535369873,0.9999977350234985,0.9817281365394592,0.3919074535369873,0.48172813653945923
883,130,1,True,0.7059999704360962,9,4,12,0.8919074535369873,0.9999977350234985,0.9817281365394592,0.3919074535369873,0.48172813653945923
885,130,1,True,0.7059999704360962,9,4,12,0.8919074535369873,0.9999977350234985,0.9817281365394592,0.3919074535369873,0.48172813653945923
886,130,1,True,0.7059999704360962,9,4,12,0.8919074535369873,0.9999977350234985,0.9817281365394592,0.3919074535369873,0.48172813653945923
887,130,1,True,0.7059999704360962,9,4,12,0.8919074535369873,0.9999977350234985,0.9817281365394592,0.3919074535369873,0.48172813653945923
888,130,1,True,0.7059999704360962,9,4,12,0.8919074535369873,0.9999977350234985,0.9817281365394592,0.3919074535369873,0.48172813653945923
5401,130,1,True,0.7059999704360962,9,4,12,0.8919074535369873,0.9999977350234985,0.9817281365394592,0.3919074535369873,0.48172813653945923
5403,130,1,True,0.7059999704360962,9,4,12,0.8919074535369873,0.9999977350234985,0.9817281365394592,0.3919074535369873,0.48172813653945923
5404,130,1,True,0.7059999704360962,9,4,12,0.8919074535369873,0.9999977350234985,0.9817281365394592,0.3919074535369873,0.48172813653945923
5406,130,1,True,0.7059999704360962,9,4,12,0.8919074535369873,0.9999977350234985,0.9817281365394592,0.3919074535369873,0.48172813653945923
5408,130,1,True,0.7059999704360962,9,4,12,0.8919074535369873,0.9999977350234985,0.9817281365394592,0.3919074535369873,0.48172813653945923
5411,130,1,True,0.7059999704360962,9,4,12,0.8919074535369873,0.9999977350234985,0.9817281365394592,0.3919074535369873,0.48172813653945923
5412,130,1,True,0.7059999704360962,9,4,12,0.8919074535369873,0.9999977350234985,0.9817281365394592,0.3919074535369873,0.48172813653945923
5413,130,1,True,0.7059999704360962,9,4,12,0.8919074535369873,0.9999977350234985,0.9817281365394592,0.3919074535369873,0.48172813653945923
5414,130,1,True,0.7059999704360962,9,4,12,0.8919074535369873,0.9999977350234985,0.9817281365394592,0.3919074535369873,0.48172813653945923
5415,130,1,True,0.7059999704360962,9,4,12,0.8919074535369873,0.9999977350234985,0.9817281365394592,0.3919074535369873,0.48172813653945923
5417,130,1,True,0.7059999704360962,9,4,12,0.8919074535369873,0.9999977350234985,0.9817281365394592,0.3919074535369873,0.48172813653945923
5418,130,1,True,0.7059999704360962,9,4,12,0.8919074535369873,0.9999977350234985,0.9817281365394592,0.3919074535369873,0.48172813653945923
5419,130,1,True,0.7059999704360962,9,4,12,0.8919074535369873,0.9999977350234985,0.9817281365394592,0.3919074535369873,0.48172813653945923
5420,130,1,True,0.7059999704360962,9,4,12,0.8919074535369873,0.9999977350234985,0.9817281365394592,0.3919074535369873,0.48172813653945923
5422,130,1,True,0.7059999704360962,9,4,12,0.8919074535369873,0.9999977350234985,0.9817281365394592,0.3919074535369873,0.48172813653945923
5424,130,1,True,0.7059999704360962,9,4,12,0.8919074535369873,0.9999977350234985,0.9817281365394592,0.3919074535369873,0.48172813653945923
5425,130,1,True,0.7059999704360962,9,4,12,0.8919074535369873,0.9999977350234985,0.9817281365394592,0.3919074535369873,0.48172813653945923
5428,130,1,True,0.7059999704360962,9,4,12,0.8919074535369873,0.9999977350234985,0.9817281365394592,0.3919074535369873,0.48172813653945923
5430,130,1,True,0.7059999704360962,9,4,12,0.8919074535369873,0.9999977350234985,0.9817281365394592,0.3919074535369873,0.48172813653945923
5431,130,1,True,0.7059999704360962,9,4,12,0.8919074535369873,0.9999977350234985,0.9817281365394592,0.3919074535369873,0.48172813653945923
5433,130,1,True,0.7059999704360962,9,4,12,0.8919074535369873,0.9999977350234985,0.9817281365394592,0.3919074535369873,0.48172813653945923
573,102,1,True,0.7080000042915344,9,4,12,0.5527760982513428,0.4225601553916931,0.589053750038147,0.05021029710769653,0.14239484071731567
574,102,1,True,0.7080000042915344,9,4,12,0.5527760982513428,0.4225601553916931,0.589053750038147,0.05021029710769653,0.14239484071731567
576,102,1,True,0.7080000042915344,9,4,12,0.5527760982513428,0.4225601553916931,0.589053750038147,0.05021029710769653,0.14239484071731567
577,102,1,True,0.7080000042915344,9,4,12,0.5527760982513428,0.4225601553916931,0.589053750038147,0.05021029710769653,0.14239484071731567
579,102,1,True,0.7080000042915344,9,4,12,0.5527760982513428,0.4225601553916931,0.589053750038147,0.05021029710769653,0.14239484071731567
581,102,1,True,0.7080000042915344,9,4,12,0.5527760982513428,0.4225601553916931,0.589053750038147,0.05021029710769653,0.14239484071731567
582,102,1,True,0.7080000042915344,9,4,12,0.5527760982513428,0.4225601553916931,0.589053750038147,0.05021029710769653,0.14239484071731567
4281,102,1,True,0.7080000042915344,9,4,12,0.5527760982513428,0.4225601553916931,0.589053750038147,0.05021029710769653,0.14239484071731567
4282,102,1,True,0.7080000042915344,9,4,12,0.5527760982513428,0.4225601553916931,0.589053750038147,0.05021029710769653,0.14239484071731567
4284,102,1,True,0.7080000042915344,9,4,12,0.5527760982513428,0.4225601553916931,0.589053750038147,0.05021029710769653,0.14239484071731567
4285,102,1,True,0.7080000042915344,9,4,12,0.5527760982513428,0.4225601553916931,0.589053750038147,0.05021029710769653,0.14239484071731567
4287,102,1,True,0.7080000042915344,9,4,12,0.5527760982513428,0.4225601553916931,0.589053750038147,0.05021029710769653,0.14239484071731567
4289,102,1,True,0.7080000042915344,9,4,12,0.5527760982513428,0.4225601553916931,0.589053750038147,0.05021029710769653,0.14239484071731567
4290,102,1,True,0.7080000042915344,9,4,12,0.5527760982513428,0.4225601553916931,0.589053750038147,0.05021029710769653,0.14239484071731567
4292,102,1,True,0.7080000042915344,9,4,12,0.5527760982513428,0.4225601553916931,0.589053750038147,0.05021029710769653,0.14239484071731567
4293,102,1,True,0.7080000042915344,9,4,12,0.5527760982513428,0.4225601553916931,0.589053750038147,0.05021029710769653,0.14239484071731567
4294,102,1,True,0.7080000042915344,9,4,12,0.5527760982513428,0.4225601553916931,0.589053750038147,0.05021029710769653,0.14239484071731567
4295,102,1,True,0.7080000042915344,9,4,12,0.5527760982513428,0.4225601553916931,0.589053750038147,0.05021029710769653,0.14239484071731567
4296,102,1,True,0.7080000042915344,9,4,12,0.5527760982513428,0.4225601553916931,0.589053750038147,0.05021029710769653,0.14239484071731567
4297,102,1,True,0.7080000042915344,9,4,12,0.5527760982513428,0.4225601553916931,0.589053750038147,0.05021029710769653,0.14239484071731567
4300,102,1,True,0.7080000042915344,9,4,12,0.5527760982513428,0.4225601553916931,0.589053750038147,0.05021029710769653,0.14239484071731567
4301,102,1,True,0.7080000042915344,9,4,12,0.5527760982513428,0.4225601553916931,0.589053750038147,0.05021029710769653,0.14239484071731567
4302,102,1,True,0.7080000042915344,9,4,12,0.5527760982513428,0.4225601553916931,0.589053750038147,0.05021029710769653,0.14239484071731567
4304,102,1,True,0.7080000042915344,9,4,12,0.5527760982513428,0.4225601553916931,0.589053750038147,0.05021029710769653,0.14239484071731567
4305,102,1,True,0.7080000042915344,9,4,12,0.5527760982513428,0.4225601553916931,0.589053750038147,0.05021029710769653,0.14239484071731567
4307,102,1,True,0.7080000042915344,9,4,12,0.5527760982513428,0.4225601553916931,0.589053750038147,0.05021029710769653,0.14239484071731567
4308,102,1,True,0.7080000042915344,9,4,12,0.5527760982513428,0.4225601553916931,0.589053750038147,0.05021029710769653,0.14239484071731567
4309,102,1,True,0.7080000042915344,9,4,12,0.5527760982513428,0.4225601553916931,0.589053750038147,0.05021029710769653,0.14239484071731567
4310,102,1,True,0.7080000042915344,9,4,12,0.5527760982513428,0.4225601553916931,0.589053750038147,0.05021029710769653,0.14239484071731567
4311,102,1,True,0.7080000042915344,9,4,12,0.5527760982513428,0.4225601553916931,0.589053750038147,0.05021029710769653,0.14239484071731567
4314,102,1,True,0.7080000042915344,9,4,12,0.5527760982513428,0.4225601553916931,0.589053750038147,0.05021029710769653,0.14239484071731567
4316,102,1,True,0.7080000042915344,9,4,12,0.5527760982513428,0.4225601553916931,0.589053750038147,0.05021029710769653,0.14239484071731567
4317,102,1,True,0.7080000042915344,9,4,12,0.5527760982513428,0.4225601553916931,0.589053750038147,0.05021029710769653,0.14239484071731567
4318,102,1,True,0.7080000042915344,9,4,12,0.5527760982513428,0.4225601553916931,0.589053750038147,0.05021029710769653,0.14239484071731567
4319,102,1,True,0.7080000042915344,9,4,12,0.5527760982513428,0.4225601553916931,0.589053750038147,0.05021029710769653,0.14239484071731567
889,130,1,True,0.7080000042915344,9,4,12,0.8919074535369873,0.9999977350234985,0.9817281365394592,0.3919074535369873,0.48172813653945923
890,130,1,True,0.7080000042915344,9,4,12,0.8919074535369873,0.9999977350234985,0.9817281365394592,0.3919074535369873,0.48172813653945923
5435,130,1,True,0.7080000042915344,9,4,12,0.8919074535369873,0.9999977350234985,0.9817281365394592,0.3919074535369873,0.48172813653945923
5437,130,1,True,0.7080000042915344,9,4,12,0.8919074535369873,0.9999977350234985,0.9817281365394592,0.3919074535369873,0.48172813653945923
5439,130,1,True,0.7080000042915344,9,4,12,0.8919074535369873,0.9999977350234985,0.9817281365394592,0.3919074535369873,0.48172813653945923
495,95,1,True,0.7099999785423279,9,4,12,0.5527760982513428,0.999994158744812,0.8303205370903015,0.05277609825134277,0.3303205072879791
4001,95,1,True,0.7099999785423279,9,4,12,0.5527760982513428,0.999994158744812,0.8303205370903015,0.05277609825134277,0.3303205072879791
4002,95,1,True,0.7099999785423279,9,4,12,0.5527760982513428,0.999994158744812,0.8303205370903015,0.05277609825134277,0.3303205072879791
4003,95,1,True,0.7099999785423279,9,4,12,0.5527760982513428,0.999994158744812,0.8303205370903015,0.05277609825134277,0.3303205072879791
759,119,1,True,0.7099999785423279,9,4,12,0.9528517723083496,0.9999567270278931,0.9825766682624817,0.4528517723083496,0.4825766980648041
761,119,1,True,0.7099999785423279,9,4,12,0.9528517723083496,0.9999567270278931,0.9825766682624817,0.4528517723083496,0.4825766980648041
762,119,1,True,0.7099999785423279,9,4,12,0.9528517723083496,0.9999567270278931,0.9825766682624817,0.4528517723083496,0.4825766980648041
764,119,1,True,0.7099999785423279,9,4,12,0.9528517723083496,0.9999567270278931,0.9825766682624817,0.4528517723083496,0.4825766980648041
767,119,1,True,0.7099999785423279,9,4,12,0.9528517723083496,0.9999567270278931,0.9825766682624817,0.4528517723083496,0.4825766980648041
768,119,1,True,0.7099999785423279,9,4,12,0.9528517723083496,0.9999567270278931,0.9825766682624817,0.4528517723083496,0.4825766980648041
4961,119,1,True,0.7099999785423279,9,4,12,0.9528517723083496,0.9999567270278931,0.9825766682624817,0.4528517723083496,0.4825766980648041
4963,119,1,True,0.7099999785423279,9,4,12,0.9528517723083496,0.9999567270278931,0.9825766682624817,0.4528517723083496,0.4825766980648041
4964,119,1,True,0.7099999785423279,9,4,12,0.9528517723083496,0.9999567270278931,0.9825766682624817,0.4528517723083496,0.4825766980648041
4965,119,1,True,0.7099999785423279,9,4,12,0.9528517723083496,0.9999567270278931,0.9825766682624817,0.4528517723083496,0.4825766980648041
4966,119,1,True,0.7099999785423279,9,4,12,0.9528517723083496,0.9999567270278931,0.9825766682624817,0.4528517723083496,0.4825766980648041
4967,119,1,True,0.7099999785423279,9,4,12,0.9528517723083496,0.9999567270278931,0.9825766682624817,0.4528517723083496,0.4825766980648041
4968,119,1,True,0.7099999785423279,9,4,12,0.9528517723083496,0.9999567270278931,0.9825766682624817,0.4528517723083496,0.4825766980648041
4970,119,1,True,0.7099999785423279,9,4,12,0.9528517723083496,0.9999567270278931,0.9825766682624817,0.4528517723083496,0.4825766980648041
4972,119,1,True,0.7099999785423279,9,4,12,0.9528517723083496,0.9999567270278931,0.9825766682624817,0.4528517723083496,0.4825766980648041
4973,119,1,True,0.7099999785423279,9,4,12,0.9528517723083496,0.9999567270278931,0.9825766682624817,0.4528517723083496,0.4825766980648041
4974,119,1,True,0.7099999785423279,9,4,12,0.9528517723083496,0.9999567270278931,0.9825766682624817,0.4528517723083496,0.4825766980648041
4975,119,1,True,0.7099999785423279,9,4,12,0.9528517723083496,0.9999567270278931,0.9825766682624817,0.4528517723083496,0.4825766980648041
4976,119,1,True,0.7099999785423279,9,4,12,0.9528517723083496,0.9999567270278931,0.9825766682624817,0.4528517723083496,0.4825766980648041
4977,119,1,True,0.7099999785423279,9,4,12,0.9528517723083496,0.9999567270278931,0.9825766682624817,0.4528517723083496,0.4825766980648041
4978,119,1,True,0.7099999785423279,9,4,12,0.9528517723083496,0.9999567270278931,0.9825766682624817,0.4528517723083496,0.4825766980648041
4980,119,1,True,0.7099999785423279,9,4,12,0.9528517723083496,0.9999567270278931,0.9825766682624817,0.4528517723083496,0.4825766980648041
4981,119,1,True,0.7099999785423279,9,4,12,0.9528517723083496,0.9999567270278931,0.9825766682624817,0.4528517723083496,0.4825766980648041
4984,119,1,True,0.7099999785423279,9,4,12,0.9528517723083496,0.9999567270278931,0.9825766682624817,0.4528517723083496,0.4825766980648041
4986,119,1,True,0.7099999785423279,9,4,12,0.9528517723083496,0.9999567270278931,0.9825766682624817,0.4528517723083496,0.4825766980648041
4987,119,1,True,0.7099999785423279,9,4,12,0.9528517723083496,0.9999567270278931,0.9825766682624817,0.4528517723083496,0.4825766980648041
4988,119,1,True,0.7099999785423279,9,4,12,0.9528517723083496,0.9999567270278931,0.9825766682624817,0.4528517723083496,0.4825766980648041
4989,119,1,True,0.7099999785423279,9,4,12,0.9528517723083496,0.9999567270278931,0.9825766682624817,0.4528517723083496,0.4825766980648041
4990,119,1,True,0.7099999785423279,9,4,12,0.9528517723083496,0.9999567270278931,0.9825766682624817,0.4528517723083496,0.4825766980648041
4996,119,1,True,0.7099999785423279,9,4,12,0.9528517723083496,0.9999567270278931,0.9825766682624817,0.4528517723083496,0.4825766980648041
4997,119,1,True,0.7099999785423279,9,4,12,0.9528517723083496,0.9999567270278931,0.9825766682624817,0.4528517723083496,0.4825766980648041
4998,119,1,True,0.7099999785423279,9,4,12,0.9528517723083496,0.9999567270278931,0.9825766682624817,0.4528517723083496,0.4825766980648041
4999,119,1,True,0.7099999785423279,9,4,12,0.9528517723083496,0.9999567270278931,0.9825766682624817,0.4528517723083496,0.4825766980648041
1178,157,1,True,0.7099999785423279,9,4,12,0.9995484948158264,1.0,0.9997767210006714,0.4986521601676941,0.4997767210006714
1180,157,1,True,0.7099999785423279,9,4,12,0.9995484948158264,1.0,0.9997767210006714,0.4986521601676941,0.4997767210006714
1182,157,1,True,0.7099999785423279,9,4,12,0.9995484948158264,1.0,0.9997767210006714,0.4986521601676941,0.4997767210006714
1183,157,1,True,0.7099999785423279,9,4,12,0.9995484948158264,1.0,0.9997767210006714,0.4986521601676941,0.4997767210006714
1184,157,1,True,0.7099999785423279,9,4,12,0.9995484948158264,1.0,0.9997767210006714,0.4986521601676941,0.4997767210006714
1186,157,1,True,0.7099999785423279,9,4,12,0.9995484948158264,1.0,0.9997767210006714,0.4986521601676941,0.4997767210006714
1187,157,1,True,0.7099999785423279,9,4,12,0.9995484948158264,1.0,0.9997767210006714,0.4986521601676941,0.4997767210006714
6480,157,1,True,0.7099999785423279,9,4,12,0.9995484948158264,1.0,0.9997767210006714,0.4986521601676941,0.4997767210006714
6481,157,1,True,0.7099999785423279,9,4,12,0.9995484948158264,1.0,0.9997767210006714,0.4986521601676941,0.4997767210006714
6482,157,1,True,0.7099999785423279,9,4,12,0.9995484948158264,1.0,0.9997767210006714,0.4986521601676941,0.4997767210006714
6484,157,1,True,0.7099999785423279,9,4,12,0.9995484948158264,1.0,0.9997767210006714,0.4986521601676941,0.4997767210006714
6485,157,1,True,0.7099999785423279,9,4,12,0.9995484948158264,1.0,0.9997767210006714,0.4986521601676941,0.4997767210006714
6486,157,1,True,0.7099999785423279,9,4,12,0.9995484948158264,1.0,0.9997767210006714,0.4986521601676941,0.4997767210006714
6487,157,1,True,0.7099999785423279,9,4,12,0.9995484948158264,1.0,0.9997767210006714,0.4986521601676941,0.4997767210006714
6488,157,1,True,0.7099999785423279,9,4,12,0.9995484948158264,1.0,0.9997767210006714,0.4986521601676941,0.4997767210006714
6489,157,1,True,0.7099999785423279,9,4,12,0.9995484948158264,1.0,0.9997767210006714,0.4986521601676941,0.4997767210006714
6490,157,1,True,0.7099999785423279,9,4,12,0.9995484948158264,1.0,0.9997767210006714,0.4986521601676941,0.4997767210006714
6491,157,1,True,0.7099999785423279,9,4,12,0.9995484948158264,1.0,0.9997767210006714,0.4986521601676941,0.4997767210006714
6492,157,1,True,0.7099999785423279,9,4,12,0.9995484948158264,1.0,0.9997767210006714,0.4986521601676941,0.4997767210006714
6493,157,1,True,0.7099999785423279,9,4,12,0.9995484948158264,1.0,0.9997767210006714,0.4986521601676941,0.4997767210006714
6494,157,1,True,0.7099999785423279,9,4,12,0.9995484948158264,1.0,0.9997767210006714,0.4986521601676941,0.4997767210006714
6495,157,1,True,0.7099999785423279,9,4,12,0.9995484948158264,1.0,0.9997767210006714,0.4986521601676941,0.4997767210006714
6496,157,1,True,0.7099999785423279,9,4,12,0.9995484948158264,1.0,0.9997767210006714,0.4986521601676941,0.4997767210006714
6498,157,1,True,0.7099999785423279,9,4,12,0.9995484948158264,1.0,0.9997767210006714,0.4986521601676941,0.4997767210006714
6499,157,1,True,0.7099999785423279,9,4,12,0.9995484948158264,1.0,0.9997767210006714,0.4986521601676941,0.4997767210006714
6500,157,1,True,0.7099999785423279,9,4,12,0.9995484948158264,1.0,0.9997767210006714,0.4986521601676941,0.4997767210006714
6502,157,1,True,0.7099999785423279,9,4,12,0.9995484948158264,1.0,0.9997767210006714,0.4986521601676941,0.4997767210006714
6504,157,1,True,0.7099999785423279,9,4,12,0.9995484948158264,1.0,0.9997767210006714,0.4986521601676941,0.4997767210006714
6505,157,1,True,0.7099999785423279,9,4,12,0.9995484948158264,1.0,0.9997767210006714,0.4986521601676941,0.4997767210006714
6506,157,1,True,0.7099999785423279,9,4,12,0.9995484948158264,1.0,0.9997767210006714,0.4986521601676941,0.4997767210006714
6507,157,1,True,0.7099999785423279,9,4,12,0.9995484948158264,1.0,0.9997767210006714,0.4986521601676941,0.4997767210006714
6509,157,1,True,0.7099999785423279,9,4,12,0.9995484948158264,1.0,0.9997767210006714,0.4986521601676941,0.4997767210006714
6510,157,1,True,0.7099999785423279,9,4,12,0.9995484948158264,1.0,0.9997767210006714,0.4986521601676941,0.4997767210006714
6511,157,1,True,0.7099999785423279,9,4,12,0.9995484948158264,1.0,0.9997767210006714,0.4986521601676941,0.4997767210006714
6512,157,1,True,0.7099999785423279,9,4,12,0.9995484948158264,1.0,0.9997767210006714,0.4986521601676941,0.4997767210006714
6515,157,1,True,0.7099999785423279,9,4,12,0.9995484948158264,1.0,0.9997767210006714,0.4986521601676941,0.4997767210006714
6516,157,1,True,0.7099999785423279,9,4,12,0.9995484948158264,1.0,0.9997767210006714,0.4986521601676941,0.4997767210006714
6517,157,1,True,0.7099999785423279,9,4,12,0.9995484948158264,1.0,0.9997767210006714,0.4986521601676941,0.4997767210006714
6518,157,1,True,0.7099999785423279,9,4,12,0.9995484948158264,1.0,0.9997767210006714,0.4986521601676941,0.4997767210006714
2090,240,1,True,0.7099999785423279,9,4,12,0.9528517723083496,0.9918578267097473,0.9598328471183777,0.2149849534034729,0.4598328769207001
2091,240,1,True,0.7099999785423279,9,4,12,0.9528517723083496,0.9918578267097473,0.9598328471183777,0.2149849534034729,0.4598328769207001
2092,240,1,True,0.7099999785423279,9,4,12,0.9528517723083496,0.9918578267097473,0.9598328471183777,0.2149849534034729,0.4598328769207001
2093,240,1,True,0.7099999785423279,9,4,12,0.9528517723083496,0.9918578267097473,0.9598328471183777,0.2149849534034729,0.4598328769207001
2094,240,1,True,0.7099999785423279,9,4,12,0.9528517723083496,0.9918578267097473,0.9598328471183777,0.2149849534034729,0.4598328769207001
9801,240,1,True,0.7099999785423279,9,4,12,0.9528517723083496,0.9918578267097473,0.9598328471183777,0.2149849534034729,0.4598328769207001
9802,240,1,True,0.7099999785423279,9,4,12,0.9528517723083496,0.9918578267097473,0.9598328471183777,0.2149849534034729,0.4598328769207001
9804,240,1,True,0.7099999785423279,9,4,12,0.9528517723083496,0.9918578267097473,0.9598328471183777,0.2149849534034729,0.4598328769207001
9805,240,1,True,0.7099999785423279,9,4,12,0.9528517723083496,0.9918578267097473,0.9598328471183777,0.2149849534034729,0.4598328769207001
9806,240,1,True,0.7099999785423279,9,4,12,0.9528517723083496,0.9918578267097473,0.9598328471183777,0.2149849534034729,0.4598328769207001
9807,240,1,True,0.7099999785423279,9,4,12,0.9528517723083496,0.9918578267097473,0.9598328471183777,0.2149849534034729,0.4598328769207001
9808,240,1,True,0.7099999785423279,9,4,12,0.9528517723083496,0.9918578267097473,0.9598328471183777,0.2149849534034729,0.4598328769207001
9811,240,1,True,0.7099999785423279,9,4,12,0.9528517723083496,0.9918578267097473,0.9598328471183777,0.2149849534034729,0.4598328769207001
9812,240,1,True,0.7099999785423279,9,4,12,0.9528517723083496,0.9918578267097473,0.9598328471183777,0.2149849534034729,0.4598328769207001
9814,240,1,True,0.7099999785423279,9,4,12,0.9528517723083496,0.9918578267097473,0.9598328471183777,0.2149849534034729,0.4598328769207001
9815,240,1,True,0.7099999785423279,9,4,12,0.9528517723083496,0.9918578267097473,0.9598328471183777,0.2149849534034729,0.4598328769207001
572,102,1,True,0.7139999866485596,9,4,12,0.5527760982513428,0.4225601553916931,0.589053750038147,0.05021029710769653,0.14239484071731567
4280,102,1,True,0.7139999866485596,9,4,12,0.5527760982513428,0.4225601553916931,0.589053750038147,0.05021029710769653,0.14239484071731567
1036,144,1,True,0.7139999866485596,9,4,12,0.8919074535369873,0.2685260474681854,0.7615177035331726,0.07743984460830688,0.3551396131515503
1037,144,1,True,0.7139999866485596,9,4,12,0.8919074535369873,0.2685260474681854,0.7615177035331726,0.07743984460830688,0.3551396131515503
1039,144,1,True,0.7139999866485596,9,4,12,0.8919074535369873,0.2685260474681854,0.7615177035331726,0.07743984460830688,0.3551396131515503
1040,144,1,True,0.7139999866485596,9,4,12,0.8919074535369873,0.2685260474681854,0.7615177035331726,0.07743984460830688,0.3551396131515503
1041,144,1,True,0.7139999866485596,9,4,12,0.8919074535369873,0.2685260474681854,0.7615177035331726,0.07743984460830688,0.3551396131515503
1042,144,1,True,0.7139999866485596,9,4,12,0.8919074535369873,0.2685260474681854,0.7615177035331726,0.07743984460830688,0.3551396131515503
1043,144,1,True,0.7139999866485596,9,4,12,0.8919074535369873,0.2685260474681854,0.7615177035331726,0.07743984460830688,0.3551396131515503
1044,144,1,True,0.7139999866485596,9,4,12,0.8919074535369873,0.2685260474681854,0.7615177035331726,0.07743984460830688,0.3551396131515503
5968,144,1,True,0.7139999866485596,9,4,12,0.8919074535369873,0.2685260474681854,0.7615177035331726,0.07743984460830688,0.3551396131515503
5969,144,1,True,0.7139999866485596,9,4,12,0.8919074535369873,0.2685260474681854,0.7615177035331726,0.07743984460830688,0.3551396131515503
5970,144,1,True,0.7139999866485596,9,4,12,0.8919074535369873,0.2685260474681854,0.7615177035331726,0.07743984460830688,0.3551396131515503
5971,144,1,True,0.7139999866485596,9,4,12,0.8919074535369873,0.2685260474681854,0.7615177035331726,0.07743984460830688,0.3551396131515503
5972,144,1,True,0.7139999866485596,9,4,12,0.8919074535369873,0.2685260474681854,0.7615177035331726,0.07743984460830688,0.3551396131515503
5973,144,1,True,0.7139999866485596,9,4,12,0.8919074535369873,0.2685260474681854,0.7615177035331726,0.07743984460830688,0.3551396131515503
5974,144,1,True,0.7139999866485596,9,4,12,0.8919074535369873,0.2685260474681854,0.7615177035331726,0.07743984460830688,0.3551396131515503
5975,144,1,True,0.7139999866485596,9,4,12,0.8919074535369873,0.2685260474681854,0.7615177035331726,0.07743984460830688,0.3551396131515503
5976,144,1,True,0.7139999866485596,9,4,12,0.8919074535369873,0.2685260474681854,0.7615177035331726,0.07743984460830688,0.3551396131515503
5977,144,1,True,0.7139999866485596,9,4,12,0.8919074535369873,0.2685260474681854,0.7615177035331726,0.07743984460830688,0.3551396131515503
5978,144,1,True,0.7139999866485596,9,4,12,0.8919074535369873,0.2685260474681854,0.7615177035331726,0.07743984460830688,0.3551396131515503
5979,144,1,True,0.7139999866485596,9,4,12,0.8919074535369873,0.2685260474681854,0.7615177035331726,0.07743984460830688,0.3551396131515503
5981,144,1,True,0.7139999866485596,9,4,12,0.8919074535369873,0.2685260474681854,0.7615177035331726,0.07743984460830688,0.3551396131515503
5983,144,1,True,0.7139999866485596,9,4,12,0.8919074535369873,0.2685260474681854,0.7615177035331726,0.07743984460830688,0.3551396131515503
5984,144,1,True,0.7139999866485596,9,4,12,0.8919074535369873,0.2685260474681854,0.7615177035331726,0.07743984460830688,0.3551396131515503
5985,144,1,True,0.7139999866485596,9,4,12,0.8919074535369873,0.2685260474681854,0.7615177035331726,0.07743984460830688,0.3551396131515503
5986,144,1,True,0.7139999866485596,9,4,12,0.8919074535369873,0.2685260474681854,0.7615177035331726,0.07743984460830688,0.3551396131515503
5987,144,1,True,0.7139999866485596,9,4,12,0.8919074535369873,0.2685260474681854,0.7615177035331726,0.07743984460830688,0.3551396131515503
5988,144,1,True,0.7139999866485596,9,4,12,0.8919074535369873,0.2685260474681854,0.7615177035331726,0.07743984460830688,0.3551396131515503
5990,144,1,True,0.7139999866485596,9,4,12,0.8919074535369873,0.2685260474681854,0.7615177035331726,0.07743984460830688,0.3551396131515503
5991,144,1,True,0.7139999866485596,9,4,12,0.8919074535369873,0.2685260474681854,0.7615177035331726,0.07743984460830688,0.3551396131515503
5993,144,1,True,0.7139999866485596,9,4,12,0.8919074535369873,0.2685260474681854,0.7615177035331726,0.07743984460830688,0.3551396131515503
5994,144,1,True,0.7139999866485596,9,4,12,0.8919074535369873,0.2685260474681854,0.7615177035331726,0.07743984460830688,0.3551396131515503
5995,144,1,True,0.7139999866485596,9,4,12,0.8919074535369873,0.2685260474681854,0.7615177035331726,0.07743984460830688,0.3551396131515503
5996,144,1,True,0.7139999866485596,9,4,12,0.8919074535369873,0.2685260474681854,0.7615177035331726,0.07743984460830688,0.3551396131515503
5997,144,1,True,0.7139999866485596,9,4,12,0.8919074535369873,0.2685260474681854,0.7615177035331726,0.07743984460830688,0.3551396131515503
1463,183,1,True,0.7139999866485596,9,4,12,0.5527760982513428,0.9953959584236145,0.6801483631134033,0.05277609825134277,0.30285704135894775
1464,183,1,True,0.7139999866485596,9,4,12,0.5527760982513428,0.9953959584236145,0.6801483631134033,0.05277609825134277,0.30285704135894775
1466,183,1,True,0.7139999866485596,9,4,12,0.5527760982513428,0.9953959584236145,0.6801483631134033,0.05277609825134277,0.30285704135894775
1467,183,1,True,0.7139999866485596,9,4,12,0.5527760982513428,0.9953959584236145,0.6801483631134033,0.05277609825134277,0.30285704135894775
1468,183,1,True,0.7139999866485596,9,4,12,0.5527760982513428,0.9953959584236145,0.6801483631134033,0.05277609825134277,0.30285704135894775
1469,183,1,True,0.7139999866485596,9,4,12,0.5527760982513428,0.9953959584236145,0.6801483631134033,0.05277609825134277,0.30285704135894775
1470,183,1,True,0.7139999866485596,9,4,12,0.5527760982513428,0.9953959584236145,0.6801483631134033,0.05277609825134277,0.30285704135894775
1471,183,1,True,0.7139999866485596,9,4,12,0.5527760982513428,0.9953959584236145,0.6801483631134033,0.05277609825134277,0.30285704135894775
1473,183,1,True,0.7139999866485596,9,4,12,0.5527760982513428,0.9953959584236145,0.6801483631134033,0.05277609825134277,0.30285704135894775
7520,183,1,True,0.7139999866485596,9,4,12,0.5527760982513428,0.9953959584236145,0.6801483631134033,0.05277609825134277,0.30285704135894775
7521,183,1,True,0.7139999866485596,9,4,12,0.5527760982513428,0.9953959584236145,0.6801483631134033,0.05277609825134277,0.30285704135894775
7524,183,1,True,0.7139999866485596,9,4,12,0.5527760982513428,0.9953959584236145,0.6801483631134033,0.05277609825134277,0.30285704135894775
7525,183,1,True,0.7139999866485596,9,4,12,0.5527760982513428,0.9953959584236145,0.6801483631134033,0.05277609825134277,0.30285704135894775
7526,183,1,True,0.7139999866485596,9,4,12,0.5527760982513428,0.9953959584236145,0.6801483631134033,0.05277609825134277,0.30285704135894775
7528,183,1,True,0.7139999866485596,9,4,12,0.5527760982513428,0.9953959584236145,0.6801483631134033,0.05277609825134277,0.30285704135894775
7529,183,1,True,0.7139999866485596,9,4,12,0.5527760982513428,0.9953959584236145,0.6801483631134033,0.05277609825134277,0.30285704135894775
7530,183,1,True,0.7139999866485596,9,4,12,0.5527760982513428,0.9953959584236145,0.6801483631134033,0.05277609825134277,0.30285704135894775
7531,183,1,True,0.7139999866485596,9,4,12,0.5527760982513428,0.9953959584236145,0.6801483631134033,0.05277609825134277,0.30285704135894775
7532,183,1,True,0.7139999866485596,9,4,12,0.5527760982513428,0.9953959584236145,0.6801483631134033,0.05277609825134277,0.30285704135894775
7533,183,1,True,0.7139999866485596,9,4,12,0.5527760982513428,0.9953959584236145,0.6801483631134033,0.05277609825134277,0.30285704135894775
7535,183,1,True,0.7139999866485596,9,4,12,0.5527760982513428,0.9953959584236145,0.6801483631134033,0.05277609825134277,0.30285704135894775
7537,183,1,True,0.7139999866485596,9,4,12,0.5527760982513428,0.9953959584236145,0.6801483631134033,0.05277609825134277,0.30285704135894775
7540,183,1,True,0.7139999866485596,9,4,12,0.5527760982513428,0.9953959584236145,0.6801483631134033,0.05277609825134277,0.30285704135894775
7541,183,1,True,0.7139999866485596,9,4,12,0.5527760982513428,0.9953959584236145,0.6801483631134033,0.05277609825134277,0.30285704135894775
7542,183,1,True,0.7139999866485596,9,4,12,0.5527760982513428,0.9953959584236145,0.6801483631134033,0.05277609825134277,0.30285704135894775
7544,183,1,True,0.7139999866485596,9,4,12,0.5527760982513428,0.9953959584236145,0.6801483631134033,0.05277609825134277,0.30285704135894775
7545,183,1,True,0.7139999866485596,9,4,12,0.5527760982513428,0.9953959584236145,0.6801483631134033,0.05277609825134277,0.30285704135894775
7546,183,1,True,0.7139999866485596,9,4,12,0.5527760982513428,0.9953959584236145,0.6801483631134033,0.05277609825134277,0.30285704135894775
7547,183,1,True,0.7139999866485596,9,4,12,0.5527760982513428,0.9953959584236145,0.6801483631134033,0.05277609825134277,0.30285704135894775
7548,183,1,True,0.7139999866485596,9,4,12,0.5527760982513428,0.9953959584236145,0.6801483631134033,0.05277609825134277,0.30285704135894775
7550,183,1,True,0.7139999866485596,9,4,12,0.5527760982513428,0.9953959584236145,0.6801483631134033,0.05277609825134277,0.30285704135894775
7551,183,1,True,0.7139999866485596,9,4,12,0.5527760982513428,0.9953959584236145,0.6801483631134033,0.05277609825134277,0.30285704135894775
7552,183,1,True,0.7139999866485596,9,4,12,0.5527760982513428,0.9953959584236145,0.6801483631134033,0.05277609825134277,0.30285704135894775
7554,183,1,True,0.7139999866485596,9,4,12,0.5527760982513428,0.9953959584236145,0.6801483631134033,0.05277609825134277,0.30285704135894775
7555,183,1,True,0.7139999866485596,9,4,12,0.5527760982513428,0.9953959584236145,0.6801483631134033,0.05277609825134277,0.30285704135894775
7557,183,1,True,0.7139999866485596,9,4,12,0.5527760982513428,0.9953959584236145,0.6801483631134033,0.05277609825134277,0.30285704135894775
7558,183,1,True,0.7139999866485596,9,4,12,0.5527760982513428,0.9953959584236145,0.6801483631134033,0.05277609825134277,0.30285704135894775
7559,183,1,True,0.7139999866485596,9,4,12,0.5527760982513428,0.9953959584236145,0.6801483631134033,0.05277609825134277,0.30285704135894775
5960,144,1,True,0.7160000205039978,9,4,12,0.8919074535369873,0.2685260474681854,0.7615177035331726,0.07743984460830688,0.3551396131515503
5962,144,1,True,0.7160000205039978,9,4,12,0.8919074535369873,0.2685260474681854,0.7615177035331726,0.07743984460830688,0.3551396131515503
5963,144,1,True,0.7160000205039978,9,4,12,0.8919074535369873,0.2685260474681854,0.7615177035331726,0.07743984460830688,0.3551396131515503
5964,144,1,True,0.7160000205039978,9,4,12,0.8919074535369873,0.2685260474681854,0.7615177035331726,0.07743984460830688,0.3551396131515503
5965,144,1,True,0.7160000205039978,9,4,12,0.8919074535369873,0.2685260474681854,0.7615177035331726,0.07743984460830688,0.3551396131515503
5966,144,1,True,0.7160000205039978,9,4,12,0.8919074535369873,0.2685260474681854,0.7615177035331726,0.07743984460830688,0.3551396131515503
1067,147,1,True,0.7160000205039978,9,4,12,0.5527760982513428,0.9954515099525452,0.7560010552406311,0.05277609825134277,0.2560010552406311
1068,147,1,True,0.7160000205039978,9,4,12,0.5527760982513428,0.9954515099525452,0.7560010552406311,0.05277609825134277,0.2560010552406311
1069,147,1,True,0.7160000205039978,9,4,12,0.5527760982513428,0.9954515099525452,0.7560010552406311,0.05277609825134277,0.2560010552406311
6080,147,1,True,0.7160000205039978,9,4,12,0.5527760982513428,0.9954515099525452,0.7560010552406311,0.05277609825134277,0.2560010552406311
6081,147,1,True,0.7160000205039978,9,4,12,0.5527760982513428,0.9954515099525452,0.7560010552406311,0.05277609825134277,0.2560010552406311
6082,147,1,True,0.7160000205039978,9,4,12,0.5527760982513428,0.9954515099525452,0.7560010552406311,0.05277609825134277,0.2560010552406311
6083,147,1,True,0.7160000205039978,9,4,12,0.5527760982513428,0.9954515099525452,0.7560010552406311,0.05277609825134277,0.2560010552406311
6084,147,1,True,0.7160000205039978,9,4,12,0.5527760982513428,0.9954515099525452,0.7560010552406311,0.05277609825134277,0.2560010552406311
6085,147,1,True,0.7160000205039978,9,4,12,0.5527760982513428,0.9954515099525452,0.7560010552406311,0.05277609825134277,0.2560010552406311
6086,147,1,True,0.7160000205039978,9,4,12,0.5527760982513428,0.9954515099525452,0.7560010552406311,0.05277609825134277,0.2560010552406311
6087,147,1,True,0.7160000205039978,9,4,12,0.5527760982513428,0.9954515099525452,0.7560010552406311,0.05277609825134277,0.2560010552406311
6088,147,1,True,0.7160000205039978,9,4,12,0.5527760982513428,0.9954515099525452,0.7560010552406311,0.05277609825134277,0.2560010552406311
2135,244,1,True,0.7160000205039978,9,4,12,0.07457860559225082,0.7905688285827637,0.8570459485054016,0.29056882858276367,0.45158401131629944
2136,244,1,True,0.7160000205039978,9,4,12,0.07457860559225082,0.7905688285827637,0.8570459485054016,0.29056882858276367,0.45158401131629944
2137,244,1,True,0.7160000205039978,9,4,12,0.07457860559225082,0.7905688285827637,0.8570459485054016,0.29056882858276367,0.45158401131629944
2139,244,1,True,0.7160000205039978,9,4,12,0.07457860559225082,0.7905688285827637,0.8570459485054016,0.29056882858276367,0.45158401131629944
2140,244,1,True,0.7160000205039978,9,4,12,0.07457860559225082,0.7905688285827637,0.8570459485054016,0.29056882858276367,0.45158401131629944
2141,244,1,True,0.7160000205039978,9,4,12,0.07457860559225082,0.7905688285827637,0.8570459485054016,0.29056882858276367,0.45158401131629944
2142,244,1,True,0.7160000205039978,9,4,12,0.07457860559225082,0.7905688285827637,0.8570459485054016,0.29056882858276367,0.45158401131629944
2144,244,1,True,0.7160000205039978,9,4,12,0.07457860559225082,0.7905688285827637,0.8570459485054016,0.29056882858276367,0.45158401131629944
9960,244,1,True,0.7160000205039978,9,4,12,0.07457860559225082,0.7905688285827637,0.8570459485054016,0.29056882858276367,0.45158401131629944
9961,244,1,True,0.7160000205039978,9,4,12,0.07457860559225082,0.7905688285827637,0.8570459485054016,0.29056882858276367,0.45158401131629944
9964,244,1,True,0.7160000205039978,9,4,12,0.07457860559225082,0.7905688285827637,0.8570459485054016,0.29056882858276367,0.45158401131629944
9965,244,1,True,0.7160000205039978,9,4,12,0.07457860559225082,0.7905688285827637,0.8570459485054016,0.29056882858276367,0.45158401131629944
9966,244,1,True,0.7160000205039978,9,4,12,0.07457860559225082,0.7905688285827637,0.8570459485054016,0.29056882858276367,0.45158401131629944
9968,244,1,True,0.7160000205039978,9,4,12,0.07457860559225082,0.7905688285827637,0.8570459485054016,0.29056882858276367,0.45158401131629944
9969,244,1,True,0.7160000205039978,9,4,12,0.07457860559225082,0.7905688285827637,0.8570459485054016,0.29056882858276367,0.45158401131629944
9972,244,1,True,0.7160000205039978,9,4,12,0.07457860559225082,0.7905688285827637,0.8570459485054016,0.29056882858276367,0.45158401131629944
9974,244,1,True,0.7160000205039978,9,4,12,0.07457860559225082,0.7905688285827637,0.8570459485054016,0.29056882858276367,0.45158401131629944
9976,244,1,True,0.7160000205039978,9,4,12,0.07457860559225082,0.7905688285827637,0.8570459485054016,0.29056882858276367,0.45158401131629944
9977,244,1,True,0.7160000205039978,9,4,12,0.07457860559225082,0.7905688285827637,0.8570459485054016,0.29056882858276367,0.45158401131629944
9979,244,1,True,0.7160000205039978,9,4,12,0.07457860559225082,0.7905688285827637,0.8570459485054016,0.29056882858276367,0.45158401131629944
9980,244,1,True,0.7160000205039978,9,4,12,0.07457860559225082,0.7905688285827637,0.8570459485054016,0.29056882858276367,0.45158401131629944
9981,244,1,True,0.7160000205039978,9,4,12,0.07457860559225082,0.7905688285827637,0.8570459485054016,0.29056882858276367,0.45158401131629944
9983,244,1,True,0.7160000205039978,9,4,12,0.07457860559225082,0.7905688285827637,0.8570459485054016,0.29056882858276367,0.45158401131629944
9984,244,1,True,0.7160000205039978,9,4,12,0.07457860559225082,0.7905688285827637,0.8570459485054016,0.29056882858276367,0.45158401131629944
9985,244,1,True,0.7160000205039978,9,4,12,0.07457860559225082,0.7905688285827637,0.8570459485054016,0.29056882858276367,0.45158401131629944
9986,244,1,True,0.7160000205039978,9,4,12,0.07457860559225082,0.7905688285827637,0.8570459485054016,0.29056882858276367,0.45158401131629944
9987,244,1,True,0.7160000205039978,9,4,12,0.07457860559225082,0.7905688285827637,0.8570459485054016,0.29056882858276367,0.45158401131629944
9989,244,1,True,0.7160000205039978,9,4,12,0.07457860559225082,0.7905688285827637,0.8570459485054016,0.29056882858276367,0.45158401131629944
9990,244,1,True,0.7160000205039978,9,4,12,0.07457860559225082,0.7905688285827637,0.8570459485054016,0.29056882858276367,0.45158401131629944
9991,244,1,True,0.7160000205039978,9,4,12,0.07457860559225082,0.7905688285827637,0.8570459485054016,0.29056882858276367,0.45158401131629944
9992,244,1,True,0.7160000205039978,9,4,12,0.07457860559225082,0.7905688285827637,0.8570459485054016,0.29056882858276367,0.45158401131629944
9993,244,1,True,0.7160000205039978,9,4,12,0.07457860559225082,0.7905688285827637,0.8570459485054016,0.29056882858276367,0.45158401131629944
9994,244,1,True,0.7160000205039978,9,4,12,0.07457860559225082,0.7905688285827637,0.8570459485054016,0.29056882858276367,0.45158401131629944
9995,244,1,True,0.7160000205039978,9,4,12,0.07457860559225082,0.7905688285827637,0.8570459485054016,0.29056882858276367,0.45158401131629944
9996,244,1,True,0.7160000205039978,9,4,12,0.07457860559225082,0.7905688285827637,0.8570459485054016,0.29056882858276367,0.45158401131629944
9997,244,1,True,0.7160000205039978,9,4,12,0.07457860559225082,0.7905688285827637,0.8570459485054016,0.29056882858276367,0.45158401131629944
275,75,1,True,0.7179999947547913,9,4,12,0.07457860559225082,0.9888152480125427,0.842214822769165,0.2928133010864258,0.43675294518470764
276,75,1,True,0.7179999947547913,9,4,12,0.07457860559225082,0.9888152480125427,0.842214822769165,0.2928133010864258,0.43675294518470764
277,75,1,True,0.7179999947547913,9,4,12,0.07457860559225082,0.9888152480125427,0.842214822769165,0.2928133010864258,0.43675294518470764
278,75,1,True,0.7179999947547913,9,4,12,0.07457860559225082,0.9888152480125427,0.842214822769165,0.2928133010864258,0.43675294518470764
279,75,1,True,0.7179999947547913,9,4,12,0.07457860559225082,0.9888152480125427,0.842214822769165,0.2928133010864258,0.43675294518470764
280,75,1,True,0.7179999947547913,9,4,12,0.07457860559225082,0.9888152480125427,0.842214822769165,0.2928133010864258,0.43675294518470764
281,75,1,True,0.7179999947547913,9,4,12,0.07457860559225082,0.9888152480125427,0.842214822769165,0.2928133010864258,0.43675294518470764
282,75,1,True,0.7179999947547913,9,4,12,0.07457860559225082,0.9888152480125427,0.842214822769165,0.2928133010864258,0.43675294518470764
283,75,1,True,0.7179999947547913,9,4,12,0.07457860559225082,0.9888152480125427,0.842214822769165,0.2928133010864258,0.43675294518470764
284,75,1,True,0.7179999947547913,9,4,12,0.07457860559225082,0.9888152480125427,0.842214822769165,0.2928133010864258,0.43675294518470764
3200,75,1,True,0.7179999947547913,9,4,12,0.07457860559225082,0.9888152480125427,0.842214822769165,0.2928133010864258,0.43675294518470764
3201,75,1,True,0.7179999947547913,9,4,12,0.07457860559225082,0.9888152480125427,0.842214822769165,0.2928133010864258,0.43675294518470764
3202,75,1,True,0.7179999947547913,9,4,12,0.07457860559225082,0.9888152480125427,0.842214822769165,0.2928133010864258,0.43675294518470764
3203,75,1,True,0.7179999947547913,9,4,12,0.07457860559225082,0.9888152480125427,0.842214822769165,0.2928133010864258,0.43675294518470764
3204,75,1,True,0.7179999947547913,9,4,12,0.07457860559225082,0.9888152480125427,0.842214822769165,0.2928133010864258,0.43675294518470764
3206,75,1,True,0.7179999947547913,9,4,12,0.07457860559225082,0.9888152480125427,0.842214822769165,0.2928133010864258,0.43675294518470764
3207,75,1,True,0.7179999947547913,9,4,12,0.07457860559225082,0.9888152480125427,0.842214822769165,0.2928133010864258,0.43675294518470764
3209,75,1,True,0.7179999947547913,9,4,12,0.07457860559225082,0.9888152480125427,0.842214822769165,0.2928133010864258,0.43675294518470764
3210,75,1,True,0.7179999947547913,9,4,12,0.07457860559225082,0.9888152480125427,0.842214822769165,0.2928133010864258,0.43675294518470764
3211,75,1,True,0.7179999947547913,9,4,12,0.07457860559225082,0.9888152480125427,0.842214822769165,0.2928133010864258,0.43675294518470764
3212,75,1,True,0.7179999947547913,9,4,12,0.07457860559225082,0.9888152480125427,0.842214822769165,0.2928133010864258,0.43675294518470764
3213,75,1,True,0.7179999947547913,9,4,12,0.07457860559225082,0.9888152480125427,0.842214822769165,0.2928133010864258,0.43675294518470764
3214,75,1,True,0.7179999947547913,9,4,12,0.07457860559225082,0.9888152480125427,0.842214822769165,0.2928133010864258,0.43675294518470764
3215,75,1,True,0.7179999947547913,9,4,12,0.07457860559225082,0.9888152480125427,0.842214822769165,0.2928133010864258,0.43675294518470764
3216,75,1,True,0.7179999947547913,9,4,12,0.07457860559225082,0.9888152480125427,0.842214822769165,0.2928133010864258,0.43675294518470764
3217,75,1,True,0.7179999947547913,9,4,12,0.07457860559225082,0.9888152480125427,0.842214822769165,0.2928133010864258,0.43675294518470764
3218,75,1,True,0.7179999947547913,9,4,12,0.07457860559225082,0.9888152480125427,0.842214822769165,0.2928133010864258,0.43675294518470764
3219,75,1,True,0.7179999947547913,9,4,12,0.07457860559225082,0.9888152480125427,0.842214822769165,0.2928133010864258,0.43675294518470764
3222,75,1,True,0.7179999947547913,9,4,12,0.07457860559225082,0.9888152480125427,0.842214822769165,0.2928133010864258,0.43675294518470764
3223,75,1,True,0.7179999947547913,9,4,12,0.07457860559225082,0.9888152480125427,0.842214822769165,0.2928133010864258,0.43675294518470764
3224,75,1,True,0.7179999947547913,9,4,12,0.07457860559225082,0.9888152480125427,0.842214822769165,0.2928133010864258,0.43675294518470764
3225,75,1,True,0.7179999947547913,9,4,12,0.07457860559225082,0.9888152480125427,0.842214822769165,0.2928133010864258,0.43675294518470764
3228,75,1,True,0.7179999947547913,9,4,12,0.07457860559225082,0.9888152480125427,0.842214822769165,0.2928133010864258,0.43675294518470764
3230,75,1,True,0.7179999947547913,9,4,12,0.07457860559225082,0.9888152480125427,0.842214822769165,0.2928133010864258,0.43675294518470764
3231,75,1,True,0.7179999947547913,9,4,12,0.07457860559225082,0.9888152480125427,0.842214822769165,0.2928133010864258,0.43675294518470764
3232,75,1,True,0.7179999947547913,9,4,12,0.07457860559225082,0.9888152480125427,0.842214822769165,0.2928133010864258,0.43675294518470764
3233,75,1,True,0.7179999947547913,9,4,12,0.07457860559225082,0.9888152480125427,0.842214822769165,0.2928133010864258,0.43675294518470764
3234,75,1,True,0.7179999947547913,9,4,12,0.07457860559225082,0.9888152480125427,0.842214822769165,0.2928133010864258,0.43675294518470764
3235,75,1,True,0.7179999947547913,9,4,12,0.07457860559225082,0.9888152480125427,0.842214822769165,0.2928133010864258,0.43675294518470764
3236,75,1,True,0.7179999947547913,9,4,12,0.07457860559225082,0.9888152480125427,0.842214822769165,0.2928133010864258,0.43675294518470764
3238,75,1,True,0.7179999947547913,9,4,12,0.07457860559225082,0.9888152480125427,0.842214822769165,0.2928133010864258,0.43675294518470764
497,95,1,True,0.7179999947547913,9,4,12,0.5527760982513428,0.999994158744812,0.8303205370903015,0.05277609825134277,0.3303205072879791
498,95,1,True,0.7179999947547913,9,4,12,0.5527760982513428,0.999994158744812,0.8303205370903015,0.05277609825134277,0.3303205072879791
500,95,1,True,0.7179999947547913,9,4,12,0.5527760982513428,0.999994158744812,0.8303205370903015,0.05277609825134277,0.3303205072879791
501,95,1,True,0.7179999947547913,9,4,12,0.5527760982513428,0.999994158744812,0.8303205370903015,0.05277609825134277,0.3303205072879791
502,95,1,True,0.7179999947547913,9,4,12,0.5527760982513428,0.999994158744812,0.8303205370903015,0.05277609825134277,0.3303205072879791
503,95,1,True,0.7179999947547913,9,4,12,0.5527760982513428,0.999994158744812,0.8303205370903015,0.05277609825134277,0.3303205072879791
504,95,1,True,0.7179999947547913,9,4,12,0.5527760982513428,0.999994158744812,0.8303205370903015,0.05277609825134277,0.3303205072879791
4004,95,1,True,0.7179999947547913,9,4,12,0.5527760982513428,0.999994158744812,0.8303205370903015,0.05277609825134277,0.3303205072879791
4005,95,1,True,0.7179999947547913,9,4,12,0.5527760982513428,0.999994158744812,0.8303205370903015,0.05277609825134277,0.3303205072879791
4006,95,1,True,0.7179999947547913,9,4,12,0.5527760982513428,0.999994158744812,0.8303205370903015,0.05277609825134277,0.3303205072879791
4008,95,1,True,0.7179999947547913,9,4,12,0.5527760982513428,0.999994158744812,0.8303205370903015,0.05277609825134277,0.3303205072879791
4012,95,1,True,0.7179999947547913,9,4,12,0.5527760982513428,0.999994158744812,0.8303205370903015,0.05277609825134277,0.3303205072879791
4013,95,1,True,0.7179999947547913,9,4,12,0.5527760982513428,0.999994158744812,0.8303205370903015,0.05277609825134277,0.3303205072879791
4014,95,1,True,0.7179999947547913,9,4,12,0.5527760982513428,0.999994158744812,0.8303205370903015,0.05277609825134277,0.3303205072879791
4018,95,1,True,0.7179999947547913,9,4,12,0.5527760982513428,0.999994158744812,0.8303205370903015,0.05277609825134277,0.3303205072879791
4019,95,1,True,0.7179999947547913,9,4,12,0.5527760982513428,0.999994158744812,0.8303205370903015,0.05277609825134277,0.3303205072879791
4021,95,1,True,0.7179999947547913,9,4,12,0.5527760982513428,0.999994158744812,0.8303205370903015,0.05277609825134277,0.3303205072879791
4022,95,1,True,0.7179999947547913,9,4,12,0.5527760982513428,0.999994158744812,0.8303205370903015,0.05277609825134277,0.3303205072879791
4023,95,1,True,0.7179999947547913,9,4,12,0.5527760982513428,0.999994158744812,0.8303205370903015,0.05277609825134277,0.3303205072879791
4024,95,1,True,0.7179999947547913,9,4,12,0.5527760982513428,0.999994158744812,0.8303205370903015,0.05277609825134277,0.3303205072879791
4025,95,1,True,0.7179999947547913,9,4,12,0.5527760982513428,0.999994158744812,0.8303205370903015,0.05277609825134277,0.3303205072879791
4026,95,1,True,0.7179999947547913,9,4,12,0.5527760982513428,0.999994158744812,0.8303205370903015,0.05277609825134277,0.3303205072879791
4027,95,1,True,0.7179999947547913,9,4,12,0.5527760982513428,0.999994158744812,0.8303205370903015,0.05277609825134277,0.3303205072879791
4028,95,1,True,0.7179999947547913,9,4,12,0.5527760982513428,0.999994158744812,0.8303205370903015,0.05277609825134277,0.3303205072879791
4031,95,1,True,0.7179999947547913,9,4,12,0.5527760982513428,0.999994158744812,0.8303205370903015,0.05277609825134277,0.3303205072879791
4033,95,1,True,0.7179999947547913,9,4,12,0.5527760982513428,0.999994158744812,0.8303205370903015,0.05277609825134277,0.3303205072879791
4035,95,1,True,0.7179999947547913,9,4,12,0.5527760982513428,0.999994158744812,0.8303205370903015,0.05277609825134277,0.3303205072879791
4036,95,1,True,0.7179999947547913,9,4,12,0.5527760982513428,0.999994158744812,0.8303205370903015,0.05277609825134277,0.3303205072879791
4037,95,1,True,0.7179999947547913,9,4,12,0.5527760982513428,0.999994158744812,0.8303205370903015,0.05277609825134277,0.3303205072879791
4039,95,1,True,0.7179999947547913,9,4,12,0.5527760982513428,0.999994158744812,0.8303205370903015,0.05277609825134277,0.3303205072879791
528,98,1,True,0.7179999947547913,9,4,12,0.4850866496562958,0.9343157410621643,0.5447681546211243,0.008414626121520996,0.14304406940937042
530,98,1,True,0.7179999947547913,9,4,12,0.4850866496562958,0.9343157410621643,0.5447681546211243,0.008414626121520996,0.14304406940937042
532,98,1,True,0.7179999947547913,9,4,12,0.4850866496562958,0.9343157410621643,0.5447681546211243,0.008414626121520996,0.14304406940937042
534,98,1,True,0.7179999947547913,9,4,12,0.4850866496562958,0.9343157410621643,0.5447681546211243,0.008414626121520996,0.14304406940937042
536,98,1,True,0.7179999947547913,9,4,12,0.4850866496562958,0.9343157410621643,0.5447681546211243,0.008414626121520996,0.14304406940937042
537,98,1,True,0.7179999947547913,9,4,12,0.4850866496562958,0.9343157410621643,0.5447681546211243,0.008414626121520996,0.14304406940937042
538,98,1,True,0.7179999947547913,9,4,12,0.4850866496562958,0.9343157410621643,0.5447681546211243,0.008414626121520996,0.14304406940937042
4120,98,1,True,0.7179999947547913,9,4,12,0.4850866496562958,0.9343157410621643,0.5447681546211243,0.008414626121520996,0.14304406940937042
4121,98,1,True,0.7179999947547913,9,4,12,0.4850866496562958,0.9343157410621643,0.5447681546211243,0.008414626121520996,0.14304406940937042
4122,98,1,True,0.7179999947547913,9,4,12,0.4850866496562958,0.9343157410621643,0.5447681546211243,0.008414626121520996,0.14304406940937042
4123,98,1,True,0.7179999947547913,9,4,12,0.4850866496562958,0.9343157410621643,0.5447681546211243,0.008414626121520996,0.14304406940937042
4124,98,1,True,0.7179999947547913,9,4,12,0.4850866496562958,0.9343157410621643,0.5447681546211243,0.008414626121520996,0.14304406940937042
4125,98,1,True,0.7179999947547913,9,4,12,0.4850866496562958,0.9343157410621643,0.5447681546211243,0.008414626121520996,0.14304406940937042
4126,98,1,True,0.7179999947547913,9,4,12,0.4850866496562958,0.9343157410621643,0.5447681546211243,0.008414626121520996,0.14304406940937042
4131,98,1,True,0.7179999947547913,9,4,12,0.4850866496562958,0.9343157410621643,0.5447681546211243,0.008414626121520996,0.14304406940937042
4132,98,1,True,0.7179999947547913,9,4,12,0.4850866496562958,0.9343157410621643,0.5447681546211243,0.008414626121520996,0.14304406940937042
4134,98,1,True,0.7179999947547913,9,4,12,0.4850866496562958,0.9343157410621643,0.5447681546211243,0.008414626121520996,0.14304406940937042
4135,98,1,True,0.7179999947547913,9,4,12,0.4850866496562958,0.9343157410621643,0.5447681546211243,0.008414626121520996,0.14304406940937042
4137,98,1,True,0.7179999947547913,9,4,12,0.4850866496562958,0.9343157410621643,0.5447681546211243,0.008414626121520996,0.14304406940937042
4139,98,1,True,0.7179999947547913,9,4,12,0.4850866496562958,0.9343157410621643,0.5447681546211243,0.008414626121520996,0.14304406940937042
4141,98,1,True,0.7179999947547913,9,4,12,0.4850866496562958,0.9343157410621643,0.5447681546211243,0.008414626121520996,0.14304406940937042
4142,98,1,True,0.7179999947547913,9,4,12,0.4850866496562958,0.9343157410621643,0.5447681546211243,0.008414626121520996,0.14304406940937042
4143,98,1,True,0.7179999947547913,9,4,12,0.4850866496562958,0.9343157410621643,0.5447681546211243,0.008414626121520996,0.14304406940937042
4144,98,1,True,0.7179999947547913,9,4,12,0.4850866496562958,0.9343157410621643,0.5447681546211243,0.008414626121520996,0.14304406940937042
4145,98,1,True,0.7179999947547913,9,4,12,0.4850866496562958,0.9343157410621643,0.5447681546211243,0.008414626121520996,0.14304406940937042
4149,98,1,True,0.7179999947547913,9,4,12,0.4850866496562958,0.9343157410621643,0.5447681546211243,0.008414626121520996,0.14304406940937042
4150,98,1,True,0.7179999947547913,9,4,12,0.4850866496562958,0.9343157410621643,0.5447681546211243,0.008414626121520996,0.14304406940937042
4151,98,1,True,0.7179999947547913,9,4,12,0.4850866496562958,0.9343157410621643,0.5447681546211243,0.008414626121520996,0.14304406940937042
4152,98,1,True,0.7179999947547913,9,4,12,0.4850866496562958,0.9343157410621643,0.5447681546211243,0.008414626121520996,0.14304406940937042
4153,98,1,True,0.7179999947547913,9,4,12,0.4850866496562958,0.9343157410621643,0.5447681546211243,0.008414626121520996,0.14304406940937042
4154,98,1,True,0.7179999947547913,9,4,12,0.4850866496562958,0.9343157410621643,0.5447681546211243,0.008414626121520996,0.14304406940937042
4155,98,1,True,0.7179999947547913,9,4,12,0.4850866496562958,0.9343157410621643,0.5447681546211243,0.008414626121520996,0.14304406940937042
4156,98,1,True,0.7179999947547913,9,4,12,0.4850866496562958,0.9343157410621643,0.5447681546211243,0.008414626121520996,0.14304406940937042
4157,98,1,True,0.7179999947547913,9,4,12,0.4850866496562958,0.9343157410621643,0.5447681546211243,0.008414626121520996,0.14304406940937042
4158,98,1,True,0.7179999947547913,9,4,12,0.4850866496562958,0.9343157410621643,0.5447681546211243,0.008414626121520996,0.14304406940937042
4159,98,1,True,0.7179999947547913,9,4,12,0.4850866496562958,0.9343157410621643,0.5447681546211243,0.008414626121520996,0.14304406940937042
1070,147,1,True,0.7179999947547913,9,4,12,0.5527760982513428,0.9954515099525452,0.7560010552406311,0.05277609825134277,0.2560010552406311
1071,147,1,True,0.7179999947547913,9,4,12,0.5527760982513428,0.9954515099525452,0.7560010552406311,0.05277609825134277,0.2560010552406311
1072,147,1,True,0.7179999947547913,9,4,12,0.5527760982513428,0.9954515099525452,0.7560010552406311,0.05277609825134277,0.2560010552406311
1076,147,1,True,0.7179999947547913,9,4,12,0.5527760982513428,0.9954515099525452,0.7560010552406311,0.05277609825134277,0.2560010552406311
6090,147,1,True,0.7179999947547913,9,4,12,0.5527760982513428,0.9954515099525452,0.7560010552406311,0.05277609825134277,0.2560010552406311
6091,147,1,True,0.7179999947547913,9,4,12,0.5527760982513428,0.9954515099525452,0.7560010552406311,0.05277609825134277,0.2560010552406311
6092,147,1,True,0.7179999947547913,9,4,12,0.5527760982513428,0.9954515099525452,0.7560010552406311,0.05277609825134277,0.2560010552406311
6093,147,1,True,0.7179999947547913,9,4,12,0.5527760982513428,0.9954515099525452,0.7560010552406311,0.05277609825134277,0.2560010552406311
6094,147,1,True,0.7179999947547913,9,4,12,0.5527760982513428,0.9954515099525452,0.7560010552406311,0.05277609825134277,0.2560010552406311
6095,147,1,True,0.7179999947547913,9,4,12,0.5527760982513428,0.9954515099525452,0.7560010552406311,0.05277609825134277,0.2560010552406311
6096,147,1,True,0.7179999947547913,9,4,12,0.5527760982513428,0.9954515099525452,0.7560010552406311,0.05277609825134277,0.2560010552406311
6097,147,1,True,0.7179999947547913,9,4,12,0.5527760982513428,0.9954515099525452,0.7560010552406311,0.05277609825134277,0.2560010552406311
6098,147,1,True,0.7179999947547913,9,4,12,0.5527760982513428,0.9954515099525452,0.7560010552406311,0.05277609825134277,0.2560010552406311
6099,147,1,True,0.7179999947547913,9,4,12,0.5527760982513428,0.9954515099525452,0.7560010552406311,0.05277609825134277,0.2560010552406311
6101,147,1,True,0.7179999947547913,9,4,12,0.5527760982513428,0.9954515099525452,0.7560010552406311,0.05277609825134277,0.2560010552406311
6102,147,1,True,0.7179999947547913,9,4,12,0.5527760982513428,0.9954515099525452,0.7560010552406311,0.05277609825134277,0.2560010552406311
6103,147,1,True,0.7179999947547913,9,4,12,0.5527760982513428,0.9954515099525452,0.7560010552406311,0.05277609825134277,0.2560010552406311
6105,147,1,True,0.7179999947547913,9,4,12,0.5527760982513428,0.9954515099525452,0.7560010552406311,0.05277609825134277,0.2560010552406311
6107,147,1,True,0.7179999947547913,9,4,12,0.5527760982513428,0.9954515099525452,0.7560010552406311,0.05277609825134277,0.2560010552406311
6108,147,1,True,0.7179999947547913,9,4,12,0.5527760982513428,0.9954515099525452,0.7560010552406311,0.05277609825134277,0.2560010552406311
6109,147,1,True,0.7179999947547913,9,4,12,0.5527760982513428,0.9954515099525452,0.7560010552406311,0.05277609825134277,0.2560010552406311
6110,147,1,True,0.7179999947547913,9,4,12,0.5527760982513428,0.9954515099525452,0.7560010552406311,0.05277609825134277,0.2560010552406311
6111,147,1,True,0.7179999947547913,9,4,12,0.5527760982513428,0.9954515099525452,0.7560010552406311,0.05277609825134277,0.2560010552406311
6112,147,1,True,0.7179999947547913,9,4,12,0.5527760982513428,0.9954515099525452,0.7560010552406311,0.05277609825134277,0.2560010552406311
6114,147,1,True,0.7179999947547913,9,4,12,0.5527760982513428,0.9954515099525452,0.7560010552406311,0.05277609825134277,0.2560010552406311
6115,147,1,True,0.7179999947547913,9,4,12,0.5527760982513428,0.9954515099525452,0.7560010552406311,0.05277609825134277,0.2560010552406311
6116,147,1,True,0.7179999947547913,9,4,12,0.5527760982513428,0.9954515099525452,0.7560010552406311,0.05277609825134277,0.2560010552406311
6117,147,1,True,0.7179999947547913,9,4,12,0.5527760982513428,0.9954515099525452,0.7560010552406311,0.05277609825134277,0.2560010552406311
1574,193,1,True,0.7179999947547913,9,4,12,0.9528517723083496,0.9999973773956299,0.9425126314163208,0.2928133010864258,0.4425126016139984
1575,193,1,True,0.7179999947547913,9,4,12,0.9528517723083496,0.9999973773956299,0.9425126314163208,0.2928133010864258,0.4425126016139984
1576,193,1,True,0.7179999947547913,9,4,12,0.9528517723083496,0.9999973773956299,0.9425126314163208,0.2928133010864258,0.4425126016139984
1577,193,1,True,0.7179999947547913,9,4,12,0.9528517723083496,0.9999973773956299,0.9425126314163208,0.2928133010864258,0.4425126016139984
1579,193,1,True,0.7179999947547913,9,4,12,0.9528517723083496,0.9999973773956299,0.9425126314163208,0.2928133010864258,0.4425126016139984
1580,193,1,True,0.7179999947547913,9,4,12,0.9528517723083496,0.9999973773956299,0.9425126314163208,0.2928133010864258,0.4425126016139984
1581,193,1,True,0.7179999947547913,9,4,12,0.9528517723083496,0.9999973773956299,0.9425126314163208,0.2928133010864258,0.4425126016139984
1582,193,1,True,0.7179999947547913,9,4,12,0.9528517723083496,0.9999973773956299,0.9425126314163208,0.2928133010864258,0.4425126016139984
1583,193,1,True,0.7179999947547913,9,4,12,0.9528517723083496,0.9999973773956299,0.9425126314163208,0.2928133010864258,0.4425126016139984
7920,193,1,True,0.7179999947547913,9,4,12,0.9528517723083496,0.9999973773956299,0.9425126314163208,0.2928133010864258,0.4425126016139984
7921,193,1,True,0.7179999947547913,9,4,12,0.9528517723083496,0.9999973773956299,0.9425126314163208,0.2928133010864258,0.4425126016139984
7922,193,1,True,0.7179999947547913,9,4,12,0.9528517723083496,0.9999973773956299,0.9425126314163208,0.2928133010864258,0.4425126016139984
7923,193,1,True,0.7179999947547913,9,4,12,0.9528517723083496,0.9999973773956299,0.9425126314163208,0.2928133010864258,0.4425126016139984
7924,193,1,True,0.7179999947547913,9,4,12,0.9528517723083496,0.9999973773956299,0.9425126314163208,0.2928133010864258,0.4425126016139984
7925,193,1,True,0.7179999947547913,9,4,12,0.9528517723083496,0.9999973773956299,0.9425126314163208,0.2928133010864258,0.4425126016139984
7926,193,1,True,0.7179999947547913,9,4,12,0.9528517723083496,0.9999973773956299,0.9425126314163208,0.2928133010864258,0.4425126016139984
7927,193,1,True,0.7179999947547913,9,4,12,0.9528517723083496,0.9999973773956299,0.9425126314163208,0.2928133010864258,0.4425126016139984
7928,193,1,True,0.7179999947547913,9,4,12,0.9528517723083496,0.9999973773956299,0.9425126314163208,0.2928133010864258,0.4425126016139984
7929,193,1,True,0.7179999947547913,9,4,12,0.9528517723083496,0.9999973773956299,0.9425126314163208,0.2928133010864258,0.4425126016139984
7930,193,1,True,0.7179999947547913,9,4,12,0.9528517723083496,0.9999973773956299,0.9425126314163208,0.2928133010864258,0.4425126016139984
7932,193,1,True,0.7179999947547913,9,4,12,0.9528517723083496,0.9999973773956299,0.9425126314163208,0.2928133010864258,0.4425126016139984
7933,193,1,True,0.7179999947547913,9,4,12,0.9528517723083496,0.9999973773956299,0.9425126314163208,0.2928133010864258,0.4425126016139984
7934,193,1,True,0.7179999947547913,9,4,12,0.9528517723083496,0.9999973773956299,0.9425126314163208,0.2928133010864258,0.4425126016139984
7935,193,1,True,0.7179999947547913,9,4,12,0.9528517723083496,0.9999973773956299,0.9425126314163208,0.2928133010864258,0.4425126016139984
7936,193,1,True,0.7179999947547913,9,4,12,0.9528517723083496,0.9999973773956299,0.9425126314163208,0.2928133010864258,0.4425126016139984
7937,193,1,True,0.7179999947547913,9,4,12,0.9528517723083496,0.9999973773956299,0.9425126314163208,0.2928133010864258,0.4425126016139984
7938,193,1,True,0.7179999947547913,9,4,12,0.9528517723083496,0.9999973773956299,0.9425126314163208,0.2928133010864258,0.4425126016139984
7939,193,1,True,0.7179999947547913,9,4,12,0.9528517723083496,0.9999973773956299,0.9425126314163208,0.2928133010864258,0.4425126016139984
7941,193,1,True,0.7179999947547913,9,4,12,0.9528517723083496,0.9999973773956299,0.9425126314163208,0.2928133010864258,0.4425126016139984
7945,193,1,True,0.7179999947547913,9,4,12,0.9528517723083496,0.9999973773956299,0.9425126314163208,0.2928133010864258,0.4425126016139984
7946,193,1,True,0.7179999947547913,9,4,12,0.9528517723083496,0.9999973773956299,0.9425126314163208,0.2928133010864258,0.4425126016139984
7947,193,1,True,0.7179999947547913,9,4,12,0.9528517723083496,0.9999973773956299,0.9425126314163208,0.2928133010864258,0.4425126016139984
7949,193,1,True,0.7179999947547913,9,4,12,0.9528517723083496,0.9999973773956299,0.9425126314163208,0.2928133010864258,0.4425126016139984
7950,193,1,True,0.7179999947547913,9,4,12,0.9528517723083496,0.9999973773956299,0.9425126314163208,0.2928133010864258,0.4425126016139984
7951,193,1,True,0.7179999947547913,9,4,12,0.9528517723083496,0.9999973773956299,0.9425126314163208,0.2928133010864258,0.4425126016139984
7952,193,1,True,0.7179999947547913,9,4,12,0.9528517723083496,0.9999973773956299,0.9425126314163208,0.2928133010864258,0.4425126016139984
7954,193,1,True,0.7179999947547913,9,4,12,0.9528517723083496,0.9999973773956299,0.9425126314163208,0.2928133010864258,0.4425126016139984
7955,193,1,True,0.7179999947547913,9,4,12,0.9528517723083496,0.9999973773956299,0.9425126314163208,0.2928133010864258,0.4425126016139984
7957,193,1,True,0.7179999947547913,9,4,12,0.9528517723083496,0.9999973773956299,0.9425126314163208,0.2928133010864258,0.4425126016139984
7958,193,1,True,0.7179999947547913,9,4,12,0.9528517723083496,0.9999973773956299,0.9425126314163208,0.2928133010864258,0.4425126016139984
7959,193,1,True,0.7179999947547913,9,4,12,0.9528517723083496,0.9999973773956299,0.9425126314163208,0.2928133010864258,0.4425126016139984
1342,172,1,True,0.7200000286102295,9,4,12,0.5602678060531616,0.9592796564102173,0.8732669949531555,0.06026780605316162,0.3732670247554779
1343,172,1,True,0.7200000286102295,9,4,12,0.5602678060531616,0.9592796564102173,0.8732669949531555,0.06026780605316162,0.3732670247554779
1344,172,1,True,0.7200000286102295,9,4,12,0.5602678060531616,0.9592796564102173,0.8732669949531555,0.06026780605316162,0.3732670247554779
1345,172,1,True,0.7200000286102295,9,4,12,0.5602678060531616,0.9592796564102173,0.8732669949531555,0.06026780605316162,0.3732670247554779
1346,172,1,True,0.7200000286102295,9,4,12,0.5602678060531616,0.9592796564102173,0.8732669949531555,0.06026780605316162,0.3732670247554779
1351,172,1,True,0.7200000286102295,9,4,12,0.5602678060531616,0.9592796564102173,0.8732669949531555,0.06026780605316162,0.3732670247554779
1352,172,1,True,0.7200000286102295,9,4,12,0.5602678060531616,0.9592796564102173,0.8732669949531555,0.06026780605316162,0.3732670247554779
7082,172,1,True,0.7200000286102295,9,4,12,0.5602678060531616,0.9592796564102173,0.8732669949531555,0.06026780605316162,0.3732670247554779
7083,172,1,True,0.7200000286102295,9,4,12,0.5602678060531616,0.9592796564102173,0.8732669949531555,0.06026780605316162,0.3732670247554779
7088,172,1,True,0.7200000286102295,9,4,12,0.5602678060531616,0.9592796564102173,0.8732669949531555,0.06026780605316162,0.3732670247554779
7090,172,1,True,0.7200000286102295,9,4,12,0.5602678060531616,0.9592796564102173,0.8732669949531555,0.06026780605316162,0.3732670247554779
7092,172,1,True,0.7200000286102295,9,4,12,0.5602678060531616,0.9592796564102173,0.8732669949531555,0.06026780605316162,0.3732670247554779
7094,172,1,True,0.7200000286102295,9,4,12,0.5602678060531616,0.9592796564102173,0.8732669949531555,0.06026780605316162,0.3732670247554779
7095,172,1,True,0.7200000286102295,9,4,12,0.5602678060531616,0.9592796564102173,0.8732669949531555,0.06026780605316162,0.3732670247554779
7096,172,1,True,0.7200000286102295,9,4,12,0.5602678060531616,0.9592796564102173,0.8732669949531555,0.06026780605316162,0.3732670247554779
7097,172,1,True,0.7200000286102295,9,4,12,0.5602678060531616,0.9592796564102173,0.8732669949531555,0.06026780605316162,0.3732670247554779
7103,172,1,True,0.7200000286102295,9,4,12,0.5602678060531616,0.9592796564102173,0.8732669949531555,0.06026780605316162,0.3732670247554779
7104,172,1,True,0.7200000286102295,9,4,12,0.5602678060531616,0.9592796564102173,0.8732669949531555,0.06026780605316162,0.3732670247554779
7105,172,1,True,0.7200000286102295,9,4,12,0.5602678060531616,0.9592796564102173,0.8732669949531555,0.06026780605316162,0.3732670247554779
7106,172,1,True,0.7200000286102295,9,4,12,0.5602678060531616,0.9592796564102173,0.8732669949531555,0.06026780605316162,0.3732670247554779
7107,172,1,True,0.7200000286102295,9,4,12,0.5602678060531616,0.9592796564102173,0.8732669949531555,0.06026780605316162,0.3732670247554779
7108,172,1,True,0.7200000286102295,9,4,12,0.5602678060531616,0.9592796564102173,0.8732669949531555,0.06026780605316162,0.3732670247554779
7109,172,1,True,0.7200000286102295,9,4,12,0.5602678060531616,0.9592796564102173,0.8732669949531555,0.06026780605316162,0.3732670247554779
7111,172,1,True,0.7200000286102295,9,4,12,0.5602678060531616,0.9592796564102173,0.8732669949531555,0.06026780605316162,0.3732670247554779
7112,172,1,True,0.7200000286102295,9,4,12,0.5602678060531616,0.9592796564102173,0.8732669949531555,0.06026780605316162,0.3732670247554779
7113,172,1,True,0.7200000286102295,9,4,12,0.5602678060531616,0.9592796564102173,0.8732669949531555,0.06026780605316162,0.3732670247554779
7114,172,1,True,0.7200000286102295,9,4,12,0.5602678060531616,0.9592796564102173,0.8732669949531555,0.06026780605316162,0.3732670247554779
7117,172,1,True,0.7200000286102295,9,4,12,0.5602678060531616,0.9592796564102173,0.8732669949531555,0.06026780605316162,0.3732670247554779
7118,172,1,True,0.7200000286102295,9,4,12,0.5602678060531616,0.9592796564102173,0.8732669949531555,0.06026780605316162,0.3732670247554779
7119,172,1,True,0.7200000286102295,9,4,12,0.5602678060531616,0.9592796564102173,0.8732669949531555,0.06026780605316162,0.3732670247554779
1529,189,1,True,0.722000002861023,9,4,12,0.5602678060531616,0.9997691512107849,0.6368552446365356,0.02167174220085144,0.28254032135009766
1531,189,1,True,0.722000002861023,9,4,12,0.5602678060531616,0.9997691512107849,0.6368552446365356,0.02167174220085144,0.28254032135009766
1532,189,1,True,0.722000002861023,9,4,12,0.5602678060531616,0.9997691512107849,0.6368552446365356,0.02167174220085144,0.28254032135009766
1533,189,1,True,0.722000002861023,9,4,12,0.5602678060531616,0.9997691512107849,0.6368552446365356,0.02167174220085144,0.28254032135009766
1539,189,1,True,0.722000002861023,9,4,12,0.5602678060531616,0.9997691512107849,0.6368552446365356,0.02167174220085144,0.28254032135009766
7761,189,1,True,0.722000002861023,9,4,12,0.5602678060531616,0.9997691512107849,0.6368552446365356,0.02167174220085144,0.28254032135009766
7763,189,1,True,0.722000002861023,9,4,12,0.5602678060531616,0.9997691512107849,0.6368552446365356,0.02167174220085144,0.28254032135009766
7765,189,1,True,0.722000002861023,9,4,12,0.5602678060531616,0.9997691512107849,0.6368552446365356,0.02167174220085144,0.28254032135009766
7770,189,1,True,0.722000002861023,9,4,12,0.5602678060531616,0.9997691512107849,0.6368552446365356,0.02167174220085144,0.28254032135009766
7771,189,1,True,0.722000002861023,9,4,12,0.5602678060531616,0.9997691512107849,0.6368552446365356,0.02167174220085144,0.28254032135009766
7772,189,1,True,0.722000002861023,9,4,12,0.5602678060531616,0.9997691512107849,0.6368552446365356,0.02167174220085144,0.28254032135009766
7774,189,1,True,0.722000002861023,9,4,12,0.5602678060531616,0.9997691512107849,0.6368552446365356,0.02167174220085144,0.28254032135009766
7776,189,1,True,0.722000002861023,9,4,12,0.5602678060531616,0.9997691512107849,0.6368552446365356,0.02167174220085144,0.28254032135009766
7779,189,1,True,0.722000002861023,9,4,12,0.5602678060531616,0.9997691512107849,0.6368552446365356,0.02167174220085144,0.28254032135009766
7780,189,1,True,0.722000002861023,9,4,12,0.5602678060531616,0.9997691512107849,0.6368552446365356,0.02167174220085144,0.28254032135009766
7781,189,1,True,0.722000002861023,9,4,12,0.5602678060531616,0.9997691512107849,0.6368552446365356,0.02167174220085144,0.28254032135009766
7782,189,1,True,0.722000002861023,9,4,12,0.5602678060531616,0.9997691512107849,0.6368552446365356,0.02167174220085144,0.28254032135009766
7786,189,1,True,0.722000002861023,9,4,12,0.5602678060531616,0.9997691512107849,0.6368552446365356,0.02167174220085144,0.28254032135009766
7787,189,1,True,0.722000002861023,9,4,12,0.5602678060531616,0.9997691512107849,0.6368552446365356,0.02167174220085144,0.28254032135009766
7789,189,1,True,0.722000002861023,9,4,12,0.5602678060531616,0.9997691512107849,0.6368552446365356,0.02167174220085144,0.28254032135009766
7790,189,1,True,0.722000002861023,9,4,12,0.5602678060531616,0.9997691512107849,0.6368552446365356,0.02167174220085144,0.28254032135009766
7791,189,1,True,0.722000002861023,9,4,12,0.5602678060531616,0.9997691512107849,0.6368552446365356,0.02167174220085144,0.28254032135009766
7792,189,1,True,0.722000002861023,9,4,12,0.5602678060531616,0.9997691512107849,0.6368552446365356,0.02167174220085144,0.28254032135009766
7793,189,1,True,0.722000002861023,9,4,12,0.5602678060531616,0.9997691512107849,0.6368552446365356,0.02167174220085144,0.28254032135009766
7794,189,1,True,0.722000002861023,9,4,12,0.5602678060531616,0.9997691512107849,0.6368552446365356,0.02167174220085144,0.28254032135009766
7795,189,1,True,0.722000002861023,9,4,12,0.5602678060531616,0.9997691512107849,0.6368552446365356,0.02167174220085144,0.28254032135009766
7796,189,1,True,0.722000002861023,9,4,12,0.5602678060531616,0.9997691512107849,0.6368552446365356,0.02167174220085144,0.28254032135009766
7797,189,1,True,0.722000002861023,9,4,12,0.5602678060531616,0.9997691512107849,0.6368552446365356,0.02167174220085144,0.28254032135009766
7798,189,1,True,0.722000002861023,9,4,12,0.5602678060531616,0.9997691512107849,0.6368552446365356,0.02167174220085144,0.28254032135009766
7799,189,1,True,0.722000002861023,9,4,12,0.5602678060531616,0.9997691512107849,0.6368552446365356,0.02167174220085144,0.28254032135009766
2071,238,1,True,0.722000002861023,9,4,12,0.5527760982513428,0.9971548318862915,0.8980099558830261,0.05277609825134277,0.39800992608070374
2073,238,1,True,0.722000002861023,9,4,12,0.5527760982513428,0.9971548318862915,0.8980099558830261,0.05277609825134277,0.39800992608070374
2074,238,1,True,0.722000002861023,9,4,12,0.5527760982513428,0.9971548318862915,0.8980099558830261,0.05277609825134277,0.39800992608070374
2075,238,1,True,0.722000002861023,9,4,12,0.5527760982513428,0.9971548318862915,0.8980099558830261,0.05277609825134277,0.39800992608070374
2076,238,1,True,0.722000002861023,9,4,12,0.5527760982513428,0.9971548318862915,0.8980099558830261,0.05277609825134277,0.39800992608070374
2077,238,1,True,0.722000002861023,9,4,12,0.5527760982513428,0.9971548318862915,0.8980099558830261,0.05277609825134277,0.39800992608070374
2078,238,1,True,0.722000002861023,9,4,12,0.5527760982513428,0.9971548318862915,0.8980099558830261,0.05277609825134277,0.39800992608070374
9720,238,1,True,0.722000002861023,9,4,12,0.5527760982513428,0.9971548318862915,0.8980099558830261,0.05277609825134277,0.39800992608070374
9723,238,1,True,0.722000002861023,9,4,12,0.5527760982513428,0.9971548318862915,0.8980099558830261,0.05277609825134277,0.39800992608070374
9724,238,1,True,0.722000002861023,9,4,12,0.5527760982513428,0.9971548318862915,0.8980099558830261,0.05277609825134277,0.39800992608070374
9727,238,1,True,0.722000002861023,9,4,12,0.5527760982513428,0.9971548318862915,0.8980099558830261,0.05277609825134277,0.39800992608070374
9728,238,1,True,0.722000002861023,9,4,12,0.5527760982513428,0.9971548318862915,0.8980099558830261,0.05277609825134277,0.39800992608070374
9729,238,1,True,0.722000002861023,9,4,12,0.5527760982513428,0.9971548318862915,0.8980099558830261,0.05277609825134277,0.39800992608070374
9730,238,1,True,0.722000002861023,9,4,12,0.5527760982513428,0.9971548318862915,0.8980099558830261,0.05277609825134277,0.39800992608070374
9731,238,1,True,0.722000002861023,9,4,12,0.5527760982513428,0.9971548318862915,0.8980099558830261,0.05277609825134277,0.39800992608070374
9732,238,1,True,0.722000002861023,9,4,12,0.5527760982513428,0.9971548318862915,0.8980099558830261,0.05277609825134277,0.39800992608070374
9733,238,1,True,0.722000002861023,9,4,12,0.5527760982513428,0.9971548318862915,0.8980099558830261,0.05277609825134277,0.39800992608070374
9734,238,1,True,0.722000002861023,9,4,12,0.5527760982513428,0.9971548318862915,0.8980099558830261,0.05277609825134277,0.39800992608070374
9735,238,1,True,0.722000002861023,9,4,12,0.5527760982513428,0.9971548318862915,0.8980099558830261,0.05277609825134277,0.39800992608070374
9736,238,1,True,0.722000002861023,9,4,12,0.5527760982513428,0.9971548318862915,0.8980099558830261,0.05277609825134277,0.39800992608070374
9737,238,1,True,0.722000002861023,9,4,12,0.5527760982513428,0.9971548318862915,0.8980099558830261,0.05277609825134277,0.39800992608070374
9738,238,1,True,0.722000002861023,9,4,12,0.5527760982513428,0.9971548318862915,0.8980099558830261,0.05277609825134277,0.39800992608070374
9740,238,1,True,0.722000002861023,9,4,12,0.5527760982513428,0.9971548318862915,0.8980099558830261,0.05277609825134277,0.39800992608070374
9741,238,1,True,0.722000002861023,9,4,12,0.5527760982513428,0.9971548318862915,0.8980099558830261,0.05277609825134277,0.39800992608070374
9742,238,1,True,0.722000002861023,9,4,12,0.5527760982513428,0.9971548318862915,0.8980099558830261,0.05277609825134277,0.39800992608070374
9743,238,1,True,0.722000002861023,9,4,12,0.5527760982513428,0.9971548318862915,0.8980099558830261,0.05277609825134277,0.39800992608070374
9748,238,1,True,0.722000002861023,9,4,12,0.5527760982513428,0.9971548318862915,0.8980099558830261,0.05277609825134277,0.39800992608070374
9749,238,1,True,0.722000002861023,9,4,12,0.5527760982513428,0.9971548318862915,0.8980099558830261,0.05277609825134277,0.39800992608070374
9750,238,1,True,0.722000002861023,9,4,12,0.5527760982513428,0.9971548318862915,0.8980099558830261,0.05277609825134277,0.39800992608070374
9752,238,1,True,0.722000002861023,9,4,12,0.5527760982513428,0.9971548318862915,0.8980099558830261,0.05277609825134277,0.39800992608070374
9754,238,1,True,0.722000002861023,9,4,12,0.5527760982513428,0.9971548318862915,0.8980099558830261,0.05277609825134277,0.39800992608070374
9755,238,1,True,0.722000002861023,9,4,12,0.5527760982513428,0.9971548318862915,0.8980099558830261,0.05277609825134277,0.39800992608070374
9756,238,1,True,0.722000002861023,9,4,12,0.5527760982513428,0.9971548318862915,0.8980099558830261,0.05277609825134277,0.39800992608070374
9757,238,1,True,0.722000002861023,9,4,12,0.5527760982513428,0.9971548318862915,0.8980099558830261,0.05277609825134277,0.39800992608070374
9759,238,1,True,0.722000002861023,9,4,12,0.5527760982513428,0.9971548318862915,0.8980099558830261,0.05277609825134277,0.39800992608070374
2025,234,1,True,0.7239999771118164,9,4,12,0.9528517723083496,0.8850045800209045,0.8518543243408203,0.03665107488632202,0.35999903082847595
2026,234,1,True,0.7239999771118164,9,4,12,0.9528517723083496,0.8850045800209045,0.8518543243408203,0.03665107488632202,0.35999903082847595
2028,234,1,True,0.7239999771118164,9,4,12,0.9528517723083496,0.8850045800209045,0.8518543243408203,0.03665107488632202,0.35999903082847595
2029,234,1,True,0.7239999771118164,9,4,12,0.9528517723083496,0.8850045800209045,0.8518543243408203,0.03665107488632202,0.35999903082847595
2031,234,1,True,0.7239999771118164,9,4,12,0.9528517723083496,0.8850045800209045,0.8518543243408203,0.03665107488632202,0.35999903082847595
2032,234,1,True,0.7239999771118164,9,4,12,0.9528517723083496,0.8850045800209045,0.8518543243408203,0.03665107488632202,0.35999903082847595
2033,234,1,True,0.7239999771118164,9,4,12,0.9528517723083496,0.8850045800209045,0.8518543243408203,0.03665107488632202,0.35999903082847595
2034,234,1,True,0.7239999771118164,9,4,12,0.9528517723083496,0.8850045800209045,0.8518543243408203,0.03665107488632202,0.35999903082847595
9560,234,1,True,0.7239999771118164,9,4,12,0.9528517723083496,0.8850045800209045,0.8518543243408203,0.03665107488632202,0.35999903082847595
9563,234,1,True,0.7239999771118164,9,4,12,0.9528517723083496,0.8850045800209045,0.8518543243408203,0.03665107488632202,0.35999903082847595
9564,234,1,True,0.7239999771118164,9,4,12,0.9528517723083496,0.8850045800209045,0.8518543243408203,0.03665107488632202,0.35999903082847595
9565,234,1,True,0.7239999771118164,9,4,12,0.9528517723083496,0.8850045800209045,0.8518543243408203,0.03665107488632202,0.35999903082847595
9566,234,1,True,0.7239999771118164,9,4,12,0.9528517723083496,0.8850045800209045,0.8518543243408203,0.03665107488632202,0.35999903082847595
9567,234,1,True,0.7239999771118164,9,4,12,0.9528517723083496,0.8850045800209045,0.8518543243408203,0.03665107488632202,0.35999903082847595
9568,234,1,True,0.7239999771118164,9,4,12,0.9528517723083496,0.8850045800209045,0.8518543243408203,0.03665107488632202,0.35999903082847595
9570,234,1,True,0.7239999771118164,9,4,12,0.9528517723083496,0.8850045800209045,0.8518543243408203,0.03665107488632202,0.35999903082847595
9571,234,1,True,0.7239999771118164,9,4,12,0.9528517723083496,0.8850045800209045,0.8518543243408203,0.03665107488632202,0.35999903082847595
9572,234,1,True,0.7239999771118164,9,4,12,0.9528517723083496,0.8850045800209045,0.8518543243408203,0.03665107488632202,0.35999903082847595
9573,234,1,True,0.7239999771118164,9,4,12,0.9528517723083496,0.8850045800209045,0.8518543243408203,0.03665107488632202,0.35999903082847595
9574,234,1,True,0.7239999771118164,9,4,12,0.9528517723083496,0.8850045800209045,0.8518543243408203,0.03665107488632202,0.35999903082847595
9575,234,1,True,0.7239999771118164,9,4,12,0.9528517723083496,0.8850045800209045,0.8518543243408203,0.03665107488632202,0.35999903082847595
9578,234,1,True,0.7239999771118164,9,4,12,0.9528517723083496,0.8850045800209045,0.8518543243408203,0.03665107488632202,0.35999903082847595
9580,234,1,True,0.7239999771118164,9,4,12,0.9528517723083496,0.8850045800209045,0.8518543243408203,0.03665107488632202,0.35999903082847595
9581,234,1,True,0.7239999771118164,9,4,12,0.9528517723083496,0.8850045800209045,0.8518543243408203,0.03665107488632202,0.35999903082847595
9582,234,1,True,0.7239999771118164,9,4,12,0.9528517723083496,0.8850045800209045,0.8518543243408203,0.03665107488632202,0.35999903082847595
9583,234,1,True,0.7239999771118164,9,4,12,0.9528517723083496,0.8850045800209045,0.8518543243408203,0.03665107488632202,0.35999903082847595
9585,234,1,True,0.7239999771118164,9,4,12,0.9528517723083496,0.8850045800209045,0.8518543243408203,0.03665107488632202,0.35999903082847595
9586,234,1,True,0.7239999771118164,9,4,12,0.9528517723083496,0.8850045800209045,0.8518543243408203,0.03665107488632202,0.35999903082847595
9587,234,1,True,0.7239999771118164,9,4,12,0.9528517723083496,0.8850045800209045,0.8518543243408203,0.03665107488632202,0.35999903082847595
9588,234,1,True,0.7239999771118164,9,4,12,0.9528517723083496,0.8850045800209045,0.8518543243408203,0.03665107488632202,0.35999903082847595
9589,234,1,True,0.7239999771118164,9,4,12,0.9528517723083496,0.8850045800209045,0.8518543243408203,0.03665107488632202,0.35999903082847595
9590,234,1,True,0.7239999771118164,9,4,12,0.9528517723083496,0.8850045800209045,0.8518543243408203,0.03665107488632202,0.35999903082847595
9592,234,1,True,0.7239999771118164,9,4,12,0.9528517723083496,0.8850045800209045,0.8518543243408203,0.03665107488632202,0.35999903082847595
9593,234,1,True,0.7239999771118164,9,4,12,0.9528517723083496,0.8850045800209045,0.8518543243408203,0.03665107488632202,0.35999903082847595
9594,234,1,True,0.7239999771118164,9,4,12,0.9528517723083496,0.8850045800209045,0.8518543243408203,0.03665107488632202,0.35999903082847595
9595,234,1,True,0.7239999771118164,9,4,12,0.9528517723083496,0.8850045800209045,0.8518543243408203,0.03665107488632202,0.35999903082847595
9596,234,1,True,0.7239999771118164,9,4,12,0.9528517723083496,0.8850045800209045,0.8518543243408203,0.03665107488632202,0.35999903082847595
9597,234,1,True,0.7239999771118164,9,4,12,0.9528517723083496,0.8850045800209045,0.8518543243408203,0.03665107488632202,0.35999903082847595
9598,234,1,True,0.7239999771118164,9,4,12,0.9528517723083496,0.8850045800209045,0.8518543243408203,0.03665107488632202,0.35999903082847595
9599,234,1,True,0.7239999771118164,9,4,12,0.9528517723083496,0.8850045800209045,0.8518543243408203,0.03665107488632202,0.35999903082847595
286,76,1,True,0.7260000109672546,9,4,12,0.07457860559225082,0.9999622106552124,0.7888076305389404,0.4254213869571686,0.4778837561607361
287,76,1,True,0.7260000109672546,9,4,12,0.07457860559225082,0.9999622106552124,0.7888076305389404,0.4254213869571686,0.4778837561607361
288,76,1,True,0.7260000109672546,9,4,12,0.07457860559225082,0.9999622106552124,0.7888076305389404,0.4254213869571686,0.4778837561607361
289,76,1,True,0.7260000109672546,9,4,12,0.07457860559225082,0.9999622106552124,0.7888076305389404,0.4254213869571686,0.4778837561607361
292,76,1,True,0.7260000109672546,9,4,12,0.07457860559225082,0.9999622106552124,0.7888076305389404,0.4254213869571686,0.4778837561607361
294,76,1,True,0.7260000109672546,9,4,12,0.07457860559225082,0.9999622106552124,0.7888076305389404,0.4254213869571686,0.4778837561607361
3240,76,1,True,0.7260000109672546,9,4,12,0.07457860559225082,0.9999622106552124,0.7888076305389404,0.4254213869571686,0.4778837561607361
3243,76,1,True,0.7260000109672546,9,4,12,0.07457860559225082,0.9999622106552124,0.7888076305389404,0.4254213869571686,0.4778837561607361
3244,76,1,True,0.7260000109672546,9,4,12,0.07457860559225082,0.9999622106552124,0.7888076305389404,0.4254213869571686,0.4778837561607361
3245,76,1,True,0.7260000109672546,9,4,12,0.07457860559225082,0.9999622106552124,0.7888076305389404,0.4254213869571686,0.4778837561607361
3247,76,1,True,0.7260000109672546,9,4,12,0.07457860559225082,0.9999622106552124,0.7888076305389404,0.4254213869571686,0.4778837561607361
3249,76,1,True,0.7260000109672546,9,4,12,0.07457860559225082,0.9999622106552124,0.7888076305389404,0.4254213869571686,0.4778837561607361
3250,76,1,True,0.7260000109672546,9,4,12,0.07457860559225082,0.9999622106552124,0.7888076305389404,0.4254213869571686,0.4778837561607361
3252,76,1,True,0.7260000109672546,9,4,12,0.07457860559225082,0.9999622106552124,0.7888076305389404,0.4254213869571686,0.4778837561607361
3255,76,1,True,0.7260000109672546,9,4,12,0.07457860559225082,0.9999622106552124,0.7888076305389404,0.4254213869571686,0.4778837561607361
3257,76,1,True,0.7260000109672546,9,4,12,0.07457860559225082,0.9999622106552124,0.7888076305389404,0.4254213869571686,0.4778837561607361
3258,76,1,True,0.7260000109672546,9,4,12,0.07457860559225082,0.9999622106552124,0.7888076305389404,0.4254213869571686,0.4778837561607361
3259,76,1,True,0.7260000109672546,9,4,12,0.07457860559225082,0.9999622106552124,0.7888076305389404,0.4254213869571686,0.4778837561607361
3260,76,1,True,0.7260000109672546,9,4,12,0.07457860559225082,0.9999622106552124,0.7888076305389404,0.4254213869571686,0.4778837561607361
3261,76,1,True,0.7260000109672546,9,4,12,0.07457860559225082,0.9999622106552124,0.7888076305389404,0.4254213869571686,0.4778837561607361
3264,76,1,True,0.7260000109672546,9,4,12,0.07457860559225082,0.9999622106552124,0.7888076305389404,0.4254213869571686,0.4778837561607361
3266,76,1,True,0.7260000109672546,9,4,12,0.07457860559225082,0.9999622106552124,0.7888076305389404,0.4254213869571686,0.4778837561607361
3267,76,1,True,0.7260000109672546,9,4,12,0.07457860559225082,0.9999622106552124,0.7888076305389404,0.4254213869571686,0.4778837561607361
3268,76,1,True,0.7260000109672546,9,4,12,0.07457860559225082,0.9999622106552124,0.7888076305389404,0.4254213869571686,0.4778837561607361
3270,76,1,True,0.7260000109672546,9,4,12,0.07457860559225082,0.9999622106552124,0.7888076305389404,0.4254213869571686,0.4778837561607361
3271,76,1,True,0.7260000109672546,9,4,12,0.07457860559225082,0.9999622106552124,0.7888076305389404,0.4254213869571686,0.4778837561607361
3272,76,1,True,0.7260000109672546,9,4,12,0.07457860559225082,0.9999622106552124,0.7888076305389404,0.4254213869571686,0.4778837561607361
3273,76,1,True,0.7260000109672546,9,4,12,0.07457860559225082,0.9999622106552124,0.7888076305389404,0.4254213869571686,0.4778837561607361
3275,76,1,True,0.7260000109672546,9,4,12,0.07457860559225082,0.9999622106552124,0.7888076305389404,0.4254213869571686,0.4778837561607361
3276,76,1,True,0.7260000109672546,9,4,12,0.07457860559225082,0.9999622106552124,0.7888076305389404,0.4254213869571686,0.4778837561607361
3278,76,1,True,0.7260000109672546,9,4,12,0.07457860559225082,0.9999622106552124,0.7888076305389404,0.4254213869571686,0.4778837561607361
3279,76,1,True,0.7260000109672546,9,4,12,0.07457860559225082,0.9999622106552124,0.7888076305389404,0.4254213869571686,0.4778837561607361
188,67,1,True,0.7279999852180481,9,4,12,0.5527760982513428,0.8229862451553345,0.6038603782653809,0.05277609825134277,0.2265690714120865
189,67,1,True,0.7279999852180481,9,4,12,0.5527760982513428,0.8229862451553345,0.6038603782653809,0.05277609825134277,0.2265690714120865
2884,67,1,True,0.7279999852180481,9,4,12,0.5527760982513428,0.8229862451553345,0.6038603782653809,0.05277609825134277,0.2265690714120865
2886,67,1,True,0.7279999852180481,9,4,12,0.5527760982513428,0.8229862451553345,0.6038603782653809,0.05277609825134277,0.2265690714120865
2887,67,1,True,0.7279999852180481,9,4,12,0.5527760982513428,0.8229862451553345,0.6038603782653809,0.05277609825134277,0.2265690714120865
2889,67,1,True,0.7279999852180481,9,4,12,0.5527760982513428,0.8229862451553345,0.6038603782653809,0.05277609825134277,0.2265690714120865
1881,221,1,True,0.7279999852180481,9,4,12,0.07457860559225082,0.9999998807907104,0.6857112646102905,0.05277609825134277,0.35543590784072876
190,67,1,True,0.7300000190734863,9,4,12,0.5527760982513428,0.8229862451553345,0.6038603782653809,0.05277609825134277,0.2265690714120865
191,67,1,True,0.7300000190734863,9,4,12,0.5527760982513428,0.8229862451553345,0.6038603782653809,0.05277609825134277,0.2265690714120865
192,67,1,True,0.7300000190734863,9,4,12,0.5527760982513428,0.8229862451553345,0.6038603782653809,0.05277609825134277,0.2265690714120865
193,67,1,True,0.7300000190734863,9,4,12,0.5527760982513428,0.8229862451553345,0.6038603782653809,0.05277609825134277,0.2265690714120865
194,67,1,True,0.7300000190734863,9,4,12,0.5527760982513428,0.8229862451553345,0.6038603782653809,0.05277609825134277,0.2265690714120865
196,67,1,True,0.7300000190734863,9,4,12,0.5527760982513428,0.8229862451553345,0.6038603782653809,0.05277609825134277,0.2265690714120865
2890,67,1,True,0.7300000190734863,9,4,12,0.5527760982513428,0.8229862451553345,0.6038603782653809,0.05277609825134277,0.2265690714120865
2891,67,1,True,0.7300000190734863,9,4,12,0.5527760982513428,0.8229862451553345,0.6038603782653809,0.05277609825134277,0.2265690714120865
2892,67,1,True,0.7300000190734863,9,4,12,0.5527760982513428,0.8229862451553345,0.6038603782653809,0.05277609825134277,0.2265690714120865
2894,67,1,True,0.7300000190734863,9,4,12,0.5527760982513428,0.8229862451553345,0.6038603782653809,0.05277609825134277,0.2265690714120865
2896,67,1,True,0.7300000190734863,9,4,12,0.5527760982513428,0.8229862451553345,0.6038603782653809,0.05277609825134277,0.2265690714120865
2897,67,1,True,0.7300000190734863,9,4,12,0.5527760982513428,0.8229862451553345,0.6038603782653809,0.05277609825134277,0.2265690714120865
2898,67,1,True,0.7300000190734863,9,4,12,0.5527760982513428,0.8229862451553345,0.6038603782653809,0.05277609825134277,0.2265690714120865
2899,67,1,True,0.7300000190734863,9,4,12,0.5527760982513428,0.8229862451553345,0.6038603782653809,0.05277609825134277,0.2265690714120865
2900,67,1,True,0.7300000190734863,9,4,12,0.5527760982513428,0.8229862451553345,0.6038603782653809,0.05277609825134277,0.2265690714120865
2904,67,1,True,0.7300000190734863,9,4,12,0.5527760982513428,0.8229862451553345,0.6038603782653809,0.05277609825134277,0.2265690714120865
2905,67,1,True,0.7300000190734863,9,4,12,0.5527760982513428,0.8229862451553345,0.6038603782653809,0.05277609825134277,0.2265690714120865
2906,67,1,True,0.7300000190734863,9,4,12,0.5527760982513428,0.8229862451553345,0.6038603782653809,0.05277609825134277,0.2265690714120865
2907,67,1,True,0.7300000190734863,9,4,12,0.5527760982513428,0.8229862451553345,0.6038603782653809,0.05277609825134277,0.2265690714120865
2908,67,1,True,0.7300000190734863,9,4,12,0.5527760982513428,0.8229862451553345,0.6038603782653809,0.05277609825134277,0.2265690714120865
2910,67,1,True,0.7300000190734863,9,4,12,0.5527760982513428,0.8229862451553345,0.6038603782653809,0.05277609825134277,0.2265690714120865
2911,67,1,True,0.7300000190734863,9,4,12,0.5527760982513428,0.8229862451553345,0.6038603782653809,0.05277609825134277,0.2265690714120865
2913,67,1,True,0.7300000190734863,9,4,12,0.5527760982513428,0.8229862451553345,0.6038603782653809,0.05277609825134277,0.2265690714120865
2915,67,1,True,0.7300000190734863,9,4,12,0.5527760982513428,0.8229862451553345,0.6038603782653809,0.05277609825134277,0.2265690714120865
2916,67,1,True,0.7300000190734863,9,4,12,0.5527760982513428,0.8229862451553345,0.6038603782653809,0.05277609825134277,0.2265690714120865
2917,67,1,True,0.7300000190734863,9,4,12,0.5527760982513428,0.8229862451553345,0.6038603782653809,0.05277609825134277,0.2265690714120865
2918,67,1,True,0.7300000190734863,9,4,12,0.5527760982513428,0.8229862451553345,0.6038603782653809,0.05277609825134277,0.2265690714120865
2919,67,1,True,0.7300000190734863,9,4,12,0.5527760982513428,0.8229862451553345,0.6038603782653809,0.05277609825134277,0.2265690714120865
836,126,1,True,0.7300000190734863,9,4,12,0.9978777170181274,0.9999997615814209,0.9997575283050537,0.49787771701812744,0.4997575581073761
838,126,1,True,0.7300000190734863,9,4,12,0.9978777170181274,0.9999997615814209,0.9997575283050537,0.49787771701812744,0.4997575581073761
839,126,1,True,0.7300000190734863,9,4,12,0.9978777170181274,0.9999997615814209,0.9997575283050537,0.49787771701812744,0.4997575581073761
843,126,1,True,0.7300000190734863,9,4,12,0.9978777170181274,0.9999997615814209,0.9997575283050537,0.49787771701812744,0.4997575581073761
844,126,1,True,0.7300000190734863,9,4,12,0.9978777170181274,0.9999997615814209,0.9997575283050537,0.49787771701812744,0.4997575581073761
845,126,1,True,0.7300000190734863,9,4,12,0.9978777170181274,0.9999997615814209,0.9997575283050537,0.49787771701812744,0.4997575581073761
5240,126,1,True,0.7300000190734863,9,4,12,0.9978777170181274,0.9999997615814209,0.9997575283050537,0.49787771701812744,0.4997575581073761
5241,126,1,True,0.7300000190734863,9,4,12,0.9978777170181274,0.9999997615814209,0.9997575283050537,0.49787771701812744,0.4997575581073761
5242,126,1,True,0.7300000190734863,9,4,12,0.9978777170181274,0.9999997615814209,0.9997575283050537,0.49787771701812744,0.4997575581073761
5243,126,1,True,0.7300000190734863,9,4,12,0.9978777170181274,0.9999997615814209,0.9997575283050537,0.49787771701812744,0.4997575581073761
5245,126,1,True,0.7300000190734863,9,4,12,0.9978777170181274,0.9999997615814209,0.9997575283050537,0.49787771701812744,0.4997575581073761
5246,126,1,True,0.7300000190734863,9,4,12,0.9978777170181274,0.9999997615814209,0.9997575283050537,0.49787771701812744,0.4997575581073761
5247,126,1,True,0.7300000190734863,9,4,12,0.9978777170181274,0.9999997615814209,0.9997575283050537,0.49787771701812744,0.4997575581073761
5248,126,1,True,0.7300000190734863,9,4,12,0.9978777170181274,0.9999997615814209,0.9997575283050537,0.49787771701812744,0.4997575581073761
5252,126,1,True,0.7300000190734863,9,4,12,0.9978777170181274,0.9999997615814209,0.9997575283050537,0.49787771701812744,0.4997575581073761
5254,126,1,True,0.7300000190734863,9,4,12,0.9978777170181274,0.9999997615814209,0.9997575283050537,0.49787771701812744,0.4997575581073761
5255,126,1,True,0.7300000190734863,9,4,12,0.9978777170181274,0.9999997615814209,0.9997575283050537,0.49787771701812744,0.4997575581073761
5256,126,1,True,0.7300000190734863,9,4,12,0.9978777170181274,0.9999997615814209,0.9997575283050537,0.49787771701812744,0.4997575581073761
5257,126,1,True,0.7300000190734863,9,4,12,0.9978777170181274,0.9999997615814209,0.9997575283050537,0.49787771701812744,0.4997575581073761
5258,126,1,True,0.7300000190734863,9,4,12,0.9978777170181274,0.9999997615814209,0.9997575283050537,0.49787771701812744,0.4997575581073761
5260,126,1,True,0.7300000190734863,9,4,12,0.9978777170181274,0.9999997615814209,0.9997575283050537,0.49787771701812744,0.4997575581073761
5261,126,1,True,0.7300000190734863,9,4,12,0.9978777170181274,0.9999997615814209,0.9997575283050537,0.49787771701812744,0.4997575581073761
5262,126,1,True,0.7300000190734863,9,4,12,0.9978777170181274,0.9999997615814209,0.9997575283050537,0.49787771701812744,0.4997575581073761
5263,126,1,True,0.7300000190734863,9,4,12,0.9978777170181274,0.9999997615814209,0.9997575283050537,0.49787771701812744,0.4997575581073761
5264,126,1,True,0.7300000190734863,9,4,12,0.9978777170181274,0.9999997615814209,0.9997575283050537,0.49787771701812744,0.4997575581073761
5266,126,1,True,0.7300000190734863,9,4,12,0.9978777170181274,0.9999997615814209,0.9997575283050537,0.49787771701812744,0.4997575581073761
5267,126,1,True,0.7300000190734863,9,4,12,0.9978777170181274,0.9999997615814209,0.9997575283050537,0.49787771701812744,0.4997575581073761
5268,126,1,True,0.7300000190734863,9,4,12,0.9978777170181274,0.9999997615814209,0.9997575283050537,0.49787771701812744,0.4997575581073761
5269,126,1,True,0.7300000190734863,9,4,12,0.9978777170181274,0.9999997615814209,0.9997575283050537,0.49787771701812744,0.4997575581073761
5270,126,1,True,0.7300000190734863,9,4,12,0.9978777170181274,0.9999997615814209,0.9997575283050537,0.49787771701812744,0.4997575581073761
5271,126,1,True,0.7300000190734863,9,4,12,0.9978777170181274,0.9999997615814209,0.9997575283050537,0.49787771701812744,0.4997575581073761
5273,126,1,True,0.7300000190734863,9,4,12,0.9978777170181274,0.9999997615814209,0.9997575283050537,0.49787771701812744,0.4997575581073761
5275,126,1,True,0.7300000190734863,9,4,12,0.9978777170181274,0.9999997615814209,0.9997575283050537,0.49787771701812744,0.4997575581073761
5276,126,1,True,0.7300000190734863,9,4,12,0.9978777170181274,0.9999997615814209,0.9997575283050537,0.49787771701812744,0.4997575581073761
5277,126,1,True,0.7300000190734863,9,4,12,0.9978777170181274,0.9999997615814209,0.9997575283050537,0.49787771701812744,0.4997575581073761
5278,126,1,True,0.7300000190734863,9,4,12,0.9978777170181274,0.9999997615814209,0.9997575283050537,0.49787771701812744,0.4997575581073761
5279,126,1,True,0.7300000190734863,9,4,12,0.9978777170181274,0.9999997615814209,0.9997575283050537,0.49787771701812744,0.4997575581073761
1882,221,1,True,0.7300000190734863,9,4,12,0.07457860559225082,0.9999998807907104,0.6857112646102905,0.05277609825134277,0.35543590784072876
1883,221,1,True,0.7300000190734863,9,4,12,0.07457860559225082,0.9999998807907104,0.6857112646102905,0.05277609825134277,0.35543590784072876
1884,221,1,True,0.7300000190734863,9,4,12,0.07457860559225082,0.9999998807907104,0.6857112646102905,0.05277609825134277,0.35543590784072876
1885,221,1,True,0.7300000190734863,9,4,12,0.07457860559225082,0.9999998807907104,0.6857112646102905,0.05277609825134277,0.35543590784072876
1886,221,1,True,0.7300000190734863,9,4,12,0.07457860559225082,0.9999998807907104,0.6857112646102905,0.05277609825134277,0.35543590784072876
1887,221,1,True,0.7300000190734863,9,4,12,0.07457860559225082,0.9999998807907104,0.6857112646102905,0.05277609825134277,0.35543590784072876
9044,221,1,True,0.7300000190734863,9,4,12,0.07457860559225082,0.9999998807907104,0.6857112646102905,0.05277609825134277,0.35543590784072876
9045,221,1,True,0.7300000190734863,9,4,12,0.07457860559225082,0.9999998807907104,0.6857112646102905,0.05277609825134277,0.35543590784072876
9048,221,1,True,0.7300000190734863,9,4,12,0.07457860559225082,0.9999998807907104,0.6857112646102905,0.05277609825134277,0.35543590784072876
9049,221,1,True,0.7300000190734863,9,4,12,0.07457860559225082,0.9999998807907104,0.6857112646102905,0.05277609825134277,0.35543590784072876
9050,221,1,True,0.7300000190734863,9,4,12,0.07457860559225082,0.9999998807907104,0.6857112646102905,0.05277609825134277,0.35543590784072876
9051,221,1,True,0.7300000190734863,9,4,12,0.07457860559225082,0.9999998807907104,0.6857112646102905,0.05277609825134277,0.35543590784072876
9052,221,1,True,0.7300000190734863,9,4,12,0.07457860559225082,0.9999998807907104,0.6857112646102905,0.05277609825134277,0.35543590784072876
9054,221,1,True,0.7300000190734863,9,4,12,0.07457860559225082,0.9999998807907104,0.6857112646102905,0.05277609825134277,0.35543590784072876
9055,221,1,True,0.7300000190734863,9,4,12,0.07457860559225082,0.9999998807907104,0.6857112646102905,0.05277609825134277,0.35543590784072876
9056,221,1,True,0.7300000190734863,9,4,12,0.07457860559225082,0.9999998807907104,0.6857112646102905,0.05277609825134277,0.35543590784072876
9057,221,1,True,0.7300000190734863,9,4,12,0.07457860559225082,0.9999998807907104,0.6857112646102905,0.05277609825134277,0.35543590784072876
9059,221,1,True,0.7300000190734863,9,4,12,0.07457860559225082,0.9999998807907104,0.6857112646102905,0.05277609825134277,0.35543590784072876
9060,221,1,True,0.7300000190734863,9,4,12,0.07457860559225082,0.9999998807907104,0.6857112646102905,0.05277609825134277,0.35543590784072876
9061,221,1,True,0.7300000190734863,9,4,12,0.07457860559225082,0.9999998807907104,0.6857112646102905,0.05277609825134277,0.35543590784072876
9062,221,1,True,0.7300000190734863,9,4,12,0.07457860559225082,0.9999998807907104,0.6857112646102905,0.05277609825134277,0.35543590784072876
9066,221,1,True,0.7300000190734863,9,4,12,0.07457860559225082,0.9999998807907104,0.6857112646102905,0.05277609825134277,0.35543590784072876
1651,200,1,True,0.7319999933242798,9,4,12,0.8919074535369873,0.9984500408172607,0.8124205470085144,0.02097579836845398,0.3282681703567505
8200,200,1,True,0.7319999933242798,9,4,12,0.8919074535369873,0.9984500408172607,0.8124205470085144,0.02097579836845398,0.3282681703567505
8201,200,1,True,0.7319999933242798,9,4,12,0.8919074535369873,0.9984500408172607,0.8124205470085144,0.02097579836845398,0.3282681703567505
8203,200,1,True,0.7319999933242798,9,4,12,0.8919074535369873,0.9984500408172607,0.8124205470085144,0.02097579836845398,0.3282681703567505
319,79,1,True,0.734000027179718,9,4,12,0.9528517723083496,1.0,0.9780517220497131,0.3947739005088806,0.47805172204971313
320,79,1,True,0.734000027179718,9,4,12,0.9528517723083496,1.0,0.9780517220497131,0.3947739005088806,0.47805172204971313
323,79,1,True,0.734000027179718,9,4,12,0.9528517723083496,1.0,0.9780517220497131,0.3947739005088806,0.47805172204971313
324,79,1,True,0.734000027179718,9,4,12,0.9528517723083496,1.0,0.9780517220497131,0.3947739005088806,0.47805172204971313
325,79,1,True,0.734000027179718,9,4,12,0.9528517723083496,1.0,0.9780517220497131,0.3947739005088806,0.47805172204971313
326,79,1,True,0.734000027179718,9,4,12,0.9528517723083496,1.0,0.9780517220497131,0.3947739005088806,0.47805172204971313
327,79,1,True,0.734000027179718,9,4,12,0.9528517723083496,1.0,0.9780517220497131,0.3947739005088806,0.47805172204971313
328,79,1,True,0.734000027179718,9,4,12,0.9528517723083496,1.0,0.9780517220497131,0.3947739005088806,0.47805172204971313
329,79,1,True,0.734000027179718,9,4,12,0.9528517723083496,1.0,0.9780517220497131,0.3947739005088806,0.47805172204971313
3360,79,1,True,0.734000027179718,9,4,12,0.9528517723083496,1.0,0.9780517220497131,0.3947739005088806,0.47805172204971313
3361,79,1,True,0.734000027179718,9,4,12,0.9528517723083496,1.0,0.9780517220497131,0.3947739005088806,0.47805172204971313
3363,79,1,True,0.734000027179718,9,4,12,0.9528517723083496,1.0,0.9780517220497131,0.3947739005088806,0.47805172204971313
3364,79,1,True,0.734000027179718,9,4,12,0.9528517723083496,1.0,0.9780517220497131,0.3947739005088806,0.47805172204971313
3365,79,1,True,0.734000027179718,9,4,12,0.9528517723083496,1.0,0.9780517220497131,0.3947739005088806,0.47805172204971313
3366,79,1,True,0.734000027179718,9,4,12,0.9528517723083496,1.0,0.9780517220497131,0.3947739005088806,0.47805172204971313
3367,79,1,True,0.734000027179718,9,4,12,0.9528517723083496,1.0,0.9780517220497131,0.3947739005088806,0.47805172204971313
3368,79,1,True,0.734000027179718,9,4,12,0.9528517723083496,1.0,0.9780517220497131,0.3947739005088806,0.47805172204971313
3372,79,1,True,0.734000027179718,9,4,12,0.9528517723083496,1.0,0.9780517220497131,0.3947739005088806,0.47805172204971313
3374,79,1,True,0.734000027179718,9,4,12,0.9528517723083496,1.0,0.9780517220497131,0.3947739005088806,0.47805172204971313
3375,79,1,True,0.734000027179718,9,4,12,0.9528517723083496,1.0,0.9780517220497131,0.3947739005088806,0.47805172204971313
3376,79,1,True,0.734000027179718,9,4,12,0.9528517723083496,1.0,0.9780517220497131,0.3947739005088806,0.47805172204971313
3378,79,1,True,0.734000027179718,9,4,12,0.9528517723083496,1.0,0.9780517220497131,0.3947739005088806,0.47805172204971313
3379,79,1,True,0.734000027179718,9,4,12,0.9528517723083496,1.0,0.9780517220497131,0.3947739005088806,0.47805172204971313
3381,79,1,True,0.734000027179718,9,4,12,0.9528517723083496,1.0,0.9780517220497131,0.3947739005088806,0.47805172204971313
3382,79,1,True,0.734000027179718,9,4,12,0.9528517723083496,1.0,0.9780517220497131,0.3947739005088806,0.47805172204971313
3386,79,1,True,0.734000027179718,9,4,12,0.9528517723083496,1.0,0.9780517220497131,0.3947739005088806,0.47805172204971313
3387,79,1,True,0.734000027179718,9,4,12,0.9528517723083496,1.0,0.9780517220497131,0.3947739005088806,0.47805172204971313
3388,79,1,True,0.734000027179718,9,4,12,0.9528517723083496,1.0,0.9780517220497131,0.3947739005088806,0.47805172204971313
3391,79,1,True,0.734000027179718,9,4,12,0.9528517723083496,1.0,0.9780517220497131,0.3947739005088806,0.47805172204971313
3392,79,1,True,0.734000027179718,9,4,12,0.9528517723083496,1.0,0.9780517220497131,0.3947739005088806,0.47805172204971313
3393,79,1,True,0.734000027179718,9,4,12,0.9528517723083496,1.0,0.9780517220497131,0.3947739005088806,0.47805172204971313
3394,79,1,True,0.734000027179718,9,4,12,0.9528517723083496,1.0,0.9780517220497131,0.3947739005088806,0.47805172204971313
3395,79,1,True,0.734000027179718,9,4,12,0.9528517723083496,1.0,0.9780517220497131,0.3947739005088806,0.47805172204971313
3396,79,1,True,0.734000027179718,9,4,12,0.9528517723083496,1.0,0.9780517220497131,0.3947739005088806,0.47805172204971313
3397,79,1,True,0.734000027179718,9,4,12,0.9528517723083496,1.0,0.9780517220497131,0.3947739005088806,0.47805172204971313
3398,79,1,True,0.734000027179718,9,4,12,0.9528517723083496,1.0,0.9780517220497131,0.3947739005088806,0.47805172204971313
3399,79,1,True,0.734000027179718,9,4,12,0.9528517723083496,1.0,0.9780517220497131,0.3947739005088806,0.47805172204971313
617,106,1,True,0.734000027179718,9,4,12,0.8919074535369873,1.0,0.9879648685455322,0.3919074535369873,0.4879648983478546
619,106,1,True,0.734000027179718,9,4,12,0.8919074535369873,1.0,0.9879648685455322,0.3919074535369873,0.4879648983478546
620,106,1,True,0.734000027179718,9,4,12,0.8919074535369873,1.0,0.9879648685455322,0.3919074535369873,0.4879648983478546
622,106,1,True,0.734000027179718,9,4,12,0.8919074535369873,1.0,0.9879648685455322,0.3919074535369873,0.4879648983478546
4440,106,1,True,0.734000027179718,9,4,12,0.8919074535369873,1.0,0.9879648685455322,0.3919074535369873,0.4879648983478546
4442,106,1,True,0.734000027179718,9,4,12,0.8919074535369873,1.0,0.9879648685455322,0.3919074535369873,0.4879648983478546
4443,106,1,True,0.734000027179718,9,4,12,0.8919074535369873,1.0,0.9879648685455322,0.3919074535369873,0.4879648983478546
4444,106,1,True,0.734000027179718,9,4,12,0.8919074535369873,1.0,0.9879648685455322,0.3919074535369873,0.4879648983478546
4445,106,1,True,0.734000027179718,9,4,12,0.8919074535369873,1.0,0.9879648685455322,0.3919074535369873,0.4879648983478546
4446,106,1,True,0.734000027179718,9,4,12,0.8919074535369873,1.0,0.9879648685455322,0.3919074535369873,0.4879648983478546
4448,106,1,True,0.734000027179718,9,4,12,0.8919074535369873,1.0,0.9879648685455322,0.3919074535369873,0.4879648983478546
4449,106,1,True,0.734000027179718,9,4,12,0.8919074535369873,1.0,0.9879648685455322,0.3919074535369873,0.4879648983478546
4450,106,1,True,0.734000027179718,9,4,12,0.8919074535369873,1.0,0.9879648685455322,0.3919074535369873,0.4879648983478546
4452,106,1,True,0.734000027179718,9,4,12,0.8919074535369873,1.0,0.9879648685455322,0.3919074535369873,0.4879648983478546
4453,106,1,True,0.734000027179718,9,4,12,0.8919074535369873,1.0,0.9879648685455322,0.3919074535369873,0.4879648983478546
4454,106,1,True,0.734000027179718,9,4,12,0.8919074535369873,1.0,0.9879648685455322,0.3919074535369873,0.4879648983478546
4455,106,1,True,0.734000027179718,9,4,12,0.8919074535369873,1.0,0.9879648685455322,0.3919074535369873,0.4879648983478546
4456,106,1,True,0.734000027179718,9,4,12,0.8919074535369873,1.0,0.9879648685455322,0.3919074535369873,0.4879648983478546
4457,106,1,True,0.734000027179718,9,4,12,0.8919074535369873,1.0,0.9879648685455322,0.3919074535369873,0.4879648983478546
4459,106,1,True,0.734000027179718,9,4,12,0.8919074535369873,1.0,0.9879648685455322,0.3919074535369873,0.4879648983478546
4461,106,1,True,0.734000027179718,9,4,12,0.8919074535369873,1.0,0.9879648685455322,0.3919074535369873,0.4879648983478546
4464,106,1,True,0.734000027179718,9,4,12,0.8919074535369873,1.0,0.9879648685455322,0.3919074535369873,0.4879648983478546
4466,106,1,True,0.734000027179718,9,4,12,0.8919074535369873,1.0,0.9879648685455322,0.3919074535369873,0.4879648983478546
1332,171,1,True,0.734000027179718,9,4,12,0.5527760982513428,0.9999911785125732,0.9311957955360413,0.05277609825134277,0.43119585514068604
1334,171,1,True,0.734000027179718,9,4,12,0.5527760982513428,0.9999911785125732,0.9311957955360413,0.05277609825134277,0.43119585514068604
1337,171,1,True,0.734000027179718,9,4,12,0.5527760982513428,0.9999911785125732,0.9311957955360413,0.05277609825134277,0.43119585514068604
1338,171,1,True,0.734000027179718,9,4,12,0.5527760982513428,0.9999911785125732,0.9311957955360413,0.05277609825134277,0.43119585514068604
1340,171,1,True,0.734000027179718,9,4,12,0.5527760982513428,0.9999911785125732,0.9311957955360413,0.05277609825134277,0.43119585514068604
1341,171,1,True,0.734000027179718,9,4,12,0.5527760982513428,0.9999911785125732,0.9311957955360413,0.05277609825134277,0.43119585514068604
7041,171,1,True,0.734000027179718,9,4,12,0.5527760982513428,0.9999911785125732,0.9311957955360413,0.05277609825134277,0.43119585514068604
7042,171,1,True,0.734000027179718,9,4,12,0.5527760982513428,0.9999911785125732,0.9311957955360413,0.05277609825134277,0.43119585514068604
7043,171,1,True,0.734000027179718,9,4,12,0.5527760982513428,0.9999911785125732,0.9311957955360413,0.05277609825134277,0.43119585514068604
7044,171,1,True,0.734000027179718,9,4,12,0.5527760982513428,0.9999911785125732,0.9311957955360413,0.05277609825134277,0.43119585514068604
7045,171,1,True,0.734000027179718,9,4,12,0.5527760982513428,0.9999911785125732,0.9311957955360413,0.05277609825134277,0.43119585514068604
7048,171,1,True,0.734000027179718,9,4,12,0.5527760982513428,0.9999911785125732,0.9311957955360413,0.05277609825134277,0.43119585514068604
7049,171,1,True,0.734000027179718,9,4,12,0.5527760982513428,0.9999911785125732,0.9311957955360413,0.05277609825134277,0.43119585514068604
7050,171,1,True,0.734000027179718,9,4,12,0.5527760982513428,0.9999911785125732,0.9311957955360413,0.05277609825134277,0.43119585514068604
7051,171,1,True,0.734000027179718,9,4,12,0.5527760982513428,0.9999911785125732,0.9311957955360413,0.05277609825134277,0.43119585514068604
7053,171,1,True,0.734000027179718,9,4,12,0.5527760982513428,0.9999911785125732,0.9311957955360413,0.05277609825134277,0.43119585514068604
7055,171,1,True,0.734000027179718,9,4,12,0.5527760982513428,0.9999911785125732,0.9311957955360413,0.05277609825134277,0.43119585514068604
7056,171,1,True,0.734000027179718,9,4,12,0.5527760982513428,0.9999911785125732,0.9311957955360413,0.05277609825134277,0.43119585514068604
7057,171,1,True,0.734000027179718,9,4,12,0.5527760982513428,0.9999911785125732,0.9311957955360413,0.05277609825134277,0.43119585514068604
7058,171,1,True,0.734000027179718,9,4,12,0.5527760982513428,0.9999911785125732,0.9311957955360413,0.05277609825134277,0.43119585514068604
7059,171,1,True,0.734000027179718,9,4,12,0.5527760982513428,0.9999911785125732,0.9311957955360413,0.05277609825134277,0.43119585514068604
7061,171,1,True,0.734000027179718,9,4,12,0.5527760982513428,0.9999911785125732,0.9311957955360413,0.05277609825134277,0.43119585514068604
7062,171,1,True,0.734000027179718,9,4,12,0.5527760982513428,0.9999911785125732,0.9311957955360413,0.05277609825134277,0.43119585514068604
7064,171,1,True,0.734000027179718,9,4,12,0.5527760982513428,0.9999911785125732,0.9311957955360413,0.05277609825134277,0.43119585514068604
7065,171,1,True,0.734000027179718,9,4,12,0.5527760982513428,0.9999911785125732,0.9311957955360413,0.05277609825134277,0.43119585514068604
7066,171,1,True,0.734000027179718,9,4,12,0.5527760982513428,0.9999911785125732,0.9311957955360413,0.05277609825134277,0.43119585514068604
7067,171,1,True,0.734000027179718,9,4,12,0.5527760982513428,0.9999911785125732,0.9311957955360413,0.05277609825134277,0.43119585514068604
7071,171,1,True,0.734000027179718,9,4,12,0.5527760982513428,0.9999911785125732,0.9311957955360413,0.05277609825134277,0.43119585514068604
7073,171,1,True,0.734000027179718,9,4,12,0.5527760982513428,0.9999911785125732,0.9311957955360413,0.05277609825134277,0.43119585514068604
7074,171,1,True,0.734000027179718,9,4,12,0.5527760982513428,0.9999911785125732,0.9311957955360413,0.05277609825134277,0.43119585514068604
7076,171,1,True,0.734000027179718,9,4,12,0.5527760982513428,0.9999911785125732,0.9311957955360413,0.05277609825134277,0.43119585514068604
7077,171,1,True,0.734000027179718,9,4,12,0.5527760982513428,0.9999911785125732,0.9311957955360413,0.05277609825134277,0.43119585514068604
7078,171,1,True,0.734000027179718,9,4,12,0.5527760982513428,0.9999911785125732,0.9311957955360413,0.05277609825134277,0.43119585514068604
861,128,1,True,0.7360000014305115,9,4,12,0.5527760982513428,0.8429050445556641,0.615533709526062,0.05277609825134277,0.23824241757392883
862,128,1,True,0.7360000014305115,9,4,12,0.5527760982513428,0.8429050445556641,0.615533709526062,0.05277609825134277,0.23824241757392883
864,128,1,True,0.7360000014305115,9,4,12,0.5527760982513428,0.8429050445556641,0.615533709526062,0.05277609825134277,0.23824241757392883
865,128,1,True,0.7360000014305115,9,4,12,0.5527760982513428,0.8429050445556641,0.615533709526062,0.05277609825134277,0.23824241757392883
866,128,1,True,0.7360000014305115,9,4,12,0.5527760982513428,0.8429050445556641,0.615533709526062,0.05277609825134277,0.23824241757392883
5321,128,1,True,0.7360000014305115,9,4,12,0.5527760982513428,0.8429050445556641,0.615533709526062,0.05277609825134277,0.23824241757392883
5322,128,1,True,0.7360000014305115,9,4,12,0.5527760982513428,0.8429050445556641,0.615533709526062,0.05277609825134277,0.23824241757392883
5323,128,1,True,0.7360000014305115,9,4,12,0.5527760982513428,0.8429050445556641,0.615533709526062,0.05277609825134277,0.23824241757392883
5325,128,1,True,0.7360000014305115,9,4,12,0.5527760982513428,0.8429050445556641,0.615533709526062,0.05277609825134277,0.23824241757392883
5328,128,1,True,0.7360000014305115,9,4,12,0.5527760982513428,0.8429050445556641,0.615533709526062,0.05277609825134277,0.23824241757392883
5329,128,1,True,0.7360000014305115,9,4,12,0.5527760982513428,0.8429050445556641,0.615533709526062,0.05277609825134277,0.23824241757392883
5330,128,1,True,0.7360000014305115,9,4,12,0.5527760982513428,0.8429050445556641,0.615533709526062,0.05277609825134277,0.23824241757392883
5331,128,1,True,0.7360000014305115,9,4,12,0.5527760982513428,0.8429050445556641,0.615533709526062,0.05277609825134277,0.23824241757392883
5332,128,1,True,0.7360000014305115,9,4,12,0.5527760982513428,0.8429050445556641,0.615533709526062,0.05277609825134277,0.23824241757392883
5335,128,1,True,0.7360000014305115,9,4,12,0.5527760982513428,0.8429050445556641,0.615533709526062,0.05277609825134277,0.23824241757392883
5336,128,1,True,0.7360000014305115,9,4,12,0.5527760982513428,0.8429050445556641,0.615533709526062,0.05277609825134277,0.23824241757392883
5337,128,1,True,0.7360000014305115,9,4,12,0.5527760982513428,0.8429050445556641,0.615533709526062,0.05277609825134277,0.23824241757392883
5338,128,1,True,0.7360000014305115,9,4,12,0.5527760982513428,0.8429050445556641,0.615533709526062,0.05277609825134277,0.23824241757392883
5339,128,1,True,0.7360000014305115,9,4,12,0.5527760982513428,0.8429050445556641,0.615533709526062,0.05277609825134277,0.23824241757392883
5342,128,1,True,0.7360000014305115,9,4,12,0.5527760982513428,0.8429050445556641,0.615533709526062,0.05277609825134277,0.23824241757392883
5343,128,1,True,0.7360000014305115,9,4,12,0.5527760982513428,0.8429050445556641,0.615533709526062,0.05277609825134277,0.23824241757392883
5345,128,1,True,0.7360000014305115,9,4,12,0.5527760982513428,0.8429050445556641,0.615533709526062,0.05277609825134277,0.23824241757392883
5346,128,1,True,0.7360000014305115,9,4,12,0.5527760982513428,0.8429050445556641,0.615533709526062,0.05277609825134277,0.23824241757392883
5347,128,1,True,0.7360000014305115,9,4,12,0.5527760982513428,0.8429050445556641,0.615533709526062,0.05277609825134277,0.23824241757392883
5348,128,1,True,0.7360000014305115,9,4,12,0.5527760982513428,0.8429050445556641,0.615533709526062,0.05277609825134277,0.23824241757392883
5349,128,1,True,0.7360000014305115,9,4,12,0.5527760982513428,0.8429050445556641,0.615533709526062,0.05277609825134277,0.23824241757392883
5350,128,1,True,0.7360000014305115,9,4,12,0.5527760982513428,0.8429050445556641,0.615533709526062,0.05277609825134277,0.23824241757392883
5352,128,1,True,0.7360000014305115,9,4,12,0.5527760982513428,0.8429050445556641,0.615533709526062,0.05277609825134277,0.23824241757392883
5353,128,1,True,0.7360000014305115,9,4,12,0.5527760982513428,0.8429050445556641,0.615533709526062,0.05277609825134277,0.23824241757392883
1652,200,1,True,0.7360000014305115,9,4,12,0.8919074535369873,0.9984500408172607,0.8124205470085144,0.02097579836845398,0.3282681703567505
1653,200,1,True,0.7360000014305115,9,4,12,0.8919074535369873,0.9984500408172607,0.8124205470085144,0.02097579836845398,0.3282681703567505
1654,200,1,True,0.7360000014305115,9,4,12,0.8919074535369873,0.9984500408172607,0.8124205470085144,0.02097579836845398,0.3282681703567505
1656,200,1,True,0.7360000014305115,9,4,12,0.8919074535369873,0.9984500408172607,0.8124205470085144,0.02097579836845398,0.3282681703567505
1659,200,1,True,0.7360000014305115,9,4,12,0.8919074535369873,0.9984500408172607,0.8124205470085144,0.02097579836845398,0.3282681703567505
1660,200,1,True,0.7360000014305115,9,4,12,0.8919074535369873,0.9984500408172607,0.8124205470085144,0.02097579836845398,0.3282681703567505
8204,200,1,True,0.7360000014305115,9,4,12,0.8919074535369873,0.9984500408172607,0.8124205470085144,0.02097579836845398,0.3282681703567505
8205,200,1,True,0.7360000014305115,9,4,12,0.8919074535369873,0.9984500408172607,0.8124205470085144,0.02097579836845398,0.3282681703567505
8206,200,1,True,0.7360000014305115,9,4,12,0.8919074535369873,0.9984500408172607,0.8124205470085144,0.02097579836845398,0.3282681703567505
8209,200,1,True,0.7360000014305115,9,4,12,0.8919074535369873,0.9984500408172607,0.8124205470085144,0.02097579836845398,0.3282681703567505
8210,200,1,True,0.7360000014305115,9,4,12,0.8919074535369873,0.9984500408172607,0.8124205470085144,0.02097579836845398,0.3282681703567505
8212,200,1,True,0.7360000014305115,9,4,12,0.8919074535369873,0.9984500408172607,0.8124205470085144,0.02097579836845398,0.3282681703567505
8213,200,1,True,0.7360000014305115,9,4,12,0.8919074535369873,0.9984500408172607,0.8124205470085144,0.02097579836845398,0.3282681703567505
8217,200,1,True,0.7360000014305115,9,4,12,0.8919074535369873,0.9984500408172607,0.8124205470085144,0.02097579836845398,0.3282681703567505
8218,200,1,True,0.7360000014305115,9,4,12,0.8919074535369873,0.9984500408172607,0.8124205470085144,0.02097579836845398,0.3282681703567505
8219,200,1,True,0.7360000014305115,9,4,12,0.8919074535369873,0.9984500408172607,0.8124205470085144,0.02097579836845398,0.3282681703567505
8220,200,1,True,0.7360000014305115,9,4,12,0.8919074535369873,0.9984500408172607,0.8124205470085144,0.02097579836845398,0.3282681703567505
8222,200,1,True,0.7360000014305115,9,4,12,0.8919074535369873,0.9984500408172607,0.8124205470085144,0.02097579836845398,0.3282681703567505
8223,200,1,True,0.7360000014305115,9,4,12,0.8919074535369873,0.9984500408172607,0.8124205470085144,0.02097579836845398,0.3282681703567505
8225,200,1,True,0.7360000014305115,9,4,12,0.8919074535369873,0.9984500408172607,0.8124205470085144,0.02097579836845398,0.3282681703567505
8226,200,1,True,0.7360000014305115,9,4,12,0.8919074535369873,0.9984500408172607,0.8124205470085144,0.02097579836845398,0.3282681703567505
8227,200,1,True,0.7360000014305115,9,4,12,0.8919074535369873,0.9984500408172607,0.8124205470085144,0.02097579836845398,0.3282681703567505
8228,200,1,True,0.7360000014305115,9,4,12,0.8919074535369873,0.9984500408172607,0.8124205470085144,0.02097579836845398,0.3282681703567505
8230,200,1,True,0.7360000014305115,9,4,12,0.8919074535369873,0.9984500408172607,0.8124205470085144,0.02097579836845398,0.3282681703567505
8231,200,1,True,0.7360000014305115,9,4,12,0.8919074535369873,0.9984500408172607,0.8124205470085144,0.02097579836845398,0.3282681703567505
8232,200,1,True,0.7360000014305115,9,4,12,0.8919074535369873,0.9984500408172607,0.8124205470085144,0.02097579836845398,0.3282681703567505
8233,200,1,True,0.7360000014305115,9,4,12,0.8919074535369873,0.9984500408172607,0.8124205470085144,0.02097579836845398,0.3282681703567505
8234,200,1,True,0.7360000014305115,9,4,12,0.8919074535369873,0.9984500408172607,0.8124205470085144,0.02097579836845398,0.3282681703567505
8235,200,1,True,0.7360000014305115,9,4,12,0.8919074535369873,0.9984500408172607,0.8124205470085144,0.02097579836845398,0.3282681703567505
8237,200,1,True,0.7360000014305115,9,4,12,0.8919074535369873,0.9984500408172607,0.8124205470085144,0.02097579836845398,0.3282681703567505
8238,200,1,True,0.7360000014305115,9,4,12,0.8919074535369873,0.9984500408172607,0.8124205470085144,0.02097579836845398,0.3282681703567505
8239,200,1,True,0.7360000014305115,9,4,12,0.8919074535369873,0.9984500408172607,0.8124205470085144,0.02097579836845398,0.3282681703567505
1888,221,1,True,0.7360000014305115,9,4,12,0.07457860559225082,0.9999998807907104,0.6857112646102905,0.05277609825134277,0.35543590784072876
1889,221,1,True,0.7360000014305115,9,4,12,0.07457860559225082,0.9999998807907104,0.6857112646102905,0.05277609825134277,0.35543590784072876
1890,221,1,True,0.7360000014305115,9,4,12,0.07457860559225082,0.9999998807907104,0.6857112646102905,0.05277609825134277,0.35543590784072876
1891,221,1,True,0.7360000014305115,9,4,12,0.07457860559225082,0.9999998807907104,0.6857112646102905,0.05277609825134277,0.35543590784072876
9069,221,1,True,0.7360000014305115,9,4,12,0.07457860559225082,0.9999998807907104,0.6857112646102905,0.05277609825134277,0.35543590784072876
9070,221,1,True,0.7360000014305115,9,4,12,0.07457860559225082,0.9999998807907104,0.6857112646102905,0.05277609825134277,0.35543590784072876
9071,221,1,True,0.7360000014305115,9,4,12,0.07457860559225082,0.9999998807907104,0.6857112646102905,0.05277609825134277,0.35543590784072876
9072,221,1,True,0.7360000014305115,9,4,12,0.07457860559225082,0.9999998807907104,0.6857112646102905,0.05277609825134277,0.35543590784072876
9073,221,1,True,0.7360000014305115,9,4,12,0.07457860559225082,0.9999998807907104,0.6857112646102905,0.05277609825134277,0.35543590784072876
9075,221,1,True,0.7360000014305115,9,4,12,0.07457860559225082,0.9999998807907104,0.6857112646102905,0.05277609825134277,0.35543590784072876
9078,221,1,True,0.7360000014305115,9,4,12,0.07457860559225082,0.9999998807907104,0.6857112646102905,0.05277609825134277,0.35543590784072876
1936,226,1,True,0.7360000014305115,9,4,12,0.9978777170181274,0.9982629418373108,0.9995343089103699,0.49787771701812744,0.4995342493057251
1937,226,1,True,0.7360000014305115,9,4,12,0.9978777170181274,0.9982629418373108,0.9995343089103699,0.49787771701812744,0.4995342493057251
1938,226,1,True,0.7360000014305115,9,4,12,0.9978777170181274,0.9982629418373108,0.9995343089103699,0.49787771701812744,0.4995342493057251
1940,226,1,True,0.7360000014305115,9,4,12,0.9978777170181274,0.9982629418373108,0.9995343089103699,0.49787771701812744,0.4995342493057251
1941,226,1,True,0.7360000014305115,9,4,12,0.9978777170181274,0.9982629418373108,0.9995343089103699,0.49787771701812744,0.4995342493057251
1944,226,1,True,0.7360000014305115,9,4,12,0.9978777170181274,0.9982629418373108,0.9995343089103699,0.49787771701812744,0.4995342493057251
1946,226,1,True,0.7360000014305115,9,4,12,0.9978777170181274,0.9982629418373108,0.9995343089103699,0.49787771701812744,0.4995342493057251
9240,226,1,True,0.7360000014305115,9,4,12,0.9978777170181274,0.9982629418373108,0.9995343089103699,0.49787771701812744,0.4995342493057251
9241,226,1,True,0.7360000014305115,9,4,12,0.9978777170181274,0.9982629418373108,0.9995343089103699,0.49787771701812744,0.4995342493057251
9243,226,1,True,0.7360000014305115,9,4,12,0.9978777170181274,0.9982629418373108,0.9995343089103699,0.49787771701812744,0.4995342493057251
9244,226,1,True,0.7360000014305115,9,4,12,0.9978777170181274,0.9982629418373108,0.9995343089103699,0.49787771701812744,0.4995342493057251
9245,226,1,True,0.7360000014305115,9,4,12,0.9978777170181274,0.9982629418373108,0.9995343089103699,0.49787771701812744,0.4995342493057251
9246,226,1,True,0.7360000014305115,9,4,12,0.9978777170181274,0.9982629418373108,0.9995343089103699,0.49787771701812744,0.4995342493057251
9247,226,1,True,0.7360000014305115,9,4,12,0.9978777170181274,0.9982629418373108,0.9995343089103699,0.49787771701812744,0.4995342493057251
9248,226,1,True,0.7360000014305115,9,4,12,0.9978777170181274,0.9982629418373108,0.9995343089103699,0.49787771701812744,0.4995342493057251
9249,226,1,True,0.7360000014305115,9,4,12,0.9978777170181274,0.9982629418373108,0.9995343089103699,0.49787771701812744,0.4995342493057251
9251,226,1,True,0.7360000014305115,9,4,12,0.9978777170181274,0.9982629418373108,0.9995343089103699,0.49787771701812744,0.4995342493057251
9252,226,1,True,0.7360000014305115,9,4,12,0.9978777170181274,0.9982629418373108,0.9995343089103699,0.49787771701812744,0.4995342493057251
9253,226,1,True,0.7360000014305115,9,4,12,0.9978777170181274,0.9982629418373108,0.9995343089103699,0.49787771701812744,0.4995342493057251
9255,226,1,True,0.7360000014305115,9,4,12,0.9978777170181274,0.9982629418373108,0.9995343089103699,0.49787771701812744,0.4995342493057251
9256,226,1,True,0.7360000014305115,9,4,12,0.9978777170181274,0.9982629418373108,0.9995343089103699,0.49787771701812744,0.4995342493057251
9258,226,1,True,0.7360000014305115,9,4,12,0.9978777170181274,0.9982629418373108,0.9995343089103699,0.49787771701812744,0.4995342493057251
9259,226,1,True,0.7360000014305115,9,4,12,0.9978777170181274,0.9982629418373108,0.9995343089103699,0.49787771701812744,0.4995342493057251
9260,226,1,True,0.7360000014305115,9,4,12,0.9978777170181274,0.9982629418373108,0.9995343089103699,0.49787771701812744,0.4995342493057251
9261,226,1,True,0.7360000014305115,9,4,12,0.9978777170181274,0.9982629418373108,0.9995343089103699,0.49787771701812744,0.4995342493057251
9262,226,1,True,0.7360000014305115,9,4,12,0.9978777170181274,0.9982629418373108,0.9995343089103699,0.49787771701812744,0.4995342493057251
9263,226,1,True,0.7360000014305115,9,4,12,0.9978777170181274,0.9982629418373108,0.9995343089103699,0.49787771701812744,0.4995342493057251
9264,226,1,True,0.7360000014305115,9,4,12,0.9978777170181274,0.9982629418373108,0.9995343089103699,0.49787771701812744,0.4995342493057251
9266,226,1,True,0.7360000014305115,9,4,12,0.9978777170181274,0.9982629418373108,0.9995343089103699,0.49787771701812744,0.4995342493057251
9267,226,1,True,0.7360000014305115,9,4,12,0.9978777170181274,0.9982629418373108,0.9995343089103699,0.49787771701812744,0.4995342493057251
9269,226,1,True,0.7360000014305115,9,4,12,0.9978777170181274,0.9982629418373108,0.9995343089103699,0.49787771701812744,0.4995342493057251
9270,226,1,True,0.7360000014305115,9,4,12,0.9978777170181274,0.9982629418373108,0.9995343089103699,0.49787771701812744,0.4995342493057251
9271,226,1,True,0.7360000014305115,9,4,12,0.9978777170181274,0.9982629418373108,0.9995343089103699,0.49787771701812744,0.4995342493057251
9272,226,1,True,0.7360000014305115,9,4,12,0.9978777170181274,0.9982629418373108,0.9995343089103699,0.49787771701812744,0.4995342493057251
9273,226,1,True,0.7360000014305115,9,4,12,0.9978777170181274,0.9982629418373108,0.9995343089103699,0.49787771701812744,0.4995342493057251
9274,226,1,True,0.7360000014305115,9,4,12,0.9978777170181274,0.9982629418373108,0.9995343089103699,0.49787771701812744,0.4995342493057251
9275,226,1,True,0.7360000014305115,9,4,12,0.9978777170181274,0.9982629418373108,0.9995343089103699,0.49787771701812744,0.4995342493057251
9277,226,1,True,0.7360000014305115,9,4,12,0.9978777170181274,0.9982629418373108,0.9995343089103699,0.49787771701812744,0.4995342493057251
9279,226,1,True,0.7360000014305115,9,4,12,0.9978777170181274,0.9982629418373108,0.9995343089103699,0.49787771701812744,0.4995342493057251
23,52,1,True,0.7379999756813049,9,4,12,0.9995484948158264,0.9999994039535522,0.9991509914398193,0.49435752630233765,0.4991510808467865
24,52,1,True,0.7379999756813049,9,4,12,0.9995484948158264,0.9999994039535522,0.9991509914398193,0.49435752630233765,0.4991510808467865
25,52,1,True,0.7379999756813049,9,4,12,0.9995484948158264,0.9999994039535522,0.9991509914398193,0.49435752630233765,0.4991510808467865
27,52,1,True,0.7379999756813049,9,4,12,0.9995484948158264,0.9999994039535522,0.9991509914398193,0.49435752630233765,0.4991510808467865
32,52,1,True,0.7379999756813049,9,4,12,0.9995484948158264,0.9999994039535522,0.9991509914398193,0.49435752630233765,0.4991510808467865
2280,52,1,True,0.7379999756813049,9,4,12,0.9995484948158264,0.9999994039535522,0.9991509914398193,0.49435752630233765,0.4991510808467865
2284,52,1,True,0.7379999756813049,9,4,12,0.9995484948158264,0.9999994039535522,0.9991509914398193,0.49435752630233765,0.4991510808467865
2285,52,1,True,0.7379999756813049,9,4,12,0.9995484948158264,0.9999994039535522,0.9991509914398193,0.49435752630233765,0.4991510808467865
2286,52,1,True,0.7379999756813049,9,4,12,0.9995484948158264,0.9999994039535522,0.9991509914398193,0.49435752630233765,0.4991510808467865
2287,52,1,True,0.7379999756813049,9,4,12,0.9995484948158264,0.9999994039535522,0.9991509914398193,0.49435752630233765,0.4991510808467865
2288,52,1,True,0.7379999756813049,9,4,12,0.9995484948158264,0.9999994039535522,0.9991509914398193,0.49435752630233765,0.4991510808467865
2289,52,1,True,0.7379999756813049,9,4,12,0.9995484948158264,0.9999994039535522,0.9991509914398193,0.49435752630233765,0.4991510808467865
2290,52,1,True,0.7379999756813049,9,4,12,0.9995484948158264,0.9999994039535522,0.9991509914398193,0.49435752630233765,0.4991510808467865
2291,52,1,True,0.7379999756813049,9,4,12,0.9995484948158264,0.9999994039535522,0.9991509914398193,0.49435752630233765,0.4991510808467865
2292,52,1,True,0.7379999756813049,9,4,12,0.9995484948158264,0.9999994039535522,0.9991509914398193,0.49435752630233765,0.4991510808467865
2293,52,1,True,0.7379999756813049,9,4,12,0.9995484948158264,0.9999994039535522,0.9991509914398193,0.49435752630233765,0.4991510808467865
2298,52,1,True,0.7379999756813049,9,4,12,0.9995484948158264,0.9999994039535522,0.9991509914398193,0.49435752630233765,0.4991510808467865
2299,52,1,True,0.7379999756813049,9,4,12,0.9995484948158264,0.9999994039535522,0.9991509914398193,0.49435752630233765,0.4991510808467865
2300,52,1,True,0.7379999756813049,9,4,12,0.9995484948158264,0.9999994039535522,0.9991509914398193,0.49435752630233765,0.4991510808467865
2301,52,1,True,0.7379999756813049,9,4,12,0.9995484948158264,0.9999994039535522,0.9991509914398193,0.49435752630233765,0.4991510808467865
2302,52,1,True,0.7379999756813049,9,4,12,0.9995484948158264,0.9999994039535522,0.9991509914398193,0.49435752630233765,0.4991510808467865
2303,52,1,True,0.7379999756813049,9,4,12,0.9995484948158264,0.9999994039535522,0.9991509914398193,0.49435752630233765,0.4991510808467865
2304,52,1,True,0.7379999756813049,9,4,12,0.9995484948158264,0.9999994039535522,0.9991509914398193,0.49435752630233765,0.4991510808467865
2305,52,1,True,0.7379999756813049,9,4,12,0.9995484948158264,0.9999994039535522,0.9991509914398193,0.49435752630233765,0.4991510808467865
2306,52,1,True,0.7379999756813049,9,4,12,0.9995484948158264,0.9999994039535522,0.9991509914398193,0.49435752630233765,0.4991510808467865
2307,52,1,True,0.7379999756813049,9,4,12,0.9995484948158264,0.9999994039535522,0.9991509914398193,0.49435752630233765,0.4991510808467865
2308,52,1,True,0.7379999756813049,9,4,12,0.9995484948158264,0.9999994039535522,0.9991509914398193,0.49435752630233765,0.4991510808467865
2309,52,1,True,0.7379999756813049,9,4,12,0.9995484948158264,0.9999994039535522,0.9991509914398193,0.49435752630233765,0.4991510808467865
2310,52,1,True,0.7379999756813049,9,4,12,0.9995484948158264,0.9999994039535522,0.9991509914398193,0.49435752630233765,0.4991510808467865
2311,52,1,True,0.7379999756813049,9,4,12,0.9995484948158264,0.9999994039535522,0.9991509914398193,0.49435752630233765,0.4991510808467865
2313,52,1,True,0.7379999756813049,9,4,12,0.9995484948158264,0.9999994039535522,0.9991509914398193,0.49435752630233765,0.4991510808467865
2314,52,1,True,0.7379999756813049,9,4,12,0.9995484948158264,0.9999994039535522,0.9991509914398193,0.49435752630233765,0.4991510808467865
2317,52,1,True,0.7379999756813049,9,4,12,0.9995484948158264,0.9999994039535522,0.9991509914398193,0.49435752630233765,0.4991510808467865
2318,52,1,True,0.7379999756813049,9,4,12,0.9995484948158264,0.9999994039535522,0.9991509914398193,0.49435752630233765,0.4991510808467865
2319,52,1,True,0.7379999756813049,9,4,12,0.9995484948158264,0.9999994039535522,0.9991509914398193,0.49435752630233765,0.4991510808467865
506,96,1,True,0.7379999756813049,9,4,12,0.07457860559225082,0.9999942779541016,0.8843909502029419,0.3919074535369873,0.47892898321151733
508,96,1,True,0.7379999756813049,9,4,12,0.07457860559225082,0.9999942779541016,0.8843909502029419,0.3919074535369873,0.47892898321151733
510,96,1,True,0.7379999756813049,9,4,12,0.07457860559225082,0.9999942779541016,0.8843909502029419,0.3919074535369873,0.47892898321151733
511,96,1,True,0.7379999756813049,9,4,12,0.07457860559225082,0.9999942779541016,0.8843909502029419,0.3919074535369873,0.47892898321151733
512,96,1,True,0.7379999756813049,9,4,12,0.07457860559225082,0.9999942779541016,0.8843909502029419,0.3919074535369873,0.47892898321151733
513,96,1,True,0.7379999756813049,9,4,12,0.07457860559225082,0.9999942779541016,0.8843909502029419,0.3919074535369873,0.47892898321151733
514,96,1,True,0.7379999756813049,9,4,12,0.07457860559225082,0.9999942779541016,0.8843909502029419,0.3919074535369873,0.47892898321151733
515,96,1,True,0.7379999756813049,9,4,12,0.07457860559225082,0.9999942779541016,0.8843909502029419,0.3919074535369873,0.47892898321151733
516,96,1,True,0.7379999756813049,9,4,12,0.07457860559225082,0.9999942779541016,0.8843909502029419,0.3919074535369873,0.47892898321151733
4040,96,1,True,0.7379999756813049,9,4,12,0.07457860559225082,0.9999942779541016,0.8843909502029419,0.3919074535369873,0.47892898321151733
4042,96,1,True,0.7379999756813049,9,4,12,0.07457860559225082,0.9999942779541016,0.8843909502029419,0.3919074535369873,0.47892898321151733
4043,96,1,True,0.7379999756813049,9,4,12,0.07457860559225082,0.9999942779541016,0.8843909502029419,0.3919074535369873,0.47892898321151733
4044,96,1,True,0.7379999756813049,9,4,12,0.07457860559225082,0.9999942779541016,0.8843909502029419,0.3919074535369873,0.47892898321151733
4048,96,1,True,0.7379999756813049,9,4,12,0.07457860559225082,0.9999942779541016,0.8843909502029419,0.3919074535369873,0.47892898321151733
4049,96,1,True,0.7379999756813049,9,4,12,0.07457860559225082,0.9999942779541016,0.8843909502029419,0.3919074535369873,0.47892898321151733
4050,96,1,True,0.7379999756813049,9,4,12,0.07457860559225082,0.9999942779541016,0.8843909502029419,0.3919074535369873,0.47892898321151733
4051,96,1,True,0.7379999756813049,9,4,12,0.07457860559225082,0.9999942779541016,0.8843909502029419,0.3919074535369873,0.47892898321151733
4052,96,1,True,0.7379999756813049,9,4,12,0.07457860559225082,0.9999942779541016,0.8843909502029419,0.3919074535369873,0.47892898321151733
4053,96,1,True,0.7379999756813049,9,4,12,0.07457860559225082,0.9999942779541016,0.8843909502029419,0.3919074535369873,0.47892898321151733
4054,96,1,True,0.7379999756813049,9,4,12,0.07457860559225082,0.9999942779541016,0.8843909502029419,0.3919074535369873,0.47892898321151733
4055,96,1,True,0.7379999756813049,9,4,12,0.07457860559225082,0.9999942779541016,0.8843909502029419,0.3919074535369873,0.47892898321151733
4056,96,1,True,0.7379999756813049,9,4,12,0.07457860559225082,0.9999942779541016,0.8843909502029419,0.3919074535369873,0.47892898321151733
4057,96,1,True,0.7379999756813049,9,4,12,0.07457860559225082,0.9999942779541016,0.8843909502029419,0.3919074535369873,0.47892898321151733
4058,96,1,True,0.7379999756813049,9,4,12,0.07457860559225082,0.9999942779541016,0.8843909502029419,0.3919074535369873,0.47892898321151733
4059,96,1,True,0.7379999756813049,9,4,12,0.07457860559225082,0.9999942779541016,0.8843909502029419,0.3919074535369873,0.47892898321151733
4060,96,1,True,0.7379999756813049,9,4,12,0.07457860559225082,0.9999942779541016,0.8843909502029419,0.3919074535369873,0.47892898321151733
4061,96,1,True,0.7379999756813049,9,4,12,0.07457860559225082,0.9999942779541016,0.8843909502029419,0.3919074535369873,0.47892898321151733
4064,96,1,True,0.7379999756813049,9,4,12,0.07457860559225082,0.9999942779541016,0.8843909502029419,0.3919074535369873,0.47892898321151733
4066,96,1,True,0.7379999756813049,9,4,12,0.07457860559225082,0.9999942779541016,0.8843909502029419,0.3919074535369873,0.47892898321151733
4068,96,1,True,0.7379999756813049,9,4,12,0.07457860559225082,0.9999942779541016,0.8843909502029419,0.3919074535369873,0.47892898321151733
4071,96,1,True,0.7379999756813049,9,4,12,0.07457860559225082,0.9999942779541016,0.8843909502029419,0.3919074535369873,0.47892898321151733
4072,96,1,True,0.7379999756813049,9,4,12,0.07457860559225082,0.9999942779541016,0.8843909502029419,0.3919074535369873,0.47892898321151733
4073,96,1,True,0.7379999756813049,9,4,12,0.07457860559225082,0.9999942779541016,0.8843909502029419,0.3919074535369873,0.47892898321151733
4074,96,1,True,0.7379999756813049,9,4,12,0.07457860559225082,0.9999942779541016,0.8843909502029419,0.3919074535369873,0.47892898321151733
4075,96,1,True,0.7379999756813049,9,4,12,0.07457860559225082,0.9999942779541016,0.8843909502029419,0.3919074535369873,0.47892898321151733
4076,96,1,True,0.7379999756813049,9,4,12,0.07457860559225082,0.9999942779541016,0.8843909502029419,0.3919074535369873,0.47892898321151733
4077,96,1,True,0.7379999756813049,9,4,12,0.07457860559225082,0.9999942779541016,0.8843909502029419,0.3919074535369873,0.47892898321151733
4078,96,1,True,0.7379999756813049,9,4,12,0.07457860559225082,0.9999942779541016,0.8843909502029419,0.3919074535369873,0.47892898321151733
624,106,1,True,0.7379999756813049,9,4,12,0.8919074535369873,1.0,0.9879648685455322,0.3919074535369873,0.4879648983478546
625,106,1,True,0.7379999756813049,9,4,12,0.8919074535369873,1.0,0.9879648685455322,0.3919074535369873,0.4879648983478546
626,106,1,True,0.7379999756813049,9,4,12,0.8919074535369873,1.0,0.9879648685455322,0.3919074535369873,0.4879648983478546
4471,106,1,True,0.7379999756813049,9,4,12,0.8919074535369873,1.0,0.9879648685455322,0.3919074535369873,0.4879648983478546
4472,106,1,True,0.7379999756813049,9,4,12,0.8919074535369873,1.0,0.9879648685455322,0.3919074535369873,0.4879648983478546
4474,106,1,True,0.7379999756813049,9,4,12,0.8919074535369873,1.0,0.9879648685455322,0.3919074535369873,0.4879648983478546
4476,106,1,True,0.7379999756813049,9,4,12,0.8919074535369873,1.0,0.9879648685455322,0.3919074535369873,0.4879648983478546
4477,106,1,True,0.7379999756813049,9,4,12,0.8919074535369873,1.0,0.9879648685455322,0.3919074535369873,0.4879648983478546
4478,106,1,True,0.7379999756813049,9,4,12,0.8919074535369873,1.0,0.9879648685455322,0.3919074535369873,0.4879648983478546
1023,143,1,True,0.7379999756813049,9,4,12,0.5527760982513428,1.0,0.8610258102416992,0.05277609825134277,0.3610258400440216
1024,143,1,True,0.7379999756813049,9,4,12,0.5527760982513428,1.0,0.8610258102416992,0.05277609825134277,0.3610258400440216
1025,143,1,True,0.7379999756813049,9,4,12,0.5527760982513428,1.0,0.8610258102416992,0.05277609825134277,0.3610258400440216
1027,143,1,True,0.7379999756813049,9,4,12,0.5527760982513428,1.0,0.8610258102416992,0.05277609825134277,0.3610258400440216
1028,143,1,True,0.7379999756813049,9,4,12,0.5527760982513428,1.0,0.8610258102416992,0.05277609825134277,0.3610258400440216
1029,143,1,True,0.7379999756813049,9,4,12,0.5527760982513428,1.0,0.8610258102416992,0.05277609825134277,0.3610258400440216
1030,143,1,True,0.7379999756813049,9,4,12,0.5527760982513428,1.0,0.8610258102416992,0.05277609825134277,0.3610258400440216
1032,143,1,True,0.7379999756813049,9,4,12,0.5527760982513428,1.0,0.8610258102416992,0.05277609825134277,0.3610258400440216
1033,143,1,True,0.7379999756813049,9,4,12,0.5527760982513428,1.0,0.8610258102416992,0.05277609825134277,0.3610258400440216
5920,143,1,True,0.7379999756813049,9,4,12,0.5527760982513428,1.0,0.8610258102416992,0.05277609825134277,0.3610258400440216
5921,143,1,True,0.7379999756813049,9,4,12,0.5527760982513428,1.0,0.8610258102416992,0.05277609825134277,0.3610258400440216
5924,143,1,True,0.7379999756813049,9,4,12,0.5527760982513428,1.0,0.8610258102416992,0.05277609825134277,0.3610258400440216
5925,143,1,True,0.7379999756813049,9,4,12,0.5527760982513428,1.0,0.8610258102416992,0.05277609825134277,0.3610258400440216
5926,143,1,True,0.7379999756813049,9,4,12,0.5527760982513428,1.0,0.8610258102416992,0.05277609825134277,0.3610258400440216
5927,143,1,True,0.7379999756813049,9,4,12,0.5527760982513428,1.0,0.8610258102416992,0.05277609825134277,0.3610258400440216
5928,143,1,True,0.7379999756813049,9,4,12,0.5527760982513428,1.0,0.8610258102416992,0.05277609825134277,0.3610258400440216
5930,143,1,True,0.7379999756813049,9,4,12,0.5527760982513428,1.0,0.8610258102416992,0.05277609825134277,0.3610258400440216
5931,143,1,True,0.7379999756813049,9,4,12,0.5527760982513428,1.0,0.8610258102416992,0.05277609825134277,0.3610258400440216
5932,143,1,True,0.7379999756813049,9,4,12,0.5527760982513428,1.0,0.8610258102416992,0.05277609825134277,0.3610258400440216
5933,143,1,True,0.7379999756813049,9,4,12,0.5527760982513428,1.0,0.8610258102416992,0.05277609825134277,0.3610258400440216
5934,143,1,True,0.7379999756813049,9,4,12,0.5527760982513428,1.0,0.8610258102416992,0.05277609825134277,0.3610258400440216
5935,143,1,True,0.7379999756813049,9,4,12,0.5527760982513428,1.0,0.8610258102416992,0.05277609825134277,0.3610258400440216
5936,143,1,True,0.7379999756813049,9,4,12,0.5527760982513428,1.0,0.8610258102416992,0.05277609825134277,0.3610258400440216
5938,143,1,True,0.7379999756813049,9,4,12,0.5527760982513428,1.0,0.8610258102416992,0.05277609825134277,0.3610258400440216
5939,143,1,True,0.7379999756813049,9,4,12,0.5527760982513428,1.0,0.8610258102416992,0.05277609825134277,0.3610258400440216
5942,143,1,True,0.7379999756813049,9,4,12,0.5527760982513428,1.0,0.8610258102416992,0.05277609825134277,0.3610258400440216
5943,143,1,True,0.7379999756813049,9,4,12,0.5527760982513428,1.0,0.8610258102416992,0.05277609825134277,0.3610258400440216
5944,143,1,True,0.7379999756813049,9,4,12,0.5527760982513428,1.0,0.8610258102416992,0.05277609825134277,0.3610258400440216
5945,143,1,True,0.7379999756813049,9,4,12,0.5527760982513428,1.0,0.8610258102416992,0.05277609825134277,0.3610258400440216
5949,143,1,True,0.7379999756813049,9,4,12,0.5527760982513428,1.0,0.8610258102416992,0.05277609825134277,0.3610258400440216
5950,143,1,True,0.7379999756813049,9,4,12,0.5527760982513428,1.0,0.8610258102416992,0.05277609825134277,0.3610258400440216
5951,143,1,True,0.7379999756813049,9,4,12,0.5527760982513428,1.0,0.8610258102416992,0.05277609825134277,0.3610258400440216
5952,143,1,True,0.7379999756813049,9,4,12,0.5527760982513428,1.0,0.8610258102416992,0.05277609825134277,0.3610258400440216
5953,143,1,True,0.7379999756813049,9,4,12,0.5527760982513428,1.0,0.8610258102416992,0.05277609825134277,0.3610258400440216
5954,143,1,True,0.7379999756813049,9,4,12,0.5527760982513428,1.0,0.8610258102416992,0.05277609825134277,0.3610258400440216
5955,143,1,True,0.7379999756813049,9,4,12,0.5527760982513428,1.0,0.8610258102416992,0.05277609825134277,0.3610258400440216
5956,143,1,True,0.7379999756813049,9,4,12,0.5527760982513428,1.0,0.8610258102416992,0.05277609825134277,0.3610258400440216
5957,143,1,True,0.7379999756813049,9,4,12,0.5527760982513428,1.0,0.8610258102416992,0.05277609825134277,0.3610258400440216
5958,143,1,True,0.7379999756813049,9,4,12,0.5527760982513428,1.0,0.8610258102416992,0.05277609825134277,0.3610258400440216
1760,210,1,True,0.7379999756813049,9,4,12,0.9528517723083496,1.0,0.9780793786048889,0.3947739005088806,0.4780793786048889
8600,210,1,True,0.7379999756813049,9,4,12,0.9528517723083496,1.0,0.9780793786048889,0.3947739005088806,0.4780793786048889
8601,210,1,True,0.7379999756813049,9,4,12,0.9528517723083496,1.0,0.9780793786048889,0.3947739005088806,0.4780793786048889
8602,210,1,True,0.7379999756813049,9,4,12,0.9528517723083496,1.0,0.9780793786048889,0.3947739005088806,0.4780793786048889
8603,210,1,True,0.7379999756813049,9,4,12,0.9528517723083496,1.0,0.9780793786048889,0.3947739005088806,0.4780793786048889
1761,210,1,True,0.7400000095367432,9,4,12,0.9528517723083496,1.0,0.9780793786048889,0.3947739005088806,0.4780793786048889
1762,210,1,True,0.7400000095367432,9,4,12,0.9528517723083496,1.0,0.9780793786048889,0.3947739005088806,0.4780793786048889
1763,210,1,True,0.7400000095367432,9,4,12,0.9528517723083496,1.0,0.9780793786048889,0.3947739005088806,0.4780793786048889
1764,210,1,True,0.7400000095367432,9,4,12,0.9528517723083496,1.0,0.9780793786048889,0.3947739005088806,0.4780793786048889
8605,210,1,True,0.7400000095367432,9,4,12,0.9528517723083496,1.0,0.9780793786048889,0.3947739005088806,0.4780793786048889
8606,210,1,True,0.7400000095367432,9,4,12,0.9528517723083496,1.0,0.9780793786048889,0.3947739005088806,0.4780793786048889
8607,210,1,True,0.7400000095367432,9,4,12,0.9528517723083496,1.0,0.9780793786048889,0.3947739005088806,0.4780793786048889
8608,210,1,True,0.7400000095367432,9,4,12,0.9528517723083496,1.0,0.9780793786048889,0.3947739005088806,0.4780793786048889
8610,210,1,True,0.7400000095367432,9,4,12,0.9528517723083496,1.0,0.9780793786048889,0.3947739005088806,0.4780793786048889
8611,210,1,True,0.7400000095367432,9,4,12,0.9528517723083496,1.0,0.9780793786048889,0.3947739005088806,0.4780793786048889
8612,210,1,True,0.7400000095367432,9,4,12,0.9528517723083496,1.0,0.9780793786048889,0.3947739005088806,0.4780793786048889
8613,210,1,True,0.7400000095367432,9,4,12,0.9528517723083496,1.0,0.9780793786048889,0.3947739005088806,0.4780793786048889
8614,210,1,True,0.7400000095367432,9,4,12,0.9528517723083496,1.0,0.9780793786048889,0.3947739005088806,0.4780793786048889
8615,210,1,True,0.7400000095367432,9,4,12,0.9528517723083496,1.0,0.9780793786048889,0.3947739005088806,0.4780793786048889
8616,210,1,True,0.7400000095367432,9,4,12,0.9528517723083496,1.0,0.9780793786048889,0.3947739005088806,0.4780793786048889
8617,210,1,True,0.7400000095367432,9,4,12,0.9528517723083496,1.0,0.9780793786048889,0.3947739005088806,0.4780793786048889
8618,210,1,True,0.7400000095367432,9,4,12,0.9528517723083496,1.0,0.9780793786048889,0.3947739005088806,0.4780793786048889
8619,210,1,True,0.7400000095367432,9,4,12,0.9528517723083496,1.0,0.9780793786048889,0.3947739005088806,0.4780793786048889
8620,210,1,True,0.7400000095367432,9,4,12,0.9528517723083496,1.0,0.9780793786048889,0.3947739005088806,0.4780793786048889
8621,210,1,True,0.7400000095367432,9,4,12,0.9528517723083496,1.0,0.9780793786048889,0.3947739005088806,0.4780793786048889
8622,210,1,True,0.7400000095367432,9,4,12,0.9528517723083496,1.0,0.9780793786048889,0.3947739005088806,0.4780793786048889
1766,210,1,True,0.7440000176429749,9,4,12,0.9528517723083496,1.0,0.9780795574188232,0.3947739005088806,0.47807958722114563
1767,210,1,True,0.7440000176429749,9,4,12,0.9528517723083496,1.0,0.9780795574188232,0.3947739005088806,0.47807958722114563
1769,210,1,True,0.7440000176429749,9,4,12,0.9528517723083496,1.0,0.9780795574188232,0.3947739005088806,0.47807958722114563
1770,210,1,True,0.7440000176429749,9,4,12,0.9528517723083496,1.0,0.9780795574188232,0.3947739005088806,0.47807958722114563
8623,210,1,True,0.7440000176429749,9,4,12,0.9528517723083496,1.0,0.9780795574188232,0.3947739005088806,0.47807958722114563
8624,210,1,True,0.7440000176429749,9,4,12,0.9528517723083496,1.0,0.9780795574188232,0.3947739005088806,0.47807958722114563
8625,210,1,True,0.7440000176429749,9,4,12,0.9528517723083496,1.0,0.9780795574188232,0.3947739005088806,0.47807958722114563
8626,210,1,True,0.7440000176429749,9,4,12,0.9528517723083496,1.0,0.9780795574188232,0.3947739005088806,0.47807958722114563
8628,210,1,True,0.7440000176429749,9,4,12,0.9528517723083496,1.0,0.9780795574188232,0.3947739005088806,0.47807958722114563
8629,210,1,True,0.7440000176429749,9,4,12,0.9528517723083496,1.0,0.9780795574188232,0.3947739005088806,0.47807958722114563
8630,210,1,True,0.7440000176429749,9,4,12,0.9528517723083496,1.0,0.9780795574188232,0.3947739005088806,0.47807958722114563
8632,210,1,True,0.7440000176429749,9,4,12,0.9528517723083496,1.0,0.9780795574188232,0.3947739005088806,0.47807958722114563
8633,210,1,True,0.7440000176429749,9,4,12,0.9528517723083496,1.0,0.9780795574188232,0.3947739005088806,0.47807958722114563
8635,210,1,True,0.7440000176429749,9,4,12,0.9528517723083496,1.0,0.9780795574188232,0.3947739005088806,0.47807958722114563
8636,210,1,True,0.7440000176429749,9,4,12,0.9528517723083496,1.0,0.9780795574188232,0.3947739005088806,0.47807958722114563
8637,210,1,True,0.7440000176429749,9,4,12,0.9528517723083496,1.0,0.9780795574188232,0.3947739005088806,0.47807958722114563
8638,210,1,True,0.7440000176429749,9,4,12,0.9528517723083496,1.0,0.9780795574188232,0.3947739005088806,0.47807958722114563
8639,210,1,True,0.7440000176429749,9,4,12,0.9528517723083496,1.0,0.9780795574188232,0.3947739005088806,0.47807958722114563
352,82,1,True,0.7459999918937683,9,4,12,0.07457860559225082,0.9994934797286987,0.7890442609786987,0.4254213869571686,0.47812044620513916
353,82,1,True,0.7459999918937683,9,4,12,0.07457860559225082,0.9994934797286987,0.7890442609786987,0.4254213869571686,0.47812044620513916
354,82,1,True,0.7459999918937683,9,4,12,0.07457860559225082,0.9994934797286987,0.7890442609786987,0.4254213869571686,0.47812044620513916
355,82,1,True,0.7459999918937683,9,4,12,0.07457860559225082,0.9994934797286987,0.7890442609786987,0.4254213869571686,0.47812044620513916
3480,82,1,True,0.7459999918937683,9,4,12,0.07457860559225082,0.9994934797286987,0.7890442609786987,0.4254213869571686,0.47812044620513916
3481,82,1,True,0.7459999918937683,9,4,12,0.07457860559225082,0.9994934797286987,0.7890442609786987,0.4254213869571686,0.47812044620513916
3483,82,1,True,0.7459999918937683,9,4,12,0.07457860559225082,0.9994934797286987,0.7890442609786987,0.4254213869571686,0.47812044620513916
3484,82,1,True,0.7459999918937683,9,4,12,0.07457860559225082,0.9994934797286987,0.7890442609786987,0.4254213869571686,0.47812044620513916
3485,82,1,True,0.7459999918937683,9,4,12,0.07457860559225082,0.9994934797286987,0.7890442609786987,0.4254213869571686,0.47812044620513916
3486,82,1,True,0.7459999918937683,9,4,12,0.07457860559225082,0.9994934797286987,0.7890442609786987,0.4254213869571686,0.47812044620513916
3487,82,1,True,0.7459999918937683,9,4,12,0.07457860559225082,0.9994934797286987,0.7890442609786987,0.4254213869571686,0.47812044620513916
3488,82,1,True,0.7459999918937683,9,4,12,0.07457860559225082,0.9994934797286987,0.7890442609786987,0.4254213869571686,0.47812044620513916
3490,82,1,True,0.7459999918937683,9,4,12,0.07457860559225082,0.9994934797286987,0.7890442609786987,0.4254213869571686,0.47812044620513916
3491,82,1,True,0.7459999918937683,9,4,12,0.07457860559225082,0.9994934797286987,0.7890442609786987,0.4254213869571686,0.47812044620513916
3492,82,1,True,0.7459999918937683,9,4,12,0.07457860559225082,0.9994934797286987,0.7890442609786987,0.4254213869571686,0.47812044620513916
3493,82,1,True,0.7459999918937683,9,4,12,0.07457860559225082,0.9994934797286987,0.7890442609786987,0.4254213869571686,0.47812044620513916
3494,82,1,True,0.7459999918937683,9,4,12,0.07457860559225082,0.9994934797286987,0.7890442609786987,0.4254213869571686,0.47812044620513916
903,132,1,True,0.7459999918937683,9,4,12,0.9528517723083496,0.9999998807907104,0.9849678874015808,0.4528517723083496,0.4849678575992584
905,132,1,True,0.7459999918937683,9,4,12,0.9528517723083496,0.9999998807907104,0.9849678874015808,0.4528517723083496,0.4849678575992584
906,132,1,True,0.7459999918937683,9,4,12,0.9528517723083496,0.9999998807907104,0.9849678874015808,0.4528517723083496,0.4849678575992584
907,132,1,True,0.7459999918937683,9,4,12,0.9528517723083496,0.9999998807907104,0.9849678874015808,0.4528517723083496,0.4849678575992584
908,132,1,True,0.7459999918937683,9,4,12,0.9528517723083496,0.9999998807907104,0.9849678874015808,0.4528517723083496,0.4849678575992584
909,132,1,True,0.7459999918937683,9,4,12,0.9528517723083496,0.9999998807907104,0.9849678874015808,0.4528517723083496,0.4849678575992584
911,132,1,True,0.7459999918937683,9,4,12,0.9528517723083496,0.9999998807907104,0.9849678874015808,0.4528517723083496,0.4849678575992584
912,132,1,True,0.7459999918937683,9,4,12,0.9528517723083496,0.9999998807907104,0.9849678874015808,0.4528517723083496,0.4849678575992584
5481,132,1,True,0.7459999918937683,9,4,12,0.9528517723083496,0.9999998807907104,0.9849678874015808,0.4528517723083496,0.4849678575992584
5482,132,1,True,0.7459999918937683,9,4,12,0.9528517723083496,0.9999998807907104,0.9849678874015808,0.4528517723083496,0.4849678575992584
5484,132,1,True,0.7459999918937683,9,4,12,0.9528517723083496,0.9999998807907104,0.9849678874015808,0.4528517723083496,0.4849678575992584
5486,132,1,True,0.7459999918937683,9,4,12,0.9528517723083496,0.9999998807907104,0.9849678874015808,0.4528517723083496,0.4849678575992584
5489,132,1,True,0.7459999918937683,9,4,12,0.9528517723083496,0.9999998807907104,0.9849678874015808,0.4528517723083496,0.4849678575992584
5492,132,1,True,0.7459999918937683,9,4,12,0.9528517723083496,0.9999998807907104,0.9849678874015808,0.4528517723083496,0.4849678575992584
5494,132,1,True,0.7459999918937683,9,4,12,0.9528517723083496,0.9999998807907104,0.9849678874015808,0.4528517723083496,0.4849678575992584
5496,132,1,True,0.7459999918937683,9,4,12,0.9528517723083496,0.9999998807907104,0.9849678874015808,0.4528517723083496,0.4849678575992584
5498,132,1,True,0.7459999918937683,9,4,12,0.9528517723083496,0.9999998807907104,0.9849678874015808,0.4528517723083496,0.4849678575992584
5500,132,1,True,0.7459999918937683,9,4,12,0.9528517723083496,0.9999998807907104,0.9849678874015808,0.4528517723083496,0.4849678575992584
5501,132,1,True,0.7459999918937683,9,4,12,0.9528517723083496,0.9999998807907104,0.9849678874015808,0.4528517723083496,0.4849678575992584
5503,132,1,True,0.7459999918937683,9,4,12,0.9528517723083496,0.9999998807907104,0.9849678874015808,0.4528517723083496,0.4849678575992584
5504,132,1,True,0.7459999918937683,9,4,12,0.9528517723083496,0.9999998807907104,0.9849678874015808,0.4528517723083496,0.4849678575992584
5505,132,1,True,0.7459999918937683,9,4,12,0.9528517723083496,0.9999998807907104,0.9849678874015808,0.4528517723083496,0.4849678575992584
5506,132,1,True,0.7459999918937683,9,4,12,0.9528517723083496,0.9999998807907104,0.9849678874015808,0.4528517723083496,0.4849678575992584
5507,132,1,True,0.7459999918937683,9,4,12,0.9528517723083496,0.9999998807907104,0.9849678874015808,0.4528517723083496,0.4849678575992584
5508,132,1,True,0.7459999918937683,9,4,12,0.9528517723083496,0.9999998807907104,0.9849678874015808,0.4528517723083496,0.4849678575992584
5510,132,1,True,0.7459999918937683,9,4,12,0.9528517723083496,0.9999998807907104,0.9849678874015808,0.4528517723083496,0.4849678575992584
5511,132,1,True,0.7459999918937683,9,4,12,0.9528517723083496,0.9999998807907104,0.9849678874015808,0.4528517723083496,0.4849678575992584
5512,132,1,True,0.7459999918937683,9,4,12,0.9528517723083496,0.9999998807907104,0.9849678874015808,0.4528517723083496,0.4849678575992584
5513,132,1,True,0.7459999918937683,9,4,12,0.9528517723083496,0.9999998807907104,0.9849678874015808,0.4528517723083496,0.4849678575992584
5514,132,1,True,0.7459999918937683,9,4,12,0.9528517723083496,0.9999998807907104,0.9849678874015808,0.4528517723083496,0.4849678575992584
5516,132,1,True,0.7459999918937683,9,4,12,0.9528517723083496,0.9999998807907104,0.9849678874015808,0.4528517723083496,0.4849678575992584
5518,132,1,True,0.7459999918937683,9,4,12,0.9528517723083496,0.9999998807907104,0.9849678874015808,0.4528517723083496,0.4849678575992584
5519,132,1,True,0.7459999918937683,9,4,12,0.9528517723083496,0.9999998807907104,0.9849678874015808,0.4528517723083496,0.4849678575992584
925,134,1,True,0.7459999918937683,9,4,12,0.9528517723083496,0.9999997615814209,0.9853509068489075,0.4528517723083496,0.4853508174419403
926,134,1,True,0.7459999918937683,9,4,12,0.9528517723083496,0.9999997615814209,0.9853509068489075,0.4528517723083496,0.4853508174419403
928,134,1,True,0.7459999918937683,9,4,12,0.9528517723083496,0.9999997615814209,0.9853509068489075,0.4528517723083496,0.4853508174419403
929,134,1,True,0.7459999918937683,9,4,12,0.9528517723083496,0.9999997615814209,0.9853509068489075,0.4528517723083496,0.4853508174419403
932,134,1,True,0.7459999918937683,9,4,12,0.9528517723083496,0.9999997615814209,0.9853509068489075,0.4528517723083496,0.4853508174419403
933,134,1,True,0.7459999918937683,9,4,12,0.9528517723083496,0.9999997615814209,0.9853509068489075,0.4528517723083496,0.4853508174419403
934,134,1,True,0.7459999918937683,9,4,12,0.9528517723083496,0.9999997615814209,0.9853509068489075,0.4528517723083496,0.4853508174419403
5560,134,1,True,0.7459999918937683,9,4,12,0.9528517723083496,0.9999997615814209,0.9853509068489075,0.4528517723083496,0.4853508174419403
5562,134,1,True,0.7459999918937683,9,4,12,0.9528517723083496,0.9999997615814209,0.9853509068489075,0.4528517723083496,0.4853508174419403
5563,134,1,True,0.7459999918937683,9,4,12,0.9528517723083496,0.9999997615814209,0.9853509068489075,0.4528517723083496,0.4853508174419403
5565,134,1,True,0.7459999918937683,9,4,12,0.9528517723083496,0.9999997615814209,0.9853509068489075,0.4528517723083496,0.4853508174419403
5566,134,1,True,0.7459999918937683,9,4,12,0.9528517723083496,0.9999997615814209,0.9853509068489075,0.4528517723083496,0.4853508174419403
5567,134,1,True,0.7459999918937683,9,4,12,0.9528517723083496,0.9999997615814209,0.9853509068489075,0.4528517723083496,0.4853508174419403
5568,134,1,True,0.7459999918937683,9,4,12,0.9528517723083496,0.9999997615814209,0.9853509068489075,0.4528517723083496,0.4853508174419403
5570,134,1,True,0.7459999918937683,9,4,12,0.9528517723083496,0.9999997615814209,0.9853509068489075,0.4528517723083496,0.4853508174419403
5571,134,1,True,0.7459999918937683,9,4,12,0.9528517723083496,0.9999997615814209,0.9853509068489075,0.4528517723083496,0.4853508174419403
5572,134,1,True,0.7459999918937683,9,4,12,0.9528517723083496,0.9999997615814209,0.9853509068489075,0.4528517723083496,0.4853508174419403
5574,134,1,True,0.7459999918937683,9,4,12,0.9528517723083496,0.9999997615814209,0.9853509068489075,0.4528517723083496,0.4853508174419403
5575,134,1,True,0.7459999918937683,9,4,12,0.9528517723083496,0.9999997615814209,0.9853509068489075,0.4528517723083496,0.4853508174419403
5578,134,1,True,0.7459999918937683,9,4,12,0.9528517723083496,0.9999997615814209,0.9853509068489075,0.4528517723083496,0.4853508174419403
5579,134,1,True,0.7459999918937683,9,4,12,0.9528517723083496,0.9999997615814209,0.9853509068489075,0.4528517723083496,0.4853508174419403
5581,134,1,True,0.7459999918937683,9,4,12,0.9528517723083496,0.9999997615814209,0.9853509068489075,0.4528517723083496,0.4853508174419403
5582,134,1,True,0.7459999918937683,9,4,12,0.9528517723083496,0.9999997615814209,0.9853509068489075,0.4528517723083496,0.4853508174419403
5584,134,1,True,0.7459999918937683,9,4,12,0.9528517723083496,0.9999997615814209,0.9853509068489075,0.4528517723083496,0.4853508174419403
5586,134,1,True,0.7459999918937683,9,4,12,0.9528517723083496,0.9999997615814209,0.9853509068489075,0.4528517723083496,0.4853508174419403
5587,134,1,True,0.7459999918937683,9,4,12,0.9528517723083496,0.9999997615814209,0.9853509068489075,0.4528517723083496,0.4853508174419403
5591,134,1,True,0.7459999918937683,9,4,12,0.9528517723083496,0.9999997615814209,0.9853509068489075,0.4528517723083496,0.4853508174419403
5594,134,1,True,0.7459999918937683,9,4,12,0.9528517723083496,0.9999997615814209,0.9853509068489075,0.4528517723083496,0.4853508174419403
5595,134,1,True,0.7459999918937683,9,4,12,0.9528517723083496,0.9999997615814209,0.9853509068489075,0.4528517723083496,0.4853508174419403
5597,134,1,True,0.7459999918937683,9,4,12,0.9528517723083496,0.9999997615814209,0.9853509068489075,0.4528517723083496,0.4853508174419403
5598,134,1,True,0.7459999918937683,9,4,12,0.9528517723083496,0.9999997615814209,0.9853509068489075,0.4528517723083496,0.4853508174419403
5599,134,1,True,0.7459999918937683,9,4,12,0.9528517723083496,0.9999997615814209,0.9853509068489075,0.4528517723083496,0.4853508174419403
1690,203,1,True,0.7459999918937683,9,4,12,0.07457860559225082,0.9999814033508301,0.8842985033988953,0.3919074535369873,0.4788365960121155
1692,203,1,True,0.7459999918937683,9,4,12,0.07457860559225082,0.9999814033508301,0.8842985033988953,0.3919074535369873,0.4788365960121155
1693,203,1,True,0.7459999918937683,9,4,12,0.07457860559225082,0.9999814033508301,0.8842985033988953,0.3919074535369873,0.4788365960121155
8348,203,1,True,0.7459999918937683,9,4,12,0.07457860559225082,0.9999814033508301,0.8842985033988953,0.3919074535369873,0.4788365960121155
8349,203,1,True,0.7459999918937683,9,4,12,0.07457860559225082,0.9999814033508301,0.8842985033988953,0.3919074535369873,0.4788365960121155
8350,203,1,True,0.7459999918937683,9,4,12,0.07457860559225082,0.9999814033508301,0.8842985033988953,0.3919074535369873,0.4788365960121155
8352,203,1,True,0.7459999918937683,9,4,12,0.07457860559225082,0.9999814033508301,0.8842985033988953,0.3919074535369873,0.4788365960121155
8353,203,1,True,0.7459999918937683,9,4,12,0.07457860559225082,0.9999814033508301,0.8842985033988953,0.3919074535369873,0.4788365960121155
8355,203,1,True,0.7459999918937683,9,4,12,0.07457860559225082,0.9999814033508301,0.8842985033988953,0.3919074535369873,0.4788365960121155
8358,203,1,True,0.7459999918937683,9,4,12,0.07457860559225082,0.9999814033508301,0.8842985033988953,0.3919074535369873,0.4788365960121155
8359,203,1,True,0.7459999918937683,9,4,12,0.07457860559225082,0.9999814033508301,0.8842985033988953,0.3919074535369873,0.4788365960121155
1904,223,1,True,0.7459999918937683,9,4,12,0.8919074535369873,1.0,0.9864578247070312,0.3919074535369873,0.4864577651023865
1905,223,1,True,0.7459999918937683,9,4,12,0.8919074535369873,1.0,0.9864578247070312,0.3919074535369873,0.4864577651023865
9120,223,1,True,0.7459999918937683,9,4,12,0.8919074535369873,1.0,0.9864578247070312,0.3919074535369873,0.4864577651023865
9123,223,1,True,0.7459999918937683,9,4,12,0.8919074535369873,1.0,0.9864578247070312,0.3919074535369873,0.4864577651023865
9125,223,1,True,0.7459999918937683,9,4,12,0.8919074535369873,1.0,0.9864578247070312,0.3919074535369873,0.4864577651023865
9126,223,1,True,0.7459999918937683,9,4,12,0.8919074535369873,1.0,0.9864578247070312,0.3919074535369873,0.4864577651023865
9127,223,1,True,0.7459999918937683,9,4,12,0.8919074535369873,1.0,0.9864578247070312,0.3919074535369873,0.4864577651023865
9129,223,1,True,0.7459999918937683,9,4,12,0.8919074535369873,1.0,0.9864578247070312,0.3919074535369873,0.4864577651023865
9130,223,1,True,0.7459999918937683,9,4,12,0.8919074535369873,1.0,0.9864578247070312,0.3919074535369873,0.4864577651023865
9131,223,1,True,0.7459999918937683,9,4,12,0.8919074535369873,1.0,0.9864578247070312,0.3919074535369873,0.4864577651023865
9133,223,1,True,0.7459999918937683,9,4,12,0.8919074535369873,1.0,0.9864578247070312,0.3919074535369873,0.4864577651023865
9134,223,1,True,0.7459999918937683,9,4,12,0.8919074535369873,1.0,0.9864578247070312,0.3919074535369873,0.4864577651023865
242,72,1,True,0.7480000257492065,9,4,12,0.8919074535369873,0.9999996423721313,0.9879640936851501,0.3919074535369873,0.48796409368515015
244,72,1,True,0.7480000257492065,9,4,12,0.8919074535369873,0.9999996423721313,0.9879640936851501,0.3919074535369873,0.48796409368515015
245,72,1,True,0.7480000257492065,9,4,12,0.8919074535369873,0.9999996423721313,0.9879640936851501,0.3919074535369873,0.48796409368515015
246,72,1,True,0.7480000257492065,9,4,12,0.8919074535369873,0.9999996423721313,0.9879640936851501,0.3919074535369873,0.48796409368515015
3081,72,1,True,0.7480000257492065,9,4,12,0.8919074535369873,0.9999996423721313,0.9879640936851501,0.3919074535369873,0.48796409368515015
3082,72,1,True,0.7480000257492065,9,4,12,0.8919074535369873,0.9999996423721313,0.9879640936851501,0.3919074535369873,0.48796409368515015
3083,72,1,True,0.7480000257492065,9,4,12,0.8919074535369873,0.9999996423721313,0.9879640936851501,0.3919074535369873,0.48796409368515015
3084,72,1,True,0.7480000257492065,9,4,12,0.8919074535369873,0.9999996423721313,0.9879640936851501,0.3919074535369873,0.48796409368515015
3085,72,1,True,0.7480000257492065,9,4,12,0.8919074535369873,0.9999996423721313,0.9879640936851501,0.3919074535369873,0.48796409368515015
3086,72,1,True,0.7480000257492065,9,4,12,0.8919074535369873,0.9999996423721313,0.9879640936851501,0.3919074535369873,0.48796409368515015
3088,72,1,True,0.7480000257492065,9,4,12,0.8919074535369873,0.9999996423721313,0.9879640936851501,0.3919074535369873,0.48796409368515015
3089,72,1,True,0.7480000257492065,9,4,12,0.8919074535369873,0.9999996423721313,0.9879640936851501,0.3919074535369873,0.48796409368515015
3090,72,1,True,0.7480000257492065,9,4,12,0.8919074535369873,0.9999996423721313,0.9879640936851501,0.3919074535369873,0.48796409368515015
3091,72,1,True,0.7480000257492065,9,4,12,0.8919074535369873,0.9999996423721313,0.9879640936851501,0.3919074535369873,0.48796409368515015
3092,72,1,True,0.7480000257492065,9,4,12,0.8919074535369873,0.9999996423721313,0.9879640936851501,0.3919074535369873,0.48796409368515015
3094,72,1,True,0.7480000257492065,9,4,12,0.8919074535369873,0.9999996423721313,0.9879640936851501,0.3919074535369873,0.48796409368515015
3095,72,1,True,0.7480000257492065,9,4,12,0.8919074535369873,0.9999996423721313,0.9879640936851501,0.3919074535369873,0.48796409368515015
3096,72,1,True,0.7480000257492065,9,4,12,0.8919074535369873,0.9999996423721313,0.9879640936851501,0.3919074535369873,0.48796409368515015
356,82,1,True,0.7480000257492065,9,4,12,0.07457860559225082,0.9994934797286987,0.7890442609786987,0.4254213869571686,0.47812044620513916
357,82,1,True,0.7480000257492065,9,4,12,0.07457860559225082,0.9994934797286987,0.7890442609786987,0.4254213869571686,0.47812044620513916
358,82,1,True,0.7480000257492065,9,4,12,0.07457860559225082,0.9994934797286987,0.7890442609786987,0.4254213869571686,0.47812044620513916
359,82,1,True,0.7480000257492065,9,4,12,0.07457860559225082,0.9994934797286987,0.7890442609786987,0.4254213869571686,0.47812044620513916
361,82,1,True,0.7480000257492065,9,4,12,0.07457860559225082,0.9994934797286987,0.7890442609786987,0.4254213869571686,0.47812044620513916
3497,82,1,True,0.7480000257492065,9,4,12,0.07457860559225082,0.9994934797286987,0.7890442609786987,0.4254213869571686,0.47812044620513916
3498,82,1,True,0.7480000257492065,9,4,12,0.07457860559225082,0.9994934797286987,0.7890442609786987,0.4254213869571686,0.47812044620513916
3499,82,1,True,0.7480000257492065,9,4,12,0.07457860559225082,0.9994934797286987,0.7890442609786987,0.4254213869571686,0.47812044620513916
3500,82,1,True,0.7480000257492065,9,4,12,0.07457860559225082,0.9994934797286987,0.7890442609786987,0.4254213869571686,0.47812044620513916
3501,82,1,True,0.7480000257492065,9,4,12,0.07457860559225082,0.9994934797286987,0.7890442609786987,0.4254213869571686,0.47812044620513916
3502,82,1,True,0.7480000257492065,9,4,12,0.07457860559225082,0.9994934797286987,0.7890442609786987,0.4254213869571686,0.47812044620513916
3503,82,1,True,0.7480000257492065,9,4,12,0.07457860559225082,0.9994934797286987,0.7890442609786987,0.4254213869571686,0.47812044620513916
3504,82,1,True,0.7480000257492065,9,4,12,0.07457860559225082,0.9994934797286987,0.7890442609786987,0.4254213869571686,0.47812044620513916
3505,82,1,True,0.7480000257492065,9,4,12,0.07457860559225082,0.9994934797286987,0.7890442609786987,0.4254213869571686,0.47812044620513916
3506,82,1,True,0.7480000257492065,9,4,12,0.07457860559225082,0.9994934797286987,0.7890442609786987,0.4254213869571686,0.47812044620513916
3507,82,1,True,0.7480000257492065,9,4,12,0.07457860559225082,0.9994934797286987,0.7890442609786987,0.4254213869571686,0.47812044620513916
3508,82,1,True,0.7480000257492065,9,4,12,0.07457860559225082,0.9994934797286987,0.7890442609786987,0.4254213869571686,0.47812044620513916
3509,82,1,True,0.7480000257492065,9,4,12,0.07457860559225082,0.9994934797286987,0.7890442609786987,0.4254213869571686,0.47812044620513916
3510,82,1,True,0.7480000257492065,9,4,12,0.07457860559225082,0.9994934797286987,0.7890442609786987,0.4254213869571686,0.47812044620513916
3512,82,1,True,0.7480000257492065,9,4,12,0.07457860559225082,0.9994934797286987,0.7890442609786987,0.4254213869571686,0.47812044620513916
3513,82,1,True,0.7480000257492065,9,4,12,0.07457860559225082,0.9994934797286987,0.7890442609786987,0.4254213869571686,0.47812044620513916
3514,82,1,True,0.7480000257492065,9,4,12,0.07457860559225082,0.9994934797286987,0.7890442609786987,0.4254213869571686,0.47812044620513916
3515,82,1,True,0.7480000257492065,9,4,12,0.07457860559225082,0.9994934797286987,0.7890442609786987,0.4254213869571686,0.47812044620513916
3518,82,1,True,0.7480000257492065,9,4,12,0.07457860559225082,0.9994934797286987,0.7890442609786987,0.4254213869571686,0.47812044620513916
463,92,1,True,0.7480000257492065,9,4,12,0.07457860559225082,0.9200706481933594,0.6768302321434021,0.05277609825134277,0.34655487537384033
464,92,1,True,0.7480000257492065,9,4,12,0.07457860559225082,0.9200706481933594,0.6768302321434021,0.05277609825134277,0.34655487537384033
466,92,1,True,0.7480000257492065,9,4,12,0.07457860559225082,0.9200706481933594,0.6768302321434021,0.05277609825134277,0.34655487537384033
467,92,1,True,0.7480000257492065,9,4,12,0.07457860559225082,0.9200706481933594,0.6768302321434021,0.05277609825134277,0.34655487537384033
469,92,1,True,0.7480000257492065,9,4,12,0.07457860559225082,0.9200706481933594,0.6768302321434021,0.05277609825134277,0.34655487537384033
471,92,1,True,0.7480000257492065,9,4,12,0.07457860559225082,0.9200706481933594,0.6768302321434021,0.05277609825134277,0.34655487537384033
472,92,1,True,0.7480000257492065,9,4,12,0.07457860559225082,0.9200706481933594,0.6768302321434021,0.05277609825134277,0.34655487537384033
3881,92,1,True,0.7480000257492065,9,4,12,0.07457860559225082,0.9200706481933594,0.6768302321434021,0.05277609825134277,0.34655487537384033
3882,92,1,True,0.7480000257492065,9,4,12,0.07457860559225082,0.9200706481933594,0.6768302321434021,0.05277609825134277,0.34655487537384033
3883,92,1,True,0.7480000257492065,9,4,12,0.07457860559225082,0.9200706481933594,0.6768302321434021,0.05277609825134277,0.34655487537384033
3884,92,1,True,0.7480000257492065,9,4,12,0.07457860559225082,0.9200706481933594,0.6768302321434021,0.05277609825134277,0.34655487537384033
3885,92,1,True,0.7480000257492065,9,4,12,0.07457860559225082,0.9200706481933594,0.6768302321434021,0.05277609825134277,0.34655487537384033
3886,92,1,True,0.7480000257492065,9,4,12,0.07457860559225082,0.9200706481933594,0.6768302321434021,0.05277609825134277,0.34655487537384033
3887,92,1,True,0.7480000257492065,9,4,12,0.07457860559225082,0.9200706481933594,0.6768302321434021,0.05277609825134277,0.34655487537384033
3888,92,1,True,0.7480000257492065,9,4,12,0.07457860559225082,0.9200706481933594,0.6768302321434021,0.05277609825134277,0.34655487537384033
3889,92,1,True,0.7480000257492065,9,4,12,0.07457860559225082,0.9200706481933594,0.6768302321434021,0.05277609825134277,0.34655487537384033
3890,92,1,True,0.7480000257492065,9,4,12,0.07457860559225082,0.9200706481933594,0.6768302321434021,0.05277609825134277,0.34655487537384033
3891,92,1,True,0.7480000257492065,9,4,12,0.07457860559225082,0.9200706481933594,0.6768302321434021,0.05277609825134277,0.34655487537384033
3892,92,1,True,0.7480000257492065,9,4,12,0.07457860559225082,0.9200706481933594,0.6768302321434021,0.05277609825134277,0.34655487537384033
3893,92,1,True,0.7480000257492065,9,4,12,0.07457860559225082,0.9200706481933594,0.6768302321434021,0.05277609825134277,0.34655487537384033
3894,92,1,True,0.7480000257492065,9,4,12,0.07457860559225082,0.9200706481933594,0.6768302321434021,0.05277609825134277,0.34655487537384033
3895,92,1,True,0.7480000257492065,9,4,12,0.07457860559225082,0.9200706481933594,0.6768302321434021,0.05277609825134277,0.34655487537384033
3897,92,1,True,0.7480000257492065,9,4,12,0.07457860559225082,0.9200706481933594,0.6768302321434021,0.05277609825134277,0.34655487537384033
3899,92,1,True,0.7480000257492065,9,4,12,0.07457860559225082,0.9200706481933594,0.6768302321434021,0.05277609825134277,0.34655487537384033
3903,92,1,True,0.7480000257492065,9,4,12,0.07457860559225082,0.9200706481933594,0.6768302321434021,0.05277609825134277,0.34655487537384033
3905,92,1,True,0.7480000257492065,9,4,12,0.07457860559225082,0.9200706481933594,0.6768302321434021,0.05277609825134277,0.34655487537384033
3908,92,1,True,0.7480000257492065,9,4,12,0.07457860559225082,0.9200706481933594,0.6768302321434021,0.05277609825134277,0.34655487537384033
3910,92,1,True,0.7480000257492065,9,4,12,0.07457860559225082,0.9200706481933594,0.6768302321434021,0.05277609825134277,0.34655487537384033
3911,92,1,True,0.7480000257492065,9,4,12,0.07457860559225082,0.9200706481933594,0.6768302321434021,0.05277609825134277,0.34655487537384033
3912,92,1,True,0.7480000257492065,9,4,12,0.07457860559225082,0.9200706481933594,0.6768302321434021,0.05277609825134277,0.34655487537384033
3914,92,1,True,0.7480000257492065,9,4,12,0.07457860559225082,0.9200706481933594,0.6768302321434021,0.05277609825134277,0.34655487537384033
3916,92,1,True,0.7480000257492065,9,4,12,0.07457860559225082,0.9200706481933594,0.6768302321434021,0.05277609825134277,0.34655487537384033
3918,92,1,True,0.7480000257492065,9,4,12,0.07457860559225082,0.9200706481933594,0.6768302321434021,0.05277609825134277,0.34655487537384033
3919,92,1,True,0.7480000257492065,9,4,12,0.07457860559225082,0.9200706481933594,0.6768302321434021,0.05277609825134277,0.34655487537384033
958,137,1,True,0.7480000257492065,9,4,12,0.9970088601112366,1.0,0.9988367557525635,0.4925289750099182,0.49883678555488586
5681,137,1,True,0.7480000257492065,9,4,12,0.9970088601112366,1.0,0.9988367557525635,0.4925289750099182,0.49883678555488586
5682,137,1,True,0.7480000257492065,9,4,12,0.9970088601112366,1.0,0.9988367557525635,0.4925289750099182,0.49883678555488586
5684,137,1,True,0.7480000257492065,9,4,12,0.9970088601112366,1.0,0.9988367557525635,0.4925289750099182,0.49883678555488586
5685,137,1,True,0.7480000257492065,9,4,12,0.9970088601112366,1.0,0.9988367557525635,0.4925289750099182,0.49883678555488586
5686,137,1,True,0.7480000257492065,9,4,12,0.9970088601112366,1.0,0.9988367557525635,0.4925289750099182,0.49883678555488586
5687,137,1,True,0.7480000257492065,9,4,12,0.9970088601112366,1.0,0.9988367557525635,0.4925289750099182,0.49883678555488586
1078,148,1,True,0.7480000257492065,9,4,12,0.9528517723083496,0.9976345300674438,0.9237925410270691,0.24340176582336426,0.4237925112247467
1079,148,1,True,0.7480000257492065,9,4,12,0.9528517723083496,0.9976345300674438,0.9237925410270691,0.24340176582336426,0.4237925112247467
1080,148,1,True,0.7480000257492065,9,4,12,0.9528517723083496,0.9976345300674438,0.9237925410270691,0.24340176582336426,0.4237925112247467
1081,148,1,True,0.7480000257492065,9,4,12,0.9528517723083496,0.9976345300674438,0.9237925410270691,0.24340176582336426,0.4237925112247467
1082,148,1,True,0.7480000257492065,9,4,12,0.9528517723083496,0.9976345300674438,0.9237925410270691,0.24340176582336426,0.4237925112247467
6120,148,1,True,0.7480000257492065,9,4,12,0.9528517723083496,0.9976345300674438,0.9237925410270691,0.24340176582336426,0.4237925112247467
6121,148,1,True,0.7480000257492065,9,4,12,0.9528517723083496,0.9976345300674438,0.9237925410270691,0.24340176582336426,0.4237925112247467
6122,148,1,True,0.7480000257492065,9,4,12,0.9528517723083496,0.9976345300674438,0.9237925410270691,0.24340176582336426,0.4237925112247467
6123,148,1,True,0.7480000257492065,9,4,12,0.9528517723083496,0.9976345300674438,0.9237925410270691,0.24340176582336426,0.4237925112247467
6127,148,1,True,0.7480000257492065,9,4,12,0.9528517723083496,0.9976345300674438,0.9237925410270691,0.24340176582336426,0.4237925112247467
6128,148,1,True,0.7480000257492065,9,4,12,0.9528517723083496,0.9976345300674438,0.9237925410270691,0.24340176582336426,0.4237925112247467
6129,148,1,True,0.7480000257492065,9,4,12,0.9528517723083496,0.9976345300674438,0.9237925410270691,0.24340176582336426,0.4237925112247467
6130,148,1,True,0.7480000257492065,9,4,12,0.9528517723083496,0.9976345300674438,0.9237925410270691,0.24340176582336426,0.4237925112247467
6131,148,1,True,0.7480000257492065,9,4,12,0.9528517723083496,0.9976345300674438,0.9237925410270691,0.24340176582336426,0.4237925112247467
6132,148,1,True,0.7480000257492065,9,4,12,0.9528517723083496,0.9976345300674438,0.9237925410270691,0.24340176582336426,0.4237925112247467
6133,148,1,True,0.7480000257492065,9,4,12,0.9528517723083496,0.9976345300674438,0.9237925410270691,0.24340176582336426,0.4237925112247467
6134,148,1,True,0.7480000257492065,9,4,12,0.9528517723083496,0.9976345300674438,0.9237925410270691,0.24340176582336426,0.4237925112247467
6136,148,1,True,0.7480000257492065,9,4,12,0.9528517723083496,0.9976345300674438,0.9237925410270691,0.24340176582336426,0.4237925112247467
6137,148,1,True,0.7480000257492065,9,4,12,0.9528517723083496,0.9976345300674438,0.9237925410270691,0.24340176582336426,0.4237925112247467
1683,203,1,True,0.7480000257492065,9,4,12,0.07457860559225082,0.9999814033508301,0.8842985033988953,0.3919074535369873,0.4788365960121155
1685,203,1,True,0.7480000257492065,9,4,12,0.07457860559225082,0.9999814033508301,0.8842985033988953,0.3919074535369873,0.4788365960121155
1686,203,1,True,0.7480000257492065,9,4,12,0.07457860559225082,0.9999814033508301,0.8842985033988953,0.3919074535369873,0.4788365960121155
1687,203,1,True,0.7480000257492065,9,4,12,0.07457860559225082,0.9999814033508301,0.8842985033988953,0.3919074535369873,0.4788365960121155
8320,203,1,True,0.7480000257492065,9,4,12,0.07457860559225082,0.9999814033508301,0.8842985033988953,0.3919074535369873,0.4788365960121155
8321,203,1,True,0.7480000257492065,9,4,12,0.07457860559225082,0.9999814033508301,0.8842985033988953,0.3919074535369873,0.4788365960121155
8322,203,1,True,0.7480000257492065,9,4,12,0.07457860559225082,0.9999814033508301,0.8842985033988953,0.3919074535369873,0.4788365960121155
8323,203,1,True,0.7480000257492065,9,4,12,0.07457860559225082,0.9999814033508301,0.8842985033988953,0.3919074535369873,0.4788365960121155
8324,203,1,True,0.7480000257492065,9,4,12,0.07457860559225082,0.9999814033508301,0.8842985033988953,0.3919074535369873,0.4788365960121155
8325,203,1,True,0.7480000257492065,9,4,12,0.07457860559225082,0.9999814033508301,0.8842985033988953,0.3919074535369873,0.4788365960121155
8326,203,1,True,0.7480000257492065,9,4,12,0.07457860559225082,0.9999814033508301,0.8842985033988953,0.3919074535369873,0.4788365960121155
8328,203,1,True,0.7480000257492065,9,4,12,0.07457860559225082,0.9999814033508301,0.8842985033988953,0.3919074535369873,0.4788365960121155
8329,203,1,True,0.7480000257492065,9,4,12,0.07457860559225082,0.9999814033508301,0.8842985033988953,0.3919074535369873,0.4788365960121155
8330,203,1,True,0.7480000257492065,9,4,12,0.07457860559225082,0.9999814033508301,0.8842985033988953,0.3919074535369873,0.4788365960121155
8331,203,1,True,0.7480000257492065,9,4,12,0.07457860559225082,0.9999814033508301,0.8842985033988953,0.3919074535369873,0.4788365960121155
8332,203,1,True,0.7480000257492065,9,4,12,0.07457860559225082,0.9999814033508301,0.8842985033988953,0.3919074535369873,0.4788365960121155
8333,203,1,True,0.7480000257492065,9,4,12,0.07457860559225082,0.9999814033508301,0.8842985033988953,0.3919074535369873,0.4788365960121155
8334,203,1,True,0.7480000257492065,9,4,12,0.07457860559225082,0.9999814033508301,0.8842985033988953,0.3919074535369873,0.4788365960121155
8335,203,1,True,0.7480000257492065,9,4,12,0.07457860559225082,0.9999814033508301,0.8842985033988953,0.3919074535369873,0.4788365960121155
8340,203,1,True,0.7480000257492065,9,4,12,0.07457860559225082,0.9999814033508301,0.8842985033988953,0.3919074535369873,0.4788365960121155
8341,203,1,True,0.7480000257492065,9,4,12,0.07457860559225082,0.9999814033508301,0.8842985033988953,0.3919074535369873,0.4788365960121155
8342,203,1,True,0.7480000257492065,9,4,12,0.07457860559225082,0.9999814033508301,0.8842985033988953,0.3919074535369873,0.4788365960121155
8343,203,1,True,0.7480000257492065,9,4,12,0.07457860559225082,0.9999814033508301,0.8842985033988953,0.3919074535369873,0.4788365960121155
8344,203,1,True,0.7480000257492065,9,4,12,0.07457860559225082,0.9999814033508301,0.8842985033988953,0.3919074535369873,0.4788365960121155
1907,223,1,True,0.7480000257492065,9,4,12,0.8919074535369873,1.0,0.9864578247070312,0.3919074535369873,0.4864577651023865
1908,223,1,True,0.7480000257492065,9,4,12,0.8919074535369873,1.0,0.9864578247070312,0.3919074535369873,0.4864577651023865
9135,223,1,True,0.7480000257492065,9,4,12,0.8919074535369873,1.0,0.9864578247070312,0.3919074535369873,0.4864577651023865
9137,223,1,True,0.7480000257492065,9,4,12,0.8919074535369873,1.0,0.9864578247070312,0.3919074535369873,0.4864577651023865
9138,223,1,True,0.7480000257492065,9,4,12,0.8919074535369873,1.0,0.9864578247070312,0.3919074535369873,0.4864577651023865
9139,223,1,True,0.7480000257492065,9,4,12,0.8919074535369873,1.0,0.9864578247070312,0.3919074535369873,0.4864577651023865
9140,223,1,True,0.7480000257492065,9,4,12,0.8919074535369873,1.0,0.9864578247070312,0.3919074535369873,0.4864577651023865
9141,223,1,True,0.7480000257492065,9,4,12,0.8919074535369873,1.0,0.9864578247070312,0.3919074535369873,0.4864577651023865
9142,223,1,True,0.7480000257492065,9,4,12,0.8919074535369873,1.0,0.9864578247070312,0.3919074535369873,0.4864577651023865
936,135,1,True,0.75,9,4,12,0.9978777170181274,1.0,0.9997507929801941,0.49787771701812744,0.4997507631778717
938,135,1,True,0.75,9,4,12,0.9978777170181274,1.0,0.9997507929801941,0.49787771701812744,0.4997507631778717
940,135,1,True,0.75,9,4,12,0.9978777170181274,1.0,0.9997507929801941,0.49787771701812744,0.4997507631778717
941,135,1,True,0.75,9,4,12,0.9978777170181274,1.0,0.9997507929801941,0.49787771701812744,0.4997507631778717
942,135,1,True,0.75,9,4,12,0.9978777170181274,1.0,0.9997507929801941,0.49787771701812744,0.4997507631778717
944,135,1,True,0.75,9,4,12,0.9978777170181274,1.0,0.9997507929801941,0.49787771701812744,0.4997507631778717
945,135,1,True,0.75,9,4,12,0.9978777170181274,1.0,0.9997507929801941,0.49787771701812744,0.4997507631778717
5601,135,1,True,0.75,9,4,12,0.9978777170181274,1.0,0.9997507929801941,0.49787771701812744,0.4997507631778717
5602,135,1,True,0.75,9,4,12,0.9978777170181274,1.0,0.9997507929801941,0.49787771701812744,0.4997507631778717
5604,135,1,True,0.75,9,4,12,0.9978777170181274,1.0,0.9997507929801941,0.49787771701812744,0.4997507631778717
5606,135,1,True,0.75,9,4,12,0.9978777170181274,1.0,0.9997507929801941,0.49787771701812744,0.4997507631778717
5607,135,1,True,0.75,9,4,12,0.9978777170181274,1.0,0.9997507929801941,0.49787771701812744,0.4997507631778717
5608,135,1,True,0.75,9,4,12,0.9978777170181274,1.0,0.9997507929801941,0.49787771701812744,0.4997507631778717
5609,135,1,True,0.75,9,4,12,0.9978777170181274,1.0,0.9997507929801941,0.49787771701812744,0.4997507631778717
5610,135,1,True,0.75,9,4,12,0.9978777170181274,1.0,0.9997507929801941,0.49787771701812744,0.4997507631778717
5612,135,1,True,0.75,9,4,12,0.9978777170181274,1.0,0.9997507929801941,0.49787771701812744,0.4997507631778717
5615,135,1,True,0.75,9,4,12,0.9978777170181274,1.0,0.9997507929801941,0.49787771701812744,0.4997507631778717
5616,135,1,True,0.75,9,4,12,0.9978777170181274,1.0,0.9997507929801941,0.49787771701812744,0.4997507631778717
5619,135,1,True,0.75,9,4,12,0.9978777170181274,1.0,0.9997507929801941,0.49787771701812744,0.4997507631778717
5620,135,1,True,0.75,9,4,12,0.9978777170181274,1.0,0.9997507929801941,0.49787771701812744,0.4997507631778717
5622,135,1,True,0.75,9,4,12,0.9978777170181274,1.0,0.9997507929801941,0.49787771701812744,0.4997507631778717
5624,135,1,True,0.75,9,4,12,0.9978777170181274,1.0,0.9997507929801941,0.49787771701812744,0.4997507631778717
5625,135,1,True,0.75,9,4,12,0.9978777170181274,1.0,0.9997507929801941,0.49787771701812744,0.4997507631778717
5626,135,1,True,0.75,9,4,12,0.9978777170181274,1.0,0.9997507929801941,0.49787771701812744,0.4997507631778717
5627,135,1,True,0.75,9,4,12,0.9978777170181274,1.0,0.9997507929801941,0.49787771701812744,0.4997507631778717
5628,135,1,True,0.75,9,4,12,0.9978777170181274,1.0,0.9997507929801941,0.49787771701812744,0.4997507631778717
5629,135,1,True,0.75,9,4,12,0.9978777170181274,1.0,0.9997507929801941,0.49787771701812744,0.4997507631778717
5630,135,1,True,0.75,9,4,12,0.9978777170181274,1.0,0.9997507929801941,0.49787771701812744,0.4997507631778717
5631,135,1,True,0.75,9,4,12,0.9978777170181274,1.0,0.9997507929801941,0.49787771701812744,0.4997507631778717
5633,135,1,True,0.75,9,4,12,0.9978777170181274,1.0,0.9997507929801941,0.49787771701812744,0.4997507631778717
5634,135,1,True,0.75,9,4,12,0.9978777170181274,1.0,0.9997507929801941,0.49787771701812744,0.4997507631778717
5636,135,1,True,0.75,9,4,12,0.9978777170181274,1.0,0.9997507929801941,0.49787771701812744,0.4997507631778717
5637,135,1,True,0.75,9,4,12,0.9978777170181274,1.0,0.9997507929801941,0.49787771701812744,0.4997507631778717
1083,148,1,True,0.75,9,4,12,0.9528517723083496,0.9976345300674438,0.9237925410270691,0.24340176582336426,0.4237925112247467
1084,148,1,True,0.75,9,4,12,0.9528517723083496,0.9976345300674438,0.9237925410270691,0.24340176582336426,0.4237925112247467
1085,148,1,True,0.75,9,4,12,0.9528517723083496,0.9976345300674438,0.9237925410270691,0.24340176582336426,0.4237925112247467
1086,148,1,True,0.75,9,4,12,0.9528517723083496,0.9976345300674438,0.9237925410270691,0.24340176582336426,0.4237925112247467
1087,148,1,True,0.75,9,4,12,0.9528517723083496,0.9976345300674438,0.9237925410270691,0.24340176582336426,0.4237925112247467
1088,148,1,True,0.75,9,4,12,0.9528517723083496,0.9976345300674438,0.9237925410270691,0.24340176582336426,0.4237925112247467
6138,148,1,True,0.75,9,4,12,0.9528517723083496,0.9976345300674438,0.9237925410270691,0.24340176582336426,0.4237925112247467
6139,148,1,True,0.75,9,4,12,0.9528517723083496,0.9976345300674438,0.9237925410270691,0.24340176582336426,0.4237925112247467
6140,148,1,True,0.75,9,4,12,0.9528517723083496,0.9976345300674438,0.9237925410270691,0.24340176582336426,0.4237925112247467
6142,148,1,True,0.75,9,4,12,0.9528517723083496,0.9976345300674438,0.9237925410270691,0.24340176582336426,0.4237925112247467
6144,148,1,True,0.75,9,4,12,0.9528517723083496,0.9976345300674438,0.9237925410270691,0.24340176582336426,0.4237925112247467
6146,148,1,True,0.75,9,4,12,0.9528517723083496,0.9976345300674438,0.9237925410270691,0.24340176582336426,0.4237925112247467
6150,148,1,True,0.75,9,4,12,0.9528517723083496,0.9976345300674438,0.9237925410270691,0.24340176582336426,0.4237925112247467
6153,148,1,True,0.75,9,4,12,0.9528517723083496,0.9976345300674438,0.9237925410270691,0.24340176582336426,0.4237925112247467
6154,148,1,True,0.75,9,4,12,0.9528517723083496,0.9976345300674438,0.9237925410270691,0.24340176582336426,0.4237925112247467
6155,148,1,True,0.75,9,4,12,0.9528517723083496,0.9976345300674438,0.9237925410270691,0.24340176582336426,0.4237925112247467
6157,148,1,True,0.75,9,4,12,0.9528517723083496,0.9976345300674438,0.9237925410270691,0.24340176582336426,0.4237925112247467
6158,148,1,True,0.75,9,4,12,0.9528517723083496,0.9976345300674438,0.9237925410270691,0.24340176582336426,0.4237925112247467
6159,148,1,True,0.75,9,4,12,0.9528517723083496,0.9976345300674438,0.9237925410270691,0.24340176582336426,0.4237925112247467
1287,167,1,True,0.75,9,4,12,0.07457860559225082,0.9999997615814209,0.8223387598991394,0.24340176582336426,0.41687682271003723
1289,167,1,True,0.75,9,4,12,0.07457860559225082,0.9999997615814209,0.8223387598991394,0.24340176582336426,0.41687682271003723
1290,167,1,True,0.75,9,4,12,0.07457860559225082,0.9999997615814209,0.8223387598991394,0.24340176582336426,0.41687682271003723
1291,167,1,True,0.75,9,4,12,0.07457860559225082,0.9999997615814209,0.8223387598991394,0.24340176582336426,0.41687682271003723
1292,167,1,True,0.75,9,4,12,0.07457860559225082,0.9999997615814209,0.8223387598991394,0.24340176582336426,0.41687682271003723
1293,167,1,True,0.75,9,4,12,0.07457860559225082,0.9999997615814209,0.8223387598991394,0.24340176582336426,0.41687682271003723
1294,167,1,True,0.75,9,4,12,0.07457860559225082,0.9999997615814209,0.8223387598991394,0.24340176582336426,0.41687682271003723
1296,167,1,True,0.75,9,4,12,0.07457860559225082,0.9999997615814209,0.8223387598991394,0.24340176582336426,0.41687682271003723
1297,167,1,True,0.75,9,4,12,0.07457860559225082,0.9999997615814209,0.8223387598991394,0.24340176582336426,0.41687682271003723
6880,167,1,True,0.75,9,4,12,0.07457860559225082,0.9999997615814209,0.8223387598991394,0.24340176582336426,0.41687682271003723
6881,167,1,True,0.75,9,4,12,0.07457860559225082,0.9999997615814209,0.8223387598991394,0.24340176582336426,0.41687682271003723
6884,167,1,True,0.75,9,4,12,0.07457860559225082,0.9999997615814209,0.8223387598991394,0.24340176582336426,0.41687682271003723
6885,167,1,True,0.75,9,4,12,0.07457860559225082,0.9999997615814209,0.8223387598991394,0.24340176582336426,0.41687682271003723
6887,167,1,True,0.75,9,4,12,0.07457860559225082,0.9999997615814209,0.8223387598991394,0.24340176582336426,0.41687682271003723
6888,167,1,True,0.75,9,4,12,0.07457860559225082,0.9999997615814209,0.8223387598991394,0.24340176582336426,0.41687682271003723
6889,167,1,True,0.75,9,4,12,0.07457860559225082,0.9999997615814209,0.8223387598991394,0.24340176582336426,0.41687682271003723
6890,167,1,True,0.75,9,4,12,0.07457860559225082,0.9999997615814209,0.8223387598991394,0.24340176582336426,0.41687682271003723
6892,167,1,True,0.75,9,4,12,0.07457860559225082,0.9999997615814209,0.8223387598991394,0.24340176582336426,0.41687682271003723
6893,167,1,True,0.75,9,4,12,0.07457860559225082,0.9999997615814209,0.8223387598991394,0.24340176582336426,0.41687682271003723
6894,167,1,True,0.75,9,4,12,0.07457860559225082,0.9999997615814209,0.8223387598991394,0.24340176582336426,0.41687682271003723
6897,167,1,True,0.75,9,4,12,0.07457860559225082,0.9999997615814209,0.8223387598991394,0.24340176582336426,0.41687682271003723
6900,167,1,True,0.75,9,4,12,0.07457860559225082,0.9999997615814209,0.8223387598991394,0.24340176582336426,0.41687682271003723
6901,167,1,True,0.75,9,4,12,0.07457860559225082,0.9999997615814209,0.8223387598991394,0.24340176582336426,0.41687682271003723
6902,167,1,True,0.75,9,4,12,0.07457860559225082,0.9999997615814209,0.8223387598991394,0.24340176582336426,0.41687682271003723
6904,167,1,True,0.75,9,4,12,0.07457860559225082,0.9999997615814209,0.8223387598991394,0.24340176582336426,0.41687682271003723
6907,167,1,True,0.75,9,4,12,0.07457860559225082,0.9999997615814209,0.8223387598991394,0.24340176582336426,0.41687682271003723
6908,167,1,True,0.75,9,4,12,0.07457860559225082,0.9999997615814209,0.8223387598991394,0.24340176582336426,0.41687682271003723
6910,167,1,True,0.75,9,4,12,0.07457860559225082,0.9999997615814209,0.8223387598991394,0.24340176582336426,0.41687682271003723
6912,167,1,True,0.75,9,4,12,0.07457860559225082,0.9999997615814209,0.8223387598991394,0.24340176582336426,0.41687682271003723
6913,167,1,True,0.75,9,4,12,0.07457860559225082,0.9999997615814209,0.8223387598991394,0.24340176582336426,0.41687682271003723
6914,167,1,True,0.75,9,4,12,0.07457860559225082,0.9999997615814209,0.8223387598991394,0.24340176582336426,0.41687682271003723
6915,167,1,True,0.75,9,4,12,0.07457860559225082,0.9999997615814209,0.8223387598991394,0.24340176582336426,0.41687682271003723
6918,167,1,True,0.75,9,4,12,0.07457860559225082,0.9999997615814209,0.8223387598991394,0.24340176582336426,0.41687682271003723
2064,237,1,True,0.75,9,4,12,0.5527760982513428,1.0,0.8302944898605347,0.05277609825134277,0.33029448986053467
2065,237,1,True,0.75,9,4,12,0.5527760982513428,1.0,0.8302944898605347,0.05277609825134277,0.33029448986053467
2066,237,1,True,0.75,9,4,12,0.5527760982513428,1.0,0.8302944898605347,0.05277609825134277,0.33029448986053467
2067,237,1,True,0.75,9,4,12,0.5527760982513428,1.0,0.8302944898605347,0.05277609825134277,0.33029448986053467
9709,237,1,True,0.75,9,4,12,0.5527760982513428,1.0,0.8302944898605347,0.05277609825134277,0.33029448986053467
9711,237,1,True,0.75,9,4,12,0.5527760982513428,1.0,0.8302944898605347,0.05277609825134277,0.33029448986053467
9712,237,1,True,0.75,9,4,12,0.5527760982513428,1.0,0.8302944898605347,0.05277609825134277,0.33029448986053467
9714,237,1,True,0.75,9,4,12,0.5527760982513428,1.0,0.8302944898605347,0.05277609825134277,0.33029448986053467
9715,237,1,True,0.75,9,4,12,0.5527760982513428,1.0,0.8302944898605347,0.05277609825134277,0.33029448986053467
9716,237,1,True,0.75,9,4,12,0.5527760982513428,1.0,0.8302944898605347,0.05277609825134277,0.33029448986053467
247,72,1,True,0.7519999742507935,9,4,12,0.8919074535369873,0.9999996423721313,0.9879640936851501,0.3919074535369873,0.48796409368515015
248,72,1,True,0.7519999742507935,9,4,12,0.8919074535369873,0.9999996423721313,0.9879640936851501,0.3919074535369873,0.48796409368515015
249,72,1,True,0.7519999742507935,9,4,12,0.8919074535369873,0.9999996423721313,0.9879640936851501,0.3919074535369873,0.48796409368515015
250,72,1,True,0.7519999742507935,9,4,12,0.8919074535369873,0.9999996423721313,0.9879640936851501,0.3919074535369873,0.48796409368515015
251,72,1,True,0.7519999742507935,9,4,12,0.8919074535369873,0.9999996423721313,0.9879640936851501,0.3919074535369873,0.48796409368515015
252,72,1,True,0.7519999742507935,9,4,12,0.8919074535369873,0.9999996423721313,0.9879640936851501,0.3919074535369873,0.48796409368515015
3098,72,1,True,0.7519999742507935,9,4,12,0.8919074535369873,0.9999996423721313,0.9879640936851501,0.3919074535369873,0.48796409368515015
3099,72,1,True,0.7519999742507935,9,4,12,0.8919074535369873,0.9999996423721313,0.9879640936851501,0.3919074535369873,0.48796409368515015
3100,72,1,True,0.7519999742507935,9,4,12,0.8919074535369873,0.9999996423721313,0.9879640936851501,0.3919074535369873,0.48796409368515015
3101,72,1,True,0.7519999742507935,9,4,12,0.8919074535369873,0.9999996423721313,0.9879640936851501,0.3919074535369873,0.48796409368515015
3102,72,1,True,0.7519999742507935,9,4,12,0.8919074535369873,0.9999996423721313,0.9879640936851501,0.3919074535369873,0.48796409368515015
3103,72,1,True,0.7519999742507935,9,4,12,0.8919074535369873,0.9999996423721313,0.9879640936851501,0.3919074535369873,0.48796409368515015
3104,72,1,True,0.7519999742507935,9,4,12,0.8919074535369873,0.9999996423721313,0.9879640936851501,0.3919074535369873,0.48796409368515015
3105,72,1,True,0.7519999742507935,9,4,12,0.8919074535369873,0.9999996423721313,0.9879640936851501,0.3919074535369873,0.48796409368515015
3106,72,1,True,0.7519999742507935,9,4,12,0.8919074535369873,0.9999996423721313,0.9879640936851501,0.3919074535369873,0.48796409368515015
3107,72,1,True,0.7519999742507935,9,4,12,0.8919074535369873,0.9999996423721313,0.9879640936851501,0.3919074535369873,0.48796409368515015
3109,72,1,True,0.7519999742507935,9,4,12,0.8919074535369873,0.9999996423721313,0.9879640936851501,0.3919074535369873,0.48796409368515015
3110,72,1,True,0.7519999742507935,9,4,12,0.8919074535369873,0.9999996423721313,0.9879640936851501,0.3919074535369873,0.48796409368515015
3112,72,1,True,0.7519999742507935,9,4,12,0.8919074535369873,0.9999996423721313,0.9879640936851501,0.3919074535369873,0.48796409368515015
3113,72,1,True,0.7519999742507935,9,4,12,0.8919074535369873,0.9999996423721313,0.9879640936851501,0.3919074535369873,0.48796409368515015
3114,72,1,True,0.7519999742507935,9,4,12,0.8919074535369873,0.9999996423721313,0.9879640936851501,0.3919074535369873,0.48796409368515015
3116,72,1,True,0.7519999742507935,9,4,12,0.8919074535369873,0.9999996423721313,0.9879640936851501,0.3919074535369873,0.48796409368515015
3118,72,1,True,0.7519999742507935,9,4,12,0.8919074535369873,0.9999996423721313,0.9879640936851501,0.3919074535369873,0.48796409368515015
3119,72,1,True,0.7519999742507935,9,4,12,0.8919074535369873,0.9999996423721313,0.9879640936851501,0.3919074535369873,0.48796409368515015
960,137,1,True,0.7519999742507935,9,4,12,0.9970088601112366,1.0,0.9988367557525635,0.4925289750099182,0.49883678555488586
961,137,1,True,0.7519999742507935,9,4,12,0.9970088601112366,1.0,0.9988367557525635,0.4925289750099182,0.49883678555488586
963,137,1,True,0.7519999742507935,9,4,12,0.9970088601112366,1.0,0.9988367557525635,0.4925289750099182,0.49883678555488586
5690,137,1,True,0.7519999742507935,9,4,12,0.9970088601112366,1.0,0.9988367557525635,0.4925289750099182,0.49883678555488586
5693,137,1,True,0.7519999742507935,9,4,12,0.9970088601112366,1.0,0.9988367557525635,0.4925289750099182,0.49883678555488586
5695,137,1,True,0.7519999742507935,9,4,12,0.9970088601112366,1.0,0.9988367557525635,0.4925289750099182,0.49883678555488586
5696,137,1,True,0.7519999742507935,9,4,12,0.9970088601112366,1.0,0.9988367557525635,0.4925289750099182,0.49883678555488586
5697,137,1,True,0.7519999742507935,9,4,12,0.9970088601112366,1.0,0.9988367557525635,0.4925289750099182,0.49883678555488586
5698,137,1,True,0.7519999742507935,9,4,12,0.9970088601112366,1.0,0.9988367557525635,0.4925289750099182,0.49883678555488586
5700,137,1,True,0.7519999742507935,9,4,12,0.9970088601112366,1.0,0.9988367557525635,0.4925289750099182,0.49883678555488586
5701,137,1,True,0.7519999742507935,9,4,12,0.9970088601112366,1.0,0.9988367557525635,0.4925289750099182,0.49883678555488586
5702,137,1,True,0.7519999742507935,9,4,12,0.9970088601112366,1.0,0.9988367557525635,0.4925289750099182,0.49883678555488586
5703,137,1,True,0.7519999742507935,9,4,12,0.9970088601112366,1.0,0.9988367557525635,0.4925289750099182,0.49883678555488586
5704,137,1,True,0.7519999742507935,9,4,12,0.9970088601112366,1.0,0.9988367557525635,0.4925289750099182,0.49883678555488586
5706,137,1,True,0.7519999742507935,9,4,12,0.9970088601112366,1.0,0.9988367557525635,0.4925289750099182,0.49883678555488586
5707,137,1,True,0.7519999742507935,9,4,12,0.9970088601112366,1.0,0.9988367557525635,0.4925289750099182,0.49883678555488586
5708,137,1,True,0.7519999742507935,9,4,12,0.9970088601112366,1.0,0.9988367557525635,0.4925289750099182,0.49883678555488586
5709,137,1,True,0.7519999742507935,9,4,12,0.9970088601112366,1.0,0.9988367557525635,0.4925289750099182,0.49883678555488586
967,137,1,True,0.7540000081062317,9,4,12,0.9970088601112366,1.0,0.9988367557525635,0.4925289750099182,0.49883678555488586
5710,137,1,True,0.7540000081062317,9,4,12,0.9970088601112366,1.0,0.9988367557525635,0.4925289750099182,0.49883678555488586
5711,137,1,True,0.7540000081062317,9,4,12,0.9970088601112366,1.0,0.9988367557525635,0.4925289750099182,0.49883678555488586
5712,137,1,True,0.7540000081062317,9,4,12,0.9970088601112366,1.0,0.9988367557525635,0.4925289750099182,0.49883678555488586
5714,137,1,True,0.7540000081062317,9,4,12,0.9970088601112366,1.0,0.9988367557525635,0.4925289750099182,0.49883678555488586
5715,137,1,True,0.7540000081062317,9,4,12,0.9970088601112366,1.0,0.9988367557525635,0.4925289750099182,0.49883678555488586
5716,137,1,True,0.7540000081062317,9,4,12,0.9970088601112366,1.0,0.9988367557525635,0.4925289750099182,0.49883678555488586
5717,137,1,True,0.7540000081062317,9,4,12,0.9970088601112366,1.0,0.9988367557525635,0.4925289750099182,0.49883678555488586
1909,223,1,True,0.7540000081062317,9,4,12,0.8919074535369873,1.0,0.9864578247070312,0.3919074535369873,0.4864577651023865
1910,223,1,True,0.7540000081062317,9,4,12,0.8919074535369873,1.0,0.9864578247070312,0.3919074535369873,0.4864577651023865
1911,223,1,True,0.7540000081062317,9,4,12,0.8919074535369873,1.0,0.9864578247070312,0.3919074535369873,0.4864577651023865
1913,223,1,True,0.7540000081062317,9,4,12,0.8919074535369873,1.0,0.9864578247070312,0.3919074535369873,0.4864577651023865
9143,223,1,True,0.7540000081062317,9,4,12,0.8919074535369873,1.0,0.9864578247070312,0.3919074535369873,0.4864577651023865
9144,223,1,True,0.7540000081062317,9,4,12,0.8919074535369873,1.0,0.9864578247070312,0.3919074535369873,0.4864577651023865
9145,223,1,True,0.7540000081062317,9,4,12,0.8919074535369873,1.0,0.9864578247070312,0.3919074535369873,0.4864577651023865
9146,223,1,True,0.7540000081062317,9,4,12,0.8919074535369873,1.0,0.9864578247070312,0.3919074535369873,0.4864577651023865
9147,223,1,True,0.7540000081062317,9,4,12,0.8919074535369873,1.0,0.9864578247070312,0.3919074535369873,0.4864577651023865
9148,223,1,True,0.7540000081062317,9,4,12,0.8919074535369873,1.0,0.9864578247070312,0.3919074535369873,0.4864577651023865
9149,223,1,True,0.7540000081062317,9,4,12,0.8919074535369873,1.0,0.9864578247070312,0.3919074535369873,0.4864577651023865
9150,223,1,True,0.7540000081062317,9,4,12,0.8919074535369873,1.0,0.9864578247070312,0.3919074535369873,0.4864577651023865
9151,223,1,True,0.7540000081062317,9,4,12,0.8919074535369873,1.0,0.9864578247070312,0.3919074535369873,0.4864577651023865
9152,223,1,True,0.7540000081062317,9,4,12,0.8919074535369873,1.0,0.9864578247070312,0.3919074535369873,0.4864577651023865
9154,223,1,True,0.7540000081062317,9,4,12,0.8919074535369873,1.0,0.9864578247070312,0.3919074535369873,0.4864577651023865
9157,223,1,True,0.7540000081062317,9,4,12,0.8919074535369873,1.0,0.9864578247070312,0.3919074535369873,0.4864577651023865
9159,223,1,True,0.7540000081062317,9,4,12,0.8919074535369873,1.0,0.9864578247070312,0.3919074535369873,0.4864577651023865
2146,245,1,True,0.7540000081062317,9,4,12,0.5527760982513428,1.0,0.8641984462738037,0.05277609825134277,0.3641984462738037
2147,245,1,True,0.7540000081062317,9,4,12,0.5527760982513428,1.0,0.8641984462738037,0.05277609825134277,0.3641984462738037
2149,245,1,True,0.7540000081062317,9,4,12,0.5527760982513428,1.0,0.8641984462738037,0.05277609825134277,0.3641984462738037
2151,245,1,True,0.7540000081062317,9,4,12,0.5527760982513428,1.0,0.8641984462738037,0.05277609825134277,0.3641984462738037
2152,245,1,True,0.7540000081062317,9,4,12,0.5527760982513428,1.0,0.8641984462738037,0.05277609825134277,0.3641984462738037
2154,245,1,True,0.7540000081062317,9,4,12,0.5527760982513428,1.0,0.8641984462738037,0.05277609825134277,0.3641984462738037
10000,245,1,True,0.7540000081062317,9,4,12,0.5527760982513428,1.0,0.8641984462738037,0.05277609825134277,0.3641984462738037
10001,245,1,True,0.7540000081062317,9,4,12,0.5527760982513428,1.0,0.8641984462738037,0.05277609825134277,0.3641984462738037
10002,245,1,True,0.7540000081062317,9,4,12,0.5527760982513428,1.0,0.8641984462738037,0.05277609825134277,0.3641984462738037
10003,245,1,True,0.7540000081062317,9,4,12,0.5527760982513428,1.0,0.8641984462738037,0.05277609825134277,0.3641984462738037
10004,245,1,True,0.7540000081062317,9,4,12,0.5527760982513428,1.0,0.8641984462738037,0.05277609825134277,0.3641984462738037
10005,245,1,True,0.7540000081062317,9,4,12,0.5527760982513428,1.0,0.8641984462738037,0.05277609825134277,0.3641984462738037
10006,245,1,True,0.7540000081062317,9,4,12,0.5527760982513428,1.0,0.8641984462738037,0.05277609825134277,0.3641984462738037
10008,245,1,True,0.7540000081062317,9,4,12,0.5527760982513428,1.0,0.8641984462738037,0.05277609825134277,0.3641984462738037
10010,245,1,True,0.7540000081062317,9,4,12,0.5527760982513428,1.0,0.8641984462738037,0.05277609825134277,0.3641984462738037
10011,245,1,True,0.7540000081062317,9,4,12,0.5527760982513428,1.0,0.8641984462738037,0.05277609825134277,0.3641984462738037
10012,245,1,True,0.7540000081062317,9,4,12,0.5527760982513428,1.0,0.8641984462738037,0.05277609825134277,0.3641984462738037
10013,245,1,True,0.7540000081062317,9,4,12,0.5527760982513428,1.0,0.8641984462738037,0.05277609825134277,0.3641984462738037
10015,245,1,True,0.7540000081062317,9,4,12,0.5527760982513428,1.0,0.8641984462738037,0.05277609825134277,0.3641984462738037
10016,245,1,True,0.7540000081062317,9,4,12,0.5527760982513428,1.0,0.8641984462738037,0.05277609825134277,0.3641984462738037
10018,245,1,True,0.7540000081062317,9,4,12,0.5527760982513428,1.0,0.8641984462738037,0.05277609825134277,0.3641984462738037
10019,245,1,True,0.7540000081062317,9,4,12,0.5527760982513428,1.0,0.8641984462738037,0.05277609825134277,0.3641984462738037
10020,245,1,True,0.7540000081062317,9,4,12,0.5527760982513428,1.0,0.8641984462738037,0.05277609825134277,0.3641984462738037
10022,245,1,True,0.7540000081062317,9,4,12,0.5527760982513428,1.0,0.8641984462738037,0.05277609825134277,0.3641984462738037
10023,245,1,True,0.7540000081062317,9,4,12,0.5527760982513428,1.0,0.8641984462738037,0.05277609825134277,0.3641984462738037
10025,245,1,True,0.7540000081062317,9,4,12,0.5527760982513428,1.0,0.8641984462738037,0.05277609825134277,0.3641984462738037
10026,245,1,True,0.7540000081062317,9,4,12,0.5527760982513428,1.0,0.8641984462738037,0.05277609825134277,0.3641984462738037
10027,245,1,True,0.7540000081062317,9,4,12,0.5527760982513428,1.0,0.8641984462738037,0.05277609825134277,0.3641984462738037
10028,245,1,True,0.7540000081062317,9,4,12,0.5527760982513428,1.0,0.8641984462738037,0.05277609825134277,0.3641984462738037
10030,245,1,True,0.7540000081062317,9,4,12,0.5527760982513428,1.0,0.8641984462738037,0.05277609825134277,0.3641984462738037
10031,245,1,True,0.7540000081062317,9,4,12,0.5527760982513428,1.0,0.8641984462738037,0.05277609825134277,0.3641984462738037
10032,245,1,True,0.7540000081062317,9,4,12,0.5527760982513428,1.0,0.8641984462738037,0.05277609825134277,0.3641984462738037
10033,245,1,True,0.7540000081062317,9,4,12,0.5527760982513428,1.0,0.8641984462738037,0.05277609825134277,0.3641984462738037
10035,245,1,True,0.7540000081062317,9,4,12,0.5527760982513428,1.0,0.8641984462738037,0.05277609825134277,0.3641984462738037
2155,245,1,True,0.7559999823570251,9,4,12,0.5527760982513428,1.0,0.8641984462738037,0.05277609825134277,0.3641984462738037
10037,245,1,True,0.7559999823570251,9,4,12,0.5527760982513428,1.0,0.8641984462738037,0.05277609825134277,0.3641984462738037
10038,245,1,True,0.7559999823570251,9,4,12,0.5527760982513428,1.0,0.8641984462738037,0.05277609825134277,0.3641984462738037
10039,245,1,True,0.7559999823570251,9,4,12,0.5527760982513428,1.0,0.8641984462738037,0.05277609825134277,0.3641984462738037
814,124,1,True,0.7580000162124634,9,4,12,0.9995484948158264,1.0,0.9997767210006714,0.4986521601676941,0.4997767210006714
815,124,1,True,0.7580000162124634,9,4,12,0.9995484948158264,1.0,0.9997767210006714,0.4986521601676941,0.4997767210006714
816,124,1,True,0.7580000162124634,9,4,12,0.9995484948158264,1.0,0.9997767210006714,0.4986521601676941,0.4997767210006714
817,124,1,True,0.7580000162124634,9,4,12,0.9995484948158264,1.0,0.9997767210006714,0.4986521601676941,0.4997767210006714
5160,124,1,True,0.7580000162124634,9,4,12,0.9995484948158264,1.0,0.9997767210006714,0.4986521601676941,0.4997767210006714
5162,124,1,True,0.7580000162124634,9,4,12,0.9995484948158264,1.0,0.9997767210006714,0.4986521601676941,0.4997767210006714
5164,124,1,True,0.7580000162124634,9,4,12,0.9995484948158264,1.0,0.9997767210006714,0.4986521601676941,0.4997767210006714
5165,124,1,True,0.7580000162124634,9,4,12,0.9995484948158264,1.0,0.9997767210006714,0.4986521601676941,0.4997767210006714
5167,124,1,True,0.7580000162124634,9,4,12,0.9995484948158264,1.0,0.9997767210006714,0.4986521601676941,0.4997767210006714
5168,124,1,True,0.7580000162124634,9,4,12,0.9995484948158264,1.0,0.9997767210006714,0.4986521601676941,0.4997767210006714
5169,124,1,True,0.7580000162124634,9,4,12,0.9995484948158264,1.0,0.9997767210006714,0.4986521601676941,0.4997767210006714
5171,124,1,True,0.7580000162124634,9,4,12,0.9995484948158264,1.0,0.9997767210006714,0.4986521601676941,0.4997767210006714
5173,124,1,True,0.7580000162124634,9,4,12,0.9995484948158264,1.0,0.9997767210006714,0.4986521601676941,0.4997767210006714
5174,124,1,True,0.7580000162124634,9,4,12,0.9995484948158264,1.0,0.9997767210006714,0.4986521601676941,0.4997767210006714
5175,124,1,True,0.7580000162124634,9,4,12,0.9995484948158264,1.0,0.9997767210006714,0.4986521601676941,0.4997767210006714
1310,169,1,True,0.7580000162124634,9,4,12,0.8919074535369873,0.9976795315742493,0.7512177228927612,0.02097579836845398,0.27229946851730347
1311,169,1,True,0.7580000162124634,9,4,12,0.8919074535369873,0.9976795315742493,0.7512177228927612,0.02097579836845398,0.27229946851730347
1312,169,1,True,0.7580000162124634,9,4,12,0.8919074535369873,0.9976795315742493,0.7512177228927612,0.02097579836845398,0.27229946851730347
1314,169,1,True,0.7580000162124634,9,4,12,0.8919074535369873,0.9976795315742493,0.7512177228927612,0.02097579836845398,0.27229946851730347
1316,169,1,True,0.7580000162124634,9,4,12,0.8919074535369873,0.9976795315742493,0.7512177228927612,0.02097579836845398,0.27229946851730347
1317,169,1,True,0.7580000162124634,9,4,12,0.8919074535369873,0.9976795315742493,0.7512177228927612,0.02097579836845398,0.27229946851730347
1319,169,1,True,0.7580000162124634,9,4,12,0.8919074535369873,0.9976795315742493,0.7512177228927612,0.02097579836845398,0.27229946851730347
6960,169,1,True,0.7580000162124634,9,4,12,0.8919074535369873,0.9976795315742493,0.7512177228927612,0.02097579836845398,0.27229946851730347
6962,169,1,True,0.7580000162124634,9,4,12,0.8919074535369873,0.9976795315742493,0.7512177228927612,0.02097579836845398,0.27229946851730347
6963,169,1,True,0.7580000162124634,9,4,12,0.8919074535369873,0.9976795315742493,0.7512177228927612,0.02097579836845398,0.27229946851730347
6964,169,1,True,0.7580000162124634,9,4,12,0.8919074535369873,0.9976795315742493,0.7512177228927612,0.02097579836845398,0.27229946851730347
6965,169,1,True,0.7580000162124634,9,4,12,0.8919074535369873,0.9976795315742493,0.7512177228927612,0.02097579836845398,0.27229946851730347
6966,169,1,True,0.7580000162124634,9,4,12,0.8919074535369873,0.9976795315742493,0.7512177228927612,0.02097579836845398,0.27229946851730347
6967,169,1,True,0.7580000162124634,9,4,12,0.8919074535369873,0.9976795315742493,0.7512177228927612,0.02097579836845398,0.27229946851730347
6969,169,1,True,0.7580000162124634,9,4,12,0.8919074535369873,0.9976795315742493,0.7512177228927612,0.02097579836845398,0.27229946851730347
6972,169,1,True,0.7580000162124634,9,4,12,0.8919074535369873,0.9976795315742493,0.7512177228927612,0.02097579836845398,0.27229946851730347
6973,169,1,True,0.7580000162124634,9,4,12,0.8919074535369873,0.9976795315742493,0.7512177228927612,0.02097579836845398,0.27229946851730347
6974,169,1,True,0.7580000162124634,9,4,12,0.8919074535369873,0.9976795315742493,0.7512177228927612,0.02097579836845398,0.27229946851730347
6975,169,1,True,0.7580000162124634,9,4,12,0.8919074535369873,0.9976795315742493,0.7512177228927612,0.02097579836845398,0.27229946851730347
6976,169,1,True,0.7580000162124634,9,4,12,0.8919074535369873,0.9976795315742493,0.7512177228927612,0.02097579836845398,0.27229946851730347
6977,169,1,True,0.7580000162124634,9,4,12,0.8919074535369873,0.9976795315742493,0.7512177228927612,0.02097579836845398,0.27229946851730347
6978,169,1,True,0.7580000162124634,9,4,12,0.8919074535369873,0.9976795315742493,0.7512177228927612,0.02097579836845398,0.27229946851730347
6979,169,1,True,0.7580000162124634,9,4,12,0.8919074535369873,0.9976795315742493,0.7512177228927612,0.02097579836845398,0.27229946851730347
6980,169,1,True,0.7580000162124634,9,4,12,0.8919074535369873,0.9976795315742493,0.7512177228927612,0.02097579836845398,0.27229946851730347
6981,169,1,True,0.7580000162124634,9,4,12,0.8919074535369873,0.9976795315742493,0.7512177228927612,0.02097579836845398,0.27229946851730347
6982,169,1,True,0.7580000162124634,9,4,12,0.8919074535369873,0.9976795315742493,0.7512177228927612,0.02097579836845398,0.27229946851730347
6983,169,1,True,0.7580000162124634,9,4,12,0.8919074535369873,0.9976795315742493,0.7512177228927612,0.02097579836845398,0.27229946851730347
6985,169,1,True,0.7580000162124634,9,4,12,0.8919074535369873,0.9976795315742493,0.7512177228927612,0.02097579836845398,0.27229946851730347
6986,169,1,True,0.7580000162124634,9,4,12,0.8919074535369873,0.9976795315742493,0.7512177228927612,0.02097579836845398,0.27229946851730347
6987,169,1,True,0.7580000162124634,9,4,12,0.8919074535369873,0.9976795315742493,0.7512177228927612,0.02097579836845398,0.27229946851730347
6989,169,1,True,0.7580000162124634,9,4,12,0.8919074535369873,0.9976795315742493,0.7512177228927612,0.02097579836845398,0.27229946851730347
6990,169,1,True,0.7580000162124634,9,4,12,0.8919074535369873,0.9976795315742493,0.7512177228927612,0.02097579836845398,0.27229946851730347
6991,169,1,True,0.7580000162124634,9,4,12,0.8919074535369873,0.9976795315742493,0.7512177228927612,0.02097579836845398,0.27229946851730347
6992,169,1,True,0.7580000162124634,9,4,12,0.8919074535369873,0.9976795315742493,0.7512177228927612,0.02097579836845398,0.27229946851730347
6994,169,1,True,0.7580000162124634,9,4,12,0.8919074535369873,0.9976795315742493,0.7512177228927612,0.02097579836845398,0.27229946851730347
6995,169,1,True,0.7580000162124634,9,4,12,0.8919074535369873,0.9976795315742493,0.7512177228927612,0.02097579836845398,0.27229946851730347
6997,169,1,True,0.7580000162124634,9,4,12,0.8919074535369873,0.9976795315742493,0.7512177228927612,0.02097579836845398,0.27229946851730347
6998,169,1,True,0.7580000162124634,9,4,12,0.8919074535369873,0.9976795315742493,0.7512177228927612,0.02097579836845398,0.27229946851730347
1562,192,1,True,0.7580000162124634,9,4,12,0.5527760982513428,1.0,0.9090933203697205,0.05277609825134277,0.40909332036972046
1565,192,1,True,0.7580000162124634,9,4,12,0.5527760982513428,1.0,0.9090933203697205,0.05277609825134277,0.40909332036972046
1566,192,1,True,0.7580000162124634,9,4,12,0.5527760982513428,1.0,0.9090933203697205,0.05277609825134277,0.40909332036972046
1567,192,1,True,0.7580000162124634,9,4,12,0.5527760982513428,1.0,0.9090933203697205,0.05277609825134277,0.40909332036972046
1568,192,1,True,0.7580000162124634,9,4,12,0.5527760982513428,1.0,0.9090933203697205,0.05277609825134277,0.40909332036972046
1569,192,1,True,0.7580000162124634,9,4,12,0.5527760982513428,1.0,0.9090933203697205,0.05277609825134277,0.40909332036972046
1571,192,1,True,0.7580000162124634,9,4,12,0.5527760982513428,1.0,0.9090933203697205,0.05277609825134277,0.40909332036972046
1572,192,1,True,0.7580000162124634,9,4,12,0.5527760982513428,1.0,0.9090933203697205,0.05277609825134277,0.40909332036972046
7880,192,1,True,0.7580000162124634,9,4,12,0.5527760982513428,1.0,0.9090933203697205,0.05277609825134277,0.40909332036972046
7881,192,1,True,0.7580000162124634,9,4,12,0.5527760982513428,1.0,0.9090933203697205,0.05277609825134277,0.40909332036972046
7883,192,1,True,0.7580000162124634,9,4,12,0.5527760982513428,1.0,0.9090933203697205,0.05277609825134277,0.40909332036972046
7885,192,1,True,0.7580000162124634,9,4,12,0.5527760982513428,1.0,0.9090933203697205,0.05277609825134277,0.40909332036972046
7886,192,1,True,0.7580000162124634,9,4,12,0.5527760982513428,1.0,0.9090933203697205,0.05277609825134277,0.40909332036972046
7888,192,1,True,0.7580000162124634,9,4,12,0.5527760982513428,1.0,0.9090933203697205,0.05277609825134277,0.40909332036972046
7890,192,1,True,0.7580000162124634,9,4,12,0.5527760982513428,1.0,0.9090933203697205,0.05277609825134277,0.40909332036972046
7891,192,1,True,0.7580000162124634,9,4,12,0.5527760982513428,1.0,0.9090933203697205,0.05277609825134277,0.40909332036972046
7894,192,1,True,0.7580000162124634,9,4,12,0.5527760982513428,1.0,0.9090933203697205,0.05277609825134277,0.40909332036972046
7896,192,1,True,0.7580000162124634,9,4,12,0.5527760982513428,1.0,0.9090933203697205,0.05277609825134277,0.40909332036972046
7897,192,1,True,0.7580000162124634,9,4,12,0.5527760982513428,1.0,0.9090933203697205,0.05277609825134277,0.40909332036972046
7900,192,1,True,0.7580000162124634,9,4,12,0.5527760982513428,1.0,0.9090933203697205,0.05277609825134277,0.40909332036972046
7901,192,1,True,0.7580000162124634,9,4,12,0.5527760982513428,1.0,0.9090933203697205,0.05277609825134277,0.40909332036972046
7902,192,1,True,0.7580000162124634,9,4,12,0.5527760982513428,1.0,0.9090933203697205,0.05277609825134277,0.40909332036972046
7903,192,1,True,0.7580000162124634,9,4,12,0.5527760982513428,1.0,0.9090933203697205,0.05277609825134277,0.40909332036972046
7904,192,1,True,0.7580000162124634,9,4,12,0.5527760982513428,1.0,0.9090933203697205,0.05277609825134277,0.40909332036972046
7905,192,1,True,0.7580000162124634,9,4,12,0.5527760982513428,1.0,0.9090933203697205,0.05277609825134277,0.40909332036972046
7906,192,1,True,0.7580000162124634,9,4,12,0.5527760982513428,1.0,0.9090933203697205,0.05277609825134277,0.40909332036972046
7908,192,1,True,0.7580000162124634,9,4,12,0.5527760982513428,1.0,0.9090933203697205,0.05277609825134277,0.40909332036972046
7909,192,1,True,0.7580000162124634,9,4,12,0.5527760982513428,1.0,0.9090933203697205,0.05277609825134277,0.40909332036972046
7910,192,1,True,0.7580000162124634,9,4,12,0.5527760982513428,1.0,0.9090933203697205,0.05277609825134277,0.40909332036972046
7911,192,1,True,0.7580000162124634,9,4,12,0.5527760982513428,1.0,0.9090933203697205,0.05277609825134277,0.40909332036972046
7912,192,1,True,0.7580000162124634,9,4,12,0.5527760982513428,1.0,0.9090933203697205,0.05277609825134277,0.40909332036972046
7913,192,1,True,0.7580000162124634,9,4,12,0.5527760982513428,1.0,0.9090933203697205,0.05277609825134277,0.40909332036972046
7914,192,1,True,0.7580000162124634,9,4,12,0.5527760982513428,1.0,0.9090933203697205,0.05277609825134277,0.40909332036972046
7915,192,1,True,0.7580000162124634,9,4,12,0.5527760982513428,1.0,0.9090933203697205,0.05277609825134277,0.40909332036972046
7916,192,1,True,0.7580000162124634,9,4,12,0.5527760982513428,1.0,0.9090933203697205,0.05277609825134277,0.40909332036972046
7917,192,1,True,0.7580000162124634,9,4,12,0.5527760982513428,1.0,0.9090933203697205,0.05277609825134277,0.40909332036972046
7918,192,1,True,0.7580000162124634,9,4,12,0.5527760982513428,1.0,0.9090933203697205,0.05277609825134277,0.40909332036972046
7919,192,1,True,0.7580000162124634,9,4,12,0.5527760982513428,1.0,0.9090933203697205,0.05277609825134277,0.40909332036972046
819,124,1,True,0.7599999904632568,9,4,12,0.9995484948158264,1.0,0.9997767210006714,0.4986521601676941,0.4997767210006714
821,124,1,True,0.7599999904632568,9,4,12,0.9995484948158264,1.0,0.9997767210006714,0.4986521601676941,0.4997767210006714
823,124,1,True,0.7599999904632568,9,4,12,0.9995484948158264,1.0,0.9997767210006714,0.4986521601676941,0.4997767210006714
824,124,1,True,0.7599999904632568,9,4,12,0.9995484948158264,1.0,0.9997767210006714,0.4986521601676941,0.4997767210006714
5178,124,1,True,0.7599999904632568,9,4,12,0.9995484948158264,1.0,0.9997767210006714,0.4986521601676941,0.4997767210006714
5179,124,1,True,0.7599999904632568,9,4,12,0.9995484948158264,1.0,0.9997767210006714,0.4986521601676941,0.4997767210006714
5180,124,1,True,0.7599999904632568,9,4,12,0.9995484948158264,1.0,0.9997767210006714,0.4986521601676941,0.4997767210006714
5182,124,1,True,0.7599999904632568,9,4,12,0.9995484948158264,1.0,0.9997767210006714,0.4986521601676941,0.4997767210006714
5183,124,1,True,0.7599999904632568,9,4,12,0.9995484948158264,1.0,0.9997767210006714,0.4986521601676941,0.4997767210006714
5184,124,1,True,0.7599999904632568,9,4,12,0.9995484948158264,1.0,0.9997767210006714,0.4986521601676941,0.4997767210006714
5185,124,1,True,0.7599999904632568,9,4,12,0.9995484948158264,1.0,0.9997767210006714,0.4986521601676941,0.4997767210006714
5186,124,1,True,0.7599999904632568,9,4,12,0.9995484948158264,1.0,0.9997767210006714,0.4986521601676941,0.4997767210006714
5187,124,1,True,0.7599999904632568,9,4,12,0.9995484948158264,1.0,0.9997767210006714,0.4986521601676941,0.4997767210006714
5192,124,1,True,0.7599999904632568,9,4,12,0.9995484948158264,1.0,0.9997767210006714,0.4986521601676941,0.4997767210006714
5194,124,1,True,0.7599999904632568,9,4,12,0.9995484948158264,1.0,0.9997767210006714,0.4986521601676941,0.4997767210006714
5196,124,1,True,0.7599999904632568,9,4,12,0.9995484948158264,1.0,0.9997767210006714,0.4986521601676941,0.4997767210006714
5197,124,1,True,0.7599999904632568,9,4,12,0.9995484948158264,1.0,0.9997767210006714,0.4986521601676941,0.4997767210006714
5199,124,1,True,0.7599999904632568,9,4,12,0.9995484948158264,1.0,0.9997767210006714,0.4986521601676941,0.4997767210006714
264,74,1,True,0.7620000243186951,9,4,12,0.07457860559225082,0.9999997615814209,0.8843781352043152,0.3919074535369873,0.4789161682128906
265,74,1,True,0.7620000243186951,9,4,12,0.07457860559225082,0.9999997615814209,0.8843781352043152,0.3919074535369873,0.4789161682128906
266,74,1,True,0.7620000243186951,9,4,12,0.07457860559225082,0.9999997615814209,0.8843781352043152,0.3919074535369873,0.4789161682128906
268,74,1,True,0.7620000243186951,9,4,12,0.07457860559225082,0.9999997615814209,0.8843781352043152,0.3919074535369873,0.4789161682128906
269,74,1,True,0.7620000243186951,9,4,12,0.07457860559225082,0.9999997615814209,0.8843781352043152,0.3919074535369873,0.4789161682128906
271,74,1,True,0.7620000243186951,9,4,12,0.07457860559225082,0.9999997615814209,0.8843781352043152,0.3919074535369873,0.4789161682128906
272,74,1,True,0.7620000243186951,9,4,12,0.07457860559225082,0.9999997615814209,0.8843781352043152,0.3919074535369873,0.4789161682128906
273,74,1,True,0.7620000243186951,9,4,12,0.07457860559225082,0.9999997615814209,0.8843781352043152,0.3919074535369873,0.4789161682128906
274,74,1,True,0.7620000243186951,9,4,12,0.07457860559225082,0.9999997615814209,0.8843781352043152,0.3919074535369873,0.4789161682128906
3160,74,1,True,0.7620000243186951,9,4,12,0.07457860559225082,0.9999997615814209,0.8843781352043152,0.3919074535369873,0.4789161682128906
3161,74,1,True,0.7620000243186951,9,4,12,0.07457860559225082,0.9999997615814209,0.8843781352043152,0.3919074535369873,0.4789161682128906
3163,74,1,True,0.7620000243186951,9,4,12,0.07457860559225082,0.9999997615814209,0.8843781352043152,0.3919074535369873,0.4789161682128906
3164,74,1,True,0.7620000243186951,9,4,12,0.07457860559225082,0.9999997615814209,0.8843781352043152,0.3919074535369873,0.4789161682128906
3166,74,1,True,0.7620000243186951,9,4,12,0.07457860559225082,0.9999997615814209,0.8843781352043152,0.3919074535369873,0.4789161682128906
3167,74,1,True,0.7620000243186951,9,4,12,0.07457860559225082,0.9999997615814209,0.8843781352043152,0.3919074535369873,0.4789161682128906
3168,74,1,True,0.7620000243186951,9,4,12,0.07457860559225082,0.9999997615814209,0.8843781352043152,0.3919074535369873,0.4789161682128906
3169,74,1,True,0.7620000243186951,9,4,12,0.07457860559225082,0.9999997615814209,0.8843781352043152,0.3919074535369873,0.4789161682128906
3170,74,1,True,0.7620000243186951,9,4,12,0.07457860559225082,0.9999997615814209,0.8843781352043152,0.3919074535369873,0.4789161682128906
3172,74,1,True,0.7620000243186951,9,4,12,0.07457860559225082,0.9999997615814209,0.8843781352043152,0.3919074535369873,0.4789161682128906
3176,74,1,True,0.7620000243186951,9,4,12,0.07457860559225082,0.9999997615814209,0.8843781352043152,0.3919074535369873,0.4789161682128906
3177,74,1,True,0.7620000243186951,9,4,12,0.07457860559225082,0.9999997615814209,0.8843781352043152,0.3919074535369873,0.4789161682128906
3179,74,1,True,0.7620000243186951,9,4,12,0.07457860559225082,0.9999997615814209,0.8843781352043152,0.3919074535369873,0.4789161682128906
3180,74,1,True,0.7620000243186951,9,4,12,0.07457860559225082,0.9999997615814209,0.8843781352043152,0.3919074535369873,0.4789161682128906
3181,74,1,True,0.7620000243186951,9,4,12,0.07457860559225082,0.9999997615814209,0.8843781352043152,0.3919074535369873,0.4789161682128906
3182,74,1,True,0.7620000243186951,9,4,12,0.07457860559225082,0.9999997615814209,0.8843781352043152,0.3919074535369873,0.4789161682128906
3183,74,1,True,0.7620000243186951,9,4,12,0.07457860559225082,0.9999997615814209,0.8843781352043152,0.3919074535369873,0.4789161682128906
3185,74,1,True,0.7620000243186951,9,4,12,0.07457860559225082,0.9999997615814209,0.8843781352043152,0.3919074535369873,0.4789161682128906
3186,74,1,True,0.7620000243186951,9,4,12,0.07457860559225082,0.9999997615814209,0.8843781352043152,0.3919074535369873,0.4789161682128906
3187,74,1,True,0.7620000243186951,9,4,12,0.07457860559225082,0.9999997615814209,0.8843781352043152,0.3919074535369873,0.4789161682128906
3191,74,1,True,0.7620000243186951,9,4,12,0.07457860559225082,0.9999997615814209,0.8843781352043152,0.3919074535369873,0.4789161682128906
3192,74,1,True,0.7620000243186951,9,4,12,0.07457860559225082,0.9999997615814209,0.8843781352043152,0.3919074535369873,0.4789161682128906
3194,74,1,True,0.7620000243186951,9,4,12,0.07457860559225082,0.9999997615814209,0.8843781352043152,0.3919074535369873,0.4789161682128906
3195,74,1,True,0.7620000243186951,9,4,12,0.07457860559225082,0.9999997615814209,0.8843781352043152,0.3919074535369873,0.4789161682128906
3197,74,1,True,0.7620000243186951,9,4,12,0.07457860559225082,0.9999997615814209,0.8843781352043152,0.3919074535369873,0.4789161682128906
3198,74,1,True,0.7620000243186951,9,4,12,0.07457860559225082,0.9999997615814209,0.8843781352043152,0.3919074535369873,0.4789161682128906
3199,74,1,True,0.7620000243186951,9,4,12,0.07457860559225082,0.9999997615814209,0.8843781352043152,0.3919074535369873,0.4789161682128906
561,101,1,True,0.7620000243186951,9,4,12,0.07457860559225082,0.999718964099884,0.7444131374359131,0.05277609825134277,0.43348923325538635
563,101,1,True,0.7620000243186951,9,4,12,0.07457860559225082,0.999718964099884,0.7444131374359131,0.05277609825134277,0.43348923325538635
564,101,1,True,0.7620000243186951,9,4,12,0.07457860559225082,0.999718964099884,0.7444131374359131,0.05277609825134277,0.43348923325538635
565,101,1,True,0.7620000243186951,9,4,12,0.07457860559225082,0.999718964099884,0.7444131374359131,0.05277609825134277,0.43348923325538635
568,101,1,True,0.7620000243186951,9,4,12,0.07457860559225082,0.999718964099884,0.7444131374359131,0.05277609825134277,0.43348923325538635
570,101,1,True,0.7620000243186951,9,4,12,0.07457860559225082,0.999718964099884,0.7444131374359131,0.05277609825134277,0.43348923325538635
4240,101,1,True,0.7620000243186951,9,4,12,0.07457860559225082,0.999718964099884,0.7444131374359131,0.05277609825134277,0.43348923325538635
4242,101,1,True,0.7620000243186951,9,4,12,0.07457860559225082,0.999718964099884,0.7444131374359131,0.05277609825134277,0.43348923325538635
4243,101,1,True,0.7620000243186951,9,4,12,0.07457860559225082,0.999718964099884,0.7444131374359131,0.05277609825134277,0.43348923325538635
4244,101,1,True,0.7620000243186951,9,4,12,0.07457860559225082,0.999718964099884,0.7444131374359131,0.05277609825134277,0.43348923325538635
4247,101,1,True,0.7620000243186951,9,4,12,0.07457860559225082,0.999718964099884,0.7444131374359131,0.05277609825134277,0.43348923325538635
4248,101,1,True,0.7620000243186951,9,4,12,0.07457860559225082,0.999718964099884,0.7444131374359131,0.05277609825134277,0.43348923325538635
4251,101,1,True,0.7620000243186951,9,4,12,0.07457860559225082,0.999718964099884,0.7444131374359131,0.05277609825134277,0.43348923325538635
4252,101,1,True,0.7620000243186951,9,4,12,0.07457860559225082,0.999718964099884,0.7444131374359131,0.05277609825134277,0.43348923325538635
4253,101,1,True,0.7620000243186951,9,4,12,0.07457860559225082,0.999718964099884,0.7444131374359131,0.05277609825134277,0.43348923325538635
4255,101,1,True,0.7620000243186951,9,4,12,0.07457860559225082,0.999718964099884,0.7444131374359131,0.05277609825134277,0.43348923325538635
4256,101,1,True,0.7620000243186951,9,4,12,0.07457860559225082,0.999718964099884,0.7444131374359131,0.05277609825134277,0.43348923325538635
4258,101,1,True,0.7620000243186951,9,4,12,0.07457860559225082,0.999718964099884,0.7444131374359131,0.05277609825134277,0.43348923325538635
4259,101,1,True,0.7620000243186951,9,4,12,0.07457860559225082,0.999718964099884,0.7444131374359131,0.05277609825134277,0.43348923325538635
4260,101,1,True,0.7620000243186951,9,4,12,0.07457860559225082,0.999718964099884,0.7444131374359131,0.05277609825134277,0.43348923325538635
4262,101,1,True,0.7620000243186951,9,4,12,0.07457860559225082,0.999718964099884,0.7444131374359131,0.05277609825134277,0.43348923325538635
4263,101,1,True,0.7620000243186951,9,4,12,0.07457860559225082,0.999718964099884,0.7444131374359131,0.05277609825134277,0.43348923325538635
4264,101,1,True,0.7620000243186951,9,4,12,0.07457860559225082,0.999718964099884,0.7444131374359131,0.05277609825134277,0.43348923325538635
4265,101,1,True,0.7620000243186951,9,4,12,0.07457860559225082,0.999718964099884,0.7444131374359131,0.05277609825134277,0.43348923325538635
4266,101,1,True,0.7620000243186951,9,4,12,0.07457860559225082,0.999718964099884,0.7444131374359131,0.05277609825134277,0.43348923325538635
4267,101,1,True,0.7620000243186951,9,4,12,0.07457860559225082,0.999718964099884,0.7444131374359131,0.05277609825134277,0.43348923325538635
4269,101,1,True,0.7620000243186951,9,4,12,0.07457860559225082,0.999718964099884,0.7444131374359131,0.05277609825134277,0.43348923325538635
4272,101,1,True,0.7620000243186951,9,4,12,0.07457860559225082,0.999718964099884,0.7444131374359131,0.05277609825134277,0.43348923325538635
4274,101,1,True,0.7620000243186951,9,4,12,0.07457860559225082,0.999718964099884,0.7444131374359131,0.05277609825134277,0.43348923325538635
4275,101,1,True,0.7620000243186951,9,4,12,0.07457860559225082,0.999718964099884,0.7444131374359131,0.05277609825134277,0.43348923325538635
4276,101,1,True,0.7620000243186951,9,4,12,0.07457860559225082,0.999718964099884,0.7444131374359131,0.05277609825134277,0.43348923325538635
4278,101,1,True,0.7620000243186951,9,4,12,0.07457860559225082,0.999718964099884,0.7444131374359131,0.05277609825134277,0.43348923325538635
4279,101,1,True,0.7620000243186951,9,4,12,0.07457860559225082,0.999718964099884,0.7444131374359131,0.05277609825134277,0.43348923325538635
1210,160,1,True,0.7620000243186951,9,4,12,0.5527760982513428,0.9999996423721313,0.8641932010650635,0.05277609825134277,0.36419323086738586
1211,160,1,True,0.7620000243186951,9,4,12,0.5527760982513428,0.9999996423721313,0.8641932010650635,0.05277609825134277,0.36419323086738586
1212,160,1,True,0.7620000243186951,9,4,12,0.5527760982513428,0.9999996423721313,0.8641932010650635,0.05277609825134277,0.36419323086738586
1214,160,1,True,0.7620000243186951,9,4,12,0.5527760982513428,0.9999996423721313,0.8641932010650635,0.05277609825134277,0.36419323086738586
1215,160,1,True,0.7620000243186951,9,4,12,0.5527760982513428,0.9999996423721313,0.8641932010650635,0.05277609825134277,0.36419323086738586
1216,160,1,True,0.7620000243186951,9,4,12,0.5527760982513428,0.9999996423721313,0.8641932010650635,0.05277609825134277,0.36419323086738586
1218,160,1,True,0.7620000243186951,9,4,12,0.5527760982513428,0.9999996423721313,0.8641932010650635,0.05277609825134277,0.36419323086738586
1219,160,1,True,0.7620000243186951,9,4,12,0.5527760982513428,0.9999996423721313,0.8641932010650635,0.05277609825134277,0.36419323086738586
1220,160,1,True,0.7620000243186951,9,4,12,0.5527760982513428,0.9999996423721313,0.8641932010650635,0.05277609825134277,0.36419323086738586
6600,160,1,True,0.7620000243186951,9,4,12,0.5527760982513428,0.9999996423721313,0.8641932010650635,0.05277609825134277,0.36419323086738586
6602,160,1,True,0.7620000243186951,9,4,12,0.5527760982513428,0.9999996423721313,0.8641932010650635,0.05277609825134277,0.36419323086738586
6605,160,1,True,0.7620000243186951,9,4,12,0.5527760982513428,0.9999996423721313,0.8641932010650635,0.05277609825134277,0.36419323086738586
6606,160,1,True,0.7620000243186951,9,4,12,0.5527760982513428,0.9999996423721313,0.8641932010650635,0.05277609825134277,0.36419323086738586
6607,160,1,True,0.7620000243186951,9,4,12,0.5527760982513428,0.9999996423721313,0.8641932010650635,0.05277609825134277,0.36419323086738586
6608,160,1,True,0.7620000243186951,9,4,12,0.5527760982513428,0.9999996423721313,0.8641932010650635,0.05277609825134277,0.36419323086738586
6609,160,1,True,0.7620000243186951,9,4,12,0.5527760982513428,0.9999996423721313,0.8641932010650635,0.05277609825134277,0.36419323086738586
6612,160,1,True,0.7620000243186951,9,4,12,0.5527760982513428,0.9999996423721313,0.8641932010650635,0.05277609825134277,0.36419323086738586
6613,160,1,True,0.7620000243186951,9,4,12,0.5527760982513428,0.9999996423721313,0.8641932010650635,0.05277609825134277,0.36419323086738586
6615,160,1,True,0.7620000243186951,9,4,12,0.5527760982513428,0.9999996423721313,0.8641932010650635,0.05277609825134277,0.36419323086738586
6617,160,1,True,0.7620000243186951,9,4,12,0.5527760982513428,0.9999996423721313,0.8641932010650635,0.05277609825134277,0.36419323086738586
6620,160,1,True,0.7620000243186951,9,4,12,0.5527760982513428,0.9999996423721313,0.8641932010650635,0.05277609825134277,0.36419323086738586
6621,160,1,True,0.7620000243186951,9,4,12,0.5527760982513428,0.9999996423721313,0.8641932010650635,0.05277609825134277,0.36419323086738586
6622,160,1,True,0.7620000243186951,9,4,12,0.5527760982513428,0.9999996423721313,0.8641932010650635,0.05277609825134277,0.36419323086738586
6623,160,1,True,0.7620000243186951,9,4,12,0.5527760982513428,0.9999996423721313,0.8641932010650635,0.05277609825134277,0.36419323086738586
6628,160,1,True,0.7620000243186951,9,4,12,0.5527760982513428,0.9999996423721313,0.8641932010650635,0.05277609825134277,0.36419323086738586
6631,160,1,True,0.7620000243186951,9,4,12,0.5527760982513428,0.9999996423721313,0.8641932010650635,0.05277609825134277,0.36419323086738586
6632,160,1,True,0.7620000243186951,9,4,12,0.5527760982513428,0.9999996423721313,0.8641932010650635,0.05277609825134277,0.36419323086738586
6634,160,1,True,0.7620000243186951,9,4,12,0.5527760982513428,0.9999996423721313,0.8641932010650635,0.05277609825134277,0.36419323086738586
6635,160,1,True,0.7620000243186951,9,4,12,0.5527760982513428,0.9999996423721313,0.8641932010650635,0.05277609825134277,0.36419323086738586
6636,160,1,True,0.7620000243186951,9,4,12,0.5527760982513428,0.9999996423721313,0.8641932010650635,0.05277609825134277,0.36419323086738586
6637,160,1,True,0.7620000243186951,9,4,12,0.5527760982513428,0.9999996423721313,0.8641932010650635,0.05277609825134277,0.36419323086738586
6638,160,1,True,0.7620000243186951,9,4,12,0.5527760982513428,0.9999996423721313,0.8641932010650635,0.05277609825134277,0.36419323086738586
6639,160,1,True,0.7620000243186951,9,4,12,0.5527760982513428,0.9999996423721313,0.8641932010650635,0.05277609825134277,0.36419323086738586
1431,180,1,True,0.7620000243186951,9,4,12,0.07457860559225082,0.9999996423721313,0.7891061305999756,0.4254213869571686,0.47818225622177124
1432,180,1,True,0.7620000243186951,9,4,12,0.07457860559225082,0.9999996423721313,0.7891061305999756,0.4254213869571686,0.47818225622177124
1433,180,1,True,0.7620000243186951,9,4,12,0.07457860559225082,0.9999996423721313,0.7891061305999756,0.4254213869571686,0.47818225622177124
1434,180,1,True,0.7620000243186951,9,4,12,0.07457860559225082,0.9999996423721313,0.7891061305999756,0.4254213869571686,0.47818225622177124
1436,180,1,True,0.7620000243186951,9,4,12,0.07457860559225082,0.9999996423721313,0.7891061305999756,0.4254213869571686,0.47818225622177124
1437,180,1,True,0.7620000243186951,9,4,12,0.07457860559225082,0.9999996423721313,0.7891061305999756,0.4254213869571686,0.47818225622177124
1439,180,1,True,0.7620000243186951,9,4,12,0.07457860559225082,0.9999996423721313,0.7891061305999756,0.4254213869571686,0.47818225622177124
1440,180,1,True,0.7620000243186951,9,4,12,0.07457860559225082,0.9999996423721313,0.7891061305999756,0.4254213869571686,0.47818225622177124
7400,180,1,True,0.7620000243186951,9,4,12,0.07457860559225082,0.9999996423721313,0.7891061305999756,0.4254213869571686,0.47818225622177124
7401,180,1,True,0.7620000243186951,9,4,12,0.07457860559225082,0.9999996423721313,0.7891061305999756,0.4254213869571686,0.47818225622177124
7402,180,1,True,0.7620000243186951,9,4,12,0.07457860559225082,0.9999996423721313,0.7891061305999756,0.4254213869571686,0.47818225622177124
7404,180,1,True,0.7620000243186951,9,4,12,0.07457860559225082,0.9999996423721313,0.7891061305999756,0.4254213869571686,0.47818225622177124
7405,180,1,True,0.7620000243186951,9,4,12,0.07457860559225082,0.9999996423721313,0.7891061305999756,0.4254213869571686,0.47818225622177124
7406,180,1,True,0.7620000243186951,9,4,12,0.07457860559225082,0.9999996423721313,0.7891061305999756,0.4254213869571686,0.47818225622177124
7408,180,1,True,0.7620000243186951,9,4,12,0.07457860559225082,0.9999996423721313,0.7891061305999756,0.4254213869571686,0.47818225622177124
7409,180,1,True,0.7620000243186951,9,4,12,0.07457860559225082,0.9999996423721313,0.7891061305999756,0.4254213869571686,0.47818225622177124
7411,180,1,True,0.7620000243186951,9,4,12,0.07457860559225082,0.9999996423721313,0.7891061305999756,0.4254213869571686,0.47818225622177124
7412,180,1,True,0.7620000243186951,9,4,12,0.07457860559225082,0.9999996423721313,0.7891061305999756,0.4254213869571686,0.47818225622177124
7413,180,1,True,0.7620000243186951,9,4,12,0.07457860559225082,0.9999996423721313,0.7891061305999756,0.4254213869571686,0.47818225622177124
7414,180,1,True,0.7620000243186951,9,4,12,0.07457860559225082,0.9999996423721313,0.7891061305999756,0.4254213869571686,0.47818225622177124
7415,180,1,True,0.7620000243186951,9,4,12,0.07457860559225082,0.9999996423721313,0.7891061305999756,0.4254213869571686,0.47818225622177124
7417,180,1,True,0.7620000243186951,9,4,12,0.07457860559225082,0.9999996423721313,0.7891061305999756,0.4254213869571686,0.47818225622177124
7418,180,1,True,0.7620000243186951,9,4,12,0.07457860559225082,0.9999996423721313,0.7891061305999756,0.4254213869571686,0.47818225622177124
7419,180,1,True,0.7620000243186951,9,4,12,0.07457860559225082,0.9999996423721313,0.7891061305999756,0.4254213869571686,0.47818225622177124
7420,180,1,True,0.7620000243186951,9,4,12,0.07457860559225082,0.9999996423721313,0.7891061305999756,0.4254213869571686,0.47818225622177124
7421,180,1,True,0.7620000243186951,9,4,12,0.07457860559225082,0.9999996423721313,0.7891061305999756,0.4254213869571686,0.47818225622177124
7422,180,1,True,0.7620000243186951,9,4,12,0.07457860559225082,0.9999996423721313,0.7891061305999756,0.4254213869571686,0.47818225622177124
7423,180,1,True,0.7620000243186951,9,4,12,0.07457860559225082,0.9999996423721313,0.7891061305999756,0.4254213869571686,0.47818225622177124
7425,180,1,True,0.7620000243186951,9,4,12,0.07457860559225082,0.9999996423721313,0.7891061305999756,0.4254213869571686,0.47818225622177124
7426,180,1,True,0.7620000243186951,9,4,12,0.07457860559225082,0.9999996423721313,0.7891061305999756,0.4254213869571686,0.47818225622177124
7427,180,1,True,0.7620000243186951,9,4,12,0.07457860559225082,0.9999996423721313,0.7891061305999756,0.4254213869571686,0.47818225622177124
7428,180,1,True,0.7620000243186951,9,4,12,0.07457860559225082,0.9999996423721313,0.7891061305999756,0.4254213869571686,0.47818225622177124
7429,180,1,True,0.7620000243186951,9,4,12,0.07457860559225082,0.9999996423721313,0.7891061305999756,0.4254213869571686,0.47818225622177124
7430,180,1,True,0.7620000243186951,9,4,12,0.07457860559225082,0.9999996423721313,0.7891061305999756,0.4254213869571686,0.47818225622177124
7431,180,1,True,0.7620000243186951,9,4,12,0.07457860559225082,0.9999996423721313,0.7891061305999756,0.4254213869571686,0.47818225622177124
7432,180,1,True,0.7620000243186951,9,4,12,0.07457860559225082,0.9999996423721313,0.7891061305999756,0.4254213869571686,0.47818225622177124
7434,180,1,True,0.7620000243186951,9,4,12,0.07457860559225082,0.9999996423721313,0.7891061305999756,0.4254213869571686,0.47818225622177124
7437,180,1,True,0.7620000243186951,9,4,12,0.07457860559225082,0.9999996423721313,0.7891061305999756,0.4254213869571686,0.47818225622177124
7438,180,1,True,0.7620000243186951,9,4,12,0.07457860559225082,0.9999996423721313,0.7891061305999756,0.4254213869571686,0.47818225622177124
7439,180,1,True,0.7620000243186951,9,4,12,0.07457860559225082,0.9999996423721313,0.7891061305999756,0.4254213869571686,0.47818225622177124
2035,235,1,True,0.7620000243186951,9,4,12,0.8919074535369873,1.0,0.9879648685455322,0.3919074535369873,0.4879648983478546
2037,235,1,True,0.7620000243186951,9,4,12,0.8919074535369873,1.0,0.9879648685455322,0.3919074535369873,0.4879648983478546
2038,235,1,True,0.7620000243186951,9,4,12,0.8919074535369873,1.0,0.9879648685455322,0.3919074535369873,0.4879648983478546
2040,235,1,True,0.7620000243186951,9,4,12,0.8919074535369873,1.0,0.9879648685455322,0.3919074535369873,0.4879648983478546
2041,235,1,True,0.7620000243186951,9,4,12,0.8919074535369873,1.0,0.9879648685455322,0.3919074535369873,0.4879648983478546
2044,235,1,True,0.7620000243186951,9,4,12,0.8919074535369873,1.0,0.9879648685455322,0.3919074535369873,0.4879648983478546
2045,235,1,True,0.7620000243186951,9,4,12,0.8919074535369873,1.0,0.9879648685455322,0.3919074535369873,0.4879648983478546
9600,235,1,True,0.7620000243186951,9,4,12,0.8919074535369873,1.0,0.9879648685455322,0.3919074535369873,0.4879648983478546
9601,235,1,True,0.7620000243186951,9,4,12,0.8919074535369873,1.0,0.9879648685455322,0.3919074535369873,0.4879648983478546
9602,235,1,True,0.7620000243186951,9,4,12,0.8919074535369873,1.0,0.9879648685455322,0.3919074535369873,0.4879648983478546
9604,235,1,True,0.7620000243186951,9,4,12,0.8919074535369873,1.0,0.9879648685455322,0.3919074535369873,0.4879648983478546
9606,235,1,True,0.7620000243186951,9,4,12,0.8919074535369873,1.0,0.9879648685455322,0.3919074535369873,0.4879648983478546
9608,235,1,True,0.7620000243186951,9,4,12,0.8919074535369873,1.0,0.9879648685455322,0.3919074535369873,0.4879648983478546
9610,235,1,True,0.7620000243186951,9,4,12,0.8919074535369873,1.0,0.9879648685455322,0.3919074535369873,0.4879648983478546
9612,235,1,True,0.7620000243186951,9,4,12,0.8919074535369873,1.0,0.9879648685455322,0.3919074535369873,0.4879648983478546
9614,235,1,True,0.7620000243186951,9,4,12,0.8919074535369873,1.0,0.9879648685455322,0.3919074535369873,0.4879648983478546
9616,235,1,True,0.7620000243186951,9,4,12,0.8919074535369873,1.0,0.9879648685455322,0.3919074535369873,0.4879648983478546
9617,235,1,True,0.7620000243186951,9,4,12,0.8919074535369873,1.0,0.9879648685455322,0.3919074535369873,0.4879648983478546
9618,235,1,True,0.7620000243186951,9,4,12,0.8919074535369873,1.0,0.9879648685455322,0.3919074535369873,0.4879648983478546
9619,235,1,True,0.7620000243186951,9,4,12,0.8919074535369873,1.0,0.9879648685455322,0.3919074535369873,0.4879648983478546
9620,235,1,True,0.7620000243186951,9,4,12,0.8919074535369873,1.0,0.9879648685455322,0.3919074535369873,0.4879648983478546
9621,235,1,True,0.7620000243186951,9,4,12,0.8919074535369873,1.0,0.9879648685455322,0.3919074535369873,0.4879648983478546
9622,235,1,True,0.7620000243186951,9,4,12,0.8919074535369873,1.0,0.9879648685455322,0.3919074535369873,0.4879648983478546
9623,235,1,True,0.7620000243186951,9,4,12,0.8919074535369873,1.0,0.9879648685455322,0.3919074535369873,0.4879648983478546
9624,235,1,True,0.7620000243186951,9,4,12,0.8919074535369873,1.0,0.9879648685455322,0.3919074535369873,0.4879648983478546
9625,235,1,True,0.7620000243186951,9,4,12,0.8919074535369873,1.0,0.9879648685455322,0.3919074535369873,0.4879648983478546
9627,235,1,True,0.7620000243186951,9,4,12,0.8919074535369873,1.0,0.9879648685455322,0.3919074535369873,0.4879648983478546
9628,235,1,True,0.7620000243186951,9,4,12,0.8919074535369873,1.0,0.9879648685455322,0.3919074535369873,0.4879648983478546
9629,235,1,True,0.7620000243186951,9,4,12,0.8919074535369873,1.0,0.9879648685455322,0.3919074535369873,0.4879648983478546
9630,235,1,True,0.7620000243186951,9,4,12,0.8919074535369873,1.0,0.9879648685455322,0.3919074535369873,0.4879648983478546
9631,235,1,True,0.7620000243186951,9,4,12,0.8919074535369873,1.0,0.9879648685455322,0.3919074535369873,0.4879648983478546
9632,235,1,True,0.7620000243186951,9,4,12,0.8919074535369873,1.0,0.9879648685455322,0.3919074535369873,0.4879648983478546
9633,235,1,True,0.7620000243186951,9,4,12,0.8919074535369873,1.0,0.9879648685455322,0.3919074535369873,0.4879648983478546
9635,235,1,True,0.7620000243186951,9,4,12,0.8919074535369873,1.0,0.9879648685455322,0.3919074535369873,0.4879648983478546
1089,149,1,True,0.7639999985694885,9,4,12,0.9528517723083496,1.0,0.9934870600700378,0.4528517723083496,0.49348708987236023
1090,149,1,True,0.7639999985694885,9,4,12,0.9528517723083496,1.0,0.9934870600700378,0.4528517723083496,0.49348708987236023
1091,149,1,True,0.7639999985694885,9,4,12,0.9528517723083496,1.0,0.9934870600700378,0.4528517723083496,0.49348708987236023
1092,149,1,True,0.7639999985694885,9,4,12,0.9528517723083496,1.0,0.9934870600700378,0.4528517723083496,0.49348708987236023
1094,149,1,True,0.7639999985694885,9,4,12,0.9528517723083496,1.0,0.9934870600700378,0.4528517723083496,0.49348708987236023
6160,149,1,True,0.7639999985694885,9,4,12,0.9528517723083496,1.0,0.9934870600700378,0.4528517723083496,0.49348708987236023
6161,149,1,True,0.7639999985694885,9,4,12,0.9528517723083496,1.0,0.9934870600700378,0.4528517723083496,0.49348708987236023
6162,149,1,True,0.7639999985694885,9,4,12,0.9528517723083496,1.0,0.9934870600700378,0.4528517723083496,0.49348708987236023
6163,149,1,True,0.7639999985694885,9,4,12,0.9528517723083496,1.0,0.9934870600700378,0.4528517723083496,0.49348708987236023
6164,149,1,True,0.7639999985694885,9,4,12,0.9528517723083496,1.0,0.9934870600700378,0.4528517723083496,0.49348708987236023
6165,149,1,True,0.7639999985694885,9,4,12,0.9528517723083496,1.0,0.9934870600700378,0.4528517723083496,0.49348708987236023
6167,149,1,True,0.7639999985694885,9,4,12,0.9528517723083496,1.0,0.9934870600700378,0.4528517723083496,0.49348708987236023
6168,149,1,True,0.7639999985694885,9,4,12,0.9528517723083496,1.0,0.9934870600700378,0.4528517723083496,0.49348708987236023
6170,149,1,True,0.7639999985694885,9,4,12,0.9528517723083496,1.0,0.9934870600700378,0.4528517723083496,0.49348708987236023
6173,149,1,True,0.7639999985694885,9,4,12,0.9528517723083496,1.0,0.9934870600700378,0.4528517723083496,0.49348708987236023
6175,149,1,True,0.7639999985694885,9,4,12,0.9528517723083496,1.0,0.9934870600700378,0.4528517723083496,0.49348708987236023
6177,149,1,True,0.7639999985694885,9,4,12,0.9528517723083496,1.0,0.9934870600700378,0.4528517723083496,0.49348708987236023
6178,149,1,True,0.7639999985694885,9,4,12,0.9528517723083496,1.0,0.9934870600700378,0.4528517723083496,0.49348708987236023
6179,149,1,True,0.7639999985694885,9,4,12,0.9528517723083496,1.0,0.9934870600700378,0.4528517723083496,0.49348708987236023
1727,207,1,True,0.7639999985694885,9,4,12,0.9995484948158264,0.9994843006134033,0.9968860149383545,0.4847634434700012,0.4968860447406769
1729,207,1,True,0.7639999985694885,9,4,12,0.9995484948158264,0.9994843006134033,0.9968860149383545,0.4847634434700012,0.4968860447406769
1730,207,1,True,0.7639999985694885,9,4,12,0.9995484948158264,0.9994843006134033,0.9968860149383545,0.4847634434700012,0.4968860447406769
1733,207,1,True,0.7639999985694885,9,4,12,0.9995484948158264,0.9994843006134033,0.9968860149383545,0.4847634434700012,0.4968860447406769
1735,207,1,True,0.7639999985694885,9,4,12,0.9995484948158264,0.9994843006134033,0.9968860149383545,0.4847634434700012,0.4968860447406769
8480,207,1,True,0.7639999985694885,9,4,12,0.9995484948158264,0.9994843006134033,0.9968860149383545,0.4847634434700012,0.4968860447406769
8482,207,1,True,0.7639999985694885,9,4,12,0.9995484948158264,0.9994843006134033,0.9968860149383545,0.4847634434700012,0.4968860447406769
8484,207,1,True,0.7639999985694885,9,4,12,0.9995484948158264,0.9994843006134033,0.9968860149383545,0.4847634434700012,0.4968860447406769
8485,207,1,True,0.7639999985694885,9,4,12,0.9995484948158264,0.9994843006134033,0.9968860149383545,0.4847634434700012,0.4968860447406769
8486,207,1,True,0.7639999985694885,9,4,12,0.9995484948158264,0.9994843006134033,0.9968860149383545,0.4847634434700012,0.4968860447406769
8487,207,1,True,0.7639999985694885,9,4,12,0.9995484948158264,0.9994843006134033,0.9968860149383545,0.4847634434700012,0.4968860447406769
8490,207,1,True,0.7639999985694885,9,4,12,0.9995484948158264,0.9994843006134033,0.9968860149383545,0.4847634434700012,0.4968860447406769
8491,207,1,True,0.7639999985694885,9,4,12,0.9995484948158264,0.9994843006134033,0.9968860149383545,0.4847634434700012,0.4968860447406769
8492,207,1,True,0.7639999985694885,9,4,12,0.9995484948158264,0.9994843006134033,0.9968860149383545,0.4847634434700012,0.4968860447406769
8493,207,1,True,0.7639999985694885,9,4,12,0.9995484948158264,0.9994843006134033,0.9968860149383545,0.4847634434700012,0.4968860447406769
8495,207,1,True,0.7639999985694885,9,4,12,0.9995484948158264,0.9994843006134033,0.9968860149383545,0.4847634434700012,0.4968860447406769
8496,207,1,True,0.7639999985694885,9,4,12,0.9995484948158264,0.9994843006134033,0.9968860149383545,0.4847634434700012,0.4968860447406769
8499,207,1,True,0.7639999985694885,9,4,12,0.9995484948158264,0.9994843006134033,0.9968860149383545,0.4847634434700012,0.4968860447406769
8505,207,1,True,0.7639999985694885,9,4,12,0.9995484948158264,0.9994843006134033,0.9968860149383545,0.4847634434700012,0.4968860447406769
8506,207,1,True,0.7639999985694885,9,4,12,0.9995484948158264,0.9994843006134033,0.9968860149383545,0.4847634434700012,0.4968860447406769
8507,207,1,True,0.7639999985694885,9,4,12,0.9995484948158264,0.9994843006134033,0.9968860149383545,0.4847634434700012,0.4968860447406769
8508,207,1,True,0.7639999985694885,9,4,12,0.9995484948158264,0.9994843006134033,0.9968860149383545,0.4847634434700012,0.4968860447406769
8509,207,1,True,0.7639999985694885,9,4,12,0.9995484948158264,0.9994843006134033,0.9968860149383545,0.4847634434700012,0.4968860447406769
8510,207,1,True,0.7639999985694885,9,4,12,0.9995484948158264,0.9994843006134033,0.9968860149383545,0.4847634434700012,0.4968860447406769
8511,207,1,True,0.7639999985694885,9,4,12,0.9995484948158264,0.9994843006134033,0.9968860149383545,0.4847634434700012,0.4968860447406769
8512,207,1,True,0.7639999985694885,9,4,12,0.9995484948158264,0.9994843006134033,0.9968860149383545,0.4847634434700012,0.4968860447406769
8514,207,1,True,0.7639999985694885,9,4,12,0.9995484948158264,0.9994843006134033,0.9968860149383545,0.4847634434700012,0.4968860447406769
8515,207,1,True,0.7639999985694885,9,4,12,0.9995484948158264,0.9994843006134033,0.9968860149383545,0.4847634434700012,0.4968860447406769
8516,207,1,True,0.7639999985694885,9,4,12,0.9995484948158264,0.9994843006134033,0.9968860149383545,0.4847634434700012,0.4968860447406769
8517,207,1,True,0.7639999985694885,9,4,12,0.9995484948158264,0.9994843006134033,0.9968860149383545,0.4847634434700012,0.4968860447406769
8519,207,1,True,0.7639999985694885,9,4,12,0.9995484948158264,0.9994843006134033,0.9968860149383545,0.4847634434700012,0.4968860447406769
1095,149,1,True,0.765999972820282,9,4,12,0.9528517723083496,1.0,0.9934870600700378,0.4528517723083496,0.49348708987236023
1096,149,1,True,0.765999972820282,9,4,12,0.9528517723083496,1.0,0.9934870600700378,0.4528517723083496,0.49348708987236023
1098,149,1,True,0.765999972820282,9,4,12,0.9528517723083496,1.0,0.9934870600700378,0.4528517723083496,0.49348708987236023
1099,149,1,True,0.765999972820282,9,4,12,0.9528517723083496,1.0,0.9934870600700378,0.4528517723083496,0.49348708987236023
6182,149,1,True,0.765999972820282,9,4,12,0.9528517723083496,1.0,0.9934870600700378,0.4528517723083496,0.49348708987236023
6183,149,1,True,0.765999972820282,9,4,12,0.9528517723083496,1.0,0.9934870600700378,0.4528517723083496,0.49348708987236023
6184,149,1,True,0.765999972820282,9,4,12,0.9528517723083496,1.0,0.9934870600700378,0.4528517723083496,0.49348708987236023
6186,149,1,True,0.765999972820282,9,4,12,0.9528517723083496,1.0,0.9934870600700378,0.4528517723083496,0.49348708987236023
6187,149,1,True,0.765999972820282,9,4,12,0.9528517723083496,1.0,0.9934870600700378,0.4528517723083496,0.49348708987236023
6190,149,1,True,0.765999972820282,9,4,12,0.9528517723083496,1.0,0.9934870600700378,0.4528517723083496,0.49348708987236023
6191,149,1,True,0.765999972820282,9,4,12,0.9528517723083496,1.0,0.9934870600700378,0.4528517723083496,0.49348708987236023
6192,149,1,True,0.765999972820282,9,4,12,0.9528517723083496,1.0,0.9934870600700378,0.4528517723083496,0.49348708987236023
6193,149,1,True,0.765999972820282,9,4,12,0.9528517723083496,1.0,0.9934870600700378,0.4528517723083496,0.49348708987236023
6195,149,1,True,0.765999972820282,9,4,12,0.9528517723083496,1.0,0.9934870600700378,0.4528517723083496,0.49348708987236023
6196,149,1,True,0.765999972820282,9,4,12,0.9528517723083496,1.0,0.9934870600700378,0.4528517723083496,0.49348708987236023
6197,149,1,True,0.765999972820282,9,4,12,0.9528517723083496,1.0,0.9934870600700378,0.4528517723083496,0.49348708987236023
6198,149,1,True,0.765999972820282,9,4,12,0.9528517723083496,1.0,0.9934870600700378,0.4528517723083496,0.49348708987236023
6199,149,1,True,0.765999972820282,9,4,12,0.9528517723083496,1.0,0.9934870600700378,0.4528517723083496,0.49348708987236023
2057,237,1,True,0.7680000066757202,9,4,12,0.5527760982513428,1.0,0.8302944898605347,0.05277609825134277,0.33029448986053467
2058,237,1,True,0.7680000066757202,9,4,12,0.5527760982513428,1.0,0.8302944898605347,0.05277609825134277,0.33029448986053467
2059,237,1,True,0.7680000066757202,9,4,12,0.5527760982513428,1.0,0.8302944898605347,0.05277609825134277,0.33029448986053467
2060,237,1,True,0.7680000066757202,9,4,12,0.5527760982513428,1.0,0.8302944898605347,0.05277609825134277,0.33029448986053467
2061,237,1,True,0.7680000066757202,9,4,12,0.5527760982513428,1.0,0.8302944898605347,0.05277609825134277,0.33029448986053467
2063,237,1,True,0.7680000066757202,9,4,12,0.5527760982513428,1.0,0.8302944898605347,0.05277609825134277,0.33029448986053467
9680,237,1,True,0.7680000066757202,9,4,12,0.5527760982513428,1.0,0.8302944898605347,0.05277609825134277,0.33029448986053467
9683,237,1,True,0.7680000066757202,9,4,12,0.5527760982513428,1.0,0.8302944898605347,0.05277609825134277,0.33029448986053467
9684,237,1,True,0.7680000066757202,9,4,12,0.5527760982513428,1.0,0.8302944898605347,0.05277609825134277,0.33029448986053467
9688,237,1,True,0.7680000066757202,9,4,12,0.5527760982513428,1.0,0.8302944898605347,0.05277609825134277,0.33029448986053467
9689,237,1,True,0.7680000066757202,9,4,12,0.5527760982513428,1.0,0.8302944898605347,0.05277609825134277,0.33029448986053467
9691,237,1,True,0.7680000066757202,9,4,12,0.5527760982513428,1.0,0.8302944898605347,0.05277609825134277,0.33029448986053467
9695,237,1,True,0.7680000066757202,9,4,12,0.5527760982513428,1.0,0.8302944898605347,0.05277609825134277,0.33029448986053467
9696,237,1,True,0.7680000066757202,9,4,12,0.5527760982513428,1.0,0.8302944898605347,0.05277609825134277,0.33029448986053467
9698,237,1,True,0.7680000066757202,9,4,12,0.5527760982513428,1.0,0.8302944898605347,0.05277609825134277,0.33029448986053467
9699,237,1,True,0.7680000066757202,9,4,12,0.5527760982513428,1.0,0.8302944898605347,0.05277609825134277,0.33029448986053467
9700,237,1,True,0.7680000066757202,9,4,12,0.5527760982513428,1.0,0.8302944898605347,0.05277609825134277,0.33029448986053467
9701,237,1,True,0.7680000066757202,9,4,12,0.5527760982513428,1.0,0.8302944898605347,0.05277609825134277,0.33029448986053467
9703,237,1,True,0.7680000066757202,9,4,12,0.5527760982513428,1.0,0.8302944898605347,0.05277609825134277,0.33029448986053467
9704,237,1,True,0.7680000066757202,9,4,12,0.5527760982513428,1.0,0.8302944898605347,0.05277609825134277,0.33029448986053467
9705,237,1,True,0.7680000066757202,9,4,12,0.5527760982513428,1.0,0.8302944898605347,0.05277609825134277,0.33029448986053467
9706,237,1,True,0.7680000066757202,9,4,12,0.5527760982513428,1.0,0.8302944898605347,0.05277609825134277,0.33029448986053467
342,81,1,True,0.7699999809265137,9,4,12,0.07457860559225082,0.4537145495414734,0.4511367380619049,0.04628545045852661,0.16078424453735352
344,81,1,True,0.7699999809265137,9,4,12,0.07457860559225082,0.4537145495414734,0.4511367380619049,0.04628545045852661,0.16078424453735352
345,81,1,True,0.7699999809265137,9,4,12,0.07457860559225082,0.4537145495414734,0.4511367380619049,0.04628545045852661,0.16078424453735352
348,81,1,True,0.7699999809265137,9,4,12,0.07457860559225082,0.4537145495414734,0.4511367380619049,0.04628545045852661,0.16078424453735352
349,81,1,True,0.7699999809265137,9,4,12,0.07457860559225082,0.4537145495414734,0.4511367380619049,0.04628545045852661,0.16078424453735352
350,81,1,True,0.7699999809265137,9,4,12,0.07457860559225082,0.4537145495414734,0.4511367380619049,0.04628545045852661,0.16078424453735352
351,81,1,True,0.7699999809265137,9,4,12,0.07457860559225082,0.4537145495414734,0.4511367380619049,0.04628545045852661,0.16078424453735352
3440,81,1,True,0.7699999809265137,9,4,12,0.07457860559225082,0.4537145495414734,0.4511367380619049,0.04628545045852661,0.16078424453735352
3442,81,1,True,0.7699999809265137,9,4,12,0.07457860559225082,0.4537145495414734,0.4511367380619049,0.04628545045852661,0.16078424453735352
3444,81,1,True,0.7699999809265137,9,4,12,0.07457860559225082,0.4537145495414734,0.4511367380619049,0.04628545045852661,0.16078424453735352
3445,81,1,True,0.7699999809265137,9,4,12,0.07457860559225082,0.4537145495414734,0.4511367380619049,0.04628545045852661,0.16078424453735352
3448,81,1,True,0.7699999809265137,9,4,12,0.07457860559225082,0.4537145495414734,0.4511367380619049,0.04628545045852661,0.16078424453735352
3449,81,1,True,0.7699999809265137,9,4,12,0.07457860559225082,0.4537145495414734,0.4511367380619049,0.04628545045852661,0.16078424453735352
3450,81,1,True,0.7699999809265137,9,4,12,0.07457860559225082,0.4537145495414734,0.4511367380619049,0.04628545045852661,0.16078424453735352
3451,81,1,True,0.7699999809265137,9,4,12,0.07457860559225082,0.4537145495414734,0.4511367380619049,0.04628545045852661,0.16078424453735352
3452,81,1,True,0.7699999809265137,9,4,12,0.07457860559225082,0.4537145495414734,0.4511367380619049,0.04628545045852661,0.16078424453735352
3453,81,1,True,0.7699999809265137,9,4,12,0.07457860559225082,0.4537145495414734,0.4511367380619049,0.04628545045852661,0.16078424453735352
3454,81,1,True,0.7699999809265137,9,4,12,0.07457860559225082,0.4537145495414734,0.4511367380619049,0.04628545045852661,0.16078424453735352
3455,81,1,True,0.7699999809265137,9,4,12,0.07457860559225082,0.4537145495414734,0.4511367380619049,0.04628545045852661,0.16078424453735352
3458,81,1,True,0.7699999809265137,9,4,12,0.07457860559225082,0.4537145495414734,0.4511367380619049,0.04628545045852661,0.16078424453735352
3459,81,1,True,0.7699999809265137,9,4,12,0.07457860559225082,0.4537145495414734,0.4511367380619049,0.04628545045852661,0.16078424453735352
3463,81,1,True,0.7699999809265137,9,4,12,0.07457860559225082,0.4537145495414734,0.4511367380619049,0.04628545045852661,0.16078424453735352
3465,81,1,True,0.7699999809265137,9,4,12,0.07457860559225082,0.4537145495414734,0.4511367380619049,0.04628545045852661,0.16078424453735352
3466,81,1,True,0.7699999809265137,9,4,12,0.07457860559225082,0.4537145495414734,0.4511367380619049,0.04628545045852661,0.16078424453735352
3467,81,1,True,0.7699999809265137,9,4,12,0.07457860559225082,0.4537145495414734,0.4511367380619049,0.04628545045852661,0.16078424453735352
3468,81,1,True,0.7699999809265137,9,4,12,0.07457860559225082,0.4537145495414734,0.4511367380619049,0.04628545045852661,0.16078424453735352
3469,81,1,True,0.7699999809265137,9,4,12,0.07457860559225082,0.4537145495414734,0.4511367380619049,0.04628545045852661,0.16078424453735352
3470,81,1,True,0.7699999809265137,9,4,12,0.07457860559225082,0.4537145495414734,0.4511367380619049,0.04628545045852661,0.16078424453735352
3471,81,1,True,0.7699999809265137,9,4,12,0.07457860559225082,0.4537145495414734,0.4511367380619049,0.04628545045852661,0.16078424453735352
3472,81,1,True,0.7699999809265137,9,4,12,0.07457860559225082,0.4537145495414734,0.4511367380619049,0.04628545045852661,0.16078424453735352
3474,81,1,True,0.7699999809265137,9,4,12,0.07457860559225082,0.4537145495414734,0.4511367380619049,0.04628545045852661,0.16078424453735352
3476,81,1,True,0.7699999809265137,9,4,12,0.07457860559225082,0.4537145495414734,0.4511367380619049,0.04628545045852661,0.16078424453735352
3477,81,1,True,0.7699999809265137,9,4,12,0.07457860559225082,0.4537145495414734,0.4511367380619049,0.04628545045852661,0.16078424453735352
3478,81,1,True,0.7699999809265137,9,4,12,0.07457860559225082,0.4537145495414734,0.4511367380619049,0.04628545045852661,0.16078424453735352
3479,81,1,True,0.7699999809265137,9,4,12,0.07457860559225082,0.4537145495414734,0.4511367380619049,0.04628545045852661,0.16078424453735352
473,93,1,True,0.7720000147819519,9,4,12,0.8919074535369873,0.999941349029541,0.986449658870697,0.3919074535369873,0.486449658870697
474,93,1,True,0.7720000147819519,9,4,12,0.8919074535369873,0.999941349029541,0.986449658870697,0.3919074535369873,0.486449658870697
475,93,1,True,0.7720000147819519,9,4,12,0.8919074535369873,0.999941349029541,0.986449658870697,0.3919074535369873,0.486449658870697
477,93,1,True,0.7720000147819519,9,4,12,0.8919074535369873,0.999941349029541,0.986449658870697,0.3919074535369873,0.486449658870697
478,93,1,True,0.7720000147819519,9,4,12,0.8919074535369873,0.999941349029541,0.986449658870697,0.3919074535369873,0.486449658870697
479,93,1,True,0.7720000147819519,9,4,12,0.8919074535369873,0.999941349029541,0.986449658870697,0.3919074535369873,0.486449658870697
480,93,1,True,0.7720000147819519,9,4,12,0.8919074535369873,0.999941349029541,0.986449658870697,0.3919074535369873,0.486449658870697
482,93,1,True,0.7720000147819519,9,4,12,0.8919074535369873,0.999941349029541,0.986449658870697,0.3919074535369873,0.486449658870697
483,93,1,True,0.7720000147819519,9,4,12,0.8919074535369873,0.999941349029541,0.986449658870697,0.3919074535369873,0.486449658870697
3920,93,1,True,0.7720000147819519,9,4,12,0.8919074535369873,0.999941349029541,0.986449658870697,0.3919074535369873,0.486449658870697
3921,93,1,True,0.7720000147819519,9,4,12,0.8919074535369873,0.999941349029541,0.986449658870697,0.3919074535369873,0.486449658870697
3923,93,1,True,0.7720000147819519,9,4,12,0.8919074535369873,0.999941349029541,0.986449658870697,0.3919074535369873,0.486449658870697
3924,93,1,True,0.7720000147819519,9,4,12,0.8919074535369873,0.999941349029541,0.986449658870697,0.3919074535369873,0.486449658870697
3925,93,1,True,0.7720000147819519,9,4,12,0.8919074535369873,0.999941349029541,0.986449658870697,0.3919074535369873,0.486449658870697
3927,93,1,True,0.7720000147819519,9,4,12,0.8919074535369873,0.999941349029541,0.986449658870697,0.3919074535369873,0.486449658870697
3929,93,1,True,0.7720000147819519,9,4,12,0.8919074535369873,0.999941349029541,0.986449658870697,0.3919074535369873,0.486449658870697
3933,93,1,True,0.7720000147819519,9,4,12,0.8919074535369873,0.999941349029541,0.986449658870697,0.3919074535369873,0.486449658870697
3934,93,1,True,0.7720000147819519,9,4,12,0.8919074535369873,0.999941349029541,0.986449658870697,0.3919074535369873,0.486449658870697
3935,93,1,True,0.7720000147819519,9,4,12,0.8919074535369873,0.999941349029541,0.986449658870697,0.3919074535369873,0.486449658870697
3936,93,1,True,0.7720000147819519,9,4,12,0.8919074535369873,0.999941349029541,0.986449658870697,0.3919074535369873,0.486449658870697
3937,93,1,True,0.7720000147819519,9,4,12,0.8919074535369873,0.999941349029541,0.986449658870697,0.3919074535369873,0.486449658870697
3938,93,1,True,0.7720000147819519,9,4,12,0.8919074535369873,0.999941349029541,0.986449658870697,0.3919074535369873,0.486449658870697
3939,93,1,True,0.7720000147819519,9,4,12,0.8919074535369873,0.999941349029541,0.986449658870697,0.3919074535369873,0.486449658870697
3942,93,1,True,0.7720000147819519,9,4,12,0.8919074535369873,0.999941349029541,0.986449658870697,0.3919074535369873,0.486449658870697
3943,93,1,True,0.7720000147819519,9,4,12,0.8919074535369873,0.999941349029541,0.986449658870697,0.3919074535369873,0.486449658870697
3947,93,1,True,0.7720000147819519,9,4,12,0.8919074535369873,0.999941349029541,0.986449658870697,0.3919074535369873,0.486449658870697
3948,93,1,True,0.7720000147819519,9,4,12,0.8919074535369873,0.999941349029541,0.986449658870697,0.3919074535369873,0.486449658870697
3949,93,1,True,0.7720000147819519,9,4,12,0.8919074535369873,0.999941349029541,0.986449658870697,0.3919074535369873,0.486449658870697
3951,93,1,True,0.7720000147819519,9,4,12,0.8919074535369873,0.999941349029541,0.986449658870697,0.3919074535369873,0.486449658870697
3952,93,1,True,0.7720000147819519,9,4,12,0.8919074535369873,0.999941349029541,0.986449658870697,0.3919074535369873,0.486449658870697
3953,93,1,True,0.7720000147819519,9,4,12,0.8919074535369873,0.999941349029541,0.986449658870697,0.3919074535369873,0.486449658870697
3954,93,1,True,0.7720000147819519,9,4,12,0.8919074535369873,0.999941349029541,0.986449658870697,0.3919074535369873,0.486449658870697
3956,93,1,True,0.7720000147819519,9,4,12,0.8919074535369873,0.999941349029541,0.986449658870697,0.3919074535369873,0.486449658870697
3957,93,1,True,0.7720000147819519,9,4,12,0.8919074535369873,0.999941349029541,0.986449658870697,0.3919074535369873,0.486449658870697
3958,93,1,True,0.7720000147819519,9,4,12,0.8919074535369873,0.999941349029541,0.986449658870697,0.3919074535369873,0.486449658870697
3959,93,1,True,0.7720000147819519,9,4,12,0.8919074535369873,0.999941349029541,0.986449658870697,0.3919074535369873,0.486449658870697
1266,165,1,True,0.7720000147819519,9,4,12,0.5527760982513428,0.9999963045120239,0.736042320728302,0.05277609825134277,0.23604239523410797
1267,165,1,True,0.7720000147819519,9,4,12,0.5527760982513428,0.9999963045120239,0.736042320728302,0.05277609825134277,0.23604239523410797
1269,165,1,True,0.7720000147819519,9,4,12,0.5527760982513428,0.9999963045120239,0.736042320728302,0.05277609825134277,0.23604239523410797
1270,165,1,True,0.7720000147819519,9,4,12,0.5527760982513428,0.9999963045120239,0.736042320728302,0.05277609825134277,0.23604239523410797
1272,165,1,True,0.7720000147819519,9,4,12,0.5527760982513428,0.9999963045120239,0.736042320728302,0.05277609825134277,0.23604239523410797
1273,165,1,True,0.7720000147819519,9,4,12,0.5527760982513428,0.9999963045120239,0.736042320728302,0.05277609825134277,0.23604239523410797
1275,165,1,True,0.7720000147819519,9,4,12,0.5527760982513428,0.9999963045120239,0.736042320728302,0.05277609825134277,0.23604239523410797
6801,165,1,True,0.7720000147819519,9,4,12,0.5527760982513428,0.9999963045120239,0.736042320728302,0.05277609825134277,0.23604239523410797
6802,165,1,True,0.7720000147819519,9,4,12,0.5527760982513428,0.9999963045120239,0.736042320728302,0.05277609825134277,0.23604239523410797
6803,165,1,True,0.7720000147819519,9,4,12,0.5527760982513428,0.9999963045120239,0.736042320728302,0.05277609825134277,0.23604239523410797
6807,165,1,True,0.7720000147819519,9,4,12,0.5527760982513428,0.9999963045120239,0.736042320728302,0.05277609825134277,0.23604239523410797
6808,165,1,True,0.7720000147819519,9,4,12,0.5527760982513428,0.9999963045120239,0.736042320728302,0.05277609825134277,0.23604239523410797
6809,165,1,True,0.7720000147819519,9,4,12,0.5527760982513428,0.9999963045120239,0.736042320728302,0.05277609825134277,0.23604239523410797
6811,165,1,True,0.7720000147819519,9,4,12,0.5527760982513428,0.9999963045120239,0.736042320728302,0.05277609825134277,0.23604239523410797
6812,165,1,True,0.7720000147819519,9,4,12,0.5527760982513428,0.9999963045120239,0.736042320728302,0.05277609825134277,0.23604239523410797
6816,165,1,True,0.7720000147819519,9,4,12,0.5527760982513428,0.9999963045120239,0.736042320728302,0.05277609825134277,0.23604239523410797
6820,165,1,True,0.7720000147819519,9,4,12,0.5527760982513428,0.9999963045120239,0.736042320728302,0.05277609825134277,0.23604239523410797
6821,165,1,True,0.7720000147819519,9,4,12,0.5527760982513428,0.9999963045120239,0.736042320728302,0.05277609825134277,0.23604239523410797
6822,165,1,True,0.7720000147819519,9,4,12,0.5527760982513428,0.9999963045120239,0.736042320728302,0.05277609825134277,0.23604239523410797
6824,165,1,True,0.7720000147819519,9,4,12,0.5527760982513428,0.9999963045120239,0.736042320728302,0.05277609825134277,0.23604239523410797
6825,165,1,True,0.7720000147819519,9,4,12,0.5527760982513428,0.9999963045120239,0.736042320728302,0.05277609825134277,0.23604239523410797
6826,165,1,True,0.7720000147819519,9,4,12,0.5527760982513428,0.9999963045120239,0.736042320728302,0.05277609825134277,0.23604239523410797
6828,165,1,True,0.7720000147819519,9,4,12,0.5527760982513428,0.9999963045120239,0.736042320728302,0.05277609825134277,0.23604239523410797
6829,165,1,True,0.7720000147819519,9,4,12,0.5527760982513428,0.9999963045120239,0.736042320728302,0.05277609825134277,0.23604239523410797
6833,165,1,True,0.7720000147819519,9,4,12,0.5527760982513428,0.9999963045120239,0.736042320728302,0.05277609825134277,0.23604239523410797
6834,165,1,True,0.7720000147819519,9,4,12,0.5527760982513428,0.9999963045120239,0.736042320728302,0.05277609825134277,0.23604239523410797
6835,165,1,True,0.7720000147819519,9,4,12,0.5527760982513428,0.9999963045120239,0.736042320728302,0.05277609825134277,0.23604239523410797
6837,165,1,True,0.7720000147819519,9,4,12,0.5527760982513428,0.9999963045120239,0.736042320728302,0.05277609825134277,0.23604239523410797
6839,165,1,True,0.7720000147819519,9,4,12,0.5527760982513428,0.9999963045120239,0.736042320728302,0.05277609825134277,0.23604239523410797
2047,236,1,True,0.7720000147819519,9,4,12,0.9528517723083496,0.9995997548103333,0.9897220134735107,0.4528517723083496,0.4897221028804779
2048,236,1,True,0.7720000147819519,9,4,12,0.9528517723083496,0.9995997548103333,0.9897220134735107,0.4528517723083496,0.4897221028804779
2049,236,1,True,0.7720000147819519,9,4,12,0.9528517723083496,0.9995997548103333,0.9897220134735107,0.4528517723083496,0.4897221028804779
2050,236,1,True,0.7720000147819519,9,4,12,0.9528517723083496,0.9995997548103333,0.9897220134735107,0.4528517723083496,0.4897221028804779
2051,236,1,True,0.7720000147819519,9,4,12,0.9528517723083496,0.9995997548103333,0.9897220134735107,0.4528517723083496,0.4897221028804779
2053,236,1,True,0.7720000147819519,9,4,12,0.9528517723083496,0.9995997548103333,0.9897220134735107,0.4528517723083496,0.4897221028804779
2056,236,1,True,0.7720000147819519,9,4,12,0.9528517723083496,0.9995997548103333,0.9897220134735107,0.4528517723083496,0.4897221028804779
9641,236,1,True,0.7720000147819519,9,4,12,0.9528517723083496,0.9995997548103333,0.9897220134735107,0.4528517723083496,0.4897221028804779
9642,236,1,True,0.7720000147819519,9,4,12,0.9528517723083496,0.9995997548103333,0.9897220134735107,0.4528517723083496,0.4897221028804779
9643,236,1,True,0.7720000147819519,9,4,12,0.9528517723083496,0.9995997548103333,0.9897220134735107,0.4528517723083496,0.4897221028804779
9644,236,1,True,0.7720000147819519,9,4,12,0.9528517723083496,0.9995997548103333,0.9897220134735107,0.4528517723083496,0.4897221028804779
9646,236,1,True,0.7720000147819519,9,4,12,0.9528517723083496,0.9995997548103333,0.9897220134735107,0.4528517723083496,0.4897221028804779
9647,236,1,True,0.7720000147819519,9,4,12,0.9528517723083496,0.9995997548103333,0.9897220134735107,0.4528517723083496,0.4897221028804779
9648,236,1,True,0.7720000147819519,9,4,12,0.9528517723083496,0.9995997548103333,0.9897220134735107,0.4528517723083496,0.4897221028804779
9649,236,1,True,0.7720000147819519,9,4,12,0.9528517723083496,0.9995997548103333,0.9897220134735107,0.4528517723083496,0.4897221028804779
9651,236,1,True,0.7720000147819519,9,4,12,0.9528517723083496,0.9995997548103333,0.9897220134735107,0.4528517723083496,0.4897221028804779
9652,236,1,True,0.7720000147819519,9,4,12,0.9528517723083496,0.9995997548103333,0.9897220134735107,0.4528517723083496,0.4897221028804779
9653,236,1,True,0.7720000147819519,9,4,12,0.9528517723083496,0.9995997548103333,0.9897220134735107,0.4528517723083496,0.4897221028804779
9654,236,1,True,0.7720000147819519,9,4,12,0.9528517723083496,0.9995997548103333,0.9897220134735107,0.4528517723083496,0.4897221028804779
9656,236,1,True,0.7720000147819519,9,4,12,0.9528517723083496,0.9995997548103333,0.9897220134735107,0.4528517723083496,0.4897221028804779
9657,236,1,True,0.7720000147819519,9,4,12,0.9528517723083496,0.9995997548103333,0.9897220134735107,0.4528517723083496,0.4897221028804779
9659,236,1,True,0.7720000147819519,9,4,12,0.9528517723083496,0.9995997548103333,0.9897220134735107,0.4528517723083496,0.4897221028804779
9661,236,1,True,0.7720000147819519,9,4,12,0.9528517723083496,0.9995997548103333,0.9897220134735107,0.4528517723083496,0.4897221028804779
9662,236,1,True,0.7720000147819519,9,4,12,0.9528517723083496,0.9995997548103333,0.9897220134735107,0.4528517723083496,0.4897221028804779
9663,236,1,True,0.7720000147819519,9,4,12,0.9528517723083496,0.9995997548103333,0.9897220134735107,0.4528517723083496,0.4897221028804779
9664,236,1,True,0.7720000147819519,9,4,12,0.9528517723083496,0.9995997548103333,0.9897220134735107,0.4528517723083496,0.4897221028804779
9665,236,1,True,0.7720000147819519,9,4,12,0.9528517723083496,0.9995997548103333,0.9897220134735107,0.4528517723083496,0.4897221028804779
9666,236,1,True,0.7720000147819519,9,4,12,0.9528517723083496,0.9995997548103333,0.9897220134735107,0.4528517723083496,0.4897221028804779
9667,236,1,True,0.7720000147819519,9,4,12,0.9528517723083496,0.9995997548103333,0.9897220134735107,0.4528517723083496,0.4897221028804779
9668,236,1,True,0.7720000147819519,9,4,12,0.9528517723083496,0.9995997548103333,0.9897220134735107,0.4528517723083496,0.4897221028804779
9670,236,1,True,0.7720000147819519,9,4,12,0.9528517723083496,0.9995997548103333,0.9897220134735107,0.4528517723083496,0.4897221028804779
9673,236,1,True,0.7720000147819519,9,4,12,0.9528517723083496,0.9995997548103333,0.9897220134735107,0.4528517723083496,0.4897221028804779
9675,236,1,True,0.7720000147819519,9,4,12,0.9528517723083496,0.9995997548103333,0.9897220134735107,0.4528517723083496,0.4897221028804779
9676,236,1,True,0.7720000147819519,9,4,12,0.9528517723083496,0.9995997548103333,0.9897220134735107,0.4528517723083496,0.4897221028804779
9677,236,1,True,0.7720000147819519,9,4,12,0.9528517723083496,0.9995997548103333,0.9897220134735107,0.4528517723083496,0.4897221028804779
9679,236,1,True,0.7720000147819519,9,4,12,0.9528517723083496,0.9995997548103333,0.9897220134735107,0.4528517723083496,0.4897221028804779
374,84,1,True,0.7739999890327454,9,4,12,0.9978777170181274,0.9999984502792358,0.9692385792732239,0.2635127902030945,0.46923863887786865
375,84,1,True,0.7739999890327454,9,4,12,0.9978777170181274,0.9999984502792358,0.9692385792732239,0.2635127902030945,0.46923863887786865
377,84,1,True,0.7739999890327454,9,4,12,0.9978777170181274,0.9999984502792358,0.9692385792732239,0.2635127902030945,0.46923863887786865
378,84,1,True,0.7739999890327454,9,4,12,0.9978777170181274,0.9999984502792358,0.9692385792732239,0.2635127902030945,0.46923863887786865
379,84,1,True,0.7739999890327454,9,4,12,0.9978777170181274,0.9999984502792358,0.9692385792732239,0.2635127902030945,0.46923863887786865
382,84,1,True,0.7739999890327454,9,4,12,0.9978777170181274,0.9999984502792358,0.9692385792732239,0.2635127902030945,0.46923863887786865
3560,84,1,True,0.7739999890327454,9,4,12,0.9978777170181274,0.9999984502792358,0.9692385792732239,0.2635127902030945,0.46923863887786865
3561,84,1,True,0.7739999890327454,9,4,12,0.9978777170181274,0.9999984502792358,0.9692385792732239,0.2635127902030945,0.46923863887786865
3563,84,1,True,0.7739999890327454,9,4,12,0.9978777170181274,0.9999984502792358,0.9692385792732239,0.2635127902030945,0.46923863887786865
3564,84,1,True,0.7739999890327454,9,4,12,0.9978777170181274,0.9999984502792358,0.9692385792732239,0.2635127902030945,0.46923863887786865
3565,84,1,True,0.7739999890327454,9,4,12,0.9978777170181274,0.9999984502792358,0.9692385792732239,0.2635127902030945,0.46923863887786865
3566,84,1,True,0.7739999890327454,9,4,12,0.9978777170181274,0.9999984502792358,0.9692385792732239,0.2635127902030945,0.46923863887786865
3568,84,1,True,0.7739999890327454,9,4,12,0.9978777170181274,0.9999984502792358,0.9692385792732239,0.2635127902030945,0.46923863887786865
3570,84,1,True,0.7739999890327454,9,4,12,0.9978777170181274,0.9999984502792358,0.9692385792732239,0.2635127902030945,0.46923863887786865
3571,84,1,True,0.7739999890327454,9,4,12,0.9978777170181274,0.9999984502792358,0.9692385792732239,0.2635127902030945,0.46923863887786865
3572,84,1,True,0.7739999890327454,9,4,12,0.9978777170181274,0.9999984502792358,0.9692385792732239,0.2635127902030945,0.46923863887786865
3573,84,1,True,0.7739999890327454,9,4,12,0.9978777170181274,0.9999984502792358,0.9692385792732239,0.2635127902030945,0.46923863887786865
3574,84,1,True,0.7739999890327454,9,4,12,0.9978777170181274,0.9999984502792358,0.9692385792732239,0.2635127902030945,0.46923863887786865
3575,84,1,True,0.7739999890327454,9,4,12,0.9978777170181274,0.9999984502792358,0.9692385792732239,0.2635127902030945,0.46923863887786865
3576,84,1,True,0.7739999890327454,9,4,12,0.9978777170181274,0.9999984502792358,0.9692385792732239,0.2635127902030945,0.46923863887786865
3577,84,1,True,0.7739999890327454,9,4,12,0.9978777170181274,0.9999984502792358,0.9692385792732239,0.2635127902030945,0.46923863887786865
3578,84,1,True,0.7739999890327454,9,4,12,0.9978777170181274,0.9999984502792358,0.9692385792732239,0.2635127902030945,0.46923863887786865
3579,84,1,True,0.7739999890327454,9,4,12,0.9978777170181274,0.9999984502792358,0.9692385792732239,0.2635127902030945,0.46923863887786865
3580,84,1,True,0.7739999890327454,9,4,12,0.9978777170181274,0.9999984502792358,0.9692385792732239,0.2635127902030945,0.46923863887786865
3581,84,1,True,0.7739999890327454,9,4,12,0.9978777170181274,0.9999984502792358,0.9692385792732239,0.2635127902030945,0.46923863887786865
3583,84,1,True,0.7739999890327454,9,4,12,0.9978777170181274,0.9999984502792358,0.9692385792732239,0.2635127902030945,0.46923863887786865
3584,84,1,True,0.7739999890327454,9,4,12,0.9978777170181274,0.9999984502792358,0.9692385792732239,0.2635127902030945,0.46923863887786865
3585,84,1,True,0.7739999890327454,9,4,12,0.9978777170181274,0.9999984502792358,0.9692385792732239,0.2635127902030945,0.46923863887786865
3586,84,1,True,0.7739999890327454,9,4,12,0.9978777170181274,0.9999984502792358,0.9692385792732239,0.2635127902030945,0.46923863887786865
3587,84,1,True,0.7739999890327454,9,4,12,0.9978777170181274,0.9999984502792358,0.9692385792732239,0.2635127902030945,0.46923863887786865
3589,84,1,True,0.7739999890327454,9,4,12,0.9978777170181274,0.9999984502792358,0.9692385792732239,0.2635127902030945,0.46923863887786865
3590,84,1,True,0.7739999890327454,9,4,12,0.9978777170181274,0.9999984502792358,0.9692385792732239,0.2635127902030945,0.46923863887786865
3591,84,1,True,0.7739999890327454,9,4,12,0.9978777170181274,0.9999984502792358,0.9692385792732239,0.2635127902030945,0.46923863887786865
3593,84,1,True,0.7739999890327454,9,4,12,0.9978777170181274,0.9999984502792358,0.9692385792732239,0.2635127902030945,0.46923863887786865
1705,205,1,True,0.7739999890327454,9,4,12,0.9528517723083496,0.999761164188385,0.9947046637535095,0.4528517723083496,0.49470457434654236
1706,205,1,True,0.7739999890327454,9,4,12,0.9528517723083496,0.999761164188385,0.9947046637535095,0.4528517723083496,0.49470457434654236
1709,205,1,True,0.7739999890327454,9,4,12,0.9528517723083496,0.999761164188385,0.9947046637535095,0.4528517723083496,0.49470457434654236
1710,205,1,True,0.7739999890327454,9,4,12,0.9528517723083496,0.999761164188385,0.9947046637535095,0.4528517723083496,0.49470457434654236
1711,205,1,True,0.7739999890327454,9,4,12,0.9528517723083496,0.999761164188385,0.9947046637535095,0.4528517723083496,0.49470457434654236
1712,205,1,True,0.7739999890327454,9,4,12,0.9528517723083496,0.999761164188385,0.9947046637535095,0.4528517723083496,0.49470457434654236
1715,205,1,True,0.7739999890327454,9,4,12,0.9528517723083496,0.999761164188385,0.9947046637535095,0.4528517723083496,0.49470457434654236
8400,205,1,True,0.7739999890327454,9,4,12,0.9528517723083496,0.999761164188385,0.9947046637535095,0.4528517723083496,0.49470457434654236
8401,205,1,True,0.7739999890327454,9,4,12,0.9528517723083496,0.999761164188385,0.9947046637535095,0.4528517723083496,0.49470457434654236
8403,205,1,True,0.7739999890327454,9,4,12,0.9528517723083496,0.999761164188385,0.9947046637535095,0.4528517723083496,0.49470457434654236
8405,205,1,True,0.7739999890327454,9,4,12,0.9528517723083496,0.999761164188385,0.9947046637535095,0.4528517723083496,0.49470457434654236
8407,205,1,True,0.7739999890327454,9,4,12,0.9528517723083496,0.999761164188385,0.9947046637535095,0.4528517723083496,0.49470457434654236
8409,205,1,True,0.7739999890327454,9,4,12,0.9528517723083496,0.999761164188385,0.9947046637535095,0.4528517723083496,0.49470457434654236
8410,205,1,True,0.7739999890327454,9,4,12,0.9528517723083496,0.999761164188385,0.9947046637535095,0.4528517723083496,0.49470457434654236
8411,205,1,True,0.7739999890327454,9,4,12,0.9528517723083496,0.999761164188385,0.9947046637535095,0.4528517723083496,0.49470457434654236
8413,205,1,True,0.7739999890327454,9,4,12,0.9528517723083496,0.999761164188385,0.9947046637535095,0.4528517723083496,0.49470457434654236
8414,205,1,True,0.7739999890327454,9,4,12,0.9528517723083496,0.999761164188385,0.9947046637535095,0.4528517723083496,0.49470457434654236
8415,205,1,True,0.7739999890327454,9,4,12,0.9528517723083496,0.999761164188385,0.9947046637535095,0.4528517723083496,0.49470457434654236
8416,205,1,True,0.7739999890327454,9,4,12,0.9528517723083496,0.999761164188385,0.9947046637535095,0.4528517723083496,0.49470457434654236
8417,205,1,True,0.7739999890327454,9,4,12,0.9528517723083496,0.999761164188385,0.9947046637535095,0.4528517723083496,0.49470457434654236
8418,205,1,True,0.7739999890327454,9,4,12,0.9528517723083496,0.999761164188385,0.9947046637535095,0.4528517723083496,0.49470457434654236
8420,205,1,True,0.7739999890327454,9,4,12,0.9528517723083496,0.999761164188385,0.9947046637535095,0.4528517723083496,0.49470457434654236
8422,205,1,True,0.7739999890327454,9,4,12,0.9528517723083496,0.999761164188385,0.9947046637535095,0.4528517723083496,0.49470457434654236
8424,205,1,True,0.7739999890327454,9,4,12,0.9528517723083496,0.999761164188385,0.9947046637535095,0.4528517723083496,0.49470457434654236
8425,205,1,True,0.7739999890327454,9,4,12,0.9528517723083496,0.999761164188385,0.9947046637535095,0.4528517723083496,0.49470457434654236
8426,205,1,True,0.7739999890327454,9,4,12,0.9528517723083496,0.999761164188385,0.9947046637535095,0.4528517723083496,0.49470457434654236
8427,205,1,True,0.7739999890327454,9,4,12,0.9528517723083496,0.999761164188385,0.9947046637535095,0.4528517723083496,0.49470457434654236
8429,205,1,True,0.7739999890327454,9,4,12,0.9528517723083496,0.999761164188385,0.9947046637535095,0.4528517723083496,0.49470457434654236
8430,205,1,True,0.7739999890327454,9,4,12,0.9528517723083496,0.999761164188385,0.9947046637535095,0.4528517723083496,0.49470457434654236
8431,205,1,True,0.7739999890327454,9,4,12,0.9528517723083496,0.999761164188385,0.9947046637535095,0.4528517723083496,0.49470457434654236
8432,205,1,True,0.7739999890327454,9,4,12,0.9528517723083496,0.999761164188385,0.9947046637535095,0.4528517723083496,0.49470457434654236
8433,205,1,True,0.7739999890327454,9,4,12,0.9528517723083496,0.999761164188385,0.9947046637535095,0.4528517723083496,0.49470457434654236
8434,205,1,True,0.7739999890327454,9,4,12,0.9528517723083496,0.999761164188385,0.9947046637535095,0.4528517723083496,0.49470457434654236
8435,205,1,True,0.7739999890327454,9,4,12,0.9528517723083496,0.999761164188385,0.9947046637535095,0.4528517723083496,0.49470457434654236
8436,205,1,True,0.7739999890327454,9,4,12,0.9528517723083496,0.999761164188385,0.9947046637535095,0.4528517723083496,0.49470457434654236
8437,205,1,True,0.7739999890327454,9,4,12,0.9528517723083496,0.999761164188385,0.9947046637535095,0.4528517723083496,0.49470457434654236
8438,205,1,True,0.7739999890327454,9,4,12,0.9528517723083496,0.999761164188385,0.9947046637535095,0.4528517723083496,0.49470457434654236
8439,205,1,True,0.7739999890327454,9,4,12,0.9528517723083496,0.999761164188385,0.9947046637535095,0.4528517723083496,0.49470457434654236
383,84,1,True,0.777999997138977,9,4,12,0.9978777170181274,0.9999984502792358,0.9692385792732239,0.2635127902030945,0.46923863887786865
384,84,1,True,0.777999997138977,9,4,12,0.9978777170181274,0.9999984502792358,0.9692385792732239,0.2635127902030945,0.46923863887786865
3595,84,1,True,0.777999997138977,9,4,12,0.9978777170181274,0.9999984502792358,0.9692385792732239,0.2635127902030945,0.46923863887786865
3596,84,1,True,0.777999997138977,9,4,12,0.9978777170181274,0.9999984502792358,0.9692385792732239,0.2635127902030945,0.46923863887786865
3597,84,1,True,0.777999997138977,9,4,12,0.9978777170181274,0.9999984502792358,0.9692385792732239,0.2635127902030945,0.46923863887786865
3599,84,1,True,0.777999997138977,9,4,12,0.9978777170181274,0.9999984502792358,0.9692385792732239,0.2635127902030945,0.46923863887786865
1520,188,1,True,0.777999997138977,9,4,12,0.8919074535369873,0.9997772574424744,0.9879225492477417,0.3919074535369873,0.4879225492477417
1521,188,1,True,0.777999997138977,9,4,12,0.8919074535369873,0.9997772574424744,0.9879225492477417,0.3919074535369873,0.4879225492477417
1522,188,1,True,0.777999997138977,9,4,12,0.8919074535369873,0.9997772574424744,0.9879225492477417,0.3919074535369873,0.4879225492477417
1523,188,1,True,0.777999997138977,9,4,12,0.8919074535369873,0.9997772574424744,0.9879225492477417,0.3919074535369873,0.4879225492477417
1525,188,1,True,0.777999997138977,9,4,12,0.8919074535369873,0.9997772574424744,0.9879225492477417,0.3919074535369873,0.4879225492477417
1527,188,1,True,0.777999997138977,9,4,12,0.8919074535369873,0.9997772574424744,0.9879225492477417,0.3919074535369873,0.4879225492477417
1528,188,1,True,0.777999997138977,9,4,12,0.8919074535369873,0.9997772574424744,0.9879225492477417,0.3919074535369873,0.4879225492477417
7720,188,1,True,0.777999997138977,9,4,12,0.8919074535369873,0.9997772574424744,0.9879225492477417,0.3919074535369873,0.4879225492477417
7722,188,1,True,0.777999997138977,9,4,12,0.8919074535369873,0.9997772574424744,0.9879225492477417,0.3919074535369873,0.4879225492477417
7724,188,1,True,0.777999997138977,9,4,12,0.8919074535369873,0.9997772574424744,0.9879225492477417,0.3919074535369873,0.4879225492477417
7725,188,1,True,0.777999997138977,9,4,12,0.8919074535369873,0.9997772574424744,0.9879225492477417,0.3919074535369873,0.4879225492477417
7726,188,1,True,0.777999997138977,9,4,12,0.8919074535369873,0.9997772574424744,0.9879225492477417,0.3919074535369873,0.4879225492477417
7727,188,1,True,0.777999997138977,9,4,12,0.8919074535369873,0.9997772574424744,0.9879225492477417,0.3919074535369873,0.4879225492477417
7728,188,1,True,0.777999997138977,9,4,12,0.8919074535369873,0.9997772574424744,0.9879225492477417,0.3919074535369873,0.4879225492477417
7729,188,1,True,0.777999997138977,9,4,12,0.8919074535369873,0.9997772574424744,0.9879225492477417,0.3919074535369873,0.4879225492477417
7732,188,1,True,0.777999997138977,9,4,12,0.8919074535369873,0.9997772574424744,0.9879225492477417,0.3919074535369873,0.4879225492477417
7733,188,1,True,0.777999997138977,9,4,12,0.8919074535369873,0.9997772574424744,0.9879225492477417,0.3919074535369873,0.4879225492477417
7735,188,1,True,0.777999997138977,9,4,12,0.8919074535369873,0.9997772574424744,0.9879225492477417,0.3919074535369873,0.4879225492477417
7736,188,1,True,0.777999997138977,9,4,12,0.8919074535369873,0.9997772574424744,0.9879225492477417,0.3919074535369873,0.4879225492477417
7738,188,1,True,0.777999997138977,9,4,12,0.8919074535369873,0.9997772574424744,0.9879225492477417,0.3919074535369873,0.4879225492477417
7739,188,1,True,0.777999997138977,9,4,12,0.8919074535369873,0.9997772574424744,0.9879225492477417,0.3919074535369873,0.4879225492477417
7740,188,1,True,0.777999997138977,9,4,12,0.8919074535369873,0.9997772574424744,0.9879225492477417,0.3919074535369873,0.4879225492477417
7742,188,1,True,0.777999997138977,9,4,12,0.8919074535369873,0.9997772574424744,0.9879225492477417,0.3919074535369873,0.4879225492477417
7743,188,1,True,0.777999997138977,9,4,12,0.8919074535369873,0.9997772574424744,0.9879225492477417,0.3919074535369873,0.4879225492477417
7744,188,1,True,0.777999997138977,9,4,12,0.8919074535369873,0.9997772574424744,0.9879225492477417,0.3919074535369873,0.4879225492477417
7745,188,1,True,0.777999997138977,9,4,12,0.8919074535369873,0.9997772574424744,0.9879225492477417,0.3919074535369873,0.4879225492477417
7746,188,1,True,0.777999997138977,9,4,12,0.8919074535369873,0.9997772574424744,0.9879225492477417,0.3919074535369873,0.4879225492477417
7747,188,1,True,0.777999997138977,9,4,12,0.8919074535369873,0.9997772574424744,0.9879225492477417,0.3919074535369873,0.4879225492477417
7748,188,1,True,0.777999997138977,9,4,12,0.8919074535369873,0.9997772574424744,0.9879225492477417,0.3919074535369873,0.4879225492477417
7749,188,1,True,0.777999997138977,9,4,12,0.8919074535369873,0.9997772574424744,0.9879225492477417,0.3919074535369873,0.4879225492477417
7750,188,1,True,0.777999997138977,9,4,12,0.8919074535369873,0.9997772574424744,0.9879225492477417,0.3919074535369873,0.4879225492477417
7751,188,1,True,0.777999997138977,9,4,12,0.8919074535369873,0.9997772574424744,0.9879225492477417,0.3919074535369873,0.4879225492477417
7752,188,1,True,0.777999997138977,9,4,12,0.8919074535369873,0.9997772574424744,0.9879225492477417,0.3919074535369873,0.4879225492477417
7755,188,1,True,0.777999997138977,9,4,12,0.8919074535369873,0.9997772574424744,0.9879225492477417,0.3919074535369873,0.4879225492477417
7756,188,1,True,0.777999997138977,9,4,12,0.8919074535369873,0.9997772574424744,0.9879225492477417,0.3919074535369873,0.4879225492477417
7757,188,1,True,0.777999997138977,9,4,12,0.8919074535369873,0.9997772574424744,0.9879225492477417,0.3919074535369873,0.4879225492477417
7758,188,1,True,0.777999997138977,9,4,12,0.8919074535369873,0.9997772574424744,0.9879225492477417,0.3919074535369873,0.4879225492477417
7759,188,1,True,0.777999997138977,9,4,12,0.8919074535369873,0.9997772574424744,0.9879225492477417,0.3919074535369873,0.4879225492477417
1958,228,1,True,0.777999997138977,9,4,12,0.9998533725738525,0.9999998807907104,0.9985300898551941,0.4922429919242859,0.4985300600528717
1960,228,1,True,0.777999997138977,9,4,12,0.9998533725738525,0.9999998807907104,0.9985300898551941,0.4922429919242859,0.4985300600528717
1961,228,1,True,0.777999997138977,9,4,12,0.9998533725738525,0.9999998807907104,0.9985300898551941,0.4922429919242859,0.4985300600528717
1963,228,1,True,0.777999997138977,9,4,12,0.9998533725738525,0.9999998807907104,0.9985300898551941,0.4922429919242859,0.4985300600528717
1964,228,1,True,0.777999997138977,9,4,12,0.9998533725738525,0.9999998807907104,0.9985300898551941,0.4922429919242859,0.4985300600528717
1968,228,1,True,0.777999997138977,9,4,12,0.9998533725738525,0.9999998807907104,0.9985300898551941,0.4922429919242859,0.4985300600528717
9320,228,1,True,0.777999997138977,9,4,12,0.9998533725738525,0.9999998807907104,0.9985300898551941,0.4922429919242859,0.4985300600528717
9322,228,1,True,0.777999997138977,9,4,12,0.9998533725738525,0.9999998807907104,0.9985300898551941,0.4922429919242859,0.4985300600528717
9323,228,1,True,0.777999997138977,9,4,12,0.9998533725738525,0.9999998807907104,0.9985300898551941,0.4922429919242859,0.4985300600528717
9324,228,1,True,0.777999997138977,9,4,12,0.9998533725738525,0.9999998807907104,0.9985300898551941,0.4922429919242859,0.4985300600528717
9327,228,1,True,0.777999997138977,9,4,12,0.9998533725738525,0.9999998807907104,0.9985300898551941,0.4922429919242859,0.4985300600528717
9328,228,1,True,0.777999997138977,9,4,12,0.9998533725738525,0.9999998807907104,0.9985300898551941,0.4922429919242859,0.4985300600528717
9329,228,1,True,0.777999997138977,9,4,12,0.9998533725738525,0.9999998807907104,0.9985300898551941,0.4922429919242859,0.4985300600528717
9331,228,1,True,0.777999997138977,9,4,12,0.9998533725738525,0.9999998807907104,0.9985300898551941,0.4922429919242859,0.4985300600528717
9332,228,1,True,0.777999997138977,9,4,12,0.9998533725738525,0.9999998807907104,0.9985300898551941,0.4922429919242859,0.4985300600528717
9334,228,1,True,0.777999997138977,9,4,12,0.9998533725738525,0.9999998807907104,0.9985300898551941,0.4922429919242859,0.4985300600528717
9335,228,1,True,0.777999997138977,9,4,12,0.9998533725738525,0.9999998807907104,0.9985300898551941,0.4922429919242859,0.4985300600528717
9336,228,1,True,0.777999997138977,9,4,12,0.9998533725738525,0.9999998807907104,0.9985300898551941,0.4922429919242859,0.4985300600528717
9338,228,1,True,0.777999997138977,9,4,12,0.9998533725738525,0.9999998807907104,0.9985300898551941,0.4922429919242859,0.4985300600528717
9339,228,1,True,0.777999997138977,9,4,12,0.9998533725738525,0.9999998807907104,0.9985300898551941,0.4922429919242859,0.4985300600528717
9342,228,1,True,0.777999997138977,9,4,12,0.9998533725738525,0.9999998807907104,0.9985300898551941,0.4922429919242859,0.4985300600528717
9343,228,1,True,0.777999997138977,9,4,12,0.9998533725738525,0.9999998807907104,0.9985300898551941,0.4922429919242859,0.4985300600528717
9345,228,1,True,0.777999997138977,9,4,12,0.9998533725738525,0.9999998807907104,0.9985300898551941,0.4922429919242859,0.4985300600528717
9346,228,1,True,0.777999997138977,9,4,12,0.9998533725738525,0.9999998807907104,0.9985300898551941,0.4922429919242859,0.4985300600528717
9347,228,1,True,0.777999997138977,9,4,12,0.9998533725738525,0.9999998807907104,0.9985300898551941,0.4922429919242859,0.4985300600528717
9348,228,1,True,0.777999997138977,9,4,12,0.9998533725738525,0.9999998807907104,0.9985300898551941,0.4922429919242859,0.4985300600528717
9349,228,1,True,0.777999997138977,9,4,12,0.9998533725738525,0.9999998807907104,0.9985300898551941,0.4922429919242859,0.4985300600528717
9350,228,1,True,0.777999997138977,9,4,12,0.9998533725738525,0.9999998807907104,0.9985300898551941,0.4922429919242859,0.4985300600528717
9351,228,1,True,0.777999997138977,9,4,12,0.9998533725738525,0.9999998807907104,0.9985300898551941,0.4922429919242859,0.4985300600528717
9352,228,1,True,0.777999997138977,9,4,12,0.9998533725738525,0.9999998807907104,0.9985300898551941,0.4922429919242859,0.4985300600528717
9353,228,1,True,0.777999997138977,9,4,12,0.9998533725738525,0.9999998807907104,0.9985300898551941,0.4922429919242859,0.4985300600528717
9354,228,1,True,0.777999997138977,9,4,12,0.9998533725738525,0.9999998807907104,0.9985300898551941,0.4922429919242859,0.4985300600528717
9357,228,1,True,0.777999997138977,9,4,12,0.9998533725738525,0.9999998807907104,0.9985300898551941,0.4922429919242859,0.4985300600528717
9358,228,1,True,0.777999997138977,9,4,12,0.9998533725738525,0.9999998807907104,0.9985300898551941,0.4922429919242859,0.4985300600528717
9359,228,1,True,0.777999997138977,9,4,12,0.9998533725738525,0.9999998807907104,0.9985300898551941,0.4922429919242859,0.4985300600528717
1001,141,1,True,0.7799999713897705,9,4,12,0.8919074535369873,0.9999839067459106,0.912360429763794,0.16578716039657593,0.41236045956611633
1002,141,1,True,0.7799999713897705,9,4,12,0.8919074535369873,0.9999839067459106,0.912360429763794,0.16578716039657593,0.41236045956611633
1005,141,1,True,0.7799999713897705,9,4,12,0.8919074535369873,0.9999839067459106,0.912360429763794,0.16578716039657593,0.41236045956611633
1006,141,1,True,0.7799999713897705,9,4,12,0.8919074535369873,0.9999839067459106,0.912360429763794,0.16578716039657593,0.41236045956611633
1007,141,1,True,0.7799999713897705,9,4,12,0.8919074535369873,0.9999839067459106,0.912360429763794,0.16578716039657593,0.41236045956611633
1008,141,1,True,0.7799999713897705,9,4,12,0.8919074535369873,0.9999839067459106,0.912360429763794,0.16578716039657593,0.41236045956611633
1009,141,1,True,0.7799999713897705,9,4,12,0.8919074535369873,0.9999839067459106,0.912360429763794,0.16578716039657593,0.41236045956611633
1010,141,1,True,0.7799999713897705,9,4,12,0.8919074535369873,0.9999839067459106,0.912360429763794,0.16578716039657593,0.41236045956611633
1011,141,1,True,0.7799999713897705,9,4,12,0.8919074535369873,0.9999839067459106,0.912360429763794,0.16578716039657593,0.41236045956611633
5841,141,1,True,0.7799999713897705,9,4,12,0.8919074535369873,0.9999839067459106,0.912360429763794,0.16578716039657593,0.41236045956611633
5842,141,1,True,0.7799999713897705,9,4,12,0.8919074535369873,0.9999839067459106,0.912360429763794,0.16578716039657593,0.41236045956611633
5843,141,1,True,0.7799999713897705,9,4,12,0.8919074535369873,0.9999839067459106,0.912360429763794,0.16578716039657593,0.41236045956611633
5844,141,1,True,0.7799999713897705,9,4,12,0.8919074535369873,0.9999839067459106,0.912360429763794,0.16578716039657593,0.41236045956611633
5845,141,1,True,0.7799999713897705,9,4,12,0.8919074535369873,0.9999839067459106,0.912360429763794,0.16578716039657593,0.41236045956611633
5846,141,1,True,0.7799999713897705,9,4,12,0.8919074535369873,0.9999839067459106,0.912360429763794,0.16578716039657593,0.41236045956611633
5847,141,1,True,0.7799999713897705,9,4,12,0.8919074535369873,0.9999839067459106,0.912360429763794,0.16578716039657593,0.41236045956611633
5848,141,1,True,0.7799999713897705,9,4,12,0.8919074535369873,0.9999839067459106,0.912360429763794,0.16578716039657593,0.41236045956611633
5849,141,1,True,0.7799999713897705,9,4,12,0.8919074535369873,0.9999839067459106,0.912360429763794,0.16578716039657593,0.41236045956611633
5850,141,1,True,0.7799999713897705,9,4,12,0.8919074535369873,0.9999839067459106,0.912360429763794,0.16578716039657593,0.41236045956611633
5851,141,1,True,0.7799999713897705,9,4,12,0.8919074535369873,0.9999839067459106,0.912360429763794,0.16578716039657593,0.41236045956611633
5852,141,1,True,0.7799999713897705,9,4,12,0.8919074535369873,0.9999839067459106,0.912360429763794,0.16578716039657593,0.41236045956611633
5854,141,1,True,0.7799999713897705,9,4,12,0.8919074535369873,0.9999839067459106,0.912360429763794,0.16578716039657593,0.41236045956611633
5855,141,1,True,0.7799999713897705,9,4,12,0.8919074535369873,0.9999839067459106,0.912360429763794,0.16578716039657593,0.41236045956611633
5857,141,1,True,0.7799999713897705,9,4,12,0.8919074535369873,0.9999839067459106,0.912360429763794,0.16578716039657593,0.41236045956611633
5858,141,1,True,0.7799999713897705,9,4,12,0.8919074535369873,0.9999839067459106,0.912360429763794,0.16578716039657593,0.41236045956611633
5862,141,1,True,0.7799999713897705,9,4,12,0.8919074535369873,0.9999839067459106,0.912360429763794,0.16578716039657593,0.41236045956611633
5863,141,1,True,0.7799999713897705,9,4,12,0.8919074535369873,0.9999839067459106,0.912360429763794,0.16578716039657593,0.41236045956611633
5864,141,1,True,0.7799999713897705,9,4,12,0.8919074535369873,0.9999839067459106,0.912360429763794,0.16578716039657593,0.41236045956611633
5865,141,1,True,0.7799999713897705,9,4,12,0.8919074535369873,0.9999839067459106,0.912360429763794,0.16578716039657593,0.41236045956611633
5866,141,1,True,0.7799999713897705,9,4,12,0.8919074535369873,0.9999839067459106,0.912360429763794,0.16578716039657593,0.41236045956611633
5867,141,1,True,0.7799999713897705,9,4,12,0.8919074535369873,0.9999839067459106,0.912360429763794,0.16578716039657593,0.41236045956611633
5870,141,1,True,0.7799999713897705,9,4,12,0.8919074535369873,0.9999839067459106,0.912360429763794,0.16578716039657593,0.41236045956611633
5871,141,1,True,0.7799999713897705,9,4,12,0.8919074535369873,0.9999839067459106,0.912360429763794,0.16578716039657593,0.41236045956611633
5875,141,1,True,0.7799999713897705,9,4,12,0.8919074535369873,0.9999839067459106,0.912360429763794,0.16578716039657593,0.41236045956611633
5876,141,1,True,0.7799999713897705,9,4,12,0.8919074535369873,0.9999839067459106,0.912360429763794,0.16578716039657593,0.41236045956611633
5878,141,1,True,0.7799999713897705,9,4,12,0.8919074535369873,0.9999839067459106,0.912360429763794,0.16578716039657593,0.41236045956611633
5879,141,1,True,0.7799999713897705,9,4,12,0.8919074535369873,0.9999839067459106,0.912360429763794,0.16578716039657593,0.41236045956611633
2168,247,1,True,0.7799999713897705,9,4,12,0.9995484948158264,0.9999996423721313,0.9986209869384766,0.4883729815483093,0.4986209273338318
2169,247,1,True,0.7799999713897705,9,4,12,0.9995484948158264,0.9999996423721313,0.9986209869384766,0.4883729815483093,0.4986209273338318
2172,247,1,True,0.7799999713897705,9,4,12,0.9995484948158264,0.9999996423721313,0.9986209869384766,0.4883729815483093,0.4986209273338318
2173,247,1,True,0.7799999713897705,9,4,12,0.9995484948158264,0.9999996423721313,0.9986209869384766,0.4883729815483093,0.4986209273338318
2174,247,1,True,0.7799999713897705,9,4,12,0.9995484948158264,0.9999996423721313,0.9986209869384766,0.4883729815483093,0.4986209273338318
2175,247,1,True,0.7799999713897705,9,4,12,0.9995484948158264,0.9999996423721313,0.9986209869384766,0.4883729815483093,0.4986209273338318
2176,247,1,True,0.7799999713897705,9,4,12,0.9995484948158264,0.9999996423721313,0.9986209869384766,0.4883729815483093,0.4986209273338318
2177,247,1,True,0.7799999713897705,9,4,12,0.9995484948158264,0.9999996423721313,0.9986209869384766,0.4883729815483093,0.4986209273338318
10080,247,1,True,0.7799999713897705,9,4,12,0.9995484948158264,0.9999996423721313,0.9986209869384766,0.4883729815483093,0.4986209273338318
10081,247,1,True,0.7799999713897705,9,4,12,0.9995484948158264,0.9999996423721313,0.9986209869384766,0.4883729815483093,0.4986209273338318
10083,247,1,True,0.7799999713897705,9,4,12,0.9995484948158264,0.9999996423721313,0.9986209869384766,0.4883729815483093,0.4986209273338318
10084,247,1,True,0.7799999713897705,9,4,12,0.9995484948158264,0.9999996423721313,0.9986209869384766,0.4883729815483093,0.4986209273338318
10085,247,1,True,0.7799999713897705,9,4,12,0.9995484948158264,0.9999996423721313,0.9986209869384766,0.4883729815483093,0.4986209273338318
10086,247,1,True,0.7799999713897705,9,4,12,0.9995484948158264,0.9999996423721313,0.9986209869384766,0.4883729815483093,0.4986209273338318
10087,247,1,True,0.7799999713897705,9,4,12,0.9995484948158264,0.9999996423721313,0.9986209869384766,0.4883729815483093,0.4986209273338318
10089,247,1,True,0.7799999713897705,9,4,12,0.9995484948158264,0.9999996423721313,0.9986209869384766,0.4883729815483093,0.4986209273338318
10090,247,1,True,0.7799999713897705,9,4,12,0.9995484948158264,0.9999996423721313,0.9986209869384766,0.4883729815483093,0.4986209273338318
10093,247,1,True,0.7799999713897705,9,4,12,0.9995484948158264,0.9999996423721313,0.9986209869384766,0.4883729815483093,0.4986209273338318
10094,247,1,True,0.7799999713897705,9,4,12,0.9995484948158264,0.9999996423721313,0.9986209869384766,0.4883729815483093,0.4986209273338318
10095,247,1,True,0.7799999713897705,9,4,12,0.9995484948158264,0.9999996423721313,0.9986209869384766,0.4883729815483093,0.4986209273338318
10096,247,1,True,0.7799999713897705,9,4,12,0.9995484948158264,0.9999996423721313,0.9986209869384766,0.4883729815483093,0.4986209273338318
10097,247,1,True,0.7799999713897705,9,4,12,0.9995484948158264,0.9999996423721313,0.9986209869384766,0.4883729815483093,0.4986209273338318
10098,247,1,True,0.7799999713897705,9,4,12,0.9995484948158264,0.9999996423721313,0.9986209869384766,0.4883729815483093,0.4986209273338318
10100,247,1,True,0.7799999713897705,9,4,12,0.9995484948158264,0.9999996423721313,0.9986209869384766,0.4883729815483093,0.4986209273338318
10101,247,1,True,0.7799999713897705,9,4,12,0.9995484948158264,0.9999996423721313,0.9986209869384766,0.4883729815483093,0.4986209273338318
10103,247,1,True,0.7799999713897705,9,4,12,0.9995484948158264,0.9999996423721313,0.9986209869384766,0.4883729815483093,0.4986209273338318
10104,247,1,True,0.7799999713897705,9,4,12,0.9995484948158264,0.9999996423721313,0.9986209869384766,0.4883729815483093,0.4986209273338318
10105,247,1,True,0.7799999713897705,9,4,12,0.9995484948158264,0.9999996423721313,0.9986209869384766,0.4883729815483093,0.4986209273338318
10107,247,1,True,0.7799999713897705,9,4,12,0.9995484948158264,0.9999996423721313,0.9986209869384766,0.4883729815483093,0.4986209273338318
10109,247,1,True,0.7799999713897705,9,4,12,0.9995484948158264,0.9999996423721313,0.9986209869384766,0.4883729815483093,0.4986209273338318
10113,247,1,True,0.7799999713897705,9,4,12,0.9995484948158264,0.9999996423721313,0.9986209869384766,0.4883729815483093,0.4986209273338318
10114,247,1,True,0.7799999713897705,9,4,12,0.9995484948158264,0.9999996423721313,0.9986209869384766,0.4883729815483093,0.4986209273338318
10115,247,1,True,0.7799999713897705,9,4,12,0.9995484948158264,0.9999996423721313,0.9986209869384766,0.4883729815483093,0.4986209273338318
10116,247,1,True,0.7799999713897705,9,4,12,0.9995484948158264,0.9999996423721313,0.9986209869384766,0.4883729815483093,0.4986209273338318
10117,247,1,True,0.7799999713897705,9,4,12,0.9995484948158264,0.9999996423721313,0.9986209869384766,0.4883729815483093,0.4986209273338318
10118,247,1,True,0.7799999713897705,9,4,12,0.9995484948158264,0.9999996423721313,0.9986209869384766,0.4883729815483093,0.4986209273338318
10119,247,1,True,0.7799999713897705,9,4,12,0.9995484948158264,0.9999996423721313,0.9986209869384766,0.4883729815483093,0.4986209273338318
8,50,1,True,0.7820000052452087,9,4,12,0.5527760982513428,0.9999998807907104,0.8009184002876282,0.01481395959854126,0.30091843008995056
9,50,1,True,0.7820000052452087,9,4,12,0.5527760982513428,0.9999998807907104,0.8009184002876282,0.01481395959854126,0.30091843008995056
10,50,1,True,0.7820000052452087,9,4,12,0.5527760982513428,0.9999998807907104,0.8009184002876282,0.01481395959854126,0.30091843008995056
2218,50,1,True,0.7820000052452087,9,4,12,0.5527760982513428,0.9999998807907104,0.8009184002876282,0.01481395959854126,0.30091843008995056
2219,50,1,True,0.7820000052452087,9,4,12,0.5527760982513428,0.9999998807907104,0.8009184002876282,0.01481395959854126,0.30091843008995056
2220,50,1,True,0.7820000052452087,9,4,12,0.5527760982513428,0.9999998807907104,0.8009184002876282,0.01481395959854126,0.30091843008995056
2221,50,1,True,0.7820000052452087,9,4,12,0.5527760982513428,0.9999998807907104,0.8009184002876282,0.01481395959854126,0.30091843008995056
2222,50,1,True,0.7820000052452087,9,4,12,0.5527760982513428,0.9999998807907104,0.8009184002876282,0.01481395959854126,0.30091843008995056
2223,50,1,True,0.7820000052452087,9,4,12,0.5527760982513428,0.9999998807907104,0.8009184002876282,0.01481395959854126,0.30091843008995056
2225,50,1,True,0.7820000052452087,9,4,12,0.5527760982513428,0.9999998807907104,0.8009184002876282,0.01481395959854126,0.30091843008995056
2226,50,1,True,0.7820000052452087,9,4,12,0.5527760982513428,0.9999998807907104,0.8009184002876282,0.01481395959854126,0.30091843008995056
2227,50,1,True,0.7820000052452087,9,4,12,0.5527760982513428,0.9999998807907104,0.8009184002876282,0.01481395959854126,0.30091843008995056
2228,50,1,True,0.7820000052452087,9,4,12,0.5527760982513428,0.9999998807907104,0.8009184002876282,0.01481395959854126,0.30091843008995056
2229,50,1,True,0.7820000052452087,9,4,12,0.5527760982513428,0.9999998807907104,0.8009184002876282,0.01481395959854126,0.30091843008995056
2230,50,1,True,0.7820000052452087,9,4,12,0.5527760982513428,0.9999998807907104,0.8009184002876282,0.01481395959854126,0.30091843008995056
2231,50,1,True,0.7820000052452087,9,4,12,0.5527760982513428,0.9999998807907104,0.8009184002876282,0.01481395959854126,0.30091843008995056
2232,50,1,True,0.7820000052452087,9,4,12,0.5527760982513428,0.9999998807907104,0.8009184002876282,0.01481395959854126,0.30091843008995056
2233,50,1,True,0.7820000052452087,9,4,12,0.5527760982513428,0.9999998807907104,0.8009184002876282,0.01481395959854126,0.30091843008995056
2235,50,1,True,0.7820000052452087,9,4,12,0.5527760982513428,0.9999998807907104,0.8009184002876282,0.01481395959854126,0.30091843008995056
2236,50,1,True,0.7820000052452087,9,4,12,0.5527760982513428,0.9999998807907104,0.8009184002876282,0.01481395959854126,0.30091843008995056
2237,50,1,True,0.7820000052452087,9,4,12,0.5527760982513428,0.9999998807907104,0.8009184002876282,0.01481395959854126,0.30091843008995056
2238,50,1,True,0.7820000052452087,9,4,12,0.5527760982513428,0.9999998807907104,0.8009184002876282,0.01481395959854126,0.30091843008995056
2239,50,1,True,0.7820000052452087,9,4,12,0.5527760982513428,0.9999998807907104,0.8009184002876282,0.01481395959854126,0.30091843008995056
990,140,1,True,0.7860000133514404,9,4,12,0.5527760982513428,1.0,0.8009898662567139,0.01481395959854126,0.3009898364543915
992,140,1,True,0.7860000133514404,9,4,12,0.5527760982513428,1.0,0.8009898662567139,0.01481395959854126,0.3009898364543915
993,140,1,True,0.7860000133514404,9,4,12,0.5527760982513428,1.0,0.8009898662567139,0.01481395959854126,0.3009898364543915
995,140,1,True,0.7860000133514404,9,4,12,0.5527760982513428,1.0,0.8009898662567139,0.01481395959854126,0.3009898364543915
997,140,1,True,0.7860000133514404,9,4,12,0.5527760982513428,1.0,0.8009898662567139,0.01481395959854126,0.3009898364543915
998,140,1,True,0.7860000133514404,9,4,12,0.5527760982513428,1.0,0.8009898662567139,0.01481395959854126,0.3009898364543915
1000,140,1,True,0.7860000133514404,9,4,12,0.5527760982513428,1.0,0.8009898662567139,0.01481395959854126,0.3009898364543915
5800,140,1,True,0.7860000133514404,9,4,12,0.5527760982513428,1.0,0.8009898662567139,0.01481395959854126,0.3009898364543915
5802,140,1,True,0.7860000133514404,9,4,12,0.5527760982513428,1.0,0.8009898662567139,0.01481395959854126,0.3009898364543915
5803,140,1,True,0.7860000133514404,9,4,12,0.5527760982513428,1.0,0.8009898662567139,0.01481395959854126,0.3009898364543915
5804,140,1,True,0.7860000133514404,9,4,12,0.5527760982513428,1.0,0.8009898662567139,0.01481395959854126,0.3009898364543915
5805,140,1,True,0.7860000133514404,9,4,12,0.5527760982513428,1.0,0.8009898662567139,0.01481395959854126,0.3009898364543915
5807,140,1,True,0.7860000133514404,9,4,12,0.5527760982513428,1.0,0.8009898662567139,0.01481395959854126,0.3009898364543915
5808,140,1,True,0.7860000133514404,9,4,12,0.5527760982513428,1.0,0.8009898662567139,0.01481395959854126,0.3009898364543915
5810,140,1,True,0.7860000133514404,9,4,12,0.5527760982513428,1.0,0.8009898662567139,0.01481395959854126,0.3009898364543915
5813,140,1,True,0.7860000133514404,9,4,12,0.5527760982513428,1.0,0.8009898662567139,0.01481395959854126,0.3009898364543915
5814,140,1,True,0.7860000133514404,9,4,12,0.5527760982513428,1.0,0.8009898662567139,0.01481395959854126,0.3009898364543915
5815,140,1,True,0.7860000133514404,9,4,12,0.5527760982513428,1.0,0.8009898662567139,0.01481395959854126,0.3009898364543915
5818,140,1,True,0.7860000133514404,9,4,12,0.5527760982513428,1.0,0.8009898662567139,0.01481395959854126,0.3009898364543915
5819,140,1,True,0.7860000133514404,9,4,12,0.5527760982513428,1.0,0.8009898662567139,0.01481395959854126,0.3009898364543915
5820,140,1,True,0.7860000133514404,9,4,12,0.5527760982513428,1.0,0.8009898662567139,0.01481395959854126,0.3009898364543915
5822,140,1,True,0.7860000133514404,9,4,12,0.5527760982513428,1.0,0.8009898662567139,0.01481395959854126,0.3009898364543915
5823,140,1,True,0.7860000133514404,9,4,12,0.5527760982513428,1.0,0.8009898662567139,0.01481395959854126,0.3009898364543915
5824,140,1,True,0.7860000133514404,9,4,12,0.5527760982513428,1.0,0.8009898662567139,0.01481395959854126,0.3009898364543915
5826,140,1,True,0.7860000133514404,9,4,12,0.5527760982513428,1.0,0.8009898662567139,0.01481395959854126,0.3009898364543915
5827,140,1,True,0.7860000133514404,9,4,12,0.5527760982513428,1.0,0.8009898662567139,0.01481395959854126,0.3009898364543915
5828,140,1,True,0.7860000133514404,9,4,12,0.5527760982513428,1.0,0.8009898662567139,0.01481395959854126,0.3009898364543915
5831,140,1,True,0.7860000133514404,9,4,12,0.5527760982513428,1.0,0.8009898662567139,0.01481395959854126,0.3009898364543915
5832,140,1,True,0.7860000133514404,9,4,12,0.5527760982513428,1.0,0.8009898662567139,0.01481395959854126,0.3009898364543915
5833,140,1,True,0.7860000133514404,9,4,12,0.5527760982513428,1.0,0.8009898662567139,0.01481395959854126,0.3009898364543915
5834,140,1,True,0.7860000133514404,9,4,12,0.5527760982513428,1.0,0.8009898662567139,0.01481395959854126,0.3009898364543915
5835,140,1,True,0.7860000133514404,9,4,12,0.5527760982513428,1.0,0.8009898662567139,0.01481395959854126,0.3009898364543915
5838,140,1,True,0.7860000133514404,9,4,12,0.5527760982513428,1.0,0.8009898662567139,0.01481395959854126,0.3009898364543915
5839,140,1,True,0.7860000133514404,9,4,12,0.5527760982513428,1.0,0.8009898662567139,0.01481395959854126,0.3009898364543915
78,57,1,True,0.7900000214576721,9,4,12,0.9995484948158264,0.9999990463256836,0.9999135136604309,0.4995484948158264,0.4999135434627533
79,57,1,True,0.7900000214576721,9,4,12,0.9995484948158264,0.9999990463256836,0.9999135136604309,0.4995484948158264,0.4999135434627533
80,57,1,True,0.7900000214576721,9,4,12,0.9995484948158264,0.9999990463256836,0.9999135136604309,0.4995484948158264,0.4999135434627533
81,57,1,True,0.7900000214576721,9,4,12,0.9995484948158264,0.9999990463256836,0.9999135136604309,0.4995484948158264,0.4999135434627533
82,57,1,True,0.7900000214576721,9,4,12,0.9995484948158264,0.9999990463256836,0.9999135136604309,0.4995484948158264,0.4999135434627533
84,57,1,True,0.7900000214576721,9,4,12,0.9995484948158264,0.9999990463256836,0.9999135136604309,0.4995484948158264,0.4999135434627533
85,57,1,True,0.7900000214576721,9,4,12,0.9995484948158264,0.9999990463256836,0.9999135136604309,0.4995484948158264,0.4999135434627533
86,57,1,True,0.7900000214576721,9,4,12,0.9995484948158264,0.9999990463256836,0.9999135136604309,0.4995484948158264,0.4999135434627533
87,57,1,True,0.7900000214576721,9,4,12,0.9995484948158264,0.9999990463256836,0.9999135136604309,0.4995484948158264,0.4999135434627533
2481,57,1,True,0.7900000214576721,9,4,12,0.9995484948158264,0.9999990463256836,0.9999135136604309,0.4995484948158264,0.4999135434627533
2484,57,1,True,0.7900000214576721,9,4,12,0.9995484948158264,0.9999990463256836,0.9999135136604309,0.4995484948158264,0.4999135434627533
2485,57,1,True,0.7900000214576721,9,4,12,0.9995484948158264,0.9999990463256836,0.9999135136604309,0.4995484948158264,0.4999135434627533
2486,57,1,True,0.7900000214576721,9,4,12,0.9995484948158264,0.9999990463256836,0.9999135136604309,0.4995484948158264,0.4999135434627533
2488,57,1,True,0.7900000214576721,9,4,12,0.9995484948158264,0.9999990463256836,0.9999135136604309,0.4995484948158264,0.4999135434627533
2490,57,1,True,0.7900000214576721,9,4,12,0.9995484948158264,0.9999990463256836,0.9999135136604309,0.4995484948158264,0.4999135434627533
2491,57,1,True,0.7900000214576721,9,4,12,0.9995484948158264,0.9999990463256836,0.9999135136604309,0.4995484948158264,0.4999135434627533
2492,57,1,True,0.7900000214576721,9,4,12,0.9995484948158264,0.9999990463256836,0.9999135136604309,0.4995484948158264,0.4999135434627533
2493,57,1,True,0.7900000214576721,9,4,12,0.9995484948158264,0.9999990463256836,0.9999135136604309,0.4995484948158264,0.4999135434627533
2494,57,1,True,0.7900000214576721,9,4,12,0.9995484948158264,0.9999990463256836,0.9999135136604309,0.4995484948158264,0.4999135434627533
2495,57,1,True,0.7900000214576721,9,4,12,0.9995484948158264,0.9999990463256836,0.9999135136604309,0.4995484948158264,0.4999135434627533
2497,57,1,True,0.7900000214576721,9,4,12,0.9995484948158264,0.9999990463256836,0.9999135136604309,0.4995484948158264,0.4999135434627533
2498,57,1,True,0.7900000214576721,9,4,12,0.9995484948158264,0.9999990463256836,0.9999135136604309,0.4995484948158264,0.4999135434627533
2499,57,1,True,0.7900000214576721,9,4,12,0.9995484948158264,0.9999990463256836,0.9999135136604309,0.4995484948158264,0.4999135434627533
2500,57,1,True,0.7900000214576721,9,4,12,0.9995484948158264,0.9999990463256836,0.9999135136604309,0.4995484948158264,0.4999135434627533
2502,57,1,True,0.7900000214576721,9,4,12,0.9995484948158264,0.9999990463256836,0.9999135136604309,0.4995484948158264,0.4999135434627533
2505,57,1,True,0.7900000214576721,9,4,12,0.9995484948158264,0.9999990463256836,0.9999135136604309,0.4995484948158264,0.4999135434627533
2506,57,1,True,0.7900000214576721,9,4,12,0.9995484948158264,0.9999990463256836,0.9999135136604309,0.4995484948158264,0.4999135434627533
2508,57,1,True,0.7900000214576721,9,4,12,0.9995484948158264,0.9999990463256836,0.9999135136604309,0.4995484948158264,0.4999135434627533
2510,57,1,True,0.7900000214576721,9,4,12,0.9995484948158264,0.9999990463256836,0.9999135136604309,0.4995484948158264,0.4999135434627533
2512,57,1,True,0.7900000214576721,9,4,12,0.9995484948158264,0.9999990463256836,0.9999135136604309,0.4995484948158264,0.4999135434627533
2513,57,1,True,0.7900000214576721,9,4,12,0.9995484948158264,0.9999990463256836,0.9999135136604309,0.4995484948158264,0.4999135434627533
2514,57,1,True,0.7900000214576721,9,4,12,0.9995484948158264,0.9999990463256836,0.9999135136604309,0.4995484948158264,0.4999135434627533
2517,57,1,True,0.7900000214576721,9,4,12,0.9995484948158264,0.9999990463256836,0.9999135136604309,0.4995484948158264,0.4999135434627533
2519,57,1,True,0.7900000214576721,9,4,12,0.9995484948158264,0.9999990463256836,0.9999135136604309,0.4995484948158264,0.4999135434627533
1859,219,1,True,0.7900000214576721,9,4,12,0.9528517723083496,0.9999998807907104,0.9947483539581299,0.4528517723083496,0.49474838376045227
1861,219,1,True,0.7900000214576721,9,4,12,0.9528517723083496,0.9999998807907104,0.9947483539581299,0.4528517723083496,0.49474838376045227
1862,219,1,True,0.7900000214576721,9,4,12,0.9528517723083496,0.9999998807907104,0.9947483539581299,0.4528517723083496,0.49474838376045227
1863,219,1,True,0.7900000214576721,9,4,12,0.9528517723083496,0.9999998807907104,0.9947483539581299,0.4528517723083496,0.49474838376045227
1864,219,1,True,0.7900000214576721,9,4,12,0.9528517723083496,0.9999998807907104,0.9947483539581299,0.4528517723083496,0.49474838376045227
1865,219,1,True,0.7900000214576721,9,4,12,0.9528517723083496,0.9999998807907104,0.9947483539581299,0.4528517723083496,0.49474838376045227
1867,219,1,True,0.7900000214576721,9,4,12,0.9528517723083496,0.9999998807907104,0.9947483539581299,0.4528517723083496,0.49474838376045227
1869,219,1,True,0.7900000214576721,9,4,12,0.9528517723083496,0.9999998807907104,0.9947483539581299,0.4528517723083496,0.49474838376045227
8961,219,1,True,0.7900000214576721,9,4,12,0.9528517723083496,0.9999998807907104,0.9947483539581299,0.4528517723083496,0.49474838376045227
8962,219,1,True,0.7900000214576721,9,4,12,0.9528517723083496,0.9999998807907104,0.9947483539581299,0.4528517723083496,0.49474838376045227
8963,219,1,True,0.7900000214576721,9,4,12,0.9528517723083496,0.9999998807907104,0.9947483539581299,0.4528517723083496,0.49474838376045227
8964,219,1,True,0.7900000214576721,9,4,12,0.9528517723083496,0.9999998807907104,0.9947483539581299,0.4528517723083496,0.49474838376045227
8966,219,1,True,0.7900000214576721,9,4,12,0.9528517723083496,0.9999998807907104,0.9947483539581299,0.4528517723083496,0.49474838376045227
8968,219,1,True,0.7900000214576721,9,4,12,0.9528517723083496,0.9999998807907104,0.9947483539581299,0.4528517723083496,0.49474838376045227
8969,219,1,True,0.7900000214576721,9,4,12,0.9528517723083496,0.9999998807907104,0.9947483539581299,0.4528517723083496,0.49474838376045227
8971,219,1,True,0.7900000214576721,9,4,12,0.9528517723083496,0.9999998807907104,0.9947483539581299,0.4528517723083496,0.49474838376045227
8972,219,1,True,0.7900000214576721,9,4,12,0.9528517723083496,0.9999998807907104,0.9947483539581299,0.4528517723083496,0.49474838376045227
8973,219,1,True,0.7900000214576721,9,4,12,0.9528517723083496,0.9999998807907104,0.9947483539581299,0.4528517723083496,0.49474838376045227
8974,219,1,True,0.7900000214576721,9,4,12,0.9528517723083496,0.9999998807907104,0.9947483539581299,0.4528517723083496,0.49474838376045227
8975,219,1,True,0.7900000214576721,9,4,12,0.9528517723083496,0.9999998807907104,0.9947483539581299,0.4528517723083496,0.49474838376045227
8977,219,1,True,0.7900000214576721,9,4,12,0.9528517723083496,0.9999998807907104,0.9947483539581299,0.4528517723083496,0.49474838376045227
8978,219,1,True,0.7900000214576721,9,4,12,0.9528517723083496,0.9999998807907104,0.9947483539581299,0.4528517723083496,0.49474838376045227
8979,219,1,True,0.7900000214576721,9,4,12,0.9528517723083496,0.9999998807907104,0.9947483539581299,0.4528517723083496,0.49474838376045227
8980,219,1,True,0.7900000214576721,9,4,12,0.9528517723083496,0.9999998807907104,0.9947483539581299,0.4528517723083496,0.49474838376045227
8981,219,1,True,0.7900000214576721,9,4,12,0.9528517723083496,0.9999998807907104,0.9947483539581299,0.4528517723083496,0.49474838376045227
8982,219,1,True,0.7900000214576721,9,4,12,0.9528517723083496,0.9999998807907104,0.9947483539581299,0.4528517723083496,0.49474838376045227
8983,219,1,True,0.7900000214576721,9,4,12,0.9528517723083496,0.9999998807907104,0.9947483539581299,0.4528517723083496,0.49474838376045227
8984,219,1,True,0.7900000214576721,9,4,12,0.9528517723083496,0.9999998807907104,0.9947483539581299,0.4528517723083496,0.49474838376045227
8985,219,1,True,0.7900000214576721,9,4,12,0.9528517723083496,0.9999998807907104,0.9947483539581299,0.4528517723083496,0.49474838376045227
8988,219,1,True,0.7900000214576721,9,4,12,0.9528517723083496,0.9999998807907104,0.9947483539581299,0.4528517723083496,0.49474838376045227
8989,219,1,True,0.7900000214576721,9,4,12,0.9528517723083496,0.9999998807907104,0.9947483539581299,0.4528517723083496,0.49474838376045227
8991,219,1,True,0.7900000214576721,9,4,12,0.9528517723083496,0.9999998807907104,0.9947483539581299,0.4528517723083496,0.49474838376045227
8992,219,1,True,0.7900000214576721,9,4,12,0.9528517723083496,0.9999998807907104,0.9947483539581299,0.4528517723083496,0.49474838376045227
8993,219,1,True,0.7900000214576721,9,4,12,0.9528517723083496,0.9999998807907104,0.9947483539581299,0.4528517723083496,0.49474838376045227
8994,219,1,True,0.7900000214576721,9,4,12,0.9528517723083496,0.9999998807907104,0.9947483539581299,0.4528517723083496,0.49474838376045227
8995,219,1,True,0.7900000214576721,9,4,12,0.9528517723083496,0.9999998807907104,0.9947483539581299,0.4528517723083496,0.49474838376045227
8996,219,1,True,0.7900000214576721,9,4,12,0.9528517723083496,0.9999998807907104,0.9947483539581299,0.4528517723083496,0.49474838376045227
8997,219,1,True,0.7900000214576721,9,4,12,0.9528517723083496,0.9999998807907104,0.9947483539581299,0.4528517723083496,0.49474838376045227
8998,219,1,True,0.7900000214576721,9,4,12,0.9528517723083496,0.9999998807907104,0.9947483539581299,0.4528517723083496,0.49474838376045227
418,88,1,True,0.7919999957084656,9,4,12,0.8919074535369873,1.0,0.9871973395347595,0.3919074535369873,0.4871973991394043
419,88,1,True,0.7919999957084656,9,4,12,0.8919074535369873,1.0,0.9871973395347595,0.3919074535369873,0.4871973991394043
420,88,1,True,0.7919999957084656,9,4,12,0.8919074535369873,1.0,0.9871973395347595,0.3919074535369873,0.4871973991394043
421,88,1,True,0.7919999957084656,9,4,12,0.8919074535369873,1.0,0.9871973395347595,0.3919074535369873,0.4871973991394043
422,88,1,True,0.7919999957084656,9,4,12,0.8919074535369873,1.0,0.9871973395347595,0.3919074535369873,0.4871973991394043
424,88,1,True,0.7919999957084656,9,4,12,0.8919074535369873,1.0,0.9871973395347595,0.3919074535369873,0.4871973991394043
426,88,1,True,0.7919999957084656,9,4,12,0.8919074535369873,1.0,0.9871973395347595,0.3919074535369873,0.4871973991394043
427,88,1,True,0.7919999957084656,9,4,12,0.8919074535369873,1.0,0.9871973395347595,0.3919074535369873,0.4871973991394043
428,88,1,True,0.7919999957084656,9,4,12,0.8919074535369873,1.0,0.9871973395347595,0.3919074535369873,0.4871973991394043
3721,88,1,True,0.7919999957084656,9,4,12,0.8919074535369873,1.0,0.9871973395347595,0.3919074535369873,0.4871973991394043
3722,88,1,True,0.7919999957084656,9,4,12,0.8919074535369873,1.0,0.9871973395347595,0.3919074535369873,0.4871973991394043
3723,88,1,True,0.7919999957084656,9,4,12,0.8919074535369873,1.0,0.9871973395347595,0.3919074535369873,0.4871973991394043
3725,88,1,True,0.7919999957084656,9,4,12,0.8919074535369873,1.0,0.9871973395347595,0.3919074535369873,0.4871973991394043
3727,88,1,True,0.7919999957084656,9,4,12,0.8919074535369873,1.0,0.9871973395347595,0.3919074535369873,0.4871973991394043
3729,88,1,True,0.7919999957084656,9,4,12,0.8919074535369873,1.0,0.9871973395347595,0.3919074535369873,0.4871973991394043
3730,88,1,True,0.7919999957084656,9,4,12,0.8919074535369873,1.0,0.9871973395347595,0.3919074535369873,0.4871973991394043
3731,88,1,True,0.7919999957084656,9,4,12,0.8919074535369873,1.0,0.9871973395347595,0.3919074535369873,0.4871973991394043
3732,88,1,True,0.7919999957084656,9,4,12,0.8919074535369873,1.0,0.9871973395347595,0.3919074535369873,0.4871973991394043
3733,88,1,True,0.7919999957084656,9,4,12,0.8919074535369873,1.0,0.9871973395347595,0.3919074535369873,0.4871973991394043
3734,88,1,True,0.7919999957084656,9,4,12,0.8919074535369873,1.0,0.9871973395347595,0.3919074535369873,0.4871973991394043
3735,88,1,True,0.7919999957084656,9,4,12,0.8919074535369873,1.0,0.9871973395347595,0.3919074535369873,0.4871973991394043
3736,88,1,True,0.7919999957084656,9,4,12,0.8919074535369873,1.0,0.9871973395347595,0.3919074535369873,0.4871973991394043
3737,88,1,True,0.7919999957084656,9,4,12,0.8919074535369873,1.0,0.9871973395347595,0.3919074535369873,0.4871973991394043
3738,88,1,True,0.7919999957084656,9,4,12,0.8919074535369873,1.0,0.9871973395347595,0.3919074535369873,0.4871973991394043
3740,88,1,True,0.7919999957084656,9,4,12,0.8919074535369873,1.0,0.9871973395347595,0.3919074535369873,0.4871973991394043
3741,88,1,True,0.7919999957084656,9,4,12,0.8919074535369873,1.0,0.9871973395347595,0.3919074535369873,0.4871973991394043
3742,88,1,True,0.7919999957084656,9,4,12,0.8919074535369873,1.0,0.9871973395347595,0.3919074535369873,0.4871973991394043
3743,88,1,True,0.7919999957084656,9,4,12,0.8919074535369873,1.0,0.9871973395347595,0.3919074535369873,0.4871973991394043
3744,88,1,True,0.7919999957084656,9,4,12,0.8919074535369873,1.0,0.9871973395347595,0.3919074535369873,0.4871973991394043
3746,88,1,True,0.7919999957084656,9,4,12,0.8919074535369873,1.0,0.9871973395347595,0.3919074535369873,0.4871973991394043
3747,88,1,True,0.7919999957084656,9,4,12,0.8919074535369873,1.0,0.9871973395347595,0.3919074535369873,0.4871973991394043
3749,88,1,True,0.7919999957084656,9,4,12,0.8919074535369873,1.0,0.9871973395347595,0.3919074535369873,0.4871973991394043
3751,88,1,True,0.7919999957084656,9,4,12,0.8919074535369873,1.0,0.9871973395347595,0.3919074535369873,0.4871973991394043
3752,88,1,True,0.7919999957084656,9,4,12,0.8919074535369873,1.0,0.9871973395347595,0.3919074535369873,0.4871973991394043
3755,88,1,True,0.7919999957084656,9,4,12,0.8919074535369873,1.0,0.9871973395347595,0.3919074535369873,0.4871973991394043
3756,88,1,True,0.7919999957084656,9,4,12,0.8919074535369873,1.0,0.9871973395347595,0.3919074535369873,0.4871973991394043
3759,88,1,True,0.7919999957084656,9,4,12,0.8919074535369873,1.0,0.9871973395347595,0.3919074535369873,0.4871973991394043
868,128,1,True,0.7919999957084656,9,4,12,0.5527760982513428,0.9999295473098755,0.8707791566848755,0.05277609825134277,0.3707791864871979
5355,128,1,True,0.7919999957084656,9,4,12,0.5527760982513428,0.9999295473098755,0.8707791566848755,0.05277609825134277,0.3707791864871979
5356,128,1,True,0.7919999957084656,9,4,12,0.5527760982513428,0.9999295473098755,0.8707791566848755,0.05277609825134277,0.3707791864871979
5357,128,1,True,0.7919999957084656,9,4,12,0.5527760982513428,0.9999295473098755,0.8707791566848755,0.05277609825134277,0.3707791864871979
5358,128,1,True,0.7919999957084656,9,4,12,0.5527760982513428,0.9999295473098755,0.8707791566848755,0.05277609825134277,0.3707791864871979
5359,128,1,True,0.7919999957084656,9,4,12,0.5527760982513428,0.9999295473098755,0.8707791566848755,0.05277609825134277,0.3707791864871979
1773,211,1,True,0.7919999957084656,9,4,12,0.9995484948158264,0.9999963045120239,0.9997351765632629,0.4986521601676941,0.49973514676094055
1775,211,1,True,0.7919999957084656,9,4,12,0.9995484948158264,0.9999963045120239,0.9997351765632629,0.4986521601676941,0.49973514676094055
1776,211,1,True,0.7919999957084656,9,4,12,0.9995484948158264,0.9999963045120239,0.9997351765632629,0.4986521601676941,0.49973514676094055
1777,211,1,True,0.7919999957084656,9,4,12,0.9995484948158264,0.9999963045120239,0.9997351765632629,0.4986521601676941,0.49973514676094055
1779,211,1,True,0.7919999957084656,9,4,12,0.9995484948158264,0.9999963045120239,0.9997351765632629,0.4986521601676941,0.49973514676094055
1781,211,1,True,0.7919999957084656,9,4,12,0.9995484948158264,0.9999963045120239,0.9997351765632629,0.4986521601676941,0.49973514676094055
8643,211,1,True,0.7919999957084656,9,4,12,0.9995484948158264,0.9999963045120239,0.9997351765632629,0.4986521601676941,0.49973514676094055
8644,211,1,True,0.7919999957084656,9,4,12,0.9995484948158264,0.9999963045120239,0.9997351765632629,0.4986521601676941,0.49973514676094055
8645,211,1,True,0.7919999957084656,9,4,12,0.9995484948158264,0.9999963045120239,0.9997351765632629,0.4986521601676941,0.49973514676094055
8648,211,1,True,0.7919999957084656,9,4,12,0.9995484948158264,0.9999963045120239,0.9997351765632629,0.4986521601676941,0.49973514676094055
8650,211,1,True,0.7919999957084656,9,4,12,0.9995484948158264,0.9999963045120239,0.9997351765632629,0.4986521601676941,0.49973514676094055
8653,211,1,True,0.7919999957084656,9,4,12,0.9995484948158264,0.9999963045120239,0.9997351765632629,0.4986521601676941,0.49973514676094055
8654,211,1,True,0.7919999957084656,9,4,12,0.9995484948158264,0.9999963045120239,0.9997351765632629,0.4986521601676941,0.49973514676094055
8656,211,1,True,0.7919999957084656,9,4,12,0.9995484948158264,0.9999963045120239,0.9997351765632629,0.4986521601676941,0.49973514676094055
8658,211,1,True,0.7919999957084656,9,4,12,0.9995484948158264,0.9999963045120239,0.9997351765632629,0.4986521601676941,0.49973514676094055
8659,211,1,True,0.7919999957084656,9,4,12,0.9995484948158264,0.9999963045120239,0.9997351765632629,0.4986521601676941,0.49973514676094055
8660,211,1,True,0.7919999957084656,9,4,12,0.9995484948158264,0.9999963045120239,0.9997351765632629,0.4986521601676941,0.49973514676094055
8662,211,1,True,0.7919999957084656,9,4,12,0.9995484948158264,0.9999963045120239,0.9997351765632629,0.4986521601676941,0.49973514676094055
8663,211,1,True,0.7919999957084656,9,4,12,0.9995484948158264,0.9999963045120239,0.9997351765632629,0.4986521601676941,0.49973514676094055
8664,211,1,True,0.7919999957084656,9,4,12,0.9995484948158264,0.9999963045120239,0.9997351765632629,0.4986521601676941,0.49973514676094055
8667,211,1,True,0.7919999957084656,9,4,12,0.9995484948158264,0.9999963045120239,0.9997351765632629,0.4986521601676941,0.49973514676094055
8668,211,1,True,0.7919999957084656,9,4,12,0.9995484948158264,0.9999963045120239,0.9997351765632629,0.4986521601676941,0.49973514676094055
8670,211,1,True,0.7919999957084656,9,4,12,0.9995484948158264,0.9999963045120239,0.9997351765632629,0.4986521601676941,0.49973514676094055
8672,211,1,True,0.7919999957084656,9,4,12,0.9995484948158264,0.9999963045120239,0.9997351765632629,0.4986521601676941,0.49973514676094055
8674,211,1,True,0.7919999957084656,9,4,12,0.9995484948158264,0.9999963045120239,0.9997351765632629,0.4986521601676941,0.49973514676094055
8675,211,1,True,0.7919999957084656,9,4,12,0.9995484948158264,0.9999963045120239,0.9997351765632629,0.4986521601676941,0.49973514676094055
8676,211,1,True,0.7919999957084656,9,4,12,0.9995484948158264,0.9999963045120239,0.9997351765632629,0.4986521601676941,0.49973514676094055
8677,211,1,True,0.7919999957084656,9,4,12,0.9995484948158264,0.9999963045120239,0.9997351765632629,0.4986521601676941,0.49973514676094055
8678,211,1,True,0.7919999957084656,9,4,12,0.9995484948158264,0.9999963045120239,0.9997351765632629,0.4986521601676941,0.49973514676094055
8679,211,1,True,0.7919999957084656,9,4,12,0.9995484948158264,0.9999963045120239,0.9997351765632629,0.4986521601676941,0.49973514676094055
2084,239,1,True,0.7940000295639038,9,4,12,0.9528517723083496,0.9893497228622437,0.8735547065734863,0.09215754270553589,0.39403417706489563
2086,239,1,True,0.7940000295639038,9,4,12,0.9528517723083496,0.9893497228622437,0.8735547065734863,0.09215754270553589,0.39403417706489563
2088,239,1,True,0.7940000295639038,9,4,12,0.9528517723083496,0.9893497228622437,0.8735547065734863,0.09215754270553589,0.39403417706489563
9761,239,1,True,0.7940000295639038,9,4,12,0.9528517723083496,0.9893497228622437,0.8735547065734863,0.09215754270553589,0.39403417706489563
9762,239,1,True,0.7940000295639038,9,4,12,0.9528517723083496,0.9893497228622437,0.8735547065734863,0.09215754270553589,0.39403417706489563
9765,239,1,True,0.7940000295639038,9,4,12,0.9528517723083496,0.9893497228622437,0.8735547065734863,0.09215754270553589,0.39403417706489563
9766,239,1,True,0.7940000295639038,9,4,12,0.9528517723083496,0.9893497228622437,0.8735547065734863,0.09215754270553589,0.39403417706489563
9767,239,1,True,0.7940000295639038,9,4,12,0.9528517723083496,0.9893497228622437,0.8735547065734863,0.09215754270553589,0.39403417706489563
9768,239,1,True,0.7940000295639038,9,4,12,0.9528517723083496,0.9893497228622437,0.8735547065734863,0.09215754270553589,0.39403417706489563
9769,239,1,True,0.7940000295639038,9,4,12,0.9528517723083496,0.9893497228622437,0.8735547065734863,0.09215754270553589,0.39403417706489563
9770,239,1,True,0.7940000295639038,9,4,12,0.9528517723083496,0.9893497228622437,0.8735547065734863,0.09215754270553589,0.39403417706489563
9771,239,1,True,0.7940000295639038,9,4,12,0.9528517723083496,0.9893497228622437,0.8735547065734863,0.09215754270553589,0.39403417706489563
9772,239,1,True,0.7940000295639038,9,4,12,0.9528517723083496,0.9893497228622437,0.8735547065734863,0.09215754270553589,0.39403417706489563
9773,239,1,True,0.7940000295639038,9,4,12,0.9528517723083496,0.9893497228622437,0.8735547065734863,0.09215754270553589,0.39403417706489563
9774,239,1,True,0.7940000295639038,9,4,12,0.9528517723083496,0.9893497228622437,0.8735547065734863,0.09215754270553589,0.39403417706489563
9775,239,1,True,0.7940000295639038,9,4,12,0.9528517723083496,0.9893497228622437,0.8735547065734863,0.09215754270553589,0.39403417706489563
9777,239,1,True,0.7940000295639038,9,4,12,0.9528517723083496,0.9893497228622437,0.8735547065734863,0.09215754270553589,0.39403417706489563
9778,239,1,True,0.7940000295639038,9,4,12,0.9528517723083496,0.9893497228622437,0.8735547065734863,0.09215754270553589,0.39403417706489563
9780,239,1,True,0.7940000295639038,9,4,12,0.9528517723083496,0.9893497228622437,0.8735547065734863,0.09215754270553589,0.39403417706489563
9783,239,1,True,0.7940000295639038,9,4,12,0.9528517723083496,0.9893497228622437,0.8735547065734863,0.09215754270553589,0.39403417706489563
9784,239,1,True,0.7940000295639038,9,4,12,0.9528517723083496,0.9893497228622437,0.8735547065734863,0.09215754270553589,0.39403417706489563
9786,239,1,True,0.7940000295639038,9,4,12,0.9528517723083496,0.9893497228622437,0.8735547065734863,0.09215754270553589,0.39403417706489563
9790,239,1,True,0.7940000295639038,9,4,12,0.9528517723083496,0.9893497228622437,0.8735547065734863,0.09215754270553589,0.39403417706489563
9794,239,1,True,0.7940000295639038,9,4,12,0.9528517723083496,0.9893497228622437,0.8735547065734863,0.09215754270553589,0.39403417706489563
9795,239,1,True,0.7940000295639038,9,4,12,0.9528517723083496,0.9893497228622437,0.8735547065734863,0.09215754270553589,0.39403417706489563
9797,239,1,True,0.7940000295639038,9,4,12,0.9528517723083496,0.9893497228622437,0.8735547065734863,0.09215754270553589,0.39403417706489563
9798,239,1,True,0.7940000295639038,9,4,12,0.9528517723083496,0.9893497228622437,0.8735547065734863,0.09215754270553589,0.39403417706489563
9799,239,1,True,0.7940000295639038,9,4,12,0.9528517723083496,0.9893497228622437,0.8735547065734863,0.09215754270553589,0.39403417706489563
891,131,1,True,0.8019999861717224,9,4,12,0.8919074535369873,0.9999994039535522,0.9872162342071533,0.3919074535369873,0.4872162640094757
895,131,1,True,0.8019999861717224,9,4,12,0.8919074535369873,0.9999994039535522,0.9872162342071533,0.3919074535369873,0.4872162640094757
897,131,1,True,0.8019999861717224,9,4,12,0.8919074535369873,0.9999994039535522,0.9872162342071533,0.3919074535369873,0.4872162640094757
899,131,1,True,0.8019999861717224,9,4,12,0.8919074535369873,0.9999994039535522,0.9872162342071533,0.3919074535369873,0.4872162640094757
900,131,1,True,0.8019999861717224,9,4,12,0.8919074535369873,0.9999994039535522,0.9872162342071533,0.3919074535369873,0.4872162640094757
5440,131,1,True,0.8019999861717224,9,4,12,0.8919074535369873,0.9999994039535522,0.9872162342071533,0.3919074535369873,0.4872162640094757
5441,131,1,True,0.8019999861717224,9,4,12,0.8919074535369873,0.9999994039535522,0.9872162342071533,0.3919074535369873,0.4872162640094757
5443,131,1,True,0.8019999861717224,9,4,12,0.8919074535369873,0.9999994039535522,0.9872162342071533,0.3919074535369873,0.4872162640094757
5444,131,1,True,0.8019999861717224,9,4,12,0.8919074535369873,0.9999994039535522,0.9872162342071533,0.3919074535369873,0.4872162640094757
5445,131,1,True,0.8019999861717224,9,4,12,0.8919074535369873,0.9999994039535522,0.9872162342071533,0.3919074535369873,0.4872162640094757
5446,131,1,True,0.8019999861717224,9,4,12,0.8919074535369873,0.9999994039535522,0.9872162342071533,0.3919074535369873,0.4872162640094757
5448,131,1,True,0.8019999861717224,9,4,12,0.8919074535369873,0.9999994039535522,0.9872162342071533,0.3919074535369873,0.4872162640094757
5449,131,1,True,0.8019999861717224,9,4,12,0.8919074535369873,0.9999994039535522,0.9872162342071533,0.3919074535369873,0.4872162640094757
5452,131,1,True,0.8019999861717224,9,4,12,0.8919074535369873,0.9999994039535522,0.9872162342071533,0.3919074535369873,0.4872162640094757
5453,131,1,True,0.8019999861717224,9,4,12,0.8919074535369873,0.9999994039535522,0.9872162342071533,0.3919074535369873,0.4872162640094757
5454,131,1,True,0.8019999861717224,9,4,12,0.8919074535369873,0.9999994039535522,0.9872162342071533,0.3919074535369873,0.4872162640094757
5455,131,1,True,0.8019999861717224,9,4,12,0.8919074535369873,0.9999994039535522,0.9872162342071533,0.3919074535369873,0.4872162640094757
5456,131,1,True,0.8019999861717224,9,4,12,0.8919074535369873,0.9999994039535522,0.9872162342071533,0.3919074535369873,0.4872162640094757
5457,131,1,True,0.8019999861717224,9,4,12,0.8919074535369873,0.9999994039535522,0.9872162342071533,0.3919074535369873,0.4872162640094757
5459,131,1,True,0.8019999861717224,9,4,12,0.8919074535369873,0.9999994039535522,0.9872162342071533,0.3919074535369873,0.4872162640094757
5460,131,1,True,0.8019999861717224,9,4,12,0.8919074535369873,0.9999994039535522,0.9872162342071533,0.3919074535369873,0.4872162640094757
5462,131,1,True,0.8019999861717224,9,4,12,0.8919074535369873,0.9999994039535522,0.9872162342071533,0.3919074535369873,0.4872162640094757
5463,131,1,True,0.8019999861717224,9,4,12,0.8919074535369873,0.9999994039535522,0.9872162342071533,0.3919074535369873,0.4872162640094757
5464,131,1,True,0.8019999861717224,9,4,12,0.8919074535369873,0.9999994039535522,0.9872162342071533,0.3919074535369873,0.4872162640094757
5467,131,1,True,0.8019999861717224,9,4,12,0.8919074535369873,0.9999994039535522,0.9872162342071533,0.3919074535369873,0.4872162640094757
5468,131,1,True,0.8019999861717224,9,4,12,0.8919074535369873,0.9999994039535522,0.9872162342071533,0.3919074535369873,0.4872162640094757
5470,131,1,True,0.8019999861717224,9,4,12,0.8919074535369873,0.9999994039535522,0.9872162342071533,0.3919074535369873,0.4872162640094757
5471,131,1,True,0.8019999861717224,9,4,12,0.8919074535369873,0.9999994039535522,0.9872162342071533,0.3919074535369873,0.4872162640094757
5472,131,1,True,0.8019999861717224,9,4,12,0.8919074535369873,0.9999994039535522,0.9872162342071533,0.3919074535369873,0.4872162640094757
5475,131,1,True,0.8019999861717224,9,4,12,0.8919074535369873,0.9999994039535522,0.9872162342071533,0.3919074535369873,0.4872162640094757
5476,131,1,True,0.8019999861717224,9,4,12,0.8919074535369873,0.9999994039535522,0.9872162342071533,0.3919074535369873,0.4872162640094757
5477,131,1,True,0.8019999861717224,9,4,12,0.8919074535369873,0.9999994039535522,0.9872162342071533,0.3919074535369873,0.4872162640094757
5478,131,1,True,0.8019999861717224,9,4,12,0.8919074535369873,0.9999994039535522,0.9872162342071533,0.3919074535369873,0.4872162640094757
5479,131,1,True,0.8019999861717224,9,4,12,0.8919074535369873,0.9999994039535522,0.9872162342071533,0.3919074535369873,0.4872162640094757
1771,211,1,True,0.8059999942779541,9,4,12,0.9995484948158264,0.9999963045120239,0.9997351765632629,0.4986521601676941,0.49973514676094055
8640,211,1,True,0.8059999942779541,9,4,12,0.9995484948158264,0.9999963045120239,0.9997351765632629,0.4986521601676941,0.49973514676094055
8641,211,1,True,0.8059999942779541,9,4,12,0.9995484948158264,0.9999963045120239,0.9997351765632629,0.4986521601676941,0.49973514676094055
8642,211,1,True,0.8059999942779541,9,4,12,0.9995484948158264,0.9999963045120239,0.9997351765632629,0.4986521601676941,0.49973514676094055
5354,128,1,True,0.8100000023841858,9,4,12,0.5527760982513428,0.9999295473098755,0.8707791566848755,0.05277609825134277,0.3707791864871979
198,68,1,True,0.8140000104904175,9,4,12,0.9528517723083496,0.9979013204574585,0.979560136795044,0.4528517723083496,0.47956016659736633
199,68,1,True,0.8140000104904175,9,4,12,0.9528517723083496,0.9979013204574585,0.979560136795044,0.4528517723083496,0.47956016659736633
203,68,1,True,0.8140000104904175,9,4,12,0.9528517723083496,0.9979013204574585,0.979560136795044,0.4528517723083496,0.47956016659736633
204,68,1,True,0.8140000104904175,9,4,12,0.9528517723083496,0.9979013204574585,0.979560136795044,0.4528517723083496,0.47956016659736633
205,68,1,True,0.8140000104904175,9,4,12,0.9528517723083496,0.9979013204574585,0.979560136795044,0.4528517723083496,0.47956016659736633
2920,68,1,True,0.8140000104904175,9,4,12,0.9528517723083496,0.9979013204574585,0.979560136795044,0.4528517723083496,0.47956016659736633
2921,68,1,True,0.8140000104904175,9,4,12,0.9528517723083496,0.9979013204574585,0.979560136795044,0.4528517723083496,0.47956016659736633
2922,68,1,True,0.8140000104904175,9,4,12,0.9528517723083496,0.9979013204574585,0.979560136795044,0.4528517723083496,0.47956016659736633
2925,68,1,True,0.8140000104904175,9,4,12,0.9528517723083496,0.9979013204574585,0.979560136795044,0.4528517723083496,0.47956016659736633
2926,68,1,True,0.8140000104904175,9,4,12,0.9528517723083496,0.9979013204574585,0.979560136795044,0.4528517723083496,0.47956016659736633
2927,68,1,True,0.8140000104904175,9,4,12,0.9528517723083496,0.9979013204574585,0.979560136795044,0.4528517723083496,0.47956016659736633
2928,68,1,True,0.8140000104904175,9,4,12,0.9528517723083496,0.9979013204574585,0.979560136795044,0.4528517723083496,0.47956016659736633
2929,68,1,True,0.8140000104904175,9,4,12,0.9528517723083496,0.9979013204574585,0.979560136795044,0.4528517723083496,0.47956016659736633
2930,68,1,True,0.8140000104904175,9,4,12,0.9528517723083496,0.9979013204574585,0.979560136795044,0.4528517723083496,0.47956016659736633
2933,68,1,True,0.8140000104904175,9,4,12,0.9528517723083496,0.9979013204574585,0.979560136795044,0.4528517723083496,0.47956016659736633
2934,68,1,True,0.8140000104904175,9,4,12,0.9528517723083496,0.9979013204574585,0.979560136795044,0.4528517723083496,0.47956016659736633
2935,68,1,True,0.8140000104904175,9,4,12,0.9528517723083496,0.9979013204574585,0.979560136795044,0.4528517723083496,0.47956016659736633
2937,68,1,True,0.8140000104904175,9,4,12,0.9528517723083496,0.9979013204574585,0.979560136795044,0.4528517723083496,0.47956016659736633
2939,68,1,True,0.8140000104904175,9,4,12,0.9528517723083496,0.9979013204574585,0.979560136795044,0.4528517723083496,0.47956016659736633
2942,68,1,True,0.8140000104904175,9,4,12,0.9528517723083496,0.9979013204574585,0.979560136795044,0.4528517723083496,0.47956016659736633
2944,68,1,True,0.8140000104904175,9,4,12,0.9528517723083496,0.9979013204574585,0.979560136795044,0.4528517723083496,0.47956016659736633
2946,68,1,True,0.8140000104904175,9,4,12,0.9528517723083496,0.9979013204574585,0.979560136795044,0.4528517723083496,0.47956016659736633
2948,68,1,True,0.8140000104904175,9,4,12,0.9528517723083496,0.9979013204574585,0.979560136795044,0.4528517723083496,0.47956016659736633
2949,68,1,True,0.8140000104904175,9,4,12,0.9528517723083496,0.9979013204574585,0.979560136795044,0.4528517723083496,0.47956016659736633
2950,68,1,True,0.8140000104904175,9,4,12,0.9528517723083496,0.9979013204574585,0.979560136795044,0.4528517723083496,0.47956016659736633
2951,68,1,True,0.8140000104904175,9,4,12,0.9528517723083496,0.9979013204574585,0.979560136795044,0.4528517723083496,0.47956016659736633
207,68,1,True,0.8240000009536743,9,4,12,0.9528517723083496,0.9979013204574585,0.979560136795044,0.4528517723083496,0.47956016659736633
208,68,1,True,0.8240000009536743,9,4,12,0.9528517723083496,0.9979013204574585,0.979560136795044,0.4528517723083496,0.47956016659736633
2952,68,1,True,0.8240000009536743,9,4,12,0.9528517723083496,0.9979013204574585,0.979560136795044,0.4528517723083496,0.47956016659736633
2953,68,1,True,0.8240000009536743,9,4,12,0.9528517723083496,0.9979013204574585,0.979560136795044,0.4528517723083496,0.47956016659736633
2955,68,1,True,0.8240000009536743,9,4,12,0.9528517723083496,0.9979013204574585,0.979560136795044,0.4528517723083496,0.47956016659736633
2956,68,1,True,0.8240000009536743,9,4,12,0.9528517723083496,0.9979013204574585,0.979560136795044,0.4528517723083496,0.47956016659736633
2957,68,1,True,0.8240000009536743,9,4,12,0.9528517723083496,0.9979013204574585,0.979560136795044,0.4528517723083496,0.47956016659736633
2958,68,1,True,0.8240000009536743,9,4,12,0.9528517723083496,0.9979013204574585,0.979560136795044,0.4528517723083496,0.47956016659736633
1672,202,1,True,0.8240000009536743,9,4,12,0.5527760982513428,0.9771514534950256,0.9395154118537903,0.05277609825134277,0.4395153522491455
1673,202,1,True,0.8240000009536743,9,4,12,0.5527760982513428,0.9771514534950256,0.9395154118537903,0.05277609825134277,0.4395153522491455
1676,202,1,True,0.8240000009536743,9,4,12,0.5527760982513428,0.9771514534950256,0.9395154118537903,0.05277609825134277,0.4395153522491455
1677,202,1,True,0.8240000009536743,9,4,12,0.5527760982513428,0.9771514534950256,0.9395154118537903,0.05277609825134277,0.4395153522491455
1678,202,1,True,0.8240000009536743,9,4,12,0.5527760982513428,0.9771514534950256,0.9395154118537903,0.05277609825134277,0.4395153522491455
1679,202,1,True,0.8240000009536743,9,4,12,0.5527760982513428,0.9771514534950256,0.9395154118537903,0.05277609825134277,0.4395153522491455
1680,202,1,True,0.8240000009536743,9,4,12,0.5527760982513428,0.9771514534950256,0.9395154118537903,0.05277609825134277,0.4395153522491455
1681,202,1,True,0.8240000009536743,9,4,12,0.5527760982513428,0.9771514534950256,0.9395154118537903,0.05277609825134277,0.4395153522491455
1682,202,1,True,0.8240000009536743,9,4,12,0.5527760982513428,0.9771514534950256,0.9395154118537903,0.05277609825134277,0.4395153522491455
8280,202,1,True,0.8240000009536743,9,4,12,0.5527760982513428,0.9771514534950256,0.9395154118537903,0.05277609825134277,0.4395153522491455
8281,202,1,True,0.8240000009536743,9,4,12,0.5527760982513428,0.9771514534950256,0.9395154118537903,0.05277609825134277,0.4395153522491455
8282,202,1,True,0.8240000009536743,9,4,12,0.5527760982513428,0.9771514534950256,0.9395154118537903,0.05277609825134277,0.4395153522491455
8284,202,1,True,0.8240000009536743,9,4,12,0.5527760982513428,0.9771514534950256,0.9395154118537903,0.05277609825134277,0.4395153522491455
8286,202,1,True,0.8240000009536743,9,4,12,0.5527760982513428,0.9771514534950256,0.9395154118537903,0.05277609825134277,0.4395153522491455
8287,202,1,True,0.8240000009536743,9,4,12,0.5527760982513428,0.9771514534950256,0.9395154118537903,0.05277609825134277,0.4395153522491455
8291,202,1,True,0.8240000009536743,9,4,12,0.5527760982513428,0.9771514534950256,0.9395154118537903,0.05277609825134277,0.4395153522491455
8293,202,1,True,0.8240000009536743,9,4,12,0.5527760982513428,0.9771514534950256,0.9395154118537903,0.05277609825134277,0.4395153522491455
8294,202,1,True,0.8240000009536743,9,4,12,0.5527760982513428,0.9771514534950256,0.9395154118537903,0.05277609825134277,0.4395153522491455
8295,202,1,True,0.8240000009536743,9,4,12,0.5527760982513428,0.9771514534950256,0.9395154118537903,0.05277609825134277,0.4395153522491455
8296,202,1,True,0.8240000009536743,9,4,12,0.5527760982513428,0.9771514534950256,0.9395154118537903,0.05277609825134277,0.4395153522491455
8297,202,1,True,0.8240000009536743,9,4,12,0.5527760982513428,0.9771514534950256,0.9395154118537903,0.05277609825134277,0.4395153522491455
8298,202,1,True,0.8240000009536743,9,4,12,0.5527760982513428,0.9771514534950256,0.9395154118537903,0.05277609825134277,0.4395153522491455
8299,202,1,True,0.8240000009536743,9,4,12,0.5527760982513428,0.9771514534950256,0.9395154118537903,0.05277609825134277,0.4395153522491455
8301,202,1,True,0.8240000009536743,9,4,12,0.5527760982513428,0.9771514534950256,0.9395154118537903,0.05277609825134277,0.4395153522491455
8302,202,1,True,0.8240000009536743,9,4,12,0.5527760982513428,0.9771514534950256,0.9395154118537903,0.05277609825134277,0.4395153522491455
8303,202,1,True,0.8240000009536743,9,4,12,0.5527760982513428,0.9771514534950256,0.9395154118537903,0.05277609825134277,0.4395153522491455
8304,202,1,True,0.8240000009536743,9,4,12,0.5527760982513428,0.9771514534950256,0.9395154118537903,0.05277609825134277,0.4395153522491455
8305,202,1,True,0.8240000009536743,9,4,12,0.5527760982513428,0.9771514534950256,0.9395154118537903,0.05277609825134277,0.4395153522491455
8306,202,1,True,0.8240000009536743,9,4,12,0.5527760982513428,0.9771514534950256,0.9395154118537903,0.05277609825134277,0.4395153522491455
8307,202,1,True,0.8240000009536743,9,4,12,0.5527760982513428,0.9771514534950256,0.9395154118537903,0.05277609825134277,0.4395153522491455
8308,202,1,True,0.8240000009536743,9,4,12,0.5527760982513428,0.9771514534950256,0.9395154118537903,0.05277609825134277,0.4395153522491455
8309,202,1,True,0.8240000009536743,9,4,12,0.5527760982513428,0.9771514534950256,0.9395154118537903,0.05277609825134277,0.4395153522491455
8310,202,1,True,0.8240000009536743,9,4,12,0.5527760982513428,0.9771514534950256,0.9395154118537903,0.05277609825134277,0.4395153522491455
8311,202,1,True,0.8240000009536743,9,4,12,0.5527760982513428,0.9771514534950256,0.9395154118537903,0.05277609825134277,0.4395153522491455
8312,202,1,True,0.8240000009536743,9,4,12,0.5527760982513428,0.9771514534950256,0.9395154118537903,0.05277609825134277,0.4395153522491455
8313,202,1,True,0.8240000009536743,9,4,12,0.5527760982513428,0.9771514534950256,0.9395154118537903,0.05277609825134277,0.4395153522491455
8314,202,1,True,0.8240000009536743,9,4,12,0.5527760982513428,0.9771514534950256,0.9395154118537903,0.05277609825134277,0.4395153522491455
8316,202,1,True,0.8240000009536743,9,4,12,0.5527760982513428,0.9771514534950256,0.9395154118537903,0.05277609825134277,0.4395153522491455
8317,202,1,True,0.8240000009536743,9,4,12,0.5527760982513428,0.9771514534950256,0.9395154118537903,0.05277609825134277,0.4395153522491455
8318,202,1,True,0.8240000009536743,9,4,12,0.5527760982513428,0.9771514534950256,0.9395154118537903,0.05277609825134277,0.4395153522491455
1157,155,1,True,0.828000009059906,9,4,12,0.5527760982513428,0.9889197945594788,0.7715511918067932,0.05277609825134277,0.2715512216091156
6400,155,1,True,0.828000009059906,9,4,12,0.5527760982513428,0.9889197945594788,0.7715511918067932,0.05277609825134277,0.2715512216091156
6401,155,1,True,0.828000009059906,9,4,12,0.5527760982513428,0.9889197945594788,0.7715511918067932,0.05277609825134277,0.2715512216091156
6402,155,1,True,0.828000009059906,9,4,12,0.5527760982513428,0.9889197945594788,0.7715511918067932,0.05277609825134277,0.2715512216091156
6404,155,1,True,0.828000009059906,9,4,12,0.5527760982513428,0.9889197945594788,0.7715511918067932,0.05277609825134277,0.2715512216091156
6406,155,1,True,0.828000009059906,9,4,12,0.5527760982513428,0.9889197945594788,0.7715511918067932,0.05277609825134277,0.2715512216091156
6407,155,1,True,0.828000009059906,9,4,12,0.5527760982513428,0.9889197945594788,0.7715511918067932,0.05277609825134277,0.2715512216091156
6408,155,1,True,0.828000009059906,9,4,12,0.5527760982513428,0.9889197945594788,0.7715511918067932,0.05277609825134277,0.2715512216091156
1159,155,1,True,0.8299999833106995,9,4,12,0.5527760982513428,0.9889197945594788,0.7715511918067932,0.05277609825134277,0.2715512216091156
1161,155,1,True,0.8299999833106995,9,4,12,0.5527760982513428,0.9889197945594788,0.7715511918067932,0.05277609825134277,0.2715512216091156
1162,155,1,True,0.8299999833106995,9,4,12,0.5527760982513428,0.9889197945594788,0.7715511918067932,0.05277609825134277,0.2715512216091156
1163,155,1,True,0.8299999833106995,9,4,12,0.5527760982513428,0.9889197945594788,0.7715511918067932,0.05277609825134277,0.2715512216091156
1164,155,1,True,0.8299999833106995,9,4,12,0.5527760982513428,0.9889197945594788,0.7715511918067932,0.05277609825134277,0.2715512216091156
1165,155,1,True,0.8299999833106995,9,4,12,0.5527760982513428,0.9889197945594788,0.7715511918067932,0.05277609825134277,0.2715512216091156
6410,155,1,True,0.8299999833106995,9,4,12,0.5527760982513428,0.9889197945594788,0.7715511918067932,0.05277609825134277,0.2715512216091156
6411,155,1,True,0.8299999833106995,9,4,12,0.5527760982513428,0.9889197945594788,0.7715511918067932,0.05277609825134277,0.2715512216091156
6413,155,1,True,0.8299999833106995,9,4,12,0.5527760982513428,0.9889197945594788,0.7715511918067932,0.05277609825134277,0.2715512216091156
6414,155,1,True,0.8299999833106995,9,4,12,0.5527760982513428,0.9889197945594788,0.7715511918067932,0.05277609825134277,0.2715512216091156
6415,155,1,True,0.8299999833106995,9,4,12,0.5527760982513428,0.9889197945594788,0.7715511918067932,0.05277609825134277,0.2715512216091156
6416,155,1,True,0.8299999833106995,9,4,12,0.5527760982513428,0.9889197945594788,0.7715511918067932,0.05277609825134277,0.2715512216091156
6417,155,1,True,0.8299999833106995,9,4,12,0.5527760982513428,0.9889197945594788,0.7715511918067932,0.05277609825134277,0.2715512216091156
6418,155,1,True,0.8299999833106995,9,4,12,0.5527760982513428,0.9889197945594788,0.7715511918067932,0.05277609825134277,0.2715512216091156
6419,155,1,True,0.8299999833106995,9,4,12,0.5527760982513428,0.9889197945594788,0.7715511918067932,0.05277609825134277,0.2715512216091156
6420,155,1,True,0.8299999833106995,9,4,12,0.5527760982513428,0.9889197945594788,0.7715511918067932,0.05277609825134277,0.2715512216091156
6422,155,1,True,0.8299999833106995,9,4,12,0.5527760982513428,0.9889197945594788,0.7715511918067932,0.05277609825134277,0.2715512216091156
6424,155,1,True,0.8299999833106995,9,4,12,0.5527760982513428,0.9889197945594788,0.7715511918067932,0.05277609825134277,0.2715512216091156
6425,155,1,True,0.8299999833106995,9,4,12,0.5527760982513428,0.9889197945594788,0.7715511918067932,0.05277609825134277,0.2715512216091156
6426,155,1,True,0.8299999833106995,9,4,12,0.5527760982513428,0.9889197945594788,0.7715511918067932,0.05277609825134277,0.2715512216091156
6427,155,1,True,0.8299999833106995,9,4,12,0.5527760982513428,0.9889197945594788,0.7715511918067932,0.05277609825134277,0.2715512216091156
6428,155,1,True,0.8299999833106995,9,4,12,0.5527760982513428,0.9889197945594788,0.7715511918067932,0.05277609825134277,0.2715512216091156
6429,155,1,True,0.8299999833106995,9,4,12,0.5527760982513428,0.9889197945594788,0.7715511918067932,0.05277609825134277,0.2715512216091156
6430,155,1,True,0.8299999833106995,9,4,12,0.5527760982513428,0.9889197945594788,0.7715511918067932,0.05277609825134277,0.2715512216091156
6432,155,1,True,0.8299999833106995,9,4,12,0.5527760982513428,0.9889197945594788,0.7715511918067932,0.05277609825134277,0.2715512216091156
6434,155,1,True,0.8299999833106995,9,4,12,0.5527760982513428,0.9889197945594788,0.7715511918067932,0.05277609825134277,0.2715512216091156
6435,155,1,True,0.8299999833106995,9,4,12,0.5527760982513428,0.9889197945594788,0.7715511918067932,0.05277609825134277,0.2715512216091156
6436,155,1,True,0.8299999833106995,9,4,12,0.5527760982513428,0.9889197945594788,0.7715511918067932,0.05277609825134277,0.2715512216091156
6437,155,1,True,0.8299999833106995,9,4,12,0.5527760982513428,0.9889197945594788,0.7715511918067932,0.05277609825134277,0.2715512216091156
6439,155,1,True,0.8299999833106995,9,4,12,0.5527760982513428,0.9889197945594788,0.7715511918067932,0.05277609825134277,0.2715512216091156
